Feeder,Parquet_Folder,Parquet_File,REAL_LOAD_COUNT
uhs0_1247--udt12274,parquet_commercial_202512_comm_MT,184108-2.parquet,1
uhs0_1247--udt12274,parquet_commercial_202512_comm_MT,184116-2.parquet,1
uhs0_1247--udt12274,parquet_commercial_202512_comm_MT,184124-2.parquet,1
uhs0_1247--udt12274,parquet_commercial_202512_comm_MT,184131-2.parquet,4
uhs0_1247--udt12274,parquet_commercial_202512_comm_MT,184147-9.parquet,1
uhs0_1247--udt12274,parquet_commercial_202512_comm_MT,184157-2.parquet,1
uhs0_1247--udt12274,parquet_commercial_202512_comm_MT,184182-2.parquet,1
uhs0_1247--udt12274,parquet_commercial_202512_comm_MT,184207-2.parquet,2
uhs0_1247--udt12274,parquet_commercial_202512_comm_MT,184220-2.parquet,4
uhs0_1247--udt12274,parquet_commercial_202512_comm_MT,184288-2.parquet,1
uhs0_1247--udt12274,parquet_commercial_202512_comm_MT,184315-2.parquet,1
uhs0_1247--udt12274,parquet_commercial_202512_comm_MT,184349-2.parquet,1
uhs0_1247--udt12274,parquet_commercial_202512_comm_MT,184377-2.parquet,1
uhs0_1247--udt12274,parquet_commercial_202512_comm_MT,184394-9.parquet,1
uhs0_1247--udt12274,parquet_commercial_202512_comm_MT,184401-9.parquet,2
uhs0_1247--udt12274,parquet_commercial_202512_comm_MT,184433-2.parquet,1
uhs0_1247--udt12274,parquet_commercial_202512_comm_MT,184492-2.parquet,1
uhs0_1247--udt12274,parquet_commercial_202512_comm_MT,184518-2.parquet,2
uhs0_1247--udt12274,parquet_commercial_202512_comm_MT,184522-2.parquet,2
uhs0_1247--udt12274,parquet_commercial_202512_comm_MT,184529-2.parquet,1
uhs0_1247--udt12274,parquet_commercial_202512_comm_MT,184530-2.parquet,1
uhs0_1247--udt12274,parquet_commercial_202512_comm_MT,184615-9.parquet,1
uhs0_1247--udt12274,parquet_commercial_202512_comm_MT,184617-2.parquet,1
uhs0_1247--udt12274,parquet_commercial_202512_comm_MT,184700-9.parquet,6
uhs0_1247--udt12274,parquet_commercial_202512_comm_MT,184706-2.parquet,3
uhs0_1247--udt12274,parquet_commercial_202512_comm_MT,184717-9.parquet,2
uhs0_1247--udt12274,parquet_commercial_202512_comm_MT,184776-2.parquet,3
uhs0_1247--udt12274,parquet_commercial_202512_comm_MT,184858-9.parquet,1
uhs0_1247--udt12274,parquet_commercial_202512_comm_MT,184863-2.parquet,1
uhs0_1247--udt12274,parquet_commercial_202512_comm_MT,184884-9.parquet,1
uhs0_1247--udt12274,parquet_commercial_202512_comm_MT,184941-2.parquet,1
uhs0_1247--udt12274,parquet_commercial_202512_comm_MT,184968-2.parquet,2
uhs0_1247--udt12274,parquet_commercial_202512_comm_MT,185003-9.parquet,1
uhs0_1247--udt12274,parquet_commercial_202512_comm_MT,185019-9.parquet,1
uhs0_1247--udt12274,parquet_commercial_202512_comm_MT,185028-2.parquet,1
uhs0_1247--udt12274,parquet_residential_short_202512_res_MT,102182-4.parquet,1
uhs0_1247--udt12274,parquet_residential_short_202512_res_MT,102854-4.parquet,64
uhs0_1247--udt12274,parquet_residential_short_202512_res_MT,106657-4.parquet,65
uhs0_1247--udt12274,parquet_residential_short_202512_res_MT,118797-4.parquet,3
uhs0_1247--udt12274,parquet_residential_short_202512_res_MT,119073-4.parquet,15
uhs0_1247--udt12274,parquet_residential_short_202512_res_MT,121985-4.parquet,1
uhs0_1247--udt12274,parquet_residential_short_202512_res_MT,131145-4.parquet,4
uhs0_1247--udt12274,parquet_residential_short_202512_res_MT,136309-4.parquet,29
uhs0_1247--udt12274,parquet_residential_short_202512_res_MT,138494-4.parquet,3
uhs0_1247--udt12274,parquet_residential_short_202512_res_MT,140071-4.parquet,3
uhs0_1247--udt12274,parquet_residential_short_202512_res_MT,142544-4.parquet,9
uhs0_1247--udt12274,parquet_residential_short_202512_res_MT,14281-4.parquet,2
uhs0_1247--udt12274,parquet_residential_short_202512_res_MT,147301-4.parquet,1
uhs0_1247--udt12274,parquet_residential_short_202512_res_MT,153454-4.parquet,4
uhs0_1247--udt12274,parquet_residential_short_202512_res_MT,154106-4.parquet,3
uhs0_1247--udt12274,parquet_residential_short_202512_res_MT,159135-4.parquet,1
uhs0_1247--udt12274,parquet_residential_short_202512_res_MT,162253-4.parquet,292
uhs0_1247--udt12274,parquet_residential_short_202512_res_MT,16610-4.parquet,1
uhs0_1247--udt12274,parquet_residential_short_202512_res_MT,170488-4.parquet,4
uhs0_1247--udt12274,parquet_residential_short_202512_res_MT,172290-4.parquet,1
uhs0_1247--udt12274,parquet_residential_short_202512_res_MT,180039-4.parquet,9
uhs0_1247--udt12274,parquet_residential_short_202512_res_MT,182480-4.parquet,1
uhs0_1247--udt12274,parquet_residential_short_202512_res_MT,183427-4.parquet,1
uhs0_1247--udt12274,parquet_residential_short_202512_res_MT,185745-4.parquet,112
uhs0_1247--udt12274,parquet_residential_short_202512_res_MT,203702-4.parquet,9
uhs0_1247--udt12274,parquet_residential_short_202512_res_MT,209507-4.parquet,10
uhs0_1247--udt12274,parquet_residential_short_202512_res_MT,210194-4.parquet,5
uhs0_1247--udt12274,parquet_residential_short_202512_res_MT,217886-4.parquet,1
uhs0_1247--udt12274,parquet_residential_short_202512_res_MT,234488-4.parquet,1
uhs0_1247--udt12274,parquet_residential_short_202512_res_MT,239542-4.parquet,2
uhs0_1247--udt12274,parquet_residential_short_202512_res_MT,254420-4.parquet,1
uhs0_1247--udt12274,parquet_residential_short_202512_res_MT,255145-4.parquet,4
uhs0_1247--udt12274,parquet_residential_short_202512_res_MT,256192-4.parquet,2
uhs0_1247--udt12274,parquet_residential_short_202512_res_MT,269841-4.parquet,1
uhs0_1247--udt12274,parquet_residential_short_202512_res_MT,271955-4.parquet,5
uhs0_1247--udt12274,parquet_residential_short_202512_res_MT,276587-4.parquet,19
uhs0_1247--udt12274,parquet_residential_short_202512_res_MT,277210-4.parquet,5
uhs0_1247--udt12274,parquet_residential_short_202512_res_MT,278604-4.parquet,57
uhs0_1247--udt12274,parquet_residential_short_202512_res_MT,27882-4.parquet,3
uhs0_1247--udt12274,parquet_residential_short_202512_res_MT,305252-4.parquet,11
uhs0_1247--udt12274,parquet_residential_short_202512_res_MT,311002-4.parquet,4
uhs0_1247--udt12274,parquet_residential_short_202512_res_MT,314691-4.parquet,5
uhs0_1247--udt12274,parquet_residential_short_202512_res_MT,316244-4.parquet,3
uhs0_1247--udt12274,parquet_residential_short_202512_res_MT,321643-4.parquet,2
uhs0_1247--udt12274,parquet_residential_short_202512_res_MT,338150-4.parquet,1
uhs0_1247--udt12274,parquet_residential_short_202512_res_MT,341617-4.parquet,2
uhs0_1247--udt12274,parquet_residential_short_202512_res_MT,343012-4.parquet,1
uhs0_1247--udt12274,parquet_residential_short_202512_res_MT,343215-4.parquet,1
uhs0_1247--udt12274,parquet_residential_short_202512_res_MT,343688-4.parquet,1
uhs0_1247--udt12274,parquet_residential_short_202512_res_MT,345764-4.parquet,3
uhs0_1247--udt12274,parquet_residential_short_202512_res_MT,358611-4.parquet,2
uhs0_1247--udt12274,parquet_residential_short_202512_res_MT,370023-4.parquet,7
uhs0_1247--udt12274,parquet_residential_short_202512_res_MT,371830-4.parquet,3
uhs0_1247--udt12274,parquet_residential_short_202512_res_MT,401600-4.parquet,135
uhs0_1247--udt12274,parquet_residential_short_202512_res_MT,405081-4.parquet,3
uhs0_1247--udt12274,parquet_residential_short_202512_res_MT,406640-4.parquet,17
uhs0_1247--udt12274,parquet_residential_short_202512_res_MT,410527-4.parquet,3
uhs0_1247--udt12274,parquet_residential_short_202512_res_MT,411750-4.parquet,1
uhs0_1247--udt12274,parquet_residential_short_202512_res_MT,418448-4.parquet,8
uhs0_1247--udt12274,parquet_residential_short_202512_res_MT,42104-4.parquet,1
uhs0_1247--udt12274,parquet_residential_short_202512_res_MT,42376-4.parquet,9
uhs0_1247--udt12274,parquet_residential_short_202512_res_MT,424723-4.parquet,2
uhs0_1247--udt12274,parquet_residential_short_202512_res_MT,427948-4.parquet,63
uhs0_1247--udt12274,parquet_residential_short_202512_res_MT,43358-4.parquet,2
uhs0_1247--udt12274,parquet_residential_short_202512_res_MT,437679-4.parquet,1
uhs0_1247--udt12274,parquet_residential_short_202512_res_MT,438998-4.parquet,1
uhs0_1247--udt12274,parquet_residential_short_202512_res_MT,458883-4.parquet,1
uhs0_1247--udt12274,parquet_residential_short_202512_res_MT,466189-4.parquet,24
uhs0_1247--udt12274,parquet_residential_short_202512_res_MT,471837-4.parquet,1
uhs0_1247--udt12274,parquet_residential_short_202512_res_MT,475383-4.parquet,2
uhs0_1247--udt12274,parquet_residential_short_202512_res_MT,476793-4.parquet,10
uhs0_1247--udt12274,parquet_residential_short_202512_res_MT,481916-4.parquet,18
uhs0_1247--udt12274,parquet_residential_short_202512_res_MT,484947-4.parquet,1
uhs0_1247--udt12274,parquet_residential_short_202512_res_MT,486032-4.parquet,2
uhs0_1247--udt12274,parquet_residential_short_202512_res_MT,486410-4.parquet,4
uhs0_1247--udt12274,parquet_residential_short_202512_res_MT,486622-4.parquet,1
uhs0_1247--udt12274,parquet_residential_short_202512_res_MT,490684-4.parquet,3
uhs0_1247--udt12274,parquet_residential_short_202512_res_MT,492040-4.parquet,3
uhs0_1247--udt12274,parquet_residential_short_202512_res_MT,493524-4.parquet,8
uhs0_1247--udt12274,parquet_residential_short_202512_res_MT,494052-4.parquet,1
uhs0_1247--udt12274,parquet_residential_short_202512_res_MT,500793-4.parquet,7
uhs0_1247--udt12274,parquet_residential_short_202512_res_MT,508034-4.parquet,3
uhs0_1247--udt12274,parquet_residential_short_202512_res_MT,513358-4.parquet,3
uhs0_1247--udt12274,parquet_residential_short_202512_res_MT,527227-4.parquet,5
uhs0_1247--udt12274,parquet_residential_short_202512_res_MT,529425-4.parquet,36
uhs0_1247--udt12274,parquet_residential_short_202512_res_MT,535363-4.parquet,16
uhs0_1247--udt12274,parquet_residential_short_202512_res_MT,537910-4.parquet,1
uhs0_1247--udt12274,parquet_residential_short_202512_res_MT,543184-4.parquet,11
uhs0_1247--udt12274,parquet_residential_short_202512_res_MT,548907-4.parquet,1
uhs0_1247--udt12274,parquet_residential_short_202512_res_MT,57049-4.parquet,2
uhs0_1247--udt12274,parquet_residential_short_202512_res_MT,57772-4.parquet,3
uhs0_1247--udt12274,parquet_residential_short_202512_res_MT,63328-4.parquet,3
uhs0_1247--udt12274,parquet_residential_short_202512_res_MT,64056-4.parquet,7
uhs0_1247--udt12274,parquet_residential_short_202512_res_MT,66138-4.parquet,3
uhs0_1247--udt12274,parquet_residential_short_202512_res_MT,81904-4.parquet,1
uhs0_1247--udt12274,parquet_residential_short_202512_res_MT,86159-4.parquet,3
uhs0_1247--udt12274,parquet_residential_short_202512_res_MT,87233-4.parquet,1
uhs0_1247--udt12274,parquet_residential_short_202512_res_MT,88623-4.parquet,1
uhs0_1247--udt12274,parquet_residential_short_202512_res_MT,90560-4.parquet,4
uhs0_1247--udt12274,parquet_residential_short_202512_res_MT,9342-4.parquet,1
uhs0_1247--udt12274,parquet_residential_short_202512_res_MT,93871-4.parquet,1
uhs0_1247--udt12274,parquet_residential_short_202512_res_MT,94199-4.parquet,1
uhs0_1247--udt12274,parquet_residential_short_202512_res_MT,97519-4.parquet,7
uhs0_1247--udt14717,parquet_commercial_202512_comm_MT,184105-9.parquet,1
uhs0_1247--udt14717,parquet_commercial_202512_comm_MT,184116-2.parquet,7
uhs0_1247--udt14717,parquet_commercial_202512_comm_MT,184128-2.parquet,1
uhs0_1247--udt14717,parquet_commercial_202512_comm_MT,184131-2.parquet,4
uhs0_1247--udt14717,parquet_commercial_202512_comm_MT,184147-9.parquet,4
uhs0_1247--udt14717,parquet_commercial_202512_comm_MT,184151-2.parquet,1
uhs0_1247--udt14717,parquet_commercial_202512_comm_MT,184154-2.parquet,4
uhs0_1247--udt14717,parquet_commercial_202512_comm_MT,184179-9.parquet,1
uhs0_1247--udt14717,parquet_commercial_202512_comm_MT,184182-2.parquet,1
uhs0_1247--udt14717,parquet_commercial_202512_comm_MT,184183-2.parquet,1
uhs0_1247--udt14717,parquet_commercial_202512_comm_MT,184202-2.parquet,1
uhs0_1247--udt14717,parquet_commercial_202512_comm_MT,184207-2.parquet,1
uhs0_1247--udt14717,parquet_commercial_202512_comm_MT,184217-2.parquet,1
uhs0_1247--udt14717,parquet_commercial_202512_comm_MT,184220-2.parquet,5
uhs0_1247--udt14717,parquet_commercial_202512_comm_MT,184223-2.parquet,5
uhs0_1247--udt14717,parquet_commercial_202512_comm_MT,184241-9.parquet,1
uhs0_1247--udt14717,parquet_commercial_202512_comm_MT,184246-9.parquet,1
uhs0_1247--udt14717,parquet_commercial_202512_comm_MT,184266-9.parquet,1
uhs0_1247--udt14717,parquet_commercial_202512_comm_MT,184285-2.parquet,1
uhs0_1247--udt14717,parquet_commercial_202512_comm_MT,184287-9.parquet,4
uhs0_1247--udt14717,parquet_commercial_202512_comm_MT,184288-2.parquet,3
uhs0_1247--udt14717,parquet_commercial_202512_comm_MT,184297-9.parquet,1
uhs0_1247--udt14717,parquet_commercial_202512_comm_MT,184313-2.parquet,10
uhs0_1247--udt14717,parquet_commercial_202512_comm_MT,184315-2.parquet,3
uhs0_1247--udt14717,parquet_commercial_202512_comm_MT,184370-2.parquet,1
uhs0_1247--udt14717,parquet_commercial_202512_comm_MT,184374-2.parquet,2
uhs0_1247--udt14717,parquet_commercial_202512_comm_MT,184382-9.parquet,1
uhs0_1247--udt14717,parquet_commercial_202512_comm_MT,184394-9.parquet,2
uhs0_1247--udt14717,parquet_commercial_202512_comm_MT,184401-9.parquet,3
uhs0_1247--udt14717,parquet_commercial_202512_comm_MT,184433-2.parquet,1
uhs0_1247--udt14717,parquet_commercial_202512_comm_MT,184436-2.parquet,1
uhs0_1247--udt14717,parquet_commercial_202512_comm_MT,184444-2.parquet,1
uhs0_1247--udt14717,parquet_commercial_202512_comm_MT,184475-9.parquet,1
uhs0_1247--udt14717,parquet_commercial_202512_comm_MT,184478-9.parquet,1
uhs0_1247--udt14717,parquet_commercial_202512_comm_MT,184492-2.parquet,2
uhs0_1247--udt14717,parquet_commercial_202512_comm_MT,184495-2.parquet,1
uhs0_1247--udt14717,parquet_commercial_202512_comm_MT,184505-2.parquet,1
uhs0_1247--udt14717,parquet_commercial_202512_comm_MT,184508-2.parquet,1
uhs0_1247--udt14717,parquet_commercial_202512_comm_MT,184518-2.parquet,14
uhs0_1247--udt14717,parquet_commercial_202512_comm_MT,184551-9.parquet,1
uhs0_1247--udt14717,parquet_commercial_202512_comm_MT,184575-9.parquet,1
uhs0_1247--udt14717,parquet_commercial_202512_comm_MT,184587-2.parquet,1
uhs0_1247--udt14717,parquet_commercial_202512_comm_MT,184596-9.parquet,1
uhs0_1247--udt14717,parquet_commercial_202512_comm_MT,184600-2.parquet,1
uhs0_1247--udt14717,parquet_commercial_202512_comm_MT,184603-2.parquet,1
uhs0_1247--udt14717,parquet_commercial_202512_comm_MT,184616-2.parquet,2
uhs0_1247--udt14717,parquet_commercial_202512_comm_MT,184619-9.parquet,1
uhs0_1247--udt14717,parquet_commercial_202512_comm_MT,184637-9.parquet,1
uhs0_1247--udt14717,parquet_commercial_202512_comm_MT,184646-9.parquet,6
uhs0_1247--udt14717,parquet_commercial_202512_comm_MT,184664-9.parquet,1
uhs0_1247--udt14717,parquet_commercial_202512_comm_MT,184687-2.parquet,2
uhs0_1247--udt14717,parquet_commercial_202512_comm_MT,184693-9.parquet,3
uhs0_1247--udt14717,parquet_commercial_202512_comm_MT,184700-9.parquet,6
uhs0_1247--udt14717,parquet_commercial_202512_comm_MT,184706-2.parquet,14
uhs0_1247--udt14717,parquet_commercial_202512_comm_MT,184717-9.parquet,4
uhs0_1247--udt14717,parquet_commercial_202512_comm_MT,184727-2.parquet,1
uhs0_1247--udt14717,parquet_commercial_202512_comm_MT,184735-2.parquet,1
uhs0_1247--udt14717,parquet_commercial_202512_comm_MT,184744-9.parquet,1
uhs0_1247--udt14717,parquet_commercial_202512_comm_MT,184762-9.parquet,1
uhs0_1247--udt14717,parquet_commercial_202512_comm_MT,184763-2.parquet,1
uhs0_1247--udt14717,parquet_commercial_202512_comm_MT,184772-2.parquet,1
uhs0_1247--udt14717,parquet_commercial_202512_comm_MT,184776-2.parquet,3
uhs0_1247--udt14717,parquet_commercial_202512_comm_MT,184805-2.parquet,2
uhs0_1247--udt14717,parquet_commercial_202512_comm_MT,184809-2.parquet,2
uhs0_1247--udt14717,parquet_commercial_202512_comm_MT,184821-9.parquet,3
uhs0_1247--udt14717,parquet_commercial_202512_comm_MT,184831-9.parquet,2
uhs0_1247--udt14717,parquet_commercial_202512_comm_MT,184838-2.parquet,1
uhs0_1247--udt14717,parquet_commercial_202512_comm_MT,184857-9.parquet,9
uhs0_1247--udt14717,parquet_commercial_202512_comm_MT,184888-9.parquet,1
uhs0_1247--udt14717,parquet_commercial_202512_comm_MT,184908-2.parquet,1
uhs0_1247--udt14717,parquet_commercial_202512_comm_MT,184941-2.parquet,2
uhs0_1247--udt14717,parquet_commercial_202512_comm_MT,184968-2.parquet,2
uhs0_1247--udt14717,parquet_commercial_202512_comm_MT,185003-9.parquet,1
uhs0_1247--udt14717,parquet_commercial_202512_comm_MT,185010-2.parquet,1
uhs0_1247--udt14717,parquet_commercial_202512_comm_MT,185012-9.parquet,1
uhs0_1247--udt14717,parquet_commercial_202512_comm_MT,185019-9.parquet,4
uhs0_1247--udt14717,parquet_residential_short_202512_res_MT,102182-4.parquet,2
uhs0_1247--udt14717,parquet_residential_short_202512_res_MT,102854-4.parquet,102
uhs0_1247--udt14717,parquet_residential_short_202512_res_MT,106657-4.parquet,37
uhs0_1247--udt14717,parquet_residential_short_202512_res_MT,117464-4.parquet,1
uhs0_1247--udt14717,parquet_residential_short_202512_res_MT,118797-4.parquet,3
uhs0_1247--udt14717,parquet_residential_short_202512_res_MT,119073-4.parquet,10
uhs0_1247--udt14717,parquet_residential_short_202512_res_MT,126858-4.parquet,2
uhs0_1247--udt14717,parquet_residential_short_202512_res_MT,131145-4.parquet,6
uhs0_1247--udt14717,parquet_residential_short_202512_res_MT,136309-4.parquet,32
uhs0_1247--udt14717,parquet_residential_short_202512_res_MT,138494-4.parquet,8
uhs0_1247--udt14717,parquet_residential_short_202512_res_MT,140071-4.parquet,11
uhs0_1247--udt14717,parquet_residential_short_202512_res_MT,142544-4.parquet,4
uhs0_1247--udt14717,parquet_residential_short_202512_res_MT,14281-4.parquet,1
uhs0_1247--udt14717,parquet_residential_short_202512_res_MT,150214-4.parquet,1
uhs0_1247--udt14717,parquet_residential_short_202512_res_MT,153454-4.parquet,4
uhs0_1247--udt14717,parquet_residential_short_202512_res_MT,154106-4.parquet,8
uhs0_1247--udt14717,parquet_residential_short_202512_res_MT,158072-4.parquet,1
uhs0_1247--udt14717,parquet_residential_short_202512_res_MT,162253-4.parquet,253
uhs0_1247--udt14717,parquet_residential_short_202512_res_MT,16610-4.parquet,1
uhs0_1247--udt14717,parquet_residential_short_202512_res_MT,170488-4.parquet,8
uhs0_1247--udt14717,parquet_residential_short_202512_res_MT,180039-4.parquet,14
uhs0_1247--udt14717,parquet_residential_short_202512_res_MT,182480-4.parquet,1
uhs0_1247--udt14717,parquet_residential_short_202512_res_MT,183427-4.parquet,4
uhs0_1247--udt14717,parquet_residential_short_202512_res_MT,185745-4.parquet,166
uhs0_1247--udt14717,parquet_residential_short_202512_res_MT,201863-4.parquet,2
uhs0_1247--udt14717,parquet_residential_short_202512_res_MT,203702-4.parquet,15
uhs0_1247--udt14717,parquet_residential_short_202512_res_MT,20806-4.parquet,1
uhs0_1247--udt14717,parquet_residential_short_202512_res_MT,209507-4.parquet,15
uhs0_1247--udt14717,parquet_residential_short_202512_res_MT,210194-4.parquet,6
uhs0_1247--udt14717,parquet_residential_short_202512_res_MT,211030-4.parquet,1
uhs0_1247--udt14717,parquet_residential_short_202512_res_MT,216380-4.parquet,1
uhs0_1247--udt14717,parquet_residential_short_202512_res_MT,217886-4.parquet,2
uhs0_1247--udt14717,parquet_residential_short_202512_res_MT,22193-4.parquet,1
uhs0_1247--udt14717,parquet_residential_short_202512_res_MT,226832-4.parquet,1
uhs0_1247--udt14717,parquet_residential_short_202512_res_MT,229622-4.parquet,1
uhs0_1247--udt14717,parquet_residential_short_202512_res_MT,234488-4.parquet,5
uhs0_1247--udt14717,parquet_residential_short_202512_res_MT,238424-4.parquet,1
uhs0_1247--udt14717,parquet_residential_short_202512_res_MT,239542-4.parquet,2
uhs0_1247--udt14717,parquet_residential_short_202512_res_MT,255145-4.parquet,4
uhs0_1247--udt14717,parquet_residential_short_202512_res_MT,257610-4.parquet,1
uhs0_1247--udt14717,parquet_residential_short_202512_res_MT,271955-4.parquet,4
uhs0_1247--udt14717,parquet_residential_short_202512_res_MT,276587-4.parquet,36
uhs0_1247--udt14717,parquet_residential_short_202512_res_MT,277210-4.parquet,8
uhs0_1247--udt14717,parquet_residential_short_202512_res_MT,278296-4.parquet,1
uhs0_1247--udt14717,parquet_residential_short_202512_res_MT,278604-4.parquet,34
uhs0_1247--udt14717,parquet_residential_short_202512_res_MT,27882-4.parquet,2
uhs0_1247--udt14717,parquet_residential_short_202512_res_MT,305252-4.parquet,8
uhs0_1247--udt14717,parquet_residential_short_202512_res_MT,311002-4.parquet,5
uhs0_1247--udt14717,parquet_residential_short_202512_res_MT,314691-4.parquet,4
uhs0_1247--udt14717,parquet_residential_short_202512_res_MT,314702-4.parquet,1
uhs0_1247--udt14717,parquet_residential_short_202512_res_MT,316244-4.parquet,3
uhs0_1247--udt14717,parquet_residential_short_202512_res_MT,319281-4.parquet,1
uhs0_1247--udt14717,parquet_residential_short_202512_res_MT,325203-4.parquet,1
uhs0_1247--udt14717,parquet_residential_short_202512_res_MT,326339-4.parquet,1
uhs0_1247--udt14717,parquet_residential_short_202512_res_MT,338150-4.parquet,8
uhs0_1247--udt14717,parquet_residential_short_202512_res_MT,338628-4.parquet,1
uhs0_1247--udt14717,parquet_residential_short_202512_res_MT,341215-4.parquet,1
uhs0_1247--udt14717,parquet_residential_short_202512_res_MT,341617-4.parquet,6
uhs0_1247--udt14717,parquet_residential_short_202512_res_MT,343012-4.parquet,1
uhs0_1247--udt14717,parquet_residential_short_202512_res_MT,343688-4.parquet,1
uhs0_1247--udt14717,parquet_residential_short_202512_res_MT,345764-4.parquet,3
uhs0_1247--udt14717,parquet_residential_short_202512_res_MT,370023-4.parquet,4
uhs0_1247--udt14717,parquet_residential_short_202512_res_MT,401600-4.parquet,147
uhs0_1247--udt14717,parquet_residential_short_202512_res_MT,402646-4.parquet,3
uhs0_1247--udt14717,parquet_residential_short_202512_res_MT,405081-4.parquet,2
uhs0_1247--udt14717,parquet_residential_short_202512_res_MT,406640-4.parquet,25
uhs0_1247--udt14717,parquet_residential_short_202512_res_MT,410527-4.parquet,2
uhs0_1247--udt14717,parquet_residential_short_202512_res_MT,411750-4.parquet,1
uhs0_1247--udt14717,parquet_residential_short_202512_res_MT,418448-4.parquet,2
uhs0_1247--udt14717,parquet_residential_short_202512_res_MT,42376-4.parquet,5
uhs0_1247--udt14717,parquet_residential_short_202512_res_MT,423918-4.parquet,1
uhs0_1247--udt14717,parquet_residential_short_202512_res_MT,427948-4.parquet,97
uhs0_1247--udt14717,parquet_residential_short_202512_res_MT,437679-4.parquet,3
uhs0_1247--udt14717,parquet_residential_short_202512_res_MT,438998-4.parquet,4
uhs0_1247--udt14717,parquet_residential_short_202512_res_MT,445537-4.parquet,1
uhs0_1247--udt14717,parquet_residential_short_202512_res_MT,448361-4.parquet,1
uhs0_1247--udt14717,parquet_residential_short_202512_res_MT,458883-4.parquet,4
uhs0_1247--udt14717,parquet_residential_short_202512_res_MT,466189-4.parquet,16
uhs0_1247--udt14717,parquet_residential_short_202512_res_MT,471837-4.parquet,2
uhs0_1247--udt14717,parquet_residential_short_202512_res_MT,475383-4.parquet,2
uhs0_1247--udt14717,parquet_residential_short_202512_res_MT,476793-4.parquet,14
uhs0_1247--udt14717,parquet_residential_short_202512_res_MT,481916-4.parquet,12
uhs0_1247--udt14717,parquet_residential_short_202512_res_MT,483905-4.parquet,1
uhs0_1247--udt14717,parquet_residential_short_202512_res_MT,486032-4.parquet,1
uhs0_1247--udt14717,parquet_residential_short_202512_res_MT,486410-4.parquet,6
uhs0_1247--udt14717,parquet_residential_short_202512_res_MT,486622-4.parquet,2
uhs0_1247--udt14717,parquet_residential_short_202512_res_MT,490684-4.parquet,4
uhs0_1247--udt14717,parquet_residential_short_202512_res_MT,492040-4.parquet,10
uhs0_1247--udt14717,parquet_residential_short_202512_res_MT,493524-4.parquet,6
uhs0_1247--udt14717,parquet_residential_short_202512_res_MT,494052-4.parquet,1
uhs0_1247--udt14717,parquet_residential_short_202512_res_MT,500436-4.parquet,1
uhs0_1247--udt14717,parquet_residential_short_202512_res_MT,500793-4.parquet,10
uhs0_1247--udt14717,parquet_residential_short_202512_res_MT,508034-4.parquet,2
uhs0_1247--udt14717,parquet_residential_short_202512_res_MT,513358-4.parquet,4
uhs0_1247--udt14717,parquet_residential_short_202512_res_MT,514429-4.parquet,2
uhs0_1247--udt14717,parquet_residential_short_202512_res_MT,520607-4.parquet,1
uhs0_1247--udt14717,parquet_residential_short_202512_res_MT,527227-4.parquet,9
uhs0_1247--udt14717,parquet_residential_short_202512_res_MT,529425-4.parquet,49
uhs0_1247--udt14717,parquet_residential_short_202512_res_MT,535363-4.parquet,10
uhs0_1247--udt14717,parquet_residential_short_202512_res_MT,537910-4.parquet,2
uhs0_1247--udt14717,parquet_residential_short_202512_res_MT,543184-4.parquet,9
uhs0_1247--udt14717,parquet_residential_short_202512_res_MT,547866-4.parquet,1
uhs0_1247--udt14717,parquet_residential_short_202512_res_MT,57049-4.parquet,4
uhs0_1247--udt14717,parquet_residential_short_202512_res_MT,57772-4.parquet,11
uhs0_1247--udt14717,parquet_residential_short_202512_res_MT,58337-4.parquet,2
uhs0_1247--udt14717,parquet_residential_short_202512_res_MT,63328-4.parquet,4
uhs0_1247--udt14717,parquet_residential_short_202512_res_MT,64056-4.parquet,7
uhs0_1247--udt14717,parquet_residential_short_202512_res_MT,64092-4.parquet,1
uhs0_1247--udt14717,parquet_residential_short_202512_res_MT,68953-4.parquet,1
uhs0_1247--udt14717,parquet_residential_short_202512_res_MT,81904-4.parquet,7
uhs0_1247--udt14717,parquet_residential_short_202512_res_MT,86159-4.parquet,9
uhs0_1247--udt14717,parquet_residential_short_202512_res_MT,88623-4.parquet,2
uhs0_1247--udt14717,parquet_residential_short_202512_res_MT,90560-4.parquet,4
uhs0_1247--udt14717,parquet_residential_short_202512_res_MT,97519-4.parquet,4
uhs0_1247--udt14717,parquet_residential_short_202512_res_MT,99076-4.parquet,1
uhs0_1247--udt16115,parquet_commercial_202512_comm_MT,184131-2.parquet,1
uhs0_1247--udt16115,parquet_commercial_202512_comm_MT,184182-2.parquet,1
uhs0_1247--udt16115,parquet_commercial_202512_comm_MT,184367-9.parquet,1
uhs0_1247--udt16115,parquet_commercial_202512_comm_MT,184438-9.parquet,1
uhs0_1247--udt16115,parquet_commercial_202512_comm_MT,184518-2.parquet,1
uhs0_1247--udt16115,parquet_commercial_202512_comm_MT,184581-9.parquet,1
uhs0_1247--udt16115,parquet_commercial_202512_comm_MT,184717-9.parquet,2
uhs0_1247--udt16115,parquet_commercial_202512_comm_MT,184776-2.parquet,2
uhs0_1247--udt16115,parquet_commercial_202512_comm_MT,184929-2.parquet,1
uhs0_1247--udt16115,parquet_residential_short_202512_res_MT,102854-4.parquet,8
uhs0_1247--udt16115,parquet_residential_short_202512_res_MT,106657-4.parquet,5
uhs0_1247--udt16115,parquet_residential_short_202512_res_MT,107052-4.parquet,1
uhs0_1247--udt16115,parquet_residential_short_202512_res_MT,108254-4.parquet,1
uhs0_1247--udt16115,parquet_residential_short_202512_res_MT,117464-4.parquet,1
uhs0_1247--udt16115,parquet_residential_short_202512_res_MT,118797-4.parquet,1
uhs0_1247--udt16115,parquet_residential_short_202512_res_MT,136309-4.parquet,3
uhs0_1247--udt16115,parquet_residential_short_202512_res_MT,138494-4.parquet,1
uhs0_1247--udt16115,parquet_residential_short_202512_res_MT,140071-4.parquet,4
uhs0_1247--udt16115,parquet_residential_short_202512_res_MT,142544-4.parquet,2
uhs0_1247--udt16115,parquet_residential_short_202512_res_MT,14281-4.parquet,1
uhs0_1247--udt16115,parquet_residential_short_202512_res_MT,154106-4.parquet,1
uhs0_1247--udt16115,parquet_residential_short_202512_res_MT,162253-4.parquet,44
uhs0_1247--udt16115,parquet_residential_short_202512_res_MT,170488-4.parquet,2
uhs0_1247--udt16115,parquet_residential_short_202512_res_MT,185745-4.parquet,17
uhs0_1247--udt16115,parquet_residential_short_202512_res_MT,203702-4.parquet,2
uhs0_1247--udt16115,parquet_residential_short_202512_res_MT,209507-4.parquet,3
uhs0_1247--udt16115,parquet_residential_short_202512_res_MT,251857-4.parquet,1
uhs0_1247--udt16115,parquet_residential_short_202512_res_MT,255145-4.parquet,1
uhs0_1247--udt16115,parquet_residential_short_202512_res_MT,271955-4.parquet,2
uhs0_1247--udt16115,parquet_residential_short_202512_res_MT,276587-4.parquet,4
uhs0_1247--udt16115,parquet_residential_short_202512_res_MT,277210-4.parquet,3
uhs0_1247--udt16115,parquet_residential_short_202512_res_MT,278604-4.parquet,7
uhs0_1247--udt16115,parquet_residential_short_202512_res_MT,27882-4.parquet,1
uhs0_1247--udt16115,parquet_residential_short_202512_res_MT,338150-4.parquet,3
uhs0_1247--udt16115,parquet_residential_short_202512_res_MT,338628-4.parquet,1
uhs0_1247--udt16115,parquet_residential_short_202512_res_MT,343012-4.parquet,1
uhs0_1247--udt16115,parquet_residential_short_202512_res_MT,356468-4.parquet,1
uhs0_1247--udt16115,parquet_residential_short_202512_res_MT,370023-4.parquet,1
uhs0_1247--udt16115,parquet_residential_short_202512_res_MT,372987-4.parquet,1
uhs0_1247--udt16115,parquet_residential_short_202512_res_MT,393147-4.parquet,1
uhs0_1247--udt16115,parquet_residential_short_202512_res_MT,401600-4.parquet,15
uhs0_1247--udt16115,parquet_residential_short_202512_res_MT,406640-4.parquet,1
uhs0_1247--udt16115,parquet_residential_short_202512_res_MT,418448-4.parquet,3
uhs0_1247--udt16115,parquet_residential_short_202512_res_MT,42376-4.parquet,2
uhs0_1247--udt16115,parquet_residential_short_202512_res_MT,424723-4.parquet,1
uhs0_1247--udt16115,parquet_residential_short_202512_res_MT,427948-4.parquet,6
uhs0_1247--udt16115,parquet_residential_short_202512_res_MT,438998-4.parquet,1
uhs0_1247--udt16115,parquet_residential_short_202512_res_MT,458883-4.parquet,1
uhs0_1247--udt16115,parquet_residential_short_202512_res_MT,466189-4.parquet,3
uhs0_1247--udt16115,parquet_residential_short_202512_res_MT,468325-4.parquet,1
uhs0_1247--udt16115,parquet_residential_short_202512_res_MT,471837-4.parquet,2
uhs0_1247--udt16115,parquet_residential_short_202512_res_MT,481916-4.parquet,1
uhs0_1247--udt16115,parquet_residential_short_202512_res_MT,484947-4.parquet,3
uhs0_1247--udt16115,parquet_residential_short_202512_res_MT,486032-4.parquet,1
uhs0_1247--udt16115,parquet_residential_short_202512_res_MT,486410-4.parquet,1
uhs0_1247--udt16115,parquet_residential_short_202512_res_MT,500436-4.parquet,2
uhs0_1247--udt16115,parquet_residential_short_202512_res_MT,500793-4.parquet,1
uhs0_1247--udt16115,parquet_residential_short_202512_res_MT,527227-4.parquet,2
uhs0_1247--udt16115,parquet_residential_short_202512_res_MT,529425-4.parquet,18
uhs0_1247--udt16115,parquet_residential_short_202512_res_MT,535363-4.parquet,1
uhs0_1247--udt16115,parquet_residential_short_202512_res_MT,543184-4.parquet,1
uhs0_1247--udt16115,parquet_residential_short_202512_res_MT,57049-4.parquet,2
uhs0_1247--udt16115,parquet_residential_short_202512_res_MT,57772-4.parquet,2
uhs0_1247--udt16115,parquet_residential_short_202512_res_MT,63328-4.parquet,2
uhs0_1247--udt16115,parquet_residential_short_202512_res_MT,64056-4.parquet,2
uhs0_1247--udt16115,parquet_residential_short_202512_res_MT,66138-4.parquet,3
uhs0_1247--udt16115,parquet_residential_short_202512_res_MT,81904-4.parquet,1
uhs0_1247--udt16115,parquet_residential_short_202512_res_MT,93871-4.parquet,1
uhs0_1247--udt16115,parquet_residential_short_202512_res_MT,97519-4.parquet,1
uhs10_1247--udt11713,parquet_commercial_202512_comm_MT,184107-9.parquet,1
uhs10_1247--udt11713,parquet_commercial_202512_comm_MT,184108-2.parquet,1
uhs10_1247--udt11713,parquet_commercial_202512_comm_MT,184116-2.parquet,6
uhs10_1247--udt11713,parquet_commercial_202512_comm_MT,184120-2.parquet,1
uhs10_1247--udt11713,parquet_commercial_202512_comm_MT,184131-2.parquet,1
uhs10_1247--udt11713,parquet_commercial_202512_comm_MT,184147-9.parquet,10
uhs10_1247--udt11713,parquet_commercial_202512_comm_MT,184151-2.parquet,2
uhs10_1247--udt11713,parquet_commercial_202512_comm_MT,184154-2.parquet,2
uhs10_1247--udt11713,parquet_commercial_202512_comm_MT,184157-2.parquet,4
uhs10_1247--udt11713,parquet_commercial_202512_comm_MT,184165-2.parquet,1
uhs10_1247--udt11713,parquet_commercial_202512_comm_MT,184179-9.parquet,3
uhs10_1247--udt11713,parquet_commercial_202512_comm_MT,184182-2.parquet,2
uhs10_1247--udt11713,parquet_commercial_202512_comm_MT,184194-9.parquet,1
uhs10_1247--udt11713,parquet_commercial_202512_comm_MT,184207-2.parquet,6
uhs10_1247--udt11713,parquet_commercial_202512_comm_MT,184220-2.parquet,12
uhs10_1247--udt11713,parquet_commercial_202512_comm_MT,184234-2.parquet,1
uhs10_1247--udt11713,parquet_commercial_202512_comm_MT,184258-9.parquet,1
uhs10_1247--udt11713,parquet_commercial_202512_comm_MT,184267-9.parquet,1
uhs10_1247--udt11713,parquet_commercial_202512_comm_MT,184280-9.parquet,1
uhs10_1247--udt11713,parquet_commercial_202512_comm_MT,184287-9.parquet,1
uhs10_1247--udt11713,parquet_commercial_202512_comm_MT,184288-2.parquet,5
uhs10_1247--udt11713,parquet_commercial_202512_comm_MT,184301-9.parquet,1
uhs10_1247--udt11713,parquet_commercial_202512_comm_MT,184308-2.parquet,1
uhs10_1247--udt11713,parquet_commercial_202512_comm_MT,184313-2.parquet,4
uhs10_1247--udt11713,parquet_commercial_202512_comm_MT,184315-2.parquet,6
uhs10_1247--udt11713,parquet_commercial_202512_comm_MT,184323-9.parquet,1
uhs10_1247--udt11713,parquet_commercial_202512_comm_MT,184342-9.parquet,4
uhs10_1247--udt11713,parquet_commercial_202512_comm_MT,184358-9.parquet,1
uhs10_1247--udt11713,parquet_commercial_202512_comm_MT,184363-9.parquet,1
uhs10_1247--udt11713,parquet_commercial_202512_comm_MT,184365-2.parquet,3
uhs10_1247--udt11713,parquet_commercial_202512_comm_MT,184382-9.parquet,2
uhs10_1247--udt11713,parquet_commercial_202512_comm_MT,184394-9.parquet,1
uhs10_1247--udt11713,parquet_commercial_202512_comm_MT,184413-2.parquet,1
uhs10_1247--udt11713,parquet_commercial_202512_comm_MT,184433-2.parquet,5
uhs10_1247--udt11713,parquet_commercial_202512_comm_MT,184438-9.parquet,1
uhs10_1247--udt11713,parquet_commercial_202512_comm_MT,184441-9.parquet,1
uhs10_1247--udt11713,parquet_commercial_202512_comm_MT,184451-2.parquet,1
uhs10_1247--udt11713,parquet_commercial_202512_comm_MT,184456-2.parquet,4
uhs10_1247--udt11713,parquet_commercial_202512_comm_MT,184481-9.parquet,2
uhs10_1247--udt11713,parquet_commercial_202512_comm_MT,184492-2.parquet,3
uhs10_1247--udt11713,parquet_commercial_202512_comm_MT,184510-2.parquet,1
uhs10_1247--udt11713,parquet_commercial_202512_comm_MT,184518-2.parquet,25
uhs10_1247--udt11713,parquet_commercial_202512_comm_MT,184527-9.parquet,1
uhs10_1247--udt11713,parquet_commercial_202512_comm_MT,184575-9.parquet,1
uhs10_1247--udt11713,parquet_commercial_202512_comm_MT,184596-9.parquet,6
uhs10_1247--udt11713,parquet_commercial_202512_comm_MT,184612-9.parquet,1
uhs10_1247--udt11713,parquet_commercial_202512_comm_MT,184616-2.parquet,2
uhs10_1247--udt11713,parquet_commercial_202512_comm_MT,184617-2.parquet,2
uhs10_1247--udt11713,parquet_commercial_202512_comm_MT,184637-9.parquet,2
uhs10_1247--udt11713,parquet_commercial_202512_comm_MT,184652-9.parquet,1
uhs10_1247--udt11713,parquet_commercial_202512_comm_MT,184656-2.parquet,1
uhs10_1247--udt11713,parquet_commercial_202512_comm_MT,184664-9.parquet,1
uhs10_1247--udt11713,parquet_commercial_202512_comm_MT,184687-2.parquet,1
uhs10_1247--udt11713,parquet_commercial_202512_comm_MT,184693-9.parquet,3
uhs10_1247--udt11713,parquet_commercial_202512_comm_MT,184697-9.parquet,2
uhs10_1247--udt11713,parquet_commercial_202512_comm_MT,184700-9.parquet,9
uhs10_1247--udt11713,parquet_commercial_202512_comm_MT,184704-2.parquet,1
uhs10_1247--udt11713,parquet_commercial_202512_comm_MT,184706-2.parquet,2
uhs10_1247--udt11713,parquet_commercial_202512_comm_MT,184708-9.parquet,1
uhs10_1247--udt11713,parquet_commercial_202512_comm_MT,184717-9.parquet,3
uhs10_1247--udt11713,parquet_commercial_202512_comm_MT,184718-9.parquet,1
uhs10_1247--udt11713,parquet_commercial_202512_comm_MT,184727-2.parquet,1
uhs10_1247--udt11713,parquet_commercial_202512_comm_MT,184744-9.parquet,1
uhs10_1247--udt11713,parquet_commercial_202512_comm_MT,184772-2.parquet,1
uhs10_1247--udt11713,parquet_commercial_202512_comm_MT,184799-2.parquet,1
uhs10_1247--udt11713,parquet_commercial_202512_comm_MT,184805-2.parquet,6
uhs10_1247--udt11713,parquet_commercial_202512_comm_MT,184821-9.parquet,3
uhs10_1247--udt11713,parquet_commercial_202512_comm_MT,184823-2.parquet,2
uhs10_1247--udt11713,parquet_commercial_202512_comm_MT,184824-2.parquet,1
uhs10_1247--udt11713,parquet_commercial_202512_comm_MT,184831-9.parquet,3
uhs10_1247--udt11713,parquet_commercial_202512_comm_MT,184857-9.parquet,4
uhs10_1247--udt11713,parquet_commercial_202512_comm_MT,184860-9.parquet,1
uhs10_1247--udt11713,parquet_commercial_202512_comm_MT,184873-2.parquet,1
uhs10_1247--udt11713,parquet_commercial_202512_comm_MT,184874-9.parquet,2
uhs10_1247--udt11713,parquet_commercial_202512_comm_MT,184884-9.parquet,1
uhs10_1247--udt11713,parquet_commercial_202512_comm_MT,184887-2.parquet,3
uhs10_1247--udt11713,parquet_commercial_202512_comm_MT,184896-2.parquet,1
uhs10_1247--udt11713,parquet_commercial_202512_comm_MT,184908-2.parquet,1
uhs10_1247--udt11713,parquet_commercial_202512_comm_MT,184941-2.parquet,1
uhs10_1247--udt11713,parquet_commercial_202512_comm_MT,184950-2.parquet,2
uhs10_1247--udt11713,parquet_commercial_202512_comm_MT,184953-9.parquet,4
uhs10_1247--udt11713,parquet_commercial_202512_comm_MT,184967-2.parquet,1
uhs10_1247--udt11713,parquet_commercial_202512_comm_MT,184968-2.parquet,1
uhs10_1247--udt11713,parquet_commercial_202512_comm_MT,184974-2.parquet,1
uhs10_1247--udt11713,parquet_commercial_202512_comm_MT,185010-2.parquet,2
uhs10_1247--udt11713,parquet_residential_short_202512_res_MT,102854-4.parquet,21
uhs10_1247--udt11713,parquet_residential_short_202512_res_MT,106657-4.parquet,30
uhs10_1247--udt11713,parquet_residential_short_202512_res_MT,117464-4.parquet,5
uhs10_1247--udt11713,parquet_residential_short_202512_res_MT,118797-4.parquet,5
uhs10_1247--udt11713,parquet_residential_short_202512_res_MT,119073-4.parquet,6
uhs10_1247--udt11713,parquet_residential_short_202512_res_MT,121985-4.parquet,1
uhs10_1247--udt11713,parquet_residential_short_202512_res_MT,136303-4.parquet,2
uhs10_1247--udt11713,parquet_residential_short_202512_res_MT,136309-4.parquet,8
uhs10_1247--udt11713,parquet_residential_short_202512_res_MT,140071-4.parquet,5
uhs10_1247--udt11713,parquet_residential_short_202512_res_MT,142544-4.parquet,1
uhs10_1247--udt11713,parquet_residential_short_202512_res_MT,153454-4.parquet,7
uhs10_1247--udt11713,parquet_residential_short_202512_res_MT,154106-4.parquet,3
uhs10_1247--udt11713,parquet_residential_short_202512_res_MT,162253-4.parquet,152
uhs10_1247--udt11713,parquet_residential_short_202512_res_MT,170488-4.parquet,2
uhs10_1247--udt11713,parquet_residential_short_202512_res_MT,180039-4.parquet,4
uhs10_1247--udt11713,parquet_residential_short_202512_res_MT,182480-4.parquet,1
uhs10_1247--udt11713,parquet_residential_short_202512_res_MT,185745-4.parquet,41
uhs10_1247--udt11713,parquet_residential_short_202512_res_MT,201863-4.parquet,2
uhs10_1247--udt11713,parquet_residential_short_202512_res_MT,203702-4.parquet,7
uhs10_1247--udt11713,parquet_residential_short_202512_res_MT,20806-4.parquet,2
uhs10_1247--udt11713,parquet_residential_short_202512_res_MT,209507-4.parquet,4
uhs10_1247--udt11713,parquet_residential_short_202512_res_MT,210194-4.parquet,3
uhs10_1247--udt11713,parquet_residential_short_202512_res_MT,211030-4.parquet,1
uhs10_1247--udt11713,parquet_residential_short_202512_res_MT,217886-4.parquet,1
uhs10_1247--udt11713,parquet_residential_short_202512_res_MT,22193-4.parquet,1
uhs10_1247--udt11713,parquet_residential_short_202512_res_MT,234488-4.parquet,1
uhs10_1247--udt11713,parquet_residential_short_202512_res_MT,239542-4.parquet,4
uhs10_1247--udt11713,parquet_residential_short_202512_res_MT,257610-4.parquet,1
uhs10_1247--udt11713,parquet_residential_short_202512_res_MT,276587-4.parquet,14
uhs10_1247--udt11713,parquet_residential_short_202512_res_MT,277210-4.parquet,3
uhs10_1247--udt11713,parquet_residential_short_202512_res_MT,278604-4.parquet,31
uhs10_1247--udt11713,parquet_residential_short_202512_res_MT,27882-4.parquet,1
uhs10_1247--udt11713,parquet_residential_short_202512_res_MT,305252-4.parquet,5
uhs10_1247--udt11713,parquet_residential_short_202512_res_MT,314691-4.parquet,1
uhs10_1247--udt11713,parquet_residential_short_202512_res_MT,316244-4.parquet,1
uhs10_1247--udt11713,parquet_residential_short_202512_res_MT,322241-4.parquet,1
uhs10_1247--udt11713,parquet_residential_short_202512_res_MT,341215-4.parquet,2
uhs10_1247--udt11713,parquet_residential_short_202512_res_MT,341617-4.parquet,3
uhs10_1247--udt11713,parquet_residential_short_202512_res_MT,343215-4.parquet,1
uhs10_1247--udt11713,parquet_residential_short_202512_res_MT,358611-4.parquet,1
uhs10_1247--udt11713,parquet_residential_short_202512_res_MT,370023-4.parquet,1
uhs10_1247--udt11713,parquet_residential_short_202512_res_MT,372987-4.parquet,1
uhs10_1247--udt11713,parquet_residential_short_202512_res_MT,377168-4.parquet,1
uhs10_1247--udt11713,parquet_residential_short_202512_res_MT,394476-4.parquet,1
uhs10_1247--udt11713,parquet_residential_short_202512_res_MT,401600-4.parquet,48
uhs10_1247--udt11713,parquet_residential_short_202512_res_MT,405081-4.parquet,4
uhs10_1247--udt11713,parquet_residential_short_202512_res_MT,406640-4.parquet,7
uhs10_1247--udt11713,parquet_residential_short_202512_res_MT,410527-4.parquet,2
uhs10_1247--udt11713,parquet_residential_short_202512_res_MT,418448-4.parquet,4
uhs10_1247--udt11713,parquet_residential_short_202512_res_MT,42376-4.parquet,4
uhs10_1247--udt11713,parquet_residential_short_202512_res_MT,424723-4.parquet,1
uhs10_1247--udt11713,parquet_residential_short_202512_res_MT,427948-4.parquet,24
uhs10_1247--udt11713,parquet_residential_short_202512_res_MT,437679-4.parquet,2
uhs10_1247--udt11713,parquet_residential_short_202512_res_MT,438998-4.parquet,2
uhs10_1247--udt11713,parquet_residential_short_202512_res_MT,442350-4.parquet,1
uhs10_1247--udt11713,parquet_residential_short_202512_res_MT,445537-4.parquet,1
uhs10_1247--udt11713,parquet_residential_short_202512_res_MT,454967-4.parquet,1
uhs10_1247--udt11713,parquet_residential_short_202512_res_MT,458883-4.parquet,3
uhs10_1247--udt11713,parquet_residential_short_202512_res_MT,466189-4.parquet,8
uhs10_1247--udt11713,parquet_residential_short_202512_res_MT,476793-4.parquet,7
uhs10_1247--udt11713,parquet_residential_short_202512_res_MT,481916-4.parquet,5
uhs10_1247--udt11713,parquet_residential_short_202512_res_MT,486032-4.parquet,2
uhs10_1247--udt11713,parquet_residential_short_202512_res_MT,486410-4.parquet,1
uhs10_1247--udt11713,parquet_residential_short_202512_res_MT,486622-4.parquet,2
uhs10_1247--udt11713,parquet_residential_short_202512_res_MT,490684-4.parquet,4
uhs10_1247--udt11713,parquet_residential_short_202512_res_MT,492040-4.parquet,1
uhs10_1247--udt11713,parquet_residential_short_202512_res_MT,493524-4.parquet,2
uhs10_1247--udt11713,parquet_residential_short_202512_res_MT,494052-4.parquet,4
uhs10_1247--udt11713,parquet_residential_short_202512_res_MT,494976-4.parquet,1
uhs10_1247--udt11713,parquet_residential_short_202512_res_MT,500436-4.parquet,1
uhs10_1247--udt11713,parquet_residential_short_202512_res_MT,500793-4.parquet,5
uhs10_1247--udt11713,parquet_residential_short_202512_res_MT,513358-4.parquet,3
uhs10_1247--udt11713,parquet_residential_short_202512_res_MT,527227-4.parquet,1
uhs10_1247--udt11713,parquet_residential_short_202512_res_MT,529425-4.parquet,38
uhs10_1247--udt11713,parquet_residential_short_202512_res_MT,535363-4.parquet,9
uhs10_1247--udt11713,parquet_residential_short_202512_res_MT,543184-4.parquet,8
uhs10_1247--udt11713,parquet_residential_short_202512_res_MT,57049-4.parquet,3
uhs10_1247--udt11713,parquet_residential_short_202512_res_MT,57772-4.parquet,6
uhs10_1247--udt11713,parquet_residential_short_202512_res_MT,58337-4.parquet,1
uhs10_1247--udt11713,parquet_residential_short_202512_res_MT,63328-4.parquet,3
uhs10_1247--udt11713,parquet_residential_short_202512_res_MT,64056-4.parquet,6
uhs10_1247--udt11713,parquet_residential_short_202512_res_MT,86159-4.parquet,1
uhs10_1247--udt11713,parquet_residential_short_202512_res_MT,87233-4.parquet,1
uhs10_1247--udt11713,parquet_residential_short_202512_res_MT,88623-4.parquet,1
uhs10_1247--udt11713,parquet_residential_short_202512_res_MT,88697-4.parquet,1
uhs10_1247--udt11713,parquet_residential_short_202512_res_MT,90560-4.parquet,2
uhs10_1247--udt11713,parquet_residential_short_202512_res_MT,9342-4.parquet,1
uhs10_1247--udt11713,parquet_residential_short_202512_res_MT,93871-4.parquet,1
uhs10_1247--udt11713,parquet_residential_short_202512_res_MT,94199-4.parquet,1
uhs10_1247--udt11713,parquet_residential_short_202512_res_MT,97519-4.parquet,2
uhs10_1247--udt11713,parquet_residential_short_202512_res_MT,99076-4.parquet,1
uhs10_1247--udt12084,parquet_commercial_202512_comm_MT,184107-9.parquet,1
uhs10_1247--udt12084,parquet_commercial_202512_comm_MT,184115-2.parquet,1
uhs10_1247--udt12084,parquet_commercial_202512_comm_MT,184116-2.parquet,1
uhs10_1247--udt12084,parquet_commercial_202512_comm_MT,184123-9.parquet,1
uhs10_1247--udt12084,parquet_commercial_202512_comm_MT,184138-2.parquet,1
uhs10_1247--udt12084,parquet_commercial_202512_comm_MT,184154-2.parquet,2
uhs10_1247--udt12084,parquet_commercial_202512_comm_MT,184157-2.parquet,2
uhs10_1247--udt12084,parquet_commercial_202512_comm_MT,184179-9.parquet,1
uhs10_1247--udt12084,parquet_commercial_202512_comm_MT,184202-2.parquet,1
uhs10_1247--udt12084,parquet_commercial_202512_comm_MT,184207-2.parquet,1
uhs10_1247--udt12084,parquet_commercial_202512_comm_MT,184213-2.parquet,1
uhs10_1247--udt12084,parquet_commercial_202512_comm_MT,184217-2.parquet,1
uhs10_1247--udt12084,parquet_commercial_202512_comm_MT,184220-2.parquet,1
uhs10_1247--udt12084,parquet_commercial_202512_comm_MT,184258-9.parquet,1
uhs10_1247--udt12084,parquet_commercial_202512_comm_MT,184287-9.parquet,1
uhs10_1247--udt12084,parquet_commercial_202512_comm_MT,184288-2.parquet,2
uhs10_1247--udt12084,parquet_commercial_202512_comm_MT,184300-2.parquet,1
uhs10_1247--udt12084,parquet_commercial_202512_comm_MT,184313-2.parquet,1
uhs10_1247--udt12084,parquet_commercial_202512_comm_MT,184338-2.parquet,1
uhs10_1247--udt12084,parquet_commercial_202512_comm_MT,184342-9.parquet,1
uhs10_1247--udt12084,parquet_commercial_202512_comm_MT,184362-2.parquet,1
uhs10_1247--udt12084,parquet_commercial_202512_comm_MT,184387-2.parquet,1
uhs10_1247--udt12084,parquet_commercial_202512_comm_MT,184394-9.parquet,1
uhs10_1247--udt12084,parquet_commercial_202512_comm_MT,184433-2.parquet,1
uhs10_1247--udt12084,parquet_commercial_202512_comm_MT,184438-9.parquet,1
uhs10_1247--udt12084,parquet_commercial_202512_comm_MT,184439-2.parquet,1
uhs10_1247--udt12084,parquet_commercial_202512_comm_MT,184451-2.parquet,1
uhs10_1247--udt12084,parquet_commercial_202512_comm_MT,184481-9.parquet,1
uhs10_1247--udt12084,parquet_commercial_202512_comm_MT,184492-2.parquet,3
uhs10_1247--udt12084,parquet_commercial_202512_comm_MT,184495-2.parquet,1
uhs10_1247--udt12084,parquet_commercial_202512_comm_MT,184518-2.parquet,11
uhs10_1247--udt12084,parquet_commercial_202512_comm_MT,184527-9.parquet,1
uhs10_1247--udt12084,parquet_commercial_202512_comm_MT,184587-2.parquet,1
uhs10_1247--udt12084,parquet_commercial_202512_comm_MT,184596-9.parquet,1
uhs10_1247--udt12084,parquet_commercial_202512_comm_MT,184603-2.parquet,1
uhs10_1247--udt12084,parquet_commercial_202512_comm_MT,184612-9.parquet,1
uhs10_1247--udt12084,parquet_commercial_202512_comm_MT,184637-9.parquet,1
uhs10_1247--udt12084,parquet_commercial_202512_comm_MT,184664-9.parquet,1
uhs10_1247--udt12084,parquet_commercial_202512_comm_MT,184700-9.parquet,6
uhs10_1247--udt12084,parquet_commercial_202512_comm_MT,184706-2.parquet,3
uhs10_1247--udt12084,parquet_commercial_202512_comm_MT,184717-9.parquet,1
uhs10_1247--udt12084,parquet_commercial_202512_comm_MT,184754-2.parquet,1
uhs10_1247--udt12084,parquet_commercial_202512_comm_MT,184762-9.parquet,2
uhs10_1247--udt12084,parquet_commercial_202512_comm_MT,184776-2.parquet,1
uhs10_1247--udt12084,parquet_commercial_202512_comm_MT,184809-2.parquet,1
uhs10_1247--udt12084,parquet_commercial_202512_comm_MT,184812-2.parquet,1
uhs10_1247--udt12084,parquet_commercial_202512_comm_MT,184831-9.parquet,2
uhs10_1247--udt12084,parquet_commercial_202512_comm_MT,184857-9.parquet,1
uhs10_1247--udt12084,parquet_commercial_202512_comm_MT,184884-9.parquet,2
uhs10_1247--udt12084,parquet_commercial_202512_comm_MT,184894-9.parquet,1
uhs10_1247--udt12084,parquet_commercial_202512_comm_MT,184929-2.parquet,3
uhs10_1247--udt12084,parquet_commercial_202512_comm_MT,184962-2.parquet,1
uhs10_1247--udt12084,parquet_commercial_202512_comm_MT,185019-9.parquet,1
uhs10_1247--udt12084,parquet_commercial_202512_comm_MT,185025-9.parquet,2
uhs10_1247--udt12084,parquet_residential_short_202512_res_MT,102854-4.parquet,30
uhs10_1247--udt12084,parquet_residential_short_202512_res_MT,106657-4.parquet,23
uhs10_1247--udt12084,parquet_residential_short_202512_res_MT,117464-4.parquet,1
uhs10_1247--udt12084,parquet_residential_short_202512_res_MT,118679-4.parquet,1
uhs10_1247--udt12084,parquet_residential_short_202512_res_MT,118797-4.parquet,2
uhs10_1247--udt12084,parquet_residential_short_202512_res_MT,119073-4.parquet,11
uhs10_1247--udt12084,parquet_residential_short_202512_res_MT,121985-4.parquet,5
uhs10_1247--udt12084,parquet_residential_short_202512_res_MT,126858-4.parquet,2
uhs10_1247--udt12084,parquet_residential_short_202512_res_MT,131145-4.parquet,2
uhs10_1247--udt12084,parquet_residential_short_202512_res_MT,136303-4.parquet,1
uhs10_1247--udt12084,parquet_residential_short_202512_res_MT,136309-4.parquet,17
uhs10_1247--udt12084,parquet_residential_short_202512_res_MT,138494-4.parquet,1
uhs10_1247--udt12084,parquet_residential_short_202512_res_MT,140071-4.parquet,8
uhs10_1247--udt12084,parquet_residential_short_202512_res_MT,142544-4.parquet,4
uhs10_1247--udt12084,parquet_residential_short_202512_res_MT,14281-4.parquet,3
uhs10_1247--udt12084,parquet_residential_short_202512_res_MT,147301-4.parquet,1
uhs10_1247--udt12084,parquet_residential_short_202512_res_MT,150214-4.parquet,1
uhs10_1247--udt12084,parquet_residential_short_202512_res_MT,153454-4.parquet,3
uhs10_1247--udt12084,parquet_residential_short_202512_res_MT,154106-4.parquet,3
uhs10_1247--udt12084,parquet_residential_short_202512_res_MT,154367-4.parquet,1
uhs10_1247--udt12084,parquet_residential_short_202512_res_MT,156849-4.parquet,1
uhs10_1247--udt12084,parquet_residential_short_202512_res_MT,159135-4.parquet,1
uhs10_1247--udt12084,parquet_residential_short_202512_res_MT,162253-4.parquet,217
uhs10_1247--udt12084,parquet_residential_short_202512_res_MT,166598-4.parquet,1
uhs10_1247--udt12084,parquet_residential_short_202512_res_MT,170488-4.parquet,2
uhs10_1247--udt12084,parquet_residential_short_202512_res_MT,180039-4.parquet,3
uhs10_1247--udt12084,parquet_residential_short_202512_res_MT,183427-4.parquet,2
uhs10_1247--udt12084,parquet_residential_short_202512_res_MT,185745-4.parquet,81
uhs10_1247--udt12084,parquet_residential_short_202512_res_MT,201863-4.parquet,1
uhs10_1247--udt12084,parquet_residential_short_202512_res_MT,203702-4.parquet,7
uhs10_1247--udt12084,parquet_residential_short_202512_res_MT,20806-4.parquet,1
uhs10_1247--udt12084,parquet_residential_short_202512_res_MT,208538-4.parquet,1
uhs10_1247--udt12084,parquet_residential_short_202512_res_MT,209507-4.parquet,15
uhs10_1247--udt12084,parquet_residential_short_202512_res_MT,210194-4.parquet,1
uhs10_1247--udt12084,parquet_residential_short_202512_res_MT,214774-4.parquet,1
uhs10_1247--udt12084,parquet_residential_short_202512_res_MT,217886-4.parquet,3
uhs10_1247--udt12084,parquet_residential_short_202512_res_MT,234488-4.parquet,2
uhs10_1247--udt12084,parquet_residential_short_202512_res_MT,239542-4.parquet,3
uhs10_1247--udt12084,parquet_residential_short_202512_res_MT,255145-4.parquet,2
uhs10_1247--udt12084,parquet_residential_short_202512_res_MT,271955-4.parquet,1
uhs10_1247--udt12084,parquet_residential_short_202512_res_MT,275870-4.parquet,1
uhs10_1247--udt12084,parquet_residential_short_202512_res_MT,276587-4.parquet,15
uhs10_1247--udt12084,parquet_residential_short_202512_res_MT,277210-4.parquet,7
uhs10_1247--udt12084,parquet_residential_short_202512_res_MT,278604-4.parquet,27
uhs10_1247--udt12084,parquet_residential_short_202512_res_MT,27882-4.parquet,1
uhs10_1247--udt12084,parquet_residential_short_202512_res_MT,305252-4.parquet,12
uhs10_1247--udt12084,parquet_residential_short_202512_res_MT,311002-4.parquet,4
uhs10_1247--udt12084,parquet_residential_short_202512_res_MT,314691-4.parquet,6
uhs10_1247--udt12084,parquet_residential_short_202512_res_MT,314702-4.parquet,3
uhs10_1247--udt12084,parquet_residential_short_202512_res_MT,316244-4.parquet,2
uhs10_1247--udt12084,parquet_residential_short_202512_res_MT,321643-4.parquet,1
uhs10_1247--udt12084,parquet_residential_short_202512_res_MT,325203-4.parquet,2
uhs10_1247--udt12084,parquet_residential_short_202512_res_MT,328292-4.parquet,1
uhs10_1247--udt12084,parquet_residential_short_202512_res_MT,338150-4.parquet,2
uhs10_1247--udt12084,parquet_residential_short_202512_res_MT,341617-4.parquet,1
uhs10_1247--udt12084,parquet_residential_short_202512_res_MT,343012-4.parquet,1
uhs10_1247--udt12084,parquet_residential_short_202512_res_MT,345764-4.parquet,3
uhs10_1247--udt12084,parquet_residential_short_202512_res_MT,358611-4.parquet,1
uhs10_1247--udt12084,parquet_residential_short_202512_res_MT,370023-4.parquet,5
uhs10_1247--udt12084,parquet_residential_short_202512_res_MT,377168-4.parquet,1
uhs10_1247--udt12084,parquet_residential_short_202512_res_MT,401600-4.parquet,117
uhs10_1247--udt12084,parquet_residential_short_202512_res_MT,402646-4.parquet,1
uhs10_1247--udt12084,parquet_residential_short_202512_res_MT,406640-4.parquet,11
uhs10_1247--udt12084,parquet_residential_short_202512_res_MT,410527-4.parquet,1
uhs10_1247--udt12084,parquet_residential_short_202512_res_MT,418448-4.parquet,4
uhs10_1247--udt12084,parquet_residential_short_202512_res_MT,42376-4.parquet,4
uhs10_1247--udt12084,parquet_residential_short_202512_res_MT,424723-4.parquet,2
uhs10_1247--udt12084,parquet_residential_short_202512_res_MT,427948-4.parquet,38
uhs10_1247--udt12084,parquet_residential_short_202512_res_MT,437679-4.parquet,2
uhs10_1247--udt12084,parquet_residential_short_202512_res_MT,438998-4.parquet,1
uhs10_1247--udt12084,parquet_residential_short_202512_res_MT,448361-4.parquet,1
uhs10_1247--udt12084,parquet_residential_short_202512_res_MT,449002-4.parquet,1
uhs10_1247--udt12084,parquet_residential_short_202512_res_MT,458883-4.parquet,2
uhs10_1247--udt12084,parquet_residential_short_202512_res_MT,466189-4.parquet,19
uhs10_1247--udt12084,parquet_residential_short_202512_res_MT,468325-4.parquet,4
uhs10_1247--udt12084,parquet_residential_short_202512_res_MT,470813-4.parquet,1
uhs10_1247--udt12084,parquet_residential_short_202512_res_MT,471837-4.parquet,2
uhs10_1247--udt12084,parquet_residential_short_202512_res_MT,476793-4.parquet,9
uhs10_1247--udt12084,parquet_residential_short_202512_res_MT,481916-4.parquet,9
uhs10_1247--udt12084,parquet_residential_short_202512_res_MT,486032-4.parquet,2
uhs10_1247--udt12084,parquet_residential_short_202512_res_MT,486410-4.parquet,1
uhs10_1247--udt12084,parquet_residential_short_202512_res_MT,490684-4.parquet,4
uhs10_1247--udt12084,parquet_residential_short_202512_res_MT,492040-4.parquet,5
uhs10_1247--udt12084,parquet_residential_short_202512_res_MT,493524-4.parquet,6
uhs10_1247--udt12084,parquet_residential_short_202512_res_MT,494052-4.parquet,7
uhs10_1247--udt12084,parquet_residential_short_202512_res_MT,494976-4.parquet,1
uhs10_1247--udt12084,parquet_residential_short_202512_res_MT,500436-4.parquet,3
uhs10_1247--udt12084,parquet_residential_short_202512_res_MT,500793-4.parquet,10
uhs10_1247--udt12084,parquet_residential_short_202512_res_MT,508034-4.parquet,3
uhs10_1247--udt12084,parquet_residential_short_202512_res_MT,513358-4.parquet,3
uhs10_1247--udt12084,parquet_residential_short_202512_res_MT,514429-4.parquet,9
uhs10_1247--udt12084,parquet_residential_short_202512_res_MT,527227-4.parquet,3
uhs10_1247--udt12084,parquet_residential_short_202512_res_MT,529425-4.parquet,27
uhs10_1247--udt12084,parquet_residential_short_202512_res_MT,533148-4.parquet,1
uhs10_1247--udt12084,parquet_residential_short_202512_res_MT,535363-4.parquet,16
uhs10_1247--udt12084,parquet_residential_short_202512_res_MT,537910-4.parquet,1
uhs10_1247--udt12084,parquet_residential_short_202512_res_MT,543184-4.parquet,10
uhs10_1247--udt12084,parquet_residential_short_202512_res_MT,544168-4.parquet,2
uhs10_1247--udt12084,parquet_residential_short_202512_res_MT,57049-4.parquet,6
uhs10_1247--udt12084,parquet_residential_short_202512_res_MT,57772-4.parquet,3
uhs10_1247--udt12084,parquet_residential_short_202512_res_MT,58700-4.parquet,1
uhs10_1247--udt12084,parquet_residential_short_202512_res_MT,63328-4.parquet,1
uhs10_1247--udt12084,parquet_residential_short_202512_res_MT,64056-4.parquet,12
uhs10_1247--udt12084,parquet_residential_short_202512_res_MT,66138-4.parquet,8
uhs10_1247--udt12084,parquet_residential_short_202512_res_MT,68953-4.parquet,1
uhs10_1247--udt12084,parquet_residential_short_202512_res_MT,81904-4.parquet,1
uhs10_1247--udt12084,parquet_residential_short_202512_res_MT,84355-4.parquet,1
uhs10_1247--udt12084,parquet_residential_short_202512_res_MT,88623-4.parquet,1
uhs10_1247--udt12084,parquet_residential_short_202512_res_MT,93871-4.parquet,3
uhs10_1247--udt12084,parquet_residential_short_202512_res_MT,97519-4.parquet,5
uhs10_1247--udt12084,parquet_residential_short_202512_res_MT,99076-4.parquet,1
uhs10_1247--udt13528,parquet_commercial_202512_comm_MT,184107-9.parquet,1
uhs10_1247--udt13528,parquet_commercial_202512_comm_MT,184108-2.parquet,3
uhs10_1247--udt13528,parquet_commercial_202512_comm_MT,184116-2.parquet,6
uhs10_1247--udt13528,parquet_commercial_202512_comm_MT,184124-2.parquet,1
uhs10_1247--udt13528,parquet_commercial_202512_comm_MT,184131-2.parquet,2
uhs10_1247--udt13528,parquet_commercial_202512_comm_MT,184147-9.parquet,4
uhs10_1247--udt13528,parquet_commercial_202512_comm_MT,184154-2.parquet,1
uhs10_1247--udt13528,parquet_commercial_202512_comm_MT,184157-2.parquet,1
uhs10_1247--udt13528,parquet_commercial_202512_comm_MT,184172-2.parquet,1
uhs10_1247--udt13528,parquet_commercial_202512_comm_MT,184174-2.parquet,1
uhs10_1247--udt13528,parquet_commercial_202512_comm_MT,184182-2.parquet,2
uhs10_1247--udt13528,parquet_commercial_202512_comm_MT,184207-2.parquet,3
uhs10_1247--udt13528,parquet_commercial_202512_comm_MT,184209-2.parquet,1
uhs10_1247--udt13528,parquet_commercial_202512_comm_MT,184220-2.parquet,7
uhs10_1247--udt13528,parquet_commercial_202512_comm_MT,184241-9.parquet,1
uhs10_1247--udt13528,parquet_commercial_202512_comm_MT,184287-9.parquet,1
uhs10_1247--udt13528,parquet_commercial_202512_comm_MT,184288-2.parquet,3
uhs10_1247--udt13528,parquet_commercial_202512_comm_MT,184294-2.parquet,1
uhs10_1247--udt13528,parquet_commercial_202512_comm_MT,184313-2.parquet,2
uhs10_1247--udt13528,parquet_commercial_202512_comm_MT,184315-2.parquet,5
uhs10_1247--udt13528,parquet_commercial_202512_comm_MT,184336-9.parquet,1
uhs10_1247--udt13528,parquet_commercial_202512_comm_MT,184342-9.parquet,4
uhs10_1247--udt13528,parquet_commercial_202512_comm_MT,184364-2.parquet,1
uhs10_1247--udt13528,parquet_commercial_202512_comm_MT,184365-2.parquet,4
uhs10_1247--udt13528,parquet_commercial_202512_comm_MT,184367-9.parquet,2
uhs10_1247--udt13528,parquet_commercial_202512_comm_MT,184377-2.parquet,1
uhs10_1247--udt13528,parquet_commercial_202512_comm_MT,184391-9.parquet,2
uhs10_1247--udt13528,parquet_commercial_202512_comm_MT,184394-9.parquet,1
uhs10_1247--udt13528,parquet_commercial_202512_comm_MT,184451-2.parquet,2
uhs10_1247--udt13528,parquet_commercial_202512_comm_MT,184456-2.parquet,3
uhs10_1247--udt13528,parquet_commercial_202512_comm_MT,184481-9.parquet,1
uhs10_1247--udt13528,parquet_commercial_202512_comm_MT,184492-2.parquet,2
uhs10_1247--udt13528,parquet_commercial_202512_comm_MT,184508-2.parquet,1
uhs10_1247--udt13528,parquet_commercial_202512_comm_MT,184518-2.parquet,10
uhs10_1247--udt13528,parquet_commercial_202512_comm_MT,184520-2.parquet,1
uhs10_1247--udt13528,parquet_commercial_202512_comm_MT,184522-2.parquet,1
uhs10_1247--udt13528,parquet_commercial_202512_comm_MT,184527-9.parquet,1
uhs10_1247--udt13528,parquet_commercial_202512_comm_MT,184544-2.parquet,1
uhs10_1247--udt13528,parquet_commercial_202512_comm_MT,184546-2.parquet,3
uhs10_1247--udt13528,parquet_commercial_202512_comm_MT,184557-2.parquet,1
uhs10_1247--udt13528,parquet_commercial_202512_comm_MT,184587-2.parquet,1
uhs10_1247--udt13528,parquet_commercial_202512_comm_MT,184612-9.parquet,2
uhs10_1247--udt13528,parquet_commercial_202512_comm_MT,184616-2.parquet,3
uhs10_1247--udt13528,parquet_commercial_202512_comm_MT,184637-9.parquet,1
uhs10_1247--udt13528,parquet_commercial_202512_comm_MT,184646-9.parquet,2
uhs10_1247--udt13528,parquet_commercial_202512_comm_MT,184652-9.parquet,1
uhs10_1247--udt13528,parquet_commercial_202512_comm_MT,184693-9.parquet,1
uhs10_1247--udt13528,parquet_commercial_202512_comm_MT,184700-9.parquet,3
uhs10_1247--udt13528,parquet_commercial_202512_comm_MT,184717-9.parquet,2
uhs10_1247--udt13528,parquet_commercial_202512_comm_MT,184720-2.parquet,1
uhs10_1247--udt13528,parquet_commercial_202512_comm_MT,184735-2.parquet,2
uhs10_1247--udt13528,parquet_commercial_202512_comm_MT,184742-2.parquet,2
uhs10_1247--udt13528,parquet_commercial_202512_comm_MT,184762-9.parquet,1
uhs10_1247--udt13528,parquet_commercial_202512_comm_MT,184766-9.parquet,2
uhs10_1247--udt13528,parquet_commercial_202512_comm_MT,184767-2.parquet,2
uhs10_1247--udt13528,parquet_commercial_202512_comm_MT,184772-2.parquet,1
uhs10_1247--udt13528,parquet_commercial_202512_comm_MT,184776-2.parquet,3
uhs10_1247--udt13528,parquet_commercial_202512_comm_MT,184788-9.parquet,1
uhs10_1247--udt13528,parquet_commercial_202512_comm_MT,184799-2.parquet,1
uhs10_1247--udt13528,parquet_commercial_202512_comm_MT,184805-2.parquet,1
uhs10_1247--udt13528,parquet_commercial_202512_comm_MT,184809-2.parquet,1
uhs10_1247--udt13528,parquet_commercial_202512_comm_MT,184812-2.parquet,1
uhs10_1247--udt13528,parquet_commercial_202512_comm_MT,184831-9.parquet,1
uhs10_1247--udt13528,parquet_commercial_202512_comm_MT,184894-9.parquet,1
uhs10_1247--udt13528,parquet_commercial_202512_comm_MT,184897-9.parquet,1
uhs10_1247--udt13528,parquet_commercial_202512_comm_MT,184908-2.parquet,2
uhs10_1247--udt13528,parquet_commercial_202512_comm_MT,184910-2.parquet,1
uhs10_1247--udt13528,parquet_commercial_202512_comm_MT,184929-2.parquet,2
uhs10_1247--udt13528,parquet_commercial_202512_comm_MT,184942-9.parquet,1
uhs10_1247--udt13528,parquet_commercial_202512_comm_MT,184950-2.parquet,1
uhs10_1247--udt13528,parquet_commercial_202512_comm_MT,184968-2.parquet,2
uhs10_1247--udt13528,parquet_commercial_202512_comm_MT,185008-9.parquet,1
uhs10_1247--udt13528,parquet_residential_short_202512_res_MT,102854-4.parquet,5
uhs10_1247--udt13528,parquet_residential_short_202512_res_MT,106657-4.parquet,11
uhs10_1247--udt13528,parquet_residential_short_202512_res_MT,118797-4.parquet,2
uhs10_1247--udt13528,parquet_residential_short_202512_res_MT,119073-4.parquet,2
uhs10_1247--udt13528,parquet_residential_short_202512_res_MT,121985-4.parquet,2
uhs10_1247--udt13528,parquet_residential_short_202512_res_MT,136309-4.parquet,4
uhs10_1247--udt13528,parquet_residential_short_202512_res_MT,140071-4.parquet,1
uhs10_1247--udt13528,parquet_residential_short_202512_res_MT,14281-4.parquet,2
uhs10_1247--udt13528,parquet_residential_short_202512_res_MT,153454-4.parquet,2
uhs10_1247--udt13528,parquet_residential_short_202512_res_MT,154106-4.parquet,2
uhs10_1247--udt13528,parquet_residential_short_202512_res_MT,156849-4.parquet,1
uhs10_1247--udt13528,parquet_residential_short_202512_res_MT,162253-4.parquet,75
uhs10_1247--udt13528,parquet_residential_short_202512_res_MT,170488-4.parquet,1
uhs10_1247--udt13528,parquet_residential_short_202512_res_MT,180039-4.parquet,3
uhs10_1247--udt13528,parquet_residential_short_202512_res_MT,185745-4.parquet,24
uhs10_1247--udt13528,parquet_residential_short_202512_res_MT,203702-4.parquet,5
uhs10_1247--udt13528,parquet_residential_short_202512_res_MT,209507-4.parquet,6
uhs10_1247--udt13528,parquet_residential_short_202512_res_MT,239542-4.parquet,1
uhs10_1247--udt13528,parquet_residential_short_202512_res_MT,251857-4.parquet,2
uhs10_1247--udt13528,parquet_residential_short_202512_res_MT,255145-4.parquet,1
uhs10_1247--udt13528,parquet_residential_short_202512_res_MT,256192-4.parquet,1
uhs10_1247--udt13528,parquet_residential_short_202512_res_MT,271955-4.parquet,3
uhs10_1247--udt13528,parquet_residential_short_202512_res_MT,277210-4.parquet,3
uhs10_1247--udt13528,parquet_residential_short_202512_res_MT,278604-4.parquet,20
uhs10_1247--udt13528,parquet_residential_short_202512_res_MT,305252-4.parquet,4
uhs10_1247--udt13528,parquet_residential_short_202512_res_MT,341617-4.parquet,1
uhs10_1247--udt13528,parquet_residential_short_202512_res_MT,343012-4.parquet,1
uhs10_1247--udt13528,parquet_residential_short_202512_res_MT,345764-4.parquet,2
uhs10_1247--udt13528,parquet_residential_short_202512_res_MT,370023-4.parquet,2
uhs10_1247--udt13528,parquet_residential_short_202512_res_MT,371830-4.parquet,1
uhs10_1247--udt13528,parquet_residential_short_202512_res_MT,372987-4.parquet,1
uhs10_1247--udt13528,parquet_residential_short_202512_res_MT,401600-4.parquet,28
uhs10_1247--udt13528,parquet_residential_short_202512_res_MT,405081-4.parquet,1
uhs10_1247--udt13528,parquet_residential_short_202512_res_MT,406640-4.parquet,4
uhs10_1247--udt13528,parquet_residential_short_202512_res_MT,410527-4.parquet,1
uhs10_1247--udt13528,parquet_residential_short_202512_res_MT,418448-4.parquet,1
uhs10_1247--udt13528,parquet_residential_short_202512_res_MT,42376-4.parquet,1
uhs10_1247--udt13528,parquet_residential_short_202512_res_MT,424723-4.parquet,2
uhs10_1247--udt13528,parquet_residential_short_202512_res_MT,427948-4.parquet,5
uhs10_1247--udt13528,parquet_residential_short_202512_res_MT,43358-4.parquet,1
uhs10_1247--udt13528,parquet_residential_short_202512_res_MT,438998-4.parquet,2
uhs10_1247--udt13528,parquet_residential_short_202512_res_MT,458883-4.parquet,1
uhs10_1247--udt13528,parquet_residential_short_202512_res_MT,466189-4.parquet,5
uhs10_1247--udt13528,parquet_residential_short_202512_res_MT,471837-4.parquet,3
uhs10_1247--udt13528,parquet_residential_short_202512_res_MT,475383-4.parquet,3
uhs10_1247--udt13528,parquet_residential_short_202512_res_MT,476793-4.parquet,1
uhs10_1247--udt13528,parquet_residential_short_202512_res_MT,481916-4.parquet,3
uhs10_1247--udt13528,parquet_residential_short_202512_res_MT,486032-4.parquet,1
uhs10_1247--udt13528,parquet_residential_short_202512_res_MT,490684-4.parquet,2
uhs10_1247--udt13528,parquet_residential_short_202512_res_MT,492040-4.parquet,1
uhs10_1247--udt13528,parquet_residential_short_202512_res_MT,500436-4.parquet,1
uhs10_1247--udt13528,parquet_residential_short_202512_res_MT,500793-4.parquet,3
uhs10_1247--udt13528,parquet_residential_short_202512_res_MT,514429-4.parquet,2
uhs10_1247--udt13528,parquet_residential_short_202512_res_MT,527227-4.parquet,1
uhs10_1247--udt13528,parquet_residential_short_202512_res_MT,529425-4.parquet,27
uhs10_1247--udt13528,parquet_residential_short_202512_res_MT,535363-4.parquet,2
uhs10_1247--udt13528,parquet_residential_short_202512_res_MT,543184-4.parquet,6
uhs10_1247--udt13528,parquet_residential_short_202512_res_MT,547866-4.parquet,1
uhs10_1247--udt13528,parquet_residential_short_202512_res_MT,57049-4.parquet,2
uhs10_1247--udt13528,parquet_residential_short_202512_res_MT,64056-4.parquet,2
uhs10_1247--udt13528,parquet_residential_short_202512_res_MT,66138-4.parquet,2
uhs10_1247--udt13528,parquet_residential_short_202512_res_MT,88623-4.parquet,1
uhs10_1247--udt13528,parquet_residential_short_202512_res_MT,90560-4.parquet,1
uhs10_1247--udt13528,parquet_residential_short_202512_res_MT,93871-4.parquet,1
uhs10_1247--udt13528,parquet_residential_short_202512_res_MT,97519-4.parquet,2
uhs11_1247--p1umv22,parquet_commercial_202512_comm_MT,184108-2.parquet,2
uhs11_1247--p1umv22,parquet_commercial_202512_comm_MT,184220-2.parquet,1
uhs11_1247--p1umv22,parquet_commercial_202512_comm_MT,184481-9.parquet,1
uhs11_1247--p1umv22,parquet_commercial_202512_comm_MT,184518-2.parquet,2
uhs11_1247--p1umv22,parquet_commercial_202512_comm_MT,184616-2.parquet,1
uhs11_1247--p1umv22,parquet_commercial_202512_comm_MT,184858-9.parquet,1
uhs11_1247--p1umv22,parquet_commercial_202512_comm_MT,184929-2.parquet,1
uhs11_1247--p1umv22,parquet_commercial_202512_comm_MT,184950-2.parquet,1
uhs11_1247--udt7105,parquet_commercial_202512_comm_MT,184108-2.parquet,1
uhs11_1247--udt7105,parquet_commercial_202512_comm_MT,184116-2.parquet,1
uhs11_1247--udt7105,parquet_commercial_202512_comm_MT,184131-2.parquet,2
uhs11_1247--udt7105,parquet_commercial_202512_comm_MT,184141-2.parquet,1
uhs11_1247--udt7105,parquet_commercial_202512_comm_MT,184147-9.parquet,1
uhs11_1247--udt7105,parquet_commercial_202512_comm_MT,184182-2.parquet,2
uhs11_1247--udt7105,parquet_commercial_202512_comm_MT,184217-2.parquet,1
uhs11_1247--udt7105,parquet_commercial_202512_comm_MT,184220-2.parquet,4
uhs11_1247--udt7105,parquet_commercial_202512_comm_MT,184234-2.parquet,2
uhs11_1247--udt7105,parquet_commercial_202512_comm_MT,184287-9.parquet,1
uhs11_1247--udt7105,parquet_commercial_202512_comm_MT,184288-2.parquet,2
uhs11_1247--udt7105,parquet_commercial_202512_comm_MT,184297-9.parquet,1
uhs11_1247--udt7105,parquet_commercial_202512_comm_MT,184300-2.parquet,1
uhs11_1247--udt7105,parquet_commercial_202512_comm_MT,184315-2.parquet,1
uhs11_1247--udt7105,parquet_commercial_202512_comm_MT,184342-9.parquet,2
uhs11_1247--udt7105,parquet_commercial_202512_comm_MT,184364-2.parquet,1
uhs11_1247--udt7105,parquet_commercial_202512_comm_MT,184370-2.parquet,1
uhs11_1247--udt7105,parquet_commercial_202512_comm_MT,184374-2.parquet,1
uhs11_1247--udt7105,parquet_commercial_202512_comm_MT,184377-2.parquet,1
uhs11_1247--udt7105,parquet_commercial_202512_comm_MT,184387-2.parquet,1
uhs11_1247--udt7105,parquet_commercial_202512_comm_MT,184441-9.parquet,1
uhs11_1247--udt7105,parquet_commercial_202512_comm_MT,184451-2.parquet,1
uhs11_1247--udt7105,parquet_commercial_202512_comm_MT,184456-2.parquet,1
uhs11_1247--udt7105,parquet_commercial_202512_comm_MT,184470-2.parquet,1
uhs11_1247--udt7105,parquet_commercial_202512_comm_MT,184481-9.parquet,1
uhs11_1247--udt7105,parquet_commercial_202512_comm_MT,184495-2.parquet,1
uhs11_1247--udt7105,parquet_commercial_202512_comm_MT,184508-2.parquet,6
uhs11_1247--udt7105,parquet_commercial_202512_comm_MT,184510-2.parquet,1
uhs11_1247--udt7105,parquet_commercial_202512_comm_MT,184518-2.parquet,11
uhs11_1247--udt7105,parquet_commercial_202512_comm_MT,184596-9.parquet,2
uhs11_1247--udt7105,parquet_commercial_202512_comm_MT,184612-9.parquet,1
uhs11_1247--udt7105,parquet_commercial_202512_comm_MT,184616-2.parquet,2
uhs11_1247--udt7105,parquet_commercial_202512_comm_MT,184617-2.parquet,2
uhs11_1247--udt7105,parquet_commercial_202512_comm_MT,184637-9.parquet,7
uhs11_1247--udt7105,parquet_commercial_202512_comm_MT,184654-2.parquet,1
uhs11_1247--udt7105,parquet_commercial_202512_comm_MT,184687-2.parquet,1
uhs11_1247--udt7105,parquet_commercial_202512_comm_MT,184693-9.parquet,2
uhs11_1247--udt7105,parquet_commercial_202512_comm_MT,184700-9.parquet,4
uhs11_1247--udt7105,parquet_commercial_202512_comm_MT,184706-2.parquet,3
uhs11_1247--udt7105,parquet_commercial_202512_comm_MT,184744-9.parquet,1
uhs11_1247--udt7105,parquet_commercial_202512_comm_MT,184776-2.parquet,1
uhs11_1247--udt7105,parquet_commercial_202512_comm_MT,184782-2.parquet,1
uhs11_1247--udt7105,parquet_commercial_202512_comm_MT,184788-9.parquet,1
uhs11_1247--udt7105,parquet_commercial_202512_comm_MT,184797-2.parquet,2
uhs11_1247--udt7105,parquet_commercial_202512_comm_MT,184798-9.parquet,1
uhs11_1247--udt7105,parquet_commercial_202512_comm_MT,184805-2.parquet,1
uhs11_1247--udt7105,parquet_commercial_202512_comm_MT,184809-2.parquet,3
uhs11_1247--udt7105,parquet_commercial_202512_comm_MT,184844-2.parquet,1
uhs11_1247--udt7105,parquet_commercial_202512_comm_MT,184856-9.parquet,1
uhs11_1247--udt7105,parquet_commercial_202512_comm_MT,184857-9.parquet,1
uhs11_1247--udt7105,parquet_commercial_202512_comm_MT,184863-2.parquet,1
uhs11_1247--udt7105,parquet_commercial_202512_comm_MT,184874-9.parquet,1
uhs11_1247--udt7105,parquet_commercial_202512_comm_MT,184888-9.parquet,1
uhs11_1247--udt7105,parquet_commercial_202512_comm_MT,184908-2.parquet,1
uhs11_1247--udt7105,parquet_commercial_202512_comm_MT,184950-2.parquet,1
uhs11_1247--udt7105,parquet_commercial_202512_comm_MT,184968-2.parquet,1
uhs11_1247--udt7105,parquet_commercial_202512_comm_MT,184983-2.parquet,2
uhs11_1247--udt7105,parquet_commercial_202512_comm_MT,185003-9.parquet,1
uhs11_1247--udt7105,parquet_commercial_202512_comm_MT,185008-9.parquet,1
uhs11_1247--udt7105,parquet_commercial_202512_comm_MT,185028-2.parquet,1
uhs11_1247--udt7105,parquet_residential_short_202512_res_MT,102854-4.parquet,32
uhs11_1247--udt7105,parquet_residential_short_202512_res_MT,106657-4.parquet,19
uhs11_1247--udt7105,parquet_residential_short_202512_res_MT,118679-4.parquet,1
uhs11_1247--udt7105,parquet_residential_short_202512_res_MT,118797-4.parquet,5
uhs11_1247--udt7105,parquet_residential_short_202512_res_MT,119073-4.parquet,8
uhs11_1247--udt7105,parquet_residential_short_202512_res_MT,121985-4.parquet,1
uhs11_1247--udt7105,parquet_residential_short_202512_res_MT,124374-4.parquet,1
uhs11_1247--udt7105,parquet_residential_short_202512_res_MT,131145-4.parquet,1
uhs11_1247--udt7105,parquet_residential_short_202512_res_MT,136309-4.parquet,20
uhs11_1247--udt7105,parquet_residential_short_202512_res_MT,138494-4.parquet,1
uhs11_1247--udt7105,parquet_residential_short_202512_res_MT,140071-4.parquet,3
uhs11_1247--udt7105,parquet_residential_short_202512_res_MT,142544-4.parquet,5
uhs11_1247--udt7105,parquet_residential_short_202512_res_MT,153454-4.parquet,1
uhs11_1247--udt7105,parquet_residential_short_202512_res_MT,162253-4.parquet,218
uhs11_1247--udt7105,parquet_residential_short_202512_res_MT,170488-4.parquet,6
uhs11_1247--udt7105,parquet_residential_short_202512_res_MT,180039-4.parquet,2
uhs11_1247--udt7105,parquet_residential_short_202512_res_MT,185745-4.parquet,93
uhs11_1247--udt7105,parquet_residential_short_202512_res_MT,201863-4.parquet,1
uhs11_1247--udt7105,parquet_residential_short_202512_res_MT,203702-4.parquet,3
uhs11_1247--udt7105,parquet_residential_short_202512_res_MT,209507-4.parquet,14
uhs11_1247--udt7105,parquet_residential_short_202512_res_MT,210194-4.parquet,3
uhs11_1247--udt7105,parquet_residential_short_202512_res_MT,214774-4.parquet,1
uhs11_1247--udt7105,parquet_residential_short_202512_res_MT,217886-4.parquet,1
uhs11_1247--udt7105,parquet_residential_short_202512_res_MT,229622-4.parquet,1
uhs11_1247--udt7105,parquet_residential_short_202512_res_MT,234488-4.parquet,2
uhs11_1247--udt7105,parquet_residential_short_202512_res_MT,238424-4.parquet,1
uhs11_1247--udt7105,parquet_residential_short_202512_res_MT,239542-4.parquet,2
uhs11_1247--udt7105,parquet_residential_short_202512_res_MT,256192-4.parquet,1
uhs11_1247--udt7105,parquet_residential_short_202512_res_MT,271955-4.parquet,2
uhs11_1247--udt7105,parquet_residential_short_202512_res_MT,276587-4.parquet,8
uhs11_1247--udt7105,parquet_residential_short_202512_res_MT,277210-4.parquet,6
uhs11_1247--udt7105,parquet_residential_short_202512_res_MT,278604-4.parquet,33
uhs11_1247--udt7105,parquet_residential_short_202512_res_MT,27882-4.parquet,1
uhs11_1247--udt7105,parquet_residential_short_202512_res_MT,305252-4.parquet,4
uhs11_1247--udt7105,parquet_residential_short_202512_res_MT,311002-4.parquet,1
uhs11_1247--udt7105,parquet_residential_short_202512_res_MT,314691-4.parquet,1
uhs11_1247--udt7105,parquet_residential_short_202512_res_MT,316244-4.parquet,1
uhs11_1247--udt7105,parquet_residential_short_202512_res_MT,338150-4.parquet,2
uhs11_1247--udt7105,parquet_residential_short_202512_res_MT,341215-4.parquet,1
uhs11_1247--udt7105,parquet_residential_short_202512_res_MT,341617-4.parquet,3
uhs11_1247--udt7105,parquet_residential_short_202512_res_MT,343012-4.parquet,1
uhs11_1247--udt7105,parquet_residential_short_202512_res_MT,345764-4.parquet,3
uhs11_1247--udt7105,parquet_residential_short_202512_res_MT,370023-4.parquet,3
uhs11_1247--udt7105,parquet_residential_short_202512_res_MT,387501-4.parquet,1
uhs11_1247--udt7105,parquet_residential_short_202512_res_MT,401600-4.parquet,71
uhs11_1247--udt7105,parquet_residential_short_202512_res_MT,406640-4.parquet,7
uhs11_1247--udt7105,parquet_residential_short_202512_res_MT,418448-4.parquet,2
uhs11_1247--udt7105,parquet_residential_short_202512_res_MT,42104-4.parquet,1
uhs11_1247--udt7105,parquet_residential_short_202512_res_MT,42376-4.parquet,3
uhs11_1247--udt7105,parquet_residential_short_202512_res_MT,424723-4.parquet,5
uhs11_1247--udt7105,parquet_residential_short_202512_res_MT,427948-4.parquet,46
uhs11_1247--udt7105,parquet_residential_short_202512_res_MT,437679-4.parquet,1
uhs11_1247--udt7105,parquet_residential_short_202512_res_MT,438998-4.parquet,2
uhs11_1247--udt7105,parquet_residential_short_202512_res_MT,449002-4.parquet,1
uhs11_1247--udt7105,parquet_residential_short_202512_res_MT,466189-4.parquet,14
uhs11_1247--udt7105,parquet_residential_short_202512_res_MT,476793-4.parquet,5
uhs11_1247--udt7105,parquet_residential_short_202512_res_MT,481916-4.parquet,9
uhs11_1247--udt7105,parquet_residential_short_202512_res_MT,486032-4.parquet,1
uhs11_1247--udt7105,parquet_residential_short_202512_res_MT,486410-4.parquet,2
uhs11_1247--udt7105,parquet_residential_short_202512_res_MT,493524-4.parquet,4
uhs11_1247--udt7105,parquet_residential_short_202512_res_MT,494052-4.parquet,1
uhs11_1247--udt7105,parquet_residential_short_202512_res_MT,494976-4.parquet,1
uhs11_1247--udt7105,parquet_residential_short_202512_res_MT,500793-4.parquet,1
uhs11_1247--udt7105,parquet_residential_short_202512_res_MT,500992-4.parquet,1
uhs11_1247--udt7105,parquet_residential_short_202512_res_MT,508034-4.parquet,1
uhs11_1247--udt7105,parquet_residential_short_202512_res_MT,513358-4.parquet,1
uhs11_1247--udt7105,parquet_residential_short_202512_res_MT,514429-4.parquet,1
uhs11_1247--udt7105,parquet_residential_short_202512_res_MT,527227-4.parquet,6
uhs11_1247--udt7105,parquet_residential_short_202512_res_MT,529425-4.parquet,26
uhs11_1247--udt7105,parquet_residential_short_202512_res_MT,535363-4.parquet,7
uhs11_1247--udt7105,parquet_residential_short_202512_res_MT,543184-4.parquet,6
uhs11_1247--udt7105,parquet_residential_short_202512_res_MT,547866-4.parquet,1
uhs11_1247--udt7105,parquet_residential_short_202512_res_MT,57049-4.parquet,5
uhs11_1247--udt7105,parquet_residential_short_202512_res_MT,57772-4.parquet,1
uhs11_1247--udt7105,parquet_residential_short_202512_res_MT,63328-4.parquet,3
uhs11_1247--udt7105,parquet_residential_short_202512_res_MT,66138-4.parquet,1
uhs11_1247--udt7105,parquet_residential_short_202512_res_MT,88623-4.parquet,1
uhs11_1247--udt7105,parquet_residential_short_202512_res_MT,88697-4.parquet,1
uhs11_1247--udt7105,parquet_residential_short_202512_res_MT,90560-4.parquet,3
uhs11_1247--udt7105,parquet_residential_short_202512_res_MT,94199-4.parquet,1
uhs11_1247--udt7105,parquet_residential_short_202512_res_MT,97519-4.parquet,3
uhs11_1247--udt8110,parquet_commercial_202512_comm_MT,184108-2.parquet,2
uhs11_1247--udt8110,parquet_commercial_202512_comm_MT,184115-2.parquet,1
uhs11_1247--udt8110,parquet_commercial_202512_comm_MT,184116-2.parquet,6
uhs11_1247--udt8110,parquet_commercial_202512_comm_MT,184128-2.parquet,1
uhs11_1247--udt8110,parquet_commercial_202512_comm_MT,184133-9.parquet,1
uhs11_1247--udt8110,parquet_commercial_202512_comm_MT,184141-2.parquet,1
uhs11_1247--udt8110,parquet_commercial_202512_comm_MT,184147-9.parquet,4
uhs11_1247--udt8110,parquet_commercial_202512_comm_MT,184154-2.parquet,1
uhs11_1247--udt8110,parquet_commercial_202512_comm_MT,184157-2.parquet,1
uhs11_1247--udt8110,parquet_commercial_202512_comm_MT,184207-2.parquet,3
uhs11_1247--udt8110,parquet_commercial_202512_comm_MT,184220-2.parquet,3
uhs11_1247--udt8110,parquet_commercial_202512_comm_MT,184223-2.parquet,1
uhs11_1247--udt8110,parquet_commercial_202512_comm_MT,184234-2.parquet,1
uhs11_1247--udt8110,parquet_commercial_202512_comm_MT,184246-9.parquet,1
uhs11_1247--udt8110,parquet_commercial_202512_comm_MT,184261-2.parquet,1
uhs11_1247--udt8110,parquet_commercial_202512_comm_MT,184288-2.parquet,1
uhs11_1247--udt8110,parquet_commercial_202512_comm_MT,184300-2.parquet,1
uhs11_1247--udt8110,parquet_commercial_202512_comm_MT,184313-2.parquet,1
uhs11_1247--udt8110,parquet_commercial_202512_comm_MT,184315-2.parquet,3
uhs11_1247--udt8110,parquet_commercial_202512_comm_MT,184342-9.parquet,3
uhs11_1247--udt8110,parquet_commercial_202512_comm_MT,184365-2.parquet,1
uhs11_1247--udt8110,parquet_commercial_202512_comm_MT,184377-2.parquet,1
uhs11_1247--udt8110,parquet_commercial_202512_comm_MT,184387-2.parquet,1
uhs11_1247--udt8110,parquet_commercial_202512_comm_MT,184391-9.parquet,1
uhs11_1247--udt8110,parquet_commercial_202512_comm_MT,184397-2.parquet,2
uhs11_1247--udt8110,parquet_commercial_202512_comm_MT,184401-9.parquet,1
uhs11_1247--udt8110,parquet_commercial_202512_comm_MT,184438-9.parquet,1
uhs11_1247--udt8110,parquet_commercial_202512_comm_MT,184441-9.parquet,1
uhs11_1247--udt8110,parquet_commercial_202512_comm_MT,184481-9.parquet,5
uhs11_1247--udt8110,parquet_commercial_202512_comm_MT,184492-2.parquet,1
uhs11_1247--udt8110,parquet_commercial_202512_comm_MT,184508-2.parquet,2
uhs11_1247--udt8110,parquet_commercial_202512_comm_MT,184512-2.parquet,1
uhs11_1247--udt8110,parquet_commercial_202512_comm_MT,184518-2.parquet,16
uhs11_1247--udt8110,parquet_commercial_202512_comm_MT,184551-9.parquet,1
uhs11_1247--udt8110,parquet_commercial_202512_comm_MT,184570-9.parquet,1
uhs11_1247--udt8110,parquet_commercial_202512_comm_MT,184587-2.parquet,2
uhs11_1247--udt8110,parquet_commercial_202512_comm_MT,184596-9.parquet,3
uhs11_1247--udt8110,parquet_commercial_202512_comm_MT,184616-2.parquet,2
uhs11_1247--udt8110,parquet_commercial_202512_comm_MT,184617-2.parquet,1
uhs11_1247--udt8110,parquet_commercial_202512_comm_MT,184619-9.parquet,1
uhs11_1247--udt8110,parquet_commercial_202512_comm_MT,184637-9.parquet,1
uhs11_1247--udt8110,parquet_commercial_202512_comm_MT,184646-9.parquet,3
uhs11_1247--udt8110,parquet_commercial_202512_comm_MT,184693-9.parquet,2
uhs11_1247--udt8110,parquet_commercial_202512_comm_MT,184694-2.parquet,1
uhs11_1247--udt8110,parquet_commercial_202512_comm_MT,184700-9.parquet,3
uhs11_1247--udt8110,parquet_commercial_202512_comm_MT,184706-2.parquet,1
uhs11_1247--udt8110,parquet_commercial_202512_comm_MT,184708-9.parquet,1
uhs11_1247--udt8110,parquet_commercial_202512_comm_MT,184717-9.parquet,3
uhs11_1247--udt8110,parquet_commercial_202512_comm_MT,184727-2.parquet,5
uhs11_1247--udt8110,parquet_commercial_202512_comm_MT,184732-2.parquet,1
uhs11_1247--udt8110,parquet_commercial_202512_comm_MT,184786-9.parquet,1
uhs11_1247--udt8110,parquet_commercial_202512_comm_MT,184797-2.parquet,1
uhs11_1247--udt8110,parquet_commercial_202512_comm_MT,184876-9.parquet,1
uhs11_1247--udt8110,parquet_commercial_202512_comm_MT,184887-2.parquet,1
uhs11_1247--udt8110,parquet_commercial_202512_comm_MT,184888-9.parquet,2
uhs11_1247--udt8110,parquet_commercial_202512_comm_MT,184929-2.parquet,3
uhs11_1247--udt8110,parquet_commercial_202512_comm_MT,184934-2.parquet,1
uhs11_1247--udt8110,parquet_commercial_202512_comm_MT,184941-2.parquet,1
uhs11_1247--udt8110,parquet_commercial_202512_comm_MT,184953-9.parquet,2
uhs11_1247--udt8110,parquet_commercial_202512_comm_MT,184954-2.parquet,1
uhs11_1247--udt8110,parquet_commercial_202512_comm_MT,184983-2.parquet,1
uhs11_1247--udt8110,parquet_commercial_202512_comm_MT,185003-9.parquet,1
uhs11_1247--udt8110,parquet_commercial_202512_comm_MT,185005-9.parquet,1
uhs11_1247--udt8110,parquet_commercial_202512_comm_MT,185008-9.parquet,2
uhs11_1247--udt8110,parquet_commercial_202512_comm_MT,185012-9.parquet,1
uhs11_1247--udt8110,parquet_commercial_202512_comm_MT,185025-9.parquet,1
uhs11_1247--udt8110,parquet_residential_short_202512_res_MT,102854-4.parquet,27
uhs11_1247--udt8110,parquet_residential_short_202512_res_MT,106657-4.parquet,31
uhs11_1247--udt8110,parquet_residential_short_202512_res_MT,117464-4.parquet,1
uhs11_1247--udt8110,parquet_residential_short_202512_res_MT,118797-4.parquet,7
uhs11_1247--udt8110,parquet_residential_short_202512_res_MT,119073-4.parquet,12
uhs11_1247--udt8110,parquet_residential_short_202512_res_MT,119460-4.parquet,1
uhs11_1247--udt8110,parquet_residential_short_202512_res_MT,131145-4.parquet,1
uhs11_1247--udt8110,parquet_residential_short_202512_res_MT,136303-4.parquet,3
uhs11_1247--udt8110,parquet_residential_short_202512_res_MT,136309-4.parquet,20
uhs11_1247--udt8110,parquet_residential_short_202512_res_MT,140071-4.parquet,11
uhs11_1247--udt8110,parquet_residential_short_202512_res_MT,142544-4.parquet,6
uhs11_1247--udt8110,parquet_residential_short_202512_res_MT,14281-4.parquet,6
uhs11_1247--udt8110,parquet_residential_short_202512_res_MT,147301-4.parquet,1
uhs11_1247--udt8110,parquet_residential_short_202512_res_MT,149272-4.parquet,1
uhs11_1247--udt8110,parquet_residential_short_202512_res_MT,153454-4.parquet,10
uhs11_1247--udt8110,parquet_residential_short_202512_res_MT,156849-4.parquet,2
uhs11_1247--udt8110,parquet_residential_short_202512_res_MT,162253-4.parquet,214
uhs11_1247--udt8110,parquet_residential_short_202512_res_MT,170488-4.parquet,4
uhs11_1247--udt8110,parquet_residential_short_202512_res_MT,180039-4.parquet,5
uhs11_1247--udt8110,parquet_residential_short_202512_res_MT,182480-4.parquet,1
uhs11_1247--udt8110,parquet_residential_short_202512_res_MT,183427-4.parquet,1
uhs11_1247--udt8110,parquet_residential_short_202512_res_MT,185745-4.parquet,114
uhs11_1247--udt8110,parquet_residential_short_202512_res_MT,203702-4.parquet,13
uhs11_1247--udt8110,parquet_residential_short_202512_res_MT,209507-4.parquet,10
uhs11_1247--udt8110,parquet_residential_short_202512_res_MT,210194-4.parquet,2
uhs11_1247--udt8110,parquet_residential_short_202512_res_MT,211030-4.parquet,1
uhs11_1247--udt8110,parquet_residential_short_202512_res_MT,216380-4.parquet,1
uhs11_1247--udt8110,parquet_residential_short_202512_res_MT,217886-4.parquet,2
uhs11_1247--udt8110,parquet_residential_short_202512_res_MT,22595-4.parquet,1
uhs11_1247--udt8110,parquet_residential_short_202512_res_MT,234488-4.parquet,3
uhs11_1247--udt8110,parquet_residential_short_202512_res_MT,239542-4.parquet,5
uhs11_1247--udt8110,parquet_residential_short_202512_res_MT,256192-4.parquet,5
uhs11_1247--udt8110,parquet_residential_short_202512_res_MT,271955-4.parquet,2
uhs11_1247--udt8110,parquet_residential_short_202512_res_MT,275870-4.parquet,1
uhs11_1247--udt8110,parquet_residential_short_202512_res_MT,276587-4.parquet,11
uhs11_1247--udt8110,parquet_residential_short_202512_res_MT,277210-4.parquet,2
uhs11_1247--udt8110,parquet_residential_short_202512_res_MT,278296-4.parquet,1
uhs11_1247--udt8110,parquet_residential_short_202512_res_MT,278604-4.parquet,48
uhs11_1247--udt8110,parquet_residential_short_202512_res_MT,27882-4.parquet,8
uhs11_1247--udt8110,parquet_residential_short_202512_res_MT,305252-4.parquet,1
uhs11_1247--udt8110,parquet_residential_short_202512_res_MT,311002-4.parquet,7
uhs11_1247--udt8110,parquet_residential_short_202512_res_MT,312392-4.parquet,2
uhs11_1247--udt8110,parquet_residential_short_202512_res_MT,314691-4.parquet,5
uhs11_1247--udt8110,parquet_residential_short_202512_res_MT,316244-4.parquet,2
uhs11_1247--udt8110,parquet_residential_short_202512_res_MT,338150-4.parquet,1
uhs11_1247--udt8110,parquet_residential_short_202512_res_MT,341215-4.parquet,1
uhs11_1247--udt8110,parquet_residential_short_202512_res_MT,341617-4.parquet,1
uhs11_1247--udt8110,parquet_residential_short_202512_res_MT,343012-4.parquet,1
uhs11_1247--udt8110,parquet_residential_short_202512_res_MT,343688-4.parquet,1
uhs11_1247--udt8110,parquet_residential_short_202512_res_MT,345764-4.parquet,1
uhs11_1247--udt8110,parquet_residential_short_202512_res_MT,370023-4.parquet,4
uhs11_1247--udt8110,parquet_residential_short_202512_res_MT,371830-4.parquet,1
uhs11_1247--udt8110,parquet_residential_short_202512_res_MT,401600-4.parquet,135
uhs11_1247--udt8110,parquet_residential_short_202512_res_MT,403077-4.parquet,1
uhs11_1247--udt8110,parquet_residential_short_202512_res_MT,405081-4.parquet,1
uhs11_1247--udt8110,parquet_residential_short_202512_res_MT,406640-4.parquet,13
uhs11_1247--udt8110,parquet_residential_short_202512_res_MT,410527-4.parquet,3
uhs11_1247--udt8110,parquet_residential_short_202512_res_MT,411750-4.parquet,3
uhs11_1247--udt8110,parquet_residential_short_202512_res_MT,418448-4.parquet,2
uhs11_1247--udt8110,parquet_residential_short_202512_res_MT,42104-4.parquet,1
uhs11_1247--udt8110,parquet_residential_short_202512_res_MT,42376-4.parquet,6
uhs11_1247--udt8110,parquet_residential_short_202512_res_MT,423918-4.parquet,1
uhs11_1247--udt8110,parquet_residential_short_202512_res_MT,427948-4.parquet,43
uhs11_1247--udt8110,parquet_residential_short_202512_res_MT,437679-4.parquet,4
uhs11_1247--udt8110,parquet_residential_short_202512_res_MT,445537-4.parquet,2
uhs11_1247--udt8110,parquet_residential_short_202512_res_MT,458883-4.parquet,4
uhs11_1247--udt8110,parquet_residential_short_202512_res_MT,464253-4.parquet,1
uhs11_1247--udt8110,parquet_residential_short_202512_res_MT,466189-4.parquet,16
uhs11_1247--udt8110,parquet_residential_short_202512_res_MT,468325-4.parquet,1
uhs11_1247--udt8110,parquet_residential_short_202512_res_MT,471837-4.parquet,1
uhs11_1247--udt8110,parquet_residential_short_202512_res_MT,475383-4.parquet,5
uhs11_1247--udt8110,parquet_residential_short_202512_res_MT,476793-4.parquet,14
uhs11_1247--udt8110,parquet_residential_short_202512_res_MT,481916-4.parquet,12
uhs11_1247--udt8110,parquet_residential_short_202512_res_MT,484947-4.parquet,1
uhs11_1247--udt8110,parquet_residential_short_202512_res_MT,486032-4.parquet,1
uhs11_1247--udt8110,parquet_residential_short_202512_res_MT,486410-4.parquet,1
uhs11_1247--udt8110,parquet_residential_short_202512_res_MT,490684-4.parquet,8
uhs11_1247--udt8110,parquet_residential_short_202512_res_MT,492040-4.parquet,4
uhs11_1247--udt8110,parquet_residential_short_202512_res_MT,493524-4.parquet,4
uhs11_1247--udt8110,parquet_residential_short_202512_res_MT,494052-4.parquet,1
uhs11_1247--udt8110,parquet_residential_short_202512_res_MT,500793-4.parquet,6
uhs11_1247--udt8110,parquet_residential_short_202512_res_MT,503397-4.parquet,2
uhs11_1247--udt8110,parquet_residential_short_202512_res_MT,508034-4.parquet,3
uhs11_1247--udt8110,parquet_residential_short_202512_res_MT,513358-4.parquet,3
uhs11_1247--udt8110,parquet_residential_short_202512_res_MT,514429-4.parquet,1
uhs11_1247--udt8110,parquet_residential_short_202512_res_MT,527227-4.parquet,4
uhs11_1247--udt8110,parquet_residential_short_202512_res_MT,529425-4.parquet,30
uhs11_1247--udt8110,parquet_residential_short_202512_res_MT,535363-4.parquet,9
uhs11_1247--udt8110,parquet_residential_short_202512_res_MT,537910-4.parquet,1
uhs11_1247--udt8110,parquet_residential_short_202512_res_MT,543184-4.parquet,7
uhs11_1247--udt8110,parquet_residential_short_202512_res_MT,547866-4.parquet,1
uhs11_1247--udt8110,parquet_residential_short_202512_res_MT,548907-4.parquet,1
uhs11_1247--udt8110,parquet_residential_short_202512_res_MT,57049-4.parquet,3
uhs11_1247--udt8110,parquet_residential_short_202512_res_MT,57772-4.parquet,2
uhs11_1247--udt8110,parquet_residential_short_202512_res_MT,63328-4.parquet,4
uhs11_1247--udt8110,parquet_residential_short_202512_res_MT,64056-4.parquet,7
uhs11_1247--udt8110,parquet_residential_short_202512_res_MT,66138-4.parquet,1
uhs11_1247--udt8110,parquet_residential_short_202512_res_MT,88623-4.parquet,1
uhs11_1247--udt8110,parquet_residential_short_202512_res_MT,88697-4.parquet,1
uhs11_1247--udt8110,parquet_residential_short_202512_res_MT,9342-4.parquet,1
uhs11_1247--udt8110,parquet_residential_short_202512_res_MT,97519-4.parquet,7
uhs11_1247--udt8110,parquet_residential_short_202512_res_MT,99076-4.parquet,1
uhs12_1247--udt1278,parquet_commercial_202512_comm_MT,184116-2.parquet,1
uhs12_1247--udt1278,parquet_commercial_202512_comm_MT,184168-9.parquet,1
uhs12_1247--udt1278,parquet_commercial_202512_comm_MT,184207-2.parquet,2
uhs12_1247--udt1278,parquet_commercial_202512_comm_MT,184220-2.parquet,5
uhs12_1247--udt1278,parquet_commercial_202512_comm_MT,184315-2.parquet,3
uhs12_1247--udt1278,parquet_commercial_202512_comm_MT,184365-2.parquet,1
uhs12_1247--udt1278,parquet_commercial_202512_comm_MT,184433-2.parquet,1
uhs12_1247--udt1278,parquet_commercial_202512_comm_MT,184438-9.parquet,1
uhs12_1247--udt1278,parquet_commercial_202512_comm_MT,184483-2.parquet,1
uhs12_1247--udt1278,parquet_commercial_202512_comm_MT,184495-2.parquet,1
uhs12_1247--udt1278,parquet_commercial_202512_comm_MT,184508-2.parquet,1
uhs12_1247--udt1278,parquet_commercial_202512_comm_MT,184522-2.parquet,1
uhs12_1247--udt1278,parquet_commercial_202512_comm_MT,184612-9.parquet,1
uhs12_1247--udt1278,parquet_commercial_202512_comm_MT,184616-2.parquet,1
uhs12_1247--udt1278,parquet_commercial_202512_comm_MT,184637-9.parquet,1
uhs12_1247--udt1278,parquet_commercial_202512_comm_MT,184646-9.parquet,1
uhs12_1247--udt1278,parquet_commercial_202512_comm_MT,184700-9.parquet,1
uhs12_1247--udt1278,parquet_commercial_202512_comm_MT,184717-9.parquet,3
uhs12_1247--udt1278,parquet_commercial_202512_comm_MT,184763-2.parquet,1
uhs12_1247--udt1278,parquet_commercial_202512_comm_MT,184857-9.parquet,1
uhs12_1247--udt1278,parquet_commercial_202512_comm_MT,185022-2.parquet,1
uhs12_1247--udt1278,parquet_residential_short_202512_res_MT,101078-4.parquet,1
uhs12_1247--udt1278,parquet_residential_short_202512_res_MT,102854-4.parquet,95
uhs12_1247--udt1278,parquet_residential_short_202512_res_MT,106657-4.parquet,31
uhs12_1247--udt1278,parquet_residential_short_202512_res_MT,108254-4.parquet,1
uhs12_1247--udt1278,parquet_residential_short_202512_res_MT,118797-4.parquet,3
uhs12_1247--udt1278,parquet_residential_short_202512_res_MT,119073-4.parquet,18
uhs12_1247--udt1278,parquet_residential_short_202512_res_MT,119460-4.parquet,1
uhs12_1247--udt1278,parquet_residential_short_202512_res_MT,121985-4.parquet,1
uhs12_1247--udt1278,parquet_residential_short_202512_res_MT,131145-4.parquet,5
uhs12_1247--udt1278,parquet_residential_short_202512_res_MT,136303-4.parquet,2
uhs12_1247--udt1278,parquet_residential_short_202512_res_MT,136309-4.parquet,49
uhs12_1247--udt1278,parquet_residential_short_202512_res_MT,138494-4.parquet,8
uhs12_1247--udt1278,parquet_residential_short_202512_res_MT,140071-4.parquet,17
uhs12_1247--udt1278,parquet_residential_short_202512_res_MT,142544-4.parquet,2
uhs12_1247--udt1278,parquet_residential_short_202512_res_MT,14281-4.parquet,2
uhs12_1247--udt1278,parquet_residential_short_202512_res_MT,150214-4.parquet,1
uhs12_1247--udt1278,parquet_residential_short_202512_res_MT,153454-4.parquet,4
uhs12_1247--udt1278,parquet_residential_short_202512_res_MT,154106-4.parquet,2
uhs12_1247--udt1278,parquet_residential_short_202512_res_MT,154367-4.parquet,1
uhs12_1247--udt1278,parquet_residential_short_202512_res_MT,158072-4.parquet,1
uhs12_1247--udt1278,parquet_residential_short_202512_res_MT,162253-4.parquet,149
uhs12_1247--udt1278,parquet_residential_short_202512_res_MT,170488-4.parquet,8
uhs12_1247--udt1278,parquet_residential_short_202512_res_MT,180039-4.parquet,8
uhs12_1247--udt1278,parquet_residential_short_202512_res_MT,185745-4.parquet,149
uhs12_1247--udt1278,parquet_residential_short_202512_res_MT,201863-4.parquet,1
uhs12_1247--udt1278,parquet_residential_short_202512_res_MT,203702-4.parquet,25
uhs12_1247--udt1278,parquet_residential_short_202512_res_MT,209507-4.parquet,10
uhs12_1247--udt1278,parquet_residential_short_202512_res_MT,210194-4.parquet,2
uhs12_1247--udt1278,parquet_residential_short_202512_res_MT,211030-4.parquet,1
uhs12_1247--udt1278,parquet_residential_short_202512_res_MT,214774-4.parquet,1
uhs12_1247--udt1278,parquet_residential_short_202512_res_MT,217886-4.parquet,3
uhs12_1247--udt1278,parquet_residential_short_202512_res_MT,226832-4.parquet,2
uhs12_1247--udt1278,parquet_residential_short_202512_res_MT,234488-4.parquet,5
uhs12_1247--udt1278,parquet_residential_short_202512_res_MT,239542-4.parquet,3
uhs12_1247--udt1278,parquet_residential_short_202512_res_MT,256192-4.parquet,4
uhs12_1247--udt1278,parquet_residential_short_202512_res_MT,271955-4.parquet,1
uhs12_1247--udt1278,parquet_residential_short_202512_res_MT,276587-4.parquet,46
uhs12_1247--udt1278,parquet_residential_short_202512_res_MT,277210-4.parquet,10
uhs12_1247--udt1278,parquet_residential_short_202512_res_MT,278604-4.parquet,17
uhs12_1247--udt1278,parquet_residential_short_202512_res_MT,305252-4.parquet,4
uhs12_1247--udt1278,parquet_residential_short_202512_res_MT,311002-4.parquet,8
uhs12_1247--udt1278,parquet_residential_short_202512_res_MT,314691-4.parquet,5
uhs12_1247--udt1278,parquet_residential_short_202512_res_MT,316244-4.parquet,4
uhs12_1247--udt1278,parquet_residential_short_202512_res_MT,324393-4.parquet,1
uhs12_1247--udt1278,parquet_residential_short_202512_res_MT,325203-4.parquet,1
uhs12_1247--udt1278,parquet_residential_short_202512_res_MT,338150-4.parquet,5
uhs12_1247--udt1278,parquet_residential_short_202512_res_MT,338628-4.parquet,2
uhs12_1247--udt1278,parquet_residential_short_202512_res_MT,339121-4.parquet,1
uhs12_1247--udt1278,parquet_residential_short_202512_res_MT,341215-4.parquet,2
uhs12_1247--udt1278,parquet_residential_short_202512_res_MT,341617-4.parquet,9
uhs12_1247--udt1278,parquet_residential_short_202512_res_MT,345764-4.parquet,4
uhs12_1247--udt1278,parquet_residential_short_202512_res_MT,356468-4.parquet,1
uhs12_1247--udt1278,parquet_residential_short_202512_res_MT,370023-4.parquet,4
uhs12_1247--udt1278,parquet_residential_short_202512_res_MT,371830-4.parquet,2
uhs12_1247--udt1278,parquet_residential_short_202512_res_MT,387501-4.parquet,1
uhs12_1247--udt1278,parquet_residential_short_202512_res_MT,393147-4.parquet,1
uhs12_1247--udt1278,parquet_residential_short_202512_res_MT,401600-4.parquet,192
uhs12_1247--udt1278,parquet_residential_short_202512_res_MT,402646-4.parquet,2
uhs12_1247--udt1278,parquet_residential_short_202512_res_MT,405081-4.parquet,2
uhs12_1247--udt1278,parquet_residential_short_202512_res_MT,406640-4.parquet,45
uhs12_1247--udt1278,parquet_residential_short_202512_res_MT,410527-4.parquet,8
uhs12_1247--udt1278,parquet_residential_short_202512_res_MT,418448-4.parquet,5
uhs12_1247--udt1278,parquet_residential_short_202512_res_MT,42376-4.parquet,7
uhs12_1247--udt1278,parquet_residential_short_202512_res_MT,423918-4.parquet,1
uhs12_1247--udt1278,parquet_residential_short_202512_res_MT,424723-4.parquet,4
uhs12_1247--udt1278,parquet_residential_short_202512_res_MT,427948-4.parquet,113
uhs12_1247--udt1278,parquet_residential_short_202512_res_MT,437679-4.parquet,2
uhs12_1247--udt1278,parquet_residential_short_202512_res_MT,438998-4.parquet,5
uhs12_1247--udt1278,parquet_residential_short_202512_res_MT,445537-4.parquet,1
uhs12_1247--udt1278,parquet_residential_short_202512_res_MT,458883-4.parquet,3
uhs12_1247--udt1278,parquet_residential_short_202512_res_MT,464253-4.parquet,1
uhs12_1247--udt1278,parquet_residential_short_202512_res_MT,466189-4.parquet,11
uhs12_1247--udt1278,parquet_residential_short_202512_res_MT,472451-4.parquet,1
uhs12_1247--udt1278,parquet_residential_short_202512_res_MT,475383-4.parquet,1
uhs12_1247--udt1278,parquet_residential_short_202512_res_MT,476793-4.parquet,18
uhs12_1247--udt1278,parquet_residential_short_202512_res_MT,481916-4.parquet,11
uhs12_1247--udt1278,parquet_residential_short_202512_res_MT,486032-4.parquet,5
uhs12_1247--udt1278,parquet_residential_short_202512_res_MT,486410-4.parquet,5
uhs12_1247--udt1278,parquet_residential_short_202512_res_MT,486622-4.parquet,1
uhs12_1247--udt1278,parquet_residential_short_202512_res_MT,490684-4.parquet,7
uhs12_1247--udt1278,parquet_residential_short_202512_res_MT,492040-4.parquet,1
uhs12_1247--udt1278,parquet_residential_short_202512_res_MT,493524-4.parquet,10
uhs12_1247--udt1278,parquet_residential_short_202512_res_MT,500793-4.parquet,8
uhs12_1247--udt1278,parquet_residential_short_202512_res_MT,500992-4.parquet,1
uhs12_1247--udt1278,parquet_residential_short_202512_res_MT,508034-4.parquet,4
uhs12_1247--udt1278,parquet_residential_short_202512_res_MT,513358-4.parquet,7
uhs12_1247--udt1278,parquet_residential_short_202512_res_MT,514429-4.parquet,4
uhs12_1247--udt1278,parquet_residential_short_202512_res_MT,527227-4.parquet,9
uhs12_1247--udt1278,parquet_residential_short_202512_res_MT,529425-4.parquet,56
uhs12_1247--udt1278,parquet_residential_short_202512_res_MT,535363-4.parquet,13
uhs12_1247--udt1278,parquet_residential_short_202512_res_MT,537910-4.parquet,1
uhs12_1247--udt1278,parquet_residential_short_202512_res_MT,543184-4.parquet,9
uhs12_1247--udt1278,parquet_residential_short_202512_res_MT,57772-4.parquet,16
uhs12_1247--udt1278,parquet_residential_short_202512_res_MT,63328-4.parquet,6
uhs12_1247--udt1278,parquet_residential_short_202512_res_MT,64056-4.parquet,24
uhs12_1247--udt1278,parquet_residential_short_202512_res_MT,64092-4.parquet,1
uhs12_1247--udt1278,parquet_residential_short_202512_res_MT,66138-4.parquet,10
uhs12_1247--udt1278,parquet_residential_short_202512_res_MT,81904-4.parquet,1
uhs12_1247--udt1278,parquet_residential_short_202512_res_MT,84355-4.parquet,1
uhs12_1247--udt1278,parquet_residential_short_202512_res_MT,86159-4.parquet,2
uhs12_1247--udt1278,parquet_residential_short_202512_res_MT,88623-4.parquet,3
uhs12_1247--udt1278,parquet_residential_short_202512_res_MT,90560-4.parquet,7
uhs12_1247--udt1278,parquet_residential_short_202512_res_MT,93871-4.parquet,4
uhs12_1247--udt1278,parquet_residential_short_202512_res_MT,97519-4.parquet,3
uhs12_1247--udt1278,parquet_residential_short_202512_res_MT,99076-4.parquet,6
uhs12_1247--udt15482,parquet_commercial_202512_comm_MT,184108-2.parquet,2
uhs12_1247--udt15482,parquet_commercial_202512_comm_MT,184116-2.parquet,1
uhs12_1247--udt15482,parquet_commercial_202512_comm_MT,184147-9.parquet,1
uhs12_1247--udt15482,parquet_commercial_202512_comm_MT,184154-2.parquet,4
uhs12_1247--udt15482,parquet_commercial_202512_comm_MT,184157-2.parquet,1
uhs12_1247--udt15482,parquet_commercial_202512_comm_MT,184179-9.parquet,10
uhs12_1247--udt15482,parquet_commercial_202512_comm_MT,184181-9.parquet,1
uhs12_1247--udt15482,parquet_commercial_202512_comm_MT,184183-2.parquet,1
uhs12_1247--udt15482,parquet_commercial_202512_comm_MT,184202-2.parquet,1
uhs12_1247--udt15482,parquet_commercial_202512_comm_MT,184220-2.parquet,9
uhs12_1247--udt15482,parquet_commercial_202512_comm_MT,184278-2.parquet,1
uhs12_1247--udt15482,parquet_commercial_202512_comm_MT,184287-9.parquet,2
uhs12_1247--udt15482,parquet_commercial_202512_comm_MT,184288-2.parquet,3
uhs12_1247--udt15482,parquet_commercial_202512_comm_MT,184315-2.parquet,3
uhs12_1247--udt15482,parquet_commercial_202512_comm_MT,184342-9.parquet,1
uhs12_1247--udt15482,parquet_commercial_202512_comm_MT,184377-2.parquet,2
uhs12_1247--udt15482,parquet_commercial_202512_comm_MT,184391-9.parquet,3
uhs12_1247--udt15482,parquet_commercial_202512_comm_MT,184433-2.parquet,18
uhs12_1247--udt15482,parquet_commercial_202512_comm_MT,184438-9.parquet,10
uhs12_1247--udt15482,parquet_commercial_202512_comm_MT,184456-2.parquet,1
uhs12_1247--udt15482,parquet_commercial_202512_comm_MT,184478-9.parquet,3
uhs12_1247--udt15482,parquet_commercial_202512_comm_MT,184481-9.parquet,5
uhs12_1247--udt15482,parquet_commercial_202512_comm_MT,184484-2.parquet,1
uhs12_1247--udt15482,parquet_commercial_202512_comm_MT,184492-2.parquet,3
uhs12_1247--udt15482,parquet_commercial_202512_comm_MT,184512-2.parquet,2
uhs12_1247--udt15482,parquet_commercial_202512_comm_MT,184518-2.parquet,32
uhs12_1247--udt15482,parquet_commercial_202512_comm_MT,184527-9.parquet,3
uhs12_1247--udt15482,parquet_commercial_202512_comm_MT,184529-2.parquet,1
uhs12_1247--udt15482,parquet_commercial_202512_comm_MT,184544-2.parquet,4
uhs12_1247--udt15482,parquet_commercial_202512_comm_MT,184581-9.parquet,1
uhs12_1247--udt15482,parquet_commercial_202512_comm_MT,184590-2.parquet,1
uhs12_1247--udt15482,parquet_commercial_202512_comm_MT,184596-9.parquet,1
uhs12_1247--udt15482,parquet_commercial_202512_comm_MT,184616-2.parquet,1
uhs12_1247--udt15482,parquet_commercial_202512_comm_MT,184637-9.parquet,2
uhs12_1247--udt15482,parquet_commercial_202512_comm_MT,184646-9.parquet,1
uhs12_1247--udt15482,parquet_commercial_202512_comm_MT,184687-2.parquet,1
uhs12_1247--udt15482,parquet_commercial_202512_comm_MT,184693-9.parquet,3
uhs12_1247--udt15482,parquet_commercial_202512_comm_MT,184697-9.parquet,1
uhs12_1247--udt15482,parquet_commercial_202512_comm_MT,184700-9.parquet,78
uhs12_1247--udt15482,parquet_commercial_202512_comm_MT,184717-9.parquet,7
uhs12_1247--udt15482,parquet_commercial_202512_comm_MT,184727-2.parquet,4
uhs12_1247--udt15482,parquet_commercial_202512_comm_MT,184767-2.parquet,1
uhs12_1247--udt15482,parquet_commercial_202512_comm_MT,184772-2.parquet,1
uhs12_1247--udt15482,parquet_commercial_202512_comm_MT,184793-9.parquet,1
uhs12_1247--udt15482,parquet_commercial_202512_comm_MT,184798-9.parquet,1
uhs12_1247--udt15482,parquet_commercial_202512_comm_MT,184799-2.parquet,1
uhs12_1247--udt15482,parquet_commercial_202512_comm_MT,184823-2.parquet,4
uhs12_1247--udt15482,parquet_commercial_202512_comm_MT,184831-9.parquet,5
uhs12_1247--udt15482,parquet_commercial_202512_comm_MT,184849-9.parquet,1
uhs12_1247--udt15482,parquet_commercial_202512_comm_MT,184857-9.parquet,1
uhs12_1247--udt15482,parquet_commercial_202512_comm_MT,184874-9.parquet,1
uhs12_1247--udt15482,parquet_commercial_202512_comm_MT,184887-2.parquet,1
uhs12_1247--udt15482,parquet_commercial_202512_comm_MT,184888-9.parquet,1
uhs12_1247--udt15482,parquet_commercial_202512_comm_MT,184894-9.parquet,1
uhs12_1247--udt15482,parquet_commercial_202512_comm_MT,184920-2.parquet,3
uhs12_1247--udt15482,parquet_commercial_202512_comm_MT,184935-2.parquet,1
uhs12_1247--udt15482,parquet_commercial_202512_comm_MT,184942-9.parquet,1
uhs12_1247--udt15482,parquet_commercial_202512_comm_MT,184953-9.parquet,2
uhs12_1247--udt15482,parquet_commercial_202512_comm_MT,184996-2.parquet,1
uhs12_1247--udt15482,parquet_commercial_202512_comm_MT,185003-9.parquet,1
uhs12_1247--udt15482,parquet_commercial_202512_comm_MT,185019-9.parquet,1
uhs12_1247--udt15482,parquet_residential_short_202512_res_MT,102854-4.parquet,18
uhs12_1247--udt15482,parquet_residential_short_202512_res_MT,106657-4.parquet,16
uhs12_1247--udt15482,parquet_residential_short_202512_res_MT,117464-4.parquet,2
uhs12_1247--udt15482,parquet_residential_short_202512_res_MT,118797-4.parquet,2
uhs12_1247--udt15482,parquet_residential_short_202512_res_MT,119073-4.parquet,6
uhs12_1247--udt15482,parquet_residential_short_202512_res_MT,121985-4.parquet,1
uhs12_1247--udt15482,parquet_residential_short_202512_res_MT,136309-4.parquet,14
uhs12_1247--udt15482,parquet_residential_short_202512_res_MT,140071-4.parquet,3
uhs12_1247--udt15482,parquet_residential_short_202512_res_MT,142544-4.parquet,1
uhs12_1247--udt15482,parquet_residential_short_202512_res_MT,14281-4.parquet,1
uhs12_1247--udt15482,parquet_residential_short_202512_res_MT,153454-4.parquet,1
uhs12_1247--udt15482,parquet_residential_short_202512_res_MT,154106-4.parquet,1
uhs12_1247--udt15482,parquet_residential_short_202512_res_MT,156849-4.parquet,4
uhs12_1247--udt15482,parquet_residential_short_202512_res_MT,162253-4.parquet,82
uhs12_1247--udt15482,parquet_residential_short_202512_res_MT,170488-4.parquet,6
uhs12_1247--udt15482,parquet_residential_short_202512_res_MT,180039-4.parquet,1
uhs12_1247--udt15482,parquet_residential_short_202512_res_MT,183427-4.parquet,2
uhs12_1247--udt15482,parquet_residential_short_202512_res_MT,185745-4.parquet,52
uhs12_1247--udt15482,parquet_residential_short_202512_res_MT,200860-4.parquet,1
uhs12_1247--udt15482,parquet_residential_short_202512_res_MT,201863-4.parquet,3
uhs12_1247--udt15482,parquet_residential_short_202512_res_MT,203702-4.parquet,10
uhs12_1247--udt15482,parquet_residential_short_202512_res_MT,209507-4.parquet,4
uhs12_1247--udt15482,parquet_residential_short_202512_res_MT,210194-4.parquet,4
uhs12_1247--udt15482,parquet_residential_short_202512_res_MT,216380-4.parquet,3
uhs12_1247--udt15482,parquet_residential_short_202512_res_MT,217886-4.parquet,1
uhs12_1247--udt15482,parquet_residential_short_202512_res_MT,234488-4.parquet,1
uhs12_1247--udt15482,parquet_residential_short_202512_res_MT,251857-4.parquet,2
uhs12_1247--udt15482,parquet_residential_short_202512_res_MT,255145-4.parquet,2
uhs12_1247--udt15482,parquet_residential_short_202512_res_MT,256192-4.parquet,1
uhs12_1247--udt15482,parquet_residential_short_202512_res_MT,276587-4.parquet,9
uhs12_1247--udt15482,parquet_residential_short_202512_res_MT,277210-4.parquet,8
uhs12_1247--udt15482,parquet_residential_short_202512_res_MT,278604-4.parquet,11
uhs12_1247--udt15482,parquet_residential_short_202512_res_MT,281307-4.parquet,1
uhs12_1247--udt15482,parquet_residential_short_202512_res_MT,305252-4.parquet,4
uhs12_1247--udt15482,parquet_residential_short_202512_res_MT,311002-4.parquet,2
uhs12_1247--udt15482,parquet_residential_short_202512_res_MT,314691-4.parquet,1
uhs12_1247--udt15482,parquet_residential_short_202512_res_MT,316244-4.parquet,2
uhs12_1247--udt15482,parquet_residential_short_202512_res_MT,338150-4.parquet,1
uhs12_1247--udt15482,parquet_residential_short_202512_res_MT,338628-4.parquet,1
uhs12_1247--udt15482,parquet_residential_short_202512_res_MT,341617-4.parquet,2
uhs12_1247--udt15482,parquet_residential_short_202512_res_MT,345764-4.parquet,1
uhs12_1247--udt15482,parquet_residential_short_202512_res_MT,370023-4.parquet,1
uhs12_1247--udt15482,parquet_residential_short_202512_res_MT,393147-4.parquet,1
uhs12_1247--udt15482,parquet_residential_short_202512_res_MT,394476-4.parquet,2
uhs12_1247--udt15482,parquet_residential_short_202512_res_MT,401600-4.parquet,55
uhs12_1247--udt15482,parquet_residential_short_202512_res_MT,406640-4.parquet,8
uhs12_1247--udt15482,parquet_residential_short_202512_res_MT,418448-4.parquet,3
uhs12_1247--udt15482,parquet_residential_short_202512_res_MT,42376-4.parquet,3
uhs12_1247--udt15482,parquet_residential_short_202512_res_MT,424723-4.parquet,2
uhs12_1247--udt15482,parquet_residential_short_202512_res_MT,427948-4.parquet,25
uhs12_1247--udt15482,parquet_residential_short_202512_res_MT,4605-4.parquet,1
uhs12_1247--udt15482,parquet_residential_short_202512_res_MT,466189-4.parquet,2
uhs12_1247--udt15482,parquet_residential_short_202512_res_MT,468325-4.parquet,2
uhs12_1247--udt15482,parquet_residential_short_202512_res_MT,471837-4.parquet,9
uhs12_1247--udt15482,parquet_residential_short_202512_res_MT,476793-4.parquet,4
uhs12_1247--udt15482,parquet_residential_short_202512_res_MT,481916-4.parquet,5
uhs12_1247--udt15482,parquet_residential_short_202512_res_MT,484947-4.parquet,1
uhs12_1247--udt15482,parquet_residential_short_202512_res_MT,486032-4.parquet,3
uhs12_1247--udt15482,parquet_residential_short_202512_res_MT,492040-4.parquet,2
uhs12_1247--udt15482,parquet_residential_short_202512_res_MT,493524-4.parquet,1
uhs12_1247--udt15482,parquet_residential_short_202512_res_MT,494052-4.parquet,3
uhs12_1247--udt15482,parquet_residential_short_202512_res_MT,494976-4.parquet,1
uhs12_1247--udt15482,parquet_residential_short_202512_res_MT,500793-4.parquet,1
uhs12_1247--udt15482,parquet_residential_short_202512_res_MT,508034-4.parquet,1
uhs12_1247--udt15482,parquet_residential_short_202512_res_MT,513358-4.parquet,3
uhs12_1247--udt15482,parquet_residential_short_202512_res_MT,514429-4.parquet,8
uhs12_1247--udt15482,parquet_residential_short_202512_res_MT,527227-4.parquet,6
uhs12_1247--udt15482,parquet_residential_short_202512_res_MT,529425-4.parquet,18
uhs12_1247--udt15482,parquet_residential_short_202512_res_MT,535363-4.parquet,3
uhs12_1247--udt15482,parquet_residential_short_202512_res_MT,543184-4.parquet,4
uhs12_1247--udt15482,parquet_residential_short_202512_res_MT,544168-4.parquet,1
uhs12_1247--udt15482,parquet_residential_short_202512_res_MT,547866-4.parquet,1
uhs12_1247--udt15482,parquet_residential_short_202512_res_MT,57049-4.parquet,1
uhs12_1247--udt15482,parquet_residential_short_202512_res_MT,57772-4.parquet,1
uhs12_1247--udt15482,parquet_residential_short_202512_res_MT,59805-4.parquet,1
uhs12_1247--udt15482,parquet_residential_short_202512_res_MT,63328-4.parquet,2
uhs12_1247--udt15482,parquet_residential_short_202512_res_MT,64056-4.parquet,8
uhs12_1247--udt15482,parquet_residential_short_202512_res_MT,66138-4.parquet,2
uhs12_1247--udt15482,parquet_residential_short_202512_res_MT,86159-4.parquet,1
uhs12_1247--udt15482,parquet_residential_short_202512_res_MT,88623-4.parquet,1
uhs12_1247--udt15482,parquet_residential_short_202512_res_MT,90560-4.parquet,1
uhs12_1247--udt15482,parquet_residential_short_202512_res_MT,93871-4.parquet,1
uhs12_1247--udt15482,parquet_residential_short_202512_res_MT,97519-4.parquet,1
uhs12_1247--udt15482,parquet_residential_short_202512_res_MT,99076-4.parquet,1
uhs12_1247--udt15805,parquet_commercial_202512_comm_MT,184128-2.parquet,1
uhs12_1247--udt15805,parquet_commercial_202512_comm_MT,184154-2.parquet,1
uhs12_1247--udt15805,parquet_commercial_202512_comm_MT,184194-9.parquet,1
uhs12_1247--udt15805,parquet_commercial_202512_comm_MT,184207-2.parquet,1
uhs12_1247--udt15805,parquet_commercial_202512_comm_MT,184213-2.parquet,1
uhs12_1247--udt15805,parquet_commercial_202512_comm_MT,184217-2.parquet,1
uhs12_1247--udt15805,parquet_commercial_202512_comm_MT,184220-2.parquet,3
uhs12_1247--udt15805,parquet_commercial_202512_comm_MT,184315-2.parquet,1
uhs12_1247--udt15805,parquet_commercial_202512_comm_MT,184340-2.parquet,1
uhs12_1247--udt15805,parquet_commercial_202512_comm_MT,184478-9.parquet,1
uhs12_1247--udt15805,parquet_commercial_202512_comm_MT,184518-2.parquet,5
uhs12_1247--udt15805,parquet_commercial_202512_comm_MT,184581-9.parquet,1
uhs12_1247--udt15805,parquet_commercial_202512_comm_MT,184596-9.parquet,2
uhs12_1247--udt15805,parquet_commercial_202512_comm_MT,184603-2.parquet,1
uhs12_1247--udt15805,parquet_commercial_202512_comm_MT,184617-2.parquet,1
uhs12_1247--udt15805,parquet_commercial_202512_comm_MT,184646-9.parquet,2
uhs12_1247--udt15805,parquet_commercial_202512_comm_MT,184700-9.parquet,4
uhs12_1247--udt15805,parquet_commercial_202512_comm_MT,184717-9.parquet,2
uhs12_1247--udt15805,parquet_commercial_202512_comm_MT,184732-2.parquet,1
uhs12_1247--udt15805,parquet_commercial_202512_comm_MT,184772-2.parquet,2
uhs12_1247--udt15805,parquet_commercial_202512_comm_MT,184831-9.parquet,1
uhs12_1247--udt15805,parquet_commercial_202512_comm_MT,184863-2.parquet,1
uhs12_1247--udt15805,parquet_commercial_202512_comm_MT,184872-2.parquet,1
uhs12_1247--udt15805,parquet_commercial_202512_comm_MT,184874-9.parquet,1
uhs12_1247--udt15805,parquet_commercial_202512_comm_MT,184894-9.parquet,2
uhs12_1247--udt15805,parquet_commercial_202512_comm_MT,184950-2.parquet,2
uhs12_1247--udt15805,parquet_commercial_202512_comm_MT,184962-2.parquet,1
uhs12_1247--udt15805,parquet_commercial_202512_comm_MT,184968-2.parquet,1
uhs12_1247--udt15805,parquet_residential_short_202512_res_MT,102182-4.parquet,1
uhs12_1247--udt15805,parquet_residential_short_202512_res_MT,102854-4.parquet,11
uhs12_1247--udt15805,parquet_residential_short_202512_res_MT,106657-4.parquet,9
uhs12_1247--udt15805,parquet_residential_short_202512_res_MT,117464-4.parquet,1
uhs12_1247--udt15805,parquet_residential_short_202512_res_MT,119073-4.parquet,2
uhs12_1247--udt15805,parquet_residential_short_202512_res_MT,131145-4.parquet,3
uhs12_1247--udt15805,parquet_residential_short_202512_res_MT,136309-4.parquet,9
uhs12_1247--udt15805,parquet_residential_short_202512_res_MT,138494-4.parquet,1
uhs12_1247--udt15805,parquet_residential_short_202512_res_MT,140071-4.parquet,2
uhs12_1247--udt15805,parquet_residential_short_202512_res_MT,142544-4.parquet,1
uhs12_1247--udt15805,parquet_residential_short_202512_res_MT,153454-4.parquet,3
uhs12_1247--udt15805,parquet_residential_short_202512_res_MT,162253-4.parquet,61
uhs12_1247--udt15805,parquet_residential_short_202512_res_MT,170488-4.parquet,2
uhs12_1247--udt15805,parquet_residential_short_202512_res_MT,180039-4.parquet,2
uhs12_1247--udt15805,parquet_residential_short_202512_res_MT,185745-4.parquet,32
uhs12_1247--udt15805,parquet_residential_short_202512_res_MT,203702-4.parquet,2
uhs12_1247--udt15805,parquet_residential_short_202512_res_MT,209507-4.parquet,1
uhs12_1247--udt15805,parquet_residential_short_202512_res_MT,210194-4.parquet,2
uhs12_1247--udt15805,parquet_residential_short_202512_res_MT,217886-4.parquet,1
uhs12_1247--udt15805,parquet_residential_short_202512_res_MT,255145-4.parquet,1
uhs12_1247--udt15805,parquet_residential_short_202512_res_MT,276587-4.parquet,3
uhs12_1247--udt15805,parquet_residential_short_202512_res_MT,277210-4.parquet,3
uhs12_1247--udt15805,parquet_residential_short_202512_res_MT,278604-4.parquet,10
uhs12_1247--udt15805,parquet_residential_short_202512_res_MT,305252-4.parquet,1
uhs12_1247--udt15805,parquet_residential_short_202512_res_MT,314702-4.parquet,1
uhs12_1247--udt15805,parquet_residential_short_202512_res_MT,338150-4.parquet,1
uhs12_1247--udt15805,parquet_residential_short_202512_res_MT,341617-4.parquet,1
uhs12_1247--udt15805,parquet_residential_short_202512_res_MT,345764-4.parquet,1
uhs12_1247--udt15805,parquet_residential_short_202512_res_MT,401600-4.parquet,45
uhs12_1247--udt15805,parquet_residential_short_202512_res_MT,405081-4.parquet,1
uhs12_1247--udt15805,parquet_residential_short_202512_res_MT,406640-4.parquet,7
uhs12_1247--udt15805,parquet_residential_short_202512_res_MT,410527-4.parquet,1
uhs12_1247--udt15805,parquet_residential_short_202512_res_MT,418448-4.parquet,2
uhs12_1247--udt15805,parquet_residential_short_202512_res_MT,427948-4.parquet,17
uhs12_1247--udt15805,parquet_residential_short_202512_res_MT,437679-4.parquet,1
uhs12_1247--udt15805,parquet_residential_short_202512_res_MT,458883-4.parquet,1
uhs12_1247--udt15805,parquet_residential_short_202512_res_MT,466189-4.parquet,5
uhs12_1247--udt15805,parquet_residential_short_202512_res_MT,475383-4.parquet,1
uhs12_1247--udt15805,parquet_residential_short_202512_res_MT,476793-4.parquet,1
uhs12_1247--udt15805,parquet_residential_short_202512_res_MT,481916-4.parquet,7
uhs12_1247--udt15805,parquet_residential_short_202512_res_MT,486410-4.parquet,1
uhs12_1247--udt15805,parquet_residential_short_202512_res_MT,490684-4.parquet,2
uhs12_1247--udt15805,parquet_residential_short_202512_res_MT,493524-4.parquet,1
uhs12_1247--udt15805,parquet_residential_short_202512_res_MT,500793-4.parquet,1
uhs12_1247--udt15805,parquet_residential_short_202512_res_MT,513358-4.parquet,1
uhs12_1247--udt15805,parquet_residential_short_202512_res_MT,527227-4.parquet,3
uhs12_1247--udt15805,parquet_residential_short_202512_res_MT,529425-4.parquet,28
uhs12_1247--udt15805,parquet_residential_short_202512_res_MT,535363-4.parquet,6
uhs12_1247--udt15805,parquet_residential_short_202512_res_MT,543184-4.parquet,4
uhs12_1247--udt15805,parquet_residential_short_202512_res_MT,57049-4.parquet,1
uhs12_1247--udt15805,parquet_residential_short_202512_res_MT,57772-4.parquet,1
uhs12_1247--udt15805,parquet_residential_short_202512_res_MT,63328-4.parquet,2
uhs12_1247--udt15805,parquet_residential_short_202512_res_MT,64056-4.parquet,2
uhs12_1247--udt15805,parquet_residential_short_202512_res_MT,86159-4.parquet,1
uhs12_1247--udt15805,parquet_residential_short_202512_res_MT,90560-4.parquet,1
uhs12_1247--udt15805,parquet_residential_short_202512_res_MT,99076-4.parquet,1
uhs12_1247--udt17650,parquet_commercial_202512_comm_MT,184116-2.parquet,5
uhs12_1247--udt17650,parquet_commercial_202512_comm_MT,184168-9.parquet,1
uhs12_1247--udt17650,parquet_commercial_202512_comm_MT,184202-2.parquet,1
uhs12_1247--udt17650,parquet_commercial_202512_comm_MT,184220-2.parquet,2
uhs12_1247--udt17650,parquet_commercial_202512_comm_MT,184276-2.parquet,1
uhs12_1247--udt17650,parquet_commercial_202512_comm_MT,184279-2.parquet,1
uhs12_1247--udt17650,parquet_commercial_202512_comm_MT,184291-9.parquet,1
uhs12_1247--udt17650,parquet_commercial_202512_comm_MT,184300-2.parquet,1
uhs12_1247--udt17650,parquet_commercial_202512_comm_MT,184315-2.parquet,1
uhs12_1247--udt17650,parquet_commercial_202512_comm_MT,184338-2.parquet,1
uhs12_1247--udt17650,parquet_commercial_202512_comm_MT,184365-2.parquet,3
uhs12_1247--udt17650,parquet_commercial_202512_comm_MT,184367-9.parquet,1
uhs12_1247--udt17650,parquet_commercial_202512_comm_MT,184413-2.parquet,1
uhs12_1247--udt17650,parquet_commercial_202512_comm_MT,184492-2.parquet,1
uhs12_1247--udt17650,parquet_commercial_202512_comm_MT,184508-2.parquet,1
uhs12_1247--udt17650,parquet_commercial_202512_comm_MT,184512-2.parquet,3
uhs12_1247--udt17650,parquet_commercial_202512_comm_MT,184518-2.parquet,2
uhs12_1247--udt17650,parquet_commercial_202512_comm_MT,184544-2.parquet,1
uhs12_1247--udt17650,parquet_commercial_202512_comm_MT,184603-2.parquet,1
uhs12_1247--udt17650,parquet_commercial_202512_comm_MT,184612-9.parquet,2
uhs12_1247--udt17650,parquet_commercial_202512_comm_MT,184616-2.parquet,1
uhs12_1247--udt17650,parquet_commercial_202512_comm_MT,184617-2.parquet,2
uhs12_1247--udt17650,parquet_commercial_202512_comm_MT,184623-9.parquet,1
uhs12_1247--udt17650,parquet_commercial_202512_comm_MT,184646-9.parquet,2
uhs12_1247--udt17650,parquet_commercial_202512_comm_MT,184693-9.parquet,1
uhs12_1247--udt17650,parquet_commercial_202512_comm_MT,184700-9.parquet,1
uhs12_1247--udt17650,parquet_commercial_202512_comm_MT,184805-2.parquet,1
uhs12_1247--udt17650,parquet_commercial_202512_comm_MT,184809-2.parquet,1
uhs12_1247--udt17650,parquet_commercial_202512_comm_MT,184823-2.parquet,2
uhs12_1247--udt17650,parquet_commercial_202512_comm_MT,184852-9.parquet,1
uhs12_1247--udt17650,parquet_commercial_202512_comm_MT,184857-9.parquet,1
uhs12_1247--udt17650,parquet_commercial_202512_comm_MT,184858-9.parquet,1
uhs12_1247--udt17650,parquet_commercial_202512_comm_MT,184860-9.parquet,1
uhs12_1247--udt17650,parquet_commercial_202512_comm_MT,184954-2.parquet,1
uhs12_1247--udt17650,parquet_commercial_202512_comm_MT,185003-9.parquet,1
uhs12_1247--udt17650,parquet_commercial_202512_comm_MT,185005-9.parquet,2
uhs12_1247--udt17650,parquet_commercial_202512_comm_MT,185008-9.parquet,3
uhs12_1247--udt17650,parquet_residential_short_202512_res_MT,102854-4.parquet,61
uhs12_1247--udt17650,parquet_residential_short_202512_res_MT,106657-4.parquet,14
uhs12_1247--udt17650,parquet_residential_short_202512_res_MT,117464-4.parquet,1
uhs12_1247--udt17650,parquet_residential_short_202512_res_MT,118797-4.parquet,6
uhs12_1247--udt17650,parquet_residential_short_202512_res_MT,119073-4.parquet,5
uhs12_1247--udt17650,parquet_residential_short_202512_res_MT,121985-4.parquet,5
uhs12_1247--udt17650,parquet_residential_short_202512_res_MT,131145-4.parquet,2
uhs12_1247--udt17650,parquet_residential_short_202512_res_MT,135840-4.parquet,1
uhs12_1247--udt17650,parquet_residential_short_202512_res_MT,136309-4.parquet,23
uhs12_1247--udt17650,parquet_residential_short_202512_res_MT,138494-4.parquet,6
uhs12_1247--udt17650,parquet_residential_short_202512_res_MT,140071-4.parquet,11
uhs12_1247--udt17650,parquet_residential_short_202512_res_MT,142544-4.parquet,4
uhs12_1247--udt17650,parquet_residential_short_202512_res_MT,14281-4.parquet,2
uhs12_1247--udt17650,parquet_residential_short_202512_res_MT,153454-4.parquet,1
uhs12_1247--udt17650,parquet_residential_short_202512_res_MT,154106-4.parquet,1
uhs12_1247--udt17650,parquet_residential_short_202512_res_MT,162253-4.parquet,266
uhs12_1247--udt17650,parquet_residential_short_202512_res_MT,170488-4.parquet,3
uhs12_1247--udt17650,parquet_residential_short_202512_res_MT,172290-4.parquet,1
uhs12_1247--udt17650,parquet_residential_short_202512_res_MT,180039-4.parquet,2
uhs12_1247--udt17650,parquet_residential_short_202512_res_MT,185745-4.parquet,154
uhs12_1247--udt17650,parquet_residential_short_202512_res_MT,201863-4.parquet,1
uhs12_1247--udt17650,parquet_residential_short_202512_res_MT,203702-4.parquet,13
uhs12_1247--udt17650,parquet_residential_short_202512_res_MT,209507-4.parquet,12
uhs12_1247--udt17650,parquet_residential_short_202512_res_MT,210194-4.parquet,1
uhs12_1247--udt17650,parquet_residential_short_202512_res_MT,215981-4.parquet,1
uhs12_1247--udt17650,parquet_residential_short_202512_res_MT,217886-4.parquet,2
uhs12_1247--udt17650,parquet_residential_short_202512_res_MT,255145-4.parquet,1
uhs12_1247--udt17650,parquet_residential_short_202512_res_MT,257610-4.parquet,1
uhs12_1247--udt17650,parquet_residential_short_202512_res_MT,271955-4.parquet,3
uhs12_1247--udt17650,parquet_residential_short_202512_res_MT,276587-4.parquet,22
uhs12_1247--udt17650,parquet_residential_short_202512_res_MT,277210-4.parquet,15
uhs12_1247--udt17650,parquet_residential_short_202512_res_MT,278604-4.parquet,27
uhs12_1247--udt17650,parquet_residential_short_202512_res_MT,27882-4.parquet,1
uhs12_1247--udt17650,parquet_residential_short_202512_res_MT,305252-4.parquet,7
uhs12_1247--udt17650,parquet_residential_short_202512_res_MT,311002-4.parquet,4
uhs12_1247--udt17650,parquet_residential_short_202512_res_MT,314691-4.parquet,1
uhs12_1247--udt17650,parquet_residential_short_202512_res_MT,314702-4.parquet,1
uhs12_1247--udt17650,parquet_residential_short_202512_res_MT,316244-4.parquet,3
uhs12_1247--udt17650,parquet_residential_short_202512_res_MT,325203-4.parquet,1
uhs12_1247--udt17650,parquet_residential_short_202512_res_MT,338150-4.parquet,3
uhs12_1247--udt17650,parquet_residential_short_202512_res_MT,341617-4.parquet,7
uhs12_1247--udt17650,parquet_residential_short_202512_res_MT,343688-4.parquet,1
uhs12_1247--udt17650,parquet_residential_short_202512_res_MT,345764-4.parquet,5
uhs12_1247--udt17650,parquet_residential_short_202512_res_MT,370023-4.parquet,8
uhs12_1247--udt17650,parquet_residential_short_202512_res_MT,372987-4.parquet,1
uhs12_1247--udt17650,parquet_residential_short_202512_res_MT,386807-4.parquet,1
uhs12_1247--udt17650,parquet_residential_short_202512_res_MT,401600-4.parquet,168
uhs12_1247--udt17650,parquet_residential_short_202512_res_MT,402646-4.parquet,1
uhs12_1247--udt17650,parquet_residential_short_202512_res_MT,406640-4.parquet,23
uhs12_1247--udt17650,parquet_residential_short_202512_res_MT,418448-4.parquet,2
uhs12_1247--udt17650,parquet_residential_short_202512_res_MT,42376-4.parquet,3
uhs12_1247--udt17650,parquet_residential_short_202512_res_MT,423918-4.parquet,1
uhs12_1247--udt17650,parquet_residential_short_202512_res_MT,424723-4.parquet,2
uhs12_1247--udt17650,parquet_residential_short_202512_res_MT,427948-4.parquet,54
uhs12_1247--udt17650,parquet_residential_short_202512_res_MT,438998-4.parquet,2
uhs12_1247--udt17650,parquet_residential_short_202512_res_MT,466189-4.parquet,16
uhs12_1247--udt17650,parquet_residential_short_202512_res_MT,468325-4.parquet,2
uhs12_1247--udt17650,parquet_residential_short_202512_res_MT,475383-4.parquet,2
uhs12_1247--udt17650,parquet_residential_short_202512_res_MT,476793-4.parquet,9
uhs12_1247--udt17650,parquet_residential_short_202512_res_MT,481916-4.parquet,8
uhs12_1247--udt17650,parquet_residential_short_202512_res_MT,484947-4.parquet,3
uhs12_1247--udt17650,parquet_residential_short_202512_res_MT,486032-4.parquet,1
uhs12_1247--udt17650,parquet_residential_short_202512_res_MT,486410-4.parquet,1
uhs12_1247--udt17650,parquet_residential_short_202512_res_MT,486622-4.parquet,1
uhs12_1247--udt17650,parquet_residential_short_202512_res_MT,490684-4.parquet,2
uhs12_1247--udt17650,parquet_residential_short_202512_res_MT,492040-4.parquet,2
uhs12_1247--udt17650,parquet_residential_short_202512_res_MT,493524-4.parquet,9
uhs12_1247--udt17650,parquet_residential_short_202512_res_MT,494052-4.parquet,2
uhs12_1247--udt17650,parquet_residential_short_202512_res_MT,500436-4.parquet,1
uhs12_1247--udt17650,parquet_residential_short_202512_res_MT,500793-4.parquet,2
uhs12_1247--udt17650,parquet_residential_short_202512_res_MT,500992-4.parquet,1
uhs12_1247--udt17650,parquet_residential_short_202512_res_MT,508034-4.parquet,4
uhs12_1247--udt17650,parquet_residential_short_202512_res_MT,513358-4.parquet,6
uhs12_1247--udt17650,parquet_residential_short_202512_res_MT,514429-4.parquet,5
uhs12_1247--udt17650,parquet_residential_short_202512_res_MT,527227-4.parquet,7
uhs12_1247--udt17650,parquet_residential_short_202512_res_MT,529425-4.parquet,12
uhs12_1247--udt17650,parquet_residential_short_202512_res_MT,535363-4.parquet,12
uhs12_1247--udt17650,parquet_residential_short_202512_res_MT,543184-4.parquet,10
uhs12_1247--udt17650,parquet_residential_short_202512_res_MT,544168-4.parquet,1
uhs12_1247--udt17650,parquet_residential_short_202512_res_MT,57049-4.parquet,1
uhs12_1247--udt17650,parquet_residential_short_202512_res_MT,57772-4.parquet,5
uhs12_1247--udt17650,parquet_residential_short_202512_res_MT,58700-4.parquet,1
uhs12_1247--udt17650,parquet_residential_short_202512_res_MT,63328-4.parquet,4
uhs12_1247--udt17650,parquet_residential_short_202512_res_MT,64056-4.parquet,10
uhs12_1247--udt17650,parquet_residential_short_202512_res_MT,66138-4.parquet,3
uhs12_1247--udt17650,parquet_residential_short_202512_res_MT,68619-4.parquet,1
uhs12_1247--udt17650,parquet_residential_short_202512_res_MT,86159-4.parquet,1
uhs12_1247--udt17650,parquet_residential_short_202512_res_MT,90560-4.parquet,2
uhs12_1247--udt17650,parquet_residential_short_202512_res_MT,93871-4.parquet,1
uhs12_1247--udt17650,parquet_residential_short_202512_res_MT,97519-4.parquet,7
uhs12_1247--udt17650,parquet_residential_short_202512_res_MT,99076-4.parquet,2
uhs13_1247--udt4015,parquet_commercial_202512_comm_MT,184116-2.parquet,4
uhs13_1247--udt4015,parquet_commercial_202512_comm_MT,184131-2.parquet,1
uhs13_1247--udt4015,parquet_commercial_202512_comm_MT,184138-2.parquet,1
uhs13_1247--udt4015,parquet_commercial_202512_comm_MT,184141-2.parquet,1
uhs13_1247--udt4015,parquet_commercial_202512_comm_MT,184142-2.parquet,1
uhs13_1247--udt4015,parquet_commercial_202512_comm_MT,184147-9.parquet,4
uhs13_1247--udt4015,parquet_commercial_202512_comm_MT,184151-2.parquet,1
uhs13_1247--udt4015,parquet_commercial_202512_comm_MT,184172-2.parquet,3
uhs13_1247--udt4015,parquet_commercial_202512_comm_MT,184181-9.parquet,1
uhs13_1247--udt4015,parquet_commercial_202512_comm_MT,184182-2.parquet,3
uhs13_1247--udt4015,parquet_commercial_202512_comm_MT,184194-9.parquet,1
uhs13_1247--udt4015,parquet_commercial_202512_comm_MT,184202-2.parquet,3
uhs13_1247--udt4015,parquet_commercial_202512_comm_MT,184207-2.parquet,3
uhs13_1247--udt4015,parquet_commercial_202512_comm_MT,184220-2.parquet,7
uhs13_1247--udt4015,parquet_commercial_202512_comm_MT,184221-9.parquet,1
uhs13_1247--udt4015,parquet_commercial_202512_comm_MT,184223-2.parquet,1
uhs13_1247--udt4015,parquet_commercial_202512_comm_MT,184224-9.parquet,1
uhs13_1247--udt4015,parquet_commercial_202512_comm_MT,184234-2.parquet,3
uhs13_1247--udt4015,parquet_commercial_202512_comm_MT,184246-9.parquet,1
uhs13_1247--udt4015,parquet_commercial_202512_comm_MT,184266-9.parquet,1
uhs13_1247--udt4015,parquet_commercial_202512_comm_MT,184279-2.parquet,1
uhs13_1247--udt4015,parquet_commercial_202512_comm_MT,184285-2.parquet,1
uhs13_1247--udt4015,parquet_commercial_202512_comm_MT,184287-9.parquet,2
uhs13_1247--udt4015,parquet_commercial_202512_comm_MT,184288-2.parquet,3
uhs13_1247--udt4015,parquet_commercial_202512_comm_MT,184297-9.parquet,1
uhs13_1247--udt4015,parquet_commercial_202512_comm_MT,184301-9.parquet,4
uhs13_1247--udt4015,parquet_commercial_202512_comm_MT,184313-2.parquet,6
uhs13_1247--udt4015,parquet_commercial_202512_comm_MT,184315-2.parquet,6
uhs13_1247--udt4015,parquet_commercial_202512_comm_MT,184342-9.parquet,1
uhs13_1247--udt4015,parquet_commercial_202512_comm_MT,184362-2.parquet,1
uhs13_1247--udt4015,parquet_commercial_202512_comm_MT,184365-2.parquet,5
uhs13_1247--udt4015,parquet_commercial_202512_comm_MT,184374-2.parquet,2
uhs13_1247--udt4015,parquet_commercial_202512_comm_MT,184377-2.parquet,1
uhs13_1247--udt4015,parquet_commercial_202512_comm_MT,184382-9.parquet,1
uhs13_1247--udt4015,parquet_commercial_202512_comm_MT,184391-9.parquet,1
uhs13_1247--udt4015,parquet_commercial_202512_comm_MT,184394-9.parquet,1
uhs13_1247--udt4015,parquet_commercial_202512_comm_MT,184401-9.parquet,3
uhs13_1247--udt4015,parquet_commercial_202512_comm_MT,184433-2.parquet,4
uhs13_1247--udt4015,parquet_commercial_202512_comm_MT,184438-9.parquet,2
uhs13_1247--udt4015,parquet_commercial_202512_comm_MT,184445-2.parquet,1
uhs13_1247--udt4015,parquet_commercial_202512_comm_MT,184463-9.parquet,1
uhs13_1247--udt4015,parquet_commercial_202512_comm_MT,184475-9.parquet,2
uhs13_1247--udt4015,parquet_commercial_202512_comm_MT,184492-2.parquet,1
uhs13_1247--udt4015,parquet_commercial_202512_comm_MT,184505-2.parquet,5
uhs13_1247--udt4015,parquet_commercial_202512_comm_MT,184508-2.parquet,4
uhs13_1247--udt4015,parquet_commercial_202512_comm_MT,184512-2.parquet,1
uhs13_1247--udt4015,parquet_commercial_202512_comm_MT,184518-2.parquet,8
uhs13_1247--udt4015,parquet_commercial_202512_comm_MT,184544-2.parquet,2
uhs13_1247--udt4015,parquet_commercial_202512_comm_MT,184581-9.parquet,1
uhs13_1247--udt4015,parquet_commercial_202512_comm_MT,184596-9.parquet,1
uhs13_1247--udt4015,parquet_commercial_202512_comm_MT,184608-9.parquet,1
uhs13_1247--udt4015,parquet_commercial_202512_comm_MT,184616-2.parquet,4
uhs13_1247--udt4015,parquet_commercial_202512_comm_MT,184617-2.parquet,4
uhs13_1247--udt4015,parquet_commercial_202512_comm_MT,184623-9.parquet,1
uhs13_1247--udt4015,parquet_commercial_202512_comm_MT,184633-9.parquet,1
uhs13_1247--udt4015,parquet_commercial_202512_comm_MT,184636-2.parquet,1
uhs13_1247--udt4015,parquet_commercial_202512_comm_MT,184646-9.parquet,3
uhs13_1247--udt4015,parquet_commercial_202512_comm_MT,184664-9.parquet,1
uhs13_1247--udt4015,parquet_commercial_202512_comm_MT,184683-2.parquet,1
uhs13_1247--udt4015,parquet_commercial_202512_comm_MT,184687-2.parquet,2
uhs13_1247--udt4015,parquet_commercial_202512_comm_MT,184689-9.parquet,1
uhs13_1247--udt4015,parquet_commercial_202512_comm_MT,184693-9.parquet,1
uhs13_1247--udt4015,parquet_commercial_202512_comm_MT,184694-2.parquet,1
uhs13_1247--udt4015,parquet_commercial_202512_comm_MT,184700-9.parquet,23
uhs13_1247--udt4015,parquet_commercial_202512_comm_MT,184706-2.parquet,3
uhs13_1247--udt4015,parquet_commercial_202512_comm_MT,184717-9.parquet,14
uhs13_1247--udt4015,parquet_commercial_202512_comm_MT,184718-9.parquet,1
uhs13_1247--udt4015,parquet_commercial_202512_comm_MT,184720-2.parquet,1
uhs13_1247--udt4015,parquet_commercial_202512_comm_MT,184727-2.parquet,4
uhs13_1247--udt4015,parquet_commercial_202512_comm_MT,184742-2.parquet,2
uhs13_1247--udt4015,parquet_commercial_202512_comm_MT,184762-9.parquet,1
uhs13_1247--udt4015,parquet_commercial_202512_comm_MT,184767-2.parquet,1
uhs13_1247--udt4015,parquet_commercial_202512_comm_MT,184772-2.parquet,2
uhs13_1247--udt4015,parquet_commercial_202512_comm_MT,184776-2.parquet,3
uhs13_1247--udt4015,parquet_commercial_202512_comm_MT,184797-2.parquet,3
uhs13_1247--udt4015,parquet_commercial_202512_comm_MT,184798-9.parquet,1
uhs13_1247--udt4015,parquet_commercial_202512_comm_MT,184805-2.parquet,1
uhs13_1247--udt4015,parquet_commercial_202512_comm_MT,184809-2.parquet,6
uhs13_1247--udt4015,parquet_commercial_202512_comm_MT,184823-2.parquet,6
uhs13_1247--udt4015,parquet_commercial_202512_comm_MT,184829-9.parquet,1
uhs13_1247--udt4015,parquet_commercial_202512_comm_MT,184831-9.parquet,4
uhs13_1247--udt4015,parquet_commercial_202512_comm_MT,184836-2.parquet,1
uhs13_1247--udt4015,parquet_commercial_202512_comm_MT,184840-9.parquet,1
uhs13_1247--udt4015,parquet_commercial_202512_comm_MT,184843-2.parquet,1
uhs13_1247--udt4015,parquet_commercial_202512_comm_MT,184844-2.parquet,1
uhs13_1247--udt4015,parquet_commercial_202512_comm_MT,184846-2.parquet,1
uhs13_1247--udt4015,parquet_commercial_202512_comm_MT,184857-9.parquet,3
uhs13_1247--udt4015,parquet_commercial_202512_comm_MT,184860-9.parquet,12
uhs13_1247--udt4015,parquet_commercial_202512_comm_MT,184863-2.parquet,1
uhs13_1247--udt4015,parquet_commercial_202512_comm_MT,184878-2.parquet,1
uhs13_1247--udt4015,parquet_commercial_202512_comm_MT,184887-2.parquet,3
uhs13_1247--udt4015,parquet_commercial_202512_comm_MT,184888-9.parquet,1
uhs13_1247--udt4015,parquet_commercial_202512_comm_MT,184908-2.parquet,1
uhs13_1247--udt4015,parquet_commercial_202512_comm_MT,184920-2.parquet,1
uhs13_1247--udt4015,parquet_commercial_202512_comm_MT,184929-2.parquet,1
uhs13_1247--udt4015,parquet_commercial_202512_comm_MT,184930-2.parquet,1
uhs13_1247--udt4015,parquet_commercial_202512_comm_MT,184941-2.parquet,3
uhs13_1247--udt4015,parquet_commercial_202512_comm_MT,184942-9.parquet,1
uhs13_1247--udt4015,parquet_commercial_202512_comm_MT,184950-2.parquet,1
uhs13_1247--udt4015,parquet_commercial_202512_comm_MT,184962-2.parquet,1
uhs13_1247--udt4015,parquet_commercial_202512_comm_MT,184968-2.parquet,1
uhs13_1247--udt4015,parquet_commercial_202512_comm_MT,184983-2.parquet,1
uhs13_1247--udt4015,parquet_commercial_202512_comm_MT,185003-9.parquet,3
uhs13_1247--udt4015,parquet_commercial_202512_comm_MT,185004-9.parquet,1
uhs13_1247--udt4015,parquet_commercial_202512_comm_MT,185008-9.parquet,2
uhs13_1247--udt4015,parquet_commercial_202512_comm_MT,185019-9.parquet,1
uhs13_1247--udt4015,parquet_residential_short_202512_res_MT,102854-4.parquet,26
uhs13_1247--udt4015,parquet_residential_short_202512_res_MT,106657-4.parquet,12
uhs13_1247--udt4015,parquet_residential_short_202512_res_MT,114857-4.parquet,1
uhs13_1247--udt4015,parquet_residential_short_202512_res_MT,118797-4.parquet,3
uhs13_1247--udt4015,parquet_residential_short_202512_res_MT,119073-4.parquet,3
uhs13_1247--udt4015,parquet_residential_short_202512_res_MT,126858-4.parquet,1
uhs13_1247--udt4015,parquet_residential_short_202512_res_MT,131145-4.parquet,4
uhs13_1247--udt4015,parquet_residential_short_202512_res_MT,136303-4.parquet,1
uhs13_1247--udt4015,parquet_residential_short_202512_res_MT,136309-4.parquet,5
uhs13_1247--udt4015,parquet_residential_short_202512_res_MT,138494-4.parquet,2
uhs13_1247--udt4015,parquet_residential_short_202512_res_MT,140071-4.parquet,2
uhs13_1247--udt4015,parquet_residential_short_202512_res_MT,142544-4.parquet,1
uhs13_1247--udt4015,parquet_residential_short_202512_res_MT,14281-4.parquet,1
uhs13_1247--udt4015,parquet_residential_short_202512_res_MT,153454-4.parquet,3
uhs13_1247--udt4015,parquet_residential_short_202512_res_MT,154106-4.parquet,6
uhs13_1247--udt4015,parquet_residential_short_202512_res_MT,162253-4.parquet,52
uhs13_1247--udt4015,parquet_residential_short_202512_res_MT,170488-4.parquet,4
uhs13_1247--udt4015,parquet_residential_short_202512_res_MT,180039-4.parquet,8
uhs13_1247--udt4015,parquet_residential_short_202512_res_MT,185745-4.parquet,36
uhs13_1247--udt4015,parquet_residential_short_202512_res_MT,203702-4.parquet,5
uhs13_1247--udt4015,parquet_residential_short_202512_res_MT,209507-4.parquet,3
uhs13_1247--udt4015,parquet_residential_short_202512_res_MT,210194-4.parquet,1
uhs13_1247--udt4015,parquet_residential_short_202512_res_MT,226832-4.parquet,1
uhs13_1247--udt4015,parquet_residential_short_202512_res_MT,229622-4.parquet,1
uhs13_1247--udt4015,parquet_residential_short_202512_res_MT,234488-4.parquet,3
uhs13_1247--udt4015,parquet_residential_short_202512_res_MT,238424-4.parquet,1
uhs13_1247--udt4015,parquet_residential_short_202512_res_MT,239542-4.parquet,1
uhs13_1247--udt4015,parquet_residential_short_202512_res_MT,255145-4.parquet,2
uhs13_1247--udt4015,parquet_residential_short_202512_res_MT,256192-4.parquet,2
uhs13_1247--udt4015,parquet_residential_short_202512_res_MT,276587-4.parquet,13
uhs13_1247--udt4015,parquet_residential_short_202512_res_MT,277210-4.parquet,1
uhs13_1247--udt4015,parquet_residential_short_202512_res_MT,278604-4.parquet,14
uhs13_1247--udt4015,parquet_residential_short_202512_res_MT,27882-4.parquet,2
uhs13_1247--udt4015,parquet_residential_short_202512_res_MT,305252-4.parquet,2
uhs13_1247--udt4015,parquet_residential_short_202512_res_MT,311002-4.parquet,2
uhs13_1247--udt4015,parquet_residential_short_202512_res_MT,314691-4.parquet,1
uhs13_1247--udt4015,parquet_residential_short_202512_res_MT,316244-4.parquet,2
uhs13_1247--udt4015,parquet_residential_short_202512_res_MT,325203-4.parquet,1
uhs13_1247--udt4015,parquet_residential_short_202512_res_MT,338150-4.parquet,1
uhs13_1247--udt4015,parquet_residential_short_202512_res_MT,341215-4.parquet,1
uhs13_1247--udt4015,parquet_residential_short_202512_res_MT,341617-4.parquet,5
uhs13_1247--udt4015,parquet_residential_short_202512_res_MT,370023-4.parquet,3
uhs13_1247--udt4015,parquet_residential_short_202512_res_MT,401600-4.parquet,41
uhs13_1247--udt4015,parquet_residential_short_202512_res_MT,405081-4.parquet,2
uhs13_1247--udt4015,parquet_residential_short_202512_res_MT,406640-4.parquet,8
uhs13_1247--udt4015,parquet_residential_short_202512_res_MT,410527-4.parquet,1
uhs13_1247--udt4015,parquet_residential_short_202512_res_MT,411750-4.parquet,1
uhs13_1247--udt4015,parquet_residential_short_202512_res_MT,42376-4.parquet,2
uhs13_1247--udt4015,parquet_residential_short_202512_res_MT,424723-4.parquet,1
uhs13_1247--udt4015,parquet_residential_short_202512_res_MT,427948-4.parquet,24
uhs13_1247--udt4015,parquet_residential_short_202512_res_MT,43358-4.parquet,2
uhs13_1247--udt4015,parquet_residential_short_202512_res_MT,433796-4.parquet,1
uhs13_1247--udt4015,parquet_residential_short_202512_res_MT,458883-4.parquet,2
uhs13_1247--udt4015,parquet_residential_short_202512_res_MT,466189-4.parquet,7
uhs13_1247--udt4015,parquet_residential_short_202512_res_MT,468325-4.parquet,1
uhs13_1247--udt4015,parquet_residential_short_202512_res_MT,476793-4.parquet,3
uhs13_1247--udt4015,parquet_residential_short_202512_res_MT,481916-4.parquet,5
uhs13_1247--udt4015,parquet_residential_short_202512_res_MT,484947-4.parquet,1
uhs13_1247--udt4015,parquet_residential_short_202512_res_MT,486032-4.parquet,4
uhs13_1247--udt4015,parquet_residential_short_202512_res_MT,486410-4.parquet,4
uhs13_1247--udt4015,parquet_residential_short_202512_res_MT,489576-4.parquet,1
uhs13_1247--udt4015,parquet_residential_short_202512_res_MT,490684-4.parquet,2
uhs13_1247--udt4015,parquet_residential_short_202512_res_MT,494052-4.parquet,1
uhs13_1247--udt4015,parquet_residential_short_202512_res_MT,494976-4.parquet,1
uhs13_1247--udt4015,parquet_residential_short_202512_res_MT,500436-4.parquet,3
uhs13_1247--udt4015,parquet_residential_short_202512_res_MT,500793-4.parquet,5
uhs13_1247--udt4015,parquet_residential_short_202512_res_MT,508034-4.parquet,1
uhs13_1247--udt4015,parquet_residential_short_202512_res_MT,513358-4.parquet,2
uhs13_1247--udt4015,parquet_residential_short_202512_res_MT,514429-4.parquet,1
uhs13_1247--udt4015,parquet_residential_short_202512_res_MT,527227-4.parquet,1
uhs13_1247--udt4015,parquet_residential_short_202512_res_MT,529425-4.parquet,12
uhs13_1247--udt4015,parquet_residential_short_202512_res_MT,533148-4.parquet,1
uhs13_1247--udt4015,parquet_residential_short_202512_res_MT,535363-4.parquet,4
uhs13_1247--udt4015,parquet_residential_short_202512_res_MT,543184-4.parquet,4
uhs13_1247--udt4015,parquet_residential_short_202512_res_MT,57049-4.parquet,1
uhs13_1247--udt4015,parquet_residential_short_202512_res_MT,57772-4.parquet,3
uhs13_1247--udt4015,parquet_residential_short_202512_res_MT,58337-4.parquet,1
uhs13_1247--udt4015,parquet_residential_short_202512_res_MT,63328-4.parquet,3
uhs13_1247--udt4015,parquet_residential_short_202512_res_MT,81904-4.parquet,2
uhs13_1247--udt4015,parquet_residential_short_202512_res_MT,86159-4.parquet,1
uhs13_1247--udt4015,parquet_residential_short_202512_res_MT,88623-4.parquet,1
uhs13_1247--udt4015,parquet_residential_short_202512_res_MT,97519-4.parquet,2
uhs13_1247--udt4819,parquet_commercial_202512_comm_MT,184108-2.parquet,1
uhs13_1247--udt4819,parquet_commercial_202512_comm_MT,184116-2.parquet,4
uhs13_1247--udt4819,parquet_commercial_202512_comm_MT,184147-9.parquet,1
uhs13_1247--udt4819,parquet_commercial_202512_comm_MT,184154-2.parquet,1
uhs13_1247--udt4819,parquet_commercial_202512_comm_MT,184182-2.parquet,1
uhs13_1247--udt4819,parquet_commercial_202512_comm_MT,184207-2.parquet,1
uhs13_1247--udt4819,parquet_commercial_202512_comm_MT,184217-2.parquet,1
uhs13_1247--udt4819,parquet_commercial_202512_comm_MT,184220-2.parquet,12
uhs13_1247--udt4819,parquet_commercial_202512_comm_MT,184246-9.parquet,1
uhs13_1247--udt4819,parquet_commercial_202512_comm_MT,184262-2.parquet,1
uhs13_1247--udt4819,parquet_commercial_202512_comm_MT,184270-9.parquet,1
uhs13_1247--udt4819,parquet_commercial_202512_comm_MT,184288-2.parquet,1
uhs13_1247--udt4819,parquet_commercial_202512_comm_MT,184313-2.parquet,1
uhs13_1247--udt4819,parquet_commercial_202512_comm_MT,184315-2.parquet,8
uhs13_1247--udt4819,parquet_commercial_202512_comm_MT,184331-9.parquet,1
uhs13_1247--udt4819,parquet_commercial_202512_comm_MT,184386-9.parquet,1
uhs13_1247--udt4819,parquet_commercial_202512_comm_MT,184387-2.parquet,1
uhs13_1247--udt4819,parquet_commercial_202512_comm_MT,184394-9.parquet,1
uhs13_1247--udt4819,parquet_commercial_202512_comm_MT,184433-2.parquet,6
uhs13_1247--udt4819,parquet_commercial_202512_comm_MT,184438-9.parquet,4
uhs13_1247--udt4819,parquet_commercial_202512_comm_MT,184444-2.parquet,1
uhs13_1247--udt4819,parquet_commercial_202512_comm_MT,184492-2.parquet,2
uhs13_1247--udt4819,parquet_commercial_202512_comm_MT,184508-2.parquet,1
uhs13_1247--udt4819,parquet_commercial_202512_comm_MT,184518-2.parquet,4
uhs13_1247--udt4819,parquet_commercial_202512_comm_MT,184527-9.parquet,1
uhs13_1247--udt4819,parquet_commercial_202512_comm_MT,184565-9.parquet,1
uhs13_1247--udt4819,parquet_commercial_202512_comm_MT,184579-2.parquet,1
uhs13_1247--udt4819,parquet_commercial_202512_comm_MT,184617-2.parquet,2
uhs13_1247--udt4819,parquet_commercial_202512_comm_MT,184637-9.parquet,1
uhs13_1247--udt4819,parquet_commercial_202512_comm_MT,184700-9.parquet,16
uhs13_1247--udt4819,parquet_commercial_202512_comm_MT,184709-2.parquet,1
uhs13_1247--udt4819,parquet_commercial_202512_comm_MT,184717-9.parquet,5
uhs13_1247--udt4819,parquet_commercial_202512_comm_MT,184737-2.parquet,1
uhs13_1247--udt4819,parquet_commercial_202512_comm_MT,184767-2.parquet,1
uhs13_1247--udt4819,parquet_commercial_202512_comm_MT,184776-2.parquet,3
uhs13_1247--udt4819,parquet_commercial_202512_comm_MT,184786-9.parquet,1
uhs13_1247--udt4819,parquet_commercial_202512_comm_MT,184805-2.parquet,1
uhs13_1247--udt4819,parquet_commercial_202512_comm_MT,184809-2.parquet,1
uhs13_1247--udt4819,parquet_commercial_202512_comm_MT,184823-2.parquet,1
uhs13_1247--udt4819,parquet_commercial_202512_comm_MT,184831-9.parquet,1
uhs13_1247--udt4819,parquet_commercial_202512_comm_MT,184857-9.parquet,3
uhs13_1247--udt4819,parquet_commercial_202512_comm_MT,184953-9.parquet,1
uhs13_1247--udt4819,parquet_commercial_202512_comm_MT,184968-2.parquet,2
uhs13_1247--udt4819,parquet_commercial_202512_comm_MT,185005-9.parquet,2
uhs13_1247--udt4819,parquet_commercial_202512_comm_MT,185010-2.parquet,1
uhs13_1247--udt4819,parquet_residential_short_202512_res_MT,102182-4.parquet,1
uhs13_1247--udt4819,parquet_residential_short_202512_res_MT,102854-4.parquet,67
uhs13_1247--udt4819,parquet_residential_short_202512_res_MT,106657-4.parquet,14
uhs13_1247--udt4819,parquet_residential_short_202512_res_MT,117464-4.parquet,1
uhs13_1247--udt4819,parquet_residential_short_202512_res_MT,118797-4.parquet,4
uhs13_1247--udt4819,parquet_residential_short_202512_res_MT,119073-4.parquet,5
uhs13_1247--udt4819,parquet_residential_short_202512_res_MT,119460-4.parquet,1
uhs13_1247--udt4819,parquet_residential_short_202512_res_MT,126858-4.parquet,1
uhs13_1247--udt4819,parquet_residential_short_202512_res_MT,131145-4.parquet,6
uhs13_1247--udt4819,parquet_residential_short_202512_res_MT,136309-4.parquet,8
uhs13_1247--udt4819,parquet_residential_short_202512_res_MT,138494-4.parquet,6
uhs13_1247--udt4819,parquet_residential_short_202512_res_MT,140071-4.parquet,12
uhs13_1247--udt4819,parquet_residential_short_202512_res_MT,142544-4.parquet,2
uhs13_1247--udt4819,parquet_residential_short_202512_res_MT,14281-4.parquet,2
uhs13_1247--udt4819,parquet_residential_short_202512_res_MT,153454-4.parquet,5
uhs13_1247--udt4819,parquet_residential_short_202512_res_MT,154106-4.parquet,1
uhs13_1247--udt4819,parquet_residential_short_202512_res_MT,154367-4.parquet,1
uhs13_1247--udt4819,parquet_residential_short_202512_res_MT,158072-4.parquet,2
uhs13_1247--udt4819,parquet_residential_short_202512_res_MT,159135-4.parquet,1
uhs13_1247--udt4819,parquet_residential_short_202512_res_MT,162253-4.parquet,71
uhs13_1247--udt4819,parquet_residential_short_202512_res_MT,170488-4.parquet,2
uhs13_1247--udt4819,parquet_residential_short_202512_res_MT,180039-4.parquet,13
uhs13_1247--udt4819,parquet_residential_short_202512_res_MT,183427-4.parquet,3
uhs13_1247--udt4819,parquet_residential_short_202512_res_MT,185745-4.parquet,75
uhs13_1247--udt4819,parquet_residential_short_202512_res_MT,203702-4.parquet,10
uhs13_1247--udt4819,parquet_residential_short_202512_res_MT,209507-4.parquet,5
uhs13_1247--udt4819,parquet_residential_short_202512_res_MT,210194-4.parquet,2
uhs13_1247--udt4819,parquet_residential_short_202512_res_MT,211030-4.parquet,1
uhs13_1247--udt4819,parquet_residential_short_202512_res_MT,229622-4.parquet,2
uhs13_1247--udt4819,parquet_residential_short_202512_res_MT,234488-4.parquet,2
uhs13_1247--udt4819,parquet_residential_short_202512_res_MT,239542-4.parquet,2
uhs13_1247--udt4819,parquet_residential_short_202512_res_MT,251857-4.parquet,1
uhs13_1247--udt4819,parquet_residential_short_202512_res_MT,255145-4.parquet,1
uhs13_1247--udt4819,parquet_residential_short_202512_res_MT,276587-4.parquet,37
uhs13_1247--udt4819,parquet_residential_short_202512_res_MT,277210-4.parquet,1
uhs13_1247--udt4819,parquet_residential_short_202512_res_MT,278604-4.parquet,9
uhs13_1247--udt4819,parquet_residential_short_202512_res_MT,27882-4.parquet,2
uhs13_1247--udt4819,parquet_residential_short_202512_res_MT,311002-4.parquet,13
uhs13_1247--udt4819,parquet_residential_short_202512_res_MT,314691-4.parquet,1
uhs13_1247--udt4819,parquet_residential_short_202512_res_MT,316244-4.parquet,1
uhs13_1247--udt4819,parquet_residential_short_202512_res_MT,321643-4.parquet,1
uhs13_1247--udt4819,parquet_residential_short_202512_res_MT,338150-4.parquet,2
uhs13_1247--udt4819,parquet_residential_short_202512_res_MT,341617-4.parquet,7
uhs13_1247--udt4819,parquet_residential_short_202512_res_MT,345764-4.parquet,1
uhs13_1247--udt4819,parquet_residential_short_202512_res_MT,370023-4.parquet,1
uhs13_1247--udt4819,parquet_residential_short_202512_res_MT,394476-4.parquet,2
uhs13_1247--udt4819,parquet_residential_short_202512_res_MT,401600-4.parquet,83
uhs13_1247--udt4819,parquet_residential_short_202512_res_MT,406640-4.parquet,12
uhs13_1247--udt4819,parquet_residential_short_202512_res_MT,410527-4.parquet,2
uhs13_1247--udt4819,parquet_residential_short_202512_res_MT,418448-4.parquet,2
uhs13_1247--udt4819,parquet_residential_short_202512_res_MT,427948-4.parquet,87
uhs13_1247--udt4819,parquet_residential_short_202512_res_MT,438998-4.parquet,3
uhs13_1247--udt4819,parquet_residential_short_202512_res_MT,441904-4.parquet,1
uhs13_1247--udt4819,parquet_residential_short_202512_res_MT,458883-4.parquet,2
uhs13_1247--udt4819,parquet_residential_short_202512_res_MT,466189-4.parquet,5
uhs13_1247--udt4819,parquet_residential_short_202512_res_MT,476793-4.parquet,2
uhs13_1247--udt4819,parquet_residential_short_202512_res_MT,481916-4.parquet,6
uhs13_1247--udt4819,parquet_residential_short_202512_res_MT,484947-4.parquet,1
uhs13_1247--udt4819,parquet_residential_short_202512_res_MT,486410-4.parquet,2
uhs13_1247--udt4819,parquet_residential_short_202512_res_MT,486622-4.parquet,1
uhs13_1247--udt4819,parquet_residential_short_202512_res_MT,490684-4.parquet,1
uhs13_1247--udt4819,parquet_residential_short_202512_res_MT,492040-4.parquet,1
uhs13_1247--udt4819,parquet_residential_short_202512_res_MT,493524-4.parquet,2
uhs13_1247--udt4819,parquet_residential_short_202512_res_MT,494052-4.parquet,2
uhs13_1247--udt4819,parquet_residential_short_202512_res_MT,494976-4.parquet,2
uhs13_1247--udt4819,parquet_residential_short_202512_res_MT,500793-4.parquet,6
uhs13_1247--udt4819,parquet_residential_short_202512_res_MT,508034-4.parquet,2
uhs13_1247--udt4819,parquet_residential_short_202512_res_MT,513358-4.parquet,1
uhs13_1247--udt4819,parquet_residential_short_202512_res_MT,527227-4.parquet,2
uhs13_1247--udt4819,parquet_residential_short_202512_res_MT,529425-4.parquet,10
uhs13_1247--udt4819,parquet_residential_short_202512_res_MT,535363-4.parquet,7
uhs13_1247--udt4819,parquet_residential_short_202512_res_MT,543184-4.parquet,6
uhs13_1247--udt4819,parquet_residential_short_202512_res_MT,57049-4.parquet,2
uhs13_1247--udt4819,parquet_residential_short_202512_res_MT,57772-4.parquet,7
uhs13_1247--udt4819,parquet_residential_short_202512_res_MT,63328-4.parquet,3
uhs13_1247--udt4819,parquet_residential_short_202512_res_MT,64056-4.parquet,10
uhs13_1247--udt4819,parquet_residential_short_202512_res_MT,68619-4.parquet,1
uhs13_1247--udt4819,parquet_residential_short_202512_res_MT,86159-4.parquet,4
uhs13_1247--udt4819,parquet_residential_short_202512_res_MT,97519-4.parquet,2
uhs13_1247--udt4819,parquet_residential_short_202512_res_MT,99076-4.parquet,2
uhs14_1247--udt11665,parquet_commercial_202512_comm_MT,184116-2.parquet,9
uhs14_1247--udt11665,parquet_commercial_202512_comm_MT,184131-2.parquet,1
uhs14_1247--udt11665,parquet_commercial_202512_comm_MT,184147-9.parquet,4
uhs14_1247--udt11665,parquet_commercial_202512_comm_MT,184151-2.parquet,1
uhs14_1247--udt11665,parquet_commercial_202512_comm_MT,184172-2.parquet,2
uhs14_1247--udt11665,parquet_commercial_202512_comm_MT,184182-2.parquet,3
uhs14_1247--udt11665,parquet_commercial_202512_comm_MT,184202-2.parquet,1
uhs14_1247--udt11665,parquet_commercial_202512_comm_MT,184207-2.parquet,1
uhs14_1247--udt11665,parquet_commercial_202512_comm_MT,184217-2.parquet,1
uhs14_1247--udt11665,parquet_commercial_202512_comm_MT,184220-2.parquet,5
uhs14_1247--udt11665,parquet_commercial_202512_comm_MT,184223-2.parquet,1
uhs14_1247--udt11665,parquet_commercial_202512_comm_MT,184234-2.parquet,1
uhs14_1247--udt11665,parquet_commercial_202512_comm_MT,184287-9.parquet,1
uhs14_1247--udt11665,parquet_commercial_202512_comm_MT,184288-2.parquet,1
uhs14_1247--udt11665,parquet_commercial_202512_comm_MT,184300-2.parquet,1
uhs14_1247--udt11665,parquet_commercial_202512_comm_MT,184313-2.parquet,1
uhs14_1247--udt11665,parquet_commercial_202512_comm_MT,184315-2.parquet,4
uhs14_1247--udt11665,parquet_commercial_202512_comm_MT,184336-9.parquet,1
uhs14_1247--udt11665,parquet_commercial_202512_comm_MT,184365-2.parquet,3
uhs14_1247--udt11665,parquet_commercial_202512_comm_MT,184433-2.parquet,4
uhs14_1247--udt11665,parquet_commercial_202512_comm_MT,184438-9.parquet,2
uhs14_1247--udt11665,parquet_commercial_202512_comm_MT,184475-9.parquet,1
uhs14_1247--udt11665,parquet_commercial_202512_comm_MT,184481-9.parquet,1
uhs14_1247--udt11665,parquet_commercial_202512_comm_MT,184492-2.parquet,1
uhs14_1247--udt11665,parquet_commercial_202512_comm_MT,184508-2.parquet,1
uhs14_1247--udt11665,parquet_commercial_202512_comm_MT,184512-2.parquet,2
uhs14_1247--udt11665,parquet_commercial_202512_comm_MT,184518-2.parquet,7
uhs14_1247--udt11665,parquet_commercial_202512_comm_MT,184520-2.parquet,1
uhs14_1247--udt11665,parquet_commercial_202512_comm_MT,184527-9.parquet,2
uhs14_1247--udt11665,parquet_commercial_202512_comm_MT,184529-2.parquet,2
uhs14_1247--udt11665,parquet_commercial_202512_comm_MT,184530-2.parquet,1
uhs14_1247--udt11665,parquet_commercial_202512_comm_MT,184544-2.parquet,1
uhs14_1247--udt11665,parquet_commercial_202512_comm_MT,184575-9.parquet,1
uhs14_1247--udt11665,parquet_commercial_202512_comm_MT,184616-2.parquet,6
uhs14_1247--udt11665,parquet_commercial_202512_comm_MT,184617-2.parquet,2
uhs14_1247--udt11665,parquet_commercial_202512_comm_MT,184646-9.parquet,4
uhs14_1247--udt11665,parquet_commercial_202512_comm_MT,184664-9.parquet,1
uhs14_1247--udt11665,parquet_commercial_202512_comm_MT,184687-2.parquet,1
uhs14_1247--udt11665,parquet_commercial_202512_comm_MT,184693-9.parquet,1
uhs14_1247--udt11665,parquet_commercial_202512_comm_MT,184697-9.parquet,1
uhs14_1247--udt11665,parquet_commercial_202512_comm_MT,184700-9.parquet,12
uhs14_1247--udt11665,parquet_commercial_202512_comm_MT,184706-2.parquet,1
uhs14_1247--udt11665,parquet_commercial_202512_comm_MT,184717-9.parquet,1
uhs14_1247--udt11665,parquet_commercial_202512_comm_MT,184718-9.parquet,2
uhs14_1247--udt11665,parquet_commercial_202512_comm_MT,184727-2.parquet,3
uhs14_1247--udt11665,parquet_commercial_202512_comm_MT,184776-2.parquet,1
uhs14_1247--udt11665,parquet_commercial_202512_comm_MT,184793-9.parquet,1
uhs14_1247--udt11665,parquet_commercial_202512_comm_MT,184795-2.parquet,1
uhs14_1247--udt11665,parquet_commercial_202512_comm_MT,184831-9.parquet,1
uhs14_1247--udt11665,parquet_commercial_202512_comm_MT,184857-9.parquet,1
uhs14_1247--udt11665,parquet_commercial_202512_comm_MT,184886-2.parquet,1
uhs14_1247--udt11665,parquet_commercial_202512_comm_MT,184887-2.parquet,1
uhs14_1247--udt11665,parquet_commercial_202512_comm_MT,184888-9.parquet,1
uhs14_1247--udt11665,parquet_commercial_202512_comm_MT,184941-2.parquet,1
uhs14_1247--udt11665,parquet_commercial_202512_comm_MT,184950-2.parquet,1
uhs14_1247--udt11665,parquet_commercial_202512_comm_MT,184953-9.parquet,1
uhs14_1247--udt11665,parquet_commercial_202512_comm_MT,184962-2.parquet,1
uhs14_1247--udt11665,parquet_commercial_202512_comm_MT,184968-2.parquet,1
uhs14_1247--udt11665,parquet_commercial_202512_comm_MT,185005-9.parquet,3
uhs14_1247--udt11665,parquet_commercial_202512_comm_MT,185015-2.parquet,1
uhs14_1247--udt11665,parquet_residential_short_202512_res_MT,102182-4.parquet,1
uhs14_1247--udt11665,parquet_residential_short_202512_res_MT,102854-4.parquet,30
uhs14_1247--udt11665,parquet_residential_short_202512_res_MT,106657-4.parquet,6
uhs14_1247--udt11665,parquet_residential_short_202512_res_MT,117464-4.parquet,1
uhs14_1247--udt11665,parquet_residential_short_202512_res_MT,118797-4.parquet,1
uhs14_1247--udt11665,parquet_residential_short_202512_res_MT,119073-4.parquet,6
uhs14_1247--udt11665,parquet_residential_short_202512_res_MT,121985-4.parquet,1
uhs14_1247--udt11665,parquet_residential_short_202512_res_MT,126858-4.parquet,1
uhs14_1247--udt11665,parquet_residential_short_202512_res_MT,136309-4.parquet,9
uhs14_1247--udt11665,parquet_residential_short_202512_res_MT,138494-4.parquet,4
uhs14_1247--udt11665,parquet_residential_short_202512_res_MT,140071-4.parquet,3
uhs14_1247--udt11665,parquet_residential_short_202512_res_MT,142544-4.parquet,2
uhs14_1247--udt11665,parquet_residential_short_202512_res_MT,147301-4.parquet,1
uhs14_1247--udt11665,parquet_residential_short_202512_res_MT,154106-4.parquet,2
uhs14_1247--udt11665,parquet_residential_short_202512_res_MT,162253-4.parquet,62
uhs14_1247--udt11665,parquet_residential_short_202512_res_MT,170488-4.parquet,3
uhs14_1247--udt11665,parquet_residential_short_202512_res_MT,180039-4.parquet,4
uhs14_1247--udt11665,parquet_residential_short_202512_res_MT,185745-4.parquet,45
uhs14_1247--udt11665,parquet_residential_short_202512_res_MT,202090-4.parquet,1
uhs14_1247--udt11665,parquet_residential_short_202512_res_MT,203702-4.parquet,6
uhs14_1247--udt11665,parquet_residential_short_202512_res_MT,20806-4.parquet,1
uhs14_1247--udt11665,parquet_residential_short_202512_res_MT,209507-4.parquet,2
uhs14_1247--udt11665,parquet_residential_short_202512_res_MT,210194-4.parquet,2
uhs14_1247--udt11665,parquet_residential_short_202512_res_MT,215981-4.parquet,1
uhs14_1247--udt11665,parquet_residential_short_202512_res_MT,217886-4.parquet,2
uhs14_1247--udt11665,parquet_residential_short_202512_res_MT,226832-4.parquet,2
uhs14_1247--udt11665,parquet_residential_short_202512_res_MT,229622-4.parquet,1
uhs14_1247--udt11665,parquet_residential_short_202512_res_MT,234488-4.parquet,1
uhs14_1247--udt11665,parquet_residential_short_202512_res_MT,239542-4.parquet,1
uhs14_1247--udt11665,parquet_residential_short_202512_res_MT,251857-4.parquet,1
uhs14_1247--udt11665,parquet_residential_short_202512_res_MT,255145-4.parquet,2
uhs14_1247--udt11665,parquet_residential_short_202512_res_MT,256192-4.parquet,1
uhs14_1247--udt11665,parquet_residential_short_202512_res_MT,276587-4.parquet,12
uhs14_1247--udt11665,parquet_residential_short_202512_res_MT,277210-4.parquet,3
uhs14_1247--udt11665,parquet_residential_short_202512_res_MT,278604-4.parquet,6
uhs14_1247--udt11665,parquet_residential_short_202512_res_MT,27882-4.parquet,3
uhs14_1247--udt11665,parquet_residential_short_202512_res_MT,305252-4.parquet,3
uhs14_1247--udt11665,parquet_residential_short_202512_res_MT,311002-4.parquet,1
uhs14_1247--udt11665,parquet_residential_short_202512_res_MT,314691-4.parquet,2
uhs14_1247--udt11665,parquet_residential_short_202512_res_MT,316244-4.parquet,1
uhs14_1247--udt11665,parquet_residential_short_202512_res_MT,321643-4.parquet,1
uhs14_1247--udt11665,parquet_residential_short_202512_res_MT,325203-4.parquet,1
uhs14_1247--udt11665,parquet_residential_short_202512_res_MT,338150-4.parquet,4
uhs14_1247--udt11665,parquet_residential_short_202512_res_MT,341617-4.parquet,5
uhs14_1247--udt11665,parquet_residential_short_202512_res_MT,343688-4.parquet,1
uhs14_1247--udt11665,parquet_residential_short_202512_res_MT,345764-4.parquet,1
uhs14_1247--udt11665,parquet_residential_short_202512_res_MT,358611-4.parquet,3
uhs14_1247--udt11665,parquet_residential_short_202512_res_MT,370023-4.parquet,2
uhs14_1247--udt11665,parquet_residential_short_202512_res_MT,371830-4.parquet,4
uhs14_1247--udt11665,parquet_residential_short_202512_res_MT,372987-4.parquet,2
uhs14_1247--udt11665,parquet_residential_short_202512_res_MT,401600-4.parquet,52
uhs14_1247--udt11665,parquet_residential_short_202512_res_MT,406640-4.parquet,5
uhs14_1247--udt11665,parquet_residential_short_202512_res_MT,418448-4.parquet,2
uhs14_1247--udt11665,parquet_residential_short_202512_res_MT,42376-4.parquet,1
uhs14_1247--udt11665,parquet_residential_short_202512_res_MT,424723-4.parquet,8
uhs14_1247--udt11665,parquet_residential_short_202512_res_MT,427948-4.parquet,31
uhs14_1247--udt11665,parquet_residential_short_202512_res_MT,445537-4.parquet,1
uhs14_1247--udt11665,parquet_residential_short_202512_res_MT,448361-4.parquet,1
uhs14_1247--udt11665,parquet_residential_short_202512_res_MT,458883-4.parquet,1
uhs14_1247--udt11665,parquet_residential_short_202512_res_MT,466189-4.parquet,2
uhs14_1247--udt11665,parquet_residential_short_202512_res_MT,468325-4.parquet,5
uhs14_1247--udt11665,parquet_residential_short_202512_res_MT,470813-4.parquet,1
uhs14_1247--udt11665,parquet_residential_short_202512_res_MT,471837-4.parquet,3
uhs14_1247--udt11665,parquet_residential_short_202512_res_MT,476793-4.parquet,4
uhs14_1247--udt11665,parquet_residential_short_202512_res_MT,481187-4.parquet,1
uhs14_1247--udt11665,parquet_residential_short_202512_res_MT,481916-4.parquet,2
uhs14_1247--udt11665,parquet_residential_short_202512_res_MT,484947-4.parquet,2
uhs14_1247--udt11665,parquet_residential_short_202512_res_MT,486032-4.parquet,1
uhs14_1247--udt11665,parquet_residential_short_202512_res_MT,486410-4.parquet,2
uhs14_1247--udt11665,parquet_residential_short_202512_res_MT,490684-4.parquet,2
uhs14_1247--udt11665,parquet_residential_short_202512_res_MT,492040-4.parquet,2
uhs14_1247--udt11665,parquet_residential_short_202512_res_MT,493524-4.parquet,1
uhs14_1247--udt11665,parquet_residential_short_202512_res_MT,494052-4.parquet,2
uhs14_1247--udt11665,parquet_residential_short_202512_res_MT,494976-4.parquet,2
uhs14_1247--udt11665,parquet_residential_short_202512_res_MT,500793-4.parquet,5
uhs14_1247--udt11665,parquet_residential_short_202512_res_MT,500992-4.parquet,2
uhs14_1247--udt11665,parquet_residential_short_202512_res_MT,508034-4.parquet,1
uhs14_1247--udt11665,parquet_residential_short_202512_res_MT,513358-4.parquet,1
uhs14_1247--udt11665,parquet_residential_short_202512_res_MT,514429-4.parquet,5
uhs14_1247--udt11665,parquet_residential_short_202512_res_MT,527227-4.parquet,2
uhs14_1247--udt11665,parquet_residential_short_202512_res_MT,529425-4.parquet,14
uhs14_1247--udt11665,parquet_residential_short_202512_res_MT,535363-4.parquet,3
uhs14_1247--udt11665,parquet_residential_short_202512_res_MT,536354-4.parquet,1
uhs14_1247--udt11665,parquet_residential_short_202512_res_MT,543184-4.parquet,3
uhs14_1247--udt11665,parquet_residential_short_202512_res_MT,547866-4.parquet,1
uhs14_1247--udt11665,parquet_residential_short_202512_res_MT,57049-4.parquet,3
uhs14_1247--udt11665,parquet_residential_short_202512_res_MT,57772-4.parquet,4
uhs14_1247--udt11665,parquet_residential_short_202512_res_MT,58337-4.parquet,1
uhs14_1247--udt11665,parquet_residential_short_202512_res_MT,63328-4.parquet,3
uhs14_1247--udt11665,parquet_residential_short_202512_res_MT,64056-4.parquet,5
uhs14_1247--udt11665,parquet_residential_short_202512_res_MT,66138-4.parquet,15
uhs14_1247--udt11665,parquet_residential_short_202512_res_MT,68619-4.parquet,1
uhs14_1247--udt11665,parquet_residential_short_202512_res_MT,81904-4.parquet,1
uhs14_1247--udt11665,parquet_residential_short_202512_res_MT,86159-4.parquet,4
uhs14_1247--udt11665,parquet_residential_short_202512_res_MT,90560-4.parquet,3
uhs14_1247--udt11665,parquet_residential_short_202512_res_MT,93871-4.parquet,7
uhs14_1247--udt11665,parquet_residential_short_202512_res_MT,94199-4.parquet,1
uhs14_1247--udt11665,parquet_residential_short_202512_res_MT,97519-4.parquet,2
uhs14_1247--udt11665,parquet_residential_short_202512_res_MT,99076-4.parquet,2
uhs14_1247--udt12226,parquet_commercial_202512_comm_MT,184116-2.parquet,2
uhs14_1247--udt12226,parquet_commercial_202512_comm_MT,184120-2.parquet,1
uhs14_1247--udt12226,parquet_commercial_202512_comm_MT,184141-2.parquet,1
uhs14_1247--udt12226,parquet_commercial_202512_comm_MT,184147-9.parquet,1
uhs14_1247--udt12226,parquet_commercial_202512_comm_MT,184172-2.parquet,2
uhs14_1247--udt12226,parquet_commercial_202512_comm_MT,184181-9.parquet,1
uhs14_1247--udt12226,parquet_commercial_202512_comm_MT,184183-2.parquet,1
uhs14_1247--udt12226,parquet_commercial_202512_comm_MT,184184-9.parquet,1
uhs14_1247--udt12226,parquet_commercial_202512_comm_MT,184194-9.parquet,1
uhs14_1247--udt12226,parquet_commercial_202512_comm_MT,184202-2.parquet,3
uhs14_1247--udt12226,parquet_commercial_202512_comm_MT,184207-2.parquet,2
uhs14_1247--udt12226,parquet_commercial_202512_comm_MT,184213-2.parquet,2
uhs14_1247--udt12226,parquet_commercial_202512_comm_MT,184217-2.parquet,3
uhs14_1247--udt12226,parquet_commercial_202512_comm_MT,184227-2.parquet,1
uhs14_1247--udt12226,parquet_commercial_202512_comm_MT,184261-2.parquet,2
uhs14_1247--udt12226,parquet_commercial_202512_comm_MT,184295-9.parquet,1
uhs14_1247--udt12226,parquet_commercial_202512_comm_MT,184313-2.parquet,1
uhs14_1247--udt12226,parquet_commercial_202512_comm_MT,184315-2.parquet,2
uhs14_1247--udt12226,parquet_commercial_202512_comm_MT,184340-2.parquet,1
uhs14_1247--udt12226,parquet_commercial_202512_comm_MT,184358-9.parquet,1
uhs14_1247--udt12226,parquet_commercial_202512_comm_MT,184365-2.parquet,1
uhs14_1247--udt12226,parquet_commercial_202512_comm_MT,184374-2.parquet,1
uhs14_1247--udt12226,parquet_commercial_202512_comm_MT,184397-2.parquet,1
uhs14_1247--udt12226,parquet_commercial_202512_comm_MT,184432-9.parquet,1
uhs14_1247--udt12226,parquet_commercial_202512_comm_MT,184433-2.parquet,1
uhs14_1247--udt12226,parquet_commercial_202512_comm_MT,184438-9.parquet,1
uhs14_1247--udt12226,parquet_commercial_202512_comm_MT,184441-9.parquet,2
uhs14_1247--udt12226,parquet_commercial_202512_comm_MT,184471-2.parquet,1
uhs14_1247--udt12226,parquet_commercial_202512_comm_MT,184505-2.parquet,1
uhs14_1247--udt12226,parquet_commercial_202512_comm_MT,184518-2.parquet,5
uhs14_1247--udt12226,parquet_commercial_202512_comm_MT,184603-2.parquet,1
uhs14_1247--udt12226,parquet_commercial_202512_comm_MT,184616-2.parquet,2
uhs14_1247--udt12226,parquet_commercial_202512_comm_MT,184617-2.parquet,1
uhs14_1247--udt12226,parquet_commercial_202512_comm_MT,184646-9.parquet,3
uhs14_1247--udt12226,parquet_commercial_202512_comm_MT,184700-9.parquet,7
uhs14_1247--udt12226,parquet_commercial_202512_comm_MT,184706-2.parquet,4
uhs14_1247--udt12226,parquet_commercial_202512_comm_MT,184717-9.parquet,1
uhs14_1247--udt12226,parquet_commercial_202512_comm_MT,184727-2.parquet,2
uhs14_1247--udt12226,parquet_commercial_202512_comm_MT,184744-9.parquet,1
uhs14_1247--udt12226,parquet_commercial_202512_comm_MT,184793-9.parquet,1
uhs14_1247--udt12226,parquet_commercial_202512_comm_MT,184797-2.parquet,1
uhs14_1247--udt12226,parquet_commercial_202512_comm_MT,184823-2.parquet,5
uhs14_1247--udt12226,parquet_commercial_202512_comm_MT,184829-9.parquet,2
uhs14_1247--udt12226,parquet_commercial_202512_comm_MT,184857-9.parquet,1
uhs14_1247--udt12226,parquet_commercial_202512_comm_MT,184860-9.parquet,2
uhs14_1247--udt12226,parquet_commercial_202512_comm_MT,184887-2.parquet,1
uhs14_1247--udt12226,parquet_commercial_202512_comm_MT,184942-9.parquet,1
uhs14_1247--udt12226,parquet_commercial_202512_comm_MT,184953-9.parquet,1
uhs14_1247--udt12226,parquet_commercial_202512_comm_MT,185005-9.parquet,1
uhs14_1247--udt12226,parquet_commercial_202512_comm_MT,185019-9.parquet,1
uhs14_1247--udt12226,parquet_commercial_202512_comm_MT,185025-9.parquet,1
uhs14_1247--udt12226,parquet_residential_short_202512_res_MT,102182-4.parquet,5
uhs14_1247--udt12226,parquet_residential_short_202512_res_MT,102854-4.parquet,99
uhs14_1247--udt12226,parquet_residential_short_202512_res_MT,106657-4.parquet,19
uhs14_1247--udt12226,parquet_residential_short_202512_res_MT,108254-4.parquet,1
uhs14_1247--udt12226,parquet_residential_short_202512_res_MT,118797-4.parquet,5
uhs14_1247--udt12226,parquet_residential_short_202512_res_MT,119073-4.parquet,9
uhs14_1247--udt12226,parquet_residential_short_202512_res_MT,119460-4.parquet,1
uhs14_1247--udt12226,parquet_residential_short_202512_res_MT,121985-4.parquet,1
uhs14_1247--udt12226,parquet_residential_short_202512_res_MT,126858-4.parquet,3
uhs14_1247--udt12226,parquet_residential_short_202512_res_MT,131145-4.parquet,9
uhs14_1247--udt12226,parquet_residential_short_202512_res_MT,136303-4.parquet,1
uhs14_1247--udt12226,parquet_residential_short_202512_res_MT,136309-4.parquet,15
uhs14_1247--udt12226,parquet_residential_short_202512_res_MT,138494-4.parquet,7
uhs14_1247--udt12226,parquet_residential_short_202512_res_MT,140071-4.parquet,21
uhs14_1247--udt12226,parquet_residential_short_202512_res_MT,142544-4.parquet,3
uhs14_1247--udt12226,parquet_residential_short_202512_res_MT,14281-4.parquet,1
uhs14_1247--udt12226,parquet_residential_short_202512_res_MT,144965-4.parquet,1
uhs14_1247--udt12226,parquet_residential_short_202512_res_MT,149272-4.parquet,1
uhs14_1247--udt12226,parquet_residential_short_202512_res_MT,153454-4.parquet,3
uhs14_1247--udt12226,parquet_residential_short_202512_res_MT,154106-4.parquet,18
uhs14_1247--udt12226,parquet_residential_short_202512_res_MT,154367-4.parquet,1
uhs14_1247--udt12226,parquet_residential_short_202512_res_MT,158072-4.parquet,1
uhs14_1247--udt12226,parquet_residential_short_202512_res_MT,162253-4.parquet,132
uhs14_1247--udt12226,parquet_residential_short_202512_res_MT,170488-4.parquet,3
uhs14_1247--udt12226,parquet_residential_short_202512_res_MT,172290-4.parquet,1
uhs14_1247--udt12226,parquet_residential_short_202512_res_MT,180039-4.parquet,11
uhs14_1247--udt12226,parquet_residential_short_202512_res_MT,183427-4.parquet,7
uhs14_1247--udt12226,parquet_residential_short_202512_res_MT,185745-4.parquet,94
uhs14_1247--udt12226,parquet_residential_short_202512_res_MT,203702-4.parquet,16
uhs14_1247--udt12226,parquet_residential_short_202512_res_MT,209507-4.parquet,9
uhs14_1247--udt12226,parquet_residential_short_202512_res_MT,210194-4.parquet,9
uhs14_1247--udt12226,parquet_residential_short_202512_res_MT,217886-4.parquet,3
uhs14_1247--udt12226,parquet_residential_short_202512_res_MT,226832-4.parquet,2
uhs14_1247--udt12226,parquet_residential_short_202512_res_MT,234488-4.parquet,5
uhs14_1247--udt12226,parquet_residential_short_202512_res_MT,239542-4.parquet,1
uhs14_1247--udt12226,parquet_residential_short_202512_res_MT,255145-4.parquet,2
uhs14_1247--udt12226,parquet_residential_short_202512_res_MT,256192-4.parquet,1
uhs14_1247--udt12226,parquet_residential_short_202512_res_MT,276587-4.parquet,76
uhs14_1247--udt12226,parquet_residential_short_202512_res_MT,277210-4.parquet,8
uhs14_1247--udt12226,parquet_residential_short_202512_res_MT,278604-4.parquet,25
uhs14_1247--udt12226,parquet_residential_short_202512_res_MT,27882-4.parquet,5
uhs14_1247--udt12226,parquet_residential_short_202512_res_MT,305252-4.parquet,5
uhs14_1247--udt12226,parquet_residential_short_202512_res_MT,311002-4.parquet,9
uhs14_1247--udt12226,parquet_residential_short_202512_res_MT,312392-4.parquet,1
uhs14_1247--udt12226,parquet_residential_short_202512_res_MT,314691-4.parquet,3
uhs14_1247--udt12226,parquet_residential_short_202512_res_MT,314702-4.parquet,1
uhs14_1247--udt12226,parquet_residential_short_202512_res_MT,316244-4.parquet,4
uhs14_1247--udt12226,parquet_residential_short_202512_res_MT,324393-4.parquet,1
uhs14_1247--udt12226,parquet_residential_short_202512_res_MT,325203-4.parquet,7
uhs14_1247--udt12226,parquet_residential_short_202512_res_MT,326339-4.parquet,1
uhs14_1247--udt12226,parquet_residential_short_202512_res_MT,338150-4.parquet,17
uhs14_1247--udt12226,parquet_residential_short_202512_res_MT,341617-4.parquet,13
uhs14_1247--udt12226,parquet_residential_short_202512_res_MT,343012-4.parquet,1
uhs14_1247--udt12226,parquet_residential_short_202512_res_MT,343688-4.parquet,1
uhs14_1247--udt12226,parquet_residential_short_202512_res_MT,345764-4.parquet,2
uhs14_1247--udt12226,parquet_residential_short_202512_res_MT,370023-4.parquet,1
uhs14_1247--udt12226,parquet_residential_short_202512_res_MT,394476-4.parquet,1
uhs14_1247--udt12226,parquet_residential_short_202512_res_MT,401600-4.parquet,101
uhs14_1247--udt12226,parquet_residential_short_202512_res_MT,402646-4.parquet,6
uhs14_1247--udt12226,parquet_residential_short_202512_res_MT,405081-4.parquet,2
uhs14_1247--udt12226,parquet_residential_short_202512_res_MT,406640-4.parquet,15
uhs14_1247--udt12226,parquet_residential_short_202512_res_MT,418448-4.parquet,1
uhs14_1247--udt12226,parquet_residential_short_202512_res_MT,420874-4.parquet,1
uhs14_1247--udt12226,parquet_residential_short_202512_res_MT,42104-4.parquet,1
uhs14_1247--udt12226,parquet_residential_short_202512_res_MT,42376-4.parquet,1
uhs14_1247--udt12226,parquet_residential_short_202512_res_MT,423918-4.parquet,2
uhs14_1247--udt12226,parquet_residential_short_202512_res_MT,424723-4.parquet,1
uhs14_1247--udt12226,parquet_residential_short_202512_res_MT,427948-4.parquet,92
uhs14_1247--udt12226,parquet_residential_short_202512_res_MT,43358-4.parquet,5
uhs14_1247--udt12226,parquet_residential_short_202512_res_MT,438998-4.parquet,1
uhs14_1247--udt12226,parquet_residential_short_202512_res_MT,448361-4.parquet,2
uhs14_1247--udt12226,parquet_residential_short_202512_res_MT,466189-4.parquet,6
uhs14_1247--udt12226,parquet_residential_short_202512_res_MT,476793-4.parquet,8
uhs14_1247--udt12226,parquet_residential_short_202512_res_MT,481916-4.parquet,8
uhs14_1247--udt12226,parquet_residential_short_202512_res_MT,484947-4.parquet,3
uhs14_1247--udt12226,parquet_residential_short_202512_res_MT,486032-4.parquet,2
uhs14_1247--udt12226,parquet_residential_short_202512_res_MT,486410-4.parquet,18
uhs14_1247--udt12226,parquet_residential_short_202512_res_MT,486622-4.parquet,1
uhs14_1247--udt12226,parquet_residential_short_202512_res_MT,489576-4.parquet,1
uhs14_1247--udt12226,parquet_residential_short_202512_res_MT,490684-4.parquet,2
uhs14_1247--udt12226,parquet_residential_short_202512_res_MT,492040-4.parquet,8
uhs14_1247--udt12226,parquet_residential_short_202512_res_MT,493524-4.parquet,4
uhs14_1247--udt12226,parquet_residential_short_202512_res_MT,494976-4.parquet,1
uhs14_1247--udt12226,parquet_residential_short_202512_res_MT,500436-4.parquet,3
uhs14_1247--udt12226,parquet_residential_short_202512_res_MT,500793-4.parquet,10
uhs14_1247--udt12226,parquet_residential_short_202512_res_MT,508034-4.parquet,3
uhs14_1247--udt12226,parquet_residential_short_202512_res_MT,513358-4.parquet,2
uhs14_1247--udt12226,parquet_residential_short_202512_res_MT,514429-4.parquet,1
uhs14_1247--udt12226,parquet_residential_short_202512_res_MT,526430-4.parquet,1
uhs14_1247--udt12226,parquet_residential_short_202512_res_MT,527227-4.parquet,7
uhs14_1247--udt12226,parquet_residential_short_202512_res_MT,529425-4.parquet,9
uhs14_1247--udt12226,parquet_residential_short_202512_res_MT,535363-4.parquet,10
uhs14_1247--udt12226,parquet_residential_short_202512_res_MT,537910-4.parquet,4
uhs14_1247--udt12226,parquet_residential_short_202512_res_MT,543184-4.parquet,9
uhs14_1247--udt12226,parquet_residential_short_202512_res_MT,547866-4.parquet,1
uhs14_1247--udt12226,parquet_residential_short_202512_res_MT,548907-4.parquet,1
uhs14_1247--udt12226,parquet_residential_short_202512_res_MT,57772-4.parquet,18
uhs14_1247--udt12226,parquet_residential_short_202512_res_MT,58337-4.parquet,4
uhs14_1247--udt12226,parquet_residential_short_202512_res_MT,63328-4.parquet,7
uhs14_1247--udt12226,parquet_residential_short_202512_res_MT,64056-4.parquet,12
uhs14_1247--udt12226,parquet_residential_short_202512_res_MT,66138-4.parquet,4
uhs14_1247--udt12226,parquet_residential_short_202512_res_MT,81904-4.parquet,13
uhs14_1247--udt12226,parquet_residential_short_202512_res_MT,86159-4.parquet,8
uhs14_1247--udt12226,parquet_residential_short_202512_res_MT,90560-4.parquet,5
uhs14_1247--udt12226,parquet_residential_short_202512_res_MT,93871-4.parquet,4
uhs14_1247--udt12226,parquet_residential_short_202512_res_MT,97519-4.parquet,5
uhs14_1247--udt12226,parquet_residential_short_202512_res_MT,99076-4.parquet,2
uhs14_1247--udt5493,parquet_commercial_202512_comm_MT,184131-2.parquet,3
uhs14_1247--udt5493,parquet_commercial_202512_comm_MT,184179-9.parquet,1
uhs14_1247--udt5493,parquet_commercial_202512_comm_MT,184182-2.parquet,2
uhs14_1247--udt5493,parquet_commercial_202512_comm_MT,184207-2.parquet,1
uhs14_1247--udt5493,parquet_commercial_202512_comm_MT,184221-9.parquet,1
uhs14_1247--udt5493,parquet_commercial_202512_comm_MT,184234-2.parquet,2
uhs14_1247--udt5493,parquet_commercial_202512_comm_MT,184279-2.parquet,1
uhs14_1247--udt5493,parquet_commercial_202512_comm_MT,184288-2.parquet,1
uhs14_1247--udt5493,parquet_commercial_202512_comm_MT,184301-9.parquet,1
uhs14_1247--udt5493,parquet_commercial_202512_comm_MT,184315-2.parquet,1
uhs14_1247--udt5493,parquet_commercial_202512_comm_MT,184394-9.parquet,1
uhs14_1247--udt5493,parquet_commercial_202512_comm_MT,184438-9.parquet,1
uhs14_1247--udt5493,parquet_commercial_202512_comm_MT,184444-2.parquet,1
uhs14_1247--udt5493,parquet_commercial_202512_comm_MT,184508-2.parquet,5
uhs14_1247--udt5493,parquet_commercial_202512_comm_MT,184518-2.parquet,3
uhs14_1247--udt5493,parquet_commercial_202512_comm_MT,184550-2.parquet,1
uhs14_1247--udt5493,parquet_commercial_202512_comm_MT,184596-9.parquet,2
uhs14_1247--udt5493,parquet_commercial_202512_comm_MT,184616-2.parquet,1
uhs14_1247--udt5493,parquet_commercial_202512_comm_MT,184636-2.parquet,1
uhs14_1247--udt5493,parquet_commercial_202512_comm_MT,184646-9.parquet,1
uhs14_1247--udt5493,parquet_commercial_202512_comm_MT,184664-9.parquet,1
uhs14_1247--udt5493,parquet_commercial_202512_comm_MT,184683-2.parquet,1
uhs14_1247--udt5493,parquet_commercial_202512_comm_MT,184687-2.parquet,1
uhs14_1247--udt5493,parquet_commercial_202512_comm_MT,184700-9.parquet,2
uhs14_1247--udt5493,parquet_commercial_202512_comm_MT,184706-2.parquet,1
uhs14_1247--udt5493,parquet_commercial_202512_comm_MT,184709-2.parquet,1
uhs14_1247--udt5493,parquet_commercial_202512_comm_MT,184776-2.parquet,2
uhs14_1247--udt5493,parquet_commercial_202512_comm_MT,184809-2.parquet,1
uhs14_1247--udt5493,parquet_commercial_202512_comm_MT,184823-2.parquet,1
uhs14_1247--udt5493,parquet_commercial_202512_comm_MT,184831-9.parquet,1
uhs14_1247--udt5493,parquet_commercial_202512_comm_MT,184856-9.parquet,1
uhs14_1247--udt5493,parquet_commercial_202512_comm_MT,184857-9.parquet,1
uhs14_1247--udt5493,parquet_commercial_202512_comm_MT,184930-2.parquet,1
uhs14_1247--udt5493,parquet_commercial_202512_comm_MT,185003-9.parquet,1
uhs14_1247--udt5493,parquet_residential_short_202512_res_MT,102182-4.parquet,4
uhs14_1247--udt5493,parquet_residential_short_202512_res_MT,102854-4.parquet,87
uhs14_1247--udt5493,parquet_residential_short_202512_res_MT,106657-4.parquet,16
uhs14_1247--udt5493,parquet_residential_short_202512_res_MT,117464-4.parquet,1
uhs14_1247--udt5493,parquet_residential_short_202512_res_MT,119073-4.parquet,9
uhs14_1247--udt5493,parquet_residential_short_202512_res_MT,131145-4.parquet,6
uhs14_1247--udt5493,parquet_residential_short_202512_res_MT,136309-4.parquet,10
uhs14_1247--udt5493,parquet_residential_short_202512_res_MT,138494-4.parquet,8
uhs14_1247--udt5493,parquet_residential_short_202512_res_MT,140071-4.parquet,9
uhs14_1247--udt5493,parquet_residential_short_202512_res_MT,142544-4.parquet,3
uhs14_1247--udt5493,parquet_residential_short_202512_res_MT,144965-4.parquet,1
uhs14_1247--udt5493,parquet_residential_short_202512_res_MT,147301-4.parquet,1
uhs14_1247--udt5493,parquet_residential_short_202512_res_MT,153454-4.parquet,1
uhs14_1247--udt5493,parquet_residential_short_202512_res_MT,154106-4.parquet,10
uhs14_1247--udt5493,parquet_residential_short_202512_res_MT,154367-4.parquet,1
uhs14_1247--udt5493,parquet_residential_short_202512_res_MT,162253-4.parquet,82
uhs14_1247--udt5493,parquet_residential_short_202512_res_MT,170488-4.parquet,2
uhs14_1247--udt5493,parquet_residential_short_202512_res_MT,170712-4.parquet,1
uhs14_1247--udt5493,parquet_residential_short_202512_res_MT,180039-4.parquet,1
uhs14_1247--udt5493,parquet_residential_short_202512_res_MT,185745-4.parquet,83
uhs14_1247--udt5493,parquet_residential_short_202512_res_MT,203702-4.parquet,7
uhs14_1247--udt5493,parquet_residential_short_202512_res_MT,209507-4.parquet,6
uhs14_1247--udt5493,parquet_residential_short_202512_res_MT,210194-4.parquet,3
uhs14_1247--udt5493,parquet_residential_short_202512_res_MT,211030-4.parquet,2
uhs14_1247--udt5493,parquet_residential_short_202512_res_MT,214774-4.parquet,1
uhs14_1247--udt5493,parquet_residential_short_202512_res_MT,217886-4.parquet,2
uhs14_1247--udt5493,parquet_residential_short_202512_res_MT,22193-4.parquet,2
uhs14_1247--udt5493,parquet_residential_short_202512_res_MT,226832-4.parquet,1
uhs14_1247--udt5493,parquet_residential_short_202512_res_MT,229622-4.parquet,1
uhs14_1247--udt5493,parquet_residential_short_202512_res_MT,234488-4.parquet,4
uhs14_1247--udt5493,parquet_residential_short_202512_res_MT,255145-4.parquet,1
uhs14_1247--udt5493,parquet_residential_short_202512_res_MT,257610-4.parquet,1
uhs14_1247--udt5493,parquet_residential_short_202512_res_MT,271955-4.parquet,1
uhs14_1247--udt5493,parquet_residential_short_202512_res_MT,276587-4.parquet,39
uhs14_1247--udt5493,parquet_residential_short_202512_res_MT,277210-4.parquet,7
uhs14_1247--udt5493,parquet_residential_short_202512_res_MT,278604-4.parquet,12
uhs14_1247--udt5493,parquet_residential_short_202512_res_MT,305252-4.parquet,1
uhs14_1247--udt5493,parquet_residential_short_202512_res_MT,310544-4.parquet,1
uhs14_1247--udt5493,parquet_residential_short_202512_res_MT,311002-4.parquet,11
uhs14_1247--udt5493,parquet_residential_short_202512_res_MT,314691-4.parquet,1
uhs14_1247--udt5493,parquet_residential_short_202512_res_MT,316244-4.parquet,2
uhs14_1247--udt5493,parquet_residential_short_202512_res_MT,325203-4.parquet,1
uhs14_1247--udt5493,parquet_residential_short_202512_res_MT,338150-4.parquet,7
uhs14_1247--udt5493,parquet_residential_short_202512_res_MT,339121-4.parquet,1
uhs14_1247--udt5493,parquet_residential_short_202512_res_MT,341617-4.parquet,7
uhs14_1247--udt5493,parquet_residential_short_202512_res_MT,343012-4.parquet,1
uhs14_1247--udt5493,parquet_residential_short_202512_res_MT,345764-4.parquet,2
uhs14_1247--udt5493,parquet_residential_short_202512_res_MT,370023-4.parquet,2
uhs14_1247--udt5493,parquet_residential_short_202512_res_MT,401600-4.parquet,76
uhs14_1247--udt5493,parquet_residential_short_202512_res_MT,402646-4.parquet,3
uhs14_1247--udt5493,parquet_residential_short_202512_res_MT,406640-4.parquet,10
uhs14_1247--udt5493,parquet_residential_short_202512_res_MT,410527-4.parquet,1
uhs14_1247--udt5493,parquet_residential_short_202512_res_MT,418448-4.parquet,2
uhs14_1247--udt5493,parquet_residential_short_202512_res_MT,42104-4.parquet,1
uhs14_1247--udt5493,parquet_residential_short_202512_res_MT,42376-4.parquet,1
uhs14_1247--udt5493,parquet_residential_short_202512_res_MT,427948-4.parquet,94
uhs14_1247--udt5493,parquet_residential_short_202512_res_MT,43358-4.parquet,4
uhs14_1247--udt5493,parquet_residential_short_202512_res_MT,438998-4.parquet,3
uhs14_1247--udt5493,parquet_residential_short_202512_res_MT,449002-4.parquet,1
uhs14_1247--udt5493,parquet_residential_short_202512_res_MT,454967-4.parquet,1
uhs14_1247--udt5493,parquet_residential_short_202512_res_MT,458883-4.parquet,3
uhs14_1247--udt5493,parquet_residential_short_202512_res_MT,466189-4.parquet,3
uhs14_1247--udt5493,parquet_residential_short_202512_res_MT,475383-4.parquet,3
uhs14_1247--udt5493,parquet_residential_short_202512_res_MT,476793-4.parquet,5
uhs14_1247--udt5493,parquet_residential_short_202512_res_MT,481187-4.parquet,1
uhs14_1247--udt5493,parquet_residential_short_202512_res_MT,481916-4.parquet,8
uhs14_1247--udt5493,parquet_residential_short_202512_res_MT,486032-4.parquet,1
uhs14_1247--udt5493,parquet_residential_short_202512_res_MT,486410-4.parquet,7
uhs14_1247--udt5493,parquet_residential_short_202512_res_MT,486622-4.parquet,2
uhs14_1247--udt5493,parquet_residential_short_202512_res_MT,492040-4.parquet,7
uhs14_1247--udt5493,parquet_residential_short_202512_res_MT,493524-4.parquet,5
uhs14_1247--udt5493,parquet_residential_short_202512_res_MT,494052-4.parquet,1
uhs14_1247--udt5493,parquet_residential_short_202512_res_MT,500793-4.parquet,4
uhs14_1247--udt5493,parquet_residential_short_202512_res_MT,508034-4.parquet,3
uhs14_1247--udt5493,parquet_residential_short_202512_res_MT,513358-4.parquet,1
uhs14_1247--udt5493,parquet_residential_short_202512_res_MT,527227-4.parquet,3
uhs14_1247--udt5493,parquet_residential_short_202512_res_MT,529425-4.parquet,12
uhs14_1247--udt5493,parquet_residential_short_202512_res_MT,535363-4.parquet,6
uhs14_1247--udt5493,parquet_residential_short_202512_res_MT,537910-4.parquet,2
uhs14_1247--udt5493,parquet_residential_short_202512_res_MT,543184-4.parquet,2
uhs14_1247--udt5493,parquet_residential_short_202512_res_MT,57049-4.parquet,1
uhs14_1247--udt5493,parquet_residential_short_202512_res_MT,57772-4.parquet,12
uhs14_1247--udt5493,parquet_residential_short_202512_res_MT,63328-4.parquet,5
uhs14_1247--udt5493,parquet_residential_short_202512_res_MT,64056-4.parquet,8
uhs14_1247--udt5493,parquet_residential_short_202512_res_MT,81904-4.parquet,5
uhs14_1247--udt5493,parquet_residential_short_202512_res_MT,86159-4.parquet,8
uhs14_1247--udt5493,parquet_residential_short_202512_res_MT,87233-4.parquet,1
uhs14_1247--udt5493,parquet_residential_short_202512_res_MT,93871-4.parquet,1
uhs14_1247--udt5493,parquet_residential_short_202512_res_MT,99076-4.parquet,1
uhs15_1247--udt19670,parquet_commercial_202512_comm_MT,184108-2.parquet,4
uhs15_1247--udt19670,parquet_commercial_202512_comm_MT,184116-2.parquet,3
uhs15_1247--udt19670,parquet_commercial_202512_comm_MT,184124-2.parquet,2
uhs15_1247--udt19670,parquet_commercial_202512_comm_MT,184137-2.parquet,1
uhs15_1247--udt19670,parquet_commercial_202512_comm_MT,184141-2.parquet,1
uhs15_1247--udt19670,parquet_commercial_202512_comm_MT,184147-9.parquet,6
uhs15_1247--udt19670,parquet_commercial_202512_comm_MT,184154-2.parquet,3
uhs15_1247--udt19670,parquet_commercial_202512_comm_MT,184168-9.parquet,1
uhs15_1247--udt19670,parquet_commercial_202512_comm_MT,184179-9.parquet,2
uhs15_1247--udt19670,parquet_commercial_202512_comm_MT,184202-2.parquet,3
uhs15_1247--udt19670,parquet_commercial_202512_comm_MT,184207-2.parquet,2
uhs15_1247--udt19670,parquet_commercial_202512_comm_MT,184220-2.parquet,23
uhs15_1247--udt19670,parquet_commercial_202512_comm_MT,184221-9.parquet,1
uhs15_1247--udt19670,parquet_commercial_202512_comm_MT,184224-9.parquet,2
uhs15_1247--udt19670,parquet_commercial_202512_comm_MT,184227-2.parquet,1
uhs15_1247--udt19670,parquet_commercial_202512_comm_MT,184234-2.parquet,1
uhs15_1247--udt19670,parquet_commercial_202512_comm_MT,184261-2.parquet,1
uhs15_1247--udt19670,parquet_commercial_202512_comm_MT,184287-9.parquet,1
uhs15_1247--udt19670,parquet_commercial_202512_comm_MT,184288-2.parquet,6
uhs15_1247--udt19670,parquet_commercial_202512_comm_MT,184291-9.parquet,1
uhs15_1247--udt19670,parquet_commercial_202512_comm_MT,184300-2.parquet,1
uhs15_1247--udt19670,parquet_commercial_202512_comm_MT,184310-2.parquet,2
uhs15_1247--udt19670,parquet_commercial_202512_comm_MT,184313-2.parquet,1
uhs15_1247--udt19670,parquet_commercial_202512_comm_MT,184315-2.parquet,5
uhs15_1247--udt19670,parquet_commercial_202512_comm_MT,184342-9.parquet,2
uhs15_1247--udt19670,parquet_commercial_202512_comm_MT,184365-2.parquet,4
uhs15_1247--udt19670,parquet_commercial_202512_comm_MT,184367-9.parquet,1
uhs15_1247--udt19670,parquet_commercial_202512_comm_MT,184377-2.parquet,2
uhs15_1247--udt19670,parquet_commercial_202512_comm_MT,184387-2.parquet,1
uhs15_1247--udt19670,parquet_commercial_202512_comm_MT,184391-9.parquet,1
uhs15_1247--udt19670,parquet_commercial_202512_comm_MT,184433-2.parquet,4
uhs15_1247--udt19670,parquet_commercial_202512_comm_MT,184438-9.parquet,2
uhs15_1247--udt19670,parquet_commercial_202512_comm_MT,184441-9.parquet,1
uhs15_1247--udt19670,parquet_commercial_202512_comm_MT,184444-2.parquet,2
uhs15_1247--udt19670,parquet_commercial_202512_comm_MT,184456-2.parquet,1
uhs15_1247--udt19670,parquet_commercial_202512_comm_MT,184475-9.parquet,1
uhs15_1247--udt19670,parquet_commercial_202512_comm_MT,184481-9.parquet,5
uhs15_1247--udt19670,parquet_commercial_202512_comm_MT,184484-2.parquet,1
uhs15_1247--udt19670,parquet_commercial_202512_comm_MT,184492-2.parquet,1
uhs15_1247--udt19670,parquet_commercial_202512_comm_MT,184495-2.parquet,1
uhs15_1247--udt19670,parquet_commercial_202512_comm_MT,184505-2.parquet,1
uhs15_1247--udt19670,parquet_commercial_202512_comm_MT,184508-2.parquet,1
uhs15_1247--udt19670,parquet_commercial_202512_comm_MT,184518-2.parquet,30
uhs15_1247--udt19670,parquet_commercial_202512_comm_MT,184527-9.parquet,1
uhs15_1247--udt19670,parquet_commercial_202512_comm_MT,184537-9.parquet,1
uhs15_1247--udt19670,parquet_commercial_202512_comm_MT,184539-9.parquet,1
uhs15_1247--udt19670,parquet_commercial_202512_comm_MT,184561-9.parquet,1
uhs15_1247--udt19670,parquet_commercial_202512_comm_MT,184586-9.parquet,1
uhs15_1247--udt19670,parquet_commercial_202512_comm_MT,184600-2.parquet,1
uhs15_1247--udt19670,parquet_commercial_202512_comm_MT,184603-2.parquet,1
uhs15_1247--udt19670,parquet_commercial_202512_comm_MT,184612-9.parquet,1
uhs15_1247--udt19670,parquet_commercial_202512_comm_MT,184617-2.parquet,1
uhs15_1247--udt19670,parquet_commercial_202512_comm_MT,184646-9.parquet,1
uhs15_1247--udt19670,parquet_commercial_202512_comm_MT,184681-9.parquet,1
uhs15_1247--udt19670,parquet_commercial_202512_comm_MT,184693-9.parquet,4
uhs15_1247--udt19670,parquet_commercial_202512_comm_MT,184700-9.parquet,20
uhs15_1247--udt19670,parquet_commercial_202512_comm_MT,184704-2.parquet,1
uhs15_1247--udt19670,parquet_commercial_202512_comm_MT,184717-9.parquet,3
uhs15_1247--udt19670,parquet_commercial_202512_comm_MT,184718-9.parquet,2
uhs15_1247--udt19670,parquet_commercial_202512_comm_MT,184727-2.parquet,3
uhs15_1247--udt19670,parquet_commercial_202512_comm_MT,184742-2.parquet,1
uhs15_1247--udt19670,parquet_commercial_202512_comm_MT,184744-9.parquet,1
uhs15_1247--udt19670,parquet_commercial_202512_comm_MT,184762-9.parquet,2
uhs15_1247--udt19670,parquet_commercial_202512_comm_MT,184763-2.parquet,1
uhs15_1247--udt19670,parquet_commercial_202512_comm_MT,184767-2.parquet,2
uhs15_1247--udt19670,parquet_commercial_202512_comm_MT,184795-2.parquet,1
uhs15_1247--udt19670,parquet_commercial_202512_comm_MT,184797-2.parquet,1
uhs15_1247--udt19670,parquet_commercial_202512_comm_MT,184798-9.parquet,1
uhs15_1247--udt19670,parquet_commercial_202512_comm_MT,184799-2.parquet,1
uhs15_1247--udt19670,parquet_commercial_202512_comm_MT,184805-2.parquet,3
uhs15_1247--udt19670,parquet_commercial_202512_comm_MT,184809-2.parquet,1
uhs15_1247--udt19670,parquet_commercial_202512_comm_MT,184812-2.parquet,1
uhs15_1247--udt19670,parquet_commercial_202512_comm_MT,184823-2.parquet,4
uhs15_1247--udt19670,parquet_commercial_202512_comm_MT,184827-9.parquet,1
uhs15_1247--udt19670,parquet_commercial_202512_comm_MT,184831-9.parquet,3
uhs15_1247--udt19670,parquet_commercial_202512_comm_MT,184836-2.parquet,1
uhs15_1247--udt19670,parquet_commercial_202512_comm_MT,184840-9.parquet,1
uhs15_1247--udt19670,parquet_commercial_202512_comm_MT,184846-2.parquet,1
uhs15_1247--udt19670,parquet_commercial_202512_comm_MT,184857-9.parquet,2
uhs15_1247--udt19670,parquet_commercial_202512_comm_MT,184858-9.parquet,1
uhs15_1247--udt19670,parquet_commercial_202512_comm_MT,184887-2.parquet,3
uhs15_1247--udt19670,parquet_commercial_202512_comm_MT,184888-9.parquet,1
uhs15_1247--udt19670,parquet_commercial_202512_comm_MT,184894-9.parquet,2
uhs15_1247--udt19670,parquet_commercial_202512_comm_MT,184897-9.parquet,1
uhs15_1247--udt19670,parquet_commercial_202512_comm_MT,184908-2.parquet,1
uhs15_1247--udt19670,parquet_commercial_202512_comm_MT,184929-2.parquet,1
uhs15_1247--udt19670,parquet_commercial_202512_comm_MT,184934-2.parquet,1
uhs15_1247--udt19670,parquet_commercial_202512_comm_MT,184941-2.parquet,4
uhs15_1247--udt19670,parquet_commercial_202512_comm_MT,184942-9.parquet,1
uhs15_1247--udt19670,parquet_commercial_202512_comm_MT,184962-2.parquet,1
uhs15_1247--udt19670,parquet_commercial_202512_comm_MT,184981-2.parquet,1
uhs15_1247--udt19670,parquet_commercial_202512_comm_MT,185005-9.parquet,1
uhs15_1247--udt19670,parquet_commercial_202512_comm_MT,185010-2.parquet,1
uhs15_1247--udt19670,parquet_commercial_202512_comm_MT,185015-2.parquet,1
uhs15_1247--udt19670,parquet_residential_short_202512_res_MT,102854-4.parquet,57
uhs15_1247--udt19670,parquet_residential_short_202512_res_MT,106657-4.parquet,34
uhs15_1247--udt19670,parquet_residential_short_202512_res_MT,108254-4.parquet,2
uhs15_1247--udt19670,parquet_residential_short_202512_res_MT,114857-4.parquet,1
uhs15_1247--udt19670,parquet_residential_short_202512_res_MT,117464-4.parquet,1
uhs15_1247--udt19670,parquet_residential_short_202512_res_MT,118679-4.parquet,1
uhs15_1247--udt19670,parquet_residential_short_202512_res_MT,118797-4.parquet,5
uhs15_1247--udt19670,parquet_residential_short_202512_res_MT,119073-4.parquet,4
uhs15_1247--udt19670,parquet_residential_short_202512_res_MT,119460-4.parquet,1
uhs15_1247--udt19670,parquet_residential_short_202512_res_MT,121985-4.parquet,2
uhs15_1247--udt19670,parquet_residential_short_202512_res_MT,131145-4.parquet,4
uhs15_1247--udt19670,parquet_residential_short_202512_res_MT,136303-4.parquet,2
uhs15_1247--udt19670,parquet_residential_short_202512_res_MT,136309-4.parquet,29
uhs15_1247--udt19670,parquet_residential_short_202512_res_MT,138494-4.parquet,4
uhs15_1247--udt19670,parquet_residential_short_202512_res_MT,140071-4.parquet,16
uhs15_1247--udt19670,parquet_residential_short_202512_res_MT,142544-4.parquet,6
uhs15_1247--udt19670,parquet_residential_short_202512_res_MT,14281-4.parquet,2
uhs15_1247--udt19670,parquet_residential_short_202512_res_MT,147301-4.parquet,1
uhs15_1247--udt19670,parquet_residential_short_202512_res_MT,149272-4.parquet,1
uhs15_1247--udt19670,parquet_residential_short_202512_res_MT,150214-4.parquet,1
uhs15_1247--udt19670,parquet_residential_short_202512_res_MT,153454-4.parquet,4
uhs15_1247--udt19670,parquet_residential_short_202512_res_MT,156849-4.parquet,3
uhs15_1247--udt19670,parquet_residential_short_202512_res_MT,162253-4.parquet,209
uhs15_1247--udt19670,parquet_residential_short_202512_res_MT,170488-4.parquet,3
uhs15_1247--udt19670,parquet_residential_short_202512_res_MT,170712-4.parquet,1
uhs15_1247--udt19670,parquet_residential_short_202512_res_MT,180039-4.parquet,3
uhs15_1247--udt19670,parquet_residential_short_202512_res_MT,182480-4.parquet,1
uhs15_1247--udt19670,parquet_residential_short_202512_res_MT,183427-4.parquet,6
uhs15_1247--udt19670,parquet_residential_short_202512_res_MT,185745-4.parquet,128
uhs15_1247--udt19670,parquet_residential_short_202512_res_MT,203702-4.parquet,18
uhs15_1247--udt19670,parquet_residential_short_202512_res_MT,20806-4.parquet,1
uhs15_1247--udt19670,parquet_residential_short_202512_res_MT,208538-4.parquet,1
uhs15_1247--udt19670,parquet_residential_short_202512_res_MT,209507-4.parquet,6
uhs15_1247--udt19670,parquet_residential_short_202512_res_MT,210194-4.parquet,7
uhs15_1247--udt19670,parquet_residential_short_202512_res_MT,211030-4.parquet,1
uhs15_1247--udt19670,parquet_residential_short_202512_res_MT,217886-4.parquet,4
uhs15_1247--udt19670,parquet_residential_short_202512_res_MT,234488-4.parquet,6
uhs15_1247--udt19670,parquet_residential_short_202512_res_MT,239542-4.parquet,2
uhs15_1247--udt19670,parquet_residential_short_202512_res_MT,255145-4.parquet,1
uhs15_1247--udt19670,parquet_residential_short_202512_res_MT,256192-4.parquet,2
uhs15_1247--udt19670,parquet_residential_short_202512_res_MT,271955-4.parquet,2
uhs15_1247--udt19670,parquet_residential_short_202512_res_MT,276587-4.parquet,41
uhs15_1247--udt19670,parquet_residential_short_202512_res_MT,277210-4.parquet,9
uhs15_1247--udt19670,parquet_residential_short_202512_res_MT,278604-4.parquet,39
uhs15_1247--udt19670,parquet_residential_short_202512_res_MT,27882-4.parquet,2
uhs15_1247--udt19670,parquet_residential_short_202512_res_MT,296733-4.parquet,1
uhs15_1247--udt19670,parquet_residential_short_202512_res_MT,305252-4.parquet,7
uhs15_1247--udt19670,parquet_residential_short_202512_res_MT,311002-4.parquet,3
uhs15_1247--udt19670,parquet_residential_short_202512_res_MT,312392-4.parquet,1
uhs15_1247--udt19670,parquet_residential_short_202512_res_MT,314691-4.parquet,10
uhs15_1247--udt19670,parquet_residential_short_202512_res_MT,316244-4.parquet,3
uhs15_1247--udt19670,parquet_residential_short_202512_res_MT,325203-4.parquet,1
uhs15_1247--udt19670,parquet_residential_short_202512_res_MT,338150-4.parquet,2
uhs15_1247--udt19670,parquet_residential_short_202512_res_MT,341617-4.parquet,7
uhs15_1247--udt19670,parquet_residential_short_202512_res_MT,343012-4.parquet,1
uhs15_1247--udt19670,parquet_residential_short_202512_res_MT,345764-4.parquet,1
uhs15_1247--udt19670,parquet_residential_short_202512_res_MT,358611-4.parquet,1
uhs15_1247--udt19670,parquet_residential_short_202512_res_MT,370023-4.parquet,5
uhs15_1247--udt19670,parquet_residential_short_202512_res_MT,393147-4.parquet,2
uhs15_1247--udt19670,parquet_residential_short_202512_res_MT,401600-4.parquet,149
uhs15_1247--udt19670,parquet_residential_short_202512_res_MT,402646-4.parquet,1
uhs15_1247--udt19670,parquet_residential_short_202512_res_MT,403077-4.parquet,1
uhs15_1247--udt19670,parquet_residential_short_202512_res_MT,405081-4.parquet,2
uhs15_1247--udt19670,parquet_residential_short_202512_res_MT,406640-4.parquet,13
uhs15_1247--udt19670,parquet_residential_short_202512_res_MT,410527-4.parquet,4
uhs15_1247--udt19670,parquet_residential_short_202512_res_MT,418448-4.parquet,4
uhs15_1247--udt19670,parquet_residential_short_202512_res_MT,42104-4.parquet,1
uhs15_1247--udt19670,parquet_residential_short_202512_res_MT,42376-4.parquet,5
uhs15_1247--udt19670,parquet_residential_short_202512_res_MT,423918-4.parquet,1
uhs15_1247--udt19670,parquet_residential_short_202512_res_MT,424723-4.parquet,8
uhs15_1247--udt19670,parquet_residential_short_202512_res_MT,427948-4.parquet,78
uhs15_1247--udt19670,parquet_residential_short_202512_res_MT,438998-4.parquet,2
uhs15_1247--udt19670,parquet_residential_short_202512_res_MT,445835-4.parquet,2
uhs15_1247--udt19670,parquet_residential_short_202512_res_MT,449002-4.parquet,1
uhs15_1247--udt19670,parquet_residential_short_202512_res_MT,458883-4.parquet,3
uhs15_1247--udt19670,parquet_residential_short_202512_res_MT,464253-4.parquet,2
uhs15_1247--udt19670,parquet_residential_short_202512_res_MT,466189-4.parquet,15
uhs15_1247--udt19670,parquet_residential_short_202512_res_MT,475383-4.parquet,2
uhs15_1247--udt19670,parquet_residential_short_202512_res_MT,476793-4.parquet,18
uhs15_1247--udt19670,parquet_residential_short_202512_res_MT,481916-4.parquet,13
uhs15_1247--udt19670,parquet_residential_short_202512_res_MT,484947-4.parquet,2
uhs15_1247--udt19670,parquet_residential_short_202512_res_MT,486410-4.parquet,6
uhs15_1247--udt19670,parquet_residential_short_202512_res_MT,489576-4.parquet,2
uhs15_1247--udt19670,parquet_residential_short_202512_res_MT,490684-4.parquet,6
uhs15_1247--udt19670,parquet_residential_short_202512_res_MT,492040-4.parquet,4
uhs15_1247--udt19670,parquet_residential_short_202512_res_MT,493524-4.parquet,4
uhs15_1247--udt19670,parquet_residential_short_202512_res_MT,494976-4.parquet,2
uhs15_1247--udt19670,parquet_residential_short_202512_res_MT,500793-4.parquet,3
uhs15_1247--udt19670,parquet_residential_short_202512_res_MT,500992-4.parquet,2
uhs15_1247--udt19670,parquet_residential_short_202512_res_MT,508034-4.parquet,6
uhs15_1247--udt19670,parquet_residential_short_202512_res_MT,513358-4.parquet,2
uhs15_1247--udt19670,parquet_residential_short_202512_res_MT,527227-4.parquet,9
uhs15_1247--udt19670,parquet_residential_short_202512_res_MT,529425-4.parquet,66
uhs15_1247--udt19670,parquet_residential_short_202512_res_MT,535363-4.parquet,17
uhs15_1247--udt19670,parquet_residential_short_202512_res_MT,537910-4.parquet,1
uhs15_1247--udt19670,parquet_residential_short_202512_res_MT,543184-4.parquet,6
uhs15_1247--udt19670,parquet_residential_short_202512_res_MT,57049-4.parquet,4
uhs15_1247--udt19670,parquet_residential_short_202512_res_MT,57772-4.parquet,4
uhs15_1247--udt19670,parquet_residential_short_202512_res_MT,58337-4.parquet,1
uhs15_1247--udt19670,parquet_residential_short_202512_res_MT,63328-4.parquet,5
uhs15_1247--udt19670,parquet_residential_short_202512_res_MT,64056-4.parquet,3
uhs15_1247--udt19670,parquet_residential_short_202512_res_MT,66138-4.parquet,12
uhs15_1247--udt19670,parquet_residential_short_202512_res_MT,68619-4.parquet,1
uhs15_1247--udt19670,parquet_residential_short_202512_res_MT,81904-4.parquet,2
uhs15_1247--udt19670,parquet_residential_short_202512_res_MT,86159-4.parquet,2
uhs15_1247--udt19670,parquet_residential_short_202512_res_MT,90560-4.parquet,1
uhs15_1247--udt19670,parquet_residential_short_202512_res_MT,93871-4.parquet,6
uhs15_1247--udt19670,parquet_residential_short_202512_res_MT,94199-4.parquet,1
uhs15_1247--udt19670,parquet_residential_short_202512_res_MT,97519-4.parquet,8
uhs15_1247--udt19670,parquet_residential_short_202512_res_MT,99076-4.parquet,1
uhs15_1247--udt20824,parquet_commercial_202512_comm_MT,184116-2.parquet,20
uhs15_1247--udt20824,parquet_commercial_202512_comm_MT,184121-2.parquet,1
uhs15_1247--udt20824,parquet_commercial_202512_comm_MT,184128-2.parquet,1
uhs15_1247--udt20824,parquet_commercial_202512_comm_MT,184137-2.parquet,1
uhs15_1247--udt20824,parquet_commercial_202512_comm_MT,184141-2.parquet,3
uhs15_1247--udt20824,parquet_commercial_202512_comm_MT,184142-2.parquet,2
uhs15_1247--udt20824,parquet_commercial_202512_comm_MT,184147-9.parquet,3
uhs15_1247--udt20824,parquet_commercial_202512_comm_MT,184157-2.parquet,1
uhs15_1247--udt20824,parquet_commercial_202512_comm_MT,184168-9.parquet,1
uhs15_1247--udt20824,parquet_commercial_202512_comm_MT,184172-2.parquet,1
uhs15_1247--udt20824,parquet_commercial_202512_comm_MT,184182-2.parquet,1
uhs15_1247--udt20824,parquet_commercial_202512_comm_MT,184194-9.parquet,1
uhs15_1247--udt20824,parquet_commercial_202512_comm_MT,184202-2.parquet,9
uhs15_1247--udt20824,parquet_commercial_202512_comm_MT,184207-2.parquet,2
uhs15_1247--udt20824,parquet_commercial_202512_comm_MT,184213-2.parquet,1
uhs15_1247--udt20824,parquet_commercial_202512_comm_MT,184217-2.parquet,2
uhs15_1247--udt20824,parquet_commercial_202512_comm_MT,184220-2.parquet,1
uhs15_1247--udt20824,parquet_commercial_202512_comm_MT,184252-9.parquet,1
uhs15_1247--udt20824,parquet_commercial_202512_comm_MT,184261-2.parquet,3
uhs15_1247--udt20824,parquet_commercial_202512_comm_MT,184276-2.parquet,1
uhs15_1247--udt20824,parquet_commercial_202512_comm_MT,184288-2.parquet,2
uhs15_1247--udt20824,parquet_commercial_202512_comm_MT,184291-9.parquet,1
uhs15_1247--udt20824,parquet_commercial_202512_comm_MT,184300-2.parquet,1
uhs15_1247--udt20824,parquet_commercial_202512_comm_MT,184315-2.parquet,6
uhs15_1247--udt20824,parquet_commercial_202512_comm_MT,184325-9.parquet,1
uhs15_1247--udt20824,parquet_commercial_202512_comm_MT,184336-9.parquet,1
uhs15_1247--udt20824,parquet_commercial_202512_comm_MT,184365-2.parquet,11
uhs15_1247--udt20824,parquet_commercial_202512_comm_MT,184370-2.parquet,2
uhs15_1247--udt20824,parquet_commercial_202512_comm_MT,184374-2.parquet,2
uhs15_1247--udt20824,parquet_commercial_202512_comm_MT,184377-2.parquet,2
uhs15_1247--udt20824,parquet_commercial_202512_comm_MT,184382-9.parquet,1
uhs15_1247--udt20824,parquet_commercial_202512_comm_MT,184391-9.parquet,1
uhs15_1247--udt20824,parquet_commercial_202512_comm_MT,184439-2.parquet,2
uhs15_1247--udt20824,parquet_commercial_202512_comm_MT,184441-9.parquet,1
uhs15_1247--udt20824,parquet_commercial_202512_comm_MT,184444-2.parquet,2
uhs15_1247--udt20824,parquet_commercial_202512_comm_MT,184471-2.parquet,1
uhs15_1247--udt20824,parquet_commercial_202512_comm_MT,184481-9.parquet,1
uhs15_1247--udt20824,parquet_commercial_202512_comm_MT,184508-2.parquet,2
uhs15_1247--udt20824,parquet_commercial_202512_comm_MT,184510-2.parquet,3
uhs15_1247--udt20824,parquet_commercial_202512_comm_MT,184512-2.parquet,6
uhs15_1247--udt20824,parquet_commercial_202512_comm_MT,184518-2.parquet,7
uhs15_1247--udt20824,parquet_commercial_202512_comm_MT,184544-2.parquet,3
uhs15_1247--udt20824,parquet_commercial_202512_comm_MT,184578-2.parquet,1
uhs15_1247--udt20824,parquet_commercial_202512_comm_MT,184586-9.parquet,1
uhs15_1247--udt20824,parquet_commercial_202512_comm_MT,184587-2.parquet,2
uhs15_1247--udt20824,parquet_commercial_202512_comm_MT,184596-9.parquet,1
uhs15_1247--udt20824,parquet_commercial_202512_comm_MT,184601-2.parquet,1
uhs15_1247--udt20824,parquet_commercial_202512_comm_MT,184612-9.parquet,1
uhs15_1247--udt20824,parquet_commercial_202512_comm_MT,184616-2.parquet,4
uhs15_1247--udt20824,parquet_commercial_202512_comm_MT,184617-2.parquet,14
uhs15_1247--udt20824,parquet_commercial_202512_comm_MT,184646-9.parquet,6
uhs15_1247--udt20824,parquet_commercial_202512_comm_MT,184654-2.parquet,1
uhs15_1247--udt20824,parquet_commercial_202512_comm_MT,184693-9.parquet,3
uhs15_1247--udt20824,parquet_commercial_202512_comm_MT,184700-9.parquet,6
uhs15_1247--udt20824,parquet_commercial_202512_comm_MT,184706-2.parquet,1
uhs15_1247--udt20824,parquet_commercial_202512_comm_MT,184717-9.parquet,2
uhs15_1247--udt20824,parquet_commercial_202512_comm_MT,184718-9.parquet,1
uhs15_1247--udt20824,parquet_commercial_202512_comm_MT,184727-2.parquet,1
uhs15_1247--udt20824,parquet_commercial_202512_comm_MT,184746-2.parquet,1
uhs15_1247--udt20824,parquet_commercial_202512_comm_MT,184763-2.parquet,3
uhs15_1247--udt20824,parquet_commercial_202512_comm_MT,184772-2.parquet,5
uhs15_1247--udt20824,parquet_commercial_202512_comm_MT,184776-2.parquet,1
uhs15_1247--udt20824,parquet_commercial_202512_comm_MT,184793-9.parquet,1
uhs15_1247--udt20824,parquet_commercial_202512_comm_MT,184797-2.parquet,6
uhs15_1247--udt20824,parquet_commercial_202512_comm_MT,184809-2.parquet,1
uhs15_1247--udt20824,parquet_commercial_202512_comm_MT,184823-2.parquet,4
uhs15_1247--udt20824,parquet_commercial_202512_comm_MT,184824-2.parquet,1
uhs15_1247--udt20824,parquet_commercial_202512_comm_MT,184852-9.parquet,1
uhs15_1247--udt20824,parquet_commercial_202512_comm_MT,184857-9.parquet,5
uhs15_1247--udt20824,parquet_commercial_202512_comm_MT,184860-9.parquet,1
uhs15_1247--udt20824,parquet_commercial_202512_comm_MT,184887-2.parquet,2
uhs15_1247--udt20824,parquet_commercial_202512_comm_MT,184888-9.parquet,6
uhs15_1247--udt20824,parquet_commercial_202512_comm_MT,184920-2.parquet,1
uhs15_1247--udt20824,parquet_commercial_202512_comm_MT,184941-2.parquet,6
uhs15_1247--udt20824,parquet_commercial_202512_comm_MT,184953-9.parquet,1
uhs15_1247--udt20824,parquet_commercial_202512_comm_MT,184954-2.parquet,3
uhs15_1247--udt20824,parquet_commercial_202512_comm_MT,184974-2.parquet,1
uhs15_1247--udt20824,parquet_commercial_202512_comm_MT,184983-2.parquet,3
uhs15_1247--udt20824,parquet_commercial_202512_comm_MT,184996-2.parquet,3
uhs15_1247--udt20824,parquet_commercial_202512_comm_MT,185005-9.parquet,3
uhs15_1247--udt20824,parquet_commercial_202512_comm_MT,185008-9.parquet,2
uhs15_1247--udt20824,parquet_commercial_202512_comm_MT,185015-2.parquet,8
uhs15_1247--udt20824,parquet_commercial_202512_comm_MT,185025-9.parquet,8
uhs15_1247--udt20824,parquet_residential_short_202512_res_MT,102854-4.parquet,7
uhs15_1247--udt20824,parquet_residential_short_202512_res_MT,106657-4.parquet,3
uhs15_1247--udt20824,parquet_residential_short_202512_res_MT,108254-4.parquet,1
uhs15_1247--udt20824,parquet_residential_short_202512_res_MT,118797-4.parquet,2
uhs15_1247--udt20824,parquet_residential_short_202512_res_MT,119073-4.parquet,2
uhs15_1247--udt20824,parquet_residential_short_202512_res_MT,119460-4.parquet,1
uhs15_1247--udt20824,parquet_residential_short_202512_res_MT,136309-4.parquet,2
uhs15_1247--udt20824,parquet_residential_short_202512_res_MT,138494-4.parquet,3
uhs15_1247--udt20824,parquet_residential_short_202512_res_MT,140071-4.parquet,7
uhs15_1247--udt20824,parquet_residential_short_202512_res_MT,153454-4.parquet,4
uhs15_1247--udt20824,parquet_residential_short_202512_res_MT,154106-4.parquet,2
uhs15_1247--udt20824,parquet_residential_short_202512_res_MT,162253-4.parquet,10
uhs15_1247--udt20824,parquet_residential_short_202512_res_MT,180039-4.parquet,4
uhs15_1247--udt20824,parquet_residential_short_202512_res_MT,185745-4.parquet,8
uhs15_1247--udt20824,parquet_residential_short_202512_res_MT,203702-4.parquet,3
uhs15_1247--udt20824,parquet_residential_short_202512_res_MT,20806-4.parquet,1
uhs15_1247--udt20824,parquet_residential_short_202512_res_MT,234488-4.parquet,3
uhs15_1247--udt20824,parquet_residential_short_202512_res_MT,256192-4.parquet,1
uhs15_1247--udt20824,parquet_residential_short_202512_res_MT,276587-4.parquet,8
uhs15_1247--udt20824,parquet_residential_short_202512_res_MT,277210-4.parquet,1
uhs15_1247--udt20824,parquet_residential_short_202512_res_MT,27882-4.parquet,5
uhs15_1247--udt20824,parquet_residential_short_202512_res_MT,310402-4.parquet,1
uhs15_1247--udt20824,parquet_residential_short_202512_res_MT,311002-4.parquet,1
uhs15_1247--udt20824,parquet_residential_short_202512_res_MT,316244-4.parquet,1
uhs15_1247--udt20824,parquet_residential_short_202512_res_MT,338628-4.parquet,1
uhs15_1247--udt20824,parquet_residential_short_202512_res_MT,371830-4.parquet,1
uhs15_1247--udt20824,parquet_residential_short_202512_res_MT,401600-4.parquet,8
uhs15_1247--udt20824,parquet_residential_short_202512_res_MT,405081-4.parquet,1
uhs15_1247--udt20824,parquet_residential_short_202512_res_MT,418448-4.parquet,1
uhs15_1247--udt20824,parquet_residential_short_202512_res_MT,42104-4.parquet,1
uhs15_1247--udt20824,parquet_residential_short_202512_res_MT,42376-4.parquet,4
uhs15_1247--udt20824,parquet_residential_short_202512_res_MT,424723-4.parquet,7
uhs15_1247--udt20824,parquet_residential_short_202512_res_MT,427948-4.parquet,13
uhs15_1247--udt20824,parquet_residential_short_202512_res_MT,442350-4.parquet,1
uhs15_1247--udt20824,parquet_residential_short_202512_res_MT,454505-4.parquet,1
uhs15_1247--udt20824,parquet_residential_short_202512_res_MT,464253-4.parquet,1
uhs15_1247--udt20824,parquet_residential_short_202512_res_MT,472451-4.parquet,1
uhs15_1247--udt20824,parquet_residential_short_202512_res_MT,476793-4.parquet,2
uhs15_1247--udt20824,parquet_residential_short_202512_res_MT,481916-4.parquet,3
uhs15_1247--udt20824,parquet_residential_short_202512_res_MT,486032-4.parquet,1
uhs15_1247--udt20824,parquet_residential_short_202512_res_MT,486410-4.parquet,2
uhs15_1247--udt20824,parquet_residential_short_202512_res_MT,489576-4.parquet,2
uhs15_1247--udt20824,parquet_residential_short_202512_res_MT,490684-4.parquet,1
uhs15_1247--udt20824,parquet_residential_short_202512_res_MT,492040-4.parquet,1
uhs15_1247--udt20824,parquet_residential_short_202512_res_MT,494976-4.parquet,6
uhs15_1247--udt20824,parquet_residential_short_202512_res_MT,508034-4.parquet,1
uhs15_1247--udt20824,parquet_residential_short_202512_res_MT,513358-4.parquet,1
uhs15_1247--udt20824,parquet_residential_short_202512_res_MT,529425-4.parquet,5
uhs15_1247--udt20824,parquet_residential_short_202512_res_MT,543184-4.parquet,1
uhs15_1247--udt20824,parquet_residential_short_202512_res_MT,57049-4.parquet,2
uhs15_1247--udt20824,parquet_residential_short_202512_res_MT,57772-4.parquet,2
uhs15_1247--udt20824,parquet_residential_short_202512_res_MT,58700-4.parquet,1
uhs15_1247--udt20824,parquet_residential_short_202512_res_MT,63328-4.parquet,2
uhs15_1247--udt20824,parquet_residential_short_202512_res_MT,64056-4.parquet,5
uhs15_1247--udt20824,parquet_residential_short_202512_res_MT,66138-4.parquet,1
uhs15_1247--udt20824,parquet_residential_short_202512_res_MT,81904-4.parquet,1
uhs15_1247--udt20824,parquet_residential_short_202512_res_MT,86159-4.parquet,1
uhs15_1247--udt20824,parquet_residential_short_202512_res_MT,90560-4.parquet,1
uhs15_1247--udt20824,parquet_residential_short_202512_res_MT,93871-4.parquet,5
uhs15_1247--udt20824,parquet_residential_short_202512_res_MT,94199-4.parquet,3
uhs16_1247--udt15512,parquet_commercial_202512_comm_MT,184108-2.parquet,2
uhs16_1247--udt15512,parquet_commercial_202512_comm_MT,184116-2.parquet,2
uhs16_1247--udt15512,parquet_commercial_202512_comm_MT,184124-2.parquet,1
uhs16_1247--udt15512,parquet_commercial_202512_comm_MT,184147-9.parquet,9
uhs16_1247--udt15512,parquet_commercial_202512_comm_MT,184154-2.parquet,2
uhs16_1247--udt15512,parquet_commercial_202512_comm_MT,184157-2.parquet,2
uhs16_1247--udt15512,parquet_commercial_202512_comm_MT,184168-9.parquet,1
uhs16_1247--udt15512,parquet_commercial_202512_comm_MT,184172-2.parquet,2
uhs16_1247--udt15512,parquet_commercial_202512_comm_MT,184202-2.parquet,3
uhs16_1247--udt15512,parquet_commercial_202512_comm_MT,184207-2.parquet,2
uhs16_1247--udt15512,parquet_commercial_202512_comm_MT,184213-2.parquet,1
uhs16_1247--udt15512,parquet_commercial_202512_comm_MT,184220-2.parquet,9
uhs16_1247--udt15512,parquet_commercial_202512_comm_MT,184221-9.parquet,1
uhs16_1247--udt15512,parquet_commercial_202512_comm_MT,184223-2.parquet,1
uhs16_1247--udt15512,parquet_commercial_202512_comm_MT,184258-9.parquet,1
uhs16_1247--udt15512,parquet_commercial_202512_comm_MT,184267-9.parquet,1
uhs16_1247--udt15512,parquet_commercial_202512_comm_MT,184278-2.parquet,1
uhs16_1247--udt15512,parquet_commercial_202512_comm_MT,184287-9.parquet,2
uhs16_1247--udt15512,parquet_commercial_202512_comm_MT,184288-2.parquet,2
uhs16_1247--udt15512,parquet_commercial_202512_comm_MT,184315-2.parquet,7
uhs16_1247--udt15512,parquet_commercial_202512_comm_MT,184325-9.parquet,1
uhs16_1247--udt15512,parquet_commercial_202512_comm_MT,184331-9.parquet,1
uhs16_1247--udt15512,parquet_commercial_202512_comm_MT,184349-2.parquet,1
uhs16_1247--udt15512,parquet_commercial_202512_comm_MT,184365-2.parquet,2
uhs16_1247--udt15512,parquet_commercial_202512_comm_MT,184377-2.parquet,1
uhs16_1247--udt15512,parquet_commercial_202512_comm_MT,184382-9.parquet,1
uhs16_1247--udt15512,parquet_commercial_202512_comm_MT,184391-9.parquet,1
uhs16_1247--udt15512,parquet_commercial_202512_comm_MT,184417-2.parquet,1
uhs16_1247--udt15512,parquet_commercial_202512_comm_MT,184438-9.parquet,1
uhs16_1247--udt15512,parquet_commercial_202512_comm_MT,184441-9.parquet,1
uhs16_1247--udt15512,parquet_commercial_202512_comm_MT,184444-2.parquet,1
uhs16_1247--udt15512,parquet_commercial_202512_comm_MT,184451-2.parquet,2
uhs16_1247--udt15512,parquet_commercial_202512_comm_MT,184456-2.parquet,1
uhs16_1247--udt15512,parquet_commercial_202512_comm_MT,184481-9.parquet,2
uhs16_1247--udt15512,parquet_commercial_202512_comm_MT,184492-2.parquet,2
uhs16_1247--udt15512,parquet_commercial_202512_comm_MT,184508-2.parquet,1
uhs16_1247--udt15512,parquet_commercial_202512_comm_MT,184518-2.parquet,32
uhs16_1247--udt15512,parquet_commercial_202512_comm_MT,184560-2.parquet,1
uhs16_1247--udt15512,parquet_commercial_202512_comm_MT,184586-9.parquet,2
uhs16_1247--udt15512,parquet_commercial_202512_comm_MT,184596-9.parquet,2
uhs16_1247--udt15512,parquet_commercial_202512_comm_MT,184616-2.parquet,10
uhs16_1247--udt15512,parquet_commercial_202512_comm_MT,184617-2.parquet,2
uhs16_1247--udt15512,parquet_commercial_202512_comm_MT,184623-9.parquet,1
uhs16_1247--udt15512,parquet_commercial_202512_comm_MT,184633-9.parquet,1
uhs16_1247--udt15512,parquet_commercial_202512_comm_MT,184646-9.parquet,4
uhs16_1247--udt15512,parquet_commercial_202512_comm_MT,184683-2.parquet,1
uhs16_1247--udt15512,parquet_commercial_202512_comm_MT,184693-9.parquet,3
uhs16_1247--udt15512,parquet_commercial_202512_comm_MT,184700-9.parquet,3
uhs16_1247--udt15512,parquet_commercial_202512_comm_MT,184712-2.parquet,1
uhs16_1247--udt15512,parquet_commercial_202512_comm_MT,184714-9.parquet,1
uhs16_1247--udt15512,parquet_commercial_202512_comm_MT,184717-9.parquet,4
uhs16_1247--udt15512,parquet_commercial_202512_comm_MT,184720-2.parquet,1
uhs16_1247--udt15512,parquet_commercial_202512_comm_MT,184727-2.parquet,1
uhs16_1247--udt15512,parquet_commercial_202512_comm_MT,184745-2.parquet,1
uhs16_1247--udt15512,parquet_commercial_202512_comm_MT,184763-2.parquet,1
uhs16_1247--udt15512,parquet_commercial_202512_comm_MT,184767-2.parquet,2
uhs16_1247--udt15512,parquet_commercial_202512_comm_MT,184772-2.parquet,2
uhs16_1247--udt15512,parquet_commercial_202512_comm_MT,184805-2.parquet,2
uhs16_1247--udt15512,parquet_commercial_202512_comm_MT,184812-2.parquet,1
uhs16_1247--udt15512,parquet_commercial_202512_comm_MT,184821-9.parquet,3
uhs16_1247--udt15512,parquet_commercial_202512_comm_MT,184823-2.parquet,2
uhs16_1247--udt15512,parquet_commercial_202512_comm_MT,184831-9.parquet,1
uhs16_1247--udt15512,parquet_commercial_202512_comm_MT,184849-9.parquet,2
uhs16_1247--udt15512,parquet_commercial_202512_comm_MT,184852-9.parquet,1
uhs16_1247--udt15512,parquet_commercial_202512_comm_MT,184857-9.parquet,1
uhs16_1247--udt15512,parquet_commercial_202512_comm_MT,184860-9.parquet,1
uhs16_1247--udt15512,parquet_commercial_202512_comm_MT,184872-2.parquet,1
uhs16_1247--udt15512,parquet_commercial_202512_comm_MT,184874-9.parquet,1
uhs16_1247--udt15512,parquet_commercial_202512_comm_MT,184887-2.parquet,5
uhs16_1247--udt15512,parquet_commercial_202512_comm_MT,184894-9.parquet,2
uhs16_1247--udt15512,parquet_commercial_202512_comm_MT,184896-2.parquet,1
uhs16_1247--udt15512,parquet_commercial_202512_comm_MT,184920-2.parquet,1
uhs16_1247--udt15512,parquet_commercial_202512_comm_MT,184941-2.parquet,1
uhs16_1247--udt15512,parquet_commercial_202512_comm_MT,184951-2.parquet,2
uhs16_1247--udt15512,parquet_commercial_202512_comm_MT,184953-9.parquet,2
uhs16_1247--udt15512,parquet_commercial_202512_comm_MT,184962-2.parquet,1
uhs16_1247--udt15512,parquet_commercial_202512_comm_MT,184967-2.parquet,1
uhs16_1247--udt15512,parquet_commercial_202512_comm_MT,185003-9.parquet,1
uhs16_1247--udt15512,parquet_commercial_202512_comm_MT,185010-2.parquet,1
uhs16_1247--udt15512,parquet_residential_short_202512_res_MT,101078-4.parquet,1
uhs16_1247--udt15512,parquet_residential_short_202512_res_MT,102854-4.parquet,31
uhs16_1247--udt15512,parquet_residential_short_202512_res_MT,106657-4.parquet,43
uhs16_1247--udt15512,parquet_residential_short_202512_res_MT,117464-4.parquet,1
uhs16_1247--udt15512,parquet_residential_short_202512_res_MT,118797-4.parquet,5
uhs16_1247--udt15512,parquet_residential_short_202512_res_MT,119073-4.parquet,7
uhs16_1247--udt15512,parquet_residential_short_202512_res_MT,121985-4.parquet,3
uhs16_1247--udt15512,parquet_residential_short_202512_res_MT,131145-4.parquet,3
uhs16_1247--udt15512,parquet_residential_short_202512_res_MT,135840-4.parquet,1
uhs16_1247--udt15512,parquet_residential_short_202512_res_MT,136303-4.parquet,1
uhs16_1247--udt15512,parquet_residential_short_202512_res_MT,136309-4.parquet,17
uhs16_1247--udt15512,parquet_residential_short_202512_res_MT,138494-4.parquet,1
uhs16_1247--udt15512,parquet_residential_short_202512_res_MT,140071-4.parquet,6
uhs16_1247--udt15512,parquet_residential_short_202512_res_MT,142544-4.parquet,3
uhs16_1247--udt15512,parquet_residential_short_202512_res_MT,14281-4.parquet,4
uhs16_1247--udt15512,parquet_residential_short_202512_res_MT,14308-4.parquet,1
uhs16_1247--udt15512,parquet_residential_short_202512_res_MT,153454-4.parquet,1
uhs16_1247--udt15512,parquet_residential_short_202512_res_MT,154106-4.parquet,1
uhs16_1247--udt15512,parquet_residential_short_202512_res_MT,156849-4.parquet,2
uhs16_1247--udt15512,parquet_residential_short_202512_res_MT,159135-4.parquet,2
uhs16_1247--udt15512,parquet_residential_short_202512_res_MT,162253-4.parquet,186
uhs16_1247--udt15512,parquet_residential_short_202512_res_MT,170488-4.parquet,4
uhs16_1247--udt15512,parquet_residential_short_202512_res_MT,180039-4.parquet,8
uhs16_1247--udt15512,parquet_residential_short_202512_res_MT,183427-4.parquet,1
uhs16_1247--udt15512,parquet_residential_short_202512_res_MT,185745-4.parquet,86
uhs16_1247--udt15512,parquet_residential_short_202512_res_MT,201863-4.parquet,2
uhs16_1247--udt15512,parquet_residential_short_202512_res_MT,202090-4.parquet,3
uhs16_1247--udt15512,parquet_residential_short_202512_res_MT,203702-4.parquet,6
uhs16_1247--udt15512,parquet_residential_short_202512_res_MT,209507-4.parquet,4
uhs16_1247--udt15512,parquet_residential_short_202512_res_MT,210194-4.parquet,5
uhs16_1247--udt15512,parquet_residential_short_202512_res_MT,215981-4.parquet,2
uhs16_1247--udt15512,parquet_residential_short_202512_res_MT,234488-4.parquet,1
uhs16_1247--udt15512,parquet_residential_short_202512_res_MT,239542-4.parquet,2
uhs16_1247--udt15512,parquet_residential_short_202512_res_MT,251857-4.parquet,1
uhs16_1247--udt15512,parquet_residential_short_202512_res_MT,255145-4.parquet,1
uhs16_1247--udt15512,parquet_residential_short_202512_res_MT,275870-4.parquet,1
uhs16_1247--udt15512,parquet_residential_short_202512_res_MT,276587-4.parquet,6
uhs16_1247--udt15512,parquet_residential_short_202512_res_MT,277210-4.parquet,8
uhs16_1247--udt15512,parquet_residential_short_202512_res_MT,278604-4.parquet,43
uhs16_1247--udt15512,parquet_residential_short_202512_res_MT,27882-4.parquet,1
uhs16_1247--udt15512,parquet_residential_short_202512_res_MT,305252-4.parquet,2
uhs16_1247--udt15512,parquet_residential_short_202512_res_MT,311002-4.parquet,3
uhs16_1247--udt15512,parquet_residential_short_202512_res_MT,314691-4.parquet,5
uhs16_1247--udt15512,parquet_residential_short_202512_res_MT,314702-4.parquet,1
uhs16_1247--udt15512,parquet_residential_short_202512_res_MT,316244-4.parquet,1
uhs16_1247--udt15512,parquet_residential_short_202512_res_MT,325203-4.parquet,3
uhs16_1247--udt15512,parquet_residential_short_202512_res_MT,338628-4.parquet,1
uhs16_1247--udt15512,parquet_residential_short_202512_res_MT,345764-4.parquet,2
uhs16_1247--udt15512,parquet_residential_short_202512_res_MT,370023-4.parquet,2
uhs16_1247--udt15512,parquet_residential_short_202512_res_MT,372987-4.parquet,1
uhs16_1247--udt15512,parquet_residential_short_202512_res_MT,376680-4.parquet,1
uhs16_1247--udt15512,parquet_residential_short_202512_res_MT,401600-4.parquet,88
uhs16_1247--udt15512,parquet_residential_short_202512_res_MT,402646-4.parquet,1
uhs16_1247--udt15512,parquet_residential_short_202512_res_MT,406640-4.parquet,9
uhs16_1247--udt15512,parquet_residential_short_202512_res_MT,410527-4.parquet,1
uhs16_1247--udt15512,parquet_residential_short_202512_res_MT,418448-4.parquet,3
uhs16_1247--udt15512,parquet_residential_short_202512_res_MT,42376-4.parquet,11
uhs16_1247--udt15512,parquet_residential_short_202512_res_MT,427948-4.parquet,36
uhs16_1247--udt15512,parquet_residential_short_202512_res_MT,437679-4.parquet,2
uhs16_1247--udt15512,parquet_residential_short_202512_res_MT,438998-4.parquet,3
uhs16_1247--udt15512,parquet_residential_short_202512_res_MT,445537-4.parquet,1
uhs16_1247--udt15512,parquet_residential_short_202512_res_MT,458883-4.parquet,2
uhs16_1247--udt15512,parquet_residential_short_202512_res_MT,466189-4.parquet,10
uhs16_1247--udt15512,parquet_residential_short_202512_res_MT,471837-4.parquet,2
uhs16_1247--udt15512,parquet_residential_short_202512_res_MT,475383-4.parquet,4
uhs16_1247--udt15512,parquet_residential_short_202512_res_MT,476793-4.parquet,11
uhs16_1247--udt15512,parquet_residential_short_202512_res_MT,481916-4.parquet,8
uhs16_1247--udt15512,parquet_residential_short_202512_res_MT,486032-4.parquet,4
uhs16_1247--udt15512,parquet_residential_short_202512_res_MT,486410-4.parquet,2
uhs16_1247--udt15512,parquet_residential_short_202512_res_MT,486622-4.parquet,1
uhs16_1247--udt15512,parquet_residential_short_202512_res_MT,490684-4.parquet,5
uhs16_1247--udt15512,parquet_residential_short_202512_res_MT,493524-4.parquet,3
uhs16_1247--udt15512,parquet_residential_short_202512_res_MT,494052-4.parquet,1
uhs16_1247--udt15512,parquet_residential_short_202512_res_MT,494976-4.parquet,1
uhs16_1247--udt15512,parquet_residential_short_202512_res_MT,500793-4.parquet,7
uhs16_1247--udt15512,parquet_residential_short_202512_res_MT,503397-4.parquet,1
uhs16_1247--udt15512,parquet_residential_short_202512_res_MT,508034-4.parquet,2
uhs16_1247--udt15512,parquet_residential_short_202512_res_MT,513358-4.parquet,5
uhs16_1247--udt15512,parquet_residential_short_202512_res_MT,514429-4.parquet,8
uhs16_1247--udt15512,parquet_residential_short_202512_res_MT,527227-4.parquet,2
uhs16_1247--udt15512,parquet_residential_short_202512_res_MT,529425-4.parquet,47
uhs16_1247--udt15512,parquet_residential_short_202512_res_MT,535363-4.parquet,9
uhs16_1247--udt15512,parquet_residential_short_202512_res_MT,536354-4.parquet,1
uhs16_1247--udt15512,parquet_residential_short_202512_res_MT,543184-4.parquet,4
uhs16_1247--udt15512,parquet_residential_short_202512_res_MT,544168-4.parquet,4
uhs16_1247--udt15512,parquet_residential_short_202512_res_MT,547866-4.parquet,1
uhs16_1247--udt15512,parquet_residential_short_202512_res_MT,548907-4.parquet,1
uhs16_1247--udt15512,parquet_residential_short_202512_res_MT,57049-4.parquet,1
uhs16_1247--udt15512,parquet_residential_short_202512_res_MT,57772-4.parquet,1
uhs16_1247--udt15512,parquet_residential_short_202512_res_MT,64056-4.parquet,3
uhs16_1247--udt15512,parquet_residential_short_202512_res_MT,66138-4.parquet,2
uhs16_1247--udt15512,parquet_residential_short_202512_res_MT,81904-4.parquet,2
uhs16_1247--udt15512,parquet_residential_short_202512_res_MT,86159-4.parquet,1
uhs16_1247--udt15512,parquet_residential_short_202512_res_MT,88623-4.parquet,2
uhs16_1247--udt15512,parquet_residential_short_202512_res_MT,90560-4.parquet,1
uhs16_1247--udt15512,parquet_residential_short_202512_res_MT,93871-4.parquet,3
uhs16_1247--udt15512,parquet_residential_short_202512_res_MT,97519-4.parquet,4
uhs16_1247--udt310,parquet_commercial_202512_comm_MT,184115-2.parquet,2
uhs16_1247--udt310,parquet_commercial_202512_comm_MT,184116-2.parquet,7
uhs16_1247--udt310,parquet_commercial_202512_comm_MT,184131-2.parquet,1
uhs16_1247--udt310,parquet_commercial_202512_comm_MT,184147-9.parquet,8
uhs16_1247--udt310,parquet_commercial_202512_comm_MT,184179-9.parquet,1
uhs16_1247--udt310,parquet_commercial_202512_comm_MT,184182-2.parquet,1
uhs16_1247--udt310,parquet_commercial_202512_comm_MT,184202-2.parquet,1
uhs16_1247--udt310,parquet_commercial_202512_comm_MT,184207-2.parquet,3
uhs16_1247--udt310,parquet_commercial_202512_comm_MT,184213-2.parquet,1
uhs16_1247--udt310,parquet_commercial_202512_comm_MT,184220-2.parquet,3
uhs16_1247--udt310,parquet_commercial_202512_comm_MT,184261-2.parquet,1
uhs16_1247--udt310,parquet_commercial_202512_comm_MT,184288-2.parquet,1
uhs16_1247--udt310,parquet_commercial_202512_comm_MT,184313-2.parquet,1
uhs16_1247--udt310,parquet_commercial_202512_comm_MT,184315-2.parquet,8
uhs16_1247--udt310,parquet_commercial_202512_comm_MT,184342-9.parquet,1
uhs16_1247--udt310,parquet_commercial_202512_comm_MT,184374-2.parquet,1
uhs16_1247--udt310,parquet_commercial_202512_comm_MT,184433-2.parquet,4
uhs16_1247--udt310,parquet_commercial_202512_comm_MT,184451-2.parquet,1
uhs16_1247--udt310,parquet_commercial_202512_comm_MT,184456-2.parquet,1
uhs16_1247--udt310,parquet_commercial_202512_comm_MT,184457-2.parquet,1
uhs16_1247--udt310,parquet_commercial_202512_comm_MT,184470-2.parquet,1
uhs16_1247--udt310,parquet_commercial_202512_comm_MT,184475-9.parquet,2
uhs16_1247--udt310,parquet_commercial_202512_comm_MT,184483-2.parquet,1
uhs16_1247--udt310,parquet_commercial_202512_comm_MT,184492-2.parquet,1
uhs16_1247--udt310,parquet_commercial_202512_comm_MT,184508-2.parquet,1
uhs16_1247--udt310,parquet_commercial_202512_comm_MT,184510-2.parquet,1
uhs16_1247--udt310,parquet_commercial_202512_comm_MT,184518-2.parquet,20
uhs16_1247--udt310,parquet_commercial_202512_comm_MT,184587-2.parquet,1
uhs16_1247--udt310,parquet_commercial_202512_comm_MT,184590-2.parquet,1
uhs16_1247--udt310,parquet_commercial_202512_comm_MT,184617-2.parquet,2
uhs16_1247--udt310,parquet_commercial_202512_comm_MT,184646-9.parquet,1
uhs16_1247--udt310,parquet_commercial_202512_comm_MT,184693-9.parquet,2
uhs16_1247--udt310,parquet_commercial_202512_comm_MT,184700-9.parquet,3
uhs16_1247--udt310,parquet_commercial_202512_comm_MT,184717-9.parquet,4
uhs16_1247--udt310,parquet_commercial_202512_comm_MT,184727-2.parquet,2
uhs16_1247--udt310,parquet_commercial_202512_comm_MT,184763-2.parquet,1
uhs16_1247--udt310,parquet_commercial_202512_comm_MT,184776-2.parquet,1
uhs16_1247--udt310,parquet_commercial_202512_comm_MT,184809-2.parquet,2
uhs16_1247--udt310,parquet_commercial_202512_comm_MT,184829-9.parquet,1
uhs16_1247--udt310,parquet_commercial_202512_comm_MT,184840-9.parquet,1
uhs16_1247--udt310,parquet_commercial_202512_comm_MT,184856-9.parquet,1
uhs16_1247--udt310,parquet_commercial_202512_comm_MT,184857-9.parquet,3
uhs16_1247--udt310,parquet_commercial_202512_comm_MT,184887-2.parquet,1
uhs16_1247--udt310,parquet_commercial_202512_comm_MT,184894-9.parquet,1
uhs16_1247--udt310,parquet_commercial_202512_comm_MT,184908-2.parquet,1
uhs16_1247--udt310,parquet_commercial_202512_comm_MT,184933-2.parquet,1
uhs16_1247--udt310,parquet_commercial_202512_comm_MT,184941-2.parquet,2
uhs16_1247--udt310,parquet_commercial_202512_comm_MT,184950-2.parquet,2
uhs16_1247--udt310,parquet_commercial_202512_comm_MT,184951-2.parquet,1
uhs16_1247--udt310,parquet_commercial_202512_comm_MT,184953-9.parquet,1
uhs16_1247--udt310,parquet_commercial_202512_comm_MT,184968-2.parquet,1
uhs16_1247--udt310,parquet_commercial_202512_comm_MT,185015-2.parquet,2
uhs16_1247--udt310,parquet_commercial_202512_comm_MT,185019-9.parquet,1
uhs16_1247--udt310,parquet_residential_short_202512_res_MT,101078-4.parquet,1
uhs16_1247--udt310,parquet_residential_short_202512_res_MT,102854-4.parquet,34
uhs16_1247--udt310,parquet_residential_short_202512_res_MT,106657-4.parquet,35
uhs16_1247--udt310,parquet_residential_short_202512_res_MT,119073-4.parquet,3
uhs16_1247--udt310,parquet_residential_short_202512_res_MT,121985-4.parquet,3
uhs16_1247--udt310,parquet_residential_short_202512_res_MT,131145-4.parquet,1
uhs16_1247--udt310,parquet_residential_short_202512_res_MT,136309-4.parquet,12
uhs16_1247--udt310,parquet_residential_short_202512_res_MT,138494-4.parquet,3
uhs16_1247--udt310,parquet_residential_short_202512_res_MT,140071-4.parquet,7
uhs16_1247--udt310,parquet_residential_short_202512_res_MT,142544-4.parquet,2
uhs16_1247--udt310,parquet_residential_short_202512_res_MT,147301-4.parquet,1
uhs16_1247--udt310,parquet_residential_short_202512_res_MT,153454-4.parquet,8
uhs16_1247--udt310,parquet_residential_short_202512_res_MT,162253-4.parquet,189
uhs16_1247--udt310,parquet_residential_short_202512_res_MT,172290-4.parquet,1
uhs16_1247--udt310,parquet_residential_short_202512_res_MT,180039-4.parquet,19
uhs16_1247--udt310,parquet_residential_short_202512_res_MT,185745-4.parquet,79
uhs16_1247--udt310,parquet_residential_short_202512_res_MT,203702-4.parquet,7
uhs16_1247--udt310,parquet_residential_short_202512_res_MT,20806-4.parquet,8
uhs16_1247--udt310,parquet_residential_short_202512_res_MT,209507-4.parquet,7
uhs16_1247--udt310,parquet_residential_short_202512_res_MT,210194-4.parquet,5
uhs16_1247--udt310,parquet_residential_short_202512_res_MT,215981-4.parquet,1
uhs16_1247--udt310,parquet_residential_short_202512_res_MT,216380-4.parquet,2
uhs16_1247--udt310,parquet_residential_short_202512_res_MT,217886-4.parquet,2
uhs16_1247--udt310,parquet_residential_short_202512_res_MT,226832-4.parquet,1
uhs16_1247--udt310,parquet_residential_short_202512_res_MT,234488-4.parquet,2
uhs16_1247--udt310,parquet_residential_short_202512_res_MT,239542-4.parquet,3
uhs16_1247--udt310,parquet_residential_short_202512_res_MT,255145-4.parquet,1
uhs16_1247--udt310,parquet_residential_short_202512_res_MT,256192-4.parquet,2
uhs16_1247--udt310,parquet_residential_short_202512_res_MT,257610-4.parquet,1
uhs16_1247--udt310,parquet_residential_short_202512_res_MT,271955-4.parquet,1
uhs16_1247--udt310,parquet_residential_short_202512_res_MT,276587-4.parquet,14
uhs16_1247--udt310,parquet_residential_short_202512_res_MT,277210-4.parquet,5
uhs16_1247--udt310,parquet_residential_short_202512_res_MT,278604-4.parquet,36
uhs16_1247--udt310,parquet_residential_short_202512_res_MT,27882-4.parquet,13
uhs16_1247--udt310,parquet_residential_short_202512_res_MT,288734-4.parquet,1
uhs16_1247--udt310,parquet_residential_short_202512_res_MT,305252-4.parquet,5
uhs16_1247--udt310,parquet_residential_short_202512_res_MT,307734-4.parquet,1
uhs16_1247--udt310,parquet_residential_short_202512_res_MT,311002-4.parquet,1
uhs16_1247--udt310,parquet_residential_short_202512_res_MT,312392-4.parquet,1
uhs16_1247--udt310,parquet_residential_short_202512_res_MT,314691-4.parquet,3
uhs16_1247--udt310,parquet_residential_short_202512_res_MT,316244-4.parquet,1
uhs16_1247--udt310,parquet_residential_short_202512_res_MT,321643-4.parquet,1
uhs16_1247--udt310,parquet_residential_short_202512_res_MT,324393-4.parquet,1
uhs16_1247--udt310,parquet_residential_short_202512_res_MT,325203-4.parquet,1
uhs16_1247--udt310,parquet_residential_short_202512_res_MT,338150-4.parquet,1
uhs16_1247--udt310,parquet_residential_short_202512_res_MT,343688-4.parquet,7
uhs16_1247--udt310,parquet_residential_short_202512_res_MT,345764-4.parquet,3
uhs16_1247--udt310,parquet_residential_short_202512_res_MT,370023-4.parquet,5
uhs16_1247--udt310,parquet_residential_short_202512_res_MT,377168-4.parquet,1
uhs16_1247--udt310,parquet_residential_short_202512_res_MT,401600-4.parquet,82
uhs16_1247--udt310,parquet_residential_short_202512_res_MT,406640-4.parquet,10
uhs16_1247--udt310,parquet_residential_short_202512_res_MT,410527-4.parquet,3
uhs16_1247--udt310,parquet_residential_short_202512_res_MT,418448-4.parquet,5
uhs16_1247--udt310,parquet_residential_short_202512_res_MT,42376-4.parquet,12
uhs16_1247--udt310,parquet_residential_short_202512_res_MT,424723-4.parquet,4
uhs16_1247--udt310,parquet_residential_short_202512_res_MT,427948-4.parquet,113
uhs16_1247--udt310,parquet_residential_short_202512_res_MT,458883-4.parquet,3
uhs16_1247--udt310,parquet_residential_short_202512_res_MT,464253-4.parquet,2
uhs16_1247--udt310,parquet_residential_short_202512_res_MT,466189-4.parquet,11
uhs16_1247--udt310,parquet_residential_short_202512_res_MT,471837-4.parquet,1
uhs16_1247--udt310,parquet_residential_short_202512_res_MT,475383-4.parquet,3
uhs16_1247--udt310,parquet_residential_short_202512_res_MT,476793-4.parquet,7
uhs16_1247--udt310,parquet_residential_short_202512_res_MT,481916-4.parquet,3
uhs16_1247--udt310,parquet_residential_short_202512_res_MT,484947-4.parquet,3
uhs16_1247--udt310,parquet_residential_short_202512_res_MT,486032-4.parquet,7
uhs16_1247--udt310,parquet_residential_short_202512_res_MT,486410-4.parquet,3
uhs16_1247--udt310,parquet_residential_short_202512_res_MT,486622-4.parquet,1
uhs16_1247--udt310,parquet_residential_short_202512_res_MT,489576-4.parquet,1
uhs16_1247--udt310,parquet_residential_short_202512_res_MT,492040-4.parquet,3
uhs16_1247--udt310,parquet_residential_short_202512_res_MT,493524-4.parquet,6
uhs16_1247--udt310,parquet_residential_short_202512_res_MT,494052-4.parquet,4
uhs16_1247--udt310,parquet_residential_short_202512_res_MT,494976-4.parquet,14
uhs16_1247--udt310,parquet_residential_short_202512_res_MT,500436-4.parquet,4
uhs16_1247--udt310,parquet_residential_short_202512_res_MT,500793-4.parquet,9
uhs16_1247--udt310,parquet_residential_short_202512_res_MT,500992-4.parquet,1
uhs16_1247--udt310,parquet_residential_short_202512_res_MT,508034-4.parquet,4
uhs16_1247--udt310,parquet_residential_short_202512_res_MT,514429-4.parquet,3
uhs16_1247--udt310,parquet_residential_short_202512_res_MT,527227-4.parquet,2
uhs16_1247--udt310,parquet_residential_short_202512_res_MT,529425-4.parquet,41
uhs16_1247--udt310,parquet_residential_short_202512_res_MT,535363-4.parquet,10
uhs16_1247--udt310,parquet_residential_short_202512_res_MT,543184-4.parquet,2
uhs16_1247--udt310,parquet_residential_short_202512_res_MT,544168-4.parquet,1
uhs16_1247--udt310,parquet_residential_short_202512_res_MT,547866-4.parquet,1
uhs16_1247--udt310,parquet_residential_short_202512_res_MT,57049-4.parquet,5
uhs16_1247--udt310,parquet_residential_short_202512_res_MT,57772-4.parquet,5
uhs16_1247--udt310,parquet_residential_short_202512_res_MT,63328-4.parquet,3
uhs16_1247--udt310,parquet_residential_short_202512_res_MT,64056-4.parquet,7
uhs16_1247--udt310,parquet_residential_short_202512_res_MT,86159-4.parquet,1
uhs16_1247--udt310,parquet_residential_short_202512_res_MT,88623-4.parquet,1
uhs16_1247--udt310,parquet_residential_short_202512_res_MT,90560-4.parquet,2
uhs16_1247--udt310,parquet_residential_short_202512_res_MT,93871-4.parquet,3
uhs16_1247--udt310,parquet_residential_short_202512_res_MT,9444-4.parquet,1
uhs16_1247--udt310,parquet_residential_short_202512_res_MT,97519-4.parquet,4
uhs17_1247--udt6592,parquet_commercial_202512_comm_MT,184116-2.parquet,20
uhs17_1247--udt6592,parquet_commercial_202512_comm_MT,184124-2.parquet,1
uhs17_1247--udt6592,parquet_commercial_202512_comm_MT,184141-2.parquet,1
uhs17_1247--udt6592,parquet_commercial_202512_comm_MT,184147-9.parquet,11
uhs17_1247--udt6592,parquet_commercial_202512_comm_MT,184154-2.parquet,1
uhs17_1247--udt6592,parquet_commercial_202512_comm_MT,184157-2.parquet,2
uhs17_1247--udt6592,parquet_commercial_202512_comm_MT,184172-2.parquet,3
uhs17_1247--udt6592,parquet_commercial_202512_comm_MT,184194-9.parquet,1
uhs17_1247--udt6592,parquet_commercial_202512_comm_MT,184202-2.parquet,1
uhs17_1247--udt6592,parquet_commercial_202512_comm_MT,184207-2.parquet,1
uhs17_1247--udt6592,parquet_commercial_202512_comm_MT,184217-2.parquet,1
uhs17_1247--udt6592,parquet_commercial_202512_comm_MT,184220-2.parquet,5
uhs17_1247--udt6592,parquet_commercial_202512_comm_MT,184223-2.parquet,1
uhs17_1247--udt6592,parquet_commercial_202512_comm_MT,184261-2.parquet,2
uhs17_1247--udt6592,parquet_commercial_202512_comm_MT,184262-2.parquet,1
uhs17_1247--udt6592,parquet_commercial_202512_comm_MT,184279-2.parquet,1
uhs17_1247--udt6592,parquet_commercial_202512_comm_MT,184288-2.parquet,1
uhs17_1247--udt6592,parquet_commercial_202512_comm_MT,184291-9.parquet,2
uhs17_1247--udt6592,parquet_commercial_202512_comm_MT,184313-2.parquet,1
uhs17_1247--udt6592,parquet_commercial_202512_comm_MT,184315-2.parquet,10
uhs17_1247--udt6592,parquet_commercial_202512_comm_MT,184342-9.parquet,1
uhs17_1247--udt6592,parquet_commercial_202512_comm_MT,184354-2.parquet,1
uhs17_1247--udt6592,parquet_commercial_202512_comm_MT,184361-9.parquet,1
uhs17_1247--udt6592,parquet_commercial_202512_comm_MT,184365-2.parquet,2
uhs17_1247--udt6592,parquet_commercial_202512_comm_MT,184382-9.parquet,1
uhs17_1247--udt6592,parquet_commercial_202512_comm_MT,184391-9.parquet,1
uhs17_1247--udt6592,parquet_commercial_202512_comm_MT,184433-2.parquet,6
uhs17_1247--udt6592,parquet_commercial_202512_comm_MT,184438-9.parquet,3
uhs17_1247--udt6592,parquet_commercial_202512_comm_MT,184439-2.parquet,2
uhs17_1247--udt6592,parquet_commercial_202512_comm_MT,184456-2.parquet,1
uhs17_1247--udt6592,parquet_commercial_202512_comm_MT,184475-9.parquet,1
uhs17_1247--udt6592,parquet_commercial_202512_comm_MT,184488-2.parquet,1
uhs17_1247--udt6592,parquet_commercial_202512_comm_MT,184496-9.parquet,1
uhs17_1247--udt6592,parquet_commercial_202512_comm_MT,184508-2.parquet,8
uhs17_1247--udt6592,parquet_commercial_202512_comm_MT,184510-2.parquet,4
uhs17_1247--udt6592,parquet_commercial_202512_comm_MT,184512-2.parquet,2
uhs17_1247--udt6592,parquet_commercial_202512_comm_MT,184518-2.parquet,3
uhs17_1247--udt6592,parquet_commercial_202512_comm_MT,184544-2.parquet,1
uhs17_1247--udt6592,parquet_commercial_202512_comm_MT,184596-9.parquet,1
uhs17_1247--udt6592,parquet_commercial_202512_comm_MT,184616-2.parquet,1
uhs17_1247--udt6592,parquet_commercial_202512_comm_MT,184617-2.parquet,3
uhs17_1247--udt6592,parquet_commercial_202512_comm_MT,184646-9.parquet,1
uhs17_1247--udt6592,parquet_commercial_202512_comm_MT,184654-2.parquet,1
uhs17_1247--udt6592,parquet_commercial_202512_comm_MT,184664-9.parquet,1
uhs17_1247--udt6592,parquet_commercial_202512_comm_MT,184693-9.parquet,2
uhs17_1247--udt6592,parquet_commercial_202512_comm_MT,184700-9.parquet,11
uhs17_1247--udt6592,parquet_commercial_202512_comm_MT,184706-2.parquet,2
uhs17_1247--udt6592,parquet_commercial_202512_comm_MT,184717-9.parquet,7
uhs17_1247--udt6592,parquet_commercial_202512_comm_MT,184720-2.parquet,1
uhs17_1247--udt6592,parquet_commercial_202512_comm_MT,184727-2.parquet,1
uhs17_1247--udt6592,parquet_commercial_202512_comm_MT,184763-2.parquet,1
uhs17_1247--udt6592,parquet_commercial_202512_comm_MT,184772-2.parquet,1
uhs17_1247--udt6592,parquet_commercial_202512_comm_MT,184799-2.parquet,1
uhs17_1247--udt6592,parquet_commercial_202512_comm_MT,184821-9.parquet,1
uhs17_1247--udt6592,parquet_commercial_202512_comm_MT,184823-2.parquet,3
uhs17_1247--udt6592,parquet_commercial_202512_comm_MT,184829-9.parquet,1
uhs17_1247--udt6592,parquet_commercial_202512_comm_MT,184831-9.parquet,2
uhs17_1247--udt6592,parquet_commercial_202512_comm_MT,184857-9.parquet,3
uhs17_1247--udt6592,parquet_commercial_202512_comm_MT,184861-2.parquet,1
uhs17_1247--udt6592,parquet_commercial_202512_comm_MT,184887-2.parquet,1
uhs17_1247--udt6592,parquet_commercial_202512_comm_MT,184888-9.parquet,2
uhs17_1247--udt6592,parquet_commercial_202512_comm_MT,184894-9.parquet,1
uhs17_1247--udt6592,parquet_commercial_202512_comm_MT,184920-2.parquet,1
uhs17_1247--udt6592,parquet_commercial_202512_comm_MT,184929-2.parquet,2
uhs17_1247--udt6592,parquet_commercial_202512_comm_MT,184953-9.parquet,1
uhs17_1247--udt6592,parquet_commercial_202512_comm_MT,184996-2.parquet,1
uhs17_1247--udt6592,parquet_commercial_202512_comm_MT,185004-9.parquet,1
uhs17_1247--udt6592,parquet_commercial_202512_comm_MT,185008-9.parquet,2
uhs17_1247--udt6592,parquet_commercial_202512_comm_MT,185015-2.parquet,1
uhs17_1247--udt6592,parquet_commercial_202512_comm_MT,185025-9.parquet,2
uhs17_1247--udt6592,parquet_residential_short_202512_res_MT,101078-4.parquet,1
uhs17_1247--udt6592,parquet_residential_short_202512_res_MT,102182-4.parquet,6
uhs17_1247--udt6592,parquet_residential_short_202512_res_MT,102854-4.parquet,156
uhs17_1247--udt6592,parquet_residential_short_202512_res_MT,106657-4.parquet,33
uhs17_1247--udt6592,parquet_residential_short_202512_res_MT,108254-4.parquet,1
uhs17_1247--udt6592,parquet_residential_short_202512_res_MT,117464-4.parquet,1
uhs17_1247--udt6592,parquet_residential_short_202512_res_MT,118679-4.parquet,1
uhs17_1247--udt6592,parquet_residential_short_202512_res_MT,118797-4.parquet,5
uhs17_1247--udt6592,parquet_residential_short_202512_res_MT,119073-4.parquet,14
uhs17_1247--udt6592,parquet_residential_short_202512_res_MT,126858-4.parquet,6
uhs17_1247--udt6592,parquet_residential_short_202512_res_MT,131145-4.parquet,9
uhs17_1247--udt6592,parquet_residential_short_202512_res_MT,136303-4.parquet,2
uhs17_1247--udt6592,parquet_residential_short_202512_res_MT,136309-4.parquet,38
uhs17_1247--udt6592,parquet_residential_short_202512_res_MT,138494-4.parquet,24
uhs17_1247--udt6592,parquet_residential_short_202512_res_MT,140071-4.parquet,27
uhs17_1247--udt6592,parquet_residential_short_202512_res_MT,142544-4.parquet,1
uhs17_1247--udt6592,parquet_residential_short_202512_res_MT,14281-4.parquet,2
uhs17_1247--udt6592,parquet_residential_short_202512_res_MT,147301-4.parquet,1
uhs17_1247--udt6592,parquet_residential_short_202512_res_MT,150214-4.parquet,1
uhs17_1247--udt6592,parquet_residential_short_202512_res_MT,153454-4.parquet,1
uhs17_1247--udt6592,parquet_residential_short_202512_res_MT,154106-4.parquet,21
uhs17_1247--udt6592,parquet_residential_short_202512_res_MT,154367-4.parquet,3
uhs17_1247--udt6592,parquet_residential_short_202512_res_MT,158072-4.parquet,1
uhs17_1247--udt6592,parquet_residential_short_202512_res_MT,159135-4.parquet,1
uhs17_1247--udt6592,parquet_residential_short_202512_res_MT,162253-4.parquet,171
uhs17_1247--udt6592,parquet_residential_short_202512_res_MT,170488-4.parquet,9
uhs17_1247--udt6592,parquet_residential_short_202512_res_MT,180039-4.parquet,7
uhs17_1247--udt6592,parquet_residential_short_202512_res_MT,183427-4.parquet,3
uhs17_1247--udt6592,parquet_residential_short_202512_res_MT,185745-4.parquet,174
uhs17_1247--udt6592,parquet_residential_short_202512_res_MT,201863-4.parquet,1
uhs17_1247--udt6592,parquet_residential_short_202512_res_MT,203702-4.parquet,34
uhs17_1247--udt6592,parquet_residential_short_202512_res_MT,209507-4.parquet,10
uhs17_1247--udt6592,parquet_residential_short_202512_res_MT,210194-4.parquet,14
uhs17_1247--udt6592,parquet_residential_short_202512_res_MT,211030-4.parquet,4
uhs17_1247--udt6592,parquet_residential_short_202512_res_MT,215981-4.parquet,1
uhs17_1247--udt6592,parquet_residential_short_202512_res_MT,226832-4.parquet,3
uhs17_1247--udt6592,parquet_residential_short_202512_res_MT,229622-4.parquet,2
uhs17_1247--udt6592,parquet_residential_short_202512_res_MT,234488-4.parquet,7
uhs17_1247--udt6592,parquet_residential_short_202512_res_MT,255145-4.parquet,2
uhs17_1247--udt6592,parquet_residential_short_202512_res_MT,256192-4.parquet,2
uhs17_1247--udt6592,parquet_residential_short_202512_res_MT,257610-4.parquet,2
uhs17_1247--udt6592,parquet_residential_short_202512_res_MT,276587-4.parquet,101
uhs17_1247--udt6592,parquet_residential_short_202512_res_MT,277210-4.parquet,12
uhs17_1247--udt6592,parquet_residential_short_202512_res_MT,278604-4.parquet,41
uhs17_1247--udt6592,parquet_residential_short_202512_res_MT,305252-4.parquet,7
uhs17_1247--udt6592,parquet_residential_short_202512_res_MT,311002-4.parquet,14
uhs17_1247--udt6592,parquet_residential_short_202512_res_MT,312392-4.parquet,1
uhs17_1247--udt6592,parquet_residential_short_202512_res_MT,314691-4.parquet,3
uhs17_1247--udt6592,parquet_residential_short_202512_res_MT,316244-4.parquet,4
uhs17_1247--udt6592,parquet_residential_short_202512_res_MT,321643-4.parquet,5
uhs17_1247--udt6592,parquet_residential_short_202512_res_MT,325203-4.parquet,8
uhs17_1247--udt6592,parquet_residential_short_202512_res_MT,338150-4.parquet,16
uhs17_1247--udt6592,parquet_residential_short_202512_res_MT,338628-4.parquet,1
uhs17_1247--udt6592,parquet_residential_short_202512_res_MT,339121-4.parquet,1
uhs17_1247--udt6592,parquet_residential_short_202512_res_MT,341215-4.parquet,2
uhs17_1247--udt6592,parquet_residential_short_202512_res_MT,341617-4.parquet,20
uhs17_1247--udt6592,parquet_residential_short_202512_res_MT,343215-4.parquet,1
uhs17_1247--udt6592,parquet_residential_short_202512_res_MT,345764-4.parquet,4
uhs17_1247--udt6592,parquet_residential_short_202512_res_MT,370023-4.parquet,9
uhs17_1247--udt6592,parquet_residential_short_202512_res_MT,377168-4.parquet,1
uhs17_1247--udt6592,parquet_residential_short_202512_res_MT,401600-4.parquet,180
uhs17_1247--udt6592,parquet_residential_short_202512_res_MT,402646-4.parquet,2
uhs17_1247--udt6592,parquet_residential_short_202512_res_MT,405081-4.parquet,1
uhs17_1247--udt6592,parquet_residential_short_202512_res_MT,406640-4.parquet,35
uhs17_1247--udt6592,parquet_residential_short_202512_res_MT,410527-4.parquet,3
uhs17_1247--udt6592,parquet_residential_short_202512_res_MT,418448-4.parquet,3
uhs17_1247--udt6592,parquet_residential_short_202512_res_MT,42376-4.parquet,4
uhs17_1247--udt6592,parquet_residential_short_202512_res_MT,427948-4.parquet,162
uhs17_1247--udt6592,parquet_residential_short_202512_res_MT,43358-4.parquet,1
uhs17_1247--udt6592,parquet_residential_short_202512_res_MT,438998-4.parquet,3
uhs17_1247--udt6592,parquet_residential_short_202512_res_MT,441904-4.parquet,1
uhs17_1247--udt6592,parquet_residential_short_202512_res_MT,458883-4.parquet,2
uhs17_1247--udt6592,parquet_residential_short_202512_res_MT,466189-4.parquet,22
uhs17_1247--udt6592,parquet_residential_short_202512_res_MT,468325-4.parquet,1
uhs17_1247--udt6592,parquet_residential_short_202512_res_MT,471837-4.parquet,1
uhs17_1247--udt6592,parquet_residential_short_202512_res_MT,475383-4.parquet,3
uhs17_1247--udt6592,parquet_residential_short_202512_res_MT,476793-4.parquet,17
uhs17_1247--udt6592,parquet_residential_short_202512_res_MT,481187-4.parquet,2
uhs17_1247--udt6592,parquet_residential_short_202512_res_MT,481916-4.parquet,18
uhs17_1247--udt6592,parquet_residential_short_202512_res_MT,486032-4.parquet,1
uhs17_1247--udt6592,parquet_residential_short_202512_res_MT,486410-4.parquet,16
uhs17_1247--udt6592,parquet_residential_short_202512_res_MT,486622-4.parquet,1
uhs17_1247--udt6592,parquet_residential_short_202512_res_MT,490684-4.parquet,3
uhs17_1247--udt6592,parquet_residential_short_202512_res_MT,492040-4.parquet,13
uhs17_1247--udt6592,parquet_residential_short_202512_res_MT,493524-4.parquet,8
uhs17_1247--udt6592,parquet_residential_short_202512_res_MT,494052-4.parquet,1
uhs17_1247--udt6592,parquet_residential_short_202512_res_MT,494976-4.parquet,1
uhs17_1247--udt6592,parquet_residential_short_202512_res_MT,500436-4.parquet,1
uhs17_1247--udt6592,parquet_residential_short_202512_res_MT,500793-4.parquet,20
uhs17_1247--udt6592,parquet_residential_short_202512_res_MT,508034-4.parquet,2
uhs17_1247--udt6592,parquet_residential_short_202512_res_MT,513358-4.parquet,4
uhs17_1247--udt6592,parquet_residential_short_202512_res_MT,514429-4.parquet,1
uhs17_1247--udt6592,parquet_residential_short_202512_res_MT,527227-4.parquet,14
uhs17_1247--udt6592,parquet_residential_short_202512_res_MT,529425-4.parquet,30
uhs17_1247--udt6592,parquet_residential_short_202512_res_MT,535363-4.parquet,13
uhs17_1247--udt6592,parquet_residential_short_202512_res_MT,537910-4.parquet,2
uhs17_1247--udt6592,parquet_residential_short_202512_res_MT,543184-4.parquet,17
uhs17_1247--udt6592,parquet_residential_short_202512_res_MT,548907-4.parquet,1
uhs17_1247--udt6592,parquet_residential_short_202512_res_MT,57049-4.parquet,1
uhs17_1247--udt6592,parquet_residential_short_202512_res_MT,57772-4.parquet,23
uhs17_1247--udt6592,parquet_residential_short_202512_res_MT,58337-4.parquet,1
uhs17_1247--udt6592,parquet_residential_short_202512_res_MT,63328-4.parquet,13
uhs17_1247--udt6592,parquet_residential_short_202512_res_MT,64056-4.parquet,23
uhs17_1247--udt6592,parquet_residential_short_202512_res_MT,68619-4.parquet,1
uhs17_1247--udt6592,parquet_residential_short_202512_res_MT,81904-4.parquet,8
uhs17_1247--udt6592,parquet_residential_short_202512_res_MT,86159-4.parquet,10
uhs17_1247--udt6592,parquet_residential_short_202512_res_MT,87233-4.parquet,1
uhs17_1247--udt6592,parquet_residential_short_202512_res_MT,88697-4.parquet,1
uhs17_1247--udt6592,parquet_residential_short_202512_res_MT,90560-4.parquet,3
uhs17_1247--udt6592,parquet_residential_short_202512_res_MT,9342-4.parquet,1
uhs17_1247--udt6592,parquet_residential_short_202512_res_MT,93871-4.parquet,2
uhs17_1247--udt6592,parquet_residential_short_202512_res_MT,97519-4.parquet,7
uhs17_1247--udt6592,parquet_residential_short_202512_res_MT,99076-4.parquet,6
uhs17_1247--udt9551,parquet_commercial_202512_comm_MT,184108-2.parquet,1
uhs17_1247--udt9551,parquet_commercial_202512_comm_MT,184116-2.parquet,10
uhs17_1247--udt9551,parquet_commercial_202512_comm_MT,184142-2.parquet,1
uhs17_1247--udt9551,parquet_commercial_202512_comm_MT,184147-9.parquet,7
uhs17_1247--udt9551,parquet_commercial_202512_comm_MT,184157-2.parquet,1
uhs17_1247--udt9551,parquet_commercial_202512_comm_MT,184165-2.parquet,1
uhs17_1247--udt9551,parquet_commercial_202512_comm_MT,184168-9.parquet,1
uhs17_1247--udt9551,parquet_commercial_202512_comm_MT,184181-9.parquet,2
uhs17_1247--udt9551,parquet_commercial_202512_comm_MT,184182-2.parquet,1
uhs17_1247--udt9551,parquet_commercial_202512_comm_MT,184193-2.parquet,1
uhs17_1247--udt9551,parquet_commercial_202512_comm_MT,184202-2.parquet,6
uhs17_1247--udt9551,parquet_commercial_202512_comm_MT,184207-2.parquet,2
uhs17_1247--udt9551,parquet_commercial_202512_comm_MT,184213-2.parquet,1
uhs17_1247--udt9551,parquet_commercial_202512_comm_MT,184220-2.parquet,6
uhs17_1247--udt9551,parquet_commercial_202512_comm_MT,184221-9.parquet,1
uhs17_1247--udt9551,parquet_commercial_202512_comm_MT,184241-9.parquet,1
uhs17_1247--udt9551,parquet_commercial_202512_comm_MT,184261-2.parquet,1
uhs17_1247--udt9551,parquet_commercial_202512_comm_MT,184288-2.parquet,2
uhs17_1247--udt9551,parquet_commercial_202512_comm_MT,184297-9.parquet,1
uhs17_1247--udt9551,parquet_commercial_202512_comm_MT,184313-2.parquet,2
uhs17_1247--udt9551,parquet_commercial_202512_comm_MT,184315-2.parquet,7
uhs17_1247--udt9551,parquet_commercial_202512_comm_MT,184331-9.parquet,1
uhs17_1247--udt9551,parquet_commercial_202512_comm_MT,184349-2.parquet,1
uhs17_1247--udt9551,parquet_commercial_202512_comm_MT,184365-2.parquet,3
uhs17_1247--udt9551,parquet_commercial_202512_comm_MT,184367-9.parquet,1
uhs17_1247--udt9551,parquet_commercial_202512_comm_MT,184372-2.parquet,1
uhs17_1247--udt9551,parquet_commercial_202512_comm_MT,184382-9.parquet,1
uhs17_1247--udt9551,parquet_commercial_202512_comm_MT,184387-2.parquet,1
uhs17_1247--udt9551,parquet_commercial_202512_comm_MT,184391-9.parquet,1
uhs17_1247--udt9551,parquet_commercial_202512_comm_MT,184395-2.parquet,1
uhs17_1247--udt9551,parquet_commercial_202512_comm_MT,184433-2.parquet,1
uhs17_1247--udt9551,parquet_commercial_202512_comm_MT,184436-2.parquet,1
uhs17_1247--udt9551,parquet_commercial_202512_comm_MT,184438-9.parquet,1
uhs17_1247--udt9551,parquet_commercial_202512_comm_MT,184475-9.parquet,1
uhs17_1247--udt9551,parquet_commercial_202512_comm_MT,184481-9.parquet,2
uhs17_1247--udt9551,parquet_commercial_202512_comm_MT,184492-2.parquet,4
uhs17_1247--udt9551,parquet_commercial_202512_comm_MT,184505-2.parquet,1
uhs17_1247--udt9551,parquet_commercial_202512_comm_MT,184508-2.parquet,7
uhs17_1247--udt9551,parquet_commercial_202512_comm_MT,184518-2.parquet,1
uhs17_1247--udt9551,parquet_commercial_202512_comm_MT,184529-2.parquet,1
uhs17_1247--udt9551,parquet_commercial_202512_comm_MT,184544-2.parquet,1
uhs17_1247--udt9551,parquet_commercial_202512_comm_MT,184546-2.parquet,1
uhs17_1247--udt9551,parquet_commercial_202512_comm_MT,184565-9.parquet,1
uhs17_1247--udt9551,parquet_commercial_202512_comm_MT,184612-9.parquet,1
uhs17_1247--udt9551,parquet_commercial_202512_comm_MT,184616-2.parquet,4
uhs17_1247--udt9551,parquet_commercial_202512_comm_MT,184623-9.parquet,1
uhs17_1247--udt9551,parquet_commercial_202512_comm_MT,184633-9.parquet,1
uhs17_1247--udt9551,parquet_commercial_202512_comm_MT,184646-9.parquet,4
uhs17_1247--udt9551,parquet_commercial_202512_comm_MT,184664-9.parquet,3
uhs17_1247--udt9551,parquet_commercial_202512_comm_MT,184687-2.parquet,1
uhs17_1247--udt9551,parquet_commercial_202512_comm_MT,184693-9.parquet,2
uhs17_1247--udt9551,parquet_commercial_202512_comm_MT,184697-9.parquet,1
uhs17_1247--udt9551,parquet_commercial_202512_comm_MT,184700-9.parquet,7
uhs17_1247--udt9551,parquet_commercial_202512_comm_MT,184706-2.parquet,1
uhs17_1247--udt9551,parquet_commercial_202512_comm_MT,184717-9.parquet,1
uhs17_1247--udt9551,parquet_commercial_202512_comm_MT,184718-9.parquet,3
uhs17_1247--udt9551,parquet_commercial_202512_comm_MT,184727-2.parquet,3
uhs17_1247--udt9551,parquet_commercial_202512_comm_MT,184744-9.parquet,1
uhs17_1247--udt9551,parquet_commercial_202512_comm_MT,184763-2.parquet,1
uhs17_1247--udt9551,parquet_commercial_202512_comm_MT,184772-2.parquet,2
uhs17_1247--udt9551,parquet_commercial_202512_comm_MT,184776-2.parquet,1
uhs17_1247--udt9551,parquet_commercial_202512_comm_MT,184786-9.parquet,1
uhs17_1247--udt9551,parquet_commercial_202512_comm_MT,184797-2.parquet,1
uhs17_1247--udt9551,parquet_commercial_202512_comm_MT,184805-2.parquet,1
uhs17_1247--udt9551,parquet_commercial_202512_comm_MT,184809-2.parquet,1
uhs17_1247--udt9551,parquet_commercial_202512_comm_MT,184821-9.parquet,1
uhs17_1247--udt9551,parquet_commercial_202512_comm_MT,184823-2.parquet,3
uhs17_1247--udt9551,parquet_commercial_202512_comm_MT,184829-9.parquet,3
uhs17_1247--udt9551,parquet_commercial_202512_comm_MT,184831-9.parquet,1
uhs17_1247--udt9551,parquet_commercial_202512_comm_MT,184857-9.parquet,2
uhs17_1247--udt9551,parquet_commercial_202512_comm_MT,184887-2.parquet,2
uhs17_1247--udt9551,parquet_commercial_202512_comm_MT,184888-9.parquet,1
uhs17_1247--udt9551,parquet_commercial_202512_comm_MT,184897-9.parquet,1
uhs17_1247--udt9551,parquet_commercial_202512_comm_MT,184929-2.parquet,1
uhs17_1247--udt9551,parquet_commercial_202512_comm_MT,184941-2.parquet,1
uhs17_1247--udt9551,parquet_commercial_202512_comm_MT,184942-9.parquet,1
uhs17_1247--udt9551,parquet_commercial_202512_comm_MT,184950-2.parquet,1
uhs17_1247--udt9551,parquet_commercial_202512_comm_MT,184954-2.parquet,1
uhs17_1247--udt9551,parquet_commercial_202512_comm_MT,184983-2.parquet,1
uhs17_1247--udt9551,parquet_commercial_202512_comm_MT,185003-9.parquet,1
uhs17_1247--udt9551,parquet_commercial_202512_comm_MT,185005-9.parquet,1
uhs17_1247--udt9551,parquet_commercial_202512_comm_MT,185008-9.parquet,2
uhs17_1247--udt9551,parquet_commercial_202512_comm_MT,185015-2.parquet,1
uhs17_1247--udt9551,parquet_residential_short_202512_res_MT,101078-4.parquet,1
uhs17_1247--udt9551,parquet_residential_short_202512_res_MT,102854-4.parquet,36
uhs17_1247--udt9551,parquet_residential_short_202512_res_MT,106657-4.parquet,14
uhs17_1247--udt9551,parquet_residential_short_202512_res_MT,117464-4.parquet,1
uhs17_1247--udt9551,parquet_residential_short_202512_res_MT,118797-4.parquet,2
uhs17_1247--udt9551,parquet_residential_short_202512_res_MT,119073-4.parquet,6
uhs17_1247--udt9551,parquet_residential_short_202512_res_MT,131145-4.parquet,4
uhs17_1247--udt9551,parquet_residential_short_202512_res_MT,136309-4.parquet,10
uhs17_1247--udt9551,parquet_residential_short_202512_res_MT,138494-4.parquet,5
uhs17_1247--udt9551,parquet_residential_short_202512_res_MT,140071-4.parquet,5
uhs17_1247--udt9551,parquet_residential_short_202512_res_MT,142544-4.parquet,5
uhs17_1247--udt9551,parquet_residential_short_202512_res_MT,14281-4.parquet,2
uhs17_1247--udt9551,parquet_residential_short_202512_res_MT,153454-4.parquet,3
uhs17_1247--udt9551,parquet_residential_short_202512_res_MT,154106-4.parquet,10
uhs17_1247--udt9551,parquet_residential_short_202512_res_MT,162253-4.parquet,61
uhs17_1247--udt9551,parquet_residential_short_202512_res_MT,170488-4.parquet,6
uhs17_1247--udt9551,parquet_residential_short_202512_res_MT,180039-4.parquet,4
uhs17_1247--udt9551,parquet_residential_short_202512_res_MT,183427-4.parquet,1
uhs17_1247--udt9551,parquet_residential_short_202512_res_MT,185745-4.parquet,64
uhs17_1247--udt9551,parquet_residential_short_202512_res_MT,203702-4.parquet,4
uhs17_1247--udt9551,parquet_residential_short_202512_res_MT,209507-4.parquet,3
uhs17_1247--udt9551,parquet_residential_short_202512_res_MT,210194-4.parquet,3
uhs17_1247--udt9551,parquet_residential_short_202512_res_MT,211030-4.parquet,2
uhs17_1247--udt9551,parquet_residential_short_202512_res_MT,214774-4.parquet,1
uhs17_1247--udt9551,parquet_residential_short_202512_res_MT,217886-4.parquet,2
uhs17_1247--udt9551,parquet_residential_short_202512_res_MT,22193-4.parquet,2
uhs17_1247--udt9551,parquet_residential_short_202512_res_MT,229622-4.parquet,1
uhs17_1247--udt9551,parquet_residential_short_202512_res_MT,234488-4.parquet,2
uhs17_1247--udt9551,parquet_residential_short_202512_res_MT,238424-4.parquet,1
uhs17_1247--udt9551,parquet_residential_short_202512_res_MT,239542-4.parquet,1
uhs17_1247--udt9551,parquet_residential_short_202512_res_MT,256192-4.parquet,4
uhs17_1247--udt9551,parquet_residential_short_202512_res_MT,276587-4.parquet,17
uhs17_1247--udt9551,parquet_residential_short_202512_res_MT,277210-4.parquet,7
uhs17_1247--udt9551,parquet_residential_short_202512_res_MT,278604-4.parquet,15
uhs17_1247--udt9551,parquet_residential_short_202512_res_MT,27882-4.parquet,1
uhs17_1247--udt9551,parquet_residential_short_202512_res_MT,305252-4.parquet,3
uhs17_1247--udt9551,parquet_residential_short_202512_res_MT,311002-4.parquet,3
uhs17_1247--udt9551,parquet_residential_short_202512_res_MT,314691-4.parquet,2
uhs17_1247--udt9551,parquet_residential_short_202512_res_MT,321643-4.parquet,1
uhs17_1247--udt9551,parquet_residential_short_202512_res_MT,325203-4.parquet,6
uhs17_1247--udt9551,parquet_residential_short_202512_res_MT,338150-4.parquet,3
uhs17_1247--udt9551,parquet_residential_short_202512_res_MT,341215-4.parquet,1
uhs17_1247--udt9551,parquet_residential_short_202512_res_MT,341617-4.parquet,4
uhs17_1247--udt9551,parquet_residential_short_202512_res_MT,358611-4.parquet,1
uhs17_1247--udt9551,parquet_residential_short_202512_res_MT,370023-4.parquet,1
uhs17_1247--udt9551,parquet_residential_short_202512_res_MT,401600-4.parquet,52
uhs17_1247--udt9551,parquet_residential_short_202512_res_MT,402646-4.parquet,2
uhs17_1247--udt9551,parquet_residential_short_202512_res_MT,406640-4.parquet,8
uhs17_1247--udt9551,parquet_residential_short_202512_res_MT,410527-4.parquet,3
uhs17_1247--udt9551,parquet_residential_short_202512_res_MT,418448-4.parquet,2
uhs17_1247--udt9551,parquet_residential_short_202512_res_MT,42376-4.parquet,2
uhs17_1247--udt9551,parquet_residential_short_202512_res_MT,423918-4.parquet,1
uhs17_1247--udt9551,parquet_residential_short_202512_res_MT,424723-4.parquet,1
uhs17_1247--udt9551,parquet_residential_short_202512_res_MT,427948-4.parquet,40
uhs17_1247--udt9551,parquet_residential_short_202512_res_MT,43358-4.parquet,1
uhs17_1247--udt9551,parquet_residential_short_202512_res_MT,437679-4.parquet,1
uhs17_1247--udt9551,parquet_residential_short_202512_res_MT,438998-4.parquet,4
uhs17_1247--udt9551,parquet_residential_short_202512_res_MT,458883-4.parquet,1
uhs17_1247--udt9551,parquet_residential_short_202512_res_MT,466189-4.parquet,4
uhs17_1247--udt9551,parquet_residential_short_202512_res_MT,475383-4.parquet,2
uhs17_1247--udt9551,parquet_residential_short_202512_res_MT,476793-4.parquet,6
uhs17_1247--udt9551,parquet_residential_short_202512_res_MT,481916-4.parquet,3
uhs17_1247--udt9551,parquet_residential_short_202512_res_MT,486410-4.parquet,7
uhs17_1247--udt9551,parquet_residential_short_202512_res_MT,486622-4.parquet,1
uhs17_1247--udt9551,parquet_residential_short_202512_res_MT,490684-4.parquet,5
uhs17_1247--udt9551,parquet_residential_short_202512_res_MT,492040-4.parquet,4
uhs17_1247--udt9551,parquet_residential_short_202512_res_MT,493524-4.parquet,2
uhs17_1247--udt9551,parquet_residential_short_202512_res_MT,500793-4.parquet,5
uhs17_1247--udt9551,parquet_residential_short_202512_res_MT,500992-4.parquet,1
uhs17_1247--udt9551,parquet_residential_short_202512_res_MT,508034-4.parquet,1
uhs17_1247--udt9551,parquet_residential_short_202512_res_MT,513358-4.parquet,6
uhs17_1247--udt9551,parquet_residential_short_202512_res_MT,527227-4.parquet,2
uhs17_1247--udt9551,parquet_residential_short_202512_res_MT,529425-4.parquet,29
uhs17_1247--udt9551,parquet_residential_short_202512_res_MT,535363-4.parquet,1
uhs17_1247--udt9551,parquet_residential_short_202512_res_MT,537910-4.parquet,1
uhs17_1247--udt9551,parquet_residential_short_202512_res_MT,543184-4.parquet,4
uhs17_1247--udt9551,parquet_residential_short_202512_res_MT,547866-4.parquet,1
uhs17_1247--udt9551,parquet_residential_short_202512_res_MT,57049-4.parquet,3
uhs17_1247--udt9551,parquet_residential_short_202512_res_MT,57772-4.parquet,4
uhs17_1247--udt9551,parquet_residential_short_202512_res_MT,58337-4.parquet,1
uhs17_1247--udt9551,parquet_residential_short_202512_res_MT,64056-4.parquet,3
uhs17_1247--udt9551,parquet_residential_short_202512_res_MT,81904-4.parquet,4
uhs17_1247--udt9551,parquet_residential_short_202512_res_MT,86159-4.parquet,5
uhs17_1247--udt9551,parquet_residential_short_202512_res_MT,90560-4.parquet,3
uhs17_1247--udt9551,parquet_residential_short_202512_res_MT,93871-4.parquet,1
uhs17_1247--udt9551,parquet_residential_short_202512_res_MT,97519-4.parquet,2
uhs18_1247--udt11616,parquet_commercial_202512_comm_MT,184105-9.parquet,1
uhs18_1247--udt11616,parquet_commercial_202512_comm_MT,184107-9.parquet,1
uhs18_1247--udt11616,parquet_commercial_202512_comm_MT,184108-2.parquet,2
uhs18_1247--udt11616,parquet_commercial_202512_comm_MT,184115-2.parquet,1
uhs18_1247--udt11616,parquet_commercial_202512_comm_MT,184116-2.parquet,5
uhs18_1247--udt11616,parquet_commercial_202512_comm_MT,184128-2.parquet,1
uhs18_1247--udt11616,parquet_commercial_202512_comm_MT,184141-2.parquet,2
uhs18_1247--udt11616,parquet_commercial_202512_comm_MT,184147-9.parquet,9
uhs18_1247--udt11616,parquet_commercial_202512_comm_MT,184148-2.parquet,1
uhs18_1247--udt11616,parquet_commercial_202512_comm_MT,184151-2.parquet,1
uhs18_1247--udt11616,parquet_commercial_202512_comm_MT,184154-2.parquet,1
uhs18_1247--udt11616,parquet_commercial_202512_comm_MT,184172-2.parquet,1
uhs18_1247--udt11616,parquet_commercial_202512_comm_MT,184179-9.parquet,12
uhs18_1247--udt11616,parquet_commercial_202512_comm_MT,184193-2.parquet,1
uhs18_1247--udt11616,parquet_commercial_202512_comm_MT,184202-2.parquet,1
uhs18_1247--udt11616,parquet_commercial_202512_comm_MT,184207-2.parquet,4
uhs18_1247--udt11616,parquet_commercial_202512_comm_MT,184220-2.parquet,19
uhs18_1247--udt11616,parquet_commercial_202512_comm_MT,184221-9.parquet,1
uhs18_1247--udt11616,parquet_commercial_202512_comm_MT,184237-2.parquet,1
uhs18_1247--udt11616,parquet_commercial_202512_comm_MT,184241-9.parquet,1
uhs18_1247--udt11616,parquet_commercial_202512_comm_MT,184252-9.parquet,1
uhs18_1247--udt11616,parquet_commercial_202512_comm_MT,184279-2.parquet,1
uhs18_1247--udt11616,parquet_commercial_202512_comm_MT,184285-2.parquet,1
uhs18_1247--udt11616,parquet_commercial_202512_comm_MT,184287-9.parquet,3
uhs18_1247--udt11616,parquet_commercial_202512_comm_MT,184288-2.parquet,4
uhs18_1247--udt11616,parquet_commercial_202512_comm_MT,184294-2.parquet,1
uhs18_1247--udt11616,parquet_commercial_202512_comm_MT,184313-2.parquet,2
uhs18_1247--udt11616,parquet_commercial_202512_comm_MT,184315-2.parquet,6
uhs18_1247--udt11616,parquet_commercial_202512_comm_MT,184331-9.parquet,1
uhs18_1247--udt11616,parquet_commercial_202512_comm_MT,184342-9.parquet,2
uhs18_1247--udt11616,parquet_commercial_202512_comm_MT,184354-2.parquet,1
uhs18_1247--udt11616,parquet_commercial_202512_comm_MT,184365-2.parquet,3
uhs18_1247--udt11616,parquet_commercial_202512_comm_MT,184367-9.parquet,1
uhs18_1247--udt11616,parquet_commercial_202512_comm_MT,184374-2.parquet,1
uhs18_1247--udt11616,parquet_commercial_202512_comm_MT,184382-9.parquet,2
uhs18_1247--udt11616,parquet_commercial_202512_comm_MT,184387-2.parquet,1
uhs18_1247--udt11616,parquet_commercial_202512_comm_MT,184401-9.parquet,1
uhs18_1247--udt11616,parquet_commercial_202512_comm_MT,184433-2.parquet,4
uhs18_1247--udt11616,parquet_commercial_202512_comm_MT,184438-9.parquet,3
uhs18_1247--udt11616,parquet_commercial_202512_comm_MT,184444-2.parquet,1
uhs18_1247--udt11616,parquet_commercial_202512_comm_MT,184475-9.parquet,1
uhs18_1247--udt11616,parquet_commercial_202512_comm_MT,184481-9.parquet,2
uhs18_1247--udt11616,parquet_commercial_202512_comm_MT,184492-2.parquet,1
uhs18_1247--udt11616,parquet_commercial_202512_comm_MT,184508-2.parquet,3
uhs18_1247--udt11616,parquet_commercial_202512_comm_MT,184510-2.parquet,1
uhs18_1247--udt11616,parquet_commercial_202512_comm_MT,184518-2.parquet,35
uhs18_1247--udt11616,parquet_commercial_202512_comm_MT,184527-9.parquet,1
uhs18_1247--udt11616,parquet_commercial_202512_comm_MT,184529-2.parquet,1
uhs18_1247--udt11616,parquet_commercial_202512_comm_MT,184551-9.parquet,2
uhs18_1247--udt11616,parquet_commercial_202512_comm_MT,184557-2.parquet,1
uhs18_1247--udt11616,parquet_commercial_202512_comm_MT,184586-9.parquet,2
uhs18_1247--udt11616,parquet_commercial_202512_comm_MT,184596-9.parquet,1
uhs18_1247--udt11616,parquet_commercial_202512_comm_MT,184612-9.parquet,1
uhs18_1247--udt11616,parquet_commercial_202512_comm_MT,184616-2.parquet,2
uhs18_1247--udt11616,parquet_commercial_202512_comm_MT,184617-2.parquet,1
uhs18_1247--udt11616,parquet_commercial_202512_comm_MT,184623-9.parquet,1
uhs18_1247--udt11616,parquet_commercial_202512_comm_MT,184646-9.parquet,5
uhs18_1247--udt11616,parquet_commercial_202512_comm_MT,184693-9.parquet,4
uhs18_1247--udt11616,parquet_commercial_202512_comm_MT,184694-2.parquet,2
uhs18_1247--udt11616,parquet_commercial_202512_comm_MT,184700-9.parquet,98
uhs18_1247--udt11616,parquet_commercial_202512_comm_MT,184706-2.parquet,1
uhs18_1247--udt11616,parquet_commercial_202512_comm_MT,184717-9.parquet,4
uhs18_1247--udt11616,parquet_commercial_202512_comm_MT,184718-9.parquet,3
uhs18_1247--udt11616,parquet_commercial_202512_comm_MT,184727-2.parquet,10
uhs18_1247--udt11616,parquet_commercial_202512_comm_MT,184744-9.parquet,1
uhs18_1247--udt11616,parquet_commercial_202512_comm_MT,184767-2.parquet,1
uhs18_1247--udt11616,parquet_commercial_202512_comm_MT,184776-2.parquet,1
uhs18_1247--udt11616,parquet_commercial_202512_comm_MT,184786-9.parquet,1
uhs18_1247--udt11616,parquet_commercial_202512_comm_MT,184799-2.parquet,1
uhs18_1247--udt11616,parquet_commercial_202512_comm_MT,184809-2.parquet,5
uhs18_1247--udt11616,parquet_commercial_202512_comm_MT,184821-9.parquet,4
uhs18_1247--udt11616,parquet_commercial_202512_comm_MT,184823-2.parquet,2
uhs18_1247--udt11616,parquet_commercial_202512_comm_MT,184831-9.parquet,3
uhs18_1247--udt11616,parquet_commercial_202512_comm_MT,184840-9.parquet,1
uhs18_1247--udt11616,parquet_commercial_202512_comm_MT,184852-9.parquet,1
uhs18_1247--udt11616,parquet_commercial_202512_comm_MT,184857-9.parquet,2
uhs18_1247--udt11616,parquet_commercial_202512_comm_MT,184858-9.parquet,2
uhs18_1247--udt11616,parquet_commercial_202512_comm_MT,184887-2.parquet,2
uhs18_1247--udt11616,parquet_commercial_202512_comm_MT,184888-9.parquet,1
uhs18_1247--udt11616,parquet_commercial_202512_comm_MT,184894-9.parquet,2
uhs18_1247--udt11616,parquet_commercial_202512_comm_MT,184897-9.parquet,2
uhs18_1247--udt11616,parquet_commercial_202512_comm_MT,184941-2.parquet,5
uhs18_1247--udt11616,parquet_commercial_202512_comm_MT,184942-9.parquet,2
uhs18_1247--udt11616,parquet_commercial_202512_comm_MT,184950-2.parquet,1
uhs18_1247--udt11616,parquet_commercial_202512_comm_MT,184953-9.parquet,3
uhs18_1247--udt11616,parquet_commercial_202512_comm_MT,184962-2.parquet,1
uhs18_1247--udt11616,parquet_commercial_202512_comm_MT,184968-2.parquet,1
uhs18_1247--udt11616,parquet_commercial_202512_comm_MT,185010-2.parquet,1
uhs18_1247--udt11616,parquet_commercial_202512_comm_MT,185015-2.parquet,2
uhs18_1247--udt11616,parquet_commercial_202512_comm_MT,185022-2.parquet,1
uhs18_1247--udt11616,parquet_commercial_202512_comm_MT,185025-9.parquet,1
uhs18_1247--udt11616,parquet_residential_short_202512_res_MT,102182-4.parquet,5
uhs18_1247--udt11616,parquet_residential_short_202512_res_MT,102854-4.parquet,103
uhs18_1247--udt11616,parquet_residential_short_202512_res_MT,106657-4.parquet,24
uhs18_1247--udt11616,parquet_residential_short_202512_res_MT,108254-4.parquet,1
uhs18_1247--udt11616,parquet_residential_short_202512_res_MT,110662-4.parquet,1
uhs18_1247--udt11616,parquet_residential_short_202512_res_MT,117464-4.parquet,2
uhs18_1247--udt11616,parquet_residential_short_202512_res_MT,118797-4.parquet,4
uhs18_1247--udt11616,parquet_residential_short_202512_res_MT,119073-4.parquet,11
uhs18_1247--udt11616,parquet_residential_short_202512_res_MT,119460-4.parquet,1
uhs18_1247--udt11616,parquet_residential_short_202512_res_MT,121985-4.parquet,2
uhs18_1247--udt11616,parquet_residential_short_202512_res_MT,126858-4.parquet,1
uhs18_1247--udt11616,parquet_residential_short_202512_res_MT,131145-4.parquet,5
uhs18_1247--udt11616,parquet_residential_short_202512_res_MT,136303-4.parquet,2
uhs18_1247--udt11616,parquet_residential_short_202512_res_MT,136309-4.parquet,14
uhs18_1247--udt11616,parquet_residential_short_202512_res_MT,138494-4.parquet,16
uhs18_1247--udt11616,parquet_residential_short_202512_res_MT,140071-4.parquet,24
uhs18_1247--udt11616,parquet_residential_short_202512_res_MT,142544-4.parquet,5
uhs18_1247--udt11616,parquet_residential_short_202512_res_MT,14281-4.parquet,1
uhs18_1247--udt11616,parquet_residential_short_202512_res_MT,153454-4.parquet,2
uhs18_1247--udt11616,parquet_residential_short_202512_res_MT,154106-4.parquet,9
uhs18_1247--udt11616,parquet_residential_short_202512_res_MT,154367-4.parquet,1
uhs18_1247--udt11616,parquet_residential_short_202512_res_MT,156849-4.parquet,6
uhs18_1247--udt11616,parquet_residential_short_202512_res_MT,157494-4.parquet,1
uhs18_1247--udt11616,parquet_residential_short_202512_res_MT,162253-4.parquet,103
uhs18_1247--udt11616,parquet_residential_short_202512_res_MT,170488-4.parquet,2
uhs18_1247--udt11616,parquet_residential_short_202512_res_MT,180039-4.parquet,14
uhs18_1247--udt11616,parquet_residential_short_202512_res_MT,183427-4.parquet,13
uhs18_1247--udt11616,parquet_residential_short_202512_res_MT,185745-4.parquet,101
uhs18_1247--udt11616,parquet_residential_short_202512_res_MT,201863-4.parquet,1
uhs18_1247--udt11616,parquet_residential_short_202512_res_MT,202090-4.parquet,1
uhs18_1247--udt11616,parquet_residential_short_202512_res_MT,203702-4.parquet,15
uhs18_1247--udt11616,parquet_residential_short_202512_res_MT,209507-4.parquet,2
uhs18_1247--udt11616,parquet_residential_short_202512_res_MT,210194-4.parquet,7
uhs18_1247--udt11616,parquet_residential_short_202512_res_MT,214774-4.parquet,1
uhs18_1247--udt11616,parquet_residential_short_202512_res_MT,216380-4.parquet,5
uhs18_1247--udt11616,parquet_residential_short_202512_res_MT,217886-4.parquet,3
uhs18_1247--udt11616,parquet_residential_short_202512_res_MT,229622-4.parquet,1
uhs18_1247--udt11616,parquet_residential_short_202512_res_MT,234488-4.parquet,6
uhs18_1247--udt11616,parquet_residential_short_202512_res_MT,239542-4.parquet,4
uhs18_1247--udt11616,parquet_residential_short_202512_res_MT,251857-4.parquet,4
uhs18_1247--udt11616,parquet_residential_short_202512_res_MT,255145-4.parquet,2
uhs18_1247--udt11616,parquet_residential_short_202512_res_MT,256192-4.parquet,2
uhs18_1247--udt11616,parquet_residential_short_202512_res_MT,271955-4.parquet,2
uhs18_1247--udt11616,parquet_residential_short_202512_res_MT,276587-4.parquet,85
uhs18_1247--udt11616,parquet_residential_short_202512_res_MT,277210-4.parquet,6
uhs18_1247--udt11616,parquet_residential_short_202512_res_MT,278604-4.parquet,24
uhs18_1247--udt11616,parquet_residential_short_202512_res_MT,27882-4.parquet,1
uhs18_1247--udt11616,parquet_residential_short_202512_res_MT,305252-4.parquet,2
uhs18_1247--udt11616,parquet_residential_short_202512_res_MT,311002-4.parquet,16
uhs18_1247--udt11616,parquet_residential_short_202512_res_MT,314691-4.parquet,3
uhs18_1247--udt11616,parquet_residential_short_202512_res_MT,321643-4.parquet,2
uhs18_1247--udt11616,parquet_residential_short_202512_res_MT,324393-4.parquet,2
uhs18_1247--udt11616,parquet_residential_short_202512_res_MT,325203-4.parquet,5
uhs18_1247--udt11616,parquet_residential_short_202512_res_MT,338150-4.parquet,11
uhs18_1247--udt11616,parquet_residential_short_202512_res_MT,338628-4.parquet,2
uhs18_1247--udt11616,parquet_residential_short_202512_res_MT,341617-4.parquet,13
uhs18_1247--udt11616,parquet_residential_short_202512_res_MT,343688-4.parquet,1
uhs18_1247--udt11616,parquet_residential_short_202512_res_MT,358611-4.parquet,1
uhs18_1247--udt11616,parquet_residential_short_202512_res_MT,365913-4.parquet,1
uhs18_1247--udt11616,parquet_residential_short_202512_res_MT,370023-4.parquet,1
uhs18_1247--udt11616,parquet_residential_short_202512_res_MT,371830-4.parquet,1
uhs18_1247--udt11616,parquet_residential_short_202512_res_MT,393147-4.parquet,3
uhs18_1247--udt11616,parquet_residential_short_202512_res_MT,394476-4.parquet,1
uhs18_1247--udt11616,parquet_residential_short_202512_res_MT,401600-4.parquet,99
uhs18_1247--udt11616,parquet_residential_short_202512_res_MT,402646-4.parquet,3
uhs18_1247--udt11616,parquet_residential_short_202512_res_MT,406640-4.parquet,9
uhs18_1247--udt11616,parquet_residential_short_202512_res_MT,410527-4.parquet,4
uhs18_1247--udt11616,parquet_residential_short_202512_res_MT,411750-4.parquet,2
uhs18_1247--udt11616,parquet_residential_short_202512_res_MT,42104-4.parquet,1
uhs18_1247--udt11616,parquet_residential_short_202512_res_MT,424723-4.parquet,7
uhs18_1247--udt11616,parquet_residential_short_202512_res_MT,427948-4.parquet,122
uhs18_1247--udt11616,parquet_residential_short_202512_res_MT,43358-4.parquet,1
uhs18_1247--udt11616,parquet_residential_short_202512_res_MT,437679-4.parquet,3
uhs18_1247--udt11616,parquet_residential_short_202512_res_MT,438998-4.parquet,1
uhs18_1247--udt11616,parquet_residential_short_202512_res_MT,448361-4.parquet,1
uhs18_1247--udt11616,parquet_residential_short_202512_res_MT,466189-4.parquet,6
uhs18_1247--udt11616,parquet_residential_short_202512_res_MT,468325-4.parquet,3
uhs18_1247--udt11616,parquet_residential_short_202512_res_MT,471837-4.parquet,3
uhs18_1247--udt11616,parquet_residential_short_202512_res_MT,475383-4.parquet,1
uhs18_1247--udt11616,parquet_residential_short_202512_res_MT,476793-4.parquet,9
uhs18_1247--udt11616,parquet_residential_short_202512_res_MT,481916-4.parquet,9
uhs18_1247--udt11616,parquet_residential_short_202512_res_MT,484947-4.parquet,1
uhs18_1247--udt11616,parquet_residential_short_202512_res_MT,486032-4.parquet,1
uhs18_1247--udt11616,parquet_residential_short_202512_res_MT,486410-4.parquet,14
uhs18_1247--udt11616,parquet_residential_short_202512_res_MT,490684-4.parquet,6
uhs18_1247--udt11616,parquet_residential_short_202512_res_MT,492040-4.parquet,6
uhs18_1247--udt11616,parquet_residential_short_202512_res_MT,493524-4.parquet,3
uhs18_1247--udt11616,parquet_residential_short_202512_res_MT,494052-4.parquet,3
uhs18_1247--udt11616,parquet_residential_short_202512_res_MT,494976-4.parquet,1
uhs18_1247--udt11616,parquet_residential_short_202512_res_MT,500793-4.parquet,9
uhs18_1247--udt11616,parquet_residential_short_202512_res_MT,508034-4.parquet,1
uhs18_1247--udt11616,parquet_residential_short_202512_res_MT,513358-4.parquet,6
uhs18_1247--udt11616,parquet_residential_short_202512_res_MT,514429-4.parquet,12
uhs18_1247--udt11616,parquet_residential_short_202512_res_MT,527227-4.parquet,7
uhs18_1247--udt11616,parquet_residential_short_202512_res_MT,529425-4.parquet,63
uhs18_1247--udt11616,parquet_residential_short_202512_res_MT,535363-4.parquet,6
uhs18_1247--udt11616,parquet_residential_short_202512_res_MT,536354-4.parquet,1
uhs18_1247--udt11616,parquet_residential_short_202512_res_MT,537910-4.parquet,2
uhs18_1247--udt11616,parquet_residential_short_202512_res_MT,543184-4.parquet,11
uhs18_1247--udt11616,parquet_residential_short_202512_res_MT,57049-4.parquet,2
uhs18_1247--udt11616,parquet_residential_short_202512_res_MT,57772-4.parquet,11
uhs18_1247--udt11616,parquet_residential_short_202512_res_MT,58337-4.parquet,1
uhs18_1247--udt11616,parquet_residential_short_202512_res_MT,58700-4.parquet,1
uhs18_1247--udt11616,parquet_residential_short_202512_res_MT,63328-4.parquet,8
uhs18_1247--udt11616,parquet_residential_short_202512_res_MT,64056-4.parquet,19
uhs18_1247--udt11616,parquet_residential_short_202512_res_MT,64092-4.parquet,1
uhs18_1247--udt11616,parquet_residential_short_202512_res_MT,66138-4.parquet,1
uhs18_1247--udt11616,parquet_residential_short_202512_res_MT,81904-4.parquet,6
uhs18_1247--udt11616,parquet_residential_short_202512_res_MT,86159-4.parquet,4
uhs18_1247--udt11616,parquet_residential_short_202512_res_MT,88623-4.parquet,3
uhs18_1247--udt11616,parquet_residential_short_202512_res_MT,90560-4.parquet,4
uhs18_1247--udt11616,parquet_residential_short_202512_res_MT,9342-4.parquet,1
uhs18_1247--udt11616,parquet_residential_short_202512_res_MT,93871-4.parquet,2
uhs18_1247--udt11616,parquet_residential_short_202512_res_MT,97519-4.parquet,2
uhs18_1247--udt11616,parquet_residential_short_202512_res_MT,99076-4.parquet,6
uhs18_1247--udt13374,parquet_commercial_202512_comm_MT,184116-2.parquet,2
uhs18_1247--udt13374,parquet_commercial_202512_comm_MT,184120-2.parquet,1
uhs18_1247--udt13374,parquet_commercial_202512_comm_MT,184142-2.parquet,1
uhs18_1247--udt13374,parquet_commercial_202512_comm_MT,184147-9.parquet,1
uhs18_1247--udt13374,parquet_commercial_202512_comm_MT,184151-2.parquet,1
uhs18_1247--udt13374,parquet_commercial_202512_comm_MT,184207-2.parquet,1
uhs18_1247--udt13374,parquet_commercial_202512_comm_MT,184217-2.parquet,1
uhs18_1247--udt13374,parquet_commercial_202512_comm_MT,184220-2.parquet,2
uhs18_1247--udt13374,parquet_commercial_202512_comm_MT,184221-9.parquet,1
uhs18_1247--udt13374,parquet_commercial_202512_comm_MT,184261-2.parquet,1
uhs18_1247--udt13374,parquet_commercial_202512_comm_MT,184288-2.parquet,3
uhs18_1247--udt13374,parquet_commercial_202512_comm_MT,184315-2.parquet,2
uhs18_1247--udt13374,parquet_commercial_202512_comm_MT,184365-2.parquet,1
uhs18_1247--udt13374,parquet_commercial_202512_comm_MT,184391-9.parquet,1
uhs18_1247--udt13374,parquet_commercial_202512_comm_MT,184394-9.parquet,1
uhs18_1247--udt13374,parquet_commercial_202512_comm_MT,184424-2.parquet,1
uhs18_1247--udt13374,parquet_commercial_202512_comm_MT,184433-2.parquet,1
uhs18_1247--udt13374,parquet_commercial_202512_comm_MT,184481-9.parquet,1
uhs18_1247--udt13374,parquet_commercial_202512_comm_MT,184518-2.parquet,7
uhs18_1247--udt13374,parquet_commercial_202512_comm_MT,184537-9.parquet,1
uhs18_1247--udt13374,parquet_commercial_202512_comm_MT,184546-2.parquet,1
uhs18_1247--udt13374,parquet_commercial_202512_comm_MT,184551-9.parquet,1
uhs18_1247--udt13374,parquet_commercial_202512_comm_MT,184608-9.parquet,1
uhs18_1247--udt13374,parquet_commercial_202512_comm_MT,184612-9.parquet,3
uhs18_1247--udt13374,parquet_commercial_202512_comm_MT,184693-9.parquet,2
uhs18_1247--udt13374,parquet_commercial_202512_comm_MT,184754-2.parquet,1
uhs18_1247--udt13374,parquet_commercial_202512_comm_MT,184767-2.parquet,1
uhs18_1247--udt13374,parquet_commercial_202512_comm_MT,184772-2.parquet,1
uhs18_1247--udt13374,parquet_commercial_202512_comm_MT,184799-2.parquet,1
uhs18_1247--udt13374,parquet_commercial_202512_comm_MT,184809-2.parquet,1
uhs18_1247--udt13374,parquet_commercial_202512_comm_MT,184835-2.parquet,1
uhs18_1247--udt13374,parquet_commercial_202512_comm_MT,184846-2.parquet,1
uhs18_1247--udt13374,parquet_commercial_202512_comm_MT,184856-9.parquet,1
uhs18_1247--udt13374,parquet_commercial_202512_comm_MT,184897-9.parquet,1
uhs18_1247--udt13374,parquet_commercial_202512_comm_MT,184941-2.parquet,3
uhs18_1247--udt13374,parquet_commercial_202512_comm_MT,184951-2.parquet,1
uhs18_1247--udt13374,parquet_commercial_202512_comm_MT,184962-2.parquet,1
uhs18_1247--udt13374,parquet_commercial_202512_comm_MT,185003-9.parquet,2
uhs18_1247--udt13374,parquet_commercial_202512_comm_MT,185019-9.parquet,1
uhs18_1247--udt13374,parquet_residential_short_202512_res_MT,102854-4.parquet,10
uhs18_1247--udt13374,parquet_residential_short_202512_res_MT,106657-4.parquet,10
uhs18_1247--udt13374,parquet_residential_short_202512_res_MT,108254-4.parquet,5
uhs18_1247--udt13374,parquet_residential_short_202512_res_MT,119073-4.parquet,2
uhs18_1247--udt13374,parquet_residential_short_202512_res_MT,121985-4.parquet,1
uhs18_1247--udt13374,parquet_residential_short_202512_res_MT,136309-4.parquet,9
uhs18_1247--udt13374,parquet_residential_short_202512_res_MT,138494-4.parquet,2
uhs18_1247--udt13374,parquet_residential_short_202512_res_MT,140071-4.parquet,4
uhs18_1247--udt13374,parquet_residential_short_202512_res_MT,142544-4.parquet,2
uhs18_1247--udt13374,parquet_residential_short_202512_res_MT,153454-4.parquet,2
uhs18_1247--udt13374,parquet_residential_short_202512_res_MT,154106-4.parquet,1
uhs18_1247--udt13374,parquet_residential_short_202512_res_MT,156849-4.parquet,1
uhs18_1247--udt13374,parquet_residential_short_202512_res_MT,162253-4.parquet,68
uhs18_1247--udt13374,parquet_residential_short_202512_res_MT,180039-4.parquet,2
uhs18_1247--udt13374,parquet_residential_short_202512_res_MT,185745-4.parquet,26
uhs18_1247--udt13374,parquet_residential_short_202512_res_MT,201863-4.parquet,1
uhs18_1247--udt13374,parquet_residential_short_202512_res_MT,203702-4.parquet,1
uhs18_1247--udt13374,parquet_residential_short_202512_res_MT,20806-4.parquet,1
uhs18_1247--udt13374,parquet_residential_short_202512_res_MT,209507-4.parquet,6
uhs18_1247--udt13374,parquet_residential_short_202512_res_MT,234488-4.parquet,1
uhs18_1247--udt13374,parquet_residential_short_202512_res_MT,251857-4.parquet,3
uhs18_1247--udt13374,parquet_residential_short_202512_res_MT,255145-4.parquet,3
uhs18_1247--udt13374,parquet_residential_short_202512_res_MT,271955-4.parquet,1
uhs18_1247--udt13374,parquet_residential_short_202512_res_MT,278604-4.parquet,13
uhs18_1247--udt13374,parquet_residential_short_202512_res_MT,27882-4.parquet,4
uhs18_1247--udt13374,parquet_residential_short_202512_res_MT,305252-4.parquet,2
uhs18_1247--udt13374,parquet_residential_short_202512_res_MT,314702-4.parquet,1
uhs18_1247--udt13374,parquet_residential_short_202512_res_MT,325203-4.parquet,1
uhs18_1247--udt13374,parquet_residential_short_202512_res_MT,338150-4.parquet,2
uhs18_1247--udt13374,parquet_residential_short_202512_res_MT,341617-4.parquet,1
uhs18_1247--udt13374,parquet_residential_short_202512_res_MT,343215-4.parquet,1
uhs18_1247--udt13374,parquet_residential_short_202512_res_MT,343688-4.parquet,2
uhs18_1247--udt13374,parquet_residential_short_202512_res_MT,345764-4.parquet,2
uhs18_1247--udt13374,parquet_residential_short_202512_res_MT,358611-4.parquet,2
uhs18_1247--udt13374,parquet_residential_short_202512_res_MT,370023-4.parquet,4
uhs18_1247--udt13374,parquet_residential_short_202512_res_MT,371830-4.parquet,1
uhs18_1247--udt13374,parquet_residential_short_202512_res_MT,377168-4.parquet,1
uhs18_1247--udt13374,parquet_residential_short_202512_res_MT,393147-4.parquet,1
uhs18_1247--udt13374,parquet_residential_short_202512_res_MT,394476-4.parquet,5
uhs18_1247--udt13374,parquet_residential_short_202512_res_MT,401600-4.parquet,31
uhs18_1247--udt13374,parquet_residential_short_202512_res_MT,406640-4.parquet,3
uhs18_1247--udt13374,parquet_residential_short_202512_res_MT,420874-4.parquet,1
uhs18_1247--udt13374,parquet_residential_short_202512_res_MT,42376-4.parquet,4
uhs18_1247--udt13374,parquet_residential_short_202512_res_MT,424723-4.parquet,3
uhs18_1247--udt13374,parquet_residential_short_202512_res_MT,427948-4.parquet,16
uhs18_1247--udt13374,parquet_residential_short_202512_res_MT,437679-4.parquet,1
uhs18_1247--udt13374,parquet_residential_short_202512_res_MT,454967-4.parquet,1
uhs18_1247--udt13374,parquet_residential_short_202512_res_MT,458883-4.parquet,1
uhs18_1247--udt13374,parquet_residential_short_202512_res_MT,466189-4.parquet,5
uhs18_1247--udt13374,parquet_residential_short_202512_res_MT,468325-4.parquet,1
uhs18_1247--udt13374,parquet_residential_short_202512_res_MT,470813-4.parquet,1
uhs18_1247--udt13374,parquet_residential_short_202512_res_MT,471837-4.parquet,8
uhs18_1247--udt13374,parquet_residential_short_202512_res_MT,475383-4.parquet,1
uhs18_1247--udt13374,parquet_residential_short_202512_res_MT,476793-4.parquet,2
uhs18_1247--udt13374,parquet_residential_short_202512_res_MT,481916-4.parquet,8
uhs18_1247--udt13374,parquet_residential_short_202512_res_MT,486032-4.parquet,1
uhs18_1247--udt13374,parquet_residential_short_202512_res_MT,486622-4.parquet,1
uhs18_1247--udt13374,parquet_residential_short_202512_res_MT,490684-4.parquet,1
uhs18_1247--udt13374,parquet_residential_short_202512_res_MT,493524-4.parquet,3
uhs18_1247--udt13374,parquet_residential_short_202512_res_MT,494052-4.parquet,7
uhs18_1247--udt13374,parquet_residential_short_202512_res_MT,494976-4.parquet,2
uhs18_1247--udt13374,parquet_residential_short_202512_res_MT,500436-4.parquet,2
uhs18_1247--udt13374,parquet_residential_short_202512_res_MT,500793-4.parquet,1
uhs18_1247--udt13374,parquet_residential_short_202512_res_MT,508034-4.parquet,2
uhs18_1247--udt13374,parquet_residential_short_202512_res_MT,513358-4.parquet,1
uhs18_1247--udt13374,parquet_residential_short_202512_res_MT,514429-4.parquet,5
uhs18_1247--udt13374,parquet_residential_short_202512_res_MT,526430-4.parquet,2
uhs18_1247--udt13374,parquet_residential_short_202512_res_MT,529425-4.parquet,16
uhs18_1247--udt13374,parquet_residential_short_202512_res_MT,535363-4.parquet,4
uhs18_1247--udt13374,parquet_residential_short_202512_res_MT,543184-4.parquet,3
uhs18_1247--udt13374,parquet_residential_short_202512_res_MT,544168-4.parquet,1
uhs18_1247--udt13374,parquet_residential_short_202512_res_MT,57772-4.parquet,1
uhs18_1247--udt13374,parquet_residential_short_202512_res_MT,63328-4.parquet,2
uhs18_1247--udt13374,parquet_residential_short_202512_res_MT,64056-4.parquet,4
uhs18_1247--udt13374,parquet_residential_short_202512_res_MT,66138-4.parquet,7
uhs18_1247--udt13374,parquet_residential_short_202512_res_MT,86159-4.parquet,2
uhs18_1247--udt13374,parquet_residential_short_202512_res_MT,88623-4.parquet,1
uhs18_1247--udt13374,parquet_residential_short_202512_res_MT,90560-4.parquet,1
uhs18_1247--udt13374,parquet_residential_short_202512_res_MT,93871-4.parquet,3
uhs18_1247--udt13374,parquet_residential_short_202512_res_MT,99076-4.parquet,1
uhs18_1247--udt17294,parquet_commercial_202512_comm_MT,184107-9.parquet,1
uhs18_1247--udt17294,parquet_commercial_202512_comm_MT,184108-2.parquet,2
uhs18_1247--udt17294,parquet_commercial_202512_comm_MT,184115-2.parquet,1
uhs18_1247--udt17294,parquet_commercial_202512_comm_MT,184116-2.parquet,4
uhs18_1247--udt17294,parquet_commercial_202512_comm_MT,184120-2.parquet,1
uhs18_1247--udt17294,parquet_commercial_202512_comm_MT,184141-2.parquet,1
uhs18_1247--udt17294,parquet_commercial_202512_comm_MT,184147-9.parquet,9
uhs18_1247--udt17294,parquet_commercial_202512_comm_MT,184151-2.parquet,2
uhs18_1247--udt17294,parquet_commercial_202512_comm_MT,184154-2.parquet,1
uhs18_1247--udt17294,parquet_commercial_202512_comm_MT,184157-2.parquet,2
uhs18_1247--udt17294,parquet_commercial_202512_comm_MT,184168-9.parquet,1
uhs18_1247--udt17294,parquet_commercial_202512_comm_MT,184183-2.parquet,1
uhs18_1247--udt17294,parquet_commercial_202512_comm_MT,184207-2.parquet,6
uhs18_1247--udt17294,parquet_commercial_202512_comm_MT,184217-2.parquet,1
uhs18_1247--udt17294,parquet_commercial_202512_comm_MT,184220-2.parquet,3
uhs18_1247--udt17294,parquet_commercial_202512_comm_MT,184221-9.parquet,1
uhs18_1247--udt17294,parquet_commercial_202512_comm_MT,184234-2.parquet,1
uhs18_1247--udt17294,parquet_commercial_202512_comm_MT,184241-9.parquet,2
uhs18_1247--udt17294,parquet_commercial_202512_comm_MT,184262-2.parquet,2
uhs18_1247--udt17294,parquet_commercial_202512_comm_MT,184270-9.parquet,1
uhs18_1247--udt17294,parquet_commercial_202512_comm_MT,184287-9.parquet,1
uhs18_1247--udt17294,parquet_commercial_202512_comm_MT,184288-2.parquet,4
uhs18_1247--udt17294,parquet_commercial_202512_comm_MT,184297-9.parquet,1
uhs18_1247--udt17294,parquet_commercial_202512_comm_MT,184307-9.parquet,1
uhs18_1247--udt17294,parquet_commercial_202512_comm_MT,184313-2.parquet,1
uhs18_1247--udt17294,parquet_commercial_202512_comm_MT,184315-2.parquet,4
uhs18_1247--udt17294,parquet_commercial_202512_comm_MT,184336-9.parquet,1
uhs18_1247--udt17294,parquet_commercial_202512_comm_MT,184342-9.parquet,1
uhs18_1247--udt17294,parquet_commercial_202512_comm_MT,184361-9.parquet,1
uhs18_1247--udt17294,parquet_commercial_202512_comm_MT,184365-2.parquet,4
uhs18_1247--udt17294,parquet_commercial_202512_comm_MT,184367-9.parquet,1
uhs18_1247--udt17294,parquet_commercial_202512_comm_MT,184370-2.parquet,1
uhs18_1247--udt17294,parquet_commercial_202512_comm_MT,184372-2.parquet,1
uhs18_1247--udt17294,parquet_commercial_202512_comm_MT,184374-2.parquet,1
uhs18_1247--udt17294,parquet_commercial_202512_comm_MT,184382-9.parquet,3
uhs18_1247--udt17294,parquet_commercial_202512_comm_MT,184387-2.parquet,2
uhs18_1247--udt17294,parquet_commercial_202512_comm_MT,184391-9.parquet,2
uhs18_1247--udt17294,parquet_commercial_202512_comm_MT,184394-9.parquet,3
uhs18_1247--udt17294,parquet_commercial_202512_comm_MT,184401-9.parquet,1
uhs18_1247--udt17294,parquet_commercial_202512_comm_MT,184439-2.parquet,2
uhs18_1247--udt17294,parquet_commercial_202512_comm_MT,184444-2.parquet,1
uhs18_1247--udt17294,parquet_commercial_202512_comm_MT,184451-2.parquet,2
uhs18_1247--udt17294,parquet_commercial_202512_comm_MT,184456-2.parquet,3
uhs18_1247--udt17294,parquet_commercial_202512_comm_MT,184471-2.parquet,1
uhs18_1247--udt17294,parquet_commercial_202512_comm_MT,184475-9.parquet,1
uhs18_1247--udt17294,parquet_commercial_202512_comm_MT,184476-2.parquet,1
uhs18_1247--udt17294,parquet_commercial_202512_comm_MT,184481-9.parquet,1
uhs18_1247--udt17294,parquet_commercial_202512_comm_MT,184492-2.parquet,6
uhs18_1247--udt17294,parquet_commercial_202512_comm_MT,184508-2.parquet,1
uhs18_1247--udt17294,parquet_commercial_202512_comm_MT,184510-2.parquet,2
uhs18_1247--udt17294,parquet_commercial_202512_comm_MT,184512-2.parquet,3
uhs18_1247--udt17294,parquet_commercial_202512_comm_MT,184518-2.parquet,34
uhs18_1247--udt17294,parquet_commercial_202512_comm_MT,184527-9.parquet,1
uhs18_1247--udt17294,parquet_commercial_202512_comm_MT,184544-2.parquet,1
uhs18_1247--udt17294,parquet_commercial_202512_comm_MT,184551-9.parquet,2
uhs18_1247--udt17294,parquet_commercial_202512_comm_MT,184570-9.parquet,1
uhs18_1247--udt17294,parquet_commercial_202512_comm_MT,184603-2.parquet,1
uhs18_1247--udt17294,parquet_commercial_202512_comm_MT,184612-9.parquet,3
uhs18_1247--udt17294,parquet_commercial_202512_comm_MT,184616-2.parquet,3
uhs18_1247--udt17294,parquet_commercial_202512_comm_MT,184617-2.parquet,3
uhs18_1247--udt17294,parquet_commercial_202512_comm_MT,184633-9.parquet,1
uhs18_1247--udt17294,parquet_commercial_202512_comm_MT,184654-2.parquet,3
uhs18_1247--udt17294,parquet_commercial_202512_comm_MT,184664-9.parquet,1
uhs18_1247--udt17294,parquet_commercial_202512_comm_MT,184693-9.parquet,2
uhs18_1247--udt17294,parquet_commercial_202512_comm_MT,184700-9.parquet,7
uhs18_1247--udt17294,parquet_commercial_202512_comm_MT,184706-2.parquet,1
uhs18_1247--udt17294,parquet_commercial_202512_comm_MT,184717-9.parquet,1
uhs18_1247--udt17294,parquet_commercial_202512_comm_MT,184720-2.parquet,2
uhs18_1247--udt17294,parquet_commercial_202512_comm_MT,184727-2.parquet,3
uhs18_1247--udt17294,parquet_commercial_202512_comm_MT,184742-2.parquet,1
uhs18_1247--udt17294,parquet_commercial_202512_comm_MT,184744-9.parquet,2
uhs18_1247--udt17294,parquet_commercial_202512_comm_MT,184762-9.parquet,1
uhs18_1247--udt17294,parquet_commercial_202512_comm_MT,184763-2.parquet,1
uhs18_1247--udt17294,parquet_commercial_202512_comm_MT,184766-9.parquet,5
uhs18_1247--udt17294,parquet_commercial_202512_comm_MT,184788-9.parquet,2
uhs18_1247--udt17294,parquet_commercial_202512_comm_MT,184793-9.parquet,1
uhs18_1247--udt17294,parquet_commercial_202512_comm_MT,184805-2.parquet,2
uhs18_1247--udt17294,parquet_commercial_202512_comm_MT,184809-2.parquet,2
uhs18_1247--udt17294,parquet_commercial_202512_comm_MT,184821-9.parquet,2
uhs18_1247--udt17294,parquet_commercial_202512_comm_MT,184823-2.parquet,3
uhs18_1247--udt17294,parquet_commercial_202512_comm_MT,184824-2.parquet,1
uhs18_1247--udt17294,parquet_commercial_202512_comm_MT,184829-9.parquet,1
uhs18_1247--udt17294,parquet_commercial_202512_comm_MT,184835-2.parquet,1
uhs18_1247--udt17294,parquet_commercial_202512_comm_MT,184836-2.parquet,1
uhs18_1247--udt17294,parquet_commercial_202512_comm_MT,184852-9.parquet,1
uhs18_1247--udt17294,parquet_commercial_202512_comm_MT,184856-9.parquet,1
uhs18_1247--udt17294,parquet_commercial_202512_comm_MT,184857-9.parquet,1
uhs18_1247--udt17294,parquet_commercial_202512_comm_MT,184858-9.parquet,1
uhs18_1247--udt17294,parquet_commercial_202512_comm_MT,184887-2.parquet,2
uhs18_1247--udt17294,parquet_commercial_202512_comm_MT,184888-9.parquet,1
uhs18_1247--udt17294,parquet_commercial_202512_comm_MT,184894-9.parquet,3
uhs18_1247--udt17294,parquet_commercial_202512_comm_MT,184897-9.parquet,1
uhs18_1247--udt17294,parquet_commercial_202512_comm_MT,184927-2.parquet,1
uhs18_1247--udt17294,parquet_commercial_202512_comm_MT,184929-2.parquet,1
uhs18_1247--udt17294,parquet_commercial_202512_comm_MT,184934-2.parquet,1
uhs18_1247--udt17294,parquet_commercial_202512_comm_MT,184935-2.parquet,1
uhs18_1247--udt17294,parquet_commercial_202512_comm_MT,184941-2.parquet,12
uhs18_1247--udt17294,parquet_commercial_202512_comm_MT,184942-9.parquet,1
uhs18_1247--udt17294,parquet_commercial_202512_comm_MT,184950-2.parquet,1
uhs18_1247--udt17294,parquet_commercial_202512_comm_MT,184953-9.parquet,1
uhs18_1247--udt17294,parquet_commercial_202512_comm_MT,184962-2.parquet,1
uhs18_1247--udt17294,parquet_commercial_202512_comm_MT,184983-2.parquet,4
uhs18_1247--udt17294,parquet_commercial_202512_comm_MT,185003-9.parquet,1
uhs18_1247--udt17294,parquet_commercial_202512_comm_MT,185008-9.parquet,2
uhs18_1247--udt17294,parquet_commercial_202512_comm_MT,185015-2.parquet,1
uhs18_1247--udt17294,parquet_commercial_202512_comm_MT,185025-9.parquet,1
uhs18_1247--udt17294,parquet_residential_short_202512_res_MT,101078-4.parquet,3
uhs18_1247--udt17294,parquet_residential_short_202512_res_MT,102182-4.parquet,4
uhs18_1247--udt17294,parquet_residential_short_202512_res_MT,102854-4.parquet,34
uhs18_1247--udt17294,parquet_residential_short_202512_res_MT,106657-4.parquet,14
uhs18_1247--udt17294,parquet_residential_short_202512_res_MT,108254-4.parquet,2
uhs18_1247--udt17294,parquet_residential_short_202512_res_MT,117464-4.parquet,1
uhs18_1247--udt17294,parquet_residential_short_202512_res_MT,118797-4.parquet,3
uhs18_1247--udt17294,parquet_residential_short_202512_res_MT,119073-4.parquet,4
uhs18_1247--udt17294,parquet_residential_short_202512_res_MT,121985-4.parquet,6
uhs18_1247--udt17294,parquet_residential_short_202512_res_MT,124374-4.parquet,2
uhs18_1247--udt17294,parquet_residential_short_202512_res_MT,126858-4.parquet,3
uhs18_1247--udt17294,parquet_residential_short_202512_res_MT,131145-4.parquet,12
uhs18_1247--udt17294,parquet_residential_short_202512_res_MT,136303-4.parquet,1
uhs18_1247--udt17294,parquet_residential_short_202512_res_MT,136309-4.parquet,10
uhs18_1247--udt17294,parquet_residential_short_202512_res_MT,138494-4.parquet,3
uhs18_1247--udt17294,parquet_residential_short_202512_res_MT,140071-4.parquet,7
uhs18_1247--udt17294,parquet_residential_short_202512_res_MT,142544-4.parquet,1
uhs18_1247--udt17294,parquet_residential_short_202512_res_MT,14281-4.parquet,3
uhs18_1247--udt17294,parquet_residential_short_202512_res_MT,144965-4.parquet,4
uhs18_1247--udt17294,parquet_residential_short_202512_res_MT,149272-4.parquet,3
uhs18_1247--udt17294,parquet_residential_short_202512_res_MT,153454-4.parquet,3
uhs18_1247--udt17294,parquet_residential_short_202512_res_MT,154106-4.parquet,22
uhs18_1247--udt17294,parquet_residential_short_202512_res_MT,154367-4.parquet,1
uhs18_1247--udt17294,parquet_residential_short_202512_res_MT,156849-4.parquet,2
uhs18_1247--udt17294,parquet_residential_short_202512_res_MT,157494-4.parquet,1
uhs18_1247--udt17294,parquet_residential_short_202512_res_MT,162253-4.parquet,89
uhs18_1247--udt17294,parquet_residential_short_202512_res_MT,170488-4.parquet,2
uhs18_1247--udt17294,parquet_residential_short_202512_res_MT,180039-4.parquet,4
uhs18_1247--udt17294,parquet_residential_short_202512_res_MT,182480-4.parquet,1
uhs18_1247--udt17294,parquet_residential_short_202512_res_MT,183427-4.parquet,3
uhs18_1247--udt17294,parquet_residential_short_202512_res_MT,185745-4.parquet,50
uhs18_1247--udt17294,parquet_residential_short_202512_res_MT,190447-4.parquet,1
uhs18_1247--udt17294,parquet_residential_short_202512_res_MT,201863-4.parquet,2
uhs18_1247--udt17294,parquet_residential_short_202512_res_MT,203702-4.parquet,4
uhs18_1247--udt17294,parquet_residential_short_202512_res_MT,209507-4.parquet,5
uhs18_1247--udt17294,parquet_residential_short_202512_res_MT,210194-4.parquet,28
uhs18_1247--udt17294,parquet_residential_short_202512_res_MT,210280-4.parquet,2
uhs18_1247--udt17294,parquet_residential_short_202512_res_MT,211030-4.parquet,1
uhs18_1247--udt17294,parquet_residential_short_202512_res_MT,214774-4.parquet,2
uhs18_1247--udt17294,parquet_residential_short_202512_res_MT,215981-4.parquet,5
uhs18_1247--udt17294,parquet_residential_short_202512_res_MT,216380-4.parquet,3
uhs18_1247--udt17294,parquet_residential_short_202512_res_MT,217886-4.parquet,2
uhs18_1247--udt17294,parquet_residential_short_202512_res_MT,22595-4.parquet,1
uhs18_1247--udt17294,parquet_residential_short_202512_res_MT,229622-4.parquet,2
uhs18_1247--udt17294,parquet_residential_short_202512_res_MT,234488-4.parquet,2
uhs18_1247--udt17294,parquet_residential_short_202512_res_MT,251857-4.parquet,2
uhs18_1247--udt17294,parquet_residential_short_202512_res_MT,255145-4.parquet,3
uhs18_1247--udt17294,parquet_residential_short_202512_res_MT,269841-4.parquet,1
uhs18_1247--udt17294,parquet_residential_short_202512_res_MT,271955-4.parquet,2
uhs18_1247--udt17294,parquet_residential_short_202512_res_MT,276587-4.parquet,40
uhs18_1247--udt17294,parquet_residential_short_202512_res_MT,277210-4.parquet,3
uhs18_1247--udt17294,parquet_residential_short_202512_res_MT,278604-4.parquet,18
uhs18_1247--udt17294,parquet_residential_short_202512_res_MT,305252-4.parquet,3
uhs18_1247--udt17294,parquet_residential_short_202512_res_MT,311002-4.parquet,5
uhs18_1247--udt17294,parquet_residential_short_202512_res_MT,314691-4.parquet,3
uhs18_1247--udt17294,parquet_residential_short_202512_res_MT,314702-4.parquet,3
uhs18_1247--udt17294,parquet_residential_short_202512_res_MT,316244-4.parquet,5
uhs18_1247--udt17294,parquet_residential_short_202512_res_MT,321643-4.parquet,1
uhs18_1247--udt17294,parquet_residential_short_202512_res_MT,325203-4.parquet,8
uhs18_1247--udt17294,parquet_residential_short_202512_res_MT,338150-4.parquet,11
uhs18_1247--udt17294,parquet_residential_short_202512_res_MT,339121-4.parquet,1
uhs18_1247--udt17294,parquet_residential_short_202512_res_MT,341617-4.parquet,3
uhs18_1247--udt17294,parquet_residential_short_202512_res_MT,343688-4.parquet,1
uhs18_1247--udt17294,parquet_residential_short_202512_res_MT,358611-4.parquet,2
uhs18_1247--udt17294,parquet_residential_short_202512_res_MT,370023-4.parquet,1
uhs18_1247--udt17294,parquet_residential_short_202512_res_MT,371830-4.parquet,1
uhs18_1247--udt17294,parquet_residential_short_202512_res_MT,372987-4.parquet,2
uhs18_1247--udt17294,parquet_residential_short_202512_res_MT,377168-4.parquet,1
uhs18_1247--udt17294,parquet_residential_short_202512_res_MT,393147-4.parquet,1
uhs18_1247--udt17294,parquet_residential_short_202512_res_MT,394476-4.parquet,1
uhs18_1247--udt17294,parquet_residential_short_202512_res_MT,401600-4.parquet,65
uhs18_1247--udt17294,parquet_residential_short_202512_res_MT,402646-4.parquet,1
uhs18_1247--udt17294,parquet_residential_short_202512_res_MT,405081-4.parquet,7
uhs18_1247--udt17294,parquet_residential_short_202512_res_MT,406640-4.parquet,2
uhs18_1247--udt17294,parquet_residential_short_202512_res_MT,410527-4.parquet,2
uhs18_1247--udt17294,parquet_residential_short_202512_res_MT,418448-4.parquet,2
uhs18_1247--udt17294,parquet_residential_short_202512_res_MT,42104-4.parquet,1
uhs18_1247--udt17294,parquet_residential_short_202512_res_MT,42376-4.parquet,4
uhs18_1247--udt17294,parquet_residential_short_202512_res_MT,423918-4.parquet,1
uhs18_1247--udt17294,parquet_residential_short_202512_res_MT,424723-4.parquet,9
uhs18_1247--udt17294,parquet_residential_short_202512_res_MT,427948-4.parquet,37
uhs18_1247--udt17294,parquet_residential_short_202512_res_MT,43358-4.parquet,7
uhs18_1247--udt17294,parquet_residential_short_202512_res_MT,433796-4.parquet,2
uhs18_1247--udt17294,parquet_residential_short_202512_res_MT,438998-4.parquet,3
uhs18_1247--udt17294,parquet_residential_short_202512_res_MT,449002-4.parquet,1
uhs18_1247--udt17294,parquet_residential_short_202512_res_MT,454505-4.parquet,2
uhs18_1247--udt17294,parquet_residential_short_202512_res_MT,455963-4.parquet,2
uhs18_1247--udt17294,parquet_residential_short_202512_res_MT,458883-4.parquet,2
uhs18_1247--udt17294,parquet_residential_short_202512_res_MT,466189-4.parquet,3
uhs18_1247--udt17294,parquet_residential_short_202512_res_MT,471837-4.parquet,5
uhs18_1247--udt17294,parquet_residential_short_202512_res_MT,475383-4.parquet,1
uhs18_1247--udt17294,parquet_residential_short_202512_res_MT,476793-4.parquet,9
uhs18_1247--udt17294,parquet_residential_short_202512_res_MT,481916-4.parquet,7
uhs18_1247--udt17294,parquet_residential_short_202512_res_MT,484947-4.parquet,1
uhs18_1247--udt17294,parquet_residential_short_202512_res_MT,486032-4.parquet,2
uhs18_1247--udt17294,parquet_residential_short_202512_res_MT,486410-4.parquet,14
uhs18_1247--udt17294,parquet_residential_short_202512_res_MT,486622-4.parquet,2
uhs18_1247--udt17294,parquet_residential_short_202512_res_MT,490684-4.parquet,1
uhs18_1247--udt17294,parquet_residential_short_202512_res_MT,492040-4.parquet,4
uhs18_1247--udt17294,parquet_residential_short_202512_res_MT,494052-4.parquet,12
uhs18_1247--udt17294,parquet_residential_short_202512_res_MT,494976-4.parquet,2
uhs18_1247--udt17294,parquet_residential_short_202512_res_MT,500793-4.parquet,19
uhs18_1247--udt17294,parquet_residential_short_202512_res_MT,508034-4.parquet,4
uhs18_1247--udt17294,parquet_residential_short_202512_res_MT,513358-4.parquet,1
uhs18_1247--udt17294,parquet_residential_short_202512_res_MT,514429-4.parquet,6
uhs18_1247--udt17294,parquet_residential_short_202512_res_MT,526430-4.parquet,2
uhs18_1247--udt17294,parquet_residential_short_202512_res_MT,527227-4.parquet,3
uhs18_1247--udt17294,parquet_residential_short_202512_res_MT,529425-4.parquet,28
uhs18_1247--udt17294,parquet_residential_short_202512_res_MT,535363-4.parquet,9
uhs18_1247--udt17294,parquet_residential_short_202512_res_MT,537910-4.parquet,5
uhs18_1247--udt17294,parquet_residential_short_202512_res_MT,543184-4.parquet,6
uhs18_1247--udt17294,parquet_residential_short_202512_res_MT,544168-4.parquet,3
uhs18_1247--udt17294,parquet_residential_short_202512_res_MT,548907-4.parquet,1
uhs18_1247--udt17294,parquet_residential_short_202512_res_MT,57049-4.parquet,4
uhs18_1247--udt17294,parquet_residential_short_202512_res_MT,57772-4.parquet,7
uhs18_1247--udt17294,parquet_residential_short_202512_res_MT,58337-4.parquet,5
uhs18_1247--udt17294,parquet_residential_short_202512_res_MT,63328-4.parquet,2
uhs18_1247--udt17294,parquet_residential_short_202512_res_MT,64056-4.parquet,13
uhs18_1247--udt17294,parquet_residential_short_202512_res_MT,66138-4.parquet,4
uhs18_1247--udt17294,parquet_residential_short_202512_res_MT,68619-4.parquet,1
uhs18_1247--udt17294,parquet_residential_short_202512_res_MT,81904-4.parquet,11
uhs18_1247--udt17294,parquet_residential_short_202512_res_MT,82224-4.parquet,1
uhs18_1247--udt17294,parquet_residential_short_202512_res_MT,86159-4.parquet,8
uhs18_1247--udt17294,parquet_residential_short_202512_res_MT,88623-4.parquet,1
uhs18_1247--udt17294,parquet_residential_short_202512_res_MT,90560-4.parquet,7
uhs18_1247--udt17294,parquet_residential_short_202512_res_MT,9342-4.parquet,8
uhs18_1247--udt17294,parquet_residential_short_202512_res_MT,93871-4.parquet,6
uhs18_1247--udt17294,parquet_residential_short_202512_res_MT,94199-4.parquet,4
uhs18_1247--udt17294,parquet_residential_short_202512_res_MT,97519-4.parquet,6
uhs18_1247--udt17294,parquet_residential_short_202512_res_MT,99076-4.parquet,1
uhs19_1247--udt15839,parquet_commercial_202512_comm_MT,184107-9.parquet,1
uhs19_1247--udt15839,parquet_commercial_202512_comm_MT,184258-9.parquet,1
uhs19_1247--udt15839,parquet_commercial_202512_comm_MT,184397-2.parquet,1
uhs19_1247--udt15839,parquet_commercial_202512_comm_MT,184481-9.parquet,1
uhs19_1247--udt15839,parquet_commercial_202512_comm_MT,184518-2.parquet,1
uhs19_1247--udt15839,parquet_commercial_202512_comm_MT,184735-2.parquet,1
uhs19_1247--udt15839,parquet_commercial_202512_comm_MT,184858-9.parquet,1
uhs19_1247--udt15839,parquet_commercial_202512_comm_MT,184953-9.parquet,1
uhs19_1247--udt19872,parquet_commercial_202512_comm_MT,184105-9.parquet,1
uhs19_1247--udt19872,parquet_commercial_202512_comm_MT,184108-2.parquet,8
uhs19_1247--udt19872,parquet_commercial_202512_comm_MT,184115-2.parquet,1
uhs19_1247--udt19872,parquet_commercial_202512_comm_MT,184116-2.parquet,5
uhs19_1247--udt19872,parquet_commercial_202512_comm_MT,184120-2.parquet,4
uhs19_1247--udt19872,parquet_commercial_202512_comm_MT,184123-9.parquet,1
uhs19_1247--udt19872,parquet_commercial_202512_comm_MT,184124-2.parquet,1
uhs19_1247--udt19872,parquet_commercial_202512_comm_MT,184128-2.parquet,6
uhs19_1247--udt19872,parquet_commercial_202512_comm_MT,184137-2.parquet,1
uhs19_1247--udt19872,parquet_commercial_202512_comm_MT,184147-9.parquet,1
uhs19_1247--udt19872,parquet_commercial_202512_comm_MT,184151-2.parquet,4
uhs19_1247--udt19872,parquet_commercial_202512_comm_MT,184154-2.parquet,10
uhs19_1247--udt19872,parquet_commercial_202512_comm_MT,184157-2.parquet,2
uhs19_1247--udt19872,parquet_commercial_202512_comm_MT,184182-2.parquet,1
uhs19_1247--udt19872,parquet_commercial_202512_comm_MT,184184-9.parquet,1
uhs19_1247--udt19872,parquet_commercial_202512_comm_MT,184194-9.parquet,1
uhs19_1247--udt19872,parquet_commercial_202512_comm_MT,184207-2.parquet,7
uhs19_1247--udt19872,parquet_commercial_202512_comm_MT,184220-2.parquet,4
uhs19_1247--udt19872,parquet_commercial_202512_comm_MT,184227-2.parquet,1
uhs19_1247--udt19872,parquet_commercial_202512_comm_MT,184258-9.parquet,1
uhs19_1247--udt19872,parquet_commercial_202512_comm_MT,184287-9.parquet,1
uhs19_1247--udt19872,parquet_commercial_202512_comm_MT,184288-2.parquet,5
uhs19_1247--udt19872,parquet_commercial_202512_comm_MT,184300-2.parquet,1
uhs19_1247--udt19872,parquet_commercial_202512_comm_MT,184301-9.parquet,1
uhs19_1247--udt19872,parquet_commercial_202512_comm_MT,184315-2.parquet,1
uhs19_1247--udt19872,parquet_commercial_202512_comm_MT,184323-9.parquet,2
uhs19_1247--udt19872,parquet_commercial_202512_comm_MT,184336-9.parquet,1
uhs19_1247--udt19872,parquet_commercial_202512_comm_MT,184342-9.parquet,6
uhs19_1247--udt19872,parquet_commercial_202512_comm_MT,184363-9.parquet,1
uhs19_1247--udt19872,parquet_commercial_202512_comm_MT,184365-2.parquet,3
uhs19_1247--udt19872,parquet_commercial_202512_comm_MT,184387-2.parquet,2
uhs19_1247--udt19872,parquet_commercial_202512_comm_MT,184391-9.parquet,2
uhs19_1247--udt19872,parquet_commercial_202512_comm_MT,184394-9.parquet,1
uhs19_1247--udt19872,parquet_commercial_202512_comm_MT,184397-2.parquet,2
uhs19_1247--udt19872,parquet_commercial_202512_comm_MT,184401-9.parquet,1
uhs19_1247--udt19872,parquet_commercial_202512_comm_MT,184417-2.parquet,1
uhs19_1247--udt19872,parquet_commercial_202512_comm_MT,184432-9.parquet,1
uhs19_1247--udt19872,parquet_commercial_202512_comm_MT,184433-2.parquet,2
uhs19_1247--udt19872,parquet_commercial_202512_comm_MT,184438-9.parquet,1
uhs19_1247--udt19872,parquet_commercial_202512_comm_MT,184451-2.parquet,2
uhs19_1247--udt19872,parquet_commercial_202512_comm_MT,184456-2.parquet,3
uhs19_1247--udt19872,parquet_commercial_202512_comm_MT,184471-2.parquet,2
uhs19_1247--udt19872,parquet_commercial_202512_comm_MT,184478-9.parquet,1
uhs19_1247--udt19872,parquet_commercial_202512_comm_MT,184481-9.parquet,6
uhs19_1247--udt19872,parquet_commercial_202512_comm_MT,184488-2.parquet,1
uhs19_1247--udt19872,parquet_commercial_202512_comm_MT,184508-2.parquet,1
uhs19_1247--udt19872,parquet_commercial_202512_comm_MT,184512-2.parquet,1
uhs19_1247--udt19872,parquet_commercial_202512_comm_MT,184518-2.parquet,39
uhs19_1247--udt19872,parquet_commercial_202512_comm_MT,184527-9.parquet,3
uhs19_1247--udt19872,parquet_commercial_202512_comm_MT,184544-2.parquet,2
uhs19_1247--udt19872,parquet_commercial_202512_comm_MT,184549-2.parquet,1
uhs19_1247--udt19872,parquet_commercial_202512_comm_MT,184551-9.parquet,3
uhs19_1247--udt19872,parquet_commercial_202512_comm_MT,184587-2.parquet,2
uhs19_1247--udt19872,parquet_commercial_202512_comm_MT,184596-9.parquet,6
uhs19_1247--udt19872,parquet_commercial_202512_comm_MT,184600-2.parquet,1
uhs19_1247--udt19872,parquet_commercial_202512_comm_MT,184637-9.parquet,4
uhs19_1247--udt19872,parquet_commercial_202512_comm_MT,184641-2.parquet,1
uhs19_1247--udt19872,parquet_commercial_202512_comm_MT,184652-9.parquet,4
uhs19_1247--udt19872,parquet_commercial_202512_comm_MT,184664-9.parquet,2
uhs19_1247--udt19872,parquet_commercial_202512_comm_MT,184689-9.parquet,1
uhs19_1247--udt19872,parquet_commercial_202512_comm_MT,184693-9.parquet,2
uhs19_1247--udt19872,parquet_commercial_202512_comm_MT,184700-9.parquet,3
uhs19_1247--udt19872,parquet_commercial_202512_comm_MT,184704-2.parquet,1
uhs19_1247--udt19872,parquet_commercial_202512_comm_MT,184706-2.parquet,5
uhs19_1247--udt19872,parquet_commercial_202512_comm_MT,184717-9.parquet,1
uhs19_1247--udt19872,parquet_commercial_202512_comm_MT,184718-9.parquet,1
uhs19_1247--udt19872,parquet_commercial_202512_comm_MT,184727-2.parquet,2
uhs19_1247--udt19872,parquet_commercial_202512_comm_MT,184744-9.parquet,1
uhs19_1247--udt19872,parquet_commercial_202512_comm_MT,184754-2.parquet,1
uhs19_1247--udt19872,parquet_commercial_202512_comm_MT,184763-2.parquet,1
uhs19_1247--udt19872,parquet_commercial_202512_comm_MT,184766-9.parquet,1
uhs19_1247--udt19872,parquet_commercial_202512_comm_MT,184767-2.parquet,2
uhs19_1247--udt19872,parquet_commercial_202512_comm_MT,184776-2.parquet,1
uhs19_1247--udt19872,parquet_commercial_202512_comm_MT,184793-9.parquet,6
uhs19_1247--udt19872,parquet_commercial_202512_comm_MT,184795-2.parquet,1
uhs19_1247--udt19872,parquet_commercial_202512_comm_MT,184798-9.parquet,3
uhs19_1247--udt19872,parquet_commercial_202512_comm_MT,184799-2.parquet,2
uhs19_1247--udt19872,parquet_commercial_202512_comm_MT,184805-2.parquet,1
uhs19_1247--udt19872,parquet_commercial_202512_comm_MT,184811-9.parquet,1
uhs19_1247--udt19872,parquet_commercial_202512_comm_MT,184821-9.parquet,2
uhs19_1247--udt19872,parquet_commercial_202512_comm_MT,184823-2.parquet,1
uhs19_1247--udt19872,parquet_commercial_202512_comm_MT,184844-2.parquet,1
uhs19_1247--udt19872,parquet_commercial_202512_comm_MT,184852-9.parquet,1
uhs19_1247--udt19872,parquet_commercial_202512_comm_MT,184857-9.parquet,3
uhs19_1247--udt19872,parquet_commercial_202512_comm_MT,184858-9.parquet,2
uhs19_1247--udt19872,parquet_commercial_202512_comm_MT,184874-9.parquet,1
uhs19_1247--udt19872,parquet_commercial_202512_comm_MT,184884-9.parquet,2
uhs19_1247--udt19872,parquet_commercial_202512_comm_MT,184887-2.parquet,7
uhs19_1247--udt19872,parquet_commercial_202512_comm_MT,184894-9.parquet,2
uhs19_1247--udt19872,parquet_commercial_202512_comm_MT,184897-9.parquet,1
uhs19_1247--udt19872,parquet_commercial_202512_comm_MT,184908-2.parquet,1
uhs19_1247--udt19872,parquet_commercial_202512_comm_MT,184929-2.parquet,5
uhs19_1247--udt19872,parquet_commercial_202512_comm_MT,184934-2.parquet,3
uhs19_1247--udt19872,parquet_commercial_202512_comm_MT,184935-2.parquet,3
uhs19_1247--udt19872,parquet_commercial_202512_comm_MT,184950-2.parquet,1
uhs19_1247--udt19872,parquet_commercial_202512_comm_MT,184953-9.parquet,3
uhs19_1247--udt19872,parquet_commercial_202512_comm_MT,184961-9.parquet,1
uhs19_1247--udt19872,parquet_commercial_202512_comm_MT,184983-2.parquet,2
uhs19_1247--udt19872,parquet_commercial_202512_comm_MT,184996-2.parquet,1
uhs19_1247--udt19872,parquet_commercial_202512_comm_MT,185003-9.parquet,1
uhs19_1247--udt19872,parquet_commercial_202512_comm_MT,185028-2.parquet,1
uhs19_1247--udt19872,parquet_residential_short_202512_res_MT,102854-4.parquet,22
uhs19_1247--udt19872,parquet_residential_short_202512_res_MT,106657-4.parquet,12
uhs19_1247--udt19872,parquet_residential_short_202512_res_MT,119073-4.parquet,5
uhs19_1247--udt19872,parquet_residential_short_202512_res_MT,131145-4.parquet,3
uhs19_1247--udt19872,parquet_residential_short_202512_res_MT,136309-4.parquet,10
uhs19_1247--udt19872,parquet_residential_short_202512_res_MT,140071-4.parquet,4
uhs19_1247--udt19872,parquet_residential_short_202512_res_MT,142544-4.parquet,1
uhs19_1247--udt19872,parquet_residential_short_202512_res_MT,14281-4.parquet,2
uhs19_1247--udt19872,parquet_residential_short_202512_res_MT,153454-4.parquet,1
uhs19_1247--udt19872,parquet_residential_short_202512_res_MT,154106-4.parquet,1
uhs19_1247--udt19872,parquet_residential_short_202512_res_MT,156849-4.parquet,1
uhs19_1247--udt19872,parquet_residential_short_202512_res_MT,162253-4.parquet,72
uhs19_1247--udt19872,parquet_residential_short_202512_res_MT,170488-4.parquet,2
uhs19_1247--udt19872,parquet_residential_short_202512_res_MT,180039-4.parquet,2
uhs19_1247--udt19872,parquet_residential_short_202512_res_MT,183427-4.parquet,2
uhs19_1247--udt19872,parquet_residential_short_202512_res_MT,185745-4.parquet,30
uhs19_1247--udt19872,parquet_residential_short_202512_res_MT,203702-4.parquet,6
uhs19_1247--udt19872,parquet_residential_short_202512_res_MT,209507-4.parquet,2
uhs19_1247--udt19872,parquet_residential_short_202512_res_MT,210194-4.parquet,1
uhs19_1247--udt19872,parquet_residential_short_202512_res_MT,226832-4.parquet,1
uhs19_1247--udt19872,parquet_residential_short_202512_res_MT,234488-4.parquet,1
uhs19_1247--udt19872,parquet_residential_short_202512_res_MT,239542-4.parquet,1
uhs19_1247--udt19872,parquet_residential_short_202512_res_MT,255145-4.parquet,1
uhs19_1247--udt19872,parquet_residential_short_202512_res_MT,276587-4.parquet,9
uhs19_1247--udt19872,parquet_residential_short_202512_res_MT,277210-4.parquet,1
uhs19_1247--udt19872,parquet_residential_short_202512_res_MT,278604-4.parquet,17
uhs19_1247--udt19872,parquet_residential_short_202512_res_MT,314691-4.parquet,1
uhs19_1247--udt19872,parquet_residential_short_202512_res_MT,316244-4.parquet,1
uhs19_1247--udt19872,parquet_residential_short_202512_res_MT,324393-4.parquet,1
uhs19_1247--udt19872,parquet_residential_short_202512_res_MT,325203-4.parquet,1
uhs19_1247--udt19872,parquet_residential_short_202512_res_MT,338150-4.parquet,1
uhs19_1247--udt19872,parquet_residential_short_202512_res_MT,341617-4.parquet,3
uhs19_1247--udt19872,parquet_residential_short_202512_res_MT,345764-4.parquet,1
uhs19_1247--udt19872,parquet_residential_short_202512_res_MT,370023-4.parquet,2
uhs19_1247--udt19872,parquet_residential_short_202512_res_MT,401600-4.parquet,53
uhs19_1247--udt19872,parquet_residential_short_202512_res_MT,405081-4.parquet,1
uhs19_1247--udt19872,parquet_residential_short_202512_res_MT,406640-4.parquet,9
uhs19_1247--udt19872,parquet_residential_short_202512_res_MT,410527-4.parquet,1
uhs19_1247--udt19872,parquet_residential_short_202512_res_MT,418448-4.parquet,1
uhs19_1247--udt19872,parquet_residential_short_202512_res_MT,427948-4.parquet,37
uhs19_1247--udt19872,parquet_residential_short_202512_res_MT,466189-4.parquet,5
uhs19_1247--udt19872,parquet_residential_short_202512_res_MT,470813-4.parquet,1
uhs19_1247--udt19872,parquet_residential_short_202512_res_MT,476793-4.parquet,5
uhs19_1247--udt19872,parquet_residential_short_202512_res_MT,481916-4.parquet,2
uhs19_1247--udt19872,parquet_residential_short_202512_res_MT,486410-4.parquet,1
uhs19_1247--udt19872,parquet_residential_short_202512_res_MT,492040-4.parquet,1
uhs19_1247--udt19872,parquet_residential_short_202512_res_MT,493524-4.parquet,1
uhs19_1247--udt19872,parquet_residential_short_202512_res_MT,500793-4.parquet,1
uhs19_1247--udt19872,parquet_residential_short_202512_res_MT,513358-4.parquet,3
uhs19_1247--udt19872,parquet_residential_short_202512_res_MT,527227-4.parquet,3
uhs19_1247--udt19872,parquet_residential_short_202512_res_MT,529425-4.parquet,8
uhs19_1247--udt19872,parquet_residential_short_202512_res_MT,535363-4.parquet,3
uhs19_1247--udt19872,parquet_residential_short_202512_res_MT,543184-4.parquet,4
uhs19_1247--udt19872,parquet_residential_short_202512_res_MT,57049-4.parquet,1
uhs19_1247--udt19872,parquet_residential_short_202512_res_MT,57772-4.parquet,1
uhs19_1247--udt19872,parquet_residential_short_202512_res_MT,63328-4.parquet,6
uhs19_1247--udt19872,parquet_residential_short_202512_res_MT,64056-4.parquet,4
uhs19_1247--udt19872,parquet_residential_short_202512_res_MT,66138-4.parquet,9
uhs19_1247--udt19872,parquet_residential_short_202512_res_MT,81904-4.parquet,1
uhs19_1247--udt19872,parquet_residential_short_202512_res_MT,90560-4.parquet,3
uhs19_1247--udt19872,parquet_residential_short_202512_res_MT,97519-4.parquet,5
uhs1_1247--udt15926,parquet_commercial_202512_comm_MT,184108-2.parquet,1
uhs1_1247--udt15926,parquet_commercial_202512_comm_MT,184128-2.parquet,1
uhs1_1247--udt15926,parquet_commercial_202512_comm_MT,184151-2.parquet,1
uhs1_1247--udt15926,parquet_commercial_202512_comm_MT,184207-2.parquet,2
uhs1_1247--udt15926,parquet_commercial_202512_comm_MT,184213-2.parquet,1
uhs1_1247--udt15926,parquet_commercial_202512_comm_MT,184288-2.parquet,1
uhs1_1247--udt15926,parquet_commercial_202512_comm_MT,184315-2.parquet,1
uhs1_1247--udt15926,parquet_commercial_202512_comm_MT,184433-2.parquet,3
uhs1_1247--udt15926,parquet_commercial_202512_comm_MT,184518-2.parquet,3
uhs1_1247--udt15926,parquet_commercial_202512_comm_MT,184544-2.parquet,1
uhs1_1247--udt15926,parquet_commercial_202512_comm_MT,184601-2.parquet,1
uhs1_1247--udt15926,parquet_commercial_202512_comm_MT,184612-9.parquet,1
uhs1_1247--udt15926,parquet_commercial_202512_comm_MT,184614-2.parquet,1
uhs1_1247--udt15926,parquet_commercial_202512_comm_MT,184617-2.parquet,1
uhs1_1247--udt15926,parquet_commercial_202512_comm_MT,184637-9.parquet,1
uhs1_1247--udt15926,parquet_commercial_202512_comm_MT,184683-2.parquet,1
uhs1_1247--udt15926,parquet_commercial_202512_comm_MT,184693-9.parquet,2
uhs1_1247--udt15926,parquet_commercial_202512_comm_MT,184700-9.parquet,1
uhs1_1247--udt15926,parquet_commercial_202512_comm_MT,184718-9.parquet,1
uhs1_1247--udt15926,parquet_commercial_202512_comm_MT,184746-2.parquet,1
uhs1_1247--udt15926,parquet_commercial_202512_comm_MT,184809-2.parquet,1
uhs1_1247--udt15926,parquet_commercial_202512_comm_MT,184823-2.parquet,2
uhs1_1247--udt15926,parquet_commercial_202512_comm_MT,184888-9.parquet,1
uhs1_1247--udt15926,parquet_commercial_202512_comm_MT,184942-9.parquet,1
uhs1_1247--udt15926,parquet_commercial_202512_comm_MT,184983-2.parquet,1
uhs1_1247--udt15926,parquet_commercial_202512_comm_MT,184996-2.parquet,1
uhs1_1247--udt15926,parquet_commercial_202512_comm_MT,185019-9.parquet,1
uhs1_1247--udt15926,parquet_commercial_202512_comm_MT,185020-2.parquet,1
uhs1_1247--udt15926,parquet_residential_short_202512_res_MT,102854-4.parquet,66
uhs1_1247--udt15926,parquet_residential_short_202512_res_MT,106657-4.parquet,18
uhs1_1247--udt15926,parquet_residential_short_202512_res_MT,118797-4.parquet,2
uhs1_1247--udt15926,parquet_residential_short_202512_res_MT,119073-4.parquet,7
uhs1_1247--udt15926,parquet_residential_short_202512_res_MT,126858-4.parquet,1
uhs1_1247--udt15926,parquet_residential_short_202512_res_MT,136303-4.parquet,1
uhs1_1247--udt15926,parquet_residential_short_202512_res_MT,136309-4.parquet,21
uhs1_1247--udt15926,parquet_residential_short_202512_res_MT,138494-4.parquet,8
uhs1_1247--udt15926,parquet_residential_short_202512_res_MT,140071-4.parquet,12
uhs1_1247--udt15926,parquet_residential_short_202512_res_MT,142544-4.parquet,4
uhs1_1247--udt15926,parquet_residential_short_202512_res_MT,147301-4.parquet,1
uhs1_1247--udt15926,parquet_residential_short_202512_res_MT,149272-4.parquet,1
uhs1_1247--udt15926,parquet_residential_short_202512_res_MT,153454-4.parquet,1
uhs1_1247--udt15926,parquet_residential_short_202512_res_MT,154106-4.parquet,1
uhs1_1247--udt15926,parquet_residential_short_202512_res_MT,156849-4.parquet,2
uhs1_1247--udt15926,parquet_residential_short_202512_res_MT,162253-4.parquet,130
uhs1_1247--udt15926,parquet_residential_short_202512_res_MT,16610-4.parquet,1
uhs1_1247--udt15926,parquet_residential_short_202512_res_MT,170488-4.parquet,8
uhs1_1247--udt15926,parquet_residential_short_202512_res_MT,180039-4.parquet,4
uhs1_1247--udt15926,parquet_residential_short_202512_res_MT,183427-4.parquet,2
uhs1_1247--udt15926,parquet_residential_short_202512_res_MT,185745-4.parquet,112
uhs1_1247--udt15926,parquet_residential_short_202512_res_MT,203702-4.parquet,20
uhs1_1247--udt15926,parquet_residential_short_202512_res_MT,209507-4.parquet,10
uhs1_1247--udt15926,parquet_residential_short_202512_res_MT,210194-4.parquet,1
uhs1_1247--udt15926,parquet_residential_short_202512_res_MT,216380-4.parquet,1
uhs1_1247--udt15926,parquet_residential_short_202512_res_MT,217886-4.parquet,5
uhs1_1247--udt15926,parquet_residential_short_202512_res_MT,22193-4.parquet,1
uhs1_1247--udt15926,parquet_residential_short_202512_res_MT,234488-4.parquet,4
uhs1_1247--udt15926,parquet_residential_short_202512_res_MT,239542-4.parquet,2
uhs1_1247--udt15926,parquet_residential_short_202512_res_MT,256192-4.parquet,1
uhs1_1247--udt15926,parquet_residential_short_202512_res_MT,271955-4.parquet,1
uhs1_1247--udt15926,parquet_residential_short_202512_res_MT,276587-4.parquet,16
uhs1_1247--udt15926,parquet_residential_short_202512_res_MT,277210-4.parquet,11
uhs1_1247--udt15926,parquet_residential_short_202512_res_MT,278604-4.parquet,17
uhs1_1247--udt15926,parquet_residential_short_202512_res_MT,305252-4.parquet,3
uhs1_1247--udt15926,parquet_residential_short_202512_res_MT,311002-4.parquet,7
uhs1_1247--udt15926,parquet_residential_short_202512_res_MT,314691-4.parquet,2
uhs1_1247--udt15926,parquet_residential_short_202512_res_MT,316244-4.parquet,2
uhs1_1247--udt15926,parquet_residential_short_202512_res_MT,324393-4.parquet,1
uhs1_1247--udt15926,parquet_residential_short_202512_res_MT,338150-4.parquet,5
uhs1_1247--udt15926,parquet_residential_short_202512_res_MT,341617-4.parquet,9
uhs1_1247--udt15926,parquet_residential_short_202512_res_MT,343012-4.parquet,1
uhs1_1247--udt15926,parquet_residential_short_202512_res_MT,345764-4.parquet,4
uhs1_1247--udt15926,parquet_residential_short_202512_res_MT,370023-4.parquet,2
uhs1_1247--udt15926,parquet_residential_short_202512_res_MT,372987-4.parquet,1
uhs1_1247--udt15926,parquet_residential_short_202512_res_MT,376680-4.parquet,1
uhs1_1247--udt15926,parquet_residential_short_202512_res_MT,394476-4.parquet,1
uhs1_1247--udt15926,parquet_residential_short_202512_res_MT,401600-4.parquet,129
uhs1_1247--udt15926,parquet_residential_short_202512_res_MT,405081-4.parquet,2
uhs1_1247--udt15926,parquet_residential_short_202512_res_MT,406640-4.parquet,16
uhs1_1247--udt15926,parquet_residential_short_202512_res_MT,410527-4.parquet,2
uhs1_1247--udt15926,parquet_residential_short_202512_res_MT,418448-4.parquet,1
uhs1_1247--udt15926,parquet_residential_short_202512_res_MT,42104-4.parquet,1
uhs1_1247--udt15926,parquet_residential_short_202512_res_MT,42376-4.parquet,4
uhs1_1247--udt15926,parquet_residential_short_202512_res_MT,424723-4.parquet,1
uhs1_1247--udt15926,parquet_residential_short_202512_res_MT,427948-4.parquet,94
uhs1_1247--udt15926,parquet_residential_short_202512_res_MT,43358-4.parquet,1
uhs1_1247--udt15926,parquet_residential_short_202512_res_MT,438998-4.parquet,1
uhs1_1247--udt15926,parquet_residential_short_202512_res_MT,458883-4.parquet,5
uhs1_1247--udt15926,parquet_residential_short_202512_res_MT,466189-4.parquet,13
uhs1_1247--udt15926,parquet_residential_short_202512_res_MT,468325-4.parquet,2
uhs1_1247--udt15926,parquet_residential_short_202512_res_MT,471837-4.parquet,2
uhs1_1247--udt15926,parquet_residential_short_202512_res_MT,476793-4.parquet,14
uhs1_1247--udt15926,parquet_residential_short_202512_res_MT,481916-4.parquet,9
uhs1_1247--udt15926,parquet_residential_short_202512_res_MT,484947-4.parquet,1
uhs1_1247--udt15926,parquet_residential_short_202512_res_MT,486032-4.parquet,1
uhs1_1247--udt15926,parquet_residential_short_202512_res_MT,486410-4.parquet,2
uhs1_1247--udt15926,parquet_residential_short_202512_res_MT,490684-4.parquet,2
uhs1_1247--udt15926,parquet_residential_short_202512_res_MT,492040-4.parquet,2
uhs1_1247--udt15926,parquet_residential_short_202512_res_MT,493524-4.parquet,6
uhs1_1247--udt15926,parquet_residential_short_202512_res_MT,494052-4.parquet,1
uhs1_1247--udt15926,parquet_residential_short_202512_res_MT,500436-4.parquet,1
uhs1_1247--udt15926,parquet_residential_short_202512_res_MT,500793-4.parquet,3
uhs1_1247--udt15926,parquet_residential_short_202512_res_MT,503397-4.parquet,1
uhs1_1247--udt15926,parquet_residential_short_202512_res_MT,508034-4.parquet,3
uhs1_1247--udt15926,parquet_residential_short_202512_res_MT,513358-4.parquet,5
uhs1_1247--udt15926,parquet_residential_short_202512_res_MT,514429-4.parquet,4
uhs1_1247--udt15926,parquet_residential_short_202512_res_MT,527227-4.parquet,8
uhs1_1247--udt15926,parquet_residential_short_202512_res_MT,529425-4.parquet,8
uhs1_1247--udt15926,parquet_residential_short_202512_res_MT,535363-4.parquet,13
uhs1_1247--udt15926,parquet_residential_short_202512_res_MT,537910-4.parquet,1
uhs1_1247--udt15926,parquet_residential_short_202512_res_MT,543184-4.parquet,17
uhs1_1247--udt15926,parquet_residential_short_202512_res_MT,57049-4.parquet,5
uhs1_1247--udt15926,parquet_residential_short_202512_res_MT,57772-4.parquet,14
uhs1_1247--udt15926,parquet_residential_short_202512_res_MT,63328-4.parquet,6
uhs1_1247--udt15926,parquet_residential_short_202512_res_MT,64056-4.parquet,6
uhs1_1247--udt15926,parquet_residential_short_202512_res_MT,81904-4.parquet,1
uhs1_1247--udt15926,parquet_residential_short_202512_res_MT,86159-4.parquet,1
uhs1_1247--udt15926,parquet_residential_short_202512_res_MT,88623-4.parquet,1
uhs1_1247--udt15926,parquet_residential_short_202512_res_MT,90560-4.parquet,3
uhs1_1247--udt15926,parquet_residential_short_202512_res_MT,93871-4.parquet,1
uhs1_1247--udt15926,parquet_residential_short_202512_res_MT,97519-4.parquet,4
uhs1_1247--udt15926,parquet_residential_short_202512_res_MT,99076-4.parquet,3
uhs1_1247--udt20176,parquet_commercial_202512_comm_MT,184105-9.parquet,1
uhs1_1247--udt20176,parquet_commercial_202512_comm_MT,184108-2.parquet,1
uhs1_1247--udt20176,parquet_commercial_202512_comm_MT,184116-2.parquet,12
uhs1_1247--udt20176,parquet_commercial_202512_comm_MT,184128-2.parquet,1
uhs1_1247--udt20176,parquet_commercial_202512_comm_MT,184147-9.parquet,7
uhs1_1247--udt20176,parquet_commercial_202512_comm_MT,184154-2.parquet,2
uhs1_1247--udt20176,parquet_commercial_202512_comm_MT,184179-9.parquet,1
uhs1_1247--udt20176,parquet_commercial_202512_comm_MT,184202-2.parquet,1
uhs1_1247--udt20176,parquet_commercial_202512_comm_MT,184207-2.parquet,1
uhs1_1247--udt20176,parquet_commercial_202512_comm_MT,184220-2.parquet,18
uhs1_1247--udt20176,parquet_commercial_202512_comm_MT,184223-2.parquet,1
uhs1_1247--udt20176,parquet_commercial_202512_comm_MT,184241-9.parquet,1
uhs1_1247--udt20176,parquet_commercial_202512_comm_MT,184288-2.parquet,2
uhs1_1247--udt20176,parquet_commercial_202512_comm_MT,184313-2.parquet,2
uhs1_1247--udt20176,parquet_commercial_202512_comm_MT,184315-2.parquet,5
uhs1_1247--udt20176,parquet_commercial_202512_comm_MT,184342-9.parquet,1
uhs1_1247--udt20176,parquet_commercial_202512_comm_MT,184358-9.parquet,1
uhs1_1247--udt20176,parquet_commercial_202512_comm_MT,184387-2.parquet,1
uhs1_1247--udt20176,parquet_commercial_202512_comm_MT,184391-9.parquet,1
uhs1_1247--udt20176,parquet_commercial_202512_comm_MT,184413-2.parquet,1
uhs1_1247--udt20176,parquet_commercial_202512_comm_MT,184433-2.parquet,9
uhs1_1247--udt20176,parquet_commercial_202512_comm_MT,184438-9.parquet,4
uhs1_1247--udt20176,parquet_commercial_202512_comm_MT,184478-9.parquet,1
uhs1_1247--udt20176,parquet_commercial_202512_comm_MT,184481-9.parquet,4
uhs1_1247--udt20176,parquet_commercial_202512_comm_MT,184492-2.parquet,3
uhs1_1247--udt20176,parquet_commercial_202512_comm_MT,184508-2.parquet,1
uhs1_1247--udt20176,parquet_commercial_202512_comm_MT,184510-2.parquet,1
uhs1_1247--udt20176,parquet_commercial_202512_comm_MT,184512-2.parquet,1
uhs1_1247--udt20176,parquet_commercial_202512_comm_MT,184518-2.parquet,13
uhs1_1247--udt20176,parquet_commercial_202512_comm_MT,184527-9.parquet,1
uhs1_1247--udt20176,parquet_commercial_202512_comm_MT,184544-2.parquet,1
uhs1_1247--udt20176,parquet_commercial_202512_comm_MT,184551-9.parquet,2
uhs1_1247--udt20176,parquet_commercial_202512_comm_MT,184586-9.parquet,2
uhs1_1247--udt20176,parquet_commercial_202512_comm_MT,184587-2.parquet,1
uhs1_1247--udt20176,parquet_commercial_202512_comm_MT,184596-9.parquet,2
uhs1_1247--udt20176,parquet_commercial_202512_comm_MT,184616-2.parquet,1
uhs1_1247--udt20176,parquet_commercial_202512_comm_MT,184617-2.parquet,2
uhs1_1247--udt20176,parquet_commercial_202512_comm_MT,184623-9.parquet,1
uhs1_1247--udt20176,parquet_commercial_202512_comm_MT,184693-9.parquet,2
uhs1_1247--udt20176,parquet_commercial_202512_comm_MT,184700-9.parquet,46
uhs1_1247--udt20176,parquet_commercial_202512_comm_MT,184706-2.parquet,1
uhs1_1247--udt20176,parquet_commercial_202512_comm_MT,184717-9.parquet,10
uhs1_1247--udt20176,parquet_commercial_202512_comm_MT,184727-2.parquet,1
uhs1_1247--udt20176,parquet_commercial_202512_comm_MT,184763-2.parquet,2
uhs1_1247--udt20176,parquet_commercial_202512_comm_MT,184772-2.parquet,2
uhs1_1247--udt20176,parquet_commercial_202512_comm_MT,184793-9.parquet,1
uhs1_1247--udt20176,parquet_commercial_202512_comm_MT,184797-2.parquet,1
uhs1_1247--udt20176,parquet_commercial_202512_comm_MT,184811-9.parquet,1
uhs1_1247--udt20176,parquet_commercial_202512_comm_MT,184823-2.parquet,2
uhs1_1247--udt20176,parquet_commercial_202512_comm_MT,184831-9.parquet,7
uhs1_1247--udt20176,parquet_commercial_202512_comm_MT,184846-2.parquet,1
uhs1_1247--udt20176,parquet_commercial_202512_comm_MT,184857-9.parquet,2
uhs1_1247--udt20176,parquet_commercial_202512_comm_MT,184858-9.parquet,1
uhs1_1247--udt20176,parquet_commercial_202512_comm_MT,184872-2.parquet,1
uhs1_1247--udt20176,parquet_commercial_202512_comm_MT,184888-9.parquet,1
uhs1_1247--udt20176,parquet_commercial_202512_comm_MT,184894-9.parquet,2
uhs1_1247--udt20176,parquet_commercial_202512_comm_MT,184920-2.parquet,1
uhs1_1247--udt20176,parquet_commercial_202512_comm_MT,184929-2.parquet,1
uhs1_1247--udt20176,parquet_commercial_202512_comm_MT,184953-9.parquet,2
uhs1_1247--udt20176,parquet_commercial_202512_comm_MT,184954-2.parquet,1
uhs1_1247--udt20176,parquet_commercial_202512_comm_MT,185003-9.parquet,1
uhs1_1247--udt20176,parquet_commercial_202512_comm_MT,185005-9.parquet,1
uhs1_1247--udt20176,parquet_commercial_202512_comm_MT,185010-2.parquet,1
uhs1_1247--udt20176,parquet_commercial_202512_comm_MT,185025-9.parquet,2
uhs1_1247--udt20176,parquet_residential_short_202512_res_MT,102854-4.parquet,78
uhs1_1247--udt20176,parquet_residential_short_202512_res_MT,106657-4.parquet,37
uhs1_1247--udt20176,parquet_residential_short_202512_res_MT,108254-4.parquet,1
uhs1_1247--udt20176,parquet_residential_short_202512_res_MT,110662-4.parquet,1
uhs1_1247--udt20176,parquet_residential_short_202512_res_MT,117464-4.parquet,1
uhs1_1247--udt20176,parquet_residential_short_202512_res_MT,118797-4.parquet,6
uhs1_1247--udt20176,parquet_residential_short_202512_res_MT,119073-4.parquet,22
uhs1_1247--udt20176,parquet_residential_short_202512_res_MT,121985-4.parquet,4
uhs1_1247--udt20176,parquet_residential_short_202512_res_MT,126858-4.parquet,1
uhs1_1247--udt20176,parquet_residential_short_202512_res_MT,131145-4.parquet,7
uhs1_1247--udt20176,parquet_residential_short_202512_res_MT,136309-4.parquet,38
uhs1_1247--udt20176,parquet_residential_short_202512_res_MT,138494-4.parquet,8
uhs1_1247--udt20176,parquet_residential_short_202512_res_MT,140071-4.parquet,14
uhs1_1247--udt20176,parquet_residential_short_202512_res_MT,142544-4.parquet,4
uhs1_1247--udt20176,parquet_residential_short_202512_res_MT,14281-4.parquet,4
uhs1_1247--udt20176,parquet_residential_short_202512_res_MT,153454-4.parquet,7
uhs1_1247--udt20176,parquet_residential_short_202512_res_MT,154106-4.parquet,6
uhs1_1247--udt20176,parquet_residential_short_202512_res_MT,154367-4.parquet,1
uhs1_1247--udt20176,parquet_residential_short_202512_res_MT,162253-4.parquet,292
uhs1_1247--udt20176,parquet_residential_short_202512_res_MT,16610-4.parquet,2
uhs1_1247--udt20176,parquet_residential_short_202512_res_MT,170488-4.parquet,11
uhs1_1247--udt20176,parquet_residential_short_202512_res_MT,172290-4.parquet,1
uhs1_1247--udt20176,parquet_residential_short_202512_res_MT,180039-4.parquet,8
uhs1_1247--udt20176,parquet_residential_short_202512_res_MT,183427-4.parquet,2
uhs1_1247--udt20176,parquet_residential_short_202512_res_MT,185745-4.parquet,177
uhs1_1247--udt20176,parquet_residential_short_202512_res_MT,201863-4.parquet,1
uhs1_1247--udt20176,parquet_residential_short_202512_res_MT,203702-4.parquet,26
uhs1_1247--udt20176,parquet_residential_short_202512_res_MT,20806-4.parquet,9
uhs1_1247--udt20176,parquet_residential_short_202512_res_MT,209507-4.parquet,23
uhs1_1247--udt20176,parquet_residential_short_202512_res_MT,210194-4.parquet,4
uhs1_1247--udt20176,parquet_residential_short_202512_res_MT,234488-4.parquet,7
uhs1_1247--udt20176,parquet_residential_short_202512_res_MT,239542-4.parquet,1
uhs1_1247--udt20176,parquet_residential_short_202512_res_MT,255145-4.parquet,5
uhs1_1247--udt20176,parquet_residential_short_202512_res_MT,264067-4.parquet,1
uhs1_1247--udt20176,parquet_residential_short_202512_res_MT,271955-4.parquet,3
uhs1_1247--udt20176,parquet_residential_short_202512_res_MT,276587-4.parquet,34
uhs1_1247--udt20176,parquet_residential_short_202512_res_MT,277210-4.parquet,7
uhs1_1247--udt20176,parquet_residential_short_202512_res_MT,278604-4.parquet,52
uhs1_1247--udt20176,parquet_residential_short_202512_res_MT,27882-4.parquet,9
uhs1_1247--udt20176,parquet_residential_short_202512_res_MT,305252-4.parquet,8
uhs1_1247--udt20176,parquet_residential_short_202512_res_MT,311002-4.parquet,6
uhs1_1247--udt20176,parquet_residential_short_202512_res_MT,314691-4.parquet,6
uhs1_1247--udt20176,parquet_residential_short_202512_res_MT,316244-4.parquet,8
uhs1_1247--udt20176,parquet_residential_short_202512_res_MT,321643-4.parquet,1
uhs1_1247--udt20176,parquet_residential_short_202512_res_MT,324393-4.parquet,1
uhs1_1247--udt20176,parquet_residential_short_202512_res_MT,325203-4.parquet,2
uhs1_1247--udt20176,parquet_residential_short_202512_res_MT,338150-4.parquet,2
uhs1_1247--udt20176,parquet_residential_short_202512_res_MT,338628-4.parquet,3
uhs1_1247--udt20176,parquet_residential_short_202512_res_MT,341215-4.parquet,3
uhs1_1247--udt20176,parquet_residential_short_202512_res_MT,341617-4.parquet,6
uhs1_1247--udt20176,parquet_residential_short_202512_res_MT,343215-4.parquet,1
uhs1_1247--udt20176,parquet_residential_short_202512_res_MT,343688-4.parquet,2
uhs1_1247--udt20176,parquet_residential_short_202512_res_MT,345764-4.parquet,4
uhs1_1247--udt20176,parquet_residential_short_202512_res_MT,370023-4.parquet,7
uhs1_1247--udt20176,parquet_residential_short_202512_res_MT,372987-4.parquet,1
uhs1_1247--udt20176,parquet_residential_short_202512_res_MT,392513-4.parquet,1
uhs1_1247--udt20176,parquet_residential_short_202512_res_MT,394476-4.parquet,1
uhs1_1247--udt20176,parquet_residential_short_202512_res_MT,401600-4.parquet,163
uhs1_1247--udt20176,parquet_residential_short_202512_res_MT,402646-4.parquet,1
uhs1_1247--udt20176,parquet_residential_short_202512_res_MT,405081-4.parquet,3
uhs1_1247--udt20176,parquet_residential_short_202512_res_MT,406640-4.parquet,18
uhs1_1247--udt20176,parquet_residential_short_202512_res_MT,410527-4.parquet,3
uhs1_1247--udt20176,parquet_residential_short_202512_res_MT,418448-4.parquet,7
uhs1_1247--udt20176,parquet_residential_short_202512_res_MT,42376-4.parquet,14
uhs1_1247--udt20176,parquet_residential_short_202512_res_MT,424723-4.parquet,1
uhs1_1247--udt20176,parquet_residential_short_202512_res_MT,427948-4.parquet,119
uhs1_1247--udt20176,parquet_residential_short_202512_res_MT,43358-4.parquet,1
uhs1_1247--udt20176,parquet_residential_short_202512_res_MT,437679-4.parquet,1
uhs1_1247--udt20176,parquet_residential_short_202512_res_MT,454967-4.parquet,1
uhs1_1247--udt20176,parquet_residential_short_202512_res_MT,458883-4.parquet,4
uhs1_1247--udt20176,parquet_residential_short_202512_res_MT,464253-4.parquet,1
uhs1_1247--udt20176,parquet_residential_short_202512_res_MT,466189-4.parquet,16
uhs1_1247--udt20176,parquet_residential_short_202512_res_MT,468325-4.parquet,1
uhs1_1247--udt20176,parquet_residential_short_202512_res_MT,471837-4.parquet,4
uhs1_1247--udt20176,parquet_residential_short_202512_res_MT,476793-4.parquet,17
uhs1_1247--udt20176,parquet_residential_short_202512_res_MT,481916-4.parquet,15
uhs1_1247--udt20176,parquet_residential_short_202512_res_MT,484947-4.parquet,2
uhs1_1247--udt20176,parquet_residential_short_202512_res_MT,486032-4.parquet,1
uhs1_1247--udt20176,parquet_residential_short_202512_res_MT,486410-4.parquet,4
uhs1_1247--udt20176,parquet_residential_short_202512_res_MT,486622-4.parquet,1
uhs1_1247--udt20176,parquet_residential_short_202512_res_MT,489576-4.parquet,1
uhs1_1247--udt20176,parquet_residential_short_202512_res_MT,490684-4.parquet,9
uhs1_1247--udt20176,parquet_residential_short_202512_res_MT,492040-4.parquet,3
uhs1_1247--udt20176,parquet_residential_short_202512_res_MT,493524-4.parquet,7
uhs1_1247--udt20176,parquet_residential_short_202512_res_MT,494976-4.parquet,10
uhs1_1247--udt20176,parquet_residential_short_202512_res_MT,500793-4.parquet,7
uhs1_1247--udt20176,parquet_residential_short_202512_res_MT,508034-4.parquet,7
uhs1_1247--udt20176,parquet_residential_short_202512_res_MT,513358-4.parquet,2
uhs1_1247--udt20176,parquet_residential_short_202512_res_MT,514429-4.parquet,10
uhs1_1247--udt20176,parquet_residential_short_202512_res_MT,527227-4.parquet,8
uhs1_1247--udt20176,parquet_residential_short_202512_res_MT,529425-4.parquet,52
uhs1_1247--udt20176,parquet_residential_short_202512_res_MT,535363-4.parquet,11
uhs1_1247--udt20176,parquet_residential_short_202512_res_MT,537910-4.parquet,1
uhs1_1247--udt20176,parquet_residential_short_202512_res_MT,543184-4.parquet,18
uhs1_1247--udt20176,parquet_residential_short_202512_res_MT,544168-4.parquet,1
uhs1_1247--udt20176,parquet_residential_short_202512_res_MT,57049-4.parquet,3
uhs1_1247--udt20176,parquet_residential_short_202512_res_MT,57772-4.parquet,13
uhs1_1247--udt20176,parquet_residential_short_202512_res_MT,58337-4.parquet,1
uhs1_1247--udt20176,parquet_residential_short_202512_res_MT,63328-4.parquet,8
uhs1_1247--udt20176,parquet_residential_short_202512_res_MT,64056-4.parquet,12
uhs1_1247--udt20176,parquet_residential_short_202512_res_MT,66138-4.parquet,7
uhs1_1247--udt20176,parquet_residential_short_202512_res_MT,81904-4.parquet,1
uhs1_1247--udt20176,parquet_residential_short_202512_res_MT,86159-4.parquet,4
uhs1_1247--udt20176,parquet_residential_short_202512_res_MT,90560-4.parquet,6
uhs1_1247--udt20176,parquet_residential_short_202512_res_MT,93871-4.parquet,3
uhs1_1247--udt20176,parquet_residential_short_202512_res_MT,94199-4.parquet,1
uhs1_1247--udt20176,parquet_residential_short_202512_res_MT,97519-4.parquet,8
uhs1_1247--udt20176,parquet_residential_short_202512_res_MT,99076-4.parquet,1
uhs20_1247--udt5173,parquet_commercial_202512_comm_MT,184116-2.parquet,1
uhs20_1247--udt5173,parquet_commercial_202512_comm_MT,184124-2.parquet,1
uhs20_1247--udt5173,parquet_commercial_202512_comm_MT,184131-2.parquet,9
uhs20_1247--udt5173,parquet_commercial_202512_comm_MT,184182-2.parquet,3
uhs20_1247--udt5173,parquet_commercial_202512_comm_MT,184217-2.parquet,1
uhs20_1247--udt5173,parquet_commercial_202512_comm_MT,184223-2.parquet,1
uhs20_1247--udt5173,parquet_commercial_202512_comm_MT,184234-2.parquet,1
uhs20_1247--udt5173,parquet_commercial_202512_comm_MT,184291-9.parquet,1
uhs20_1247--udt5173,parquet_commercial_202512_comm_MT,184433-2.parquet,1
uhs20_1247--udt5173,parquet_commercial_202512_comm_MT,184508-2.parquet,3
uhs20_1247--udt5173,parquet_commercial_202512_comm_MT,184518-2.parquet,1
uhs20_1247--udt5173,parquet_commercial_202512_comm_MT,184549-2.parquet,1
uhs20_1247--udt5173,parquet_commercial_202512_comm_MT,184623-9.parquet,1
uhs20_1247--udt5173,parquet_commercial_202512_comm_MT,184683-2.parquet,1
uhs20_1247--udt5173,parquet_commercial_202512_comm_MT,184693-9.parquet,1
uhs20_1247--udt5173,parquet_commercial_202512_comm_MT,184727-2.parquet,1
uhs20_1247--udt5173,parquet_commercial_202512_comm_MT,184776-2.parquet,3
uhs20_1247--udt5173,parquet_commercial_202512_comm_MT,184809-2.parquet,1
uhs20_1247--udt5173,parquet_commercial_202512_comm_MT,184821-9.parquet,1
uhs20_1247--udt5173,parquet_commercial_202512_comm_MT,184929-2.parquet,1
uhs20_1247--udt5173,parquet_commercial_202512_comm_MT,184968-2.parquet,1
uhs20_1247--udt5173,parquet_commercial_202512_comm_MT,185005-9.parquet,1
uhs20_1247--udt5173,parquet_commercial_202512_comm_MT,185019-9.parquet,1
uhs20_1247--udt5173,parquet_commercial_202512_comm_MT,185025-9.parquet,1
uhs20_1247--udt5173,parquet_residential_short_202512_res_MT,102182-4.parquet,5
uhs20_1247--udt5173,parquet_residential_short_202512_res_MT,102854-4.parquet,28
uhs20_1247--udt5173,parquet_residential_short_202512_res_MT,106657-4.parquet,9
uhs20_1247--udt5173,parquet_residential_short_202512_res_MT,119073-4.parquet,2
uhs20_1247--udt5173,parquet_residential_short_202512_res_MT,126858-4.parquet,12
uhs20_1247--udt5173,parquet_residential_short_202512_res_MT,131145-4.parquet,34
uhs20_1247--udt5173,parquet_residential_short_202512_res_MT,136303-4.parquet,3
uhs20_1247--udt5173,parquet_residential_short_202512_res_MT,136309-4.parquet,1
uhs20_1247--udt5173,parquet_residential_short_202512_res_MT,138494-4.parquet,7
uhs20_1247--udt5173,parquet_residential_short_202512_res_MT,140071-4.parquet,3
uhs20_1247--udt5173,parquet_residential_short_202512_res_MT,142544-4.parquet,1
uhs20_1247--udt5173,parquet_residential_short_202512_res_MT,144965-4.parquet,4
uhs20_1247--udt5173,parquet_residential_short_202512_res_MT,149272-4.parquet,2
uhs20_1247--udt5173,parquet_residential_short_202512_res_MT,154106-4.parquet,75
uhs20_1247--udt5173,parquet_residential_short_202512_res_MT,154367-4.parquet,2
uhs20_1247--udt5173,parquet_residential_short_202512_res_MT,158072-4.parquet,3
uhs20_1247--udt5173,parquet_residential_short_202512_res_MT,162253-4.parquet,13
uhs20_1247--udt5173,parquet_residential_short_202512_res_MT,180039-4.parquet,1
uhs20_1247--udt5173,parquet_residential_short_202512_res_MT,182480-4.parquet,1
uhs20_1247--udt5173,parquet_residential_short_202512_res_MT,183427-4.parquet,7
uhs20_1247--udt5173,parquet_residential_short_202512_res_MT,185745-4.parquet,2
uhs20_1247--udt5173,parquet_residential_short_202512_res_MT,200860-4.parquet,1
uhs20_1247--udt5173,parquet_residential_short_202512_res_MT,203702-4.parquet,2
uhs20_1247--udt5173,parquet_residential_short_202512_res_MT,210194-4.parquet,38
uhs20_1247--udt5173,parquet_residential_short_202512_res_MT,211030-4.parquet,3
uhs20_1247--udt5173,parquet_residential_short_202512_res_MT,22595-4.parquet,1
uhs20_1247--udt5173,parquet_residential_short_202512_res_MT,226832-4.parquet,2
uhs20_1247--udt5173,parquet_residential_short_202512_res_MT,234488-4.parquet,6
uhs20_1247--udt5173,parquet_residential_short_202512_res_MT,239542-4.parquet,1
uhs20_1247--udt5173,parquet_residential_short_202512_res_MT,276587-4.parquet,83
uhs20_1247--udt5173,parquet_residential_short_202512_res_MT,278604-4.parquet,4
uhs20_1247--udt5173,parquet_residential_short_202512_res_MT,305252-4.parquet,1
uhs20_1247--udt5173,parquet_residential_short_202512_res_MT,314691-4.parquet,4
uhs20_1247--udt5173,parquet_residential_short_202512_res_MT,321643-4.parquet,1
uhs20_1247--udt5173,parquet_residential_short_202512_res_MT,325203-4.parquet,14
uhs20_1247--udt5173,parquet_residential_short_202512_res_MT,326339-4.parquet,3
uhs20_1247--udt5173,parquet_residential_short_202512_res_MT,338150-4.parquet,14
uhs20_1247--udt5173,parquet_residential_short_202512_res_MT,341617-4.parquet,10
uhs20_1247--udt5173,parquet_residential_short_202512_res_MT,343012-4.parquet,1
uhs20_1247--udt5173,parquet_residential_short_202512_res_MT,343688-4.parquet,1
uhs20_1247--udt5173,parquet_residential_short_202512_res_MT,386807-4.parquet,2
uhs20_1247--udt5173,parquet_residential_short_202512_res_MT,401600-4.parquet,3
uhs20_1247--udt5173,parquet_residential_short_202512_res_MT,402646-4.parquet,3
uhs20_1247--udt5173,parquet_residential_short_202512_res_MT,405081-4.parquet,6
uhs20_1247--udt5173,parquet_residential_short_202512_res_MT,406640-4.parquet,1
uhs20_1247--udt5173,parquet_residential_short_202512_res_MT,410527-4.parquet,2
uhs20_1247--udt5173,parquet_residential_short_202512_res_MT,423918-4.parquet,4
uhs20_1247--udt5173,parquet_residential_short_202512_res_MT,424723-4.parquet,5
uhs20_1247--udt5173,parquet_residential_short_202512_res_MT,427948-4.parquet,10
uhs20_1247--udt5173,parquet_residential_short_202512_res_MT,43358-4.parquet,11
uhs20_1247--udt5173,parquet_residential_short_202512_res_MT,433796-4.parquet,1
uhs20_1247--udt5173,parquet_residential_short_202512_res_MT,437679-4.parquet,1
uhs20_1247--udt5173,parquet_residential_short_202512_res_MT,438998-4.parquet,4
uhs20_1247--udt5173,parquet_residential_short_202512_res_MT,445835-4.parquet,1
uhs20_1247--udt5173,parquet_residential_short_202512_res_MT,448361-4.parquet,3
uhs20_1247--udt5173,parquet_residential_short_202512_res_MT,454505-4.parquet,2
uhs20_1247--udt5173,parquet_residential_short_202512_res_MT,454967-4.parquet,1
uhs20_1247--udt5173,parquet_residential_short_202512_res_MT,464253-4.parquet,3
uhs20_1247--udt5173,parquet_residential_short_202512_res_MT,471837-4.parquet,1
uhs20_1247--udt5173,parquet_residential_short_202512_res_MT,475383-4.parquet,1
uhs20_1247--udt5173,parquet_residential_short_202512_res_MT,476793-4.parquet,17
uhs20_1247--udt5173,parquet_residential_short_202512_res_MT,481916-4.parquet,1
uhs20_1247--udt5173,parquet_residential_short_202512_res_MT,483905-4.parquet,1
uhs20_1247--udt5173,parquet_residential_short_202512_res_MT,484947-4.parquet,1
uhs20_1247--udt5173,parquet_residential_short_202512_res_MT,486410-4.parquet,43
uhs20_1247--udt5173,parquet_residential_short_202512_res_MT,486622-4.parquet,3
uhs20_1247--udt5173,parquet_residential_short_202512_res_MT,492040-4.parquet,17
uhs20_1247--udt5173,parquet_residential_short_202512_res_MT,494052-4.parquet,1
uhs20_1247--udt5173,parquet_residential_short_202512_res_MT,494976-4.parquet,2
uhs20_1247--udt5173,parquet_residential_short_202512_res_MT,500793-4.parquet,49
uhs20_1247--udt5173,parquet_residential_short_202512_res_MT,500992-4.parquet,2
uhs20_1247--udt5173,parquet_residential_short_202512_res_MT,508034-4.parquet,8
uhs20_1247--udt5173,parquet_residential_short_202512_res_MT,513565-4.parquet,1
uhs20_1247--udt5173,parquet_residential_short_202512_res_MT,526430-4.parquet,2
uhs20_1247--udt5173,parquet_residential_short_202512_res_MT,529425-4.parquet,14
uhs20_1247--udt5173,parquet_residential_short_202512_res_MT,533148-4.parquet,1
uhs20_1247--udt5173,parquet_residential_short_202512_res_MT,535363-4.parquet,4
uhs20_1247--udt5173,parquet_residential_short_202512_res_MT,537910-4.parquet,9
uhs20_1247--udt5173,parquet_residential_short_202512_res_MT,543184-4.parquet,8
uhs20_1247--udt5173,parquet_residential_short_202512_res_MT,57772-4.parquet,2
uhs20_1247--udt5173,parquet_residential_short_202512_res_MT,58337-4.parquet,4
uhs20_1247--udt5173,parquet_residential_short_202512_res_MT,63328-4.parquet,5
uhs20_1247--udt5173,parquet_residential_short_202512_res_MT,64056-4.parquet,5
uhs20_1247--udt5173,parquet_residential_short_202512_res_MT,81904-4.parquet,34
uhs20_1247--udt5173,parquet_residential_short_202512_res_MT,86159-4.parquet,19
uhs20_1247--udt5173,parquet_residential_short_202512_res_MT,88623-4.parquet,1
uhs20_1247--udt5173,parquet_residential_short_202512_res_MT,90560-4.parquet,9
uhs20_1247--udt5173,parquet_residential_short_202512_res_MT,9342-4.parquet,11
uhs20_1247--udt5173,parquet_residential_short_202512_res_MT,93871-4.parquet,2
uhs20_1247--udt8894,parquet_commercial_202512_comm_MT,184147-9.parquet,1
uhs20_1247--udt8894,parquet_commercial_202512_comm_MT,184168-9.parquet,1
uhs20_1247--udt8894,parquet_commercial_202512_comm_MT,184179-9.parquet,1
uhs20_1247--udt8894,parquet_commercial_202512_comm_MT,184202-2.parquet,1
uhs20_1247--udt8894,parquet_commercial_202512_comm_MT,184217-2.parquet,1
uhs20_1247--udt8894,parquet_commercial_202512_comm_MT,184220-2.parquet,3
uhs20_1247--udt8894,parquet_commercial_202512_comm_MT,184261-2.parquet,1
uhs20_1247--udt8894,parquet_commercial_202512_comm_MT,184300-2.parquet,1
uhs20_1247--udt8894,parquet_commercial_202512_comm_MT,184315-2.parquet,3
uhs20_1247--udt8894,parquet_commercial_202512_comm_MT,184394-9.parquet,1
uhs20_1247--udt8894,parquet_commercial_202512_comm_MT,184433-2.parquet,3
uhs20_1247--udt8894,parquet_commercial_202512_comm_MT,184438-9.parquet,2
uhs20_1247--udt8894,parquet_commercial_202512_comm_MT,184637-9.parquet,1
uhs20_1247--udt8894,parquet_commercial_202512_comm_MT,184654-2.parquet,1
uhs20_1247--udt8894,parquet_commercial_202512_comm_MT,184700-9.parquet,1
uhs20_1247--udt8894,parquet_commercial_202512_comm_MT,184717-9.parquet,1
uhs20_1247--udt8894,parquet_commercial_202512_comm_MT,184718-9.parquet,1
uhs20_1247--udt8894,parquet_commercial_202512_comm_MT,184823-2.parquet,1
uhs20_1247--udt8894,parquet_commercial_202512_comm_MT,184831-9.parquet,1
uhs20_1247--udt8894,parquet_commercial_202512_comm_MT,184888-9.parquet,1
uhs20_1247--udt8894,parquet_commercial_202512_comm_MT,184942-9.parquet,2
uhs20_1247--udt8894,parquet_commercial_202512_comm_MT,184983-2.parquet,1
uhs20_1247--udt8894,parquet_residential_short_202512_res_MT,102182-4.parquet,1
uhs20_1247--udt8894,parquet_residential_short_202512_res_MT,102854-4.parquet,79
uhs20_1247--udt8894,parquet_residential_short_202512_res_MT,106657-4.parquet,20
uhs20_1247--udt8894,parquet_residential_short_202512_res_MT,117464-4.parquet,2
uhs20_1247--udt8894,parquet_residential_short_202512_res_MT,118797-4.parquet,2
uhs20_1247--udt8894,parquet_residential_short_202512_res_MT,119073-4.parquet,6
uhs20_1247--udt8894,parquet_residential_short_202512_res_MT,131145-4.parquet,3
uhs20_1247--udt8894,parquet_residential_short_202512_res_MT,136309-4.parquet,13
uhs20_1247--udt8894,parquet_residential_short_202512_res_MT,138494-4.parquet,8
uhs20_1247--udt8894,parquet_residential_short_202512_res_MT,140071-4.parquet,6
uhs20_1247--udt8894,parquet_residential_short_202512_res_MT,142544-4.parquet,1
uhs20_1247--udt8894,parquet_residential_short_202512_res_MT,14281-4.parquet,1
uhs20_1247--udt8894,parquet_residential_short_202512_res_MT,153454-4.parquet,1
uhs20_1247--udt8894,parquet_residential_short_202512_res_MT,154106-4.parquet,2
uhs20_1247--udt8894,parquet_residential_short_202512_res_MT,154367-4.parquet,3
uhs20_1247--udt8894,parquet_residential_short_202512_res_MT,158072-4.parquet,1
uhs20_1247--udt8894,parquet_residential_short_202512_res_MT,162253-4.parquet,110
uhs20_1247--udt8894,parquet_residential_short_202512_res_MT,170488-4.parquet,3
uhs20_1247--udt8894,parquet_residential_short_202512_res_MT,180039-4.parquet,1
uhs20_1247--udt8894,parquet_residential_short_202512_res_MT,183427-4.parquet,2
uhs20_1247--udt8894,parquet_residential_short_202512_res_MT,185745-4.parquet,89
uhs20_1247--udt8894,parquet_residential_short_202512_res_MT,203702-4.parquet,9
uhs20_1247--udt8894,parquet_residential_short_202512_res_MT,209507-4.parquet,6
uhs20_1247--udt8894,parquet_residential_short_202512_res_MT,210194-4.parquet,2
uhs20_1247--udt8894,parquet_residential_short_202512_res_MT,211030-4.parquet,3
uhs20_1247--udt8894,parquet_residential_short_202512_res_MT,217886-4.parquet,3
uhs20_1247--udt8894,parquet_residential_short_202512_res_MT,229622-4.parquet,1
uhs20_1247--udt8894,parquet_residential_short_202512_res_MT,234488-4.parquet,2
uhs20_1247--udt8894,parquet_residential_short_202512_res_MT,239542-4.parquet,1
uhs20_1247--udt8894,parquet_residential_short_202512_res_MT,255145-4.parquet,1
uhs20_1247--udt8894,parquet_residential_short_202512_res_MT,271955-4.parquet,1
uhs20_1247--udt8894,parquet_residential_short_202512_res_MT,276587-4.parquet,81
uhs20_1247--udt8894,parquet_residential_short_202512_res_MT,277210-4.parquet,5
uhs20_1247--udt8894,parquet_residential_short_202512_res_MT,278604-4.parquet,26
uhs20_1247--udt8894,parquet_residential_short_202512_res_MT,305252-4.parquet,4
uhs20_1247--udt8894,parquet_residential_short_202512_res_MT,311002-4.parquet,2
uhs20_1247--udt8894,parquet_residential_short_202512_res_MT,314691-4.parquet,3
uhs20_1247--udt8894,parquet_residential_short_202512_res_MT,316244-4.parquet,1
uhs20_1247--udt8894,parquet_residential_short_202512_res_MT,321643-4.parquet,1
uhs20_1247--udt8894,parquet_residential_short_202512_res_MT,325203-4.parquet,2
uhs20_1247--udt8894,parquet_residential_short_202512_res_MT,338150-4.parquet,7
uhs20_1247--udt8894,parquet_residential_short_202512_res_MT,341215-4.parquet,1
uhs20_1247--udt8894,parquet_residential_short_202512_res_MT,341617-4.parquet,5
uhs20_1247--udt8894,parquet_residential_short_202512_res_MT,345764-4.parquet,3
uhs20_1247--udt8894,parquet_residential_short_202512_res_MT,370023-4.parquet,2
uhs20_1247--udt8894,parquet_residential_short_202512_res_MT,401600-4.parquet,79
uhs20_1247--udt8894,parquet_residential_short_202512_res_MT,402646-4.parquet,3
uhs20_1247--udt8894,parquet_residential_short_202512_res_MT,405081-4.parquet,1
uhs20_1247--udt8894,parquet_residential_short_202512_res_MT,406640-4.parquet,10
uhs20_1247--udt8894,parquet_residential_short_202512_res_MT,410527-4.parquet,2
uhs20_1247--udt8894,parquet_residential_short_202512_res_MT,418448-4.parquet,2
uhs20_1247--udt8894,parquet_residential_short_202512_res_MT,42376-4.parquet,2
uhs20_1247--udt8894,parquet_residential_short_202512_res_MT,424723-4.parquet,1
uhs20_1247--udt8894,parquet_residential_short_202512_res_MT,427948-4.parquet,49
uhs20_1247--udt8894,parquet_residential_short_202512_res_MT,437679-4.parquet,2
uhs20_1247--udt8894,parquet_residential_short_202512_res_MT,448361-4.parquet,1
uhs20_1247--udt8894,parquet_residential_short_202512_res_MT,454505-4.parquet,1
uhs20_1247--udt8894,parquet_residential_short_202512_res_MT,458883-4.parquet,2
uhs20_1247--udt8894,parquet_residential_short_202512_res_MT,466189-4.parquet,5
uhs20_1247--udt8894,parquet_residential_short_202512_res_MT,470813-4.parquet,1
uhs20_1247--udt8894,parquet_residential_short_202512_res_MT,475383-4.parquet,2
uhs20_1247--udt8894,parquet_residential_short_202512_res_MT,476793-4.parquet,11
uhs20_1247--udt8894,parquet_residential_short_202512_res_MT,481916-4.parquet,4
uhs20_1247--udt8894,parquet_residential_short_202512_res_MT,486410-4.parquet,10
uhs20_1247--udt8894,parquet_residential_short_202512_res_MT,486622-4.parquet,2
uhs20_1247--udt8894,parquet_residential_short_202512_res_MT,490684-4.parquet,4
uhs20_1247--udt8894,parquet_residential_short_202512_res_MT,492040-4.parquet,4
uhs20_1247--udt8894,parquet_residential_short_202512_res_MT,493524-4.parquet,4
uhs20_1247--udt8894,parquet_residential_short_202512_res_MT,500793-4.parquet,3
uhs20_1247--udt8894,parquet_residential_short_202512_res_MT,508034-4.parquet,2
uhs20_1247--udt8894,parquet_residential_short_202512_res_MT,513358-4.parquet,4
uhs20_1247--udt8894,parquet_residential_short_202512_res_MT,527227-4.parquet,6
uhs20_1247--udt8894,parquet_residential_short_202512_res_MT,529425-4.parquet,41
uhs20_1247--udt8894,parquet_residential_short_202512_res_MT,535363-4.parquet,7
uhs20_1247--udt8894,parquet_residential_short_202512_res_MT,543184-4.parquet,7
uhs20_1247--udt8894,parquet_residential_short_202512_res_MT,57049-4.parquet,3
uhs20_1247--udt8894,parquet_residential_short_202512_res_MT,57772-4.parquet,4
uhs20_1247--udt8894,parquet_residential_short_202512_res_MT,63328-4.parquet,4
uhs20_1247--udt8894,parquet_residential_short_202512_res_MT,64056-4.parquet,15
uhs20_1247--udt8894,parquet_residential_short_202512_res_MT,86159-4.parquet,12
uhs20_1247--udt8894,parquet_residential_short_202512_res_MT,90560-4.parquet,2
uhs20_1247--udt8894,parquet_residential_short_202512_res_MT,97519-4.parquet,2
uhs20_1247--udt8894,parquet_residential_short_202512_res_MT,99076-4.parquet,2
uhs20_1247--udt9897,parquet_commercial_202512_comm_MT,184116-2.parquet,5
uhs20_1247--udt9897,parquet_commercial_202512_comm_MT,184147-9.parquet,3
uhs20_1247--udt9897,parquet_commercial_202512_comm_MT,184172-2.parquet,1
uhs20_1247--udt9897,parquet_commercial_202512_comm_MT,184202-2.parquet,5
uhs20_1247--udt9897,parquet_commercial_202512_comm_MT,184220-2.parquet,12
uhs20_1247--udt9897,parquet_commercial_202512_comm_MT,184241-9.parquet,2
uhs20_1247--udt9897,parquet_commercial_202512_comm_MT,184261-2.parquet,2
uhs20_1247--udt9897,parquet_commercial_202512_comm_MT,184295-9.parquet,1
uhs20_1247--udt9897,parquet_commercial_202512_comm_MT,184315-2.parquet,3
uhs20_1247--udt9897,parquet_commercial_202512_comm_MT,184413-2.parquet,1
uhs20_1247--udt9897,parquet_commercial_202512_comm_MT,184433-2.parquet,3
uhs20_1247--udt9897,parquet_commercial_202512_comm_MT,184438-9.parquet,1
uhs20_1247--udt9897,parquet_commercial_202512_comm_MT,184439-2.parquet,1
uhs20_1247--udt9897,parquet_commercial_202512_comm_MT,184466-2.parquet,1
uhs20_1247--udt9897,parquet_commercial_202512_comm_MT,184492-2.parquet,2
uhs20_1247--udt9897,parquet_commercial_202512_comm_MT,184508-2.parquet,1
uhs20_1247--udt9897,parquet_commercial_202512_comm_MT,184512-2.parquet,1
uhs20_1247--udt9897,parquet_commercial_202512_comm_MT,184529-2.parquet,1
uhs20_1247--udt9897,parquet_commercial_202512_comm_MT,184544-2.parquet,1
uhs20_1247--udt9897,parquet_commercial_202512_comm_MT,184603-2.parquet,1
uhs20_1247--udt9897,parquet_commercial_202512_comm_MT,184616-2.parquet,1
uhs20_1247--udt9897,parquet_commercial_202512_comm_MT,184617-2.parquet,3
uhs20_1247--udt9897,parquet_commercial_202512_comm_MT,184646-9.parquet,1
uhs20_1247--udt9897,parquet_commercial_202512_comm_MT,184700-9.parquet,37
uhs20_1247--udt9897,parquet_commercial_202512_comm_MT,184706-2.parquet,1
uhs20_1247--udt9897,parquet_commercial_202512_comm_MT,184717-9.parquet,4
uhs20_1247--udt9897,parquet_commercial_202512_comm_MT,184718-9.parquet,1
uhs20_1247--udt9897,parquet_commercial_202512_comm_MT,184727-2.parquet,1
uhs20_1247--udt9897,parquet_commercial_202512_comm_MT,184823-2.parquet,3
uhs20_1247--udt9897,parquet_commercial_202512_comm_MT,185003-9.parquet,2
uhs20_1247--udt9897,parquet_commercial_202512_comm_MT,185005-9.parquet,3
uhs20_1247--udt9897,parquet_residential_short_202512_res_MT,101078-4.parquet,1
uhs20_1247--udt9897,parquet_residential_short_202512_res_MT,102854-4.parquet,4
uhs20_1247--udt9897,parquet_residential_short_202512_res_MT,106657-4.parquet,6
uhs20_1247--udt9897,parquet_residential_short_202512_res_MT,108254-4.parquet,2
uhs20_1247--udt9897,parquet_residential_short_202512_res_MT,117464-4.parquet,1
uhs20_1247--udt9897,parquet_residential_short_202512_res_MT,118797-4.parquet,1
uhs20_1247--udt9897,parquet_residential_short_202512_res_MT,119073-4.parquet,1
uhs20_1247--udt9897,parquet_residential_short_202512_res_MT,126858-4.parquet,2
uhs20_1247--udt9897,parquet_residential_short_202512_res_MT,135840-4.parquet,1
uhs20_1247--udt9897,parquet_residential_short_202512_res_MT,136303-4.parquet,1
uhs20_1247--udt9897,parquet_residential_short_202512_res_MT,136309-4.parquet,1
uhs20_1247--udt9897,parquet_residential_short_202512_res_MT,140071-4.parquet,1
uhs20_1247--udt9897,parquet_residential_short_202512_res_MT,14281-4.parquet,1
uhs20_1247--udt9897,parquet_residential_short_202512_res_MT,150214-4.parquet,1
uhs20_1247--udt9897,parquet_residential_short_202512_res_MT,154106-4.parquet,5
uhs20_1247--udt9897,parquet_residential_short_202512_res_MT,162253-4.parquet,22
uhs20_1247--udt9897,parquet_residential_short_202512_res_MT,170488-4.parquet,1
uhs20_1247--udt9897,parquet_residential_short_202512_res_MT,185745-4.parquet,2
uhs20_1247--udt9897,parquet_residential_short_202512_res_MT,202090-4.parquet,1
uhs20_1247--udt9897,parquet_residential_short_202512_res_MT,210194-4.parquet,2
uhs20_1247--udt9897,parquet_residential_short_202512_res_MT,234488-4.parquet,1
uhs20_1247--udt9897,parquet_residential_short_202512_res_MT,238424-4.parquet,1
uhs20_1247--udt9897,parquet_residential_short_202512_res_MT,251857-4.parquet,1
uhs20_1247--udt9897,parquet_residential_short_202512_res_MT,256192-4.parquet,1
uhs20_1247--udt9897,parquet_residential_short_202512_res_MT,271955-4.parquet,1
uhs20_1247--udt9897,parquet_residential_short_202512_res_MT,276587-4.parquet,3
uhs20_1247--udt9897,parquet_residential_short_202512_res_MT,278604-4.parquet,8
uhs20_1247--udt9897,parquet_residential_short_202512_res_MT,283213-4.parquet,1
uhs20_1247--udt9897,parquet_residential_short_202512_res_MT,312392-4.parquet,1
uhs20_1247--udt9897,parquet_residential_short_202512_res_MT,314691-4.parquet,1
uhs20_1247--udt9897,parquet_residential_short_202512_res_MT,325203-4.parquet,1
uhs20_1247--udt9897,parquet_residential_short_202512_res_MT,371830-4.parquet,4
uhs20_1247--udt9897,parquet_residential_short_202512_res_MT,372987-4.parquet,3
uhs20_1247--udt9897,parquet_residential_short_202512_res_MT,401600-4.parquet,5
uhs20_1247--udt9897,parquet_residential_short_202512_res_MT,406640-4.parquet,1
uhs20_1247--udt9897,parquet_residential_short_202512_res_MT,410527-4.parquet,1
uhs20_1247--udt9897,parquet_residential_short_202512_res_MT,418448-4.parquet,1
uhs20_1247--udt9897,parquet_residential_short_202512_res_MT,42376-4.parquet,3
uhs20_1247--udt9897,parquet_residential_short_202512_res_MT,424723-4.parquet,2
uhs20_1247--udt9897,parquet_residential_short_202512_res_MT,43358-4.parquet,2
uhs20_1247--udt9897,parquet_residential_short_202512_res_MT,437679-4.parquet,1
uhs20_1247--udt9897,parquet_residential_short_202512_res_MT,438998-4.parquet,4
uhs20_1247--udt9897,parquet_residential_short_202512_res_MT,448361-4.parquet,2
uhs20_1247--udt9897,parquet_residential_short_202512_res_MT,464253-4.parquet,1
uhs20_1247--udt9897,parquet_residential_short_202512_res_MT,468325-4.parquet,3
uhs20_1247--udt9897,parquet_residential_short_202512_res_MT,472451-4.parquet,1
uhs20_1247--udt9897,parquet_residential_short_202512_res_MT,476793-4.parquet,3
uhs20_1247--udt9897,parquet_residential_short_202512_res_MT,486032-4.parquet,3
uhs20_1247--udt9897,parquet_residential_short_202512_res_MT,486410-4.parquet,4
uhs20_1247--udt9897,parquet_residential_short_202512_res_MT,500793-4.parquet,1
uhs20_1247--udt9897,parquet_residential_short_202512_res_MT,500992-4.parquet,1
uhs20_1247--udt9897,parquet_residential_short_202512_res_MT,514429-4.parquet,1
uhs20_1247--udt9897,parquet_residential_short_202512_res_MT,529425-4.parquet,27
uhs20_1247--udt9897,parquet_residential_short_202512_res_MT,535363-4.parquet,1
uhs20_1247--udt9897,parquet_residential_short_202512_res_MT,543184-4.parquet,4
uhs20_1247--udt9897,parquet_residential_short_202512_res_MT,57049-4.parquet,1
uhs20_1247--udt9897,parquet_residential_short_202512_res_MT,66138-4.parquet,9
uhs20_1247--udt9897,parquet_residential_short_202512_res_MT,68619-4.parquet,1
uhs20_1247--udt9897,parquet_residential_short_202512_res_MT,81904-4.parquet,1
uhs20_1247--udt9897,parquet_residential_short_202512_res_MT,86159-4.parquet,1
uhs20_1247--udt9897,parquet_residential_short_202512_res_MT,93871-4.parquet,3
uhs2_1247--udt10746,parquet_commercial_202512_comm_MT,184141-2.parquet,1
uhs2_1247--udt10746,parquet_commercial_202512_comm_MT,184147-9.parquet,2
uhs2_1247--udt10746,parquet_commercial_202512_comm_MT,184220-2.parquet,2
uhs2_1247--udt10746,parquet_commercial_202512_comm_MT,184315-2.parquet,2
uhs2_1247--udt10746,parquet_commercial_202512_comm_MT,184492-2.parquet,2
uhs2_1247--udt10746,parquet_commercial_202512_comm_MT,184637-9.parquet,2
uhs2_1247--udt10746,parquet_commercial_202512_comm_MT,184700-9.parquet,1
uhs2_1247--udt10746,parquet_commercial_202512_comm_MT,184727-2.parquet,1
uhs2_1247--udt10746,parquet_commercial_202512_comm_MT,184798-9.parquet,1
uhs2_1247--udt10746,parquet_commercial_202512_comm_MT,184942-9.parquet,1
uhs2_1247--udt10746,parquet_commercial_202512_comm_MT,184983-2.parquet,1
uhs2_1247--udt10746,parquet_residential_short_202512_res_MT,102182-4.parquet,1
uhs2_1247--udt10746,parquet_residential_short_202512_res_MT,102854-4.parquet,34
uhs2_1247--udt10746,parquet_residential_short_202512_res_MT,106657-4.parquet,9
uhs2_1247--udt10746,parquet_residential_short_202512_res_MT,118797-4.parquet,2
uhs2_1247--udt10746,parquet_residential_short_202512_res_MT,119073-4.parquet,1
uhs2_1247--udt10746,parquet_residential_short_202512_res_MT,121985-4.parquet,1
uhs2_1247--udt10746,parquet_residential_short_202512_res_MT,123539-4.parquet,1
uhs2_1247--udt10746,parquet_residential_short_202512_res_MT,126858-4.parquet,6
uhs2_1247--udt10746,parquet_residential_short_202512_res_MT,131145-4.parquet,7
uhs2_1247--udt10746,parquet_residential_short_202512_res_MT,136303-4.parquet,4
uhs2_1247--udt10746,parquet_residential_short_202512_res_MT,136309-4.parquet,3
uhs2_1247--udt10746,parquet_residential_short_202512_res_MT,138494-4.parquet,4
uhs2_1247--udt10746,parquet_residential_short_202512_res_MT,140071-4.parquet,9
uhs2_1247--udt10746,parquet_residential_short_202512_res_MT,153454-4.parquet,5
uhs2_1247--udt10746,parquet_residential_short_202512_res_MT,154106-4.parquet,10
uhs2_1247--udt10746,parquet_residential_short_202512_res_MT,157494-4.parquet,1
uhs2_1247--udt10746,parquet_residential_short_202512_res_MT,162253-4.parquet,60
uhs2_1247--udt10746,parquet_residential_short_202512_res_MT,180039-4.parquet,8
uhs2_1247--udt10746,parquet_residential_short_202512_res_MT,182480-4.parquet,1
uhs2_1247--udt10746,parquet_residential_short_202512_res_MT,183427-4.parquet,2
uhs2_1247--udt10746,parquet_residential_short_202512_res_MT,185745-4.parquet,45
uhs2_1247--udt10746,parquet_residential_short_202512_res_MT,203702-4.parquet,6
uhs2_1247--udt10746,parquet_residential_short_202512_res_MT,209507-4.parquet,2
uhs2_1247--udt10746,parquet_residential_short_202512_res_MT,210194-4.parquet,10
uhs2_1247--udt10746,parquet_residential_short_202512_res_MT,214774-4.parquet,1
uhs2_1247--udt10746,parquet_residential_short_202512_res_MT,216380-4.parquet,1
uhs2_1247--udt10746,parquet_residential_short_202512_res_MT,22193-4.parquet,1
uhs2_1247--udt10746,parquet_residential_short_202512_res_MT,226832-4.parquet,2
uhs2_1247--udt10746,parquet_residential_short_202512_res_MT,229622-4.parquet,3
uhs2_1247--udt10746,parquet_residential_short_202512_res_MT,234488-4.parquet,3
uhs2_1247--udt10746,parquet_residential_short_202512_res_MT,239542-4.parquet,6
uhs2_1247--udt10746,parquet_residential_short_202512_res_MT,276587-4.parquet,40
uhs2_1247--udt10746,parquet_residential_short_202512_res_MT,278604-4.parquet,10
uhs2_1247--udt10746,parquet_residential_short_202512_res_MT,27882-4.parquet,2
uhs2_1247--udt10746,parquet_residential_short_202512_res_MT,305252-4.parquet,1
uhs2_1247--udt10746,parquet_residential_short_202512_res_MT,311002-4.parquet,5
uhs2_1247--udt10746,parquet_residential_short_202512_res_MT,316244-4.parquet,1
uhs2_1247--udt10746,parquet_residential_short_202512_res_MT,321643-4.parquet,1
uhs2_1247--udt10746,parquet_residential_short_202512_res_MT,325203-4.parquet,4
uhs2_1247--udt10746,parquet_residential_short_202512_res_MT,338150-4.parquet,8
uhs2_1247--udt10746,parquet_residential_short_202512_res_MT,341617-4.parquet,8
uhs2_1247--udt10746,parquet_residential_short_202512_res_MT,343215-4.parquet,1
uhs2_1247--udt10746,parquet_residential_short_202512_res_MT,343688-4.parquet,1
uhs2_1247--udt10746,parquet_residential_short_202512_res_MT,392513-4.parquet,1
uhs2_1247--udt10746,parquet_residential_short_202512_res_MT,401600-4.parquet,30
uhs2_1247--udt10746,parquet_residential_short_202512_res_MT,402646-4.parquet,2
uhs2_1247--udt10746,parquet_residential_short_202512_res_MT,405081-4.parquet,2
uhs2_1247--udt10746,parquet_residential_short_202512_res_MT,406640-4.parquet,8
uhs2_1247--udt10746,parquet_residential_short_202512_res_MT,410527-4.parquet,3
uhs2_1247--udt10746,parquet_residential_short_202512_res_MT,411750-4.parquet,1
uhs2_1247--udt10746,parquet_residential_short_202512_res_MT,418448-4.parquet,2
uhs2_1247--udt10746,parquet_residential_short_202512_res_MT,42376-4.parquet,3
uhs2_1247--udt10746,parquet_residential_short_202512_res_MT,423918-4.parquet,3
uhs2_1247--udt10746,parquet_residential_short_202512_res_MT,424723-4.parquet,1
uhs2_1247--udt10746,parquet_residential_short_202512_res_MT,427948-4.parquet,38
uhs2_1247--udt10746,parquet_residential_short_202512_res_MT,43358-4.parquet,2
uhs2_1247--udt10746,parquet_residential_short_202512_res_MT,438998-4.parquet,4
uhs2_1247--udt10746,parquet_residential_short_202512_res_MT,448361-4.parquet,3
uhs2_1247--udt10746,parquet_residential_short_202512_res_MT,454505-4.parquet,3
uhs2_1247--udt10746,parquet_residential_short_202512_res_MT,455963-4.parquet,2
uhs2_1247--udt10746,parquet_residential_short_202512_res_MT,466189-4.parquet,3
uhs2_1247--udt10746,parquet_residential_short_202512_res_MT,468325-4.parquet,1
uhs2_1247--udt10746,parquet_residential_short_202512_res_MT,472451-4.parquet,1
uhs2_1247--udt10746,parquet_residential_short_202512_res_MT,476793-4.parquet,4
uhs2_1247--udt10746,parquet_residential_short_202512_res_MT,481916-4.parquet,4
uhs2_1247--udt10746,parquet_residential_short_202512_res_MT,484947-4.parquet,4
uhs2_1247--udt10746,parquet_residential_short_202512_res_MT,486410-4.parquet,15
uhs2_1247--udt10746,parquet_residential_short_202512_res_MT,486622-4.parquet,1
uhs2_1247--udt10746,parquet_residential_short_202512_res_MT,492040-4.parquet,4
uhs2_1247--udt10746,parquet_residential_short_202512_res_MT,493524-4.parquet,2
uhs2_1247--udt10746,parquet_residential_short_202512_res_MT,494052-4.parquet,1
uhs2_1247--udt10746,parquet_residential_short_202512_res_MT,494976-4.parquet,3
uhs2_1247--udt10746,parquet_residential_short_202512_res_MT,500793-4.parquet,19
uhs2_1247--udt10746,parquet_residential_short_202512_res_MT,505850-4.parquet,1
uhs2_1247--udt10746,parquet_residential_short_202512_res_MT,508034-4.parquet,5
uhs2_1247--udt10746,parquet_residential_short_202512_res_MT,513358-4.parquet,3
uhs2_1247--udt10746,parquet_residential_short_202512_res_MT,527227-4.parquet,3
uhs2_1247--udt10746,parquet_residential_short_202512_res_MT,529425-4.parquet,9
uhs2_1247--udt10746,parquet_residential_short_202512_res_MT,535363-4.parquet,3
uhs2_1247--udt10746,parquet_residential_short_202512_res_MT,537910-4.parquet,1
uhs2_1247--udt10746,parquet_residential_short_202512_res_MT,543184-4.parquet,5
uhs2_1247--udt10746,parquet_residential_short_202512_res_MT,57772-4.parquet,8
uhs2_1247--udt10746,parquet_residential_short_202512_res_MT,58337-4.parquet,1
uhs2_1247--udt10746,parquet_residential_short_202512_res_MT,63328-4.parquet,4
uhs2_1247--udt10746,parquet_residential_short_202512_res_MT,64056-4.parquet,9
uhs2_1247--udt10746,parquet_residential_short_202512_res_MT,81904-4.parquet,6
uhs2_1247--udt10746,parquet_residential_short_202512_res_MT,86159-4.parquet,13
uhs2_1247--udt10746,parquet_residential_short_202512_res_MT,90560-4.parquet,1
uhs2_1247--udt10746,parquet_residential_short_202512_res_MT,9342-4.parquet,5
uhs2_1247--udt10746,parquet_residential_short_202512_res_MT,93871-4.parquet,1
uhs2_1247--udt10746,parquet_residential_short_202512_res_MT,97519-4.parquet,3
uhs2_1247--udt12473,parquet_commercial_202512_comm_MT,184116-2.parquet,3
uhs2_1247--udt12473,parquet_commercial_202512_comm_MT,184147-9.parquet,2
uhs2_1247--udt12473,parquet_commercial_202512_comm_MT,184179-9.parquet,3
uhs2_1247--udt12473,parquet_commercial_202512_comm_MT,184194-9.parquet,1
uhs2_1247--udt12473,parquet_commercial_202512_comm_MT,184202-2.parquet,1
uhs2_1247--udt12473,parquet_commercial_202512_comm_MT,184207-2.parquet,1
uhs2_1247--udt12473,parquet_commercial_202512_comm_MT,184213-2.parquet,1
uhs2_1247--udt12473,parquet_commercial_202512_comm_MT,184220-2.parquet,37
uhs2_1247--udt12473,parquet_commercial_202512_comm_MT,184223-2.parquet,1
uhs2_1247--udt12473,parquet_commercial_202512_comm_MT,184261-2.parquet,2
uhs2_1247--udt12473,parquet_commercial_202512_comm_MT,184279-2.parquet,1
uhs2_1247--udt12473,parquet_commercial_202512_comm_MT,184280-9.parquet,1
uhs2_1247--udt12473,parquet_commercial_202512_comm_MT,184288-2.parquet,3
uhs2_1247--udt12473,parquet_commercial_202512_comm_MT,184300-2.parquet,1
uhs2_1247--udt12473,parquet_commercial_202512_comm_MT,184301-9.parquet,1
uhs2_1247--udt12473,parquet_commercial_202512_comm_MT,184310-2.parquet,1
uhs2_1247--udt12473,parquet_commercial_202512_comm_MT,184313-2.parquet,2
uhs2_1247--udt12473,parquet_commercial_202512_comm_MT,184315-2.parquet,32
uhs2_1247--udt12473,parquet_commercial_202512_comm_MT,184325-9.parquet,1
uhs2_1247--udt12473,parquet_commercial_202512_comm_MT,184365-2.parquet,3
uhs2_1247--udt12473,parquet_commercial_202512_comm_MT,184367-9.parquet,1
uhs2_1247--udt12473,parquet_commercial_202512_comm_MT,184374-2.parquet,2
uhs2_1247--udt12473,parquet_commercial_202512_comm_MT,184377-2.parquet,1
uhs2_1247--udt12473,parquet_commercial_202512_comm_MT,184413-2.parquet,1
uhs2_1247--udt12473,parquet_commercial_202512_comm_MT,184433-2.parquet,13
uhs2_1247--udt12473,parquet_commercial_202512_comm_MT,184438-9.parquet,12
uhs2_1247--udt12473,parquet_commercial_202512_comm_MT,184439-2.parquet,1
uhs2_1247--udt12473,parquet_commercial_202512_comm_MT,184441-9.parquet,2
uhs2_1247--udt12473,parquet_commercial_202512_comm_MT,184444-2.parquet,2
uhs2_1247--udt12473,parquet_commercial_202512_comm_MT,184475-9.parquet,1
uhs2_1247--udt12473,parquet_commercial_202512_comm_MT,184492-2.parquet,14
uhs2_1247--udt12473,parquet_commercial_202512_comm_MT,184508-2.parquet,3
uhs2_1247--udt12473,parquet_commercial_202512_comm_MT,184518-2.parquet,5
uhs2_1247--udt12473,parquet_commercial_202512_comm_MT,184546-2.parquet,1
uhs2_1247--udt12473,parquet_commercial_202512_comm_MT,184616-2.parquet,3
uhs2_1247--udt12473,parquet_commercial_202512_comm_MT,184617-2.parquet,2
uhs2_1247--udt12473,parquet_commercial_202512_comm_MT,184623-9.parquet,2
uhs2_1247--udt12473,parquet_commercial_202512_comm_MT,184637-9.parquet,1
uhs2_1247--udt12473,parquet_commercial_202512_comm_MT,184646-9.parquet,2
uhs2_1247--udt12473,parquet_commercial_202512_comm_MT,184664-9.parquet,1
uhs2_1247--udt12473,parquet_commercial_202512_comm_MT,184700-9.parquet,50
uhs2_1247--udt12473,parquet_commercial_202512_comm_MT,184709-2.parquet,1
uhs2_1247--udt12473,parquet_commercial_202512_comm_MT,184717-9.parquet,12
uhs2_1247--udt12473,parquet_commercial_202512_comm_MT,184718-9.parquet,1
uhs2_1247--udt12473,parquet_commercial_202512_comm_MT,184727-2.parquet,1
uhs2_1247--udt12473,parquet_commercial_202512_comm_MT,184767-2.parquet,1
uhs2_1247--udt12473,parquet_commercial_202512_comm_MT,184805-2.parquet,1
uhs2_1247--udt12473,parquet_commercial_202512_comm_MT,184809-2.parquet,4
uhs2_1247--udt12473,parquet_commercial_202512_comm_MT,184821-9.parquet,2
uhs2_1247--udt12473,parquet_commercial_202512_comm_MT,184823-2.parquet,2
uhs2_1247--udt12473,parquet_commercial_202512_comm_MT,184831-9.parquet,12
uhs2_1247--udt12473,parquet_commercial_202512_comm_MT,184908-2.parquet,1
uhs2_1247--udt12473,parquet_commercial_202512_comm_MT,184941-2.parquet,1
uhs2_1247--udt12473,parquet_commercial_202512_comm_MT,184950-2.parquet,1
uhs2_1247--udt12473,parquet_commercial_202512_comm_MT,184953-9.parquet,1
uhs2_1247--udt12473,parquet_commercial_202512_comm_MT,184983-2.parquet,2
uhs2_1247--udt12473,parquet_commercial_202512_comm_MT,184996-2.parquet,1
uhs2_1247--udt12473,parquet_commercial_202512_comm_MT,185003-9.parquet,1
uhs2_1247--udt12473,parquet_commercial_202512_comm_MT,185019-9.parquet,1
uhs2_1247--udt12473,parquet_commercial_202512_comm_MT,185025-9.parquet,2
uhs2_1247--udt12473,parquet_residential_short_202512_res_MT,101078-4.parquet,1
uhs2_1247--udt12473,parquet_residential_short_202512_res_MT,102182-4.parquet,4
uhs2_1247--udt12473,parquet_residential_short_202512_res_MT,102854-4.parquet,45
uhs2_1247--udt12473,parquet_residential_short_202512_res_MT,106657-4.parquet,9
uhs2_1247--udt12473,parquet_residential_short_202512_res_MT,117464-4.parquet,1
uhs2_1247--udt12473,parquet_residential_short_202512_res_MT,118797-4.parquet,1
uhs2_1247--udt12473,parquet_residential_short_202512_res_MT,119073-4.parquet,12
uhs2_1247--udt12473,parquet_residential_short_202512_res_MT,124374-4.parquet,1
uhs2_1247--udt12473,parquet_residential_short_202512_res_MT,126858-4.parquet,4
uhs2_1247--udt12473,parquet_residential_short_202512_res_MT,131145-4.parquet,20
uhs2_1247--udt12473,parquet_residential_short_202512_res_MT,136303-4.parquet,4
uhs2_1247--udt12473,parquet_residential_short_202512_res_MT,136309-4.parquet,14
uhs2_1247--udt12473,parquet_residential_short_202512_res_MT,138494-4.parquet,6
uhs2_1247--udt12473,parquet_residential_short_202512_res_MT,140071-4.parquet,7
uhs2_1247--udt12473,parquet_residential_short_202512_res_MT,142544-4.parquet,3
uhs2_1247--udt12473,parquet_residential_short_202512_res_MT,14281-4.parquet,1
uhs2_1247--udt12473,parquet_residential_short_202512_res_MT,144965-4.parquet,2
uhs2_1247--udt12473,parquet_residential_short_202512_res_MT,149272-4.parquet,2
uhs2_1247--udt12473,parquet_residential_short_202512_res_MT,154106-4.parquet,36
uhs2_1247--udt12473,parquet_residential_short_202512_res_MT,154367-4.parquet,1
uhs2_1247--udt12473,parquet_residential_short_202512_res_MT,156849-4.parquet,1
uhs2_1247--udt12473,parquet_residential_short_202512_res_MT,162253-4.parquet,71
uhs2_1247--udt12473,parquet_residential_short_202512_res_MT,172290-4.parquet,1
uhs2_1247--udt12473,parquet_residential_short_202512_res_MT,180039-4.parquet,2
uhs2_1247--udt12473,parquet_residential_short_202512_res_MT,182480-4.parquet,3
uhs2_1247--udt12473,parquet_residential_short_202512_res_MT,185745-4.parquet,28
uhs2_1247--udt12473,parquet_residential_short_202512_res_MT,203702-4.parquet,4
uhs2_1247--udt12473,parquet_residential_short_202512_res_MT,204761-4.parquet,2
uhs2_1247--udt12473,parquet_residential_short_202512_res_MT,20806-4.parquet,1
uhs2_1247--udt12473,parquet_residential_short_202512_res_MT,208538-4.parquet,1
uhs2_1247--udt12473,parquet_residential_short_202512_res_MT,209507-4.parquet,5
uhs2_1247--udt12473,parquet_residential_short_202512_res_MT,210194-4.parquet,15
uhs2_1247--udt12473,parquet_residential_short_202512_res_MT,210280-4.parquet,1
uhs2_1247--udt12473,parquet_residential_short_202512_res_MT,211030-4.parquet,1
uhs2_1247--udt12473,parquet_residential_short_202512_res_MT,217886-4.parquet,1
uhs2_1247--udt12473,parquet_residential_short_202512_res_MT,22595-4.parquet,1
uhs2_1247--udt12473,parquet_residential_short_202512_res_MT,226832-4.parquet,1
uhs2_1247--udt12473,parquet_residential_short_202512_res_MT,229622-4.parquet,1
uhs2_1247--udt12473,parquet_residential_short_202512_res_MT,234488-4.parquet,5
uhs2_1247--udt12473,parquet_residential_short_202512_res_MT,239542-4.parquet,1
uhs2_1247--udt12473,parquet_residential_short_202512_res_MT,256192-4.parquet,2
uhs2_1247--udt12473,parquet_residential_short_202512_res_MT,257610-4.parquet,2
uhs2_1247--udt12473,parquet_residential_short_202512_res_MT,271955-4.parquet,2
uhs2_1247--udt12473,parquet_residential_short_202512_res_MT,275870-4.parquet,1
uhs2_1247--udt12473,parquet_residential_short_202512_res_MT,276587-4.parquet,57
uhs2_1247--udt12473,parquet_residential_short_202512_res_MT,278604-4.parquet,11
uhs2_1247--udt12473,parquet_residential_short_202512_res_MT,305252-4.parquet,2
uhs2_1247--udt12473,parquet_residential_short_202512_res_MT,310402-4.parquet,1
uhs2_1247--udt12473,parquet_residential_short_202512_res_MT,311002-4.parquet,5
uhs2_1247--udt12473,parquet_residential_short_202512_res_MT,314691-4.parquet,3
uhs2_1247--udt12473,parquet_residential_short_202512_res_MT,316244-4.parquet,1
uhs2_1247--udt12473,parquet_residential_short_202512_res_MT,319281-4.parquet,2
uhs2_1247--udt12473,parquet_residential_short_202512_res_MT,321643-4.parquet,1
uhs2_1247--udt12473,parquet_residential_short_202512_res_MT,325203-4.parquet,11
uhs2_1247--udt12473,parquet_residential_short_202512_res_MT,326339-4.parquet,1
uhs2_1247--udt12473,parquet_residential_short_202512_res_MT,338150-4.parquet,10
uhs2_1247--udt12473,parquet_residential_short_202512_res_MT,339121-4.parquet,1
uhs2_1247--udt12473,parquet_residential_short_202512_res_MT,341617-4.parquet,10
uhs2_1247--udt12473,parquet_residential_short_202512_res_MT,343012-4.parquet,1
uhs2_1247--udt12473,parquet_residential_short_202512_res_MT,371830-4.parquet,1
uhs2_1247--udt12473,parquet_residential_short_202512_res_MT,377150-4.parquet,1
uhs2_1247--udt12473,parquet_residential_short_202512_res_MT,386807-4.parquet,1
uhs2_1247--udt12473,parquet_residential_short_202512_res_MT,401600-4.parquet,39
uhs2_1247--udt12473,parquet_residential_short_202512_res_MT,406640-4.parquet,2
uhs2_1247--udt12473,parquet_residential_short_202512_res_MT,410527-4.parquet,3
uhs2_1247--udt12473,parquet_residential_short_202512_res_MT,418448-4.parquet,1
uhs2_1247--udt12473,parquet_residential_short_202512_res_MT,42376-4.parquet,4
uhs2_1247--udt12473,parquet_residential_short_202512_res_MT,423918-4.parquet,2
uhs2_1247--udt12473,parquet_residential_short_202512_res_MT,427948-4.parquet,33
uhs2_1247--udt12473,parquet_residential_short_202512_res_MT,43358-4.parquet,3
uhs2_1247--udt12473,parquet_residential_short_202512_res_MT,438998-4.parquet,4
uhs2_1247--udt12473,parquet_residential_short_202512_res_MT,442350-4.parquet,2
uhs2_1247--udt12473,parquet_residential_short_202512_res_MT,448361-4.parquet,2
uhs2_1247--udt12473,parquet_residential_short_202512_res_MT,454505-4.parquet,1
uhs2_1247--udt12473,parquet_residential_short_202512_res_MT,455963-4.parquet,1
uhs2_1247--udt12473,parquet_residential_short_202512_res_MT,458883-4.parquet,1
uhs2_1247--udt12473,parquet_residential_short_202512_res_MT,464253-4.parquet,1
uhs2_1247--udt12473,parquet_residential_short_202512_res_MT,466189-4.parquet,6
uhs2_1247--udt12473,parquet_residential_short_202512_res_MT,471837-4.parquet,2
uhs2_1247--udt12473,parquet_residential_short_202512_res_MT,475383-4.parquet,2
uhs2_1247--udt12473,parquet_residential_short_202512_res_MT,476793-4.parquet,9
uhs2_1247--udt12473,parquet_residential_short_202512_res_MT,481187-4.parquet,1
uhs2_1247--udt12473,parquet_residential_short_202512_res_MT,481916-4.parquet,3
uhs2_1247--udt12473,parquet_residential_short_202512_res_MT,484947-4.parquet,1
uhs2_1247--udt12473,parquet_residential_short_202512_res_MT,486410-4.parquet,15
uhs2_1247--udt12473,parquet_residential_short_202512_res_MT,486622-4.parquet,2
uhs2_1247--udt12473,parquet_residential_short_202512_res_MT,490684-4.parquet,2
uhs2_1247--udt12473,parquet_residential_short_202512_res_MT,492040-4.parquet,7
uhs2_1247--udt12473,parquet_residential_short_202512_res_MT,493524-4.parquet,1
uhs2_1247--udt12473,parquet_residential_short_202512_res_MT,500793-4.parquet,28
uhs2_1247--udt12473,parquet_residential_short_202512_res_MT,508034-4.parquet,4
uhs2_1247--udt12473,parquet_residential_short_202512_res_MT,513358-4.parquet,2
uhs2_1247--udt12473,parquet_residential_short_202512_res_MT,526430-4.parquet,5
uhs2_1247--udt12473,parquet_residential_short_202512_res_MT,527227-4.parquet,1
uhs2_1247--udt12473,parquet_residential_short_202512_res_MT,529425-4.parquet,4
uhs2_1247--udt12473,parquet_residential_short_202512_res_MT,533148-4.parquet,2
uhs2_1247--udt12473,parquet_residential_short_202512_res_MT,535363-4.parquet,6
uhs2_1247--udt12473,parquet_residential_short_202512_res_MT,537910-4.parquet,3
uhs2_1247--udt12473,parquet_residential_short_202512_res_MT,543184-4.parquet,2
uhs2_1247--udt12473,parquet_residential_short_202512_res_MT,57772-4.parquet,6
uhs2_1247--udt12473,parquet_residential_short_202512_res_MT,58337-4.parquet,1
uhs2_1247--udt12473,parquet_residential_short_202512_res_MT,63328-4.parquet,5
uhs2_1247--udt12473,parquet_residential_short_202512_res_MT,64056-4.parquet,5
uhs2_1247--udt12473,parquet_residential_short_202512_res_MT,68619-4.parquet,1
uhs2_1247--udt12473,parquet_residential_short_202512_res_MT,81904-4.parquet,12
uhs2_1247--udt12473,parquet_residential_short_202512_res_MT,86159-4.parquet,7
uhs2_1247--udt12473,parquet_residential_short_202512_res_MT,87233-4.parquet,1
uhs2_1247--udt12473,parquet_residential_short_202512_res_MT,88623-4.parquet,1
uhs2_1247--udt12473,parquet_residential_short_202512_res_MT,90560-4.parquet,3
uhs2_1247--udt12473,parquet_residential_short_202512_res_MT,9342-4.parquet,3
uhs2_1247--udt12473,parquet_residential_short_202512_res_MT,93871-4.parquet,2
uhs2_1247--udt9312,parquet_commercial_202512_comm_MT,184116-2.parquet,1
uhs2_1247--udt9312,parquet_commercial_202512_comm_MT,184727-2.parquet,1
uhs2_1247--udt9312,parquet_commercial_202512_comm_MT,184763-2.parquet,1
uhs2_1247--udt9312,parquet_residential_short_202512_res_MT,102182-4.parquet,2
uhs2_1247--udt9312,parquet_residential_short_202512_res_MT,102854-4.parquet,47
uhs2_1247--udt9312,parquet_residential_short_202512_res_MT,106657-4.parquet,10
uhs2_1247--udt9312,parquet_residential_short_202512_res_MT,114857-4.parquet,1
uhs2_1247--udt9312,parquet_residential_short_202512_res_MT,117464-4.parquet,2
uhs2_1247--udt9312,parquet_residential_short_202512_res_MT,119073-4.parquet,8
uhs2_1247--udt9312,parquet_residential_short_202512_res_MT,119460-4.parquet,1
uhs2_1247--udt9312,parquet_residential_short_202512_res_MT,124374-4.parquet,1
uhs2_1247--udt9312,parquet_residential_short_202512_res_MT,126858-4.parquet,3
uhs2_1247--udt9312,parquet_residential_short_202512_res_MT,131145-4.parquet,12
uhs2_1247--udt9312,parquet_residential_short_202512_res_MT,136303-4.parquet,4
uhs2_1247--udt9312,parquet_residential_short_202512_res_MT,136309-4.parquet,7
uhs2_1247--udt9312,parquet_residential_short_202512_res_MT,138494-4.parquet,11
uhs2_1247--udt9312,parquet_residential_short_202512_res_MT,140071-4.parquet,5
uhs2_1247--udt9312,parquet_residential_short_202512_res_MT,142544-4.parquet,2
uhs2_1247--udt9312,parquet_residential_short_202512_res_MT,149272-4.parquet,4
uhs2_1247--udt9312,parquet_residential_short_202512_res_MT,153454-4.parquet,3
uhs2_1247--udt9312,parquet_residential_short_202512_res_MT,154106-4.parquet,26
uhs2_1247--udt9312,parquet_residential_short_202512_res_MT,154367-4.parquet,2
uhs2_1247--udt9312,parquet_residential_short_202512_res_MT,162253-4.parquet,44
uhs2_1247--udt9312,parquet_residential_short_202512_res_MT,180039-4.parquet,3
uhs2_1247--udt9312,parquet_residential_short_202512_res_MT,182480-4.parquet,1
uhs2_1247--udt9312,parquet_residential_short_202512_res_MT,183427-4.parquet,3
uhs2_1247--udt9312,parquet_residential_short_202512_res_MT,185745-4.parquet,49
uhs2_1247--udt9312,parquet_residential_short_202512_res_MT,203702-4.parquet,4
uhs2_1247--udt9312,parquet_residential_short_202512_res_MT,209507-4.parquet,2
uhs2_1247--udt9312,parquet_residential_short_202512_res_MT,210194-4.parquet,18
uhs2_1247--udt9312,parquet_residential_short_202512_res_MT,211030-4.parquet,1
uhs2_1247--udt9312,parquet_residential_short_202512_res_MT,226832-4.parquet,1
uhs2_1247--udt9312,parquet_residential_short_202512_res_MT,229622-4.parquet,2
uhs2_1247--udt9312,parquet_residential_short_202512_res_MT,234488-4.parquet,2
uhs2_1247--udt9312,parquet_residential_short_202512_res_MT,239542-4.parquet,2
uhs2_1247--udt9312,parquet_residential_short_202512_res_MT,256192-4.parquet,1
uhs2_1247--udt9312,parquet_residential_short_202512_res_MT,271955-4.parquet,2
uhs2_1247--udt9312,parquet_residential_short_202512_res_MT,276587-4.parquet,40
uhs2_1247--udt9312,parquet_residential_short_202512_res_MT,277210-4.parquet,3
uhs2_1247--udt9312,parquet_residential_short_202512_res_MT,278604-4.parquet,10
uhs2_1247--udt9312,parquet_residential_short_202512_res_MT,305252-4.parquet,2
uhs2_1247--udt9312,parquet_residential_short_202512_res_MT,310544-4.parquet,1
uhs2_1247--udt9312,parquet_residential_short_202512_res_MT,311002-4.parquet,3
uhs2_1247--udt9312,parquet_residential_short_202512_res_MT,314691-4.parquet,2
uhs2_1247--udt9312,parquet_residential_short_202512_res_MT,316244-4.parquet,2
uhs2_1247--udt9312,parquet_residential_short_202512_res_MT,325203-4.parquet,7
uhs2_1247--udt9312,parquet_residential_short_202512_res_MT,338150-4.parquet,9
uhs2_1247--udt9312,parquet_residential_short_202512_res_MT,341617-4.parquet,10
uhs2_1247--udt9312,parquet_residential_short_202512_res_MT,370023-4.parquet,1
uhs2_1247--udt9312,parquet_residential_short_202512_res_MT,392513-4.parquet,1
uhs2_1247--udt9312,parquet_residential_short_202512_res_MT,395721-4.parquet,1
uhs2_1247--udt9312,parquet_residential_short_202512_res_MT,401600-4.parquet,47
uhs2_1247--udt9312,parquet_residential_short_202512_res_MT,402646-4.parquet,2
uhs2_1247--udt9312,parquet_residential_short_202512_res_MT,405081-4.parquet,4
uhs2_1247--udt9312,parquet_residential_short_202512_res_MT,406640-4.parquet,12
uhs2_1247--udt9312,parquet_residential_short_202512_res_MT,418448-4.parquet,1
uhs2_1247--udt9312,parquet_residential_short_202512_res_MT,42376-4.parquet,2
uhs2_1247--udt9312,parquet_residential_short_202512_res_MT,427948-4.parquet,36
uhs2_1247--udt9312,parquet_residential_short_202512_res_MT,43358-4.parquet,9
uhs2_1247--udt9312,parquet_residential_short_202512_res_MT,438998-4.parquet,1
uhs2_1247--udt9312,parquet_residential_short_202512_res_MT,442350-4.parquet,3
uhs2_1247--udt9312,parquet_residential_short_202512_res_MT,448361-4.parquet,2
uhs2_1247--udt9312,parquet_residential_short_202512_res_MT,454505-4.parquet,2
uhs2_1247--udt9312,parquet_residential_short_202512_res_MT,455963-4.parquet,5
uhs2_1247--udt9312,parquet_residential_short_202512_res_MT,458883-4.parquet,1
uhs2_1247--udt9312,parquet_residential_short_202512_res_MT,466189-4.parquet,7
uhs2_1247--udt9312,parquet_residential_short_202512_res_MT,472451-4.parquet,1
uhs2_1247--udt9312,parquet_residential_short_202512_res_MT,476793-4.parquet,10
uhs2_1247--udt9312,parquet_residential_short_202512_res_MT,481916-4.parquet,3
uhs2_1247--udt9312,parquet_residential_short_202512_res_MT,484947-4.parquet,1
uhs2_1247--udt9312,parquet_residential_short_202512_res_MT,486410-4.parquet,12
uhs2_1247--udt9312,parquet_residential_short_202512_res_MT,486622-4.parquet,3
uhs2_1247--udt9312,parquet_residential_short_202512_res_MT,489576-4.parquet,1
uhs2_1247--udt9312,parquet_residential_short_202512_res_MT,490684-4.parquet,1
uhs2_1247--udt9312,parquet_residential_short_202512_res_MT,492040-4.parquet,10
uhs2_1247--udt9312,parquet_residential_short_202512_res_MT,493524-4.parquet,4
uhs2_1247--udt9312,parquet_residential_short_202512_res_MT,494976-4.parquet,1
uhs2_1247--udt9312,parquet_residential_short_202512_res_MT,500793-4.parquet,21
uhs2_1247--udt9312,parquet_residential_short_202512_res_MT,508034-4.parquet,2
uhs2_1247--udt9312,parquet_residential_short_202512_res_MT,513358-4.parquet,2
uhs2_1247--udt9312,parquet_residential_short_202512_res_MT,526430-4.parquet,1
uhs2_1247--udt9312,parquet_residential_short_202512_res_MT,527227-4.parquet,5
uhs2_1247--udt9312,parquet_residential_short_202512_res_MT,529425-4.parquet,12
uhs2_1247--udt9312,parquet_residential_short_202512_res_MT,535363-4.parquet,5
uhs2_1247--udt9312,parquet_residential_short_202512_res_MT,537910-4.parquet,5
uhs2_1247--udt9312,parquet_residential_short_202512_res_MT,543184-4.parquet,4
uhs2_1247--udt9312,parquet_residential_short_202512_res_MT,57772-4.parquet,7
uhs2_1247--udt9312,parquet_residential_short_202512_res_MT,58337-4.parquet,4
uhs2_1247--udt9312,parquet_residential_short_202512_res_MT,63328-4.parquet,3
uhs2_1247--udt9312,parquet_residential_short_202512_res_MT,64056-4.parquet,5
uhs2_1247--udt9312,parquet_residential_short_202512_res_MT,81904-4.parquet,12
uhs2_1247--udt9312,parquet_residential_short_202512_res_MT,82224-4.parquet,1
uhs2_1247--udt9312,parquet_residential_short_202512_res_MT,86159-4.parquet,4
uhs2_1247--udt9312,parquet_residential_short_202512_res_MT,90560-4.parquet,6
uhs2_1247--udt9312,parquet_residential_short_202512_res_MT,9342-4.parquet,2
uhs2_1247--udt9312,parquet_residential_short_202512_res_MT,97519-4.parquet,1
uhs2_1247--udt9312,parquet_residential_short_202512_res_MT,99076-4.parquet,2
uhs3_1247--udt1567,parquet_commercial_202512_comm_MT,184105-9.parquet,1
uhs3_1247--udt1567,parquet_commercial_202512_comm_MT,184116-2.parquet,7
uhs3_1247--udt1567,parquet_commercial_202512_comm_MT,184124-2.parquet,1
uhs3_1247--udt1567,parquet_commercial_202512_comm_MT,184131-2.parquet,4
uhs3_1247--udt1567,parquet_commercial_202512_comm_MT,184141-2.parquet,1
uhs3_1247--udt1567,parquet_commercial_202512_comm_MT,184147-9.parquet,7
uhs3_1247--udt1567,parquet_commercial_202512_comm_MT,184157-2.parquet,1
uhs3_1247--udt1567,parquet_commercial_202512_comm_MT,184174-2.parquet,1
uhs3_1247--udt1567,parquet_commercial_202512_comm_MT,184179-9.parquet,1
uhs3_1247--udt1567,parquet_commercial_202512_comm_MT,184181-9.parquet,1
uhs3_1247--udt1567,parquet_commercial_202512_comm_MT,184182-2.parquet,3
uhs3_1247--udt1567,parquet_commercial_202512_comm_MT,184194-9.parquet,1
uhs3_1247--udt1567,parquet_commercial_202512_comm_MT,184202-2.parquet,2
uhs3_1247--udt1567,parquet_commercial_202512_comm_MT,184207-2.parquet,2
uhs3_1247--udt1567,parquet_commercial_202512_comm_MT,184220-2.parquet,4
uhs3_1247--udt1567,parquet_commercial_202512_comm_MT,184221-9.parquet,1
uhs3_1247--udt1567,parquet_commercial_202512_comm_MT,184234-2.parquet,1
uhs3_1247--udt1567,parquet_commercial_202512_comm_MT,184246-9.parquet,1
uhs3_1247--udt1567,parquet_commercial_202512_comm_MT,184288-2.parquet,3
uhs3_1247--udt1567,parquet_commercial_202512_comm_MT,184297-9.parquet,2
uhs3_1247--udt1567,parquet_commercial_202512_comm_MT,184313-2.parquet,5
uhs3_1247--udt1567,parquet_commercial_202512_comm_MT,184315-2.parquet,6
uhs3_1247--udt1567,parquet_commercial_202512_comm_MT,184358-9.parquet,1
uhs3_1247--udt1567,parquet_commercial_202512_comm_MT,184363-9.parquet,1
uhs3_1247--udt1567,parquet_commercial_202512_comm_MT,184365-2.parquet,3
uhs3_1247--udt1567,parquet_commercial_202512_comm_MT,184367-9.parquet,1
uhs3_1247--udt1567,parquet_commercial_202512_comm_MT,184370-2.parquet,1
uhs3_1247--udt1567,parquet_commercial_202512_comm_MT,184377-2.parquet,1
uhs3_1247--udt1567,parquet_commercial_202512_comm_MT,184391-9.parquet,1
uhs3_1247--udt1567,parquet_commercial_202512_comm_MT,184394-9.parquet,3
uhs3_1247--udt1567,parquet_commercial_202512_comm_MT,184401-9.parquet,4
uhs3_1247--udt1567,parquet_commercial_202512_comm_MT,184413-2.parquet,2
uhs3_1247--udt1567,parquet_commercial_202512_comm_MT,184432-9.parquet,1
uhs3_1247--udt1567,parquet_commercial_202512_comm_MT,184433-2.parquet,2
uhs3_1247--udt1567,parquet_commercial_202512_comm_MT,184441-9.parquet,1
uhs3_1247--udt1567,parquet_commercial_202512_comm_MT,184444-2.parquet,1
uhs3_1247--udt1567,parquet_commercial_202512_comm_MT,184481-9.parquet,1
uhs3_1247--udt1567,parquet_commercial_202512_comm_MT,184492-2.parquet,1
uhs3_1247--udt1567,parquet_commercial_202512_comm_MT,184496-9.parquet,1
uhs3_1247--udt1567,parquet_commercial_202512_comm_MT,184508-2.parquet,2
uhs3_1247--udt1567,parquet_commercial_202512_comm_MT,184512-2.parquet,2
uhs3_1247--udt1567,parquet_commercial_202512_comm_MT,184518-2.parquet,7
uhs3_1247--udt1567,parquet_commercial_202512_comm_MT,184522-2.parquet,1
uhs3_1247--udt1567,parquet_commercial_202512_comm_MT,184530-2.parquet,1
uhs3_1247--udt1567,parquet_commercial_202512_comm_MT,184544-2.parquet,3
uhs3_1247--udt1567,parquet_commercial_202512_comm_MT,184551-9.parquet,1
uhs3_1247--udt1567,parquet_commercial_202512_comm_MT,184557-2.parquet,1
uhs3_1247--udt1567,parquet_commercial_202512_comm_MT,184565-9.parquet,1
uhs3_1247--udt1567,parquet_commercial_202512_comm_MT,184581-9.parquet,1
uhs3_1247--udt1567,parquet_commercial_202512_comm_MT,184586-9.parquet,3
uhs3_1247--udt1567,parquet_commercial_202512_comm_MT,184587-2.parquet,1
uhs3_1247--udt1567,parquet_commercial_202512_comm_MT,184596-9.parquet,2
uhs3_1247--udt1567,parquet_commercial_202512_comm_MT,184603-2.parquet,1
uhs3_1247--udt1567,parquet_commercial_202512_comm_MT,184608-9.parquet,1
uhs3_1247--udt1567,parquet_commercial_202512_comm_MT,184612-9.parquet,3
uhs3_1247--udt1567,parquet_commercial_202512_comm_MT,184616-2.parquet,4
uhs3_1247--udt1567,parquet_commercial_202512_comm_MT,184617-2.parquet,3
uhs3_1247--udt1567,parquet_commercial_202512_comm_MT,184637-9.parquet,2
uhs3_1247--udt1567,parquet_commercial_202512_comm_MT,184646-9.parquet,6
uhs3_1247--udt1567,parquet_commercial_202512_comm_MT,184664-9.parquet,3
uhs3_1247--udt1567,parquet_commercial_202512_comm_MT,184687-2.parquet,1
uhs3_1247--udt1567,parquet_commercial_202512_comm_MT,184693-9.parquet,4
uhs3_1247--udt1567,parquet_commercial_202512_comm_MT,184697-9.parquet,1
uhs3_1247--udt1567,parquet_commercial_202512_comm_MT,184700-9.parquet,13
uhs3_1247--udt1567,parquet_commercial_202512_comm_MT,184706-2.parquet,3
uhs3_1247--udt1567,parquet_commercial_202512_comm_MT,184717-9.parquet,3
uhs3_1247--udt1567,parquet_commercial_202512_comm_MT,184718-9.parquet,2
uhs3_1247--udt1567,parquet_commercial_202512_comm_MT,184742-2.parquet,1
uhs3_1247--udt1567,parquet_commercial_202512_comm_MT,184763-2.parquet,2
uhs3_1247--udt1567,parquet_commercial_202512_comm_MT,184766-9.parquet,1
uhs3_1247--udt1567,parquet_commercial_202512_comm_MT,184767-2.parquet,1
uhs3_1247--udt1567,parquet_commercial_202512_comm_MT,184772-2.parquet,1
uhs3_1247--udt1567,parquet_commercial_202512_comm_MT,184776-2.parquet,4
uhs3_1247--udt1567,parquet_commercial_202512_comm_MT,184797-2.parquet,1
uhs3_1247--udt1567,parquet_commercial_202512_comm_MT,184798-9.parquet,1
uhs3_1247--udt1567,parquet_commercial_202512_comm_MT,184809-2.parquet,4
uhs3_1247--udt1567,parquet_commercial_202512_comm_MT,184831-9.parquet,2
uhs3_1247--udt1567,parquet_commercial_202512_comm_MT,184835-2.parquet,1
uhs3_1247--udt1567,parquet_commercial_202512_comm_MT,184844-2.parquet,1
uhs3_1247--udt1567,parquet_commercial_202512_comm_MT,184846-2.parquet,1
uhs3_1247--udt1567,parquet_commercial_202512_comm_MT,184857-9.parquet,2
uhs3_1247--udt1567,parquet_commercial_202512_comm_MT,184863-2.parquet,1
uhs3_1247--udt1567,parquet_commercial_202512_comm_MT,184887-2.parquet,3
uhs3_1247--udt1567,parquet_commercial_202512_comm_MT,184897-9.parquet,1
uhs3_1247--udt1567,parquet_commercial_202512_comm_MT,184930-2.parquet,1
uhs3_1247--udt1567,parquet_commercial_202512_comm_MT,184941-2.parquet,3
uhs3_1247--udt1567,parquet_commercial_202512_comm_MT,184946-2.parquet,1
uhs3_1247--udt1567,parquet_commercial_202512_comm_MT,184968-2.parquet,3
uhs3_1247--udt1567,parquet_commercial_202512_comm_MT,185005-9.parquet,1
uhs3_1247--udt1567,parquet_commercial_202512_comm_MT,185025-9.parquet,1
uhs3_1247--udt1567,parquet_residential_short_202512_res_MT,102854-4.parquet,30
uhs3_1247--udt1567,parquet_residential_short_202512_res_MT,106657-4.parquet,10
uhs3_1247--udt1567,parquet_residential_short_202512_res_MT,118797-4.parquet,1
uhs3_1247--udt1567,parquet_residential_short_202512_res_MT,119073-4.parquet,1
uhs3_1247--udt1567,parquet_residential_short_202512_res_MT,121985-4.parquet,4
uhs3_1247--udt1567,parquet_residential_short_202512_res_MT,131145-4.parquet,3
uhs3_1247--udt1567,parquet_residential_short_202512_res_MT,136309-4.parquet,6
uhs3_1247--udt1567,parquet_residential_short_202512_res_MT,140071-4.parquet,6
uhs3_1247--udt1567,parquet_residential_short_202512_res_MT,142544-4.parquet,1
uhs3_1247--udt1567,parquet_residential_short_202512_res_MT,14281-4.parquet,1
uhs3_1247--udt1567,parquet_residential_short_202512_res_MT,153454-4.parquet,7
uhs3_1247--udt1567,parquet_residential_short_202512_res_MT,154106-4.parquet,3
uhs3_1247--udt1567,parquet_residential_short_202512_res_MT,156849-4.parquet,1
uhs3_1247--udt1567,parquet_residential_short_202512_res_MT,158072-4.parquet,2
uhs3_1247--udt1567,parquet_residential_short_202512_res_MT,162253-4.parquet,55
uhs3_1247--udt1567,parquet_residential_short_202512_res_MT,180039-4.parquet,27
uhs3_1247--udt1567,parquet_residential_short_202512_res_MT,183427-4.parquet,3
uhs3_1247--udt1567,parquet_residential_short_202512_res_MT,185745-4.parquet,39
uhs3_1247--udt1567,parquet_residential_short_202512_res_MT,201863-4.parquet,1
uhs3_1247--udt1567,parquet_residential_short_202512_res_MT,202090-4.parquet,1
uhs3_1247--udt1567,parquet_residential_short_202512_res_MT,203702-4.parquet,2
uhs3_1247--udt1567,parquet_residential_short_202512_res_MT,209507-4.parquet,4
uhs3_1247--udt1567,parquet_residential_short_202512_res_MT,210194-4.parquet,3
uhs3_1247--udt1567,parquet_residential_short_202512_res_MT,229622-4.parquet,2
uhs3_1247--udt1567,parquet_residential_short_202512_res_MT,239542-4.parquet,1
uhs3_1247--udt1567,parquet_residential_short_202512_res_MT,251857-4.parquet,1
uhs3_1247--udt1567,parquet_residential_short_202512_res_MT,276587-4.parquet,24
uhs3_1247--udt1567,parquet_residential_short_202512_res_MT,277210-4.parquet,1
uhs3_1247--udt1567,parquet_residential_short_202512_res_MT,278604-4.parquet,11
uhs3_1247--udt1567,parquet_residential_short_202512_res_MT,27882-4.parquet,9
uhs3_1247--udt1567,parquet_residential_short_202512_res_MT,305252-4.parquet,2
uhs3_1247--udt1567,parquet_residential_short_202512_res_MT,311002-4.parquet,3
uhs3_1247--udt1567,parquet_residential_short_202512_res_MT,314691-4.parquet,1
uhs3_1247--udt1567,parquet_residential_short_202512_res_MT,314702-4.parquet,1
uhs3_1247--udt1567,parquet_residential_short_202512_res_MT,321643-4.parquet,1
uhs3_1247--udt1567,parquet_residential_short_202512_res_MT,325203-4.parquet,3
uhs3_1247--udt1567,parquet_residential_short_202512_res_MT,338150-4.parquet,3
uhs3_1247--udt1567,parquet_residential_short_202512_res_MT,341215-4.parquet,1
uhs3_1247--udt1567,parquet_residential_short_202512_res_MT,341617-4.parquet,4
uhs3_1247--udt1567,parquet_residential_short_202512_res_MT,343688-4.parquet,1
uhs3_1247--udt1567,parquet_residential_short_202512_res_MT,345764-4.parquet,4
uhs3_1247--udt1567,parquet_residential_short_202512_res_MT,371830-4.parquet,1
uhs3_1247--udt1567,parquet_residential_short_202512_res_MT,387501-4.parquet,1
uhs3_1247--udt1567,parquet_residential_short_202512_res_MT,394476-4.parquet,5
uhs3_1247--udt1567,parquet_residential_short_202512_res_MT,401600-4.parquet,28
uhs3_1247--udt1567,parquet_residential_short_202512_res_MT,406640-4.parquet,5
uhs3_1247--udt1567,parquet_residential_short_202512_res_MT,410527-4.parquet,2
uhs3_1247--udt1567,parquet_residential_short_202512_res_MT,418448-4.parquet,2
uhs3_1247--udt1567,parquet_residential_short_202512_res_MT,420874-4.parquet,1
uhs3_1247--udt1567,parquet_residential_short_202512_res_MT,424723-4.parquet,2
uhs3_1247--udt1567,parquet_residential_short_202512_res_MT,427948-4.parquet,36
uhs3_1247--udt1567,parquet_residential_short_202512_res_MT,437679-4.parquet,1
uhs3_1247--udt1567,parquet_residential_short_202512_res_MT,458883-4.parquet,1
uhs3_1247--udt1567,parquet_residential_short_202512_res_MT,466189-4.parquet,4
uhs3_1247--udt1567,parquet_residential_short_202512_res_MT,468325-4.parquet,1
uhs3_1247--udt1567,parquet_residential_short_202512_res_MT,471837-4.parquet,2
uhs3_1247--udt1567,parquet_residential_short_202512_res_MT,475383-4.parquet,2
uhs3_1247--udt1567,parquet_residential_short_202512_res_MT,476793-4.parquet,5
uhs3_1247--udt1567,parquet_residential_short_202512_res_MT,481916-4.parquet,3
uhs3_1247--udt1567,parquet_residential_short_202512_res_MT,484947-4.parquet,2
uhs3_1247--udt1567,parquet_residential_short_202512_res_MT,486032-4.parquet,3
uhs3_1247--udt1567,parquet_residential_short_202512_res_MT,486410-4.parquet,6
uhs3_1247--udt1567,parquet_residential_short_202512_res_MT,486622-4.parquet,1
uhs3_1247--udt1567,parquet_residential_short_202512_res_MT,490684-4.parquet,1
uhs3_1247--udt1567,parquet_residential_short_202512_res_MT,493524-4.parquet,1
uhs3_1247--udt1567,parquet_residential_short_202512_res_MT,494052-4.parquet,10
uhs3_1247--udt1567,parquet_residential_short_202512_res_MT,494976-4.parquet,1
uhs3_1247--udt1567,parquet_residential_short_202512_res_MT,500436-4.parquet,5
uhs3_1247--udt1567,parquet_residential_short_202512_res_MT,500793-4.parquet,2
uhs3_1247--udt1567,parquet_residential_short_202512_res_MT,508034-4.parquet,2
uhs3_1247--udt1567,parquet_residential_short_202512_res_MT,513358-4.parquet,1
uhs3_1247--udt1567,parquet_residential_short_202512_res_MT,514429-4.parquet,7
uhs3_1247--udt1567,parquet_residential_short_202512_res_MT,527227-4.parquet,2
uhs3_1247--udt1567,parquet_residential_short_202512_res_MT,529425-4.parquet,12
uhs3_1247--udt1567,parquet_residential_short_202512_res_MT,535363-4.parquet,5
uhs3_1247--udt1567,parquet_residential_short_202512_res_MT,543184-4.parquet,2
uhs3_1247--udt1567,parquet_residential_short_202512_res_MT,544168-4.parquet,2
uhs3_1247--udt1567,parquet_residential_short_202512_res_MT,57772-4.parquet,2
uhs3_1247--udt1567,parquet_residential_short_202512_res_MT,58700-4.parquet,1
uhs3_1247--udt1567,parquet_residential_short_202512_res_MT,63328-4.parquet,1
uhs3_1247--udt1567,parquet_residential_short_202512_res_MT,64056-4.parquet,8
uhs3_1247--udt1567,parquet_residential_short_202512_res_MT,66138-4.parquet,6
uhs3_1247--udt1567,parquet_residential_short_202512_res_MT,81904-4.parquet,2
uhs3_1247--udt1567,parquet_residential_short_202512_res_MT,86159-4.parquet,1
uhs3_1247--udt1567,parquet_residential_short_202512_res_MT,88623-4.parquet,1
uhs3_1247--udt1567,parquet_residential_short_202512_res_MT,90560-4.parquet,1
uhs3_1247--udt1567,parquet_residential_short_202512_res_MT,93871-4.parquet,4
uhs3_1247--udt1567,parquet_residential_short_202512_res_MT,94199-4.parquet,4
uhs3_1247--udt1567,parquet_residential_short_202512_res_MT,97519-4.parquet,7
uhs3_1247--udt1571,parquet_commercial_202512_comm_MT,184108-2.parquet,1
uhs3_1247--udt1571,parquet_commercial_202512_comm_MT,184116-2.parquet,6
uhs3_1247--udt1571,parquet_commercial_202512_comm_MT,184131-2.parquet,2
uhs3_1247--udt1571,parquet_commercial_202512_comm_MT,184138-2.parquet,2
uhs3_1247--udt1571,parquet_commercial_202512_comm_MT,184147-9.parquet,6
uhs3_1247--udt1571,parquet_commercial_202512_comm_MT,184151-2.parquet,1
uhs3_1247--udt1571,parquet_commercial_202512_comm_MT,184154-2.parquet,1
uhs3_1247--udt1571,parquet_commercial_202512_comm_MT,184157-2.parquet,2
uhs3_1247--udt1571,parquet_commercial_202512_comm_MT,184165-2.parquet,2
uhs3_1247--udt1571,parquet_commercial_202512_comm_MT,184179-9.parquet,1
uhs3_1247--udt1571,parquet_commercial_202512_comm_MT,184181-9.parquet,1
uhs3_1247--udt1571,parquet_commercial_202512_comm_MT,184182-2.parquet,3
uhs3_1247--udt1571,parquet_commercial_202512_comm_MT,184193-2.parquet,1
uhs3_1247--udt1571,parquet_commercial_202512_comm_MT,184207-2.parquet,3
uhs3_1247--udt1571,parquet_commercial_202512_comm_MT,184220-2.parquet,4
uhs3_1247--udt1571,parquet_commercial_202512_comm_MT,184234-2.parquet,1
uhs3_1247--udt1571,parquet_commercial_202512_comm_MT,184237-2.parquet,1
uhs3_1247--udt1571,parquet_commercial_202512_comm_MT,184241-9.parquet,1
uhs3_1247--udt1571,parquet_commercial_202512_comm_MT,184246-9.parquet,1
uhs3_1247--udt1571,parquet_commercial_202512_comm_MT,184285-2.parquet,1
uhs3_1247--udt1571,parquet_commercial_202512_comm_MT,184287-9.parquet,1
uhs3_1247--udt1571,parquet_commercial_202512_comm_MT,184288-2.parquet,6
uhs3_1247--udt1571,parquet_commercial_202512_comm_MT,184297-9.parquet,1
uhs3_1247--udt1571,parquet_commercial_202512_comm_MT,184313-2.parquet,7
uhs3_1247--udt1571,parquet_commercial_202512_comm_MT,184315-2.parquet,13
uhs3_1247--udt1571,parquet_commercial_202512_comm_MT,184336-9.parquet,1
uhs3_1247--udt1571,parquet_commercial_202512_comm_MT,184340-2.parquet,1
uhs3_1247--udt1571,parquet_commercial_202512_comm_MT,184362-2.parquet,1
uhs3_1247--udt1571,parquet_commercial_202512_comm_MT,184365-2.parquet,1
uhs3_1247--udt1571,parquet_commercial_202512_comm_MT,184367-9.parquet,1
uhs3_1247--udt1571,parquet_commercial_202512_comm_MT,184382-9.parquet,1
uhs3_1247--udt1571,parquet_commercial_202512_comm_MT,184394-9.parquet,1
uhs3_1247--udt1571,parquet_commercial_202512_comm_MT,184401-9.parquet,1
uhs3_1247--udt1571,parquet_commercial_202512_comm_MT,184433-2.parquet,1
uhs3_1247--udt1571,parquet_commercial_202512_comm_MT,184438-9.parquet,2
uhs3_1247--udt1571,parquet_commercial_202512_comm_MT,184441-9.parquet,1
uhs3_1247--udt1571,parquet_commercial_202512_comm_MT,184444-2.parquet,4
uhs3_1247--udt1571,parquet_commercial_202512_comm_MT,184456-2.parquet,1
uhs3_1247--udt1571,parquet_commercial_202512_comm_MT,184481-9.parquet,1
uhs3_1247--udt1571,parquet_commercial_202512_comm_MT,184488-2.parquet,1
uhs3_1247--udt1571,parquet_commercial_202512_comm_MT,184496-9.parquet,1
uhs3_1247--udt1571,parquet_commercial_202512_comm_MT,184508-2.parquet,4
uhs3_1247--udt1571,parquet_commercial_202512_comm_MT,184510-2.parquet,2
uhs3_1247--udt1571,parquet_commercial_202512_comm_MT,184512-2.parquet,2
uhs3_1247--udt1571,parquet_commercial_202512_comm_MT,184518-2.parquet,14
uhs3_1247--udt1571,parquet_commercial_202512_comm_MT,184530-2.parquet,1
uhs3_1247--udt1571,parquet_commercial_202512_comm_MT,184544-2.parquet,1
uhs3_1247--udt1571,parquet_commercial_202512_comm_MT,184549-2.parquet,1
uhs3_1247--udt1571,parquet_commercial_202512_comm_MT,184561-9.parquet,1
uhs3_1247--udt1571,parquet_commercial_202512_comm_MT,184565-9.parquet,1
uhs3_1247--udt1571,parquet_commercial_202512_comm_MT,184570-9.parquet,1
uhs3_1247--udt1571,parquet_commercial_202512_comm_MT,184571-9.parquet,1
uhs3_1247--udt1571,parquet_commercial_202512_comm_MT,184575-9.parquet,1
uhs3_1247--udt1571,parquet_commercial_202512_comm_MT,184581-9.parquet,1
uhs3_1247--udt1571,parquet_commercial_202512_comm_MT,184586-9.parquet,1
uhs3_1247--udt1571,parquet_commercial_202512_comm_MT,184596-9.parquet,1
uhs3_1247--udt1571,parquet_commercial_202512_comm_MT,184612-9.parquet,2
uhs3_1247--udt1571,parquet_commercial_202512_comm_MT,184616-2.parquet,2
uhs3_1247--udt1571,parquet_commercial_202512_comm_MT,184617-2.parquet,2
uhs3_1247--udt1571,parquet_commercial_202512_comm_MT,184646-9.parquet,1
uhs3_1247--udt1571,parquet_commercial_202512_comm_MT,184664-9.parquet,2
uhs3_1247--udt1571,parquet_commercial_202512_comm_MT,184683-2.parquet,1
uhs3_1247--udt1571,parquet_commercial_202512_comm_MT,184689-9.parquet,1
uhs3_1247--udt1571,parquet_commercial_202512_comm_MT,184700-9.parquet,11
uhs3_1247--udt1571,parquet_commercial_202512_comm_MT,184706-2.parquet,3
uhs3_1247--udt1571,parquet_commercial_202512_comm_MT,184717-9.parquet,1
uhs3_1247--udt1571,parquet_commercial_202512_comm_MT,184718-9.parquet,1
uhs3_1247--udt1571,parquet_commercial_202512_comm_MT,184720-2.parquet,2
uhs3_1247--udt1571,parquet_commercial_202512_comm_MT,184727-2.parquet,2
uhs3_1247--udt1571,parquet_commercial_202512_comm_MT,184767-2.parquet,1
uhs3_1247--udt1571,parquet_commercial_202512_comm_MT,184772-2.parquet,2
uhs3_1247--udt1571,parquet_commercial_202512_comm_MT,184795-2.parquet,1
uhs3_1247--udt1571,parquet_commercial_202512_comm_MT,184809-2.parquet,3
uhs3_1247--udt1571,parquet_commercial_202512_comm_MT,184823-2.parquet,1
uhs3_1247--udt1571,parquet_commercial_202512_comm_MT,184831-9.parquet,3
uhs3_1247--udt1571,parquet_commercial_202512_comm_MT,184844-2.parquet,3
uhs3_1247--udt1571,parquet_commercial_202512_comm_MT,184849-9.parquet,2
uhs3_1247--udt1571,parquet_commercial_202512_comm_MT,184852-9.parquet,1
uhs3_1247--udt1571,parquet_commercial_202512_comm_MT,184855-2.parquet,1
uhs3_1247--udt1571,parquet_commercial_202512_comm_MT,184857-9.parquet,5
uhs3_1247--udt1571,parquet_commercial_202512_comm_MT,184863-2.parquet,3
uhs3_1247--udt1571,parquet_commercial_202512_comm_MT,184885-2.parquet,1
uhs3_1247--udt1571,parquet_commercial_202512_comm_MT,184887-2.parquet,1
uhs3_1247--udt1571,parquet_commercial_202512_comm_MT,184896-2.parquet,1
uhs3_1247--udt1571,parquet_commercial_202512_comm_MT,184897-9.parquet,1
uhs3_1247--udt1571,parquet_commercial_202512_comm_MT,184908-2.parquet,1
uhs3_1247--udt1571,parquet_commercial_202512_comm_MT,184941-2.parquet,2
uhs3_1247--udt1571,parquet_commercial_202512_comm_MT,184942-9.parquet,2
uhs3_1247--udt1571,parquet_commercial_202512_comm_MT,184953-9.parquet,1
uhs3_1247--udt1571,parquet_commercial_202512_comm_MT,185003-9.parquet,4
uhs3_1247--udt1571,parquet_commercial_202512_comm_MT,185004-9.parquet,1
uhs3_1247--udt1571,parquet_commercial_202512_comm_MT,185008-9.parquet,1
uhs3_1247--udt1571,parquet_commercial_202512_comm_MT,185010-2.parquet,1
uhs3_1247--udt1571,parquet_commercial_202512_comm_MT,185024-9.parquet,1
uhs3_1247--udt1571,parquet_commercial_202512_comm_MT,185025-9.parquet,1
uhs3_1247--udt1571,parquet_residential_short_202512_res_MT,101078-4.parquet,1
uhs3_1247--udt1571,parquet_residential_short_202512_res_MT,102182-4.parquet,1
uhs3_1247--udt1571,parquet_residential_short_202512_res_MT,102854-4.parquet,20
uhs3_1247--udt1571,parquet_residential_short_202512_res_MT,106657-4.parquet,5
uhs3_1247--udt1571,parquet_residential_short_202512_res_MT,117464-4.parquet,1
uhs3_1247--udt1571,parquet_residential_short_202512_res_MT,119073-4.parquet,2
uhs3_1247--udt1571,parquet_residential_short_202512_res_MT,119460-4.parquet,1
uhs3_1247--udt1571,parquet_residential_short_202512_res_MT,121985-4.parquet,1
uhs3_1247--udt1571,parquet_residential_short_202512_res_MT,131145-4.parquet,1
uhs3_1247--udt1571,parquet_residential_short_202512_res_MT,136303-4.parquet,2
uhs3_1247--udt1571,parquet_residential_short_202512_res_MT,136309-4.parquet,4
uhs3_1247--udt1571,parquet_residential_short_202512_res_MT,140071-4.parquet,2
uhs3_1247--udt1571,parquet_residential_short_202512_res_MT,14281-4.parquet,1
uhs3_1247--udt1571,parquet_residential_short_202512_res_MT,149272-4.parquet,1
uhs3_1247--udt1571,parquet_residential_short_202512_res_MT,153454-4.parquet,3
uhs3_1247--udt1571,parquet_residential_short_202512_res_MT,154106-4.parquet,2
uhs3_1247--udt1571,parquet_residential_short_202512_res_MT,154367-4.parquet,1
uhs3_1247--udt1571,parquet_residential_short_202512_res_MT,159135-4.parquet,1
uhs3_1247--udt1571,parquet_residential_short_202512_res_MT,162253-4.parquet,14
uhs3_1247--udt1571,parquet_residential_short_202512_res_MT,166040-4.parquet,1
uhs3_1247--udt1571,parquet_residential_short_202512_res_MT,180039-4.parquet,3
uhs3_1247--udt1571,parquet_residential_short_202512_res_MT,185745-4.parquet,27
uhs3_1247--udt1571,parquet_residential_short_202512_res_MT,203702-4.parquet,4
uhs3_1247--udt1571,parquet_residential_short_202512_res_MT,209507-4.parquet,1
uhs3_1247--udt1571,parquet_residential_short_202512_res_MT,210194-4.parquet,2
uhs3_1247--udt1571,parquet_residential_short_202512_res_MT,217886-4.parquet,2
uhs3_1247--udt1571,parquet_residential_short_202512_res_MT,234488-4.parquet,2
uhs3_1247--udt1571,parquet_residential_short_202512_res_MT,276587-4.parquet,18
uhs3_1247--udt1571,parquet_residential_short_202512_res_MT,278604-4.parquet,1
uhs3_1247--udt1571,parquet_residential_short_202512_res_MT,27882-4.parquet,2
uhs3_1247--udt1571,parquet_residential_short_202512_res_MT,305252-4.parquet,1
uhs3_1247--udt1571,parquet_residential_short_202512_res_MT,311002-4.parquet,4
uhs3_1247--udt1571,parquet_residential_short_202512_res_MT,321643-4.parquet,1
uhs3_1247--udt1571,parquet_residential_short_202512_res_MT,325203-4.parquet,2
uhs3_1247--udt1571,parquet_residential_short_202512_res_MT,338150-4.parquet,4
uhs3_1247--udt1571,parquet_residential_short_202512_res_MT,341215-4.parquet,2
uhs3_1247--udt1571,parquet_residential_short_202512_res_MT,341617-4.parquet,3
uhs3_1247--udt1571,parquet_residential_short_202512_res_MT,343688-4.parquet,1
uhs3_1247--udt1571,parquet_residential_short_202512_res_MT,365913-4.parquet,1
uhs3_1247--udt1571,parquet_residential_short_202512_res_MT,370023-4.parquet,1
uhs3_1247--udt1571,parquet_residential_short_202512_res_MT,394476-4.parquet,2
uhs3_1247--udt1571,parquet_residential_short_202512_res_MT,401600-4.parquet,20
uhs3_1247--udt1571,parquet_residential_short_202512_res_MT,402646-4.parquet,1
uhs3_1247--udt1571,parquet_residential_short_202512_res_MT,42376-4.parquet,2
uhs3_1247--udt1571,parquet_residential_short_202512_res_MT,423918-4.parquet,1
uhs3_1247--udt1571,parquet_residential_short_202512_res_MT,424723-4.parquet,2
uhs3_1247--udt1571,parquet_residential_short_202512_res_MT,427948-4.parquet,20
uhs3_1247--udt1571,parquet_residential_short_202512_res_MT,43358-4.parquet,1
uhs3_1247--udt1571,parquet_residential_short_202512_res_MT,438998-4.parquet,1
uhs3_1247--udt1571,parquet_residential_short_202512_res_MT,449002-4.parquet,2
uhs3_1247--udt1571,parquet_residential_short_202512_res_MT,454505-4.parquet,1
uhs3_1247--udt1571,parquet_residential_short_202512_res_MT,466189-4.parquet,3
uhs3_1247--udt1571,parquet_residential_short_202512_res_MT,475383-4.parquet,1
uhs3_1247--udt1571,parquet_residential_short_202512_res_MT,476793-4.parquet,2
uhs3_1247--udt1571,parquet_residential_short_202512_res_MT,481916-4.parquet,1
uhs3_1247--udt1571,parquet_residential_short_202512_res_MT,486410-4.parquet,5
uhs3_1247--udt1571,parquet_residential_short_202512_res_MT,492040-4.parquet,2
uhs3_1247--udt1571,parquet_residential_short_202512_res_MT,493524-4.parquet,4
uhs3_1247--udt1571,parquet_residential_short_202512_res_MT,494052-4.parquet,1
uhs3_1247--udt1571,parquet_residential_short_202512_res_MT,500436-4.parquet,1
uhs3_1247--udt1571,parquet_residential_short_202512_res_MT,500793-4.parquet,6
uhs3_1247--udt1571,parquet_residential_short_202512_res_MT,505357-4.parquet,1
uhs3_1247--udt1571,parquet_residential_short_202512_res_MT,508034-4.parquet,2
uhs3_1247--udt1571,parquet_residential_short_202512_res_MT,514429-4.parquet,1
uhs3_1247--udt1571,parquet_residential_short_202512_res_MT,527227-4.parquet,2
uhs3_1247--udt1571,parquet_residential_short_202512_res_MT,529425-4.parquet,1
uhs3_1247--udt1571,parquet_residential_short_202512_res_MT,537910-4.parquet,1
uhs3_1247--udt1571,parquet_residential_short_202512_res_MT,543184-4.parquet,2
uhs3_1247--udt1571,parquet_residential_short_202512_res_MT,57772-4.parquet,4
uhs3_1247--udt1571,parquet_residential_short_202512_res_MT,63328-4.parquet,1
uhs3_1247--udt1571,parquet_residential_short_202512_res_MT,64056-4.parquet,1
uhs3_1247--udt1571,parquet_residential_short_202512_res_MT,66138-4.parquet,1
uhs3_1247--udt1571,parquet_residential_short_202512_res_MT,86159-4.parquet,2
uhs3_1247--udt1571,parquet_residential_short_202512_res_MT,88697-4.parquet,1
uhs3_1247--udt1571,parquet_residential_short_202512_res_MT,9342-4.parquet,1
uhs3_1247--udt1571,parquet_residential_short_202512_res_MT,93871-4.parquet,2
uhs3_1247--udt1582,parquet_commercial_202512_comm_MT,184116-2.parquet,1
uhs3_1247--udt1582,parquet_commercial_202512_comm_MT,184141-2.parquet,1
uhs3_1247--udt1582,parquet_commercial_202512_comm_MT,184147-9.parquet,2
uhs3_1247--udt1582,parquet_commercial_202512_comm_MT,184154-2.parquet,1
uhs3_1247--udt1582,parquet_commercial_202512_comm_MT,184157-2.parquet,1
uhs3_1247--udt1582,parquet_commercial_202512_comm_MT,184181-9.parquet,1
uhs3_1247--udt1582,parquet_commercial_202512_comm_MT,184182-2.parquet,1
uhs3_1247--udt1582,parquet_commercial_202512_comm_MT,184207-2.parquet,2
uhs3_1247--udt1582,parquet_commercial_202512_comm_MT,184220-2.parquet,1
uhs3_1247--udt1582,parquet_commercial_202512_comm_MT,184241-9.parquet,1
uhs3_1247--udt1582,parquet_commercial_202512_comm_MT,184262-2.parquet,1
uhs3_1247--udt1582,parquet_commercial_202512_comm_MT,184270-9.parquet,1
uhs3_1247--udt1582,parquet_commercial_202512_comm_MT,184288-2.parquet,3
uhs3_1247--udt1582,parquet_commercial_202512_comm_MT,184300-2.parquet,1
uhs3_1247--udt1582,parquet_commercial_202512_comm_MT,184313-2.parquet,4
uhs3_1247--udt1582,parquet_commercial_202512_comm_MT,184315-2.parquet,1
uhs3_1247--udt1582,parquet_commercial_202512_comm_MT,184342-9.parquet,1
uhs3_1247--udt1582,parquet_commercial_202512_comm_MT,184362-2.parquet,1
uhs3_1247--udt1582,parquet_commercial_202512_comm_MT,184367-9.parquet,2
uhs3_1247--udt1582,parquet_commercial_202512_comm_MT,184401-9.parquet,2
uhs3_1247--udt1582,parquet_commercial_202512_comm_MT,184413-2.parquet,1
uhs3_1247--udt1582,parquet_commercial_202512_comm_MT,184444-2.parquet,1
uhs3_1247--udt1582,parquet_commercial_202512_comm_MT,184445-2.parquet,2
uhs3_1247--udt1582,parquet_commercial_202512_comm_MT,184475-9.parquet,1
uhs3_1247--udt1582,parquet_commercial_202512_comm_MT,184495-2.parquet,2
uhs3_1247--udt1582,parquet_commercial_202512_comm_MT,184508-2.parquet,16
uhs3_1247--udt1582,parquet_commercial_202512_comm_MT,184510-2.parquet,1
uhs3_1247--udt1582,parquet_commercial_202512_comm_MT,184518-2.parquet,5
uhs3_1247--udt1582,parquet_commercial_202512_comm_MT,184544-2.parquet,1
uhs3_1247--udt1582,parquet_commercial_202512_comm_MT,184637-9.parquet,1
uhs3_1247--udt1582,parquet_commercial_202512_comm_MT,184656-2.parquet,1
uhs3_1247--udt1582,parquet_commercial_202512_comm_MT,184664-9.parquet,1
uhs3_1247--udt1582,parquet_commercial_202512_comm_MT,184697-9.parquet,1
uhs3_1247--udt1582,parquet_commercial_202512_comm_MT,184700-9.parquet,2
uhs3_1247--udt1582,parquet_commercial_202512_comm_MT,184706-2.parquet,1
uhs3_1247--udt1582,parquet_commercial_202512_comm_MT,184717-9.parquet,1
uhs3_1247--udt1582,parquet_commercial_202512_comm_MT,184718-9.parquet,1
uhs3_1247--udt1582,parquet_commercial_202512_comm_MT,184735-2.parquet,1
uhs3_1247--udt1582,parquet_commercial_202512_comm_MT,184737-2.parquet,1
uhs3_1247--udt1582,parquet_commercial_202512_comm_MT,184742-2.parquet,1
uhs3_1247--udt1582,parquet_commercial_202512_comm_MT,184744-9.parquet,2
uhs3_1247--udt1582,parquet_commercial_202512_comm_MT,184762-9.parquet,2
uhs3_1247--udt1582,parquet_commercial_202512_comm_MT,184809-2.parquet,3
uhs3_1247--udt1582,parquet_commercial_202512_comm_MT,184827-9.parquet,1
uhs3_1247--udt1582,parquet_commercial_202512_comm_MT,184831-9.parquet,1
uhs3_1247--udt1582,parquet_commercial_202512_comm_MT,184838-2.parquet,1
uhs3_1247--udt1582,parquet_commercial_202512_comm_MT,184856-9.parquet,1
uhs3_1247--udt1582,parquet_commercial_202512_comm_MT,184857-9.parquet,1
uhs3_1247--udt1582,parquet_commercial_202512_comm_MT,184863-2.parquet,1
uhs3_1247--udt1582,parquet_commercial_202512_comm_MT,184929-2.parquet,2
uhs3_1247--udt1582,parquet_commercial_202512_comm_MT,184934-2.parquet,1
uhs3_1247--udt1582,parquet_commercial_202512_comm_MT,184941-2.parquet,1
uhs3_1247--udt1582,parquet_commercial_202512_comm_MT,184946-2.parquet,1
uhs3_1247--udt1582,parquet_commercial_202512_comm_MT,185003-9.parquet,4
uhs3_1247--udt1582,parquet_commercial_202512_comm_MT,185004-9.parquet,1
uhs3_1247--udt1582,parquet_commercial_202512_comm_MT,185015-2.parquet,1
uhs3_1247--udt1582,parquet_commercial_202512_comm_MT,185028-2.parquet,1
uhs3_1247--udt1582,parquet_residential_short_202512_res_MT,102854-4.parquet,21
uhs3_1247--udt1582,parquet_residential_short_202512_res_MT,106657-4.parquet,5
uhs3_1247--udt1582,parquet_residential_short_202512_res_MT,118797-4.parquet,2
uhs3_1247--udt1582,parquet_residential_short_202512_res_MT,121985-4.parquet,2
uhs3_1247--udt1582,parquet_residential_short_202512_res_MT,131145-4.parquet,1
uhs3_1247--udt1582,parquet_residential_short_202512_res_MT,135840-4.parquet,1
uhs3_1247--udt1582,parquet_residential_short_202512_res_MT,138494-4.parquet,1
uhs3_1247--udt1582,parquet_residential_short_202512_res_MT,140071-4.parquet,3
uhs3_1247--udt1582,parquet_residential_short_202512_res_MT,154106-4.parquet,1
uhs3_1247--udt1582,parquet_residential_short_202512_res_MT,162253-4.parquet,7
uhs3_1247--udt1582,parquet_residential_short_202512_res_MT,185745-4.parquet,17
uhs3_1247--udt1582,parquet_residential_short_202512_res_MT,203702-4.parquet,1
uhs3_1247--udt1582,parquet_residential_short_202512_res_MT,209507-4.parquet,1
uhs3_1247--udt1582,parquet_residential_short_202512_res_MT,210194-4.parquet,2
uhs3_1247--udt1582,parquet_residential_short_202512_res_MT,215981-4.parquet,1
uhs3_1247--udt1582,parquet_residential_short_202512_res_MT,234488-4.parquet,2
uhs3_1247--udt1582,parquet_residential_short_202512_res_MT,271955-4.parquet,1
uhs3_1247--udt1582,parquet_residential_short_202512_res_MT,276587-4.parquet,16
uhs3_1247--udt1582,parquet_residential_short_202512_res_MT,277210-4.parquet,1
uhs3_1247--udt1582,parquet_residential_short_202512_res_MT,278604-4.parquet,4
uhs3_1247--udt1582,parquet_residential_short_202512_res_MT,27882-4.parquet,1
uhs3_1247--udt1582,parquet_residential_short_202512_res_MT,305252-4.parquet,1
uhs3_1247--udt1582,parquet_residential_short_202512_res_MT,311002-4.parquet,2
uhs3_1247--udt1582,parquet_residential_short_202512_res_MT,314702-4.parquet,1
uhs3_1247--udt1582,parquet_residential_short_202512_res_MT,325203-4.parquet,3
uhs3_1247--udt1582,parquet_residential_short_202512_res_MT,341617-4.parquet,3
uhs3_1247--udt1582,parquet_residential_short_202512_res_MT,401600-4.parquet,9
uhs3_1247--udt1582,parquet_residential_short_202512_res_MT,406640-4.parquet,3
uhs3_1247--udt1582,parquet_residential_short_202512_res_MT,418448-4.parquet,1
uhs3_1247--udt1582,parquet_residential_short_202512_res_MT,427948-4.parquet,15
uhs3_1247--udt1582,parquet_residential_short_202512_res_MT,43358-4.parquet,1
uhs3_1247--udt1582,parquet_residential_short_202512_res_MT,438998-4.parquet,1
uhs3_1247--udt1582,parquet_residential_short_202512_res_MT,466189-4.parquet,1
uhs3_1247--udt1582,parquet_residential_short_202512_res_MT,475383-4.parquet,2
uhs3_1247--udt1582,parquet_residential_short_202512_res_MT,476793-4.parquet,2
uhs3_1247--udt1582,parquet_residential_short_202512_res_MT,486032-4.parquet,3
uhs3_1247--udt1582,parquet_residential_short_202512_res_MT,486410-4.parquet,2
uhs3_1247--udt1582,parquet_residential_short_202512_res_MT,486622-4.parquet,1
uhs3_1247--udt1582,parquet_residential_short_202512_res_MT,492040-4.parquet,3
uhs3_1247--udt1582,parquet_residential_short_202512_res_MT,494052-4.parquet,2
uhs3_1247--udt1582,parquet_residential_short_202512_res_MT,500793-4.parquet,2
uhs3_1247--udt1582,parquet_residential_short_202512_res_MT,513358-4.parquet,1
uhs3_1247--udt1582,parquet_residential_short_202512_res_MT,514429-4.parquet,1
uhs3_1247--udt1582,parquet_residential_short_202512_res_MT,527227-4.parquet,1
uhs3_1247--udt1582,parquet_residential_short_202512_res_MT,535363-4.parquet,2
uhs3_1247--udt1582,parquet_residential_short_202512_res_MT,543184-4.parquet,1
uhs3_1247--udt1582,parquet_residential_short_202512_res_MT,544168-4.parquet,1
uhs3_1247--udt1582,parquet_residential_short_202512_res_MT,57772-4.parquet,1
uhs3_1247--udt1582,parquet_residential_short_202512_res_MT,64056-4.parquet,2
uhs3_1247--udt1582,parquet_residential_short_202512_res_MT,68953-4.parquet,1
uhs3_1247--udt1582,parquet_residential_short_202512_res_MT,93871-4.parquet,1
uhs3_1247--udt1582,parquet_residential_short_202512_res_MT,99076-4.parquet,1
uhs4_1247--p1umv7,parquet_commercial_202512_comm_MT,184108-2.parquet,2
uhs4_1247--p1umv7,parquet_commercial_202512_comm_MT,184116-2.parquet,20
uhs4_1247--p1umv7,parquet_commercial_202512_comm_MT,184120-2.parquet,1
uhs4_1247--p1umv7,parquet_commercial_202512_comm_MT,184131-2.parquet,2
uhs4_1247--p1umv7,parquet_commercial_202512_comm_MT,184133-9.parquet,1
uhs4_1247--p1umv7,parquet_commercial_202512_comm_MT,184147-9.parquet,14
uhs4_1247--p1umv7,parquet_commercial_202512_comm_MT,184179-9.parquet,1
uhs4_1247--p1umv7,parquet_commercial_202512_comm_MT,184182-2.parquet,5
uhs4_1247--p1umv7,parquet_commercial_202512_comm_MT,184194-9.parquet,2
uhs4_1247--p1umv7,parquet_commercial_202512_comm_MT,184202-2.parquet,1
uhs4_1247--p1umv7,parquet_commercial_202512_comm_MT,184207-2.parquet,2
uhs4_1247--p1umv7,parquet_commercial_202512_comm_MT,184217-2.parquet,1
uhs4_1247--p1umv7,parquet_commercial_202512_comm_MT,184220-2.parquet,7
uhs4_1247--p1umv7,parquet_commercial_202512_comm_MT,184221-9.parquet,2
uhs4_1247--p1umv7,parquet_commercial_202512_comm_MT,184223-2.parquet,3
uhs4_1247--p1umv7,parquet_commercial_202512_comm_MT,184234-2.parquet,3
uhs4_1247--p1umv7,parquet_commercial_202512_comm_MT,184237-2.parquet,1
uhs4_1247--p1umv7,parquet_commercial_202512_comm_MT,184246-9.parquet,1
uhs4_1247--p1umv7,parquet_commercial_202512_comm_MT,184261-2.parquet,1
uhs4_1247--p1umv7,parquet_commercial_202512_comm_MT,184262-2.parquet,1
uhs4_1247--p1umv7,parquet_commercial_202512_comm_MT,184270-9.parquet,1
uhs4_1247--p1umv7,parquet_commercial_202512_comm_MT,184276-2.parquet,1
uhs4_1247--p1umv7,parquet_commercial_202512_comm_MT,184287-9.parquet,1
uhs4_1247--p1umv7,parquet_commercial_202512_comm_MT,184288-2.parquet,1
uhs4_1247--p1umv7,parquet_commercial_202512_comm_MT,184294-2.parquet,1
uhs4_1247--p1umv7,parquet_commercial_202512_comm_MT,184313-2.parquet,1
uhs4_1247--p1umv7,parquet_commercial_202512_comm_MT,184315-2.parquet,9
uhs4_1247--p1umv7,parquet_commercial_202512_comm_MT,184325-9.parquet,1
uhs4_1247--p1umv7,parquet_commercial_202512_comm_MT,184336-9.parquet,1
uhs4_1247--p1umv7,parquet_commercial_202512_comm_MT,184342-9.parquet,2
uhs4_1247--p1umv7,parquet_commercial_202512_comm_MT,184358-9.parquet,1
uhs4_1247--p1umv7,parquet_commercial_202512_comm_MT,184365-2.parquet,7
uhs4_1247--p1umv7,parquet_commercial_202512_comm_MT,184367-9.parquet,1
uhs4_1247--p1umv7,parquet_commercial_202512_comm_MT,184382-9.parquet,1
uhs4_1247--p1umv7,parquet_commercial_202512_comm_MT,184387-2.parquet,2
uhs4_1247--p1umv7,parquet_commercial_202512_comm_MT,184391-9.parquet,2
uhs4_1247--p1umv7,parquet_commercial_202512_comm_MT,184395-2.parquet,1
uhs4_1247--p1umv7,parquet_commercial_202512_comm_MT,184401-9.parquet,1
uhs4_1247--p1umv7,parquet_commercial_202512_comm_MT,184433-2.parquet,3
uhs4_1247--p1umv7,parquet_commercial_202512_comm_MT,184441-9.parquet,1
uhs4_1247--p1umv7,parquet_commercial_202512_comm_MT,184444-2.parquet,1
uhs4_1247--p1umv7,parquet_commercial_202512_comm_MT,184456-2.parquet,1
uhs4_1247--p1umv7,parquet_commercial_202512_comm_MT,184481-9.parquet,6
uhs4_1247--p1umv7,parquet_commercial_202512_comm_MT,184492-2.parquet,1
uhs4_1247--p1umv7,parquet_commercial_202512_comm_MT,184495-2.parquet,1
uhs4_1247--p1umv7,parquet_commercial_202512_comm_MT,184496-9.parquet,1
uhs4_1247--p1umv7,parquet_commercial_202512_comm_MT,184508-2.parquet,1
uhs4_1247--p1umv7,parquet_commercial_202512_comm_MT,184510-2.parquet,1
uhs4_1247--p1umv7,parquet_commercial_202512_comm_MT,184512-2.parquet,2
uhs4_1247--p1umv7,parquet_commercial_202512_comm_MT,184518-2.parquet,33
uhs4_1247--p1umv7,parquet_commercial_202512_comm_MT,184527-9.parquet,1
uhs4_1247--p1umv7,parquet_commercial_202512_comm_MT,184544-2.parquet,1
uhs4_1247--p1umv7,parquet_commercial_202512_comm_MT,184546-2.parquet,1
uhs4_1247--p1umv7,parquet_commercial_202512_comm_MT,184565-9.parquet,1
uhs4_1247--p1umv7,parquet_commercial_202512_comm_MT,184579-2.parquet,1
uhs4_1247--p1umv7,parquet_commercial_202512_comm_MT,184584-2.parquet,1
uhs4_1247--p1umv7,parquet_commercial_202512_comm_MT,184586-9.parquet,1
uhs4_1247--p1umv7,parquet_commercial_202512_comm_MT,184587-2.parquet,1
uhs4_1247--p1umv7,parquet_commercial_202512_comm_MT,184596-9.parquet,2
uhs4_1247--p1umv7,parquet_commercial_202512_comm_MT,184603-2.parquet,1
uhs4_1247--p1umv7,parquet_commercial_202512_comm_MT,184617-2.parquet,4
uhs4_1247--p1umv7,parquet_commercial_202512_comm_MT,184623-9.parquet,2
uhs4_1247--p1umv7,parquet_commercial_202512_comm_MT,184637-9.parquet,2
uhs4_1247--p1umv7,parquet_commercial_202512_comm_MT,184641-2.parquet,1
uhs4_1247--p1umv7,parquet_commercial_202512_comm_MT,184646-9.parquet,6
uhs4_1247--p1umv7,parquet_commercial_202512_comm_MT,184654-2.parquet,1
uhs4_1247--p1umv7,parquet_commercial_202512_comm_MT,184664-9.parquet,1
uhs4_1247--p1umv7,parquet_commercial_202512_comm_MT,184681-9.parquet,1
uhs4_1247--p1umv7,parquet_commercial_202512_comm_MT,184683-2.parquet,1
uhs4_1247--p1umv7,parquet_commercial_202512_comm_MT,184693-9.parquet,6
uhs4_1247--p1umv7,parquet_commercial_202512_comm_MT,184700-9.parquet,4
uhs4_1247--p1umv7,parquet_commercial_202512_comm_MT,184706-2.parquet,1
uhs4_1247--p1umv7,parquet_commercial_202512_comm_MT,184717-9.parquet,5
uhs4_1247--p1umv7,parquet_commercial_202512_comm_MT,184718-9.parquet,3
uhs4_1247--p1umv7,parquet_commercial_202512_comm_MT,184727-2.parquet,4
uhs4_1247--p1umv7,parquet_commercial_202512_comm_MT,184729-2.parquet,1
uhs4_1247--p1umv7,parquet_commercial_202512_comm_MT,184744-9.parquet,1
uhs4_1247--p1umv7,parquet_commercial_202512_comm_MT,184762-9.parquet,2
uhs4_1247--p1umv7,parquet_commercial_202512_comm_MT,184763-2.parquet,3
uhs4_1247--p1umv7,parquet_commercial_202512_comm_MT,184766-9.parquet,1
uhs4_1247--p1umv7,parquet_commercial_202512_comm_MT,184767-2.parquet,2
uhs4_1247--p1umv7,parquet_commercial_202512_comm_MT,184772-2.parquet,4
uhs4_1247--p1umv7,parquet_commercial_202512_comm_MT,184799-2.parquet,2
uhs4_1247--p1umv7,parquet_commercial_202512_comm_MT,184809-2.parquet,5
uhs4_1247--p1umv7,parquet_commercial_202512_comm_MT,184821-9.parquet,2
uhs4_1247--p1umv7,parquet_commercial_202512_comm_MT,184823-2.parquet,2
uhs4_1247--p1umv7,parquet_commercial_202512_comm_MT,184831-9.parquet,1
uhs4_1247--p1umv7,parquet_commercial_202512_comm_MT,184843-2.parquet,1
uhs4_1247--p1umv7,parquet_commercial_202512_comm_MT,184844-2.parquet,1
uhs4_1247--p1umv7,parquet_commercial_202512_comm_MT,184846-2.parquet,1
uhs4_1247--p1umv7,parquet_commercial_202512_comm_MT,184856-9.parquet,4
uhs4_1247--p1umv7,parquet_commercial_202512_comm_MT,184857-9.parquet,6
uhs4_1247--p1umv7,parquet_commercial_202512_comm_MT,184863-2.parquet,3
uhs4_1247--p1umv7,parquet_commercial_202512_comm_MT,184887-2.parquet,3
uhs4_1247--p1umv7,parquet_commercial_202512_comm_MT,184888-9.parquet,1
uhs4_1247--p1umv7,parquet_commercial_202512_comm_MT,184894-9.parquet,1
uhs4_1247--p1umv7,parquet_commercial_202512_comm_MT,184929-2.parquet,1
uhs4_1247--p1umv7,parquet_commercial_202512_comm_MT,184934-2.parquet,1
uhs4_1247--p1umv7,parquet_commercial_202512_comm_MT,184941-2.parquet,4
uhs4_1247--p1umv7,parquet_commercial_202512_comm_MT,184942-9.parquet,1
uhs4_1247--p1umv7,parquet_commercial_202512_comm_MT,184950-2.parquet,1
uhs4_1247--p1umv7,parquet_commercial_202512_comm_MT,184967-2.parquet,1
uhs4_1247--p1umv7,parquet_commercial_202512_comm_MT,184968-2.parquet,1
uhs4_1247--p1umv7,parquet_commercial_202512_comm_MT,184974-2.parquet,1
uhs4_1247--p1umv7,parquet_commercial_202512_comm_MT,184983-2.parquet,1
uhs4_1247--p1umv7,parquet_commercial_202512_comm_MT,185008-9.parquet,1
uhs4_1247--p1umv7,parquet_commercial_202512_comm_MT,185015-2.parquet,4
uhs4_1247--p1umv7,parquet_residential_short_202512_res_MT,102854-4.parquet,6
uhs4_1247--p1umv7,parquet_residential_short_202512_res_MT,106657-4.parquet,7
uhs4_1247--p1umv7,parquet_residential_short_202512_res_MT,118797-4.parquet,2
uhs4_1247--p1umv7,parquet_residential_short_202512_res_MT,119073-4.parquet,3
uhs4_1247--p1umv7,parquet_residential_short_202512_res_MT,131145-4.parquet,1
uhs4_1247--p1umv7,parquet_residential_short_202512_res_MT,136303-4.parquet,1
uhs4_1247--p1umv7,parquet_residential_short_202512_res_MT,136309-4.parquet,4
uhs4_1247--p1umv7,parquet_residential_short_202512_res_MT,138494-4.parquet,3
uhs4_1247--p1umv7,parquet_residential_short_202512_res_MT,140071-4.parquet,1
uhs4_1247--p1umv7,parquet_residential_short_202512_res_MT,153454-4.parquet,1
uhs4_1247--p1umv7,parquet_residential_short_202512_res_MT,154106-4.parquet,5
uhs4_1247--p1umv7,parquet_residential_short_202512_res_MT,162253-4.parquet,23
uhs4_1247--p1umv7,parquet_residential_short_202512_res_MT,180039-4.parquet,1
uhs4_1247--p1umv7,parquet_residential_short_202512_res_MT,182480-4.parquet,1
uhs4_1247--p1umv7,parquet_residential_short_202512_res_MT,185745-4.parquet,16
uhs4_1247--p1umv7,parquet_residential_short_202512_res_MT,203702-4.parquet,1
uhs4_1247--p1umv7,parquet_residential_short_202512_res_MT,209507-4.parquet,2
uhs4_1247--p1umv7,parquet_residential_short_202512_res_MT,210194-4.parquet,1
uhs4_1247--p1umv7,parquet_residential_short_202512_res_MT,217886-4.parquet,1
uhs4_1247--p1umv7,parquet_residential_short_202512_res_MT,239542-4.parquet,1
uhs4_1247--p1umv7,parquet_residential_short_202512_res_MT,271955-4.parquet,1
uhs4_1247--p1umv7,parquet_residential_short_202512_res_MT,276587-4.parquet,11
uhs4_1247--p1umv7,parquet_residential_short_202512_res_MT,277210-4.parquet,4
uhs4_1247--p1umv7,parquet_residential_short_202512_res_MT,278604-4.parquet,6
uhs4_1247--p1umv7,parquet_residential_short_202512_res_MT,314702-4.parquet,1
uhs4_1247--p1umv7,parquet_residential_short_202512_res_MT,325203-4.parquet,1
uhs4_1247--p1umv7,parquet_residential_short_202512_res_MT,338150-4.parquet,1
uhs4_1247--p1umv7,parquet_residential_short_202512_res_MT,341617-4.parquet,2
uhs4_1247--p1umv7,parquet_residential_short_202512_res_MT,345764-4.parquet,1
uhs4_1247--p1umv7,parquet_residential_short_202512_res_MT,394476-4.parquet,2
uhs4_1247--p1umv7,parquet_residential_short_202512_res_MT,401600-4.parquet,20
uhs4_1247--p1umv7,parquet_residential_short_202512_res_MT,406640-4.parquet,3
uhs4_1247--p1umv7,parquet_residential_short_202512_res_MT,418448-4.parquet,2
uhs4_1247--p1umv7,parquet_residential_short_202512_res_MT,424723-4.parquet,5
uhs4_1247--p1umv7,parquet_residential_short_202512_res_MT,427948-4.parquet,10
uhs4_1247--p1umv7,parquet_residential_short_202512_res_MT,438998-4.parquet,1
uhs4_1247--p1umv7,parquet_residential_short_202512_res_MT,458883-4.parquet,1
uhs4_1247--p1umv7,parquet_residential_short_202512_res_MT,4605-4.parquet,1
uhs4_1247--p1umv7,parquet_residential_short_202512_res_MT,476793-4.parquet,2
uhs4_1247--p1umv7,parquet_residential_short_202512_res_MT,486032-4.parquet,2
uhs4_1247--p1umv7,parquet_residential_short_202512_res_MT,486410-4.parquet,3
uhs4_1247--p1umv7,parquet_residential_short_202512_res_MT,493524-4.parquet,1
uhs4_1247--p1umv7,parquet_residential_short_202512_res_MT,494976-4.parquet,1
uhs4_1247--p1umv7,parquet_residential_short_202512_res_MT,500436-4.parquet,2
uhs4_1247--p1umv7,parquet_residential_short_202512_res_MT,500793-4.parquet,2
uhs4_1247--p1umv7,parquet_residential_short_202512_res_MT,513358-4.parquet,1
uhs4_1247--p1umv7,parquet_residential_short_202512_res_MT,514429-4.parquet,2
uhs4_1247--p1umv7,parquet_residential_short_202512_res_MT,529425-4.parquet,15
uhs4_1247--p1umv7,parquet_residential_short_202512_res_MT,535363-4.parquet,1
uhs4_1247--p1umv7,parquet_residential_short_202512_res_MT,63328-4.parquet,1
uhs4_1247--p1umv7,parquet_residential_short_202512_res_MT,66138-4.parquet,1
uhs4_1247--p1umv7,parquet_residential_short_202512_res_MT,81904-4.parquet,1
uhs4_1247--p1umv7,parquet_residential_short_202512_res_MT,86159-4.parquet,1
uhs4_1247--p1umv7,parquet_residential_short_202512_res_MT,97519-4.parquet,2
uhs4_1247--p1umv8,parquet_commercial_202512_comm_MT,184116-2.parquet,2
uhs4_1247--p1umv8,parquet_commercial_202512_comm_MT,184131-2.parquet,5
uhs4_1247--p1umv8,parquet_commercial_202512_comm_MT,184138-2.parquet,1
uhs4_1247--p1umv8,parquet_commercial_202512_comm_MT,184154-2.parquet,1
uhs4_1247--p1umv8,parquet_commercial_202512_comm_MT,184182-2.parquet,5
uhs4_1247--p1umv8,parquet_commercial_202512_comm_MT,184220-2.parquet,1
uhs4_1247--p1umv8,parquet_commercial_202512_comm_MT,184234-2.parquet,1
uhs4_1247--p1umv8,parquet_commercial_202512_comm_MT,184313-2.parquet,2
uhs4_1247--p1umv8,parquet_commercial_202512_comm_MT,184349-2.parquet,2
uhs4_1247--p1umv8,parquet_commercial_202512_comm_MT,184367-9.parquet,1
uhs4_1247--p1umv8,parquet_commercial_202512_comm_MT,184391-9.parquet,1
uhs4_1247--p1umv8,parquet_commercial_202512_comm_MT,184401-9.parquet,2
uhs4_1247--p1umv8,parquet_commercial_202512_comm_MT,184444-2.parquet,1
uhs4_1247--p1umv8,parquet_commercial_202512_comm_MT,184475-9.parquet,2
uhs4_1247--p1umv8,parquet_commercial_202512_comm_MT,184518-2.parquet,3
uhs4_1247--p1umv8,parquet_commercial_202512_comm_MT,184522-2.parquet,2
uhs4_1247--p1umv8,parquet_commercial_202512_comm_MT,184575-9.parquet,1
uhs4_1247--p1umv8,parquet_commercial_202512_comm_MT,184579-2.parquet,1
uhs4_1247--p1umv8,parquet_commercial_202512_comm_MT,184596-9.parquet,1
uhs4_1247--p1umv8,parquet_commercial_202512_comm_MT,184617-2.parquet,2
uhs4_1247--p1umv8,parquet_commercial_202512_comm_MT,184623-9.parquet,2
uhs4_1247--p1umv8,parquet_commercial_202512_comm_MT,184646-9.parquet,1
uhs4_1247--p1umv8,parquet_commercial_202512_comm_MT,184683-2.parquet,1
uhs4_1247--p1umv8,parquet_commercial_202512_comm_MT,184717-9.parquet,2
uhs4_1247--p1umv8,parquet_commercial_202512_comm_MT,184727-2.parquet,3
uhs4_1247--p1umv8,parquet_commercial_202512_comm_MT,184767-2.parquet,1
uhs4_1247--p1umv8,parquet_commercial_202512_comm_MT,184776-2.parquet,6
uhs4_1247--p1umv8,parquet_commercial_202512_comm_MT,184809-2.parquet,1
uhs4_1247--p1umv8,parquet_commercial_202512_comm_MT,184840-9.parquet,2
uhs4_1247--p1umv8,parquet_commercial_202512_comm_MT,184844-2.parquet,2
uhs4_1247--p1umv8,parquet_commercial_202512_comm_MT,184849-9.parquet,1
uhs4_1247--p1umv8,parquet_commercial_202512_comm_MT,184857-9.parquet,3
uhs4_1247--p1umv8,parquet_commercial_202512_comm_MT,184887-2.parquet,1
uhs4_1247--p1umv8,parquet_commercial_202512_comm_MT,184940-2.parquet,1
uhs4_1247--p1umv8,parquet_commercial_202512_comm_MT,184941-2.parquet,1
uhs4_1247--p1umv8,parquet_commercial_202512_comm_MT,184942-9.parquet,2
uhs4_1247--p1umv8,parquet_commercial_202512_comm_MT,184962-2.parquet,1
uhs4_1247--p1umv8,parquet_commercial_202512_comm_MT,184968-2.parquet,2
uhs4_1247--p1umv8,parquet_commercial_202512_comm_MT,185003-9.parquet,1
uhs4_1247--p1umv8,parquet_commercial_202512_comm_MT,185019-9.parquet,2
uhs4_1247--p1umv8,parquet_residential_short_202512_res_MT,102182-4.parquet,1
uhs4_1247--p1umv8,parquet_residential_short_202512_res_MT,102854-4.parquet,14
uhs4_1247--p1umv8,parquet_residential_short_202512_res_MT,106657-4.parquet,1
uhs4_1247--p1umv8,parquet_residential_short_202512_res_MT,121985-4.parquet,1
uhs4_1247--p1umv8,parquet_residential_short_202512_res_MT,131145-4.parquet,2
uhs4_1247--p1umv8,parquet_residential_short_202512_res_MT,136309-4.parquet,1
uhs4_1247--p1umv8,parquet_residential_short_202512_res_MT,138494-4.parquet,1
uhs4_1247--p1umv8,parquet_residential_short_202512_res_MT,140071-4.parquet,2
uhs4_1247--p1umv8,parquet_residential_short_202512_res_MT,142544-4.parquet,1
uhs4_1247--p1umv8,parquet_residential_short_202512_res_MT,154106-4.parquet,3
uhs4_1247--p1umv8,parquet_residential_short_202512_res_MT,162253-4.parquet,8
uhs4_1247--p1umv8,parquet_residential_short_202512_res_MT,180039-4.parquet,3
uhs4_1247--p1umv8,parquet_residential_short_202512_res_MT,185745-4.parquet,7
uhs4_1247--p1umv8,parquet_residential_short_202512_res_MT,203702-4.parquet,2
uhs4_1247--p1umv8,parquet_residential_short_202512_res_MT,217886-4.parquet,1
uhs4_1247--p1umv8,parquet_residential_short_202512_res_MT,234488-4.parquet,1
uhs4_1247--p1umv8,parquet_residential_short_202512_res_MT,276587-4.parquet,17
uhs4_1247--p1umv8,parquet_residential_short_202512_res_MT,277210-4.parquet,1
uhs4_1247--p1umv8,parquet_residential_short_202512_res_MT,278604-4.parquet,1
uhs4_1247--p1umv8,parquet_residential_short_202512_res_MT,305252-4.parquet,1
uhs4_1247--p1umv8,parquet_residential_short_202512_res_MT,311002-4.parquet,1
uhs4_1247--p1umv8,parquet_residential_short_202512_res_MT,314691-4.parquet,1
uhs4_1247--p1umv8,parquet_residential_short_202512_res_MT,325203-4.parquet,1
uhs4_1247--p1umv8,parquet_residential_short_202512_res_MT,338150-4.parquet,2
uhs4_1247--p1umv8,parquet_residential_short_202512_res_MT,341617-4.parquet,1
uhs4_1247--p1umv8,parquet_residential_short_202512_res_MT,401600-4.parquet,13
uhs4_1247--p1umv8,parquet_residential_short_202512_res_MT,427948-4.parquet,8
uhs4_1247--p1umv8,parquet_residential_short_202512_res_MT,442350-4.parquet,1
uhs4_1247--p1umv8,parquet_residential_short_202512_res_MT,481916-4.parquet,2
uhs4_1247--p1umv8,parquet_residential_short_202512_res_MT,486032-4.parquet,2
uhs4_1247--p1umv8,parquet_residential_short_202512_res_MT,486410-4.parquet,1
uhs4_1247--p1umv8,parquet_residential_short_202512_res_MT,492040-4.parquet,2
uhs4_1247--p1umv8,parquet_residential_short_202512_res_MT,494052-4.parquet,1
uhs4_1247--p1umv8,parquet_residential_short_202512_res_MT,513358-4.parquet,1
uhs4_1247--p1umv8,parquet_residential_short_202512_res_MT,514429-4.parquet,2
uhs4_1247--p1umv8,parquet_residential_short_202512_res_MT,529425-4.parquet,1
uhs4_1247--p1umv8,parquet_residential_short_202512_res_MT,535363-4.parquet,1
uhs4_1247--p1umv8,parquet_residential_short_202512_res_MT,543184-4.parquet,1
uhs4_1247--p1umv8,parquet_residential_short_202512_res_MT,57772-4.parquet,1
uhs4_1247--p1umv8,parquet_residential_short_202512_res_MT,58337-4.parquet,1
uhs4_1247--p1umv8,parquet_residential_short_202512_res_MT,63328-4.parquet,1
uhs4_1247--p1umv8,parquet_residential_short_202512_res_MT,64056-4.parquet,3
uhs4_1247--p1umv8,parquet_residential_short_202512_res_MT,66138-4.parquet,1
uhs4_1247--p1umv8,parquet_residential_short_202512_res_MT,68619-4.parquet,1
uhs4_1247--p1umv8,parquet_residential_short_202512_res_MT,86159-4.parquet,1
uhs4_1247--udt11389,parquet_commercial_202512_comm_MT,184108-2.parquet,1
uhs4_1247--udt11389,parquet_commercial_202512_comm_MT,184116-2.parquet,3
uhs4_1247--udt11389,parquet_commercial_202512_comm_MT,184124-2.parquet,1
uhs4_1247--udt11389,parquet_commercial_202512_comm_MT,184138-2.parquet,1
uhs4_1247--udt11389,parquet_commercial_202512_comm_MT,184141-2.parquet,1
uhs4_1247--udt11389,parquet_commercial_202512_comm_MT,184147-9.parquet,6
uhs4_1247--udt11389,parquet_commercial_202512_comm_MT,184148-2.parquet,1
uhs4_1247--udt11389,parquet_commercial_202512_comm_MT,184181-9.parquet,2
uhs4_1247--udt11389,parquet_commercial_202512_comm_MT,184182-2.parquet,3
uhs4_1247--udt11389,parquet_commercial_202512_comm_MT,184183-2.parquet,1
uhs4_1247--udt11389,parquet_commercial_202512_comm_MT,184207-2.parquet,4
uhs4_1247--udt11389,parquet_commercial_202512_comm_MT,184217-2.parquet,1
uhs4_1247--udt11389,parquet_commercial_202512_comm_MT,184220-2.parquet,6
uhs4_1247--udt11389,parquet_commercial_202512_comm_MT,184221-9.parquet,1
uhs4_1247--udt11389,parquet_commercial_202512_comm_MT,184223-2.parquet,2
uhs4_1247--udt11389,parquet_commercial_202512_comm_MT,184234-2.parquet,1
uhs4_1247--udt11389,parquet_commercial_202512_comm_MT,184237-2.parquet,1
uhs4_1247--udt11389,parquet_commercial_202512_comm_MT,184246-9.parquet,1
uhs4_1247--udt11389,parquet_commercial_202512_comm_MT,184276-2.parquet,1
uhs4_1247--udt11389,parquet_commercial_202512_comm_MT,184285-2.parquet,1
uhs4_1247--udt11389,parquet_commercial_202512_comm_MT,184287-9.parquet,2
uhs4_1247--udt11389,parquet_commercial_202512_comm_MT,184288-2.parquet,2
uhs4_1247--udt11389,parquet_commercial_202512_comm_MT,184313-2.parquet,3
uhs4_1247--udt11389,parquet_commercial_202512_comm_MT,184315-2.parquet,7
uhs4_1247--udt11389,parquet_commercial_202512_comm_MT,184349-2.parquet,2
uhs4_1247--udt11389,parquet_commercial_202512_comm_MT,184358-9.parquet,1
uhs4_1247--udt11389,parquet_commercial_202512_comm_MT,184362-2.parquet,1
uhs4_1247--udt11389,parquet_commercial_202512_comm_MT,184365-2.parquet,1
uhs4_1247--udt11389,parquet_commercial_202512_comm_MT,184374-2.parquet,2
uhs4_1247--udt11389,parquet_commercial_202512_comm_MT,184382-9.parquet,3
uhs4_1247--udt11389,parquet_commercial_202512_comm_MT,184391-9.parquet,1
uhs4_1247--udt11389,parquet_commercial_202512_comm_MT,184401-9.parquet,2
uhs4_1247--udt11389,parquet_commercial_202512_comm_MT,184433-2.parquet,1
uhs4_1247--udt11389,parquet_commercial_202512_comm_MT,184436-2.parquet,1
uhs4_1247--udt11389,parquet_commercial_202512_comm_MT,184438-9.parquet,1
uhs4_1247--udt11389,parquet_commercial_202512_comm_MT,184441-9.parquet,1
uhs4_1247--udt11389,parquet_commercial_202512_comm_MT,184444-2.parquet,2
uhs4_1247--udt11389,parquet_commercial_202512_comm_MT,184470-2.parquet,1
uhs4_1247--udt11389,parquet_commercial_202512_comm_MT,184492-2.parquet,2
uhs4_1247--udt11389,parquet_commercial_202512_comm_MT,184496-9.parquet,1
uhs4_1247--udt11389,parquet_commercial_202512_comm_MT,184505-2.parquet,1
uhs4_1247--udt11389,parquet_commercial_202512_comm_MT,184508-2.parquet,1
uhs4_1247--udt11389,parquet_commercial_202512_comm_MT,184510-2.parquet,2
uhs4_1247--udt11389,parquet_commercial_202512_comm_MT,184512-2.parquet,3
uhs4_1247--udt11389,parquet_commercial_202512_comm_MT,184518-2.parquet,6
uhs4_1247--udt11389,parquet_commercial_202512_comm_MT,184530-2.parquet,2
uhs4_1247--udt11389,parquet_commercial_202512_comm_MT,184565-9.parquet,1
uhs4_1247--udt11389,parquet_commercial_202512_comm_MT,184571-9.parquet,1
uhs4_1247--udt11389,parquet_commercial_202512_comm_MT,184584-2.parquet,1
uhs4_1247--udt11389,parquet_commercial_202512_comm_MT,184586-9.parquet,1
uhs4_1247--udt11389,parquet_commercial_202512_comm_MT,184587-2.parquet,1
uhs4_1247--udt11389,parquet_commercial_202512_comm_MT,184603-2.parquet,1
uhs4_1247--udt11389,parquet_commercial_202512_comm_MT,184612-9.parquet,2
uhs4_1247--udt11389,parquet_commercial_202512_comm_MT,184616-2.parquet,2
uhs4_1247--udt11389,parquet_commercial_202512_comm_MT,184617-2.parquet,1
uhs4_1247--udt11389,parquet_commercial_202512_comm_MT,184637-9.parquet,2
uhs4_1247--udt11389,parquet_commercial_202512_comm_MT,184646-9.parquet,3
uhs4_1247--udt11389,parquet_commercial_202512_comm_MT,184664-9.parquet,1
uhs4_1247--udt11389,parquet_commercial_202512_comm_MT,184683-2.parquet,1
uhs4_1247--udt11389,parquet_commercial_202512_comm_MT,184693-9.parquet,1
uhs4_1247--udt11389,parquet_commercial_202512_comm_MT,184694-2.parquet,1
uhs4_1247--udt11389,parquet_commercial_202512_comm_MT,184700-9.parquet,11
uhs4_1247--udt11389,parquet_commercial_202512_comm_MT,184706-2.parquet,5
uhs4_1247--udt11389,parquet_commercial_202512_comm_MT,184717-9.parquet,4
uhs4_1247--udt11389,parquet_commercial_202512_comm_MT,184718-9.parquet,2
uhs4_1247--udt11389,parquet_commercial_202512_comm_MT,184727-2.parquet,2
uhs4_1247--udt11389,parquet_commercial_202512_comm_MT,184742-2.parquet,1
uhs4_1247--udt11389,parquet_commercial_202512_comm_MT,184767-2.parquet,1
uhs4_1247--udt11389,parquet_commercial_202512_comm_MT,184776-2.parquet,1
uhs4_1247--udt11389,parquet_commercial_202512_comm_MT,184782-2.parquet,1
uhs4_1247--udt11389,parquet_commercial_202512_comm_MT,184799-2.parquet,1
uhs4_1247--udt11389,parquet_commercial_202512_comm_MT,184809-2.parquet,4
uhs4_1247--udt11389,parquet_commercial_202512_comm_MT,184812-2.parquet,1
uhs4_1247--udt11389,parquet_commercial_202512_comm_MT,184821-9.parquet,1
uhs4_1247--udt11389,parquet_commercial_202512_comm_MT,184831-9.parquet,2
uhs4_1247--udt11389,parquet_commercial_202512_comm_MT,184838-2.parquet,1
uhs4_1247--udt11389,parquet_commercial_202512_comm_MT,184844-2.parquet,1
uhs4_1247--udt11389,parquet_commercial_202512_comm_MT,184856-9.parquet,1
uhs4_1247--udt11389,parquet_commercial_202512_comm_MT,184857-9.parquet,3
uhs4_1247--udt11389,parquet_commercial_202512_comm_MT,184858-9.parquet,2
uhs4_1247--udt11389,parquet_commercial_202512_comm_MT,184863-2.parquet,1
uhs4_1247--udt11389,parquet_commercial_202512_comm_MT,184887-2.parquet,1
uhs4_1247--udt11389,parquet_commercial_202512_comm_MT,184888-9.parquet,1
uhs4_1247--udt11389,parquet_commercial_202512_comm_MT,184929-2.parquet,1
uhs4_1247--udt11389,parquet_commercial_202512_comm_MT,184933-2.parquet,1
uhs4_1247--udt11389,parquet_commercial_202512_comm_MT,184934-2.parquet,1
uhs4_1247--udt11389,parquet_commercial_202512_comm_MT,184940-2.parquet,1
uhs4_1247--udt11389,parquet_commercial_202512_comm_MT,184941-2.parquet,4
uhs4_1247--udt11389,parquet_commercial_202512_comm_MT,184953-9.parquet,2
uhs4_1247--udt11389,parquet_commercial_202512_comm_MT,184968-2.parquet,1
uhs4_1247--udt11389,parquet_commercial_202512_comm_MT,185003-9.parquet,3
uhs4_1247--udt11389,parquet_commercial_202512_comm_MT,185005-9.parquet,1
uhs4_1247--udt11389,parquet_commercial_202512_comm_MT,185008-9.parquet,2
uhs4_1247--udt11389,parquet_commercial_202512_comm_MT,185015-2.parquet,2
uhs4_1247--udt11389,parquet_commercial_202512_comm_MT,185028-2.parquet,2
uhs4_1247--udt11389,parquet_residential_short_202512_res_MT,102854-4.parquet,28
uhs4_1247--udt11389,parquet_residential_short_202512_res_MT,106657-4.parquet,4
uhs4_1247--udt11389,parquet_residential_short_202512_res_MT,119073-4.parquet,4
uhs4_1247--udt11389,parquet_residential_short_202512_res_MT,121985-4.parquet,2
uhs4_1247--udt11389,parquet_residential_short_202512_res_MT,131145-4.parquet,2
uhs4_1247--udt11389,parquet_residential_short_202512_res_MT,136309-4.parquet,2
uhs4_1247--udt11389,parquet_residential_short_202512_res_MT,138494-4.parquet,2
uhs4_1247--udt11389,parquet_residential_short_202512_res_MT,140071-4.parquet,3
uhs4_1247--udt11389,parquet_residential_short_202512_res_MT,142544-4.parquet,1
uhs4_1247--udt11389,parquet_residential_short_202512_res_MT,153454-4.parquet,1
uhs4_1247--udt11389,parquet_residential_short_202512_res_MT,154106-4.parquet,1
uhs4_1247--udt11389,parquet_residential_short_202512_res_MT,162253-4.parquet,12
uhs4_1247--udt11389,parquet_residential_short_202512_res_MT,170488-4.parquet,1
uhs4_1247--udt11389,parquet_residential_short_202512_res_MT,180039-4.parquet,4
uhs4_1247--udt11389,parquet_residential_short_202512_res_MT,183427-4.parquet,1
uhs4_1247--udt11389,parquet_residential_short_202512_res_MT,185745-4.parquet,38
uhs4_1247--udt11389,parquet_residential_short_202512_res_MT,203702-4.parquet,5
uhs4_1247--udt11389,parquet_residential_short_202512_res_MT,20806-4.parquet,1
uhs4_1247--udt11389,parquet_residential_short_202512_res_MT,209507-4.parquet,1
uhs4_1247--udt11389,parquet_residential_short_202512_res_MT,210194-4.parquet,4
uhs4_1247--udt11389,parquet_residential_short_202512_res_MT,211030-4.parquet,2
uhs4_1247--udt11389,parquet_residential_short_202512_res_MT,229622-4.parquet,1
uhs4_1247--udt11389,parquet_residential_short_202512_res_MT,234488-4.parquet,2
uhs4_1247--udt11389,parquet_residential_short_202512_res_MT,271955-4.parquet,1
uhs4_1247--udt11389,parquet_residential_short_202512_res_MT,276587-4.parquet,20
uhs4_1247--udt11389,parquet_residential_short_202512_res_MT,277210-4.parquet,1
uhs4_1247--udt11389,parquet_residential_short_202512_res_MT,278296-4.parquet,1
uhs4_1247--udt11389,parquet_residential_short_202512_res_MT,278604-4.parquet,4
uhs4_1247--udt11389,parquet_residential_short_202512_res_MT,305252-4.parquet,1
uhs4_1247--udt11389,parquet_residential_short_202512_res_MT,311002-4.parquet,1
uhs4_1247--udt11389,parquet_residential_short_202512_res_MT,338150-4.parquet,1
uhs4_1247--udt11389,parquet_residential_short_202512_res_MT,341617-4.parquet,1
uhs4_1247--udt11389,parquet_residential_short_202512_res_MT,345764-4.parquet,1
uhs4_1247--udt11389,parquet_residential_short_202512_res_MT,370023-4.parquet,1
uhs4_1247--udt11389,parquet_residential_short_202512_res_MT,394476-4.parquet,1
uhs4_1247--udt11389,parquet_residential_short_202512_res_MT,401600-4.parquet,22
uhs4_1247--udt11389,parquet_residential_short_202512_res_MT,402646-4.parquet,1
uhs4_1247--udt11389,parquet_residential_short_202512_res_MT,406640-4.parquet,2
uhs4_1247--udt11389,parquet_residential_short_202512_res_MT,42376-4.parquet,2
uhs4_1247--udt11389,parquet_residential_short_202512_res_MT,424723-4.parquet,3
uhs4_1247--udt11389,parquet_residential_short_202512_res_MT,427948-4.parquet,24
uhs4_1247--udt11389,parquet_residential_short_202512_res_MT,466189-4.parquet,1
uhs4_1247--udt11389,parquet_residential_short_202512_res_MT,471837-4.parquet,1
uhs4_1247--udt11389,parquet_residential_short_202512_res_MT,476793-4.parquet,1
uhs4_1247--udt11389,parquet_residential_short_202512_res_MT,486410-4.parquet,6
uhs4_1247--udt11389,parquet_residential_short_202512_res_MT,492040-4.parquet,1
uhs4_1247--udt11389,parquet_residential_short_202512_res_MT,493524-4.parquet,2
uhs4_1247--udt11389,parquet_residential_short_202512_res_MT,500436-4.parquet,2
uhs4_1247--udt11389,parquet_residential_short_202512_res_MT,500793-4.parquet,1
uhs4_1247--udt11389,parquet_residential_short_202512_res_MT,514429-4.parquet,1
uhs4_1247--udt11389,parquet_residential_short_202512_res_MT,527227-4.parquet,1
uhs4_1247--udt11389,parquet_residential_short_202512_res_MT,529425-4.parquet,9
uhs4_1247--udt11389,parquet_residential_short_202512_res_MT,535363-4.parquet,5
uhs4_1247--udt11389,parquet_residential_short_202512_res_MT,543184-4.parquet,2
uhs4_1247--udt11389,parquet_residential_short_202512_res_MT,547866-4.parquet,1
uhs4_1247--udt11389,parquet_residential_short_202512_res_MT,548907-4.parquet,1
uhs4_1247--udt11389,parquet_residential_short_202512_res_MT,57772-4.parquet,4
uhs4_1247--udt11389,parquet_residential_short_202512_res_MT,63328-4.parquet,1
uhs4_1247--udt11389,parquet_residential_short_202512_res_MT,64056-4.parquet,6
uhs4_1247--udt11389,parquet_residential_short_202512_res_MT,64092-4.parquet,1
uhs4_1247--udt11389,parquet_residential_short_202512_res_MT,66138-4.parquet,2
uhs4_1247--udt11389,parquet_residential_short_202512_res_MT,81904-4.parquet,1
uhs4_1247--udt11389,parquet_residential_short_202512_res_MT,86159-4.parquet,1
uhs4_1247--udt11389,parquet_residential_short_202512_res_MT,88697-4.parquet,1
uhs4_1247--udt11389,parquet_residential_short_202512_res_MT,90560-4.parquet,2
uhs4_1247--udt11389,parquet_residential_short_202512_res_MT,9342-4.parquet,1
uhs4_1247--udt11389,parquet_residential_short_202512_res_MT,93871-4.parquet,4
uhs4_1247--udt11389,parquet_residential_short_202512_res_MT,97519-4.parquet,1
uhs4_1247--udt11389,parquet_residential_short_202512_res_MT,99076-4.parquet,2
uhs4_1247--udt12982,parquet_commercial_202512_comm_MT,184105-9.parquet,1
uhs4_1247--udt12982,parquet_commercial_202512_comm_MT,184107-9.parquet,1
uhs4_1247--udt12982,parquet_commercial_202512_comm_MT,184116-2.parquet,7
uhs4_1247--udt12982,parquet_commercial_202512_comm_MT,184124-2.parquet,1
uhs4_1247--udt12982,parquet_commercial_202512_comm_MT,184131-2.parquet,2
uhs4_1247--udt12982,parquet_commercial_202512_comm_MT,184137-2.parquet,1
uhs4_1247--udt12982,parquet_commercial_202512_comm_MT,184142-2.parquet,1
uhs4_1247--udt12982,parquet_commercial_202512_comm_MT,184147-9.parquet,5
uhs4_1247--udt12982,parquet_commercial_202512_comm_MT,184154-2.parquet,1
uhs4_1247--udt12982,parquet_commercial_202512_comm_MT,184182-2.parquet,3
uhs4_1247--udt12982,parquet_commercial_202512_comm_MT,184207-2.parquet,2
uhs4_1247--udt12982,parquet_commercial_202512_comm_MT,184220-2.parquet,3
uhs4_1247--udt12982,parquet_commercial_202512_comm_MT,184301-9.parquet,1
uhs4_1247--udt12982,parquet_commercial_202512_comm_MT,184313-2.parquet,1
uhs4_1247--udt12982,parquet_commercial_202512_comm_MT,184315-2.parquet,3
uhs4_1247--udt12982,parquet_commercial_202512_comm_MT,184365-2.parquet,3
uhs4_1247--udt12982,parquet_commercial_202512_comm_MT,184394-9.parquet,1
uhs4_1247--udt12982,parquet_commercial_202512_comm_MT,184433-2.parquet,3
uhs4_1247--udt12982,parquet_commercial_202512_comm_MT,184438-9.parquet,3
uhs4_1247--udt12982,parquet_commercial_202512_comm_MT,184441-9.parquet,1
uhs4_1247--udt12982,parquet_commercial_202512_comm_MT,184444-2.parquet,1
uhs4_1247--udt12982,parquet_commercial_202512_comm_MT,184471-2.parquet,1
uhs4_1247--udt12982,parquet_commercial_202512_comm_MT,184492-2.parquet,1
uhs4_1247--udt12982,parquet_commercial_202512_comm_MT,184512-2.parquet,1
uhs4_1247--udt12982,parquet_commercial_202512_comm_MT,184518-2.parquet,1
uhs4_1247--udt12982,parquet_commercial_202512_comm_MT,184522-2.parquet,1
uhs4_1247--udt12982,parquet_commercial_202512_comm_MT,184527-9.parquet,1
uhs4_1247--udt12982,parquet_commercial_202512_comm_MT,184544-2.parquet,1
uhs4_1247--udt12982,parquet_commercial_202512_comm_MT,184603-2.parquet,1
uhs4_1247--udt12982,parquet_commercial_202512_comm_MT,184615-9.parquet,1
uhs4_1247--udt12982,parquet_commercial_202512_comm_MT,184617-2.parquet,1
uhs4_1247--udt12982,parquet_commercial_202512_comm_MT,184664-9.parquet,1
uhs4_1247--udt12982,parquet_commercial_202512_comm_MT,184700-9.parquet,3
uhs4_1247--udt12982,parquet_commercial_202512_comm_MT,184717-9.parquet,1
uhs4_1247--udt12982,parquet_commercial_202512_comm_MT,184763-2.parquet,1
uhs4_1247--udt12982,parquet_commercial_202512_comm_MT,184767-2.parquet,1
uhs4_1247--udt12982,parquet_commercial_202512_comm_MT,184776-2.parquet,2
uhs4_1247--udt12982,parquet_commercial_202512_comm_MT,184844-2.parquet,1
uhs4_1247--udt12982,parquet_commercial_202512_comm_MT,184855-2.parquet,1
uhs4_1247--udt12982,parquet_commercial_202512_comm_MT,184857-9.parquet,2
uhs4_1247--udt12982,parquet_commercial_202512_comm_MT,184887-2.parquet,2
uhs4_1247--udt12982,parquet_commercial_202512_comm_MT,184941-2.parquet,2
uhs4_1247--udt12982,parquet_commercial_202512_comm_MT,184968-2.parquet,3
uhs4_1247--udt12982,parquet_residential_short_202512_res_MT,102854-4.parquet,12
uhs4_1247--udt12982,parquet_residential_short_202512_res_MT,106657-4.parquet,4
uhs4_1247--udt12982,parquet_residential_short_202512_res_MT,119073-4.parquet,3
uhs4_1247--udt12982,parquet_residential_short_202512_res_MT,131145-4.parquet,2
uhs4_1247--udt12982,parquet_residential_short_202512_res_MT,136303-4.parquet,1
uhs4_1247--udt12982,parquet_residential_short_202512_res_MT,136309-4.parquet,2
uhs4_1247--udt12982,parquet_residential_short_202512_res_MT,138494-4.parquet,3
uhs4_1247--udt12982,parquet_residential_short_202512_res_MT,140071-4.parquet,5
uhs4_1247--udt12982,parquet_residential_short_202512_res_MT,153454-4.parquet,1
uhs4_1247--udt12982,parquet_residential_short_202512_res_MT,154106-4.parquet,4
uhs4_1247--udt12982,parquet_residential_short_202512_res_MT,162253-4.parquet,13
uhs4_1247--udt12982,parquet_residential_short_202512_res_MT,185745-4.parquet,15
uhs4_1247--udt12982,parquet_residential_short_202512_res_MT,203702-4.parquet,2
uhs4_1247--udt12982,parquet_residential_short_202512_res_MT,209507-4.parquet,1
uhs4_1247--udt12982,parquet_residential_short_202512_res_MT,210194-4.parquet,1
uhs4_1247--udt12982,parquet_residential_short_202512_res_MT,211030-4.parquet,1
uhs4_1247--udt12982,parquet_residential_short_202512_res_MT,214774-4.parquet,1
uhs4_1247--udt12982,parquet_residential_short_202512_res_MT,238424-4.parquet,1
uhs4_1247--udt12982,parquet_residential_short_202512_res_MT,276587-4.parquet,8
uhs4_1247--udt12982,parquet_residential_short_202512_res_MT,277210-4.parquet,1
uhs4_1247--udt12982,parquet_residential_short_202512_res_MT,278604-4.parquet,2
uhs4_1247--udt12982,parquet_residential_short_202512_res_MT,316244-4.parquet,1
uhs4_1247--udt12982,parquet_residential_short_202512_res_MT,338150-4.parquet,1
uhs4_1247--udt12982,parquet_residential_short_202512_res_MT,341617-4.parquet,3
uhs4_1247--udt12982,parquet_residential_short_202512_res_MT,401600-4.parquet,12
uhs4_1247--udt12982,parquet_residential_short_202512_res_MT,406640-4.parquet,2
uhs4_1247--udt12982,parquet_residential_short_202512_res_MT,42376-4.parquet,2
uhs4_1247--udt12982,parquet_residential_short_202512_res_MT,424723-4.parquet,3
uhs4_1247--udt12982,parquet_residential_short_202512_res_MT,427948-4.parquet,9
uhs4_1247--udt12982,parquet_residential_short_202512_res_MT,471837-4.parquet,1
uhs4_1247--udt12982,parquet_residential_short_202512_res_MT,476793-4.parquet,2
uhs4_1247--udt12982,parquet_residential_short_202512_res_MT,486410-4.parquet,2
uhs4_1247--udt12982,parquet_residential_short_202512_res_MT,492040-4.parquet,1
uhs4_1247--udt12982,parquet_residential_short_202512_res_MT,493524-4.parquet,2
uhs4_1247--udt12982,parquet_residential_short_202512_res_MT,500992-4.parquet,1
uhs4_1247--udt12982,parquet_residential_short_202512_res_MT,513358-4.parquet,1
uhs4_1247--udt12982,parquet_residential_short_202512_res_MT,514429-4.parquet,4
uhs4_1247--udt12982,parquet_residential_short_202512_res_MT,529425-4.parquet,4
uhs4_1247--udt12982,parquet_residential_short_202512_res_MT,543184-4.parquet,1
uhs4_1247--udt12982,parquet_residential_short_202512_res_MT,64056-4.parquet,2
uhs4_1247--udt12982,parquet_residential_short_202512_res_MT,86159-4.parquet,1
uhs4_1247--udt12982,parquet_residential_short_202512_res_MT,90560-4.parquet,2
uhs4_1247--udt12982,parquet_residential_short_202512_res_MT,93871-4.parquet,4
uhs4_1247--udt12982,parquet_residential_short_202512_res_MT,99076-4.parquet,1
uhs5_1247--udt159,parquet_commercial_202512_comm_MT,184147-9.parquet,1
uhs5_1247--udt159,parquet_commercial_202512_comm_MT,184512-2.parquet,1
uhs5_1247--udt159,parquet_commercial_202512_comm_MT,184617-2.parquet,1
uhs5_1247--udt159,parquet_commercial_202512_comm_MT,184700-9.parquet,2
uhs5_1247--udt159,parquet_commercial_202512_comm_MT,184763-2.parquet,1
uhs5_1247--udt159,parquet_commercial_202512_comm_MT,185005-9.parquet,2
uhs5_1247--udt159,parquet_residential_short_202512_res_MT,101078-4.parquet,1
uhs5_1247--udt159,parquet_residential_short_202512_res_MT,102182-4.parquet,2
uhs5_1247--udt159,parquet_residential_short_202512_res_MT,102854-4.parquet,46
uhs5_1247--udt159,parquet_residential_short_202512_res_MT,106657-4.parquet,16
uhs5_1247--udt159,parquet_residential_short_202512_res_MT,108254-4.parquet,1
uhs5_1247--udt159,parquet_residential_short_202512_res_MT,117464-4.parquet,3
uhs5_1247--udt159,parquet_residential_short_202512_res_MT,118797-4.parquet,3
uhs5_1247--udt159,parquet_residential_short_202512_res_MT,119073-4.parquet,5
uhs5_1247--udt159,parquet_residential_short_202512_res_MT,131145-4.parquet,2
uhs5_1247--udt159,parquet_residential_short_202512_res_MT,136309-4.parquet,11
uhs5_1247--udt159,parquet_residential_short_202512_res_MT,138494-4.parquet,4
uhs5_1247--udt159,parquet_residential_short_202512_res_MT,140071-4.parquet,10
uhs5_1247--udt159,parquet_residential_short_202512_res_MT,142544-4.parquet,2
uhs5_1247--udt159,parquet_residential_short_202512_res_MT,14281-4.parquet,1
uhs5_1247--udt159,parquet_residential_short_202512_res_MT,144965-4.parquet,1
uhs5_1247--udt159,parquet_residential_short_202512_res_MT,153454-4.parquet,1
uhs5_1247--udt159,parquet_residential_short_202512_res_MT,154106-4.parquet,3
uhs5_1247--udt159,parquet_residential_short_202512_res_MT,154367-4.parquet,1
uhs5_1247--udt159,parquet_residential_short_202512_res_MT,156064-4.parquet,1
uhs5_1247--udt159,parquet_residential_short_202512_res_MT,162253-4.parquet,81
uhs5_1247--udt159,parquet_residential_short_202512_res_MT,170488-4.parquet,1
uhs5_1247--udt159,parquet_residential_short_202512_res_MT,180039-4.parquet,5
uhs5_1247--udt159,parquet_residential_short_202512_res_MT,182480-4.parquet,1
uhs5_1247--udt159,parquet_residential_short_202512_res_MT,183427-4.parquet,7
uhs5_1247--udt159,parquet_residential_short_202512_res_MT,185745-4.parquet,65
uhs5_1247--udt159,parquet_residential_short_202512_res_MT,203702-4.parquet,11
uhs5_1247--udt159,parquet_residential_short_202512_res_MT,209507-4.parquet,7
uhs5_1247--udt159,parquet_residential_short_202512_res_MT,210194-4.parquet,7
uhs5_1247--udt159,parquet_residential_short_202512_res_MT,214774-4.parquet,1
uhs5_1247--udt159,parquet_residential_short_202512_res_MT,217886-4.parquet,1
uhs5_1247--udt159,parquet_residential_short_202512_res_MT,234488-4.parquet,2
uhs5_1247--udt159,parquet_residential_short_202512_res_MT,239542-4.parquet,1
uhs5_1247--udt159,parquet_residential_short_202512_res_MT,255145-4.parquet,1
uhs5_1247--udt159,parquet_residential_short_202512_res_MT,256192-4.parquet,1
uhs5_1247--udt159,parquet_residential_short_202512_res_MT,271955-4.parquet,1
uhs5_1247--udt159,parquet_residential_short_202512_res_MT,276587-4.parquet,28
uhs5_1247--udt159,parquet_residential_short_202512_res_MT,277210-4.parquet,5
uhs5_1247--udt159,parquet_residential_short_202512_res_MT,278604-4.parquet,19
uhs5_1247--udt159,parquet_residential_short_202512_res_MT,305252-4.parquet,4
uhs5_1247--udt159,parquet_residential_short_202512_res_MT,311002-4.parquet,4
uhs5_1247--udt159,parquet_residential_short_202512_res_MT,314691-4.parquet,1
uhs5_1247--udt159,parquet_residential_short_202512_res_MT,316244-4.parquet,1
uhs5_1247--udt159,parquet_residential_short_202512_res_MT,321643-4.parquet,2
uhs5_1247--udt159,parquet_residential_short_202512_res_MT,325203-4.parquet,4
uhs5_1247--udt159,parquet_residential_short_202512_res_MT,341617-4.parquet,2
uhs5_1247--udt159,parquet_residential_short_202512_res_MT,345764-4.parquet,2
uhs5_1247--udt159,parquet_residential_short_202512_res_MT,370023-4.parquet,4
uhs5_1247--udt159,parquet_residential_short_202512_res_MT,386807-4.parquet,1
uhs5_1247--udt159,parquet_residential_short_202512_res_MT,394476-4.parquet,1
uhs5_1247--udt159,parquet_residential_short_202512_res_MT,401600-4.parquet,99
uhs5_1247--udt159,parquet_residential_short_202512_res_MT,405081-4.parquet,3
uhs5_1247--udt159,parquet_residential_short_202512_res_MT,406640-4.parquet,9
uhs5_1247--udt159,parquet_residential_short_202512_res_MT,411750-4.parquet,1
uhs5_1247--udt159,parquet_residential_short_202512_res_MT,42376-4.parquet,1
uhs5_1247--udt159,parquet_residential_short_202512_res_MT,427948-4.parquet,65
uhs5_1247--udt159,parquet_residential_short_202512_res_MT,43358-4.parquet,1
uhs5_1247--udt159,parquet_residential_short_202512_res_MT,438998-4.parquet,2
uhs5_1247--udt159,parquet_residential_short_202512_res_MT,458883-4.parquet,2
uhs5_1247--udt159,parquet_residential_short_202512_res_MT,466189-4.parquet,1
uhs5_1247--udt159,parquet_residential_short_202512_res_MT,475383-4.parquet,2
uhs5_1247--udt159,parquet_residential_short_202512_res_MT,476793-4.parquet,7
uhs5_1247--udt159,parquet_residential_short_202512_res_MT,481916-4.parquet,6
uhs5_1247--udt159,parquet_residential_short_202512_res_MT,486410-4.parquet,7
uhs5_1247--udt159,parquet_residential_short_202512_res_MT,493524-4.parquet,3
uhs5_1247--udt159,parquet_residential_short_202512_res_MT,500793-4.parquet,5
uhs5_1247--udt159,parquet_residential_short_202512_res_MT,508034-4.parquet,2
uhs5_1247--udt159,parquet_residential_short_202512_res_MT,513358-4.parquet,2
uhs5_1247--udt159,parquet_residential_short_202512_res_MT,513565-4.parquet,1
uhs5_1247--udt159,parquet_residential_short_202512_res_MT,527227-4.parquet,4
uhs5_1247--udt159,parquet_residential_short_202512_res_MT,529425-4.parquet,25
uhs5_1247--udt159,parquet_residential_short_202512_res_MT,535363-4.parquet,4
uhs5_1247--udt159,parquet_residential_short_202512_res_MT,543184-4.parquet,5
uhs5_1247--udt159,parquet_residential_short_202512_res_MT,57049-4.parquet,2
uhs5_1247--udt159,parquet_residential_short_202512_res_MT,57772-4.parquet,6
uhs5_1247--udt159,parquet_residential_short_202512_res_MT,63328-4.parquet,3
uhs5_1247--udt159,parquet_residential_short_202512_res_MT,64056-4.parquet,6
uhs5_1247--udt159,parquet_residential_short_202512_res_MT,81904-4.parquet,2
uhs5_1247--udt159,parquet_residential_short_202512_res_MT,86159-4.parquet,2
uhs5_1247--udt159,parquet_residential_short_202512_res_MT,88623-4.parquet,1
uhs5_1247--udt159,parquet_residential_short_202512_res_MT,90560-4.parquet,4
uhs5_1247--udt159,parquet_residential_short_202512_res_MT,97519-4.parquet,3
uhs5_1247--udt18558,parquet_commercial_202512_comm_MT,184105-9.parquet,1
uhs5_1247--udt18558,parquet_commercial_202512_comm_MT,184116-2.parquet,2
uhs5_1247--udt18558,parquet_commercial_202512_comm_MT,184147-9.parquet,1
uhs5_1247--udt18558,parquet_commercial_202512_comm_MT,184154-2.parquet,2
uhs5_1247--udt18558,parquet_commercial_202512_comm_MT,184157-2.parquet,1
uhs5_1247--udt18558,parquet_commercial_202512_comm_MT,184172-2.parquet,1
uhs5_1247--udt18558,parquet_commercial_202512_comm_MT,184182-2.parquet,2
uhs5_1247--udt18558,parquet_commercial_202512_comm_MT,184202-2.parquet,1
uhs5_1247--udt18558,parquet_commercial_202512_comm_MT,184220-2.parquet,1
uhs5_1247--udt18558,parquet_commercial_202512_comm_MT,184223-2.parquet,1
uhs5_1247--udt18558,parquet_commercial_202512_comm_MT,184287-9.parquet,1
uhs5_1247--udt18558,parquet_commercial_202512_comm_MT,184342-9.parquet,1
uhs5_1247--udt18558,parquet_commercial_202512_comm_MT,184367-9.parquet,2
uhs5_1247--udt18558,parquet_commercial_202512_comm_MT,184374-2.parquet,1
uhs5_1247--udt18558,parquet_commercial_202512_comm_MT,184382-9.parquet,1
uhs5_1247--udt18558,parquet_commercial_202512_comm_MT,184391-9.parquet,4
uhs5_1247--udt18558,parquet_commercial_202512_comm_MT,184433-2.parquet,8
uhs5_1247--udt18558,parquet_commercial_202512_comm_MT,184438-9.parquet,9
uhs5_1247--udt18558,parquet_commercial_202512_comm_MT,184508-2.parquet,1
uhs5_1247--udt18558,parquet_commercial_202512_comm_MT,184518-2.parquet,6
uhs5_1247--udt18558,parquet_commercial_202512_comm_MT,184596-9.parquet,1
uhs5_1247--udt18558,parquet_commercial_202512_comm_MT,184617-2.parquet,1
uhs5_1247--udt18558,parquet_commercial_202512_comm_MT,184637-9.parquet,1
uhs5_1247--udt18558,parquet_commercial_202512_comm_MT,184646-9.parquet,2
uhs5_1247--udt18558,parquet_commercial_202512_comm_MT,184693-9.parquet,1
uhs5_1247--udt18558,parquet_commercial_202512_comm_MT,184700-9.parquet,22
uhs5_1247--udt18558,parquet_commercial_202512_comm_MT,184717-9.parquet,5
uhs5_1247--udt18558,parquet_commercial_202512_comm_MT,184744-9.parquet,1
uhs5_1247--udt18558,parquet_commercial_202512_comm_MT,184786-9.parquet,3
uhs5_1247--udt18558,parquet_commercial_202512_comm_MT,184793-9.parquet,1
uhs5_1247--udt18558,parquet_commercial_202512_comm_MT,184805-2.parquet,1
uhs5_1247--udt18558,parquet_commercial_202512_comm_MT,184829-9.parquet,1
uhs5_1247--udt18558,parquet_commercial_202512_comm_MT,184831-9.parquet,5
uhs5_1247--udt18558,parquet_commercial_202512_comm_MT,184835-2.parquet,1
uhs5_1247--udt18558,parquet_commercial_202512_comm_MT,184845-9.parquet,1
uhs5_1247--udt18558,parquet_commercial_202512_comm_MT,184861-2.parquet,1
uhs5_1247--udt18558,parquet_commercial_202512_comm_MT,184887-2.parquet,1
uhs5_1247--udt18558,parquet_commercial_202512_comm_MT,184920-2.parquet,2
uhs5_1247--udt18558,parquet_commercial_202512_comm_MT,184950-2.parquet,2
uhs5_1247--udt18558,parquet_commercial_202512_comm_MT,184953-9.parquet,1
uhs5_1247--udt18558,parquet_commercial_202512_comm_MT,184954-2.parquet,1
uhs5_1247--udt18558,parquet_commercial_202512_comm_MT,184962-2.parquet,1
uhs5_1247--udt18558,parquet_commercial_202512_comm_MT,185024-9.parquet,1
uhs5_1247--udt18558,parquet_commercial_202512_comm_MT,185025-9.parquet,1
uhs5_1247--udt18558,parquet_residential_short_202512_res_MT,102854-4.parquet,21
uhs5_1247--udt18558,parquet_residential_short_202512_res_MT,106657-4.parquet,17
uhs5_1247--udt18558,parquet_residential_short_202512_res_MT,118797-4.parquet,2
uhs5_1247--udt18558,parquet_residential_short_202512_res_MT,119073-4.parquet,8
uhs5_1247--udt18558,parquet_residential_short_202512_res_MT,121985-4.parquet,2
uhs5_1247--udt18558,parquet_residential_short_202512_res_MT,131145-4.parquet,2
uhs5_1247--udt18558,parquet_residential_short_202512_res_MT,135840-4.parquet,1
uhs5_1247--udt18558,parquet_residential_short_202512_res_MT,136309-4.parquet,21
uhs5_1247--udt18558,parquet_residential_short_202512_res_MT,138494-4.parquet,2
uhs5_1247--udt18558,parquet_residential_short_202512_res_MT,140071-4.parquet,7
uhs5_1247--udt18558,parquet_residential_short_202512_res_MT,142544-4.parquet,8
uhs5_1247--udt18558,parquet_residential_short_202512_res_MT,14281-4.parquet,2
uhs5_1247--udt18558,parquet_residential_short_202512_res_MT,153454-4.parquet,2
uhs5_1247--udt18558,parquet_residential_short_202512_res_MT,154106-4.parquet,2
uhs5_1247--udt18558,parquet_residential_short_202512_res_MT,156849-4.parquet,4
uhs5_1247--udt18558,parquet_residential_short_202512_res_MT,162253-4.parquet,139
uhs5_1247--udt18558,parquet_residential_short_202512_res_MT,170488-4.parquet,3
uhs5_1247--udt18558,parquet_residential_short_202512_res_MT,180039-4.parquet,2
uhs5_1247--udt18558,parquet_residential_short_202512_res_MT,185745-4.parquet,49
uhs5_1247--udt18558,parquet_residential_short_202512_res_MT,201863-4.parquet,1
uhs5_1247--udt18558,parquet_residential_short_202512_res_MT,203702-4.parquet,11
uhs5_1247--udt18558,parquet_residential_short_202512_res_MT,209507-4.parquet,9
uhs5_1247--udt18558,parquet_residential_short_202512_res_MT,210194-4.parquet,1
uhs5_1247--udt18558,parquet_residential_short_202512_res_MT,210280-4.parquet,1
uhs5_1247--udt18558,parquet_residential_short_202512_res_MT,214774-4.parquet,1
uhs5_1247--udt18558,parquet_residential_short_202512_res_MT,216380-4.parquet,2
uhs5_1247--udt18558,parquet_residential_short_202512_res_MT,226832-4.parquet,1
uhs5_1247--udt18558,parquet_residential_short_202512_res_MT,234488-4.parquet,1
uhs5_1247--udt18558,parquet_residential_short_202512_res_MT,238424-4.parquet,1
uhs5_1247--udt18558,parquet_residential_short_202512_res_MT,251857-4.parquet,2
uhs5_1247--udt18558,parquet_residential_short_202512_res_MT,255145-4.parquet,1
uhs5_1247--udt18558,parquet_residential_short_202512_res_MT,256192-4.parquet,1
uhs5_1247--udt18558,parquet_residential_short_202512_res_MT,264067-4.parquet,1
uhs5_1247--udt18558,parquet_residential_short_202512_res_MT,271955-4.parquet,2
uhs5_1247--udt18558,parquet_residential_short_202512_res_MT,276587-4.parquet,13
uhs5_1247--udt18558,parquet_residential_short_202512_res_MT,277210-4.parquet,7
uhs5_1247--udt18558,parquet_residential_short_202512_res_MT,278604-4.parquet,22
uhs5_1247--udt18558,parquet_residential_short_202512_res_MT,305252-4.parquet,1
uhs5_1247--udt18558,parquet_residential_short_202512_res_MT,311002-4.parquet,3
uhs5_1247--udt18558,parquet_residential_short_202512_res_MT,314691-4.parquet,2
uhs5_1247--udt18558,parquet_residential_short_202512_res_MT,316244-4.parquet,1
uhs5_1247--udt18558,parquet_residential_short_202512_res_MT,319084-4.parquet,1
uhs5_1247--udt18558,parquet_residential_short_202512_res_MT,338628-4.parquet,1
uhs5_1247--udt18558,parquet_residential_short_202512_res_MT,341215-4.parquet,1
uhs5_1247--udt18558,parquet_residential_short_202512_res_MT,341617-4.parquet,2
uhs5_1247--udt18558,parquet_residential_short_202512_res_MT,345764-4.parquet,2
uhs5_1247--udt18558,parquet_residential_short_202512_res_MT,370023-4.parquet,5
uhs5_1247--udt18558,parquet_residential_short_202512_res_MT,387501-4.parquet,1
uhs5_1247--udt18558,parquet_residential_short_202512_res_MT,393147-4.parquet,2
uhs5_1247--udt18558,parquet_residential_short_202512_res_MT,401600-4.parquet,66
uhs5_1247--udt18558,parquet_residential_short_202512_res_MT,402646-4.parquet,1
uhs5_1247--udt18558,parquet_residential_short_202512_res_MT,405081-4.parquet,1
uhs5_1247--udt18558,parquet_residential_short_202512_res_MT,406640-4.parquet,8
uhs5_1247--udt18558,parquet_residential_short_202512_res_MT,42104-4.parquet,1
uhs5_1247--udt18558,parquet_residential_short_202512_res_MT,42376-4.parquet,1
uhs5_1247--udt18558,parquet_residential_short_202512_res_MT,427948-4.parquet,31
uhs5_1247--udt18558,parquet_residential_short_202512_res_MT,458883-4.parquet,1
uhs5_1247--udt18558,parquet_residential_short_202512_res_MT,4605-4.parquet,1
uhs5_1247--udt18558,parquet_residential_short_202512_res_MT,464253-4.parquet,1
uhs5_1247--udt18558,parquet_residential_short_202512_res_MT,466189-4.parquet,14
uhs5_1247--udt18558,parquet_residential_short_202512_res_MT,468325-4.parquet,1
uhs5_1247--udt18558,parquet_residential_short_202512_res_MT,471837-4.parquet,7
uhs5_1247--udt18558,parquet_residential_short_202512_res_MT,476793-4.parquet,7
uhs5_1247--udt18558,parquet_residential_short_202512_res_MT,481916-4.parquet,4
uhs5_1247--udt18558,parquet_residential_short_202512_res_MT,486032-4.parquet,2
uhs5_1247--udt18558,parquet_residential_short_202512_res_MT,486410-4.parquet,1
uhs5_1247--udt18558,parquet_residential_short_202512_res_MT,490684-4.parquet,2
uhs5_1247--udt18558,parquet_residential_short_202512_res_MT,492040-4.parquet,2
uhs5_1247--udt18558,parquet_residential_short_202512_res_MT,493524-4.parquet,5
uhs5_1247--udt18558,parquet_residential_short_202512_res_MT,494976-4.parquet,1
uhs5_1247--udt18558,parquet_residential_short_202512_res_MT,500793-4.parquet,3
uhs5_1247--udt18558,parquet_residential_short_202512_res_MT,508034-4.parquet,3
uhs5_1247--udt18558,parquet_residential_short_202512_res_MT,513358-4.parquet,2
uhs5_1247--udt18558,parquet_residential_short_202512_res_MT,514429-4.parquet,7
uhs5_1247--udt18558,parquet_residential_short_202512_res_MT,527227-4.parquet,6
uhs5_1247--udt18558,parquet_residential_short_202512_res_MT,529425-4.parquet,33
uhs5_1247--udt18558,parquet_residential_short_202512_res_MT,535363-4.parquet,9
uhs5_1247--udt18558,parquet_residential_short_202512_res_MT,543184-4.parquet,9
uhs5_1247--udt18558,parquet_residential_short_202512_res_MT,57049-4.parquet,2
uhs5_1247--udt18558,parquet_residential_short_202512_res_MT,57772-4.parquet,1
uhs5_1247--udt18558,parquet_residential_short_202512_res_MT,63328-4.parquet,3
uhs5_1247--udt18558,parquet_residential_short_202512_res_MT,64056-4.parquet,9
uhs5_1247--udt18558,parquet_residential_short_202512_res_MT,66138-4.parquet,3
uhs5_1247--udt18558,parquet_residential_short_202512_res_MT,68619-4.parquet,3
uhs5_1247--udt18558,parquet_residential_short_202512_res_MT,68953-4.parquet,1
uhs5_1247--udt18558,parquet_residential_short_202512_res_MT,86159-4.parquet,2
uhs5_1247--udt18558,parquet_residential_short_202512_res_MT,88623-4.parquet,1
uhs5_1247--udt18558,parquet_residential_short_202512_res_MT,93871-4.parquet,1
uhs5_1247--udt18558,parquet_residential_short_202512_res_MT,94199-4.parquet,1
uhs5_1247--udt18558,parquet_residential_short_202512_res_MT,97519-4.parquet,6
uhs5_1247--udt19869,parquet_commercial_202512_comm_MT,184108-2.parquet,2
uhs5_1247--udt19869,parquet_commercial_202512_comm_MT,184116-2.parquet,3
uhs5_1247--udt19869,parquet_commercial_202512_comm_MT,184124-2.parquet,1
uhs5_1247--udt19869,parquet_commercial_202512_comm_MT,184131-2.parquet,1
uhs5_1247--udt19869,parquet_commercial_202512_comm_MT,184147-9.parquet,4
uhs5_1247--udt19869,parquet_commercial_202512_comm_MT,184151-2.parquet,1
uhs5_1247--udt19869,parquet_commercial_202512_comm_MT,184157-2.parquet,1
uhs5_1247--udt19869,parquet_commercial_202512_comm_MT,184172-2.parquet,1
uhs5_1247--udt19869,parquet_commercial_202512_comm_MT,184182-2.parquet,1
uhs5_1247--udt19869,parquet_commercial_202512_comm_MT,184183-2.parquet,1
uhs5_1247--udt19869,parquet_commercial_202512_comm_MT,184194-9.parquet,2
uhs5_1247--udt19869,parquet_commercial_202512_comm_MT,184202-2.parquet,3
uhs5_1247--udt19869,parquet_commercial_202512_comm_MT,184207-2.parquet,7
uhs5_1247--udt19869,parquet_commercial_202512_comm_MT,184213-2.parquet,1
uhs5_1247--udt19869,parquet_commercial_202512_comm_MT,184217-2.parquet,1
uhs5_1247--udt19869,parquet_commercial_202512_comm_MT,184220-2.parquet,3
uhs5_1247--udt19869,parquet_commercial_202512_comm_MT,184285-2.parquet,2
uhs5_1247--udt19869,parquet_commercial_202512_comm_MT,184288-2.parquet,3
uhs5_1247--udt19869,parquet_commercial_202512_comm_MT,184300-2.parquet,1
uhs5_1247--udt19869,parquet_commercial_202512_comm_MT,184301-9.parquet,1
uhs5_1247--udt19869,parquet_commercial_202512_comm_MT,184313-2.parquet,2
uhs5_1247--udt19869,parquet_commercial_202512_comm_MT,184315-2.parquet,6
uhs5_1247--udt19869,parquet_commercial_202512_comm_MT,184342-9.parquet,5
uhs5_1247--udt19869,parquet_commercial_202512_comm_MT,184365-2.parquet,1
uhs5_1247--udt19869,parquet_commercial_202512_comm_MT,184367-9.parquet,1
uhs5_1247--udt19869,parquet_commercial_202512_comm_MT,184374-2.parquet,1
uhs5_1247--udt19869,parquet_commercial_202512_comm_MT,184382-9.parquet,2
uhs5_1247--udt19869,parquet_commercial_202512_comm_MT,184387-2.parquet,1
uhs5_1247--udt19869,parquet_commercial_202512_comm_MT,184394-9.parquet,1
uhs5_1247--udt19869,parquet_commercial_202512_comm_MT,184433-2.parquet,2
uhs5_1247--udt19869,parquet_commercial_202512_comm_MT,184438-9.parquet,1
uhs5_1247--udt19869,parquet_commercial_202512_comm_MT,184456-2.parquet,1
uhs5_1247--udt19869,parquet_commercial_202512_comm_MT,184466-2.parquet,1
uhs5_1247--udt19869,parquet_commercial_202512_comm_MT,184481-9.parquet,3
uhs5_1247--udt19869,parquet_commercial_202512_comm_MT,184483-2.parquet,1
uhs5_1247--udt19869,parquet_commercial_202512_comm_MT,184508-2.parquet,2
uhs5_1247--udt19869,parquet_commercial_202512_comm_MT,184518-2.parquet,27
uhs5_1247--udt19869,parquet_commercial_202512_comm_MT,184527-9.parquet,2
uhs5_1247--udt19869,parquet_commercial_202512_comm_MT,184539-9.parquet,1
uhs5_1247--udt19869,parquet_commercial_202512_comm_MT,184587-2.parquet,2
uhs5_1247--udt19869,parquet_commercial_202512_comm_MT,184596-9.parquet,1
uhs5_1247--udt19869,parquet_commercial_202512_comm_MT,184612-9.parquet,1
uhs5_1247--udt19869,parquet_commercial_202512_comm_MT,184616-2.parquet,4
uhs5_1247--udt19869,parquet_commercial_202512_comm_MT,184617-2.parquet,1
uhs5_1247--udt19869,parquet_commercial_202512_comm_MT,184623-9.parquet,1
uhs5_1247--udt19869,parquet_commercial_202512_comm_MT,184637-9.parquet,1
uhs5_1247--udt19869,parquet_commercial_202512_comm_MT,184646-9.parquet,1
uhs5_1247--udt19869,parquet_commercial_202512_comm_MT,184652-9.parquet,2
uhs5_1247--udt19869,parquet_commercial_202512_comm_MT,184664-9.parquet,1
uhs5_1247--udt19869,parquet_commercial_202512_comm_MT,184693-9.parquet,1
uhs5_1247--udt19869,parquet_commercial_202512_comm_MT,184700-9.parquet,3
uhs5_1247--udt19869,parquet_commercial_202512_comm_MT,184706-2.parquet,2
uhs5_1247--udt19869,parquet_commercial_202512_comm_MT,184710-9.parquet,1
uhs5_1247--udt19869,parquet_commercial_202512_comm_MT,184717-9.parquet,1
uhs5_1247--udt19869,parquet_commercial_202512_comm_MT,184727-2.parquet,1
uhs5_1247--udt19869,parquet_commercial_202512_comm_MT,184735-2.parquet,1
uhs5_1247--udt19869,parquet_commercial_202512_comm_MT,184744-9.parquet,1
uhs5_1247--udt19869,parquet_commercial_202512_comm_MT,184763-2.parquet,2
uhs5_1247--udt19869,parquet_commercial_202512_comm_MT,184776-2.parquet,1
uhs5_1247--udt19869,parquet_commercial_202512_comm_MT,184809-2.parquet,2
uhs5_1247--udt19869,parquet_commercial_202512_comm_MT,184811-9.parquet,1
uhs5_1247--udt19869,parquet_commercial_202512_comm_MT,184821-9.parquet,1
uhs5_1247--udt19869,parquet_commercial_202512_comm_MT,184823-2.parquet,6
uhs5_1247--udt19869,parquet_commercial_202512_comm_MT,184843-2.parquet,1
uhs5_1247--udt19869,parquet_commercial_202512_comm_MT,184857-9.parquet,2
uhs5_1247--udt19869,parquet_commercial_202512_comm_MT,184861-2.parquet,1
uhs5_1247--udt19869,parquet_commercial_202512_comm_MT,184863-2.parquet,1
uhs5_1247--udt19869,parquet_commercial_202512_comm_MT,184874-9.parquet,1
uhs5_1247--udt19869,parquet_commercial_202512_comm_MT,184908-2.parquet,1
uhs5_1247--udt19869,parquet_commercial_202512_comm_MT,184929-2.parquet,2
uhs5_1247--udt19869,parquet_commercial_202512_comm_MT,184930-2.parquet,1
uhs5_1247--udt19869,parquet_commercial_202512_comm_MT,184942-9.parquet,2
uhs5_1247--udt19869,parquet_commercial_202512_comm_MT,184950-2.parquet,1
uhs5_1247--udt19869,parquet_commercial_202512_comm_MT,185003-9.parquet,4
uhs5_1247--udt19869,parquet_commercial_202512_comm_MT,185008-9.parquet,1
uhs5_1247--udt19869,parquet_residential_short_202512_res_MT,102182-4.parquet,2
uhs5_1247--udt19869,parquet_residential_short_202512_res_MT,102854-4.parquet,74
uhs5_1247--udt19869,parquet_residential_short_202512_res_MT,106657-4.parquet,12
uhs5_1247--udt19869,parquet_residential_short_202512_res_MT,108254-4.parquet,3
uhs5_1247--udt19869,parquet_residential_short_202512_res_MT,117464-4.parquet,1
uhs5_1247--udt19869,parquet_residential_short_202512_res_MT,118797-4.parquet,3
uhs5_1247--udt19869,parquet_residential_short_202512_res_MT,119073-4.parquet,8
uhs5_1247--udt19869,parquet_residential_short_202512_res_MT,121985-4.parquet,1
uhs5_1247--udt19869,parquet_residential_short_202512_res_MT,126858-4.parquet,1
uhs5_1247--udt19869,parquet_residential_short_202512_res_MT,131145-4.parquet,2
uhs5_1247--udt19869,parquet_residential_short_202512_res_MT,136303-4.parquet,1
uhs5_1247--udt19869,parquet_residential_short_202512_res_MT,136309-4.parquet,10
uhs5_1247--udt19869,parquet_residential_short_202512_res_MT,138494-4.parquet,6
uhs5_1247--udt19869,parquet_residential_short_202512_res_MT,140071-4.parquet,10
uhs5_1247--udt19869,parquet_residential_short_202512_res_MT,142544-4.parquet,2
uhs5_1247--udt19869,parquet_residential_short_202512_res_MT,14281-4.parquet,2
uhs5_1247--udt19869,parquet_residential_short_202512_res_MT,144965-4.parquet,1
uhs5_1247--udt19869,parquet_residential_short_202512_res_MT,147301-4.parquet,1
uhs5_1247--udt19869,parquet_residential_short_202512_res_MT,153454-4.parquet,2
uhs5_1247--udt19869,parquet_residential_short_202512_res_MT,154106-4.parquet,2
uhs5_1247--udt19869,parquet_residential_short_202512_res_MT,154367-4.parquet,2
uhs5_1247--udt19869,parquet_residential_short_202512_res_MT,156849-4.parquet,2
uhs5_1247--udt19869,parquet_residential_short_202512_res_MT,162253-4.parquet,88
uhs5_1247--udt19869,parquet_residential_short_202512_res_MT,170488-4.parquet,3
uhs5_1247--udt19869,parquet_residential_short_202512_res_MT,180039-4.parquet,4
uhs5_1247--udt19869,parquet_residential_short_202512_res_MT,183427-4.parquet,5
uhs5_1247--udt19869,parquet_residential_short_202512_res_MT,185745-4.parquet,49
uhs5_1247--udt19869,parquet_residential_short_202512_res_MT,201863-4.parquet,1
uhs5_1247--udt19869,parquet_residential_short_202512_res_MT,202090-4.parquet,1
uhs5_1247--udt19869,parquet_residential_short_202512_res_MT,203702-4.parquet,8
uhs5_1247--udt19869,parquet_residential_short_202512_res_MT,20806-4.parquet,1
uhs5_1247--udt19869,parquet_residential_short_202512_res_MT,209507-4.parquet,7
uhs5_1247--udt19869,parquet_residential_short_202512_res_MT,210194-4.parquet,3
uhs5_1247--udt19869,parquet_residential_short_202512_res_MT,211030-4.parquet,2
uhs5_1247--udt19869,parquet_residential_short_202512_res_MT,214774-4.parquet,1
uhs5_1247--udt19869,parquet_residential_short_202512_res_MT,215981-4.parquet,3
uhs5_1247--udt19869,parquet_residential_short_202512_res_MT,216380-4.parquet,4
uhs5_1247--udt19869,parquet_residential_short_202512_res_MT,226832-4.parquet,1
uhs5_1247--udt19869,parquet_residential_short_202512_res_MT,229622-4.parquet,1
uhs5_1247--udt19869,parquet_residential_short_202512_res_MT,234488-4.parquet,7
uhs5_1247--udt19869,parquet_residential_short_202512_res_MT,239542-4.parquet,2
uhs5_1247--udt19869,parquet_residential_short_202512_res_MT,251857-4.parquet,2
uhs5_1247--udt19869,parquet_residential_short_202512_res_MT,255145-4.parquet,2
uhs5_1247--udt19869,parquet_residential_short_202512_res_MT,256192-4.parquet,1
uhs5_1247--udt19869,parquet_residential_short_202512_res_MT,276587-4.parquet,40
uhs5_1247--udt19869,parquet_residential_short_202512_res_MT,277210-4.parquet,3
uhs5_1247--udt19869,parquet_residential_short_202512_res_MT,278604-4.parquet,19
uhs5_1247--udt19869,parquet_residential_short_202512_res_MT,27882-4.parquet,2
uhs5_1247--udt19869,parquet_residential_short_202512_res_MT,305252-4.parquet,4
uhs5_1247--udt19869,parquet_residential_short_202512_res_MT,311002-4.parquet,8
uhs5_1247--udt19869,parquet_residential_short_202512_res_MT,314691-4.parquet,1
uhs5_1247--udt19869,parquet_residential_short_202512_res_MT,314702-4.parquet,2
uhs5_1247--udt19869,parquet_residential_short_202512_res_MT,322241-4.parquet,2
uhs5_1247--udt19869,parquet_residential_short_202512_res_MT,324393-4.parquet,3
uhs5_1247--udt19869,parquet_residential_short_202512_res_MT,325203-4.parquet,2
uhs5_1247--udt19869,parquet_residential_short_202512_res_MT,338150-4.parquet,8
uhs5_1247--udt19869,parquet_residential_short_202512_res_MT,341215-4.parquet,1
uhs5_1247--udt19869,parquet_residential_short_202512_res_MT,341617-4.parquet,6
uhs5_1247--udt19869,parquet_residential_short_202512_res_MT,343688-4.parquet,2
uhs5_1247--udt19869,parquet_residential_short_202512_res_MT,345764-4.parquet,2
uhs5_1247--udt19869,parquet_residential_short_202512_res_MT,370023-4.parquet,3
uhs5_1247--udt19869,parquet_residential_short_202512_res_MT,371830-4.parquet,5
uhs5_1247--udt19869,parquet_residential_short_202512_res_MT,372987-4.parquet,1
uhs5_1247--udt19869,parquet_residential_short_202512_res_MT,401600-4.parquet,69
uhs5_1247--udt19869,parquet_residential_short_202512_res_MT,402646-4.parquet,2
uhs5_1247--udt19869,parquet_residential_short_202512_res_MT,406640-4.parquet,12
uhs5_1247--udt19869,parquet_residential_short_202512_res_MT,410527-4.parquet,3
uhs5_1247--udt19869,parquet_residential_short_202512_res_MT,418448-4.parquet,2
uhs5_1247--udt19869,parquet_residential_short_202512_res_MT,42104-4.parquet,2
uhs5_1247--udt19869,parquet_residential_short_202512_res_MT,42376-4.parquet,1
uhs5_1247--udt19869,parquet_residential_short_202512_res_MT,424723-4.parquet,13
uhs5_1247--udt19869,parquet_residential_short_202512_res_MT,427948-4.parquet,59
uhs5_1247--udt19869,parquet_residential_short_202512_res_MT,438998-4.parquet,1
uhs5_1247--udt19869,parquet_residential_short_202512_res_MT,464253-4.parquet,1
uhs5_1247--udt19869,parquet_residential_short_202512_res_MT,466189-4.parquet,12
uhs5_1247--udt19869,parquet_residential_short_202512_res_MT,468325-4.parquet,2
uhs5_1247--udt19869,parquet_residential_short_202512_res_MT,471837-4.parquet,3
uhs5_1247--udt19869,parquet_residential_short_202512_res_MT,476793-4.parquet,10
uhs5_1247--udt19869,parquet_residential_short_202512_res_MT,481916-4.parquet,6
uhs5_1247--udt19869,parquet_residential_short_202512_res_MT,484947-4.parquet,3
uhs5_1247--udt19869,parquet_residential_short_202512_res_MT,486032-4.parquet,1
uhs5_1247--udt19869,parquet_residential_short_202512_res_MT,486410-4.parquet,5
uhs5_1247--udt19869,parquet_residential_short_202512_res_MT,490684-4.parquet,1
uhs5_1247--udt19869,parquet_residential_short_202512_res_MT,492040-4.parquet,4
uhs5_1247--udt19869,parquet_residential_short_202512_res_MT,493524-4.parquet,6
uhs5_1247--udt19869,parquet_residential_short_202512_res_MT,494052-4.parquet,7
uhs5_1247--udt19869,parquet_residential_short_202512_res_MT,494976-4.parquet,1
uhs5_1247--udt19869,parquet_residential_short_202512_res_MT,500436-4.parquet,3
uhs5_1247--udt19869,parquet_residential_short_202512_res_MT,500793-4.parquet,4
uhs5_1247--udt19869,parquet_residential_short_202512_res_MT,501241-4.parquet,1
uhs5_1247--udt19869,parquet_residential_short_202512_res_MT,508034-4.parquet,1
uhs5_1247--udt19869,parquet_residential_short_202512_res_MT,513358-4.parquet,1
uhs5_1247--udt19869,parquet_residential_short_202512_res_MT,513565-4.parquet,1
uhs5_1247--udt19869,parquet_residential_short_202512_res_MT,514429-4.parquet,6
uhs5_1247--udt19869,parquet_residential_short_202512_res_MT,526430-4.parquet,2
uhs5_1247--udt19869,parquet_residential_short_202512_res_MT,527227-4.parquet,3
uhs5_1247--udt19869,parquet_residential_short_202512_res_MT,529425-4.parquet,11
uhs5_1247--udt19869,parquet_residential_short_202512_res_MT,535363-4.parquet,6
uhs5_1247--udt19869,parquet_residential_short_202512_res_MT,543184-4.parquet,8
uhs5_1247--udt19869,parquet_residential_short_202512_res_MT,544168-4.parquet,3
uhs5_1247--udt19869,parquet_residential_short_202512_res_MT,57049-4.parquet,2
uhs5_1247--udt19869,parquet_residential_short_202512_res_MT,57772-4.parquet,7
uhs5_1247--udt19869,parquet_residential_short_202512_res_MT,58700-4.parquet,1
uhs5_1247--udt19869,parquet_residential_short_202512_res_MT,63328-4.parquet,9
uhs5_1247--udt19869,parquet_residential_short_202512_res_MT,64056-4.parquet,16
uhs5_1247--udt19869,parquet_residential_short_202512_res_MT,66138-4.parquet,11
uhs5_1247--udt19869,parquet_residential_short_202512_res_MT,68619-4.parquet,1
uhs5_1247--udt19869,parquet_residential_short_202512_res_MT,68953-4.parquet,1
uhs5_1247--udt19869,parquet_residential_short_202512_res_MT,81904-4.parquet,2
uhs5_1247--udt19869,parquet_residential_short_202512_res_MT,86159-4.parquet,4
uhs5_1247--udt19869,parquet_residential_short_202512_res_MT,87233-4.parquet,1
uhs5_1247--udt19869,parquet_residential_short_202512_res_MT,90560-4.parquet,2
uhs5_1247--udt19869,parquet_residential_short_202512_res_MT,9342-4.parquet,1
uhs5_1247--udt19869,parquet_residential_short_202512_res_MT,93871-4.parquet,6
uhs5_1247--udt19869,parquet_residential_short_202512_res_MT,97519-4.parquet,3
uhs5_1247--udt19869,parquet_residential_short_202512_res_MT,99076-4.parquet,1
uhs5_1247--udt20368,parquet_commercial_202512_comm_MT,184105-9.parquet,1
uhs5_1247--udt20368,parquet_commercial_202512_comm_MT,184116-2.parquet,2
uhs5_1247--udt20368,parquet_commercial_202512_comm_MT,184128-2.parquet,2
uhs5_1247--udt20368,parquet_commercial_202512_comm_MT,184131-2.parquet,1
uhs5_1247--udt20368,parquet_commercial_202512_comm_MT,184141-2.parquet,1
uhs5_1247--udt20368,parquet_commercial_202512_comm_MT,184142-2.parquet,2
uhs5_1247--udt20368,parquet_commercial_202512_comm_MT,184147-9.parquet,5
uhs5_1247--udt20368,parquet_commercial_202512_comm_MT,184148-2.parquet,1
uhs5_1247--udt20368,parquet_commercial_202512_comm_MT,184154-2.parquet,1
uhs5_1247--udt20368,parquet_commercial_202512_comm_MT,184157-2.parquet,1
uhs5_1247--udt20368,parquet_commercial_202512_comm_MT,184168-9.parquet,1
uhs5_1247--udt20368,parquet_commercial_202512_comm_MT,184172-2.parquet,2
uhs5_1247--udt20368,parquet_commercial_202512_comm_MT,184179-9.parquet,2
uhs5_1247--udt20368,parquet_commercial_202512_comm_MT,184182-2.parquet,1
uhs5_1247--udt20368,parquet_commercial_202512_comm_MT,184202-2.parquet,2
uhs5_1247--udt20368,parquet_commercial_202512_comm_MT,184207-2.parquet,3
uhs5_1247--udt20368,parquet_commercial_202512_comm_MT,184220-2.parquet,4
uhs5_1247--udt20368,parquet_commercial_202512_comm_MT,184223-2.parquet,1
uhs5_1247--udt20368,parquet_commercial_202512_comm_MT,184241-9.parquet,2
uhs5_1247--udt20368,parquet_commercial_202512_comm_MT,184288-2.parquet,7
uhs5_1247--udt20368,parquet_commercial_202512_comm_MT,184295-9.parquet,2
uhs5_1247--udt20368,parquet_commercial_202512_comm_MT,184300-2.parquet,1
uhs5_1247--udt20368,parquet_commercial_202512_comm_MT,184315-2.parquet,3
uhs5_1247--udt20368,parquet_commercial_202512_comm_MT,184362-2.parquet,1
uhs5_1247--udt20368,parquet_commercial_202512_comm_MT,184365-2.parquet,1
uhs5_1247--udt20368,parquet_commercial_202512_comm_MT,184377-2.parquet,1
uhs5_1247--udt20368,parquet_commercial_202512_comm_MT,184382-9.parquet,1
uhs5_1247--udt20368,parquet_commercial_202512_comm_MT,184391-9.parquet,1
uhs5_1247--udt20368,parquet_commercial_202512_comm_MT,184433-2.parquet,5
uhs5_1247--udt20368,parquet_commercial_202512_comm_MT,184438-9.parquet,2
uhs5_1247--udt20368,parquet_commercial_202512_comm_MT,184444-2.parquet,1
uhs5_1247--udt20368,parquet_commercial_202512_comm_MT,184471-2.parquet,1
uhs5_1247--udt20368,parquet_commercial_202512_comm_MT,184475-9.parquet,1
uhs5_1247--udt20368,parquet_commercial_202512_comm_MT,184488-2.parquet,1
uhs5_1247--udt20368,parquet_commercial_202512_comm_MT,184508-2.parquet,2
uhs5_1247--udt20368,parquet_commercial_202512_comm_MT,184510-2.parquet,1
uhs5_1247--udt20368,parquet_commercial_202512_comm_MT,184512-2.parquet,1
uhs5_1247--udt20368,parquet_commercial_202512_comm_MT,184518-2.parquet,22
uhs5_1247--udt20368,parquet_commercial_202512_comm_MT,184544-2.parquet,1
uhs5_1247--udt20368,parquet_commercial_202512_comm_MT,184551-9.parquet,1
uhs5_1247--udt20368,parquet_commercial_202512_comm_MT,184587-2.parquet,2
uhs5_1247--udt20368,parquet_commercial_202512_comm_MT,184596-9.parquet,1
uhs5_1247--udt20368,parquet_commercial_202512_comm_MT,184608-9.parquet,1
uhs5_1247--udt20368,parquet_commercial_202512_comm_MT,184616-2.parquet,2
uhs5_1247--udt20368,parquet_commercial_202512_comm_MT,184623-9.parquet,1
uhs5_1247--udt20368,parquet_commercial_202512_comm_MT,184637-9.parquet,3
uhs5_1247--udt20368,parquet_commercial_202512_comm_MT,184646-9.parquet,4
uhs5_1247--udt20368,parquet_commercial_202512_comm_MT,184687-2.parquet,1
uhs5_1247--udt20368,parquet_commercial_202512_comm_MT,184700-9.parquet,12
uhs5_1247--udt20368,parquet_commercial_202512_comm_MT,184717-9.parquet,1
uhs5_1247--udt20368,parquet_commercial_202512_comm_MT,184732-2.parquet,1
uhs5_1247--udt20368,parquet_commercial_202512_comm_MT,184786-9.parquet,1
uhs5_1247--udt20368,parquet_commercial_202512_comm_MT,184793-9.parquet,1
uhs5_1247--udt20368,parquet_commercial_202512_comm_MT,184823-2.parquet,4
uhs5_1247--udt20368,parquet_commercial_202512_comm_MT,184824-2.parquet,1
uhs5_1247--udt20368,parquet_commercial_202512_comm_MT,184831-9.parquet,2
uhs5_1247--udt20368,parquet_commercial_202512_comm_MT,184856-9.parquet,1
uhs5_1247--udt20368,parquet_commercial_202512_comm_MT,184857-9.parquet,3
uhs5_1247--udt20368,parquet_commercial_202512_comm_MT,184888-9.parquet,2
uhs5_1247--udt20368,parquet_commercial_202512_comm_MT,184929-2.parquet,2
uhs5_1247--udt20368,parquet_commercial_202512_comm_MT,184933-2.parquet,1
uhs5_1247--udt20368,parquet_commercial_202512_comm_MT,184941-2.parquet,2
uhs5_1247--udt20368,parquet_commercial_202512_comm_MT,184983-2.parquet,8
uhs5_1247--udt20368,parquet_commercial_202512_comm_MT,185005-9.parquet,1
uhs5_1247--udt20368,parquet_commercial_202512_comm_MT,185008-9.parquet,1
uhs5_1247--udt20368,parquet_commercial_202512_comm_MT,185010-2.parquet,1
uhs5_1247--udt20368,parquet_commercial_202512_comm_MT,185022-2.parquet,1
uhs5_1247--udt20368,parquet_residential_short_202512_res_MT,102854-4.parquet,7
uhs5_1247--udt20368,parquet_residential_short_202512_res_MT,106657-4.parquet,4
uhs5_1247--udt20368,parquet_residential_short_202512_res_MT,108254-4.parquet,2
uhs5_1247--udt20368,parquet_residential_short_202512_res_MT,118797-4.parquet,2
uhs5_1247--udt20368,parquet_residential_short_202512_res_MT,119073-4.parquet,5
uhs5_1247--udt20368,parquet_residential_short_202512_res_MT,121985-4.parquet,4
uhs5_1247--udt20368,parquet_residential_short_202512_res_MT,126858-4.parquet,1
uhs5_1247--udt20368,parquet_residential_short_202512_res_MT,136309-4.parquet,3
uhs5_1247--udt20368,parquet_residential_short_202512_res_MT,138494-4.parquet,2
uhs5_1247--udt20368,parquet_residential_short_202512_res_MT,142544-4.parquet,2
uhs5_1247--udt20368,parquet_residential_short_202512_res_MT,14281-4.parquet,1
uhs5_1247--udt20368,parquet_residential_short_202512_res_MT,153454-4.parquet,1
uhs5_1247--udt20368,parquet_residential_short_202512_res_MT,156849-4.parquet,3
uhs5_1247--udt20368,parquet_residential_short_202512_res_MT,159135-4.parquet,1
uhs5_1247--udt20368,parquet_residential_short_202512_res_MT,162253-4.parquet,34
uhs5_1247--udt20368,parquet_residential_short_202512_res_MT,180039-4.parquet,5
uhs5_1247--udt20368,parquet_residential_short_202512_res_MT,185745-4.parquet,9
uhs5_1247--udt20368,parquet_residential_short_202512_res_MT,202090-4.parquet,1
uhs5_1247--udt20368,parquet_residential_short_202512_res_MT,203702-4.parquet,6
uhs5_1247--udt20368,parquet_residential_short_202512_res_MT,209507-4.parquet,3
uhs5_1247--udt20368,parquet_residential_short_202512_res_MT,215981-4.parquet,2
uhs5_1247--udt20368,parquet_residential_short_202512_res_MT,216380-4.parquet,2
uhs5_1247--udt20368,parquet_residential_short_202512_res_MT,226832-4.parquet,1
uhs5_1247--udt20368,parquet_residential_short_202512_res_MT,239542-4.parquet,2
uhs5_1247--udt20368,parquet_residential_short_202512_res_MT,251857-4.parquet,2
uhs5_1247--udt20368,parquet_residential_short_202512_res_MT,257610-4.parquet,1
uhs5_1247--udt20368,parquet_residential_short_202512_res_MT,276587-4.parquet,1
uhs5_1247--udt20368,parquet_residential_short_202512_res_MT,278604-4.parquet,3
uhs5_1247--udt20368,parquet_residential_short_202512_res_MT,305252-4.parquet,1
uhs5_1247--udt20368,parquet_residential_short_202512_res_MT,311002-4.parquet,2
uhs5_1247--udt20368,parquet_residential_short_202512_res_MT,314702-4.parquet,1
uhs5_1247--udt20368,parquet_residential_short_202512_res_MT,338628-4.parquet,1
uhs5_1247--udt20368,parquet_residential_short_202512_res_MT,372987-4.parquet,5
uhs5_1247--udt20368,parquet_residential_short_202512_res_MT,393147-4.parquet,1
uhs5_1247--udt20368,parquet_residential_short_202512_res_MT,401600-4.parquet,13
uhs5_1247--udt20368,parquet_residential_short_202512_res_MT,418448-4.parquet,2
uhs5_1247--udt20368,parquet_residential_short_202512_res_MT,424723-4.parquet,4
uhs5_1247--udt20368,parquet_residential_short_202512_res_MT,427948-4.parquet,12
uhs5_1247--udt20368,parquet_residential_short_202512_res_MT,448361-4.parquet,1
uhs5_1247--udt20368,parquet_residential_short_202512_res_MT,466189-4.parquet,6
uhs5_1247--udt20368,parquet_residential_short_202512_res_MT,468325-4.parquet,2
uhs5_1247--udt20368,parquet_residential_short_202512_res_MT,471837-4.parquet,2
uhs5_1247--udt20368,parquet_residential_short_202512_res_MT,476793-4.parquet,3
uhs5_1247--udt20368,parquet_residential_short_202512_res_MT,481916-4.parquet,4
uhs5_1247--udt20368,parquet_residential_short_202512_res_MT,484947-4.parquet,1
uhs5_1247--udt20368,parquet_residential_short_202512_res_MT,486032-4.parquet,3
uhs5_1247--udt20368,parquet_residential_short_202512_res_MT,486410-4.parquet,4
uhs5_1247--udt20368,parquet_residential_short_202512_res_MT,493524-4.parquet,2
uhs5_1247--udt20368,parquet_residential_short_202512_res_MT,494052-4.parquet,1
uhs5_1247--udt20368,parquet_residential_short_202512_res_MT,494976-4.parquet,1
uhs5_1247--udt20368,parquet_residential_short_202512_res_MT,500436-4.parquet,1
uhs5_1247--udt20368,parquet_residential_short_202512_res_MT,500793-4.parquet,4
uhs5_1247--udt20368,parquet_residential_short_202512_res_MT,508034-4.parquet,1
uhs5_1247--udt20368,parquet_residential_short_202512_res_MT,514429-4.parquet,15
uhs5_1247--udt20368,parquet_residential_short_202512_res_MT,527227-4.parquet,1
uhs5_1247--udt20368,parquet_residential_short_202512_res_MT,529425-4.parquet,16
uhs5_1247--udt20368,parquet_residential_short_202512_res_MT,535363-4.parquet,3
uhs5_1247--udt20368,parquet_residential_short_202512_res_MT,543184-4.parquet,2
uhs5_1247--udt20368,parquet_residential_short_202512_res_MT,57049-4.parquet,1
uhs5_1247--udt20368,parquet_residential_short_202512_res_MT,64056-4.parquet,9
uhs5_1247--udt20368,parquet_residential_short_202512_res_MT,66138-4.parquet,11
uhs5_1247--udt20368,parquet_residential_short_202512_res_MT,93871-4.parquet,2
uhs5_1247--udt20368,parquet_residential_short_202512_res_MT,94199-4.parquet,1
uhs5_1247--udt20368,parquet_residential_short_202512_res_MT,97519-4.parquet,2
uhs6_1247--udt10788,parquet_commercial_202512_comm_MT,184137-2.parquet,1
uhs6_1247--udt10788,parquet_commercial_202512_comm_MT,184262-2.parquet,1
uhs6_1247--udt10788,parquet_commercial_202512_comm_MT,184394-9.parquet,2
uhs6_1247--udt10788,parquet_commercial_202512_comm_MT,184471-2.parquet,1
uhs6_1247--udt10788,parquet_commercial_202512_comm_MT,184617-2.parquet,1
uhs6_1247--udt10788,parquet_commercial_202512_comm_MT,184718-9.parquet,1
uhs6_1247--udt10788,parquet_commercial_202512_comm_MT,184727-2.parquet,1
uhs6_1247--udt10788,parquet_commercial_202512_comm_MT,184747-9.parquet,1
uhs6_1247--udt10788,parquet_commercial_202512_comm_MT,184772-2.parquet,1
uhs6_1247--udt10788,parquet_commercial_202512_comm_MT,184786-9.parquet,1
uhs6_1247--udt10788,parquet_commercial_202512_comm_MT,184797-2.parquet,1
uhs6_1247--udt10788,parquet_commercial_202512_comm_MT,184809-2.parquet,1
uhs6_1247--udt10788,parquet_commercial_202512_comm_MT,184823-2.parquet,1
uhs6_1247--udt10788,parquet_commercial_202512_comm_MT,184831-9.parquet,1
uhs6_1247--udt10788,parquet_commercial_202512_comm_MT,184836-2.parquet,1
uhs6_1247--udt10788,parquet_commercial_202512_comm_MT,184844-2.parquet,1
uhs6_1247--udt10788,parquet_commercial_202512_comm_MT,184860-9.parquet,1
uhs6_1247--udt10788,parquet_commercial_202512_comm_MT,184942-9.parquet,1
uhs6_1247--udt10788,parquet_commercial_202512_comm_MT,184983-2.parquet,1
uhs6_1247--udt10788,parquet_residential_short_202512_res_MT,101078-4.parquet,1
uhs6_1247--udt10788,parquet_residential_short_202512_res_MT,102182-4.parquet,6
uhs6_1247--udt10788,parquet_residential_short_202512_res_MT,102854-4.parquet,111
uhs6_1247--udt10788,parquet_residential_short_202512_res_MT,106657-4.parquet,8
uhs6_1247--udt10788,parquet_residential_short_202512_res_MT,114857-4.parquet,1
uhs6_1247--udt10788,parquet_residential_short_202512_res_MT,118797-4.parquet,2
uhs6_1247--udt10788,parquet_residential_short_202512_res_MT,119073-4.parquet,6
uhs6_1247--udt10788,parquet_residential_short_202512_res_MT,126858-4.parquet,4
uhs6_1247--udt10788,parquet_residential_short_202512_res_MT,131145-4.parquet,25
uhs6_1247--udt10788,parquet_residential_short_202512_res_MT,136303-4.parquet,4
uhs6_1247--udt10788,parquet_residential_short_202512_res_MT,136309-4.parquet,2
uhs6_1247--udt10788,parquet_residential_short_202512_res_MT,138494-4.parquet,12
uhs6_1247--udt10788,parquet_residential_short_202512_res_MT,140071-4.parquet,20
uhs6_1247--udt10788,parquet_residential_short_202512_res_MT,142544-4.parquet,2
uhs6_1247--udt10788,parquet_residential_short_202512_res_MT,14281-4.parquet,1
uhs6_1247--udt10788,parquet_residential_short_202512_res_MT,143283-4.parquet,2
uhs6_1247--udt10788,parquet_residential_short_202512_res_MT,144965-4.parquet,1
uhs6_1247--udt10788,parquet_residential_short_202512_res_MT,154106-4.parquet,36
uhs6_1247--udt10788,parquet_residential_short_202512_res_MT,154367-4.parquet,4
uhs6_1247--udt10788,parquet_residential_short_202512_res_MT,156064-4.parquet,1
uhs6_1247--udt10788,parquet_residential_short_202512_res_MT,157494-4.parquet,1
uhs6_1247--udt10788,parquet_residential_short_202512_res_MT,158072-4.parquet,1
uhs6_1247--udt10788,parquet_residential_short_202512_res_MT,159135-4.parquet,1
uhs6_1247--udt10788,parquet_residential_short_202512_res_MT,162253-4.parquet,18
uhs6_1247--udt10788,parquet_residential_short_202512_res_MT,170488-4.parquet,2
uhs6_1247--udt10788,parquet_residential_short_202512_res_MT,180039-4.parquet,9
uhs6_1247--udt10788,parquet_residential_short_202512_res_MT,183427-4.parquet,9
uhs6_1247--udt10788,parquet_residential_short_202512_res_MT,185745-4.parquet,44
uhs6_1247--udt10788,parquet_residential_short_202512_res_MT,203702-4.parquet,6
uhs6_1247--udt10788,parquet_residential_short_202512_res_MT,20815-4.parquet,1
uhs6_1247--udt10788,parquet_residential_short_202512_res_MT,209507-4.parquet,1
uhs6_1247--udt10788,parquet_residential_short_202512_res_MT,210194-4.parquet,11
uhs6_1247--udt10788,parquet_residential_short_202512_res_MT,211030-4.parquet,4
uhs6_1247--udt10788,parquet_residential_short_202512_res_MT,214774-4.parquet,1
uhs6_1247--udt10788,parquet_residential_short_202512_res_MT,217886-4.parquet,1
uhs6_1247--udt10788,parquet_residential_short_202512_res_MT,22193-4.parquet,1
uhs6_1247--udt10788,parquet_residential_short_202512_res_MT,22595-4.parquet,2
uhs6_1247--udt10788,parquet_residential_short_202512_res_MT,226832-4.parquet,3
uhs6_1247--udt10788,parquet_residential_short_202512_res_MT,229622-4.parquet,3
uhs6_1247--udt10788,parquet_residential_short_202512_res_MT,234488-4.parquet,10
uhs6_1247--udt10788,parquet_residential_short_202512_res_MT,239542-4.parquet,2
uhs6_1247--udt10788,parquet_residential_short_202512_res_MT,271955-4.parquet,1
uhs6_1247--udt10788,parquet_residential_short_202512_res_MT,275870-4.parquet,1
uhs6_1247--udt10788,parquet_residential_short_202512_res_MT,276587-4.parquet,131
uhs6_1247--udt10788,parquet_residential_short_202512_res_MT,277210-4.parquet,1
uhs6_1247--udt10788,parquet_residential_short_202512_res_MT,278604-4.parquet,2
uhs6_1247--udt10788,parquet_residential_short_202512_res_MT,305252-4.parquet,1
uhs6_1247--udt10788,parquet_residential_short_202512_res_MT,307734-4.parquet,1
uhs6_1247--udt10788,parquet_residential_short_202512_res_MT,311002-4.parquet,5
uhs6_1247--udt10788,parquet_residential_short_202512_res_MT,312392-4.parquet,1
uhs6_1247--udt10788,parquet_residential_short_202512_res_MT,314691-4.parquet,3
uhs6_1247--udt10788,parquet_residential_short_202512_res_MT,316244-4.parquet,1
uhs6_1247--udt10788,parquet_residential_short_202512_res_MT,321643-4.parquet,2
uhs6_1247--udt10788,parquet_residential_short_202512_res_MT,325203-4.parquet,15
uhs6_1247--udt10788,parquet_residential_short_202512_res_MT,328292-4.parquet,1
uhs6_1247--udt10788,parquet_residential_short_202512_res_MT,338150-4.parquet,27
uhs6_1247--udt10788,parquet_residential_short_202512_res_MT,341617-4.parquet,25
uhs6_1247--udt10788,parquet_residential_short_202512_res_MT,345764-4.parquet,1
uhs6_1247--udt10788,parquet_residential_short_202512_res_MT,370023-4.parquet,2
uhs6_1247--udt10788,parquet_residential_short_202512_res_MT,392513-4.parquet,1
uhs6_1247--udt10788,parquet_residential_short_202512_res_MT,401600-4.parquet,29
uhs6_1247--udt10788,parquet_residential_short_202512_res_MT,402646-4.parquet,3
uhs6_1247--udt10788,parquet_residential_short_202512_res_MT,406640-4.parquet,8
uhs6_1247--udt10788,parquet_residential_short_202512_res_MT,424723-4.parquet,2
uhs6_1247--udt10788,parquet_residential_short_202512_res_MT,427948-4.parquet,64
uhs6_1247--udt10788,parquet_residential_short_202512_res_MT,43358-4.parquet,5
uhs6_1247--udt10788,parquet_residential_short_202512_res_MT,438998-4.parquet,2
uhs6_1247--udt10788,parquet_residential_short_202512_res_MT,442350-4.parquet,3
uhs6_1247--udt10788,parquet_residential_short_202512_res_MT,448361-4.parquet,4
uhs6_1247--udt10788,parquet_residential_short_202512_res_MT,454505-4.parquet,1
uhs6_1247--udt10788,parquet_residential_short_202512_res_MT,458883-4.parquet,2
uhs6_1247--udt10788,parquet_residential_short_202512_res_MT,464253-4.parquet,2
uhs6_1247--udt10788,parquet_residential_short_202512_res_MT,475383-4.parquet,1
uhs6_1247--udt10788,parquet_residential_short_202512_res_MT,476793-4.parquet,9
uhs6_1247--udt10788,parquet_residential_short_202512_res_MT,481187-4.parquet,2
uhs6_1247--udt10788,parquet_residential_short_202512_res_MT,481916-4.parquet,4
uhs6_1247--udt10788,parquet_residential_short_202512_res_MT,486410-4.parquet,41
uhs6_1247--udt10788,parquet_residential_short_202512_res_MT,486622-4.parquet,2
uhs6_1247--udt10788,parquet_residential_short_202512_res_MT,492040-4.parquet,13
uhs6_1247--udt10788,parquet_residential_short_202512_res_MT,493524-4.parquet,1
uhs6_1247--udt10788,parquet_residential_short_202512_res_MT,500793-4.parquet,10
uhs6_1247--udt10788,parquet_residential_short_202512_res_MT,508034-4.parquet,3
uhs6_1247--udt10788,parquet_residential_short_202512_res_MT,513358-4.parquet,5
uhs6_1247--udt10788,parquet_residential_short_202512_res_MT,513565-4.parquet,1
uhs6_1247--udt10788,parquet_residential_short_202512_res_MT,526430-4.parquet,2
uhs6_1247--udt10788,parquet_residential_short_202512_res_MT,529425-4.parquet,4
uhs6_1247--udt10788,parquet_residential_short_202512_res_MT,535363-4.parquet,10
uhs6_1247--udt10788,parquet_residential_short_202512_res_MT,537910-4.parquet,8
uhs6_1247--udt10788,parquet_residential_short_202512_res_MT,543184-4.parquet,9
uhs6_1247--udt10788,parquet_residential_short_202512_res_MT,57049-4.parquet,1
uhs6_1247--udt10788,parquet_residential_short_202512_res_MT,57772-4.parquet,14
uhs6_1247--udt10788,parquet_residential_short_202512_res_MT,58337-4.parquet,3
uhs6_1247--udt10788,parquet_residential_short_202512_res_MT,63328-4.parquet,14
uhs6_1247--udt10788,parquet_residential_short_202512_res_MT,64056-4.parquet,15
uhs6_1247--udt10788,parquet_residential_short_202512_res_MT,81904-4.parquet,32
uhs6_1247--udt10788,parquet_residential_short_202512_res_MT,86159-4.parquet,20
uhs6_1247--udt10788,parquet_residential_short_202512_res_MT,88623-4.parquet,3
uhs6_1247--udt10788,parquet_residential_short_202512_res_MT,90560-4.parquet,8
uhs6_1247--udt10788,parquet_residential_short_202512_res_MT,9342-4.parquet,4
uhs6_1247--udt10788,parquet_residential_short_202512_res_MT,99076-4.parquet,1
uhs6_1247--udt6570,parquet_commercial_202512_comm_MT,184438-9.parquet,1
uhs6_1247--udt6570,parquet_commercial_202512_comm_MT,184664-9.parquet,1
uhs6_1247--udt6570,parquet_commercial_202512_comm_MT,184700-9.parquet,1
uhs6_1247--udt6570,parquet_commercial_202512_comm_MT,184968-2.parquet,1
uhs6_1247--udt6570,parquet_commercial_202512_comm_MT,184983-2.parquet,1
uhs6_1247--udt6570,parquet_residential_short_202512_res_MT,102182-4.parquet,9
uhs6_1247--udt6570,parquet_residential_short_202512_res_MT,102854-4.parquet,197
uhs6_1247--udt6570,parquet_residential_short_202512_res_MT,106657-4.parquet,11
uhs6_1247--udt6570,parquet_residential_short_202512_res_MT,114857-4.parquet,1
uhs6_1247--udt6570,parquet_residential_short_202512_res_MT,117464-4.parquet,1
uhs6_1247--udt6570,parquet_residential_short_202512_res_MT,118679-4.parquet,1
uhs6_1247--udt6570,parquet_residential_short_202512_res_MT,118797-4.parquet,3
uhs6_1247--udt6570,parquet_residential_short_202512_res_MT,119073-4.parquet,17
uhs6_1247--udt6570,parquet_residential_short_202512_res_MT,126858-4.parquet,12
uhs6_1247--udt6570,parquet_residential_short_202512_res_MT,131145-4.parquet,49
uhs6_1247--udt6570,parquet_residential_short_202512_res_MT,136303-4.parquet,3
uhs6_1247--udt6570,parquet_residential_short_202512_res_MT,136309-4.parquet,7
uhs6_1247--udt6570,parquet_residential_short_202512_res_MT,138494-4.parquet,32
uhs6_1247--udt6570,parquet_residential_short_202512_res_MT,140071-4.parquet,27
uhs6_1247--udt6570,parquet_residential_short_202512_res_MT,142544-4.parquet,3
uhs6_1247--udt6570,parquet_residential_short_202512_res_MT,144965-4.parquet,1
uhs6_1247--udt6570,parquet_residential_short_202512_res_MT,149272-4.parquet,2
uhs6_1247--udt6570,parquet_residential_short_202512_res_MT,153454-4.parquet,1
uhs6_1247--udt6570,parquet_residential_short_202512_res_MT,154106-4.parquet,71
uhs6_1247--udt6570,parquet_residential_short_202512_res_MT,154367-4.parquet,4
uhs6_1247--udt6570,parquet_residential_short_202512_res_MT,158072-4.parquet,1
uhs6_1247--udt6570,parquet_residential_short_202512_res_MT,162253-4.parquet,40
uhs6_1247--udt6570,parquet_residential_short_202512_res_MT,170488-4.parquet,3
uhs6_1247--udt6570,parquet_residential_short_202512_res_MT,180039-4.parquet,4
uhs6_1247--udt6570,parquet_residential_short_202512_res_MT,183427-4.parquet,15
uhs6_1247--udt6570,parquet_residential_short_202512_res_MT,185745-4.parquet,98
uhs6_1247--udt6570,parquet_residential_short_202512_res_MT,203702-4.parquet,15
uhs6_1247--udt6570,parquet_residential_short_202512_res_MT,209507-4.parquet,1
uhs6_1247--udt6570,parquet_residential_short_202512_res_MT,210194-4.parquet,27
uhs6_1247--udt6570,parquet_residential_short_202512_res_MT,211030-4.parquet,4
uhs6_1247--udt6570,parquet_residential_short_202512_res_MT,214774-4.parquet,3
uhs6_1247--udt6570,parquet_residential_short_202512_res_MT,217886-4.parquet,4
uhs6_1247--udt6570,parquet_residential_short_202512_res_MT,22193-4.parquet,1
uhs6_1247--udt6570,parquet_residential_short_202512_res_MT,226832-4.parquet,6
uhs6_1247--udt6570,parquet_residential_short_202512_res_MT,229622-4.parquet,12
uhs6_1247--udt6570,parquet_residential_short_202512_res_MT,234488-4.parquet,15
uhs6_1247--udt6570,parquet_residential_short_202512_res_MT,238424-4.parquet,1
uhs6_1247--udt6570,parquet_residential_short_202512_res_MT,239542-4.parquet,3
uhs6_1247--udt6570,parquet_residential_short_202512_res_MT,257610-4.parquet,1
uhs6_1247--udt6570,parquet_residential_short_202512_res_MT,271955-4.parquet,1
uhs6_1247--udt6570,parquet_residential_short_202512_res_MT,276587-4.parquet,242
uhs6_1247--udt6570,parquet_residential_short_202512_res_MT,277210-4.parquet,5
uhs6_1247--udt6570,parquet_residential_short_202512_res_MT,278604-4.parquet,4
uhs6_1247--udt6570,parquet_residential_short_202512_res_MT,305252-4.parquet,1
uhs6_1247--udt6570,parquet_residential_short_202512_res_MT,311002-4.parquet,25
uhs6_1247--udt6570,parquet_residential_short_202512_res_MT,312392-4.parquet,1
uhs6_1247--udt6570,parquet_residential_short_202512_res_MT,314691-4.parquet,6
uhs6_1247--udt6570,parquet_residential_short_202512_res_MT,316244-4.parquet,3
uhs6_1247--udt6570,parquet_residential_short_202512_res_MT,321643-4.parquet,2
uhs6_1247--udt6570,parquet_residential_short_202512_res_MT,325203-4.parquet,16
uhs6_1247--udt6570,parquet_residential_short_202512_res_MT,338150-4.parquet,44
uhs6_1247--udt6570,parquet_residential_short_202512_res_MT,339121-4.parquet,5
uhs6_1247--udt6570,parquet_residential_short_202512_res_MT,341215-4.parquet,1
uhs6_1247--udt6570,parquet_residential_short_202512_res_MT,341617-4.parquet,30
uhs6_1247--udt6570,parquet_residential_short_202512_res_MT,343012-4.parquet,1
uhs6_1247--udt6570,parquet_residential_short_202512_res_MT,343215-4.parquet,1
uhs6_1247--udt6570,parquet_residential_short_202512_res_MT,345764-4.parquet,1
uhs6_1247--udt6570,parquet_residential_short_202512_res_MT,370023-4.parquet,6
uhs6_1247--udt6570,parquet_residential_short_202512_res_MT,401600-4.parquet,75
uhs6_1247--udt6570,parquet_residential_short_202512_res_MT,402646-4.parquet,13
uhs6_1247--udt6570,parquet_residential_short_202512_res_MT,405081-4.parquet,3
uhs6_1247--udt6570,parquet_residential_short_202512_res_MT,406640-4.parquet,21
uhs6_1247--udt6570,parquet_residential_short_202512_res_MT,410527-4.parquet,1
uhs6_1247--udt6570,parquet_residential_short_202512_res_MT,418448-4.parquet,1
uhs6_1247--udt6570,parquet_residential_short_202512_res_MT,42104-4.parquet,1
uhs6_1247--udt6570,parquet_residential_short_202512_res_MT,42376-4.parquet,3
uhs6_1247--udt6570,parquet_residential_short_202512_res_MT,423918-4.parquet,2
uhs6_1247--udt6570,parquet_residential_short_202512_res_MT,424723-4.parquet,2
uhs6_1247--udt6570,parquet_residential_short_202512_res_MT,427948-4.parquet,126
uhs6_1247--udt6570,parquet_residential_short_202512_res_MT,43358-4.parquet,8
uhs6_1247--udt6570,parquet_residential_short_202512_res_MT,438998-4.parquet,7
uhs6_1247--udt6570,parquet_residential_short_202512_res_MT,442350-4.parquet,1
uhs6_1247--udt6570,parquet_residential_short_202512_res_MT,448361-4.parquet,6
uhs6_1247--udt6570,parquet_residential_short_202512_res_MT,454505-4.parquet,1
uhs6_1247--udt6570,parquet_residential_short_202512_res_MT,455963-4.parquet,1
uhs6_1247--udt6570,parquet_residential_short_202512_res_MT,458883-4.parquet,2
uhs6_1247--udt6570,parquet_residential_short_202512_res_MT,464253-4.parquet,1
uhs6_1247--udt6570,parquet_residential_short_202512_res_MT,466189-4.parquet,6
uhs6_1247--udt6570,parquet_residential_short_202512_res_MT,475383-4.parquet,1
uhs6_1247--udt6570,parquet_residential_short_202512_res_MT,476793-4.parquet,21
uhs6_1247--udt6570,parquet_residential_short_202512_res_MT,481916-4.parquet,5
uhs6_1247--udt6570,parquet_residential_short_202512_res_MT,486410-4.parquet,58
uhs6_1247--udt6570,parquet_residential_short_202512_res_MT,486622-4.parquet,7
uhs6_1247--udt6570,parquet_residential_short_202512_res_MT,489576-4.parquet,1
uhs6_1247--udt6570,parquet_residential_short_202512_res_MT,490684-4.parquet,3
uhs6_1247--udt6570,parquet_residential_short_202512_res_MT,492040-4.parquet,29
uhs6_1247--udt6570,parquet_residential_short_202512_res_MT,493524-4.parquet,3
uhs6_1247--udt6570,parquet_residential_short_202512_res_MT,500793-4.parquet,32
uhs6_1247--udt6570,parquet_residential_short_202512_res_MT,508034-4.parquet,3
uhs6_1247--udt6570,parquet_residential_short_202512_res_MT,513358-4.parquet,1
uhs6_1247--udt6570,parquet_residential_short_202512_res_MT,520607-4.parquet,1
uhs6_1247--udt6570,parquet_residential_short_202512_res_MT,526430-4.parquet,3
uhs6_1247--udt6570,parquet_residential_short_202512_res_MT,527227-4.parquet,2
uhs6_1247--udt6570,parquet_residential_short_202512_res_MT,529425-4.parquet,6
uhs6_1247--udt6570,parquet_residential_short_202512_res_MT,535363-4.parquet,13
uhs6_1247--udt6570,parquet_residential_short_202512_res_MT,537910-4.parquet,10
uhs6_1247--udt6570,parquet_residential_short_202512_res_MT,543184-4.parquet,14
uhs6_1247--udt6570,parquet_residential_short_202512_res_MT,547866-4.parquet,1
uhs6_1247--udt6570,parquet_residential_short_202512_res_MT,57049-4.parquet,1
uhs6_1247--udt6570,parquet_residential_short_202512_res_MT,57772-4.parquet,28
uhs6_1247--udt6570,parquet_residential_short_202512_res_MT,58337-4.parquet,2
uhs6_1247--udt6570,parquet_residential_short_202512_res_MT,63328-4.parquet,26
uhs6_1247--udt6570,parquet_residential_short_202512_res_MT,64056-4.parquet,28
uhs6_1247--udt6570,parquet_residential_short_202512_res_MT,64092-4.parquet,1
uhs6_1247--udt6570,parquet_residential_short_202512_res_MT,81904-4.parquet,35
uhs6_1247--udt6570,parquet_residential_short_202512_res_MT,86159-4.parquet,38
uhs6_1247--udt6570,parquet_residential_short_202512_res_MT,87233-4.parquet,1
uhs6_1247--udt6570,parquet_residential_short_202512_res_MT,88623-4.parquet,1
uhs6_1247--udt6570,parquet_residential_short_202512_res_MT,90560-4.parquet,11
uhs6_1247--udt6570,parquet_residential_short_202512_res_MT,9342-4.parquet,2
uhs6_1247--udt6570,parquet_residential_short_202512_res_MT,99076-4.parquet,2
uhs6_1247--udt9964,parquet_commercial_202512_comm_MT,184116-2.parquet,1
uhs6_1247--udt9964,parquet_commercial_202512_comm_MT,184518-2.parquet,1
uhs6_1247--udt9964,parquet_commercial_202512_comm_MT,184579-2.parquet,1
uhs6_1247--udt9964,parquet_commercial_202512_comm_MT,184637-9.parquet,2
uhs6_1247--udt9964,parquet_commercial_202512_comm_MT,184700-9.parquet,2
uhs6_1247--udt9964,parquet_commercial_202512_comm_MT,184717-9.parquet,1
uhs6_1247--udt9964,parquet_commercial_202512_comm_MT,184823-2.parquet,1
uhs6_1247--udt9964,parquet_residential_short_202512_res_MT,102182-4.parquet,7
uhs6_1247--udt9964,parquet_residential_short_202512_res_MT,102854-4.parquet,262
uhs6_1247--udt9964,parquet_residential_short_202512_res_MT,106657-4.parquet,11
uhs6_1247--udt9964,parquet_residential_short_202512_res_MT,107052-4.parquet,1
uhs6_1247--udt9964,parquet_residential_short_202512_res_MT,118797-4.parquet,1
uhs6_1247--udt9964,parquet_residential_short_202512_res_MT,119073-4.parquet,13
uhs6_1247--udt9964,parquet_residential_short_202512_res_MT,119460-4.parquet,1
uhs6_1247--udt9964,parquet_residential_short_202512_res_MT,124374-4.parquet,1
uhs6_1247--udt9964,parquet_residential_short_202512_res_MT,126858-4.parquet,2
uhs6_1247--udt9964,parquet_residential_short_202512_res_MT,131145-4.parquet,33
uhs6_1247--udt9964,parquet_residential_short_202512_res_MT,136303-4.parquet,3
uhs6_1247--udt9964,parquet_residential_short_202512_res_MT,136309-4.parquet,8
uhs6_1247--udt9964,parquet_residential_short_202512_res_MT,138494-4.parquet,46
uhs6_1247--udt9964,parquet_residential_short_202512_res_MT,140071-4.parquet,20
uhs6_1247--udt9964,parquet_residential_short_202512_res_MT,144965-4.parquet,1
uhs6_1247--udt9964,parquet_residential_short_202512_res_MT,147301-4.parquet,2
uhs6_1247--udt9964,parquet_residential_short_202512_res_MT,149272-4.parquet,2
uhs6_1247--udt9964,parquet_residential_short_202512_res_MT,154106-4.parquet,27
uhs6_1247--udt9964,parquet_residential_short_202512_res_MT,154367-4.parquet,7
uhs6_1247--udt9964,parquet_residential_short_202512_res_MT,157494-4.parquet,2
uhs6_1247--udt9964,parquet_residential_short_202512_res_MT,158072-4.parquet,5
uhs6_1247--udt9964,parquet_residential_short_202512_res_MT,162253-4.parquet,22
uhs6_1247--udt9964,parquet_residential_short_202512_res_MT,16610-4.parquet,1
uhs6_1247--udt9964,parquet_residential_short_202512_res_MT,170488-4.parquet,1
uhs6_1247--udt9964,parquet_residential_short_202512_res_MT,180039-4.parquet,11
uhs6_1247--udt9964,parquet_residential_short_202512_res_MT,183427-4.parquet,9
uhs6_1247--udt9964,parquet_residential_short_202512_res_MT,185745-4.parquet,109
uhs6_1247--udt9964,parquet_residential_short_202512_res_MT,203702-4.parquet,16
uhs6_1247--udt9964,parquet_residential_short_202512_res_MT,209507-4.parquet,2
uhs6_1247--udt9964,parquet_residential_short_202512_res_MT,210194-4.parquet,10
uhs6_1247--udt9964,parquet_residential_short_202512_res_MT,211030-4.parquet,15
uhs6_1247--udt9964,parquet_residential_short_202512_res_MT,214774-4.parquet,1
uhs6_1247--udt9964,parquet_residential_short_202512_res_MT,217886-4.parquet,5
uhs6_1247--udt9964,parquet_residential_short_202512_res_MT,22193-4.parquet,2
uhs6_1247--udt9964,parquet_residential_short_202512_res_MT,22595-4.parquet,1
uhs6_1247--udt9964,parquet_residential_short_202512_res_MT,226832-4.parquet,1
uhs6_1247--udt9964,parquet_residential_short_202512_res_MT,229622-4.parquet,10
uhs6_1247--udt9964,parquet_residential_short_202512_res_MT,234488-4.parquet,16
uhs6_1247--udt9964,parquet_residential_short_202512_res_MT,239542-4.parquet,3
uhs6_1247--udt9964,parquet_residential_short_202512_res_MT,255145-4.parquet,1
uhs6_1247--udt9964,parquet_residential_short_202512_res_MT,256192-4.parquet,1
uhs6_1247--udt9964,parquet_residential_short_202512_res_MT,257610-4.parquet,1
uhs6_1247--udt9964,parquet_residential_short_202512_res_MT,271955-4.parquet,1
uhs6_1247--udt9964,parquet_residential_short_202512_res_MT,276587-4.parquet,211
uhs6_1247--udt9964,parquet_residential_short_202512_res_MT,277210-4.parquet,3
uhs6_1247--udt9964,parquet_residential_short_202512_res_MT,278604-4.parquet,5
uhs6_1247--udt9964,parquet_residential_short_202512_res_MT,305252-4.parquet,5
uhs6_1247--udt9964,parquet_residential_short_202512_res_MT,311002-4.parquet,25
uhs6_1247--udt9964,parquet_residential_short_202512_res_MT,314691-4.parquet,8
uhs6_1247--udt9964,parquet_residential_short_202512_res_MT,316244-4.parquet,2
uhs6_1247--udt9964,parquet_residential_short_202512_res_MT,321643-4.parquet,5
uhs6_1247--udt9964,parquet_residential_short_202512_res_MT,325203-4.parquet,15
uhs6_1247--udt9964,parquet_residential_short_202512_res_MT,326339-4.parquet,1
uhs6_1247--udt9964,parquet_residential_short_202512_res_MT,338150-4.parquet,44
uhs6_1247--udt9964,parquet_residential_short_202512_res_MT,339121-4.parquet,1
uhs6_1247--udt9964,parquet_residential_short_202512_res_MT,341617-4.parquet,30
uhs6_1247--udt9964,parquet_residential_short_202512_res_MT,343012-4.parquet,1
uhs6_1247--udt9964,parquet_residential_short_202512_res_MT,345764-4.parquet,1
uhs6_1247--udt9964,parquet_residential_short_202512_res_MT,401600-4.parquet,79
uhs6_1247--udt9964,parquet_residential_short_202512_res_MT,402646-4.parquet,18
uhs6_1247--udt9964,parquet_residential_short_202512_res_MT,405081-4.parquet,3
uhs6_1247--udt9964,parquet_residential_short_202512_res_MT,406640-4.parquet,23
uhs6_1247--udt9964,parquet_residential_short_202512_res_MT,418448-4.parquet,1
uhs6_1247--udt9964,parquet_residential_short_202512_res_MT,427948-4.parquet,180
uhs6_1247--udt9964,parquet_residential_short_202512_res_MT,43358-4.parquet,7
uhs6_1247--udt9964,parquet_residential_short_202512_res_MT,433796-4.parquet,1
uhs6_1247--udt9964,parquet_residential_short_202512_res_MT,437679-4.parquet,1
uhs6_1247--udt9964,parquet_residential_short_202512_res_MT,438998-4.parquet,9
uhs6_1247--udt9964,parquet_residential_short_202512_res_MT,448361-4.parquet,3
uhs6_1247--udt9964,parquet_residential_short_202512_res_MT,454505-4.parquet,1
uhs6_1247--udt9964,parquet_residential_short_202512_res_MT,458883-4.parquet,2
uhs6_1247--udt9964,parquet_residential_short_202512_res_MT,464253-4.parquet,1
uhs6_1247--udt9964,parquet_residential_short_202512_res_MT,466189-4.parquet,8
uhs6_1247--udt9964,parquet_residential_short_202512_res_MT,476793-4.parquet,19
uhs6_1247--udt9964,parquet_residential_short_202512_res_MT,481187-4.parquet,1
uhs6_1247--udt9964,parquet_residential_short_202512_res_MT,481916-4.parquet,10
uhs6_1247--udt9964,parquet_residential_short_202512_res_MT,486410-4.parquet,36
uhs6_1247--udt9964,parquet_residential_short_202512_res_MT,486622-4.parquet,8
uhs6_1247--udt9964,parquet_residential_short_202512_res_MT,490684-4.parquet,1
uhs6_1247--udt9964,parquet_residential_short_202512_res_MT,492040-4.parquet,24
uhs6_1247--udt9964,parquet_residential_short_202512_res_MT,493524-4.parquet,4
uhs6_1247--udt9964,parquet_residential_short_202512_res_MT,494976-4.parquet,2
uhs6_1247--udt9964,parquet_residential_short_202512_res_MT,500793-4.parquet,19
uhs6_1247--udt9964,parquet_residential_short_202512_res_MT,508034-4.parquet,5
uhs6_1247--udt9964,parquet_residential_short_202512_res_MT,513358-4.parquet,4
uhs6_1247--udt9964,parquet_residential_short_202512_res_MT,527227-4.parquet,4
uhs6_1247--udt9964,parquet_residential_short_202512_res_MT,529425-4.parquet,3
uhs6_1247--udt9964,parquet_residential_short_202512_res_MT,535363-4.parquet,15
uhs6_1247--udt9964,parquet_residential_short_202512_res_MT,537910-4.parquet,4
uhs6_1247--udt9964,parquet_residential_short_202512_res_MT,543184-4.parquet,10
uhs6_1247--udt9964,parquet_residential_short_202512_res_MT,547866-4.parquet,1
uhs6_1247--udt9964,parquet_residential_short_202512_res_MT,57772-4.parquet,35
uhs6_1247--udt9964,parquet_residential_short_202512_res_MT,58337-4.parquet,2
uhs6_1247--udt9964,parquet_residential_short_202512_res_MT,63328-4.parquet,17
uhs6_1247--udt9964,parquet_residential_short_202512_res_MT,64056-4.parquet,44
uhs6_1247--udt9964,parquet_residential_short_202512_res_MT,81904-4.parquet,29
uhs6_1247--udt9964,parquet_residential_short_202512_res_MT,86159-4.parquet,37
uhs6_1247--udt9964,parquet_residential_short_202512_res_MT,90560-4.parquet,10
uhs6_1247--udt9964,parquet_residential_short_202512_res_MT,9342-4.parquet,7
uhs6_1247--udt9964,parquet_residential_short_202512_res_MT,97519-4.parquet,1
uhs6_1247--udt9964,parquet_residential_short_202512_res_MT,99076-4.parquet,5
uhs7_1247--udt15849,parquet_commercial_202512_comm_MT,184124-2.parquet,2
uhs7_1247--udt15849,parquet_commercial_202512_comm_MT,184141-2.parquet,1
uhs7_1247--udt15849,parquet_commercial_202512_comm_MT,184182-2.parquet,2
uhs7_1247--udt15849,parquet_commercial_202512_comm_MT,184202-2.parquet,1
uhs7_1247--udt15849,parquet_commercial_202512_comm_MT,184207-2.parquet,1
uhs7_1247--udt15849,parquet_commercial_202512_comm_MT,184217-2.parquet,1
uhs7_1247--udt15849,parquet_commercial_202512_comm_MT,184221-9.parquet,1
uhs7_1247--udt15849,parquet_commercial_202512_comm_MT,184233-9.parquet,1
uhs7_1247--udt15849,parquet_commercial_202512_comm_MT,184234-2.parquet,1
uhs7_1247--udt15849,parquet_commercial_202512_comm_MT,184288-2.parquet,2
uhs7_1247--udt15849,parquet_commercial_202512_comm_MT,184300-2.parquet,3
uhs7_1247--udt15849,parquet_commercial_202512_comm_MT,184310-2.parquet,2
uhs7_1247--udt15849,parquet_commercial_202512_comm_MT,184315-2.parquet,3
uhs7_1247--udt15849,parquet_commercial_202512_comm_MT,184349-2.parquet,2
uhs7_1247--udt15849,parquet_commercial_202512_comm_MT,184374-2.parquet,2
uhs7_1247--udt15849,parquet_commercial_202512_comm_MT,184377-2.parquet,1
uhs7_1247--udt15849,parquet_commercial_202512_comm_MT,184394-9.parquet,1
uhs7_1247--udt15849,parquet_commercial_202512_comm_MT,184413-2.parquet,1
uhs7_1247--udt15849,parquet_commercial_202512_comm_MT,184470-2.parquet,1
uhs7_1247--udt15849,parquet_commercial_202512_comm_MT,184492-2.parquet,1
uhs7_1247--udt15849,parquet_commercial_202512_comm_MT,184510-2.parquet,1
uhs7_1247--udt15849,parquet_commercial_202512_comm_MT,184518-2.parquet,3
uhs7_1247--udt15849,parquet_commercial_202512_comm_MT,184570-9.parquet,1
uhs7_1247--udt15849,parquet_commercial_202512_comm_MT,184586-9.parquet,1
uhs7_1247--udt15849,parquet_commercial_202512_comm_MT,184587-2.parquet,2
uhs7_1247--udt15849,parquet_commercial_202512_comm_MT,184596-9.parquet,1
uhs7_1247--udt15849,parquet_commercial_202512_comm_MT,184616-2.parquet,6
uhs7_1247--udt15849,parquet_commercial_202512_comm_MT,184646-9.parquet,2
uhs7_1247--udt15849,parquet_commercial_202512_comm_MT,184700-9.parquet,3
uhs7_1247--udt15849,parquet_commercial_202512_comm_MT,184706-2.parquet,1
uhs7_1247--udt15849,parquet_commercial_202512_comm_MT,184717-9.parquet,1
uhs7_1247--udt15849,parquet_commercial_202512_comm_MT,184727-2.parquet,1
uhs7_1247--udt15849,parquet_commercial_202512_comm_MT,184772-2.parquet,3
uhs7_1247--udt15849,parquet_commercial_202512_comm_MT,184798-9.parquet,1
uhs7_1247--udt15849,parquet_commercial_202512_comm_MT,184809-2.parquet,4
uhs7_1247--udt15849,parquet_commercial_202512_comm_MT,184824-2.parquet,1
uhs7_1247--udt15849,parquet_commercial_202512_comm_MT,184838-2.parquet,1
uhs7_1247--udt15849,parquet_commercial_202512_comm_MT,184860-9.parquet,1
uhs7_1247--udt15849,parquet_commercial_202512_comm_MT,184954-2.parquet,1
uhs7_1247--udt15849,parquet_commercial_202512_comm_MT,184983-2.parquet,5
uhs7_1247--udt15849,parquet_commercial_202512_comm_MT,184996-2.parquet,1
uhs7_1247--udt15849,parquet_commercial_202512_comm_MT,185019-9.parquet,1
uhs7_1247--udt15849,parquet_commercial_202512_comm_MT,185022-2.parquet,1
uhs7_1247--udt15849,parquet_residential_short_202512_res_MT,102854-4.parquet,13
uhs7_1247--udt15849,parquet_residential_short_202512_res_MT,106657-4.parquet,15
uhs7_1247--udt15849,parquet_residential_short_202512_res_MT,117464-4.parquet,1
uhs7_1247--udt15849,parquet_residential_short_202512_res_MT,118797-4.parquet,1
uhs7_1247--udt15849,parquet_residential_short_202512_res_MT,119073-4.parquet,3
uhs7_1247--udt15849,parquet_residential_short_202512_res_MT,131145-4.parquet,1
uhs7_1247--udt15849,parquet_residential_short_202512_res_MT,136309-4.parquet,4
uhs7_1247--udt15849,parquet_residential_short_202512_res_MT,140071-4.parquet,5
uhs7_1247--udt15849,parquet_residential_short_202512_res_MT,142544-4.parquet,5
uhs7_1247--udt15849,parquet_residential_short_202512_res_MT,14281-4.parquet,1
uhs7_1247--udt15849,parquet_residential_short_202512_res_MT,153454-4.parquet,1
uhs7_1247--udt15849,parquet_residential_short_202512_res_MT,156849-4.parquet,2
uhs7_1247--udt15849,parquet_residential_short_202512_res_MT,162253-4.parquet,99
uhs7_1247--udt15849,parquet_residential_short_202512_res_MT,170488-4.parquet,1
uhs7_1247--udt15849,parquet_residential_short_202512_res_MT,185745-4.parquet,18
uhs7_1247--udt15849,parquet_residential_short_202512_res_MT,201863-4.parquet,1
uhs7_1247--udt15849,parquet_residential_short_202512_res_MT,202090-4.parquet,1
uhs7_1247--udt15849,parquet_residential_short_202512_res_MT,203702-4.parquet,3
uhs7_1247--udt15849,parquet_residential_short_202512_res_MT,209507-4.parquet,3
uhs7_1247--udt15849,parquet_residential_short_202512_res_MT,210194-4.parquet,2
uhs7_1247--udt15849,parquet_residential_short_202512_res_MT,255145-4.parquet,1
uhs7_1247--udt15849,parquet_residential_short_202512_res_MT,271955-4.parquet,2
uhs7_1247--udt15849,parquet_residential_short_202512_res_MT,276587-4.parquet,4
uhs7_1247--udt15849,parquet_residential_short_202512_res_MT,277210-4.parquet,2
uhs7_1247--udt15849,parquet_residential_short_202512_res_MT,278604-4.parquet,25
uhs7_1247--udt15849,parquet_residential_short_202512_res_MT,27882-4.parquet,1
uhs7_1247--udt15849,parquet_residential_short_202512_res_MT,305252-4.parquet,5
uhs7_1247--udt15849,parquet_residential_short_202512_res_MT,311002-4.parquet,2
uhs7_1247--udt15849,parquet_residential_short_202512_res_MT,341215-4.parquet,1
uhs7_1247--udt15849,parquet_residential_short_202512_res_MT,341617-4.parquet,1
uhs7_1247--udt15849,parquet_residential_short_202512_res_MT,358611-4.parquet,1
uhs7_1247--udt15849,parquet_residential_short_202512_res_MT,377168-4.parquet,1
uhs7_1247--udt15849,parquet_residential_short_202512_res_MT,393147-4.parquet,1
uhs7_1247--udt15849,parquet_residential_short_202512_res_MT,401600-4.parquet,23
uhs7_1247--udt15849,parquet_residential_short_202512_res_MT,405081-4.parquet,2
uhs7_1247--udt15849,parquet_residential_short_202512_res_MT,406640-4.parquet,2
uhs7_1247--udt15849,parquet_residential_short_202512_res_MT,410527-4.parquet,1
uhs7_1247--udt15849,parquet_residential_short_202512_res_MT,418448-4.parquet,1
uhs7_1247--udt15849,parquet_residential_short_202512_res_MT,42376-4.parquet,3
uhs7_1247--udt15849,parquet_residential_short_202512_res_MT,427948-4.parquet,14
uhs7_1247--udt15849,parquet_residential_short_202512_res_MT,438998-4.parquet,1
uhs7_1247--udt15849,parquet_residential_short_202512_res_MT,458883-4.parquet,1
uhs7_1247--udt15849,parquet_residential_short_202512_res_MT,466189-4.parquet,7
uhs7_1247--udt15849,parquet_residential_short_202512_res_MT,470813-4.parquet,2
uhs7_1247--udt15849,parquet_residential_short_202512_res_MT,471837-4.parquet,1
uhs7_1247--udt15849,parquet_residential_short_202512_res_MT,476793-4.parquet,4
uhs7_1247--udt15849,parquet_residential_short_202512_res_MT,481916-4.parquet,1
uhs7_1247--udt15849,parquet_residential_short_202512_res_MT,484947-4.parquet,1
uhs7_1247--udt15849,parquet_residential_short_202512_res_MT,490684-4.parquet,2
uhs7_1247--udt15849,parquet_residential_short_202512_res_MT,493524-4.parquet,1
uhs7_1247--udt15849,parquet_residential_short_202512_res_MT,500793-4.parquet,3
uhs7_1247--udt15849,parquet_residential_short_202512_res_MT,508034-4.parquet,2
uhs7_1247--udt15849,parquet_residential_short_202512_res_MT,513358-4.parquet,1
uhs7_1247--udt15849,parquet_residential_short_202512_res_MT,514429-4.parquet,3
uhs7_1247--udt15849,parquet_residential_short_202512_res_MT,527227-4.parquet,1
uhs7_1247--udt15849,parquet_residential_short_202512_res_MT,529425-4.parquet,25
uhs7_1247--udt15849,parquet_residential_short_202512_res_MT,535363-4.parquet,2
uhs7_1247--udt15849,parquet_residential_short_202512_res_MT,536354-4.parquet,1
uhs7_1247--udt15849,parquet_residential_short_202512_res_MT,543184-4.parquet,7
uhs7_1247--udt15849,parquet_residential_short_202512_res_MT,548907-4.parquet,1
uhs7_1247--udt15849,parquet_residential_short_202512_res_MT,57049-4.parquet,1
uhs7_1247--udt15849,parquet_residential_short_202512_res_MT,57772-4.parquet,2
uhs7_1247--udt15849,parquet_residential_short_202512_res_MT,93871-4.parquet,1
uhs7_1247--udt15849,parquet_residential_short_202512_res_MT,97519-4.parquet,4
uhs7_1247--udt9662,parquet_commercial_202512_comm_MT,184108-2.parquet,1
uhs7_1247--udt9662,parquet_commercial_202512_comm_MT,184116-2.parquet,5
uhs7_1247--udt9662,parquet_commercial_202512_comm_MT,184120-2.parquet,1
uhs7_1247--udt9662,parquet_commercial_202512_comm_MT,184128-2.parquet,1
uhs7_1247--udt9662,parquet_commercial_202512_comm_MT,184131-2.parquet,2
uhs7_1247--udt9662,parquet_commercial_202512_comm_MT,184138-2.parquet,1
uhs7_1247--udt9662,parquet_commercial_202512_comm_MT,184147-9.parquet,3
uhs7_1247--udt9662,parquet_commercial_202512_comm_MT,184151-2.parquet,1
uhs7_1247--udt9662,parquet_commercial_202512_comm_MT,184154-2.parquet,2
uhs7_1247--udt9662,parquet_commercial_202512_comm_MT,184157-2.parquet,2
uhs7_1247--udt9662,parquet_commercial_202512_comm_MT,184179-9.parquet,1
uhs7_1247--udt9662,parquet_commercial_202512_comm_MT,184182-2.parquet,2
uhs7_1247--udt9662,parquet_commercial_202512_comm_MT,184202-2.parquet,3
uhs7_1247--udt9662,parquet_commercial_202512_comm_MT,184207-2.parquet,2
uhs7_1247--udt9662,parquet_commercial_202512_comm_MT,184217-2.parquet,1
uhs7_1247--udt9662,parquet_commercial_202512_comm_MT,184220-2.parquet,7
uhs7_1247--udt9662,parquet_commercial_202512_comm_MT,184241-9.parquet,2
uhs7_1247--udt9662,parquet_commercial_202512_comm_MT,184261-2.parquet,2
uhs7_1247--udt9662,parquet_commercial_202512_comm_MT,184280-9.parquet,1
uhs7_1247--udt9662,parquet_commercial_202512_comm_MT,184287-9.parquet,2
uhs7_1247--udt9662,parquet_commercial_202512_comm_MT,184313-2.parquet,1
uhs7_1247--udt9662,parquet_commercial_202512_comm_MT,184315-2.parquet,5
uhs7_1247--udt9662,parquet_commercial_202512_comm_MT,184342-9.parquet,1
uhs7_1247--udt9662,parquet_commercial_202512_comm_MT,184391-9.parquet,1
uhs7_1247--udt9662,parquet_commercial_202512_comm_MT,184413-2.parquet,1
uhs7_1247--udt9662,parquet_commercial_202512_comm_MT,184417-2.parquet,1
uhs7_1247--udt9662,parquet_commercial_202512_comm_MT,184433-2.parquet,5
uhs7_1247--udt9662,parquet_commercial_202512_comm_MT,184438-9.parquet,2
uhs7_1247--udt9662,parquet_commercial_202512_comm_MT,184456-2.parquet,1
uhs7_1247--udt9662,parquet_commercial_202512_comm_MT,184475-9.parquet,2
uhs7_1247--udt9662,parquet_commercial_202512_comm_MT,184481-9.parquet,4
uhs7_1247--udt9662,parquet_commercial_202512_comm_MT,184492-2.parquet,1
uhs7_1247--udt9662,parquet_commercial_202512_comm_MT,184508-2.parquet,1
uhs7_1247--udt9662,parquet_commercial_202512_comm_MT,184510-2.parquet,1
uhs7_1247--udt9662,parquet_commercial_202512_comm_MT,184512-2.parquet,1
uhs7_1247--udt9662,parquet_commercial_202512_comm_MT,184518-2.parquet,17
uhs7_1247--udt9662,parquet_commercial_202512_comm_MT,184527-9.parquet,2
uhs7_1247--udt9662,parquet_commercial_202512_comm_MT,184544-2.parquet,1
uhs7_1247--udt9662,parquet_commercial_202512_comm_MT,184570-9.parquet,1
uhs7_1247--udt9662,parquet_commercial_202512_comm_MT,184586-9.parquet,1
uhs7_1247--udt9662,parquet_commercial_202512_comm_MT,184587-2.parquet,3
uhs7_1247--udt9662,parquet_commercial_202512_comm_MT,184596-9.parquet,1
uhs7_1247--udt9662,parquet_commercial_202512_comm_MT,184608-9.parquet,1
uhs7_1247--udt9662,parquet_commercial_202512_comm_MT,184612-9.parquet,2
uhs7_1247--udt9662,parquet_commercial_202512_comm_MT,184616-2.parquet,2
uhs7_1247--udt9662,parquet_commercial_202512_comm_MT,184617-2.parquet,1
uhs7_1247--udt9662,parquet_commercial_202512_comm_MT,184637-9.parquet,1
uhs7_1247--udt9662,parquet_commercial_202512_comm_MT,184646-9.parquet,4
uhs7_1247--udt9662,parquet_commercial_202512_comm_MT,184652-9.parquet,1
uhs7_1247--udt9662,parquet_commercial_202512_comm_MT,184687-2.parquet,1
uhs7_1247--udt9662,parquet_commercial_202512_comm_MT,184693-9.parquet,7
uhs7_1247--udt9662,parquet_commercial_202512_comm_MT,184700-9.parquet,25
uhs7_1247--udt9662,parquet_commercial_202512_comm_MT,184706-2.parquet,2
uhs7_1247--udt9662,parquet_commercial_202512_comm_MT,184710-9.parquet,1
uhs7_1247--udt9662,parquet_commercial_202512_comm_MT,184717-9.parquet,2
uhs7_1247--udt9662,parquet_commercial_202512_comm_MT,184727-2.parquet,1
uhs7_1247--udt9662,parquet_commercial_202512_comm_MT,184735-2.parquet,2
uhs7_1247--udt9662,parquet_commercial_202512_comm_MT,184744-9.parquet,1
uhs7_1247--udt9662,parquet_commercial_202512_comm_MT,184762-9.parquet,1
uhs7_1247--udt9662,parquet_commercial_202512_comm_MT,184767-2.parquet,2
uhs7_1247--udt9662,parquet_commercial_202512_comm_MT,184776-2.parquet,2
uhs7_1247--udt9662,parquet_commercial_202512_comm_MT,184786-9.parquet,2
uhs7_1247--udt9662,parquet_commercial_202512_comm_MT,184793-9.parquet,1
uhs7_1247--udt9662,parquet_commercial_202512_comm_MT,184795-2.parquet,1
uhs7_1247--udt9662,parquet_commercial_202512_comm_MT,184799-2.parquet,2
uhs7_1247--udt9662,parquet_commercial_202512_comm_MT,184809-2.parquet,1
uhs7_1247--udt9662,parquet_commercial_202512_comm_MT,184821-9.parquet,1
uhs7_1247--udt9662,parquet_commercial_202512_comm_MT,184823-2.parquet,2
uhs7_1247--udt9662,parquet_commercial_202512_comm_MT,184831-9.parquet,2
uhs7_1247--udt9662,parquet_commercial_202512_comm_MT,184857-9.parquet,1
uhs7_1247--udt9662,parquet_commercial_202512_comm_MT,184874-9.parquet,1
uhs7_1247--udt9662,parquet_commercial_202512_comm_MT,184887-2.parquet,1
uhs7_1247--udt9662,parquet_commercial_202512_comm_MT,184894-9.parquet,1
uhs7_1247--udt9662,parquet_commercial_202512_comm_MT,184897-9.parquet,1
uhs7_1247--udt9662,parquet_commercial_202512_comm_MT,184920-2.parquet,2
uhs7_1247--udt9662,parquet_commercial_202512_comm_MT,184941-2.parquet,2
uhs7_1247--udt9662,parquet_commercial_202512_comm_MT,184953-9.parquet,1
uhs7_1247--udt9662,parquet_commercial_202512_comm_MT,184954-2.parquet,1
uhs7_1247--udt9662,parquet_commercial_202512_comm_MT,184962-2.parquet,1
uhs7_1247--udt9662,parquet_commercial_202512_comm_MT,184968-2.parquet,4
uhs7_1247--udt9662,parquet_commercial_202512_comm_MT,184996-2.parquet,1
uhs7_1247--udt9662,parquet_commercial_202512_comm_MT,185005-9.parquet,2
uhs7_1247--udt9662,parquet_commercial_202512_comm_MT,185025-9.parquet,1
uhs7_1247--udt9662,parquet_residential_short_202512_res_MT,102854-4.parquet,50
uhs7_1247--udt9662,parquet_residential_short_202512_res_MT,106657-4.parquet,47
uhs7_1247--udt9662,parquet_residential_short_202512_res_MT,117464-4.parquet,1
uhs7_1247--udt9662,parquet_residential_short_202512_res_MT,118797-4.parquet,7
uhs7_1247--udt9662,parquet_residential_short_202512_res_MT,119073-4.parquet,9
uhs7_1247--udt9662,parquet_residential_short_202512_res_MT,119460-4.parquet,1
uhs7_1247--udt9662,parquet_residential_short_202512_res_MT,121985-4.parquet,3
uhs7_1247--udt9662,parquet_residential_short_202512_res_MT,131145-4.parquet,1
uhs7_1247--udt9662,parquet_residential_short_202512_res_MT,136309-4.parquet,25
uhs7_1247--udt9662,parquet_residential_short_202512_res_MT,138494-4.parquet,3
uhs7_1247--udt9662,parquet_residential_short_202512_res_MT,140071-4.parquet,13
uhs7_1247--udt9662,parquet_residential_short_202512_res_MT,142544-4.parquet,10
uhs7_1247--udt9662,parquet_residential_short_202512_res_MT,14281-4.parquet,3
uhs7_1247--udt9662,parquet_residential_short_202512_res_MT,144965-4.parquet,1
uhs7_1247--udt9662,parquet_residential_short_202512_res_MT,153454-4.parquet,6
uhs7_1247--udt9662,parquet_residential_short_202512_res_MT,154106-4.parquet,2
uhs7_1247--udt9662,parquet_residential_short_202512_res_MT,154367-4.parquet,1
uhs7_1247--udt9662,parquet_residential_short_202512_res_MT,162253-4.parquet,301
uhs7_1247--udt9662,parquet_residential_short_202512_res_MT,170488-4.parquet,5
uhs7_1247--udt9662,parquet_residential_short_202512_res_MT,172290-4.parquet,1
uhs7_1247--udt9662,parquet_residential_short_202512_res_MT,180039-4.parquet,5
uhs7_1247--udt9662,parquet_residential_short_202512_res_MT,183427-4.parquet,5
uhs7_1247--udt9662,parquet_residential_short_202512_res_MT,185745-4.parquet,143
uhs7_1247--udt9662,parquet_residential_short_202512_res_MT,203702-4.parquet,17
uhs7_1247--udt9662,parquet_residential_short_202512_res_MT,209507-4.parquet,14
uhs7_1247--udt9662,parquet_residential_short_202512_res_MT,210194-4.parquet,5
uhs7_1247--udt9662,parquet_residential_short_202512_res_MT,211030-4.parquet,1
uhs7_1247--udt9662,parquet_residential_short_202512_res_MT,215981-4.parquet,3
uhs7_1247--udt9662,parquet_residential_short_202512_res_MT,216380-4.parquet,1
uhs7_1247--udt9662,parquet_residential_short_202512_res_MT,217886-4.parquet,3
uhs7_1247--udt9662,parquet_residential_short_202512_res_MT,22193-4.parquet,1
uhs7_1247--udt9662,parquet_residential_short_202512_res_MT,22595-4.parquet,1
uhs7_1247--udt9662,parquet_residential_short_202512_res_MT,234488-4.parquet,7
uhs7_1247--udt9662,parquet_residential_short_202512_res_MT,256192-4.parquet,2
uhs7_1247--udt9662,parquet_residential_short_202512_res_MT,271955-4.parquet,1
uhs7_1247--udt9662,parquet_residential_short_202512_res_MT,276587-4.parquet,22
uhs7_1247--udt9662,parquet_residential_short_202512_res_MT,277210-4.parquet,15
uhs7_1247--udt9662,parquet_residential_short_202512_res_MT,278604-4.parquet,48
uhs7_1247--udt9662,parquet_residential_short_202512_res_MT,305252-4.parquet,9
uhs7_1247--udt9662,parquet_residential_short_202512_res_MT,311002-4.parquet,9
uhs7_1247--udt9662,parquet_residential_short_202512_res_MT,312392-4.parquet,1
uhs7_1247--udt9662,parquet_residential_short_202512_res_MT,314691-4.parquet,3
uhs7_1247--udt9662,parquet_residential_short_202512_res_MT,316244-4.parquet,4
uhs7_1247--udt9662,parquet_residential_short_202512_res_MT,325203-4.parquet,1
uhs7_1247--udt9662,parquet_residential_short_202512_res_MT,338150-4.parquet,2
uhs7_1247--udt9662,parquet_residential_short_202512_res_MT,341215-4.parquet,1
uhs7_1247--udt9662,parquet_residential_short_202512_res_MT,341617-4.parquet,5
uhs7_1247--udt9662,parquet_residential_short_202512_res_MT,345764-4.parquet,4
uhs7_1247--udt9662,parquet_residential_short_202512_res_MT,365913-4.parquet,1
uhs7_1247--udt9662,parquet_residential_short_202512_res_MT,370023-4.parquet,6
uhs7_1247--udt9662,parquet_residential_short_202512_res_MT,371830-4.parquet,1
uhs7_1247--udt9662,parquet_residential_short_202512_res_MT,372987-4.parquet,3
uhs7_1247--udt9662,parquet_residential_short_202512_res_MT,401600-4.parquet,121
uhs7_1247--udt9662,parquet_residential_short_202512_res_MT,405081-4.parquet,1
uhs7_1247--udt9662,parquet_residential_short_202512_res_MT,406640-4.parquet,17
uhs7_1247--udt9662,parquet_residential_short_202512_res_MT,410527-4.parquet,1
uhs7_1247--udt9662,parquet_residential_short_202512_res_MT,418448-4.parquet,2
uhs7_1247--udt9662,parquet_residential_short_202512_res_MT,42376-4.parquet,4
uhs7_1247--udt9662,parquet_residential_short_202512_res_MT,424723-4.parquet,1
uhs7_1247--udt9662,parquet_residential_short_202512_res_MT,427948-4.parquet,63
uhs7_1247--udt9662,parquet_residential_short_202512_res_MT,43358-4.parquet,1
uhs7_1247--udt9662,parquet_residential_short_202512_res_MT,437679-4.parquet,2
uhs7_1247--udt9662,parquet_residential_short_202512_res_MT,438998-4.parquet,1
uhs7_1247--udt9662,parquet_residential_short_202512_res_MT,445537-4.parquet,1
uhs7_1247--udt9662,parquet_residential_short_202512_res_MT,448361-4.parquet,1
uhs7_1247--udt9662,parquet_residential_short_202512_res_MT,458883-4.parquet,3
uhs7_1247--udt9662,parquet_residential_short_202512_res_MT,466189-4.parquet,19
uhs7_1247--udt9662,parquet_residential_short_202512_res_MT,468325-4.parquet,1
uhs7_1247--udt9662,parquet_residential_short_202512_res_MT,470813-4.parquet,1
uhs7_1247--udt9662,parquet_residential_short_202512_res_MT,475383-4.parquet,2
uhs7_1247--udt9662,parquet_residential_short_202512_res_MT,476793-4.parquet,16
uhs7_1247--udt9662,parquet_residential_short_202512_res_MT,481916-4.parquet,13
uhs7_1247--udt9662,parquet_residential_short_202512_res_MT,484947-4.parquet,1
uhs7_1247--udt9662,parquet_residential_short_202512_res_MT,486032-4.parquet,1
uhs7_1247--udt9662,parquet_residential_short_202512_res_MT,486410-4.parquet,3
uhs7_1247--udt9662,parquet_residential_short_202512_res_MT,486622-4.parquet,2
uhs7_1247--udt9662,parquet_residential_short_202512_res_MT,490684-4.parquet,1
uhs7_1247--udt9662,parquet_residential_short_202512_res_MT,492040-4.parquet,1
uhs7_1247--udt9662,parquet_residential_short_202512_res_MT,493524-4.parquet,9
uhs7_1247--udt9662,parquet_residential_short_202512_res_MT,494052-4.parquet,1
uhs7_1247--udt9662,parquet_residential_short_202512_res_MT,500793-4.parquet,6
uhs7_1247--udt9662,parquet_residential_short_202512_res_MT,508034-4.parquet,3
uhs7_1247--udt9662,parquet_residential_short_202512_res_MT,513358-4.parquet,5
uhs7_1247--udt9662,parquet_residential_short_202512_res_MT,513565-4.parquet,1
uhs7_1247--udt9662,parquet_residential_short_202512_res_MT,514429-4.parquet,2
uhs7_1247--udt9662,parquet_residential_short_202512_res_MT,527227-4.parquet,7
uhs7_1247--udt9662,parquet_residential_short_202512_res_MT,529425-4.parquet,46
uhs7_1247--udt9662,parquet_residential_short_202512_res_MT,535363-4.parquet,18
uhs7_1247--udt9662,parquet_residential_short_202512_res_MT,537910-4.parquet,2
uhs7_1247--udt9662,parquet_residential_short_202512_res_MT,543184-4.parquet,13
uhs7_1247--udt9662,parquet_residential_short_202512_res_MT,547866-4.parquet,1
uhs7_1247--udt9662,parquet_residential_short_202512_res_MT,57049-4.parquet,2
uhs7_1247--udt9662,parquet_residential_short_202512_res_MT,57772-4.parquet,7
uhs7_1247--udt9662,parquet_residential_short_202512_res_MT,63328-4.parquet,1
uhs7_1247--udt9662,parquet_residential_short_202512_res_MT,63481-4.parquet,1
uhs7_1247--udt9662,parquet_residential_short_202512_res_MT,64056-4.parquet,11
uhs7_1247--udt9662,parquet_residential_short_202512_res_MT,64092-4.parquet,1
uhs7_1247--udt9662,parquet_residential_short_202512_res_MT,81904-4.parquet,2
uhs7_1247--udt9662,parquet_residential_short_202512_res_MT,86159-4.parquet,4
uhs7_1247--udt9662,parquet_residential_short_202512_res_MT,88623-4.parquet,1
uhs7_1247--udt9662,parquet_residential_short_202512_res_MT,90560-4.parquet,2
uhs7_1247--udt9662,parquet_residential_short_202512_res_MT,97519-4.parquet,2
uhs7_1247--udt9662,parquet_residential_short_202512_res_MT,99076-4.parquet,1
uhs7_1247--udt9675,parquet_commercial_202512_comm_MT,184107-9.parquet,1
uhs7_1247--udt9675,parquet_commercial_202512_comm_MT,184108-2.parquet,1
uhs7_1247--udt9675,parquet_commercial_202512_comm_MT,184116-2.parquet,8
uhs7_1247--udt9675,parquet_commercial_202512_comm_MT,184147-9.parquet,9
uhs7_1247--udt9675,parquet_commercial_202512_comm_MT,184154-2.parquet,1
uhs7_1247--udt9675,parquet_commercial_202512_comm_MT,184157-2.parquet,2
uhs7_1247--udt9675,parquet_commercial_202512_comm_MT,184182-2.parquet,1
uhs7_1247--udt9675,parquet_commercial_202512_comm_MT,184183-2.parquet,1
uhs7_1247--udt9675,parquet_commercial_202512_comm_MT,184202-2.parquet,1
uhs7_1247--udt9675,parquet_commercial_202512_comm_MT,184220-2.parquet,7
uhs7_1247--udt9675,parquet_commercial_202512_comm_MT,184221-9.parquet,1
uhs7_1247--udt9675,parquet_commercial_202512_comm_MT,184227-2.parquet,1
uhs7_1247--udt9675,parquet_commercial_202512_comm_MT,184234-2.parquet,2
uhs7_1247--udt9675,parquet_commercial_202512_comm_MT,184261-2.parquet,1
uhs7_1247--udt9675,parquet_commercial_202512_comm_MT,184262-2.parquet,1
uhs7_1247--udt9675,parquet_commercial_202512_comm_MT,184287-9.parquet,1
uhs7_1247--udt9675,parquet_commercial_202512_comm_MT,184288-2.parquet,7
uhs7_1247--udt9675,parquet_commercial_202512_comm_MT,184300-2.parquet,1
uhs7_1247--udt9675,parquet_commercial_202512_comm_MT,184313-2.parquet,2
uhs7_1247--udt9675,parquet_commercial_202512_comm_MT,184315-2.parquet,6
uhs7_1247--udt9675,parquet_commercial_202512_comm_MT,184342-9.parquet,1
uhs7_1247--udt9675,parquet_commercial_202512_comm_MT,184365-2.parquet,3
uhs7_1247--udt9675,parquet_commercial_202512_comm_MT,184367-9.parquet,2
uhs7_1247--udt9675,parquet_commercial_202512_comm_MT,184372-2.parquet,1
uhs7_1247--udt9675,parquet_commercial_202512_comm_MT,184391-9.parquet,1
uhs7_1247--udt9675,parquet_commercial_202512_comm_MT,184397-2.parquet,2
uhs7_1247--udt9675,parquet_commercial_202512_comm_MT,184401-9.parquet,1
uhs7_1247--udt9675,parquet_commercial_202512_comm_MT,184433-2.parquet,2
uhs7_1247--udt9675,parquet_commercial_202512_comm_MT,184438-9.parquet,3
uhs7_1247--udt9675,parquet_commercial_202512_comm_MT,184475-9.parquet,1
uhs7_1247--udt9675,parquet_commercial_202512_comm_MT,184481-9.parquet,4
uhs7_1247--udt9675,parquet_commercial_202512_comm_MT,184488-2.parquet,1
uhs7_1247--udt9675,parquet_commercial_202512_comm_MT,184492-2.parquet,3
uhs7_1247--udt9675,parquet_commercial_202512_comm_MT,184496-9.parquet,1
uhs7_1247--udt9675,parquet_commercial_202512_comm_MT,184505-2.parquet,1
uhs7_1247--udt9675,parquet_commercial_202512_comm_MT,184508-2.parquet,1
uhs7_1247--udt9675,parquet_commercial_202512_comm_MT,184510-2.parquet,1
uhs7_1247--udt9675,parquet_commercial_202512_comm_MT,184512-2.parquet,1
uhs7_1247--udt9675,parquet_commercial_202512_comm_MT,184518-2.parquet,20
uhs7_1247--udt9675,parquet_commercial_202512_comm_MT,184527-9.parquet,1
uhs7_1247--udt9675,parquet_commercial_202512_comm_MT,184544-2.parquet,1
uhs7_1247--udt9675,parquet_commercial_202512_comm_MT,184575-9.parquet,1
uhs7_1247--udt9675,parquet_commercial_202512_comm_MT,184581-9.parquet,1
uhs7_1247--udt9675,parquet_commercial_202512_comm_MT,184587-2.parquet,1
uhs7_1247--udt9675,parquet_commercial_202512_comm_MT,184590-2.parquet,1
uhs7_1247--udt9675,parquet_commercial_202512_comm_MT,184596-9.parquet,3
uhs7_1247--udt9675,parquet_commercial_202512_comm_MT,184616-2.parquet,2
uhs7_1247--udt9675,parquet_commercial_202512_comm_MT,184630-9.parquet,1
uhs7_1247--udt9675,parquet_commercial_202512_comm_MT,184637-9.parquet,1
uhs7_1247--udt9675,parquet_commercial_202512_comm_MT,184641-2.parquet,1
uhs7_1247--udt9675,parquet_commercial_202512_comm_MT,184646-9.parquet,1
uhs7_1247--udt9675,parquet_commercial_202512_comm_MT,184693-9.parquet,2
uhs7_1247--udt9675,parquet_commercial_202512_comm_MT,184700-9.parquet,9
uhs7_1247--udt9675,parquet_commercial_202512_comm_MT,184706-2.parquet,2
uhs7_1247--udt9675,parquet_commercial_202512_comm_MT,184717-9.parquet,4
uhs7_1247--udt9675,parquet_commercial_202512_comm_MT,184718-9.parquet,1
uhs7_1247--udt9675,parquet_commercial_202512_comm_MT,184727-2.parquet,1
uhs7_1247--udt9675,parquet_commercial_202512_comm_MT,184766-9.parquet,1
uhs7_1247--udt9675,parquet_commercial_202512_comm_MT,184767-2.parquet,4
uhs7_1247--udt9675,parquet_commercial_202512_comm_MT,184776-2.parquet,2
uhs7_1247--udt9675,parquet_commercial_202512_comm_MT,184799-2.parquet,2
uhs7_1247--udt9675,parquet_commercial_202512_comm_MT,184809-2.parquet,1
uhs7_1247--udt9675,parquet_commercial_202512_comm_MT,184852-9.parquet,1
uhs7_1247--udt9675,parquet_commercial_202512_comm_MT,184857-9.parquet,1
uhs7_1247--udt9675,parquet_commercial_202512_comm_MT,184874-9.parquet,1
uhs7_1247--udt9675,parquet_commercial_202512_comm_MT,184886-2.parquet,1
uhs7_1247--udt9675,parquet_commercial_202512_comm_MT,184887-2.parquet,3
uhs7_1247--udt9675,parquet_commercial_202512_comm_MT,184894-9.parquet,1
uhs7_1247--udt9675,parquet_commercial_202512_comm_MT,184897-9.parquet,1
uhs7_1247--udt9675,parquet_commercial_202512_comm_MT,184929-2.parquet,2
uhs7_1247--udt9675,parquet_commercial_202512_comm_MT,184934-2.parquet,1
uhs7_1247--udt9675,parquet_commercial_202512_comm_MT,184940-2.parquet,1
uhs7_1247--udt9675,parquet_commercial_202512_comm_MT,184953-9.parquet,1
uhs7_1247--udt9675,parquet_commercial_202512_comm_MT,184996-2.parquet,1
uhs7_1247--udt9675,parquet_commercial_202512_comm_MT,185005-9.parquet,1
uhs7_1247--udt9675,parquet_commercial_202512_comm_MT,185015-2.parquet,1
uhs7_1247--udt9675,parquet_commercial_202512_comm_MT,185025-9.parquet,1
uhs7_1247--udt9675,parquet_residential_short_202512_res_MT,102854-4.parquet,50
uhs7_1247--udt9675,parquet_residential_short_202512_res_MT,106657-4.parquet,52
uhs7_1247--udt9675,parquet_residential_short_202512_res_MT,108254-4.parquet,3
uhs7_1247--udt9675,parquet_residential_short_202512_res_MT,117464-4.parquet,1
uhs7_1247--udt9675,parquet_residential_short_202512_res_MT,118797-4.parquet,7
uhs7_1247--udt9675,parquet_residential_short_202512_res_MT,119073-4.parquet,16
uhs7_1247--udt9675,parquet_residential_short_202512_res_MT,119460-4.parquet,1
uhs7_1247--udt9675,parquet_residential_short_202512_res_MT,131145-4.parquet,2
uhs7_1247--udt9675,parquet_residential_short_202512_res_MT,136309-4.parquet,18
uhs7_1247--udt9675,parquet_residential_short_202512_res_MT,138494-4.parquet,3
uhs7_1247--udt9675,parquet_residential_short_202512_res_MT,140071-4.parquet,11
uhs7_1247--udt9675,parquet_residential_short_202512_res_MT,142544-4.parquet,4
uhs7_1247--udt9675,parquet_residential_short_202512_res_MT,14281-4.parquet,3
uhs7_1247--udt9675,parquet_residential_short_202512_res_MT,144965-4.parquet,1
uhs7_1247--udt9675,parquet_residential_short_202512_res_MT,153454-4.parquet,7
uhs7_1247--udt9675,parquet_residential_short_202512_res_MT,154106-4.parquet,2
uhs7_1247--udt9675,parquet_residential_short_202512_res_MT,156849-4.parquet,1
uhs7_1247--udt9675,parquet_residential_short_202512_res_MT,162253-4.parquet,364
uhs7_1247--udt9675,parquet_residential_short_202512_res_MT,170488-4.parquet,7
uhs7_1247--udt9675,parquet_residential_short_202512_res_MT,180039-4.parquet,10
uhs7_1247--udt9675,parquet_residential_short_202512_res_MT,183427-4.parquet,1
uhs7_1247--udt9675,parquet_residential_short_202512_res_MT,185745-4.parquet,142
uhs7_1247--udt9675,parquet_residential_short_202512_res_MT,203702-4.parquet,18
uhs7_1247--udt9675,parquet_residential_short_202512_res_MT,204761-4.parquet,1
uhs7_1247--udt9675,parquet_residential_short_202512_res_MT,209507-4.parquet,14
uhs7_1247--udt9675,parquet_residential_short_202512_res_MT,210194-4.parquet,4
uhs7_1247--udt9675,parquet_residential_short_202512_res_MT,211030-4.parquet,1
uhs7_1247--udt9675,parquet_residential_short_202512_res_MT,216380-4.parquet,1
uhs7_1247--udt9675,parquet_residential_short_202512_res_MT,234488-4.parquet,5
uhs7_1247--udt9675,parquet_residential_short_202512_res_MT,239542-4.parquet,3
uhs7_1247--udt9675,parquet_residential_short_202512_res_MT,251857-4.parquet,2
uhs7_1247--udt9675,parquet_residential_short_202512_res_MT,255145-4.parquet,4
uhs7_1247--udt9675,parquet_residential_short_202512_res_MT,256192-4.parquet,2
uhs7_1247--udt9675,parquet_residential_short_202512_res_MT,271955-4.parquet,3
uhs7_1247--udt9675,parquet_residential_short_202512_res_MT,276587-4.parquet,19
uhs7_1247--udt9675,parquet_residential_short_202512_res_MT,277210-4.parquet,12
uhs7_1247--udt9675,parquet_residential_short_202512_res_MT,278604-4.parquet,66
uhs7_1247--udt9675,parquet_residential_short_202512_res_MT,27882-4.parquet,1
uhs7_1247--udt9675,parquet_residential_short_202512_res_MT,305252-4.parquet,8
uhs7_1247--udt9675,parquet_residential_short_202512_res_MT,311002-4.parquet,1
uhs7_1247--udt9675,parquet_residential_short_202512_res_MT,314691-4.parquet,6
uhs7_1247--udt9675,parquet_residential_short_202512_res_MT,338150-4.parquet,4
uhs7_1247--udt9675,parquet_residential_short_202512_res_MT,338628-4.parquet,1
uhs7_1247--udt9675,parquet_residential_short_202512_res_MT,341215-4.parquet,1
uhs7_1247--udt9675,parquet_residential_short_202512_res_MT,341617-4.parquet,4
uhs7_1247--udt9675,parquet_residential_short_202512_res_MT,345764-4.parquet,5
uhs7_1247--udt9675,parquet_residential_short_202512_res_MT,370023-4.parquet,7
uhs7_1247--udt9675,parquet_residential_short_202512_res_MT,376680-4.parquet,1
uhs7_1247--udt9675,parquet_residential_short_202512_res_MT,401600-4.parquet,120
uhs7_1247--udt9675,parquet_residential_short_202512_res_MT,405081-4.parquet,3
uhs7_1247--udt9675,parquet_residential_short_202512_res_MT,406640-4.parquet,14
uhs7_1247--udt9675,parquet_residential_short_202512_res_MT,410527-4.parquet,2
uhs7_1247--udt9675,parquet_residential_short_202512_res_MT,418448-4.parquet,6
uhs7_1247--udt9675,parquet_residential_short_202512_res_MT,42104-4.parquet,1
uhs7_1247--udt9675,parquet_residential_short_202512_res_MT,42376-4.parquet,9
uhs7_1247--udt9675,parquet_residential_short_202512_res_MT,424723-4.parquet,1
uhs7_1247--udt9675,parquet_residential_short_202512_res_MT,427948-4.parquet,64
uhs7_1247--udt9675,parquet_residential_short_202512_res_MT,437679-4.parquet,1
uhs7_1247--udt9675,parquet_residential_short_202512_res_MT,438998-4.parquet,3
uhs7_1247--udt9675,parquet_residential_short_202512_res_MT,458883-4.parquet,3
uhs7_1247--udt9675,parquet_residential_short_202512_res_MT,466189-4.parquet,18
uhs7_1247--udt9675,parquet_residential_short_202512_res_MT,468325-4.parquet,1
uhs7_1247--udt9675,parquet_residential_short_202512_res_MT,471837-4.parquet,2
uhs7_1247--udt9675,parquet_residential_short_202512_res_MT,475383-4.parquet,2
uhs7_1247--udt9675,parquet_residential_short_202512_res_MT,476793-4.parquet,13
uhs7_1247--udt9675,parquet_residential_short_202512_res_MT,481916-4.parquet,13
uhs7_1247--udt9675,parquet_residential_short_202512_res_MT,486410-4.parquet,3
uhs7_1247--udt9675,parquet_residential_short_202512_res_MT,490684-4.parquet,6
uhs7_1247--udt9675,parquet_residential_short_202512_res_MT,492040-4.parquet,2
uhs7_1247--udt9675,parquet_residential_short_202512_res_MT,493524-4.parquet,7
uhs7_1247--udt9675,parquet_residential_short_202512_res_MT,494052-4.parquet,1
uhs7_1247--udt9675,parquet_residential_short_202512_res_MT,494976-4.parquet,1
uhs7_1247--udt9675,parquet_residential_short_202512_res_MT,500793-4.parquet,11
uhs7_1247--udt9675,parquet_residential_short_202512_res_MT,508034-4.parquet,4
uhs7_1247--udt9675,parquet_residential_short_202512_res_MT,513358-4.parquet,3
uhs7_1247--udt9675,parquet_residential_short_202512_res_MT,514429-4.parquet,2
uhs7_1247--udt9675,parquet_residential_short_202512_res_MT,527227-4.parquet,11
uhs7_1247--udt9675,parquet_residential_short_202512_res_MT,529425-4.parquet,101
uhs7_1247--udt9675,parquet_residential_short_202512_res_MT,535363-4.parquet,16
uhs7_1247--udt9675,parquet_residential_short_202512_res_MT,537910-4.parquet,1
uhs7_1247--udt9675,parquet_residential_short_202512_res_MT,543184-4.parquet,19
uhs7_1247--udt9675,parquet_residential_short_202512_res_MT,547866-4.parquet,2
uhs7_1247--udt9675,parquet_residential_short_202512_res_MT,57049-4.parquet,10
uhs7_1247--udt9675,parquet_residential_short_202512_res_MT,57772-4.parquet,7
uhs7_1247--udt9675,parquet_residential_short_202512_res_MT,63328-4.parquet,5
uhs7_1247--udt9675,parquet_residential_short_202512_res_MT,64056-4.parquet,7
uhs7_1247--udt9675,parquet_residential_short_202512_res_MT,64092-4.parquet,1
uhs7_1247--udt9675,parquet_residential_short_202512_res_MT,66138-4.parquet,4
uhs7_1247--udt9675,parquet_residential_short_202512_res_MT,68953-4.parquet,1
uhs7_1247--udt9675,parquet_residential_short_202512_res_MT,81904-4.parquet,1
uhs7_1247--udt9675,parquet_residential_short_202512_res_MT,86159-4.parquet,1
uhs7_1247--udt9675,parquet_residential_short_202512_res_MT,90560-4.parquet,3
uhs7_1247--udt9675,parquet_residential_short_202512_res_MT,93871-4.parquet,1
uhs7_1247--udt9675,parquet_residential_short_202512_res_MT,97519-4.parquet,6
uhs7_1247--udt9675,parquet_residential_short_202512_res_MT,99076-4.parquet,2
uhs8_1247--udt12494,parquet_commercial_202512_comm_MT,184108-2.parquet,1
uhs8_1247--udt12494,parquet_commercial_202512_comm_MT,184116-2.parquet,3
uhs8_1247--udt12494,parquet_commercial_202512_comm_MT,184147-9.parquet,3
uhs8_1247--udt12494,parquet_commercial_202512_comm_MT,184168-9.parquet,1
uhs8_1247--udt12494,parquet_commercial_202512_comm_MT,184194-9.parquet,1
uhs8_1247--udt12494,parquet_commercial_202512_comm_MT,184207-2.parquet,1
uhs8_1247--udt12494,parquet_commercial_202512_comm_MT,184220-2.parquet,4
uhs8_1247--udt12494,parquet_commercial_202512_comm_MT,184221-9.parquet,1
uhs8_1247--udt12494,parquet_commercial_202512_comm_MT,184310-2.parquet,1
uhs8_1247--udt12494,parquet_commercial_202512_comm_MT,184315-2.parquet,1
uhs8_1247--udt12494,parquet_commercial_202512_comm_MT,184372-2.parquet,1
uhs8_1247--udt12494,parquet_commercial_202512_comm_MT,184433-2.parquet,3
uhs8_1247--udt12494,parquet_commercial_202512_comm_MT,184441-9.parquet,1
uhs8_1247--udt12494,parquet_commercial_202512_comm_MT,184481-9.parquet,1
uhs8_1247--udt12494,parquet_commercial_202512_comm_MT,184492-2.parquet,1
uhs8_1247--udt12494,parquet_commercial_202512_comm_MT,184496-9.parquet,1
uhs8_1247--udt12494,parquet_commercial_202512_comm_MT,184508-2.parquet,3
uhs8_1247--udt12494,parquet_commercial_202512_comm_MT,184518-2.parquet,5
uhs8_1247--udt12494,parquet_commercial_202512_comm_MT,184527-9.parquet,1
uhs8_1247--udt12494,parquet_commercial_202512_comm_MT,184596-9.parquet,2
uhs8_1247--udt12494,parquet_commercial_202512_comm_MT,184608-9.parquet,1
uhs8_1247--udt12494,parquet_commercial_202512_comm_MT,184617-2.parquet,3
uhs8_1247--udt12494,parquet_commercial_202512_comm_MT,184646-9.parquet,2
uhs8_1247--udt12494,parquet_commercial_202512_comm_MT,184654-2.parquet,1
uhs8_1247--udt12494,parquet_commercial_202512_comm_MT,184700-9.parquet,1
uhs8_1247--udt12494,parquet_commercial_202512_comm_MT,184727-2.parquet,1
uhs8_1247--udt12494,parquet_commercial_202512_comm_MT,184793-9.parquet,1
uhs8_1247--udt12494,parquet_commercial_202512_comm_MT,184823-2.parquet,1
uhs8_1247--udt12494,parquet_commercial_202512_comm_MT,184888-9.parquet,1
uhs8_1247--udt12494,parquet_commercial_202512_comm_MT,184929-2.parquet,1
uhs8_1247--udt12494,parquet_commercial_202512_comm_MT,184942-9.parquet,1
uhs8_1247--udt12494,parquet_commercial_202512_comm_MT,185005-9.parquet,2
uhs8_1247--udt12494,parquet_commercial_202512_comm_MT,185015-2.parquet,1
uhs8_1247--udt12494,parquet_commercial_202512_comm_MT,185019-9.parquet,1
uhs8_1247--udt12494,parquet_residential_short_202512_res_MT,101078-4.parquet,2
uhs8_1247--udt12494,parquet_residential_short_202512_res_MT,102182-4.parquet,2
uhs8_1247--udt12494,parquet_residential_short_202512_res_MT,102854-4.parquet,109
uhs8_1247--udt12494,parquet_residential_short_202512_res_MT,106657-4.parquet,32
uhs8_1247--udt12494,parquet_residential_short_202512_res_MT,108254-4.parquet,1
uhs8_1247--udt12494,parquet_residential_short_202512_res_MT,118797-4.parquet,4
uhs8_1247--udt12494,parquet_residential_short_202512_res_MT,119073-4.parquet,5
uhs8_1247--udt12494,parquet_residential_short_202512_res_MT,119460-4.parquet,1
uhs8_1247--udt12494,parquet_residential_short_202512_res_MT,121985-4.parquet,6
uhs8_1247--udt12494,parquet_residential_short_202512_res_MT,126858-4.parquet,1
uhs8_1247--udt12494,parquet_residential_short_202512_res_MT,131145-4.parquet,18
uhs8_1247--udt12494,parquet_residential_short_202512_res_MT,136309-4.parquet,9
uhs8_1247--udt12494,parquet_residential_short_202512_res_MT,138494-4.parquet,15
uhs8_1247--udt12494,parquet_residential_short_202512_res_MT,140071-4.parquet,18
uhs8_1247--udt12494,parquet_residential_short_202512_res_MT,142544-4.parquet,3
uhs8_1247--udt12494,parquet_residential_short_202512_res_MT,14281-4.parquet,2
uhs8_1247--udt12494,parquet_residential_short_202512_res_MT,144965-4.parquet,1
uhs8_1247--udt12494,parquet_residential_short_202512_res_MT,149272-4.parquet,1
uhs8_1247--udt12494,parquet_residential_short_202512_res_MT,153454-4.parquet,1
uhs8_1247--udt12494,parquet_residential_short_202512_res_MT,154106-4.parquet,31
uhs8_1247--udt12494,parquet_residential_short_202512_res_MT,154367-4.parquet,3
uhs8_1247--udt12494,parquet_residential_short_202512_res_MT,156849-4.parquet,1
uhs8_1247--udt12494,parquet_residential_short_202512_res_MT,158072-4.parquet,3
uhs8_1247--udt12494,parquet_residential_short_202512_res_MT,162253-4.parquet,149
uhs8_1247--udt12494,parquet_residential_short_202512_res_MT,170488-4.parquet,3
uhs8_1247--udt12494,parquet_residential_short_202512_res_MT,180039-4.parquet,3
uhs8_1247--udt12494,parquet_residential_short_202512_res_MT,182480-4.parquet,1
uhs8_1247--udt12494,parquet_residential_short_202512_res_MT,183427-4.parquet,5
uhs8_1247--udt12494,parquet_residential_short_202512_res_MT,185745-4.parquet,82
uhs8_1247--udt12494,parquet_residential_short_202512_res_MT,202090-4.parquet,1
uhs8_1247--udt12494,parquet_residential_short_202512_res_MT,203702-4.parquet,10
uhs8_1247--udt12494,parquet_residential_short_202512_res_MT,209507-4.parquet,7
uhs8_1247--udt12494,parquet_residential_short_202512_res_MT,210194-4.parquet,5
uhs8_1247--udt12494,parquet_residential_short_202512_res_MT,211030-4.parquet,1
uhs8_1247--udt12494,parquet_residential_short_202512_res_MT,214774-4.parquet,2
uhs8_1247--udt12494,parquet_residential_short_202512_res_MT,215981-4.parquet,6
uhs8_1247--udt12494,parquet_residential_short_202512_res_MT,216380-4.parquet,1
uhs8_1247--udt12494,parquet_residential_short_202512_res_MT,217886-4.parquet,2
uhs8_1247--udt12494,parquet_residential_short_202512_res_MT,226832-4.parquet,4
uhs8_1247--udt12494,parquet_residential_short_202512_res_MT,234488-4.parquet,10
uhs8_1247--udt12494,parquet_residential_short_202512_res_MT,255145-4.parquet,1
uhs8_1247--udt12494,parquet_residential_short_202512_res_MT,271955-4.parquet,1
uhs8_1247--udt12494,parquet_residential_short_202512_res_MT,276587-4.parquet,87
uhs8_1247--udt12494,parquet_residential_short_202512_res_MT,277210-4.parquet,1
uhs8_1247--udt12494,parquet_residential_short_202512_res_MT,278604-4.parquet,23
uhs8_1247--udt12494,parquet_residential_short_202512_res_MT,305252-4.parquet,4
uhs8_1247--udt12494,parquet_residential_short_202512_res_MT,311002-4.parquet,8
uhs8_1247--udt12494,parquet_residential_short_202512_res_MT,314691-4.parquet,2
uhs8_1247--udt12494,parquet_residential_short_202512_res_MT,316244-4.parquet,1
uhs8_1247--udt12494,parquet_residential_short_202512_res_MT,321643-4.parquet,1
uhs8_1247--udt12494,parquet_residential_short_202512_res_MT,325203-4.parquet,5
uhs8_1247--udt12494,parquet_residential_short_202512_res_MT,338150-4.parquet,20
uhs8_1247--udt12494,parquet_residential_short_202512_res_MT,338628-4.parquet,1
uhs8_1247--udt12494,parquet_residential_short_202512_res_MT,339121-4.parquet,2
uhs8_1247--udt12494,parquet_residential_short_202512_res_MT,341617-4.parquet,9
uhs8_1247--udt12494,parquet_residential_short_202512_res_MT,345764-4.parquet,3
uhs8_1247--udt12494,parquet_residential_short_202512_res_MT,358611-4.parquet,1
uhs8_1247--udt12494,parquet_residential_short_202512_res_MT,371830-4.parquet,1
uhs8_1247--udt12494,parquet_residential_short_202512_res_MT,372987-4.parquet,1
uhs8_1247--udt12494,parquet_residential_short_202512_res_MT,377150-4.parquet,1
uhs8_1247--udt12494,parquet_residential_short_202512_res_MT,392513-4.parquet,1
uhs8_1247--udt12494,parquet_residential_short_202512_res_MT,401600-4.parquet,68
uhs8_1247--udt12494,parquet_residential_short_202512_res_MT,402646-4.parquet,4
uhs8_1247--udt12494,parquet_residential_short_202512_res_MT,405081-4.parquet,2
uhs8_1247--udt12494,parquet_residential_short_202512_res_MT,406640-4.parquet,10
uhs8_1247--udt12494,parquet_residential_short_202512_res_MT,410527-4.parquet,2
uhs8_1247--udt12494,parquet_residential_short_202512_res_MT,418448-4.parquet,1
uhs8_1247--udt12494,parquet_residential_short_202512_res_MT,42104-4.parquet,1
uhs8_1247--udt12494,parquet_residential_short_202512_res_MT,42376-4.parquet,1
uhs8_1247--udt12494,parquet_residential_short_202512_res_MT,423918-4.parquet,2
uhs8_1247--udt12494,parquet_residential_short_202512_res_MT,424723-4.parquet,3
uhs8_1247--udt12494,parquet_residential_short_202512_res_MT,427948-4.parquet,66
uhs8_1247--udt12494,parquet_residential_short_202512_res_MT,437679-4.parquet,3
uhs8_1247--udt12494,parquet_residential_short_202512_res_MT,438998-4.parquet,1
uhs8_1247--udt12494,parquet_residential_short_202512_res_MT,448361-4.parquet,2
uhs8_1247--udt12494,parquet_residential_short_202512_res_MT,457398-4.parquet,1
uhs8_1247--udt12494,parquet_residential_short_202512_res_MT,458883-4.parquet,2
uhs8_1247--udt12494,parquet_residential_short_202512_res_MT,466189-4.parquet,3
uhs8_1247--udt12494,parquet_residential_short_202512_res_MT,468325-4.parquet,2
uhs8_1247--udt12494,parquet_residential_short_202512_res_MT,470813-4.parquet,1
uhs8_1247--udt12494,parquet_residential_short_202512_res_MT,471837-4.parquet,9
uhs8_1247--udt12494,parquet_residential_short_202512_res_MT,472451-4.parquet,1
uhs8_1247--udt12494,parquet_residential_short_202512_res_MT,475383-4.parquet,1
uhs8_1247--udt12494,parquet_residential_short_202512_res_MT,476793-4.parquet,9
uhs8_1247--udt12494,parquet_residential_short_202512_res_MT,481916-4.parquet,8
uhs8_1247--udt12494,parquet_residential_short_202512_res_MT,486032-4.parquet,2
uhs8_1247--udt12494,parquet_residential_short_202512_res_MT,486410-4.parquet,25
uhs8_1247--udt12494,parquet_residential_short_202512_res_MT,486622-4.parquet,3
uhs8_1247--udt12494,parquet_residential_short_202512_res_MT,489576-4.parquet,1
uhs8_1247--udt12494,parquet_residential_short_202512_res_MT,490684-4.parquet,1
uhs8_1247--udt12494,parquet_residential_short_202512_res_MT,492040-4.parquet,14
uhs8_1247--udt12494,parquet_residential_short_202512_res_MT,493524-4.parquet,5
uhs8_1247--udt12494,parquet_residential_short_202512_res_MT,494976-4.parquet,1
uhs8_1247--udt12494,parquet_residential_short_202512_res_MT,500793-4.parquet,8
uhs8_1247--udt12494,parquet_residential_short_202512_res_MT,500992-4.parquet,1
uhs8_1247--udt12494,parquet_residential_short_202512_res_MT,508034-4.parquet,4
uhs8_1247--udt12494,parquet_residential_short_202512_res_MT,513358-4.parquet,8
uhs8_1247--udt12494,parquet_residential_short_202512_res_MT,514429-4.parquet,18
uhs8_1247--udt12494,parquet_residential_short_202512_res_MT,526430-4.parquet,1
uhs8_1247--udt12494,parquet_residential_short_202512_res_MT,527227-4.parquet,1
uhs8_1247--udt12494,parquet_residential_short_202512_res_MT,529425-4.parquet,35
uhs8_1247--udt12494,parquet_residential_short_202512_res_MT,535363-4.parquet,10
uhs8_1247--udt12494,parquet_residential_short_202512_res_MT,537910-4.parquet,3
uhs8_1247--udt12494,parquet_residential_short_202512_res_MT,543184-4.parquet,7
uhs8_1247--udt12494,parquet_residential_short_202512_res_MT,547866-4.parquet,2
uhs8_1247--udt12494,parquet_residential_short_202512_res_MT,57049-4.parquet,1
uhs8_1247--udt12494,parquet_residential_short_202512_res_MT,57772-4.parquet,8
uhs8_1247--udt12494,parquet_residential_short_202512_res_MT,58337-4.parquet,2
uhs8_1247--udt12494,parquet_residential_short_202512_res_MT,58700-4.parquet,1
uhs8_1247--udt12494,parquet_residential_short_202512_res_MT,63328-4.parquet,9
uhs8_1247--udt12494,parquet_residential_short_202512_res_MT,64056-4.parquet,13
uhs8_1247--udt12494,parquet_residential_short_202512_res_MT,66138-4.parquet,2
uhs8_1247--udt12494,parquet_residential_short_202512_res_MT,81904-4.parquet,26
uhs8_1247--udt12494,parquet_residential_short_202512_res_MT,86159-4.parquet,16
uhs8_1247--udt12494,parquet_residential_short_202512_res_MT,90560-4.parquet,3
uhs8_1247--udt12494,parquet_residential_short_202512_res_MT,9342-4.parquet,2
uhs8_1247--udt12494,parquet_residential_short_202512_res_MT,93871-4.parquet,4
uhs8_1247--udt12494,parquet_residential_short_202512_res_MT,97519-4.parquet,4
uhs8_1247--udt12494,parquet_residential_short_202512_res_MT,99076-4.parquet,1
uhs8_1247--udt7252,parquet_commercial_202512_comm_MT,184105-9.parquet,1
uhs8_1247--udt7252,parquet_commercial_202512_comm_MT,184116-2.parquet,34
uhs8_1247--udt7252,parquet_commercial_202512_comm_MT,184131-2.parquet,17
uhs8_1247--udt7252,parquet_commercial_202512_comm_MT,184133-9.parquet,1
uhs8_1247--udt7252,parquet_commercial_202512_comm_MT,184137-2.parquet,1
uhs8_1247--udt7252,parquet_commercial_202512_comm_MT,184147-9.parquet,4
uhs8_1247--udt7252,parquet_commercial_202512_comm_MT,184154-2.parquet,1
uhs8_1247--udt7252,parquet_commercial_202512_comm_MT,184157-2.parquet,1
uhs8_1247--udt7252,parquet_commercial_202512_comm_MT,184172-2.parquet,1
uhs8_1247--udt7252,parquet_commercial_202512_comm_MT,184182-2.parquet,5
uhs8_1247--udt7252,parquet_commercial_202512_comm_MT,184202-2.parquet,1
uhs8_1247--udt7252,parquet_commercial_202512_comm_MT,184207-2.parquet,1
uhs8_1247--udt7252,parquet_commercial_202512_comm_MT,184213-2.parquet,1
uhs8_1247--udt7252,parquet_commercial_202512_comm_MT,184217-2.parquet,1
uhs8_1247--udt7252,parquet_commercial_202512_comm_MT,184276-2.parquet,1
uhs8_1247--udt7252,parquet_commercial_202512_comm_MT,184285-2.parquet,1
uhs8_1247--udt7252,parquet_commercial_202512_comm_MT,184288-2.parquet,1
uhs8_1247--udt7252,parquet_commercial_202512_comm_MT,184297-9.parquet,3
uhs8_1247--udt7252,parquet_commercial_202512_comm_MT,184313-2.parquet,2
uhs8_1247--udt7252,parquet_commercial_202512_comm_MT,184315-2.parquet,1
uhs8_1247--udt7252,parquet_commercial_202512_comm_MT,184365-2.parquet,1
uhs8_1247--udt7252,parquet_commercial_202512_comm_MT,184394-9.parquet,1
uhs8_1247--udt7252,parquet_commercial_202512_comm_MT,184401-9.parquet,1
uhs8_1247--udt7252,parquet_commercial_202512_comm_MT,184432-9.parquet,2
uhs8_1247--udt7252,parquet_commercial_202512_comm_MT,184438-9.parquet,1
uhs8_1247--udt7252,parquet_commercial_202512_comm_MT,184439-2.parquet,4
uhs8_1247--udt7252,parquet_commercial_202512_comm_MT,184441-9.parquet,1
uhs8_1247--udt7252,parquet_commercial_202512_comm_MT,184483-2.parquet,1
uhs8_1247--udt7252,parquet_commercial_202512_comm_MT,184488-2.parquet,1
uhs8_1247--udt7252,parquet_commercial_202512_comm_MT,184495-2.parquet,1
uhs8_1247--udt7252,parquet_commercial_202512_comm_MT,184508-2.parquet,1
uhs8_1247--udt7252,parquet_commercial_202512_comm_MT,184510-2.parquet,1
uhs8_1247--udt7252,parquet_commercial_202512_comm_MT,184518-2.parquet,2
uhs8_1247--udt7252,parquet_commercial_202512_comm_MT,184522-2.parquet,2
uhs8_1247--udt7252,parquet_commercial_202512_comm_MT,184544-2.parquet,2
uhs8_1247--udt7252,parquet_commercial_202512_comm_MT,184549-2.parquet,1
uhs8_1247--udt7252,parquet_commercial_202512_comm_MT,184570-9.parquet,1
uhs8_1247--udt7252,parquet_commercial_202512_comm_MT,184581-9.parquet,1
uhs8_1247--udt7252,parquet_commercial_202512_comm_MT,184586-9.parquet,1
uhs8_1247--udt7252,parquet_commercial_202512_comm_MT,184587-2.parquet,1
uhs8_1247--udt7252,parquet_commercial_202512_comm_MT,184596-9.parquet,1
uhs8_1247--udt7252,parquet_commercial_202512_comm_MT,184617-2.parquet,1
uhs8_1247--udt7252,parquet_commercial_202512_comm_MT,184623-9.parquet,1
uhs8_1247--udt7252,parquet_commercial_202512_comm_MT,184664-9.parquet,2
uhs8_1247--udt7252,parquet_commercial_202512_comm_MT,184700-9.parquet,4
uhs8_1247--udt7252,parquet_commercial_202512_comm_MT,184706-2.parquet,2
uhs8_1247--udt7252,parquet_commercial_202512_comm_MT,184717-9.parquet,1
uhs8_1247--udt7252,parquet_commercial_202512_comm_MT,184720-2.parquet,1
uhs8_1247--udt7252,parquet_commercial_202512_comm_MT,184727-2.parquet,1
uhs8_1247--udt7252,parquet_commercial_202512_comm_MT,184762-9.parquet,1
uhs8_1247--udt7252,parquet_commercial_202512_comm_MT,184772-2.parquet,1
uhs8_1247--udt7252,parquet_commercial_202512_comm_MT,184776-2.parquet,4
uhs8_1247--udt7252,parquet_commercial_202512_comm_MT,184821-9.parquet,1
uhs8_1247--udt7252,parquet_commercial_202512_comm_MT,184823-2.parquet,3
uhs8_1247--udt7252,parquet_commercial_202512_comm_MT,184829-9.parquet,1
uhs8_1247--udt7252,parquet_commercial_202512_comm_MT,184840-9.parquet,1
uhs8_1247--udt7252,parquet_commercial_202512_comm_MT,184857-9.parquet,8
uhs8_1247--udt7252,parquet_commercial_202512_comm_MT,184863-2.parquet,1
uhs8_1247--udt7252,parquet_commercial_202512_comm_MT,184920-2.parquet,1
uhs8_1247--udt7252,parquet_commercial_202512_comm_MT,184929-2.parquet,1
uhs8_1247--udt7252,parquet_commercial_202512_comm_MT,184942-9.parquet,1
uhs8_1247--udt7252,parquet_commercial_202512_comm_MT,184953-9.parquet,2
uhs8_1247--udt7252,parquet_commercial_202512_comm_MT,184968-2.parquet,7
uhs8_1247--udt7252,parquet_commercial_202512_comm_MT,185003-9.parquet,1
uhs8_1247--udt7252,parquet_commercial_202512_comm_MT,185008-9.parquet,1
uhs8_1247--udt7252,parquet_commercial_202512_comm_MT,185015-2.parquet,1
uhs8_1247--udt7252,parquet_residential_short_202512_res_MT,102182-4.parquet,2
uhs8_1247--udt7252,parquet_residential_short_202512_res_MT,102854-4.parquet,85
uhs8_1247--udt7252,parquet_residential_short_202512_res_MT,106657-4.parquet,6
uhs8_1247--udt7252,parquet_residential_short_202512_res_MT,108254-4.parquet,1
uhs8_1247--udt7252,parquet_residential_short_202512_res_MT,119073-4.parquet,5
uhs8_1247--udt7252,parquet_residential_short_202512_res_MT,119460-4.parquet,1
uhs8_1247--udt7252,parquet_residential_short_202512_res_MT,121985-4.parquet,1
uhs8_1247--udt7252,parquet_residential_short_202512_res_MT,126858-4.parquet,2
uhs8_1247--udt7252,parquet_residential_short_202512_res_MT,131145-4.parquet,12
uhs8_1247--udt7252,parquet_residential_short_202512_res_MT,136303-4.parquet,1
uhs8_1247--udt7252,parquet_residential_short_202512_res_MT,136309-4.parquet,2
uhs8_1247--udt7252,parquet_residential_short_202512_res_MT,138494-4.parquet,14
uhs8_1247--udt7252,parquet_residential_short_202512_res_MT,140071-4.parquet,8
uhs8_1247--udt7252,parquet_residential_short_202512_res_MT,142544-4.parquet,1
uhs8_1247--udt7252,parquet_residential_short_202512_res_MT,144965-4.parquet,2
uhs8_1247--udt7252,parquet_residential_short_202512_res_MT,149272-4.parquet,2
uhs8_1247--udt7252,parquet_residential_short_202512_res_MT,154106-4.parquet,18
uhs8_1247--udt7252,parquet_residential_short_202512_res_MT,158072-4.parquet,1
uhs8_1247--udt7252,parquet_residential_short_202512_res_MT,162253-4.parquet,17
uhs8_1247--udt7252,parquet_residential_short_202512_res_MT,172290-4.parquet,1
uhs8_1247--udt7252,parquet_residential_short_202512_res_MT,180039-4.parquet,2
uhs8_1247--udt7252,parquet_residential_short_202512_res_MT,183427-4.parquet,3
uhs8_1247--udt7252,parquet_residential_short_202512_res_MT,185745-4.parquet,46
uhs8_1247--udt7252,parquet_residential_short_202512_res_MT,203702-4.parquet,2
uhs8_1247--udt7252,parquet_residential_short_202512_res_MT,208538-4.parquet,1
uhs8_1247--udt7252,parquet_residential_short_202512_res_MT,209507-4.parquet,1
uhs8_1247--udt7252,parquet_residential_short_202512_res_MT,210194-4.parquet,15
uhs8_1247--udt7252,parquet_residential_short_202512_res_MT,211030-4.parquet,1
uhs8_1247--udt7252,parquet_residential_short_202512_res_MT,214774-4.parquet,1
uhs8_1247--udt7252,parquet_residential_short_202512_res_MT,215981-4.parquet,1
uhs8_1247--udt7252,parquet_residential_short_202512_res_MT,216380-4.parquet,1
uhs8_1247--udt7252,parquet_residential_short_202512_res_MT,217886-4.parquet,1
uhs8_1247--udt7252,parquet_residential_short_202512_res_MT,22595-4.parquet,2
uhs8_1247--udt7252,parquet_residential_short_202512_res_MT,226832-4.parquet,3
uhs8_1247--udt7252,parquet_residential_short_202512_res_MT,229622-4.parquet,3
uhs8_1247--udt7252,parquet_residential_short_202512_res_MT,255145-4.parquet,1
uhs8_1247--udt7252,parquet_residential_short_202512_res_MT,256192-4.parquet,3
uhs8_1247--udt7252,parquet_residential_short_202512_res_MT,276587-4.parquet,105
uhs8_1247--udt7252,parquet_residential_short_202512_res_MT,277210-4.parquet,3
uhs8_1247--udt7252,parquet_residential_short_202512_res_MT,278604-4.parquet,1
uhs8_1247--udt7252,parquet_residential_short_202512_res_MT,283213-4.parquet,1
uhs8_1247--udt7252,parquet_residential_short_202512_res_MT,305252-4.parquet,1
uhs8_1247--udt7252,parquet_residential_short_202512_res_MT,307734-4.parquet,1
uhs8_1247--udt7252,parquet_residential_short_202512_res_MT,311002-4.parquet,9
uhs8_1247--udt7252,parquet_residential_short_202512_res_MT,314691-4.parquet,1
uhs8_1247--udt7252,parquet_residential_short_202512_res_MT,321643-4.parquet,1
uhs8_1247--udt7252,parquet_residential_short_202512_res_MT,322241-4.parquet,1
uhs8_1247--udt7252,parquet_residential_short_202512_res_MT,325203-4.parquet,6
uhs8_1247--udt7252,parquet_residential_short_202512_res_MT,326339-4.parquet,1
uhs8_1247--udt7252,parquet_residential_short_202512_res_MT,338150-4.parquet,25
uhs8_1247--udt7252,parquet_residential_short_202512_res_MT,338628-4.parquet,1
uhs8_1247--udt7252,parquet_residential_short_202512_res_MT,339121-4.parquet,3
uhs8_1247--udt7252,parquet_residential_short_202512_res_MT,341617-4.parquet,16
uhs8_1247--udt7252,parquet_residential_short_202512_res_MT,343012-4.parquet,1
uhs8_1247--udt7252,parquet_residential_short_202512_res_MT,345764-4.parquet,1
uhs8_1247--udt7252,parquet_residential_short_202512_res_MT,370023-4.parquet,1
uhs8_1247--udt7252,parquet_residential_short_202512_res_MT,394476-4.parquet,1
uhs8_1247--udt7252,parquet_residential_short_202512_res_MT,401600-4.parquet,31
uhs8_1247--udt7252,parquet_residential_short_202512_res_MT,402646-4.parquet,2
uhs8_1247--udt7252,parquet_residential_short_202512_res_MT,405081-4.parquet,1
uhs8_1247--udt7252,parquet_residential_short_202512_res_MT,406640-4.parquet,3
uhs8_1247--udt7252,parquet_residential_short_202512_res_MT,42376-4.parquet,1
uhs8_1247--udt7252,parquet_residential_short_202512_res_MT,424723-4.parquet,5
uhs8_1247--udt7252,parquet_residential_short_202512_res_MT,427948-4.parquet,33
uhs8_1247--udt7252,parquet_residential_short_202512_res_MT,43358-4.parquet,6
uhs8_1247--udt7252,parquet_residential_short_202512_res_MT,433796-4.parquet,1
uhs8_1247--udt7252,parquet_residential_short_202512_res_MT,438998-4.parquet,1
uhs8_1247--udt7252,parquet_residential_short_202512_res_MT,442350-4.parquet,2
uhs8_1247--udt7252,parquet_residential_short_202512_res_MT,445835-4.parquet,2
uhs8_1247--udt7252,parquet_residential_short_202512_res_MT,448361-4.parquet,2
uhs8_1247--udt7252,parquet_residential_short_202512_res_MT,454505-4.parquet,2
uhs8_1247--udt7252,parquet_residential_short_202512_res_MT,458883-4.parquet,1
uhs8_1247--udt7252,parquet_residential_short_202512_res_MT,475383-4.parquet,1
uhs8_1247--udt7252,parquet_residential_short_202512_res_MT,476793-4.parquet,4
uhs8_1247--udt7252,parquet_residential_short_202512_res_MT,481916-4.parquet,2
uhs8_1247--udt7252,parquet_residential_short_202512_res_MT,484947-4.parquet,1
uhs8_1247--udt7252,parquet_residential_short_202512_res_MT,486410-4.parquet,18
uhs8_1247--udt7252,parquet_residential_short_202512_res_MT,492040-4.parquet,7
uhs8_1247--udt7252,parquet_residential_short_202512_res_MT,493524-4.parquet,3
uhs8_1247--udt7252,parquet_residential_short_202512_res_MT,494976-4.parquet,1
uhs8_1247--udt7252,parquet_residential_short_202512_res_MT,500436-4.parquet,1
uhs8_1247--udt7252,parquet_residential_short_202512_res_MT,500793-4.parquet,6
uhs8_1247--udt7252,parquet_residential_short_202512_res_MT,500992-4.parquet,2
uhs8_1247--udt7252,parquet_residential_short_202512_res_MT,501241-4.parquet,1
uhs8_1247--udt7252,parquet_residential_short_202512_res_MT,508034-4.parquet,5
uhs8_1247--udt7252,parquet_residential_short_202512_res_MT,513358-4.parquet,1
uhs8_1247--udt7252,parquet_residential_short_202512_res_MT,526430-4.parquet,2
uhs8_1247--udt7252,parquet_residential_short_202512_res_MT,527227-4.parquet,1
uhs8_1247--udt7252,parquet_residential_short_202512_res_MT,529425-4.parquet,4
uhs8_1247--udt7252,parquet_residential_short_202512_res_MT,535363-4.parquet,6
uhs8_1247--udt7252,parquet_residential_short_202512_res_MT,537910-4.parquet,4
uhs8_1247--udt7252,parquet_residential_short_202512_res_MT,543184-4.parquet,7
uhs8_1247--udt7252,parquet_residential_short_202512_res_MT,57772-4.parquet,5
uhs8_1247--udt7252,parquet_residential_short_202512_res_MT,58337-4.parquet,3
uhs8_1247--udt7252,parquet_residential_short_202512_res_MT,63328-4.parquet,9
uhs8_1247--udt7252,parquet_residential_short_202512_res_MT,64056-4.parquet,10
uhs8_1247--udt7252,parquet_residential_short_202512_res_MT,66138-4.parquet,5
uhs8_1247--udt7252,parquet_residential_short_202512_res_MT,81904-4.parquet,9
uhs8_1247--udt7252,parquet_residential_short_202512_res_MT,86159-4.parquet,14
uhs8_1247--udt7252,parquet_residential_short_202512_res_MT,88623-4.parquet,1
uhs8_1247--udt7252,parquet_residential_short_202512_res_MT,90560-4.parquet,4
uhs8_1247--udt7252,parquet_residential_short_202512_res_MT,9342-4.parquet,5
uhs8_1247--udt7252,parquet_residential_short_202512_res_MT,93871-4.parquet,5
uhs8_1247--udt7252,parquet_residential_short_202512_res_MT,97519-4.parquet,1
uhs8_1247--udt7252,parquet_residential_short_202512_res_MT,99076-4.parquet,4
uhs9_1247--udt11456,parquet_commercial_202512_comm_MT,184116-2.parquet,1
uhs9_1247--udt11456,parquet_commercial_202512_comm_MT,184270-9.parquet,1
uhs9_1247--udt11456,parquet_commercial_202512_comm_MT,184433-2.parquet,1
uhs9_1247--udt11456,parquet_commercial_202512_comm_MT,184505-2.parquet,1
uhs9_1247--udt11456,parquet_commercial_202512_comm_MT,184615-9.parquet,1
uhs9_1247--udt11456,parquet_commercial_202512_comm_MT,184637-9.parquet,1
uhs9_1247--udt11456,parquet_commercial_202512_comm_MT,184700-9.parquet,1
uhs9_1247--udt11456,parquet_commercial_202512_comm_MT,184717-9.parquet,4
uhs9_1247--udt11456,parquet_commercial_202512_comm_MT,184968-2.parquet,2
uhs9_1247--udt11456,parquet_residential_short_202512_res_MT,102854-4.parquet,53
uhs9_1247--udt11456,parquet_residential_short_202512_res_MT,106657-4.parquet,10
uhs9_1247--udt11456,parquet_residential_short_202512_res_MT,118797-4.parquet,1
uhs9_1247--udt11456,parquet_residential_short_202512_res_MT,119073-4.parquet,5
uhs9_1247--udt11456,parquet_residential_short_202512_res_MT,126858-4.parquet,1
uhs9_1247--udt11456,parquet_residential_short_202512_res_MT,131145-4.parquet,7
uhs9_1247--udt11456,parquet_residential_short_202512_res_MT,136309-4.parquet,7
uhs9_1247--udt11456,parquet_residential_short_202512_res_MT,138494-4.parquet,5
uhs9_1247--udt11456,parquet_residential_short_202512_res_MT,140071-4.parquet,9
uhs9_1247--udt11456,parquet_residential_short_202512_res_MT,142544-4.parquet,1
uhs9_1247--udt11456,parquet_residential_short_202512_res_MT,154106-4.parquet,4
uhs9_1247--udt11456,parquet_residential_short_202512_res_MT,157494-4.parquet,1
uhs9_1247--udt11456,parquet_residential_short_202512_res_MT,162253-4.parquet,32
uhs9_1247--udt11456,parquet_residential_short_202512_res_MT,170488-4.parquet,3
uhs9_1247--udt11456,parquet_residential_short_202512_res_MT,180039-4.parquet,4
uhs9_1247--udt11456,parquet_residential_short_202512_res_MT,183427-4.parquet,3
uhs9_1247--udt11456,parquet_residential_short_202512_res_MT,185745-4.parquet,37
uhs9_1247--udt11456,parquet_residential_short_202512_res_MT,203702-4.parquet,9
uhs9_1247--udt11456,parquet_residential_short_202512_res_MT,209507-4.parquet,1
uhs9_1247--udt11456,parquet_residential_short_202512_res_MT,210194-4.parquet,1
uhs9_1247--udt11456,parquet_residential_short_202512_res_MT,217886-4.parquet,1
uhs9_1247--udt11456,parquet_residential_short_202512_res_MT,226832-4.parquet,1
uhs9_1247--udt11456,parquet_residential_short_202512_res_MT,229622-4.parquet,3
uhs9_1247--udt11456,parquet_residential_short_202512_res_MT,234488-4.parquet,5
uhs9_1247--udt11456,parquet_residential_short_202512_res_MT,275870-4.parquet,1
uhs9_1247--udt11456,parquet_residential_short_202512_res_MT,276587-4.parquet,47
uhs9_1247--udt11456,parquet_residential_short_202512_res_MT,278604-4.parquet,1
uhs9_1247--udt11456,parquet_residential_short_202512_res_MT,311002-4.parquet,6
uhs9_1247--udt11456,parquet_residential_short_202512_res_MT,316244-4.parquet,2
uhs9_1247--udt11456,parquet_residential_short_202512_res_MT,321643-4.parquet,2
uhs9_1247--udt11456,parquet_residential_short_202512_res_MT,325203-4.parquet,1
uhs9_1247--udt11456,parquet_residential_short_202512_res_MT,326339-4.parquet,1
uhs9_1247--udt11456,parquet_residential_short_202512_res_MT,328292-4.parquet,1
uhs9_1247--udt11456,parquet_residential_short_202512_res_MT,338150-4.parquet,8
uhs9_1247--udt11456,parquet_residential_short_202512_res_MT,341617-4.parquet,5
uhs9_1247--udt11456,parquet_residential_short_202512_res_MT,358611-4.parquet,1
uhs9_1247--udt11456,parquet_residential_short_202512_res_MT,370023-4.parquet,2
uhs9_1247--udt11456,parquet_residential_short_202512_res_MT,401600-4.parquet,41
uhs9_1247--udt11456,parquet_residential_short_202512_res_MT,402646-4.parquet,2
uhs9_1247--udt11456,parquet_residential_short_202512_res_MT,405081-4.parquet,2
uhs9_1247--udt11456,parquet_residential_short_202512_res_MT,406640-4.parquet,11
uhs9_1247--udt11456,parquet_residential_short_202512_res_MT,423918-4.parquet,2
uhs9_1247--udt11456,parquet_residential_short_202512_res_MT,424723-4.parquet,3
uhs9_1247--udt11456,parquet_residential_short_202512_res_MT,427948-4.parquet,63
uhs9_1247--udt11456,parquet_residential_short_202512_res_MT,438998-4.parquet,3
uhs9_1247--udt11456,parquet_residential_short_202512_res_MT,445835-4.parquet,1
uhs9_1247--udt11456,parquet_residential_short_202512_res_MT,448361-4.parquet,1
uhs9_1247--udt11456,parquet_residential_short_202512_res_MT,454505-4.parquet,1
uhs9_1247--udt11456,parquet_residential_short_202512_res_MT,466189-4.parquet,2
uhs9_1247--udt11456,parquet_residential_short_202512_res_MT,476793-4.parquet,3
uhs9_1247--udt11456,parquet_residential_short_202512_res_MT,481916-4.parquet,2
uhs9_1247--udt11456,parquet_residential_short_202512_res_MT,486410-4.parquet,7
uhs9_1247--udt11456,parquet_residential_short_202512_res_MT,489576-4.parquet,2
uhs9_1247--udt11456,parquet_residential_short_202512_res_MT,490684-4.parquet,1
uhs9_1247--udt11456,parquet_residential_short_202512_res_MT,492040-4.parquet,4
uhs9_1247--udt11456,parquet_residential_short_202512_res_MT,493524-4.parquet,1
uhs9_1247--udt11456,parquet_residential_short_202512_res_MT,500793-4.parquet,1
uhs9_1247--udt11456,parquet_residential_short_202512_res_MT,500992-4.parquet,1
uhs9_1247--udt11456,parquet_residential_short_202512_res_MT,513358-4.parquet,3
uhs9_1247--udt11456,parquet_residential_short_202512_res_MT,527227-4.parquet,3
uhs9_1247--udt11456,parquet_residential_short_202512_res_MT,529425-4.parquet,2
uhs9_1247--udt11456,parquet_residential_short_202512_res_MT,535363-4.parquet,3
uhs9_1247--udt11456,parquet_residential_short_202512_res_MT,537910-4.parquet,1
uhs9_1247--udt11456,parquet_residential_short_202512_res_MT,543184-4.parquet,6
uhs9_1247--udt11456,parquet_residential_short_202512_res_MT,57772-4.parquet,7
uhs9_1247--udt11456,parquet_residential_short_202512_res_MT,63328-4.parquet,5
uhs9_1247--udt11456,parquet_residential_short_202512_res_MT,64056-4.parquet,2
uhs9_1247--udt11456,parquet_residential_short_202512_res_MT,81904-4.parquet,5
uhs9_1247--udt11456,parquet_residential_short_202512_res_MT,86159-4.parquet,4
uhs9_1247--udt11456,parquet_residential_short_202512_res_MT,9342-4.parquet,1
uhs9_1247--udt11456,parquet_residential_short_202512_res_MT,93871-4.parquet,1
uhs9_1247--udt13714,parquet_commercial_202512_comm_MT,184157-2.parquet,1
uhs9_1247--udt13714,parquet_commercial_202512_comm_MT,184184-9.parquet,1
uhs9_1247--udt13714,parquet_commercial_202512_comm_MT,184207-2.parquet,1
uhs9_1247--udt13714,parquet_commercial_202512_comm_MT,184220-2.parquet,1
uhs9_1247--udt13714,parquet_commercial_202512_comm_MT,184288-2.parquet,10
uhs9_1247--udt13714,parquet_commercial_202512_comm_MT,184342-9.parquet,1
uhs9_1247--udt13714,parquet_commercial_202512_comm_MT,184451-2.parquet,2
uhs9_1247--udt13714,parquet_commercial_202512_comm_MT,184456-2.parquet,1
uhs9_1247--udt13714,parquet_commercial_202512_comm_MT,184481-9.parquet,3
uhs9_1247--udt13714,parquet_commercial_202512_comm_MT,184518-2.parquet,18
uhs9_1247--udt13714,parquet_commercial_202512_comm_MT,184530-2.parquet,1
uhs9_1247--udt13714,parquet_commercial_202512_comm_MT,184558-9.parquet,1
uhs9_1247--udt13714,parquet_commercial_202512_comm_MT,184587-2.parquet,1
uhs9_1247--udt13714,parquet_commercial_202512_comm_MT,184590-2.parquet,1
uhs9_1247--udt13714,parquet_commercial_202512_comm_MT,184596-9.parquet,2
uhs9_1247--udt13714,parquet_commercial_202512_comm_MT,184612-9.parquet,2
uhs9_1247--udt13714,parquet_commercial_202512_comm_MT,184687-2.parquet,1
uhs9_1247--udt13714,parquet_commercial_202512_comm_MT,184693-9.parquet,2
uhs9_1247--udt13714,parquet_commercial_202512_comm_MT,184700-9.parquet,1
uhs9_1247--udt13714,parquet_commercial_202512_comm_MT,184776-2.parquet,1
uhs9_1247--udt13714,parquet_commercial_202512_comm_MT,184799-2.parquet,1
uhs9_1247--udt13714,parquet_commercial_202512_comm_MT,184821-9.parquet,1
uhs9_1247--udt13714,parquet_commercial_202512_comm_MT,184873-2.parquet,1
uhs9_1247--udt13714,parquet_commercial_202512_comm_MT,184887-2.parquet,1
uhs9_1247--udt13714,parquet_commercial_202512_comm_MT,184929-2.parquet,2
uhs9_1247--udt13714,parquet_commercial_202512_comm_MT,184950-2.parquet,1
uhs9_1247--udt13714,parquet_commercial_202512_comm_MT,184953-9.parquet,1
uhs9_1247--udt13714,parquet_commercial_202512_comm_MT,185008-9.parquet,1
uhs9_1247--udt14110,parquet_commercial_202512_comm_MT,184108-2.parquet,1
uhs9_1247--udt14110,parquet_commercial_202512_comm_MT,184116-2.parquet,6
uhs9_1247--udt14110,parquet_commercial_202512_comm_MT,184147-9.parquet,6
uhs9_1247--udt14110,parquet_commercial_202512_comm_MT,184151-2.parquet,1
uhs9_1247--udt14110,parquet_commercial_202512_comm_MT,184154-2.parquet,8
uhs9_1247--udt14110,parquet_commercial_202512_comm_MT,184157-2.parquet,1
uhs9_1247--udt14110,parquet_commercial_202512_comm_MT,184172-2.parquet,1
uhs9_1247--udt14110,parquet_commercial_202512_comm_MT,184184-9.parquet,1
uhs9_1247--udt14110,parquet_commercial_202512_comm_MT,184193-2.parquet,1
uhs9_1247--udt14110,parquet_commercial_202512_comm_MT,184202-2.parquet,1
uhs9_1247--udt14110,parquet_commercial_202512_comm_MT,184220-2.parquet,14
uhs9_1247--udt14110,parquet_commercial_202512_comm_MT,184223-2.parquet,1
uhs9_1247--udt14110,parquet_commercial_202512_comm_MT,184262-2.parquet,1
uhs9_1247--udt14110,parquet_commercial_202512_comm_MT,184287-9.parquet,1
uhs9_1247--udt14110,parquet_commercial_202512_comm_MT,184288-2.parquet,5
uhs9_1247--udt14110,parquet_commercial_202512_comm_MT,184313-2.parquet,1
uhs9_1247--udt14110,parquet_commercial_202512_comm_MT,184315-2.parquet,21
uhs9_1247--udt14110,parquet_commercial_202512_comm_MT,184342-9.parquet,1
uhs9_1247--udt14110,parquet_commercial_202512_comm_MT,184361-9.parquet,1
uhs9_1247--udt14110,parquet_commercial_202512_comm_MT,184365-2.parquet,1
uhs9_1247--udt14110,parquet_commercial_202512_comm_MT,184377-2.parquet,1
uhs9_1247--udt14110,parquet_commercial_202512_comm_MT,184387-2.parquet,1
uhs9_1247--udt14110,parquet_commercial_202512_comm_MT,184391-9.parquet,1
uhs9_1247--udt14110,parquet_commercial_202512_comm_MT,184432-9.parquet,1
uhs9_1247--udt14110,parquet_commercial_202512_comm_MT,184433-2.parquet,4
uhs9_1247--udt14110,parquet_commercial_202512_comm_MT,184456-2.parquet,2
uhs9_1247--udt14110,parquet_commercial_202512_comm_MT,184481-9.parquet,1
uhs9_1247--udt14110,parquet_commercial_202512_comm_MT,184492-2.parquet,10
uhs9_1247--udt14110,parquet_commercial_202512_comm_MT,184508-2.parquet,1
uhs9_1247--udt14110,parquet_commercial_202512_comm_MT,184518-2.parquet,19
uhs9_1247--udt14110,parquet_commercial_202512_comm_MT,184581-9.parquet,2
uhs9_1247--udt14110,parquet_commercial_202512_comm_MT,184596-9.parquet,1
uhs9_1247--udt14110,parquet_commercial_202512_comm_MT,184616-2.parquet,1
uhs9_1247--udt14110,parquet_commercial_202512_comm_MT,184617-2.parquet,1
uhs9_1247--udt14110,parquet_commercial_202512_comm_MT,184619-9.parquet,2
uhs9_1247--udt14110,parquet_commercial_202512_comm_MT,184637-9.parquet,1
uhs9_1247--udt14110,parquet_commercial_202512_comm_MT,184646-9.parquet,1
uhs9_1247--udt14110,parquet_commercial_202512_comm_MT,184664-9.parquet,1
uhs9_1247--udt14110,parquet_commercial_202512_comm_MT,184687-2.parquet,3
uhs9_1247--udt14110,parquet_commercial_202512_comm_MT,184693-9.parquet,2
uhs9_1247--udt14110,parquet_commercial_202512_comm_MT,184700-9.parquet,3
uhs9_1247--udt14110,parquet_commercial_202512_comm_MT,184704-2.parquet,1
uhs9_1247--udt14110,parquet_commercial_202512_comm_MT,184706-2.parquet,2
uhs9_1247--udt14110,parquet_commercial_202512_comm_MT,184717-9.parquet,6
uhs9_1247--udt14110,parquet_commercial_202512_comm_MT,184727-2.parquet,1
uhs9_1247--udt14110,parquet_commercial_202512_comm_MT,184732-2.parquet,2
uhs9_1247--udt14110,parquet_commercial_202512_comm_MT,184735-2.parquet,2
uhs9_1247--udt14110,parquet_commercial_202512_comm_MT,184737-2.parquet,1
uhs9_1247--udt14110,parquet_commercial_202512_comm_MT,184763-2.parquet,3
uhs9_1247--udt14110,parquet_commercial_202512_comm_MT,184767-2.parquet,1
uhs9_1247--udt14110,parquet_commercial_202512_comm_MT,184772-2.parquet,1
uhs9_1247--udt14110,parquet_commercial_202512_comm_MT,184776-2.parquet,1
uhs9_1247--udt14110,parquet_commercial_202512_comm_MT,184782-2.parquet,1
uhs9_1247--udt14110,parquet_commercial_202512_comm_MT,184805-2.parquet,1
uhs9_1247--udt14110,parquet_commercial_202512_comm_MT,184823-2.parquet,1
uhs9_1247--udt14110,parquet_commercial_202512_comm_MT,184831-9.parquet,4
uhs9_1247--udt14110,parquet_commercial_202512_comm_MT,184835-2.parquet,1
uhs9_1247--udt14110,parquet_commercial_202512_comm_MT,184849-9.parquet,1
uhs9_1247--udt14110,parquet_commercial_202512_comm_MT,184857-9.parquet,5
uhs9_1247--udt14110,parquet_commercial_202512_comm_MT,184858-9.parquet,1
uhs9_1247--udt14110,parquet_commercial_202512_comm_MT,184887-2.parquet,1
uhs9_1247--udt14110,parquet_commercial_202512_comm_MT,184920-2.parquet,1
uhs9_1247--udt14110,parquet_commercial_202512_comm_MT,184929-2.parquet,2
uhs9_1247--udt14110,parquet_commercial_202512_comm_MT,184935-2.parquet,1
uhs9_1247--udt14110,parquet_commercial_202512_comm_MT,184942-9.parquet,1
uhs9_1247--udt14110,parquet_commercial_202512_comm_MT,184950-2.parquet,1
uhs9_1247--udt14110,parquet_commercial_202512_comm_MT,184953-9.parquet,2
uhs9_1247--udt14110,parquet_commercial_202512_comm_MT,184983-2.parquet,1
uhs9_1247--udt14110,parquet_commercial_202512_comm_MT,185005-9.parquet,1
uhs9_1247--udt14110,parquet_commercial_202512_comm_MT,185008-9.parquet,1
uhs9_1247--udt14110,parquet_commercial_202512_comm_MT,185010-2.parquet,3
uhs9_1247--udt14110,parquet_commercial_202512_comm_MT,185015-2.parquet,1
uhs9_1247--udt14110,parquet_commercial_202512_comm_MT,185024-9.parquet,1
uhs9_1247--udt14110,parquet_residential_short_202512_res_MT,102182-4.parquet,1
uhs9_1247--udt14110,parquet_residential_short_202512_res_MT,102854-4.parquet,51
uhs9_1247--udt14110,parquet_residential_short_202512_res_MT,106657-4.parquet,7
uhs9_1247--udt14110,parquet_residential_short_202512_res_MT,108254-4.parquet,1
uhs9_1247--udt14110,parquet_residential_short_202512_res_MT,118797-4.parquet,2
uhs9_1247--udt14110,parquet_residential_short_202512_res_MT,119073-4.parquet,6
uhs9_1247--udt14110,parquet_residential_short_202512_res_MT,119460-4.parquet,1
uhs9_1247--udt14110,parquet_residential_short_202512_res_MT,121985-4.parquet,10
uhs9_1247--udt14110,parquet_residential_short_202512_res_MT,131145-4.parquet,3
uhs9_1247--udt14110,parquet_residential_short_202512_res_MT,136309-4.parquet,4
uhs9_1247--udt14110,parquet_residential_short_202512_res_MT,138494-4.parquet,4
uhs9_1247--udt14110,parquet_residential_short_202512_res_MT,140071-4.parquet,9
uhs9_1247--udt14110,parquet_residential_short_202512_res_MT,142544-4.parquet,3
uhs9_1247--udt14110,parquet_residential_short_202512_res_MT,147301-4.parquet,1
uhs9_1247--udt14110,parquet_residential_short_202512_res_MT,150214-4.parquet,1
uhs9_1247--udt14110,parquet_residential_short_202512_res_MT,153454-4.parquet,8
uhs9_1247--udt14110,parquet_residential_short_202512_res_MT,154106-4.parquet,5
uhs9_1247--udt14110,parquet_residential_short_202512_res_MT,156064-4.parquet,1
uhs9_1247--udt14110,parquet_residential_short_202512_res_MT,156849-4.parquet,4
uhs9_1247--udt14110,parquet_residential_short_202512_res_MT,162253-4.parquet,33
uhs9_1247--udt14110,parquet_residential_short_202512_res_MT,170488-4.parquet,2
uhs9_1247--udt14110,parquet_residential_short_202512_res_MT,180039-4.parquet,31
uhs9_1247--udt14110,parquet_residential_short_202512_res_MT,183427-4.parquet,1
uhs9_1247--udt14110,parquet_residential_short_202512_res_MT,185745-4.parquet,51
uhs9_1247--udt14110,parquet_residential_short_202512_res_MT,203702-4.parquet,6
uhs9_1247--udt14110,parquet_residential_short_202512_res_MT,20806-4.parquet,6
uhs9_1247--udt14110,parquet_residential_short_202512_res_MT,210194-4.parquet,2
uhs9_1247--udt14110,parquet_residential_short_202512_res_MT,215981-4.parquet,4
uhs9_1247--udt14110,parquet_residential_short_202512_res_MT,216380-4.parquet,1
uhs9_1247--udt14110,parquet_residential_short_202512_res_MT,217886-4.parquet,1
uhs9_1247--udt14110,parquet_residential_short_202512_res_MT,22595-4.parquet,1
uhs9_1247--udt14110,parquet_residential_short_202512_res_MT,226832-4.parquet,2
uhs9_1247--udt14110,parquet_residential_short_202512_res_MT,229622-4.parquet,1
uhs9_1247--udt14110,parquet_residential_short_202512_res_MT,234488-4.parquet,2
uhs9_1247--udt14110,parquet_residential_short_202512_res_MT,239542-4.parquet,1
uhs9_1247--udt14110,parquet_residential_short_202512_res_MT,251857-4.parquet,3
uhs9_1247--udt14110,parquet_residential_short_202512_res_MT,255145-4.parquet,1
uhs9_1247--udt14110,parquet_residential_short_202512_res_MT,256192-4.parquet,2
uhs9_1247--udt14110,parquet_residential_short_202512_res_MT,257610-4.parquet,1
uhs9_1247--udt14110,parquet_residential_short_202512_res_MT,276587-4.parquet,37
uhs9_1247--udt14110,parquet_residential_short_202512_res_MT,277210-4.parquet,2
uhs9_1247--udt14110,parquet_residential_short_202512_res_MT,278604-4.parquet,4
uhs9_1247--udt14110,parquet_residential_short_202512_res_MT,27882-4.parquet,20
uhs9_1247--udt14110,parquet_residential_short_202512_res_MT,305252-4.parquet,2
uhs9_1247--udt14110,parquet_residential_short_202512_res_MT,311002-4.parquet,5
uhs9_1247--udt14110,parquet_residential_short_202512_res_MT,314691-4.parquet,1
uhs9_1247--udt14110,parquet_residential_short_202512_res_MT,314702-4.parquet,1
uhs9_1247--udt14110,parquet_residential_short_202512_res_MT,321643-4.parquet,2
uhs9_1247--udt14110,parquet_residential_short_202512_res_MT,322241-4.parquet,1
uhs9_1247--udt14110,parquet_residential_short_202512_res_MT,325203-4.parquet,2
uhs9_1247--udt14110,parquet_residential_short_202512_res_MT,341617-4.parquet,11
uhs9_1247--udt14110,parquet_residential_short_202512_res_MT,343012-4.parquet,1
uhs9_1247--udt14110,parquet_residential_short_202512_res_MT,345764-4.parquet,1
uhs9_1247--udt14110,parquet_residential_short_202512_res_MT,358611-4.parquet,4
uhs9_1247--udt14110,parquet_residential_short_202512_res_MT,370023-4.parquet,1
uhs9_1247--udt14110,parquet_residential_short_202512_res_MT,371830-4.parquet,3
uhs9_1247--udt14110,parquet_residential_short_202512_res_MT,372987-4.parquet,1
uhs9_1247--udt14110,parquet_residential_short_202512_res_MT,387501-4.parquet,1
uhs9_1247--udt14110,parquet_residential_short_202512_res_MT,393147-4.parquet,4
uhs9_1247--udt14110,parquet_residential_short_202512_res_MT,394476-4.parquet,2
uhs9_1247--udt14110,parquet_residential_short_202512_res_MT,401600-4.parquet,59
uhs9_1247--udt14110,parquet_residential_short_202512_res_MT,402646-4.parquet,4
uhs9_1247--udt14110,parquet_residential_short_202512_res_MT,406640-4.parquet,15
uhs9_1247--udt14110,parquet_residential_short_202512_res_MT,410527-4.parquet,3
uhs9_1247--udt14110,parquet_residential_short_202512_res_MT,411750-4.parquet,1
uhs9_1247--udt14110,parquet_residential_short_202512_res_MT,42376-4.parquet,6
uhs9_1247--udt14110,parquet_residential_short_202512_res_MT,424723-4.parquet,22
uhs9_1247--udt14110,parquet_residential_short_202512_res_MT,427948-4.parquet,56
uhs9_1247--udt14110,parquet_residential_short_202512_res_MT,438998-4.parquet,1
uhs9_1247--udt14110,parquet_residential_short_202512_res_MT,466189-4.parquet,4
uhs9_1247--udt14110,parquet_residential_short_202512_res_MT,468325-4.parquet,4
uhs9_1247--udt14110,parquet_residential_short_202512_res_MT,471837-4.parquet,16
uhs9_1247--udt14110,parquet_residential_short_202512_res_MT,475383-4.parquet,1
uhs9_1247--udt14110,parquet_residential_short_202512_res_MT,476793-4.parquet,9
uhs9_1247--udt14110,parquet_residential_short_202512_res_MT,481916-4.parquet,6
uhs9_1247--udt14110,parquet_residential_short_202512_res_MT,486032-4.parquet,5
uhs9_1247--udt14110,parquet_residential_short_202512_res_MT,486410-4.parquet,6
uhs9_1247--udt14110,parquet_residential_short_202512_res_MT,486622-4.parquet,5
uhs9_1247--udt14110,parquet_residential_short_202512_res_MT,490684-4.parquet,4
uhs9_1247--udt14110,parquet_residential_short_202512_res_MT,492040-4.parquet,3
uhs9_1247--udt14110,parquet_residential_short_202512_res_MT,493524-4.parquet,3
uhs9_1247--udt14110,parquet_residential_short_202512_res_MT,494052-4.parquet,2
uhs9_1247--udt14110,parquet_residential_short_202512_res_MT,494976-4.parquet,3
uhs9_1247--udt14110,parquet_residential_short_202512_res_MT,500436-4.parquet,1
uhs9_1247--udt14110,parquet_residential_short_202512_res_MT,500793-4.parquet,4
uhs9_1247--udt14110,parquet_residential_short_202512_res_MT,500992-4.parquet,9
uhs9_1247--udt14110,parquet_residential_short_202512_res_MT,508034-4.parquet,2
uhs9_1247--udt14110,parquet_residential_short_202512_res_MT,513358-4.parquet,3
uhs9_1247--udt14110,parquet_residential_short_202512_res_MT,514429-4.parquet,22
uhs9_1247--udt14110,parquet_residential_short_202512_res_MT,527227-4.parquet,3
uhs9_1247--udt14110,parquet_residential_short_202512_res_MT,529425-4.parquet,20
uhs9_1247--udt14110,parquet_residential_short_202512_res_MT,535363-4.parquet,3
uhs9_1247--udt14110,parquet_residential_short_202512_res_MT,543184-4.parquet,4
uhs9_1247--udt14110,parquet_residential_short_202512_res_MT,544168-4.parquet,2
uhs9_1247--udt14110,parquet_residential_short_202512_res_MT,57049-4.parquet,1
uhs9_1247--udt14110,parquet_residential_short_202512_res_MT,57772-4.parquet,5
uhs9_1247--udt14110,parquet_residential_short_202512_res_MT,58700-4.parquet,1
uhs9_1247--udt14110,parquet_residential_short_202512_res_MT,63328-4.parquet,2
uhs9_1247--udt14110,parquet_residential_short_202512_res_MT,64056-4.parquet,11
uhs9_1247--udt14110,parquet_residential_short_202512_res_MT,64092-4.parquet,1
uhs9_1247--udt14110,parquet_residential_short_202512_res_MT,66138-4.parquet,10
uhs9_1247--udt14110,parquet_residential_short_202512_res_MT,68619-4.parquet,1
uhs9_1247--udt14110,parquet_residential_short_202512_res_MT,81904-4.parquet,1
uhs9_1247--udt14110,parquet_residential_short_202512_res_MT,86159-4.parquet,5
uhs9_1247--udt14110,parquet_residential_short_202512_res_MT,88623-4.parquet,1
uhs9_1247--udt14110,parquet_residential_short_202512_res_MT,93871-4.parquet,14
uhs9_1247--udt14110,parquet_residential_short_202512_res_MT,94199-4.parquet,2
uhs9_1247--udt14110,parquet_residential_short_202512_res_MT,97519-4.parquet,1
uhs9_1247--udt14110,parquet_residential_short_202512_res_MT,99076-4.parquet,2
uhs9_1247--udt16813,parquet_commercial_202512_comm_MT,184120-2.parquet,1
uhs9_1247--udt16813,parquet_commercial_202512_comm_MT,184124-2.parquet,1
uhs9_1247--udt16813,parquet_commercial_202512_comm_MT,184142-2.parquet,1
uhs9_1247--udt16813,parquet_commercial_202512_comm_MT,184151-2.parquet,1
uhs9_1247--udt16813,parquet_commercial_202512_comm_MT,184154-2.parquet,2
uhs9_1247--udt16813,parquet_commercial_202512_comm_MT,184202-2.parquet,1
uhs9_1247--udt16813,parquet_commercial_202512_comm_MT,184220-2.parquet,2
uhs9_1247--udt16813,parquet_commercial_202512_comm_MT,184280-9.parquet,1
uhs9_1247--udt16813,parquet_commercial_202512_comm_MT,184287-9.parquet,2
uhs9_1247--udt16813,parquet_commercial_202512_comm_MT,184288-2.parquet,1
uhs9_1247--udt16813,parquet_commercial_202512_comm_MT,184433-2.parquet,1
uhs9_1247--udt16813,parquet_commercial_202512_comm_MT,184444-2.parquet,2
uhs9_1247--udt16813,parquet_commercial_202512_comm_MT,184456-2.parquet,2
uhs9_1247--udt16813,parquet_commercial_202512_comm_MT,184481-9.parquet,1
uhs9_1247--udt16813,parquet_commercial_202512_comm_MT,184518-2.parquet,16
uhs9_1247--udt16813,parquet_commercial_202512_comm_MT,184527-9.parquet,2
uhs9_1247--udt16813,parquet_commercial_202512_comm_MT,184544-2.parquet,1
uhs9_1247--udt16813,parquet_commercial_202512_comm_MT,184616-2.parquet,2
uhs9_1247--udt16813,parquet_commercial_202512_comm_MT,184652-9.parquet,1
uhs9_1247--udt16813,parquet_commercial_202512_comm_MT,184693-9.parquet,1
uhs9_1247--udt16813,parquet_commercial_202512_comm_MT,184700-9.parquet,1
uhs9_1247--udt16813,parquet_commercial_202512_comm_MT,184717-9.parquet,2
uhs9_1247--udt16813,parquet_commercial_202512_comm_MT,184772-2.parquet,1
uhs9_1247--udt16813,parquet_commercial_202512_comm_MT,184776-2.parquet,1
uhs9_1247--udt16813,parquet_commercial_202512_comm_MT,184954-2.parquet,1
uhs9_1247--udt16813,parquet_commercial_202512_comm_MT,184983-2.parquet,1
uhs9_1247--udt16813,parquet_residential_short_202512_res_MT,102182-4.parquet,1
uhs9_1247--udt16813,parquet_residential_short_202512_res_MT,102854-4.parquet,28
uhs9_1247--udt16813,parquet_residential_short_202512_res_MT,106657-4.parquet,4
uhs9_1247--udt16813,parquet_residential_short_202512_res_MT,119073-4.parquet,2
uhs9_1247--udt16813,parquet_residential_short_202512_res_MT,119460-4.parquet,1
uhs9_1247--udt16813,parquet_residential_short_202512_res_MT,131145-4.parquet,3
uhs9_1247--udt16813,parquet_residential_short_202512_res_MT,136309-4.parquet,2
uhs9_1247--udt16813,parquet_residential_short_202512_res_MT,138494-4.parquet,4
uhs9_1247--udt16813,parquet_residential_short_202512_res_MT,140071-4.parquet,5
uhs9_1247--udt16813,parquet_residential_short_202512_res_MT,154106-4.parquet,2
uhs9_1247--udt16813,parquet_residential_short_202512_res_MT,162253-4.parquet,28
uhs9_1247--udt16813,parquet_residential_short_202512_res_MT,180039-4.parquet,1
uhs9_1247--udt16813,parquet_residential_short_202512_res_MT,183427-4.parquet,4
uhs9_1247--udt16813,parquet_residential_short_202512_res_MT,185745-4.parquet,37
uhs9_1247--udt16813,parquet_residential_short_202512_res_MT,203702-4.parquet,1
uhs9_1247--udt16813,parquet_residential_short_202512_res_MT,209507-4.parquet,2
uhs9_1247--udt16813,parquet_residential_short_202512_res_MT,210194-4.parquet,1
uhs9_1247--udt16813,parquet_residential_short_202512_res_MT,211030-4.parquet,1
uhs9_1247--udt16813,parquet_residential_short_202512_res_MT,215981-4.parquet,2
uhs9_1247--udt16813,parquet_residential_short_202512_res_MT,217886-4.parquet,1
uhs9_1247--udt16813,parquet_residential_short_202512_res_MT,234488-4.parquet,1
uhs9_1247--udt16813,parquet_residential_short_202512_res_MT,276587-4.parquet,11
uhs9_1247--udt16813,parquet_residential_short_202512_res_MT,277210-4.parquet,3
uhs9_1247--udt16813,parquet_residential_short_202512_res_MT,278604-4.parquet,4
uhs9_1247--udt16813,parquet_residential_short_202512_res_MT,311002-4.parquet,1
uhs9_1247--udt16813,parquet_residential_short_202512_res_MT,316244-4.parquet,1
uhs9_1247--udt16813,parquet_residential_short_202512_res_MT,324393-4.parquet,2
uhs9_1247--udt16813,parquet_residential_short_202512_res_MT,338150-4.parquet,2
uhs9_1247--udt16813,parquet_residential_short_202512_res_MT,341617-4.parquet,4
uhs9_1247--udt16813,parquet_residential_short_202512_res_MT,370023-4.parquet,1
uhs9_1247--udt16813,parquet_residential_short_202512_res_MT,401600-4.parquet,29
uhs9_1247--udt16813,parquet_residential_short_202512_res_MT,406640-4.parquet,6
uhs9_1247--udt16813,parquet_residential_short_202512_res_MT,418448-4.parquet,1
uhs9_1247--udt16813,parquet_residential_short_202512_res_MT,427948-4.parquet,30
uhs9_1247--udt16813,parquet_residential_short_202512_res_MT,43358-4.parquet,1
uhs9_1247--udt16813,parquet_residential_short_202512_res_MT,458883-4.parquet,1
uhs9_1247--udt16813,parquet_residential_short_202512_res_MT,466189-4.parquet,1
uhs9_1247--udt16813,parquet_residential_short_202512_res_MT,475383-4.parquet,1
uhs9_1247--udt16813,parquet_residential_short_202512_res_MT,476793-4.parquet,1
uhs9_1247--udt16813,parquet_residential_short_202512_res_MT,481916-4.parquet,3
uhs9_1247--udt16813,parquet_residential_short_202512_res_MT,486410-4.parquet,2
uhs9_1247--udt16813,parquet_residential_short_202512_res_MT,489576-4.parquet,1
uhs9_1247--udt16813,parquet_residential_short_202512_res_MT,492040-4.parquet,1
uhs9_1247--udt16813,parquet_residential_short_202512_res_MT,514429-4.parquet,1
uhs9_1247--udt16813,parquet_residential_short_202512_res_MT,529425-4.parquet,8
uhs9_1247--udt16813,parquet_residential_short_202512_res_MT,535363-4.parquet,2
uhs9_1247--udt16813,parquet_residential_short_202512_res_MT,543184-4.parquet,3
uhs9_1247--udt16813,parquet_residential_short_202512_res_MT,57772-4.parquet,2
uhs9_1247--udt16813,parquet_residential_short_202512_res_MT,63328-4.parquet,5
uhs9_1247--udt16813,parquet_residential_short_202512_res_MT,64056-4.parquet,5
uhs9_1247--udt16813,parquet_residential_short_202512_res_MT,66138-4.parquet,1
uhs9_1247--udt16813,parquet_residential_short_202512_res_MT,84355-4.parquet,1
uhs9_1247--udt16813,parquet_residential_short_202512_res_MT,86159-4.parquet,3
uhs9_1247--udt16813,parquet_residential_short_202512_res_MT,99076-4.parquet,3
uhs9_1247--udt2508,parquet_commercial_202512_comm_MT,184116-2.parquet,6
uhs9_1247--udt2508,parquet_commercial_202512_comm_MT,184120-2.parquet,1
uhs9_1247--udt2508,parquet_commercial_202512_comm_MT,184147-9.parquet,10
uhs9_1247--udt2508,parquet_commercial_202512_comm_MT,184154-2.parquet,2
uhs9_1247--udt2508,parquet_commercial_202512_comm_MT,184172-2.parquet,1
uhs9_1247--udt2508,parquet_commercial_202512_comm_MT,184181-9.parquet,1
uhs9_1247--udt2508,parquet_commercial_202512_comm_MT,184182-2.parquet,1
uhs9_1247--udt2508,parquet_commercial_202512_comm_MT,184220-2.parquet,4
uhs9_1247--udt2508,parquet_commercial_202512_comm_MT,184241-9.parquet,1
uhs9_1247--udt2508,parquet_commercial_202512_comm_MT,184261-2.parquet,2
uhs9_1247--udt2508,parquet_commercial_202512_comm_MT,184288-2.parquet,4
uhs9_1247--udt2508,parquet_commercial_202512_comm_MT,184315-2.parquet,6
uhs9_1247--udt2508,parquet_commercial_202512_comm_MT,184336-9.parquet,1
uhs9_1247--udt2508,parquet_commercial_202512_comm_MT,184367-9.parquet,2
uhs9_1247--udt2508,parquet_commercial_202512_comm_MT,184382-9.parquet,1
uhs9_1247--udt2508,parquet_commercial_202512_comm_MT,184387-2.parquet,1
uhs9_1247--udt2508,parquet_commercial_202512_comm_MT,184391-9.parquet,1
uhs9_1247--udt2508,parquet_commercial_202512_comm_MT,184394-9.parquet,3
uhs9_1247--udt2508,parquet_commercial_202512_comm_MT,184397-2.parquet,1
uhs9_1247--udt2508,parquet_commercial_202512_comm_MT,184401-9.parquet,1
uhs9_1247--udt2508,parquet_commercial_202512_comm_MT,184413-2.parquet,1
uhs9_1247--udt2508,parquet_commercial_202512_comm_MT,184433-2.parquet,1
uhs9_1247--udt2508,parquet_commercial_202512_comm_MT,184451-2.parquet,1
uhs9_1247--udt2508,parquet_commercial_202512_comm_MT,184481-9.parquet,4
uhs9_1247--udt2508,parquet_commercial_202512_comm_MT,184495-2.parquet,1
uhs9_1247--udt2508,parquet_commercial_202512_comm_MT,184508-2.parquet,6
uhs9_1247--udt2508,parquet_commercial_202512_comm_MT,184510-2.parquet,2
uhs9_1247--udt2508,parquet_commercial_202512_comm_MT,184518-2.parquet,81
uhs9_1247--udt2508,parquet_commercial_202512_comm_MT,184544-2.parquet,3
uhs9_1247--udt2508,parquet_commercial_202512_comm_MT,184560-2.parquet,1
uhs9_1247--udt2508,parquet_commercial_202512_comm_MT,184561-9.parquet,1
uhs9_1247--udt2508,parquet_commercial_202512_comm_MT,184586-9.parquet,1
uhs9_1247--udt2508,parquet_commercial_202512_comm_MT,184596-9.parquet,2
uhs9_1247--udt2508,parquet_commercial_202512_comm_MT,184603-2.parquet,1
uhs9_1247--udt2508,parquet_commercial_202512_comm_MT,184612-9.parquet,2
uhs9_1247--udt2508,parquet_commercial_202512_comm_MT,184616-2.parquet,4
uhs9_1247--udt2508,parquet_commercial_202512_comm_MT,184617-2.parquet,5
uhs9_1247--udt2508,parquet_commercial_202512_comm_MT,184646-9.parquet,2
uhs9_1247--udt2508,parquet_commercial_202512_comm_MT,184693-9.parquet,1
uhs9_1247--udt2508,parquet_commercial_202512_comm_MT,184700-9.parquet,5
uhs9_1247--udt2508,parquet_commercial_202512_comm_MT,184706-2.parquet,3
uhs9_1247--udt2508,parquet_commercial_202512_comm_MT,184717-9.parquet,1
uhs9_1247--udt2508,parquet_commercial_202512_comm_MT,184720-2.parquet,1
uhs9_1247--udt2508,parquet_commercial_202512_comm_MT,184727-2.parquet,2
uhs9_1247--udt2508,parquet_commercial_202512_comm_MT,184744-9.parquet,1
uhs9_1247--udt2508,parquet_commercial_202512_comm_MT,184763-2.parquet,1
uhs9_1247--udt2508,parquet_commercial_202512_comm_MT,184766-9.parquet,1
uhs9_1247--udt2508,parquet_commercial_202512_comm_MT,184772-2.parquet,1
uhs9_1247--udt2508,parquet_commercial_202512_comm_MT,184793-9.parquet,1
uhs9_1247--udt2508,parquet_commercial_202512_comm_MT,184809-2.parquet,1
uhs9_1247--udt2508,parquet_commercial_202512_comm_MT,184821-9.parquet,1
uhs9_1247--udt2508,parquet_commercial_202512_comm_MT,184823-2.parquet,3
uhs9_1247--udt2508,parquet_commercial_202512_comm_MT,184829-9.parquet,1
uhs9_1247--udt2508,parquet_commercial_202512_comm_MT,184831-9.parquet,1
uhs9_1247--udt2508,parquet_commercial_202512_comm_MT,184856-9.parquet,1
uhs9_1247--udt2508,parquet_commercial_202512_comm_MT,184857-9.parquet,6
uhs9_1247--udt2508,parquet_commercial_202512_comm_MT,184861-2.parquet,1
uhs9_1247--udt2508,parquet_commercial_202512_comm_MT,184888-9.parquet,2
uhs9_1247--udt2508,parquet_commercial_202512_comm_MT,184941-2.parquet,1
uhs9_1247--udt2508,parquet_commercial_202512_comm_MT,184950-2.parquet,1
uhs9_1247--udt2508,parquet_commercial_202512_comm_MT,184953-9.parquet,1
uhs9_1247--udt2508,parquet_commercial_202512_comm_MT,184968-2.parquet,1
uhs9_1247--udt2508,parquet_commercial_202512_comm_MT,184983-2.parquet,1
uhs9_1247--udt2508,parquet_commercial_202512_comm_MT,184996-2.parquet,1
uhs9_1247--udt2508,parquet_commercial_202512_comm_MT,185003-9.parquet,3
uhs9_1247--udt2508,parquet_commercial_202512_comm_MT,185019-9.parquet,2
uhs9_1247--udt2508,parquet_residential_short_202512_res_MT,102182-4.parquet,5
uhs9_1247--udt2508,parquet_residential_short_202512_res_MT,102854-4.parquet,80
uhs9_1247--udt2508,parquet_residential_short_202512_res_MT,106657-4.parquet,20
uhs9_1247--udt2508,parquet_residential_short_202512_res_MT,108254-4.parquet,10
uhs9_1247--udt2508,parquet_residential_short_202512_res_MT,117464-4.parquet,1
uhs9_1247--udt2508,parquet_residential_short_202512_res_MT,118797-4.parquet,4
uhs9_1247--udt2508,parquet_residential_short_202512_res_MT,119073-4.parquet,6
uhs9_1247--udt2508,parquet_residential_short_202512_res_MT,121985-4.parquet,6
uhs9_1247--udt2508,parquet_residential_short_202512_res_MT,126858-4.parquet,1
uhs9_1247--udt2508,parquet_residential_short_202512_res_MT,131145-4.parquet,15
uhs9_1247--udt2508,parquet_residential_short_202512_res_MT,136309-4.parquet,10
uhs9_1247--udt2508,parquet_residential_short_202512_res_MT,138494-4.parquet,17
uhs9_1247--udt2508,parquet_residential_short_202512_res_MT,140071-4.parquet,10
uhs9_1247--udt2508,parquet_residential_short_202512_res_MT,142544-4.parquet,2
uhs9_1247--udt2508,parquet_residential_short_202512_res_MT,14281-4.parquet,1
uhs9_1247--udt2508,parquet_residential_short_202512_res_MT,153454-4.parquet,3
uhs9_1247--udt2508,parquet_residential_short_202512_res_MT,154106-4.parquet,11
uhs9_1247--udt2508,parquet_residential_short_202512_res_MT,154367-4.parquet,1
uhs9_1247--udt2508,parquet_residential_short_202512_res_MT,156849-4.parquet,7
uhs9_1247--udt2508,parquet_residential_short_202512_res_MT,158072-4.parquet,1
uhs9_1247--udt2508,parquet_residential_short_202512_res_MT,162253-4.parquet,101
uhs9_1247--udt2508,parquet_residential_short_202512_res_MT,180039-4.parquet,5
uhs9_1247--udt2508,parquet_residential_short_202512_res_MT,183427-4.parquet,5
uhs9_1247--udt2508,parquet_residential_short_202512_res_MT,185745-4.parquet,57
uhs9_1247--udt2508,parquet_residential_short_202512_res_MT,201863-4.parquet,1
uhs9_1247--udt2508,parquet_residential_short_202512_res_MT,203702-4.parquet,10
uhs9_1247--udt2508,parquet_residential_short_202512_res_MT,20806-4.parquet,1
uhs9_1247--udt2508,parquet_residential_short_202512_res_MT,209507-4.parquet,3
uhs9_1247--udt2508,parquet_residential_short_202512_res_MT,210194-4.parquet,8
uhs9_1247--udt2508,parquet_residential_short_202512_res_MT,211030-4.parquet,1
uhs9_1247--udt2508,parquet_residential_short_202512_res_MT,214774-4.parquet,2
uhs9_1247--udt2508,parquet_residential_short_202512_res_MT,215981-4.parquet,4
uhs9_1247--udt2508,parquet_residential_short_202512_res_MT,216380-4.parquet,1
uhs9_1247--udt2508,parquet_residential_short_202512_res_MT,217886-4.parquet,3
uhs9_1247--udt2508,parquet_residential_short_202512_res_MT,226832-4.parquet,1
uhs9_1247--udt2508,parquet_residential_short_202512_res_MT,234488-4.parquet,2
uhs9_1247--udt2508,parquet_residential_short_202512_res_MT,251857-4.parquet,2
uhs9_1247--udt2508,parquet_residential_short_202512_res_MT,257610-4.parquet,1
uhs9_1247--udt2508,parquet_residential_short_202512_res_MT,271955-4.parquet,2
uhs9_1247--udt2508,parquet_residential_short_202512_res_MT,276587-4.parquet,84
uhs9_1247--udt2508,parquet_residential_short_202512_res_MT,277210-4.parquet,3
uhs9_1247--udt2508,parquet_residential_short_202512_res_MT,278604-4.parquet,20
uhs9_1247--udt2508,parquet_residential_short_202512_res_MT,305252-4.parquet,1
uhs9_1247--udt2508,parquet_residential_short_202512_res_MT,311002-4.parquet,9
uhs9_1247--udt2508,parquet_residential_short_202512_res_MT,316244-4.parquet,2
uhs9_1247--udt2508,parquet_residential_short_202512_res_MT,321643-4.parquet,4
uhs9_1247--udt2508,parquet_residential_short_202512_res_MT,325203-4.parquet,7
uhs9_1247--udt2508,parquet_residential_short_202512_res_MT,326339-4.parquet,1
uhs9_1247--udt2508,parquet_residential_short_202512_res_MT,338150-4.parquet,9
uhs9_1247--udt2508,parquet_residential_short_202512_res_MT,341617-4.parquet,12
uhs9_1247--udt2508,parquet_residential_short_202512_res_MT,345764-4.parquet,2
uhs9_1247--udt2508,parquet_residential_short_202512_res_MT,358611-4.parquet,2
uhs9_1247--udt2508,parquet_residential_short_202512_res_MT,370023-4.parquet,3
uhs9_1247--udt2508,parquet_residential_short_202512_res_MT,372987-4.parquet,3
uhs9_1247--udt2508,parquet_residential_short_202512_res_MT,393147-4.parquet,3
uhs9_1247--udt2508,parquet_residential_short_202512_res_MT,401600-4.parquet,40
uhs9_1247--udt2508,parquet_residential_short_202512_res_MT,402646-4.parquet,4
uhs9_1247--udt2508,parquet_residential_short_202512_res_MT,406640-4.parquet,4
uhs9_1247--udt2508,parquet_residential_short_202512_res_MT,410527-4.parquet,1
uhs9_1247--udt2508,parquet_residential_short_202512_res_MT,411750-4.parquet,1
uhs9_1247--udt2508,parquet_residential_short_202512_res_MT,42376-4.parquet,1
uhs9_1247--udt2508,parquet_residential_short_202512_res_MT,424723-4.parquet,7
uhs9_1247--udt2508,parquet_residential_short_202512_res_MT,427948-4.parquet,54
uhs9_1247--udt2508,parquet_residential_short_202512_res_MT,43358-4.parquet,1
uhs9_1247--udt2508,parquet_residential_short_202512_res_MT,438998-4.parquet,1
uhs9_1247--udt2508,parquet_residential_short_202512_res_MT,445835-4.parquet,1
uhs9_1247--udt2508,parquet_residential_short_202512_res_MT,448361-4.parquet,2
uhs9_1247--udt2508,parquet_residential_short_202512_res_MT,458883-4.parquet,2
uhs9_1247--udt2508,parquet_residential_short_202512_res_MT,464253-4.parquet,3
uhs9_1247--udt2508,parquet_residential_short_202512_res_MT,466189-4.parquet,8
uhs9_1247--udt2508,parquet_residential_short_202512_res_MT,468325-4.parquet,13
uhs9_1247--udt2508,parquet_residential_short_202512_res_MT,471837-4.parquet,4
uhs9_1247--udt2508,parquet_residential_short_202512_res_MT,475383-4.parquet,1
uhs9_1247--udt2508,parquet_residential_short_202512_res_MT,476793-4.parquet,3
uhs9_1247--udt2508,parquet_residential_short_202512_res_MT,481916-4.parquet,4
uhs9_1247--udt2508,parquet_residential_short_202512_res_MT,483905-4.parquet,1
uhs9_1247--udt2508,parquet_residential_short_202512_res_MT,484947-4.parquet,1
uhs9_1247--udt2508,parquet_residential_short_202512_res_MT,486032-4.parquet,3
uhs9_1247--udt2508,parquet_residential_short_202512_res_MT,486410-4.parquet,21
uhs9_1247--udt2508,parquet_residential_short_202512_res_MT,486622-4.parquet,9
uhs9_1247--udt2508,parquet_residential_short_202512_res_MT,490684-4.parquet,4
uhs9_1247--udt2508,parquet_residential_short_202512_res_MT,492040-4.parquet,8
uhs9_1247--udt2508,parquet_residential_short_202512_res_MT,493524-4.parquet,4
uhs9_1247--udt2508,parquet_residential_short_202512_res_MT,494052-4.parquet,2
uhs9_1247--udt2508,parquet_residential_short_202512_res_MT,494976-4.parquet,2
uhs9_1247--udt2508,parquet_residential_short_202512_res_MT,500793-4.parquet,8
uhs9_1247--udt2508,parquet_residential_short_202512_res_MT,500992-4.parquet,1
uhs9_1247--udt2508,parquet_residential_short_202512_res_MT,508034-4.parquet,1
uhs9_1247--udt2508,parquet_residential_short_202512_res_MT,513358-4.parquet,3
uhs9_1247--udt2508,parquet_residential_short_202512_res_MT,514429-4.parquet,8
uhs9_1247--udt2508,parquet_residential_short_202512_res_MT,526430-4.parquet,1
uhs9_1247--udt2508,parquet_residential_short_202512_res_MT,527227-4.parquet,4
uhs9_1247--udt2508,parquet_residential_short_202512_res_MT,529425-4.parquet,36
uhs9_1247--udt2508,parquet_residential_short_202512_res_MT,535363-4.parquet,6
uhs9_1247--udt2508,parquet_residential_short_202512_res_MT,537910-4.parquet,3
uhs9_1247--udt2508,parquet_residential_short_202512_res_MT,543184-4.parquet,10
uhs9_1247--udt2508,parquet_residential_short_202512_res_MT,57049-4.parquet,1
uhs9_1247--udt2508,parquet_residential_short_202512_res_MT,57772-4.parquet,8
uhs9_1247--udt2508,parquet_residential_short_202512_res_MT,58700-4.parquet,1
uhs9_1247--udt2508,parquet_residential_short_202512_res_MT,63328-4.parquet,14
uhs9_1247--udt2508,parquet_residential_short_202512_res_MT,64056-4.parquet,15
uhs9_1247--udt2508,parquet_residential_short_202512_res_MT,66138-4.parquet,21
uhs9_1247--udt2508,parquet_residential_short_202512_res_MT,68619-4.parquet,3
uhs9_1247--udt2508,parquet_residential_short_202512_res_MT,81904-4.parquet,19
uhs9_1247--udt2508,parquet_residential_short_202512_res_MT,86159-4.parquet,20
uhs9_1247--udt2508,parquet_residential_short_202512_res_MT,90560-4.parquet,1
uhs9_1247--udt2508,parquet_residential_short_202512_res_MT,93871-4.parquet,7
uhs9_1247--udt2508,parquet_residential_short_202512_res_MT,94199-4.parquet,2
uhs9_1247--udt2508,parquet_residential_short_202512_res_MT,97519-4.parquet,3
uhs9_1247--udt2508,parquet_residential_short_202512_res_MT,99076-4.parquet,3
