case,topology,donor, S1 (kVA), Ang1,P1 (kW),Q1 (kVAr), S2 (kVA), Ang2,P2 (kW),Q2 (kVAr), S3 (kVA), Ang3,P3 (kW),Q3 (kVAr),P_3ph (kW),Q_3ph (kVAr),S_3ph (kVA),S_sum_3ph (kVA),hour,timestep, t(sec),circuit_folder,substation,feeder,scenario,row_type,n_loads,n_evs,n_storage,n_pv,substation_xfmr_kva,season,design
NC_GSO_urban__NC,NC_GSO_urban,NC,1638.48,4.31549,1633.8346248777025,123.29285847419436,1600.6,4.2433,1596.2125062027214,118.43139381948836,1617.48,4.21264,1613.110047660398,118.8171895689709,4843.157178740822,360.5414418626536,4856.558615860531,4856.56,0.0,1,900.0,uhs0_1247_circuit_1_fire_baseline,uhs0_1247,circuit_1,fire_baseline,data,,,,,,summer,NC
NC_GSO_urban__NC,NC_GSO_urban,NC,1527.75,3.6795,1524.600762718732,98.04374950735227,1486.32,3.30026,1483.8550206020343,85.56529807191527,1515.83,3.53156,1512.9514689714867,93.37259467863215,4521.407252292253,276.9816422578997,4529.88326242839,4529.9,0.0,2,1800.0,uhs0_1247_circuit_1_fire_baseline,uhs0_1247,circuit_1,fire_baseline,data,,,,,,summer,NC
NC_GSO_urban__NC,NC_GSO_urban,NC,1480.05,3.21348,1477.7227744155894,82.96628516146008,1449.11,3.09656,1446.9941767791863,78.27927227001896,1468.68,3.16361,1466.4417558441016,81.05257008182045,4391.158707038878,242.29812751329948,4397.838465996653,4397.84,0.0,3,2700.0,uhs0_1247_circuit_1_fire_baseline,uhs0_1247,circuit_1,fire_baseline,data,,,,,,summer,NC
NC_GSO_urban__NC,NC_GSO_urban,NC,1532.43,4.8866,1526.85999354442,130.5383660596886,1456.73,3.36728,1454.215004223713,85.56292649638928,1511.07,4.0826,1507.2355840204027,107.57991988598651,4488.310581788536,323.6812124420644,4499.966822753576,4500.23,1.0,4,0.0,uhs0_1247_circuit_1_fire_baseline,uhs0_1247,circuit_1,fire_baseline,data,,,,,,summer,NC
NC_GSO_urban__NC,NC_GSO_urban,NC,1469.61,3.98584,1466.055394500584,102.15249559230833,1468.77,3.88789,1465.389820045741,99.58909682445328,1434.43,3.43262,1431.856491231696,85.88604902809399,4363.301705778022,287.6276414448556,4372.771596569906,4372.81,1.0,5,900.0,uhs0_1247_circuit_1_fire_baseline,uhs0_1247,circuit_1,fire_baseline,data,,,,,,summer,NC
NC_GSO_urban__NC,NC_GSO_urban,NC,1436.95,3.84177,1433.721012234424,96.27752373996012,1418.2,3.24598,1415.9247048631662,80.30236707691533,1404.77,3.17396,1402.6151264108792,77.7789178594907,4252.260843508469,254.35880867636607,4259.861580472612,4259.92,1.0,6,1800.0,uhs0_1247_circuit_1_fire_baseline,uhs0_1247,circuit_1,fire_baseline,data,,,,,,summer,NC
NC_GSO_urban__NC,NC_GSO_urban,NC,1397.1,3.50727,1394.4832934746648,85.46785489323811,1383.21,2.92867,1381.4034117701117,70.67190424698519,1363.54,2.68646,1362.041441113372,63.90965724996702,4137.928146358148,220.04941639019032,4143.774980627766,4143.85,1.0,7,2700.0,uhs0_1247_circuit_1_fire_baseline,uhs0_1247,circuit_1,fire_baseline,data,,,,,,summer,NC
NC_GSO_urban__NC,NC_GSO_urban,NC,1381.4,3.96013,1378.1016998292057,95.40264633569734,1384.89,3.55411,1382.2264399841702,85.85092142014015,1390.43,3.41911,1387.9550232009706,82.92429361286844,4148.283163014346,264.1778613687059,4156.686558183772,4156.72,2.0,8,0.0,uhs0_1247_circuit_1_fire_baseline,uhs0_1247,circuit_1,fire_baseline,data,,,,,,summer,NC
NC_GSO_urban__NC,NC_GSO_urban,NC,1370.16,3.62266,1367.422169927192,86.57386898833722,1362.92,3.4312,1360.476809257656,81.5706924827032,1362.5,3.05342,1360.565665603351,72.5763017886054,4088.464644788199,240.72086325964585,4095.5451023876617,4095.58,2.0,9,900.0,uhs0_1247_circuit_1_fire_baseline,uhs0_1247,circuit_1,fire_baseline,data,,,,,,summer,NC
NC_GSO_urban__NC,NC_GSO_urban,NC,1419.97,4.27372,1416.02165884032,105.81806365223404,1394.0,3.71292,1391.074051277737,90.27172238161778,1414.21,3.87682,1410.9738829865234,95.61707812902768,4218.06959310458,291.70686416287947,4228.144272239676,4228.18,2.0,10,1800.0,uhs0_1247_circuit_1_fire_baseline,uhs0_1247,circuit_1,fire_baseline,data,,,,,,summer,NC
NC_GSO_urban__NC,NC_GSO_urban,NC,1387.53,3.87927,1384.3509216871323,93.872394898534,1364.43,3.32643,1362.1311491973966,79.17043189334977,1373.04,3.21623,1370.8773408126046,77.03348652736537,4117.3594116971335,250.07631331924915,4124.946870878983,4125.0,2.0,11,2700.0,uhs0_1247_circuit_1_fire_baseline,uhs0_1247,circuit_1,fire_baseline,data,,,,,,summer,NC
NC_GSO_urban__NC,NC_GSO_urban,NC,1427.89,4.22913,1424.0020168468425,105.30008602145035,1413.03,4.009,1409.572429524931,98.78940643198122,1398.47,3.41247,1395.9903682148747,83.24201313818796,4229.564814586649,287.3315055916196,4239.313377764723,4239.39,3.0,12,0.0,uhs0_1247_circuit_1_fire_baseline,uhs0_1247,circuit_1,fire_baseline,data,,,,,,summer,NC
NC_GSO_urban__NC,NC_GSO_urban,NC,1396.74,3.73841,1393.767922777345,91.06923210901242,1391.74,3.67,1388.8859177480904,89.08498796679899,1397.0,3.49256,1394.4053760848522,85.10374342919333,4177.059216610287,265.25796350500474,4185.473149629773,4185.48,3.0,13,900.0,uhs0_1247_circuit_1_fire_baseline,uhs0_1247,circuit_1,fire_baseline,data,,,,,,summer,NC
NC_GSO_urban__NC,NC_GSO_urban,NC,1384.79,3.56309,1382.1131608467126,86.0613427405667,1361.85,3.34122,1359.5350528453746,79.37167369234793,1361.95,3.10732,1359.947597330756,73.8263842694731,4101.595811022843,239.2594007023877,4108.568273477344,4108.59,3.0,14,1800.0,uhs0_1247_circuit_1_fire_baseline,uhs0_1247,circuit_1,fire_baseline,data,,,,,,summer,NC
NC_GSO_urban__NC,NC_GSO_urban,NC,1378.04,3.31692,1375.7314713791177,79.73180204315254,1356.12,3.20446,1353.9995923534402,75.80605719015897,1355.8,2.81516,1354.1637895458266,66.58882100537727,4083.894853278384,222.1266802386888,4089.9312261586415,4089.96,3.0,15,2700.0,uhs0_1247_circuit_1_fire_baseline,uhs0_1247,circuit_1,fire_baseline,data,,,,,,summer,NC
NC_GSO_urban__NC,NC_GSO_urban,NC,1359.39,3.09191,1357.4111307379053,73.32253575021784,1356.11,3.06702,1354.167553041145,72.55735931355925,1361.75,2.77802,1360.149676518371,65.99939368638681,4071.728360297421,211.8792887501639,4077.2373824750016,4077.25,4.0,16,0.0,uhs0_1247_circuit_1_fire_baseline,uhs0_1247,circuit_1,fire_baseline,data,,,,,,summer,NC
NC_GSO_urban__NC,NC_GSO_urban,NC,1457.45,4.65996,1452.6322598781203,118.40616563922887,1442.87,4.69338,1438.0318367169436,118.06046539165052,1445.61,4.36117,1441.4242602557854,109.92894999071834,4332.08835685085,346.39558102159776,4345.915258045649,4345.929999999999,4.0,17,900.0,uhs0_1247_circuit_1_fire_baseline,uhs0_1247,circuit_1,fire_baseline,data,,,,,,summer,NC
NC_GSO_urban__NC,NC_GSO_urban,NC,1428.29,4.16001,1424.5269577896404,103.61115109191772,1398.49,3.74207,1395.5083714577104,91.27247828041855,1408.48,3.71544,1405.519645393941,91.2712266362773,4225.554974641292,286.1548560086136,4235.233104013648,4235.26,4.0,18,1800.0,uhs0_1247_circuit_1_fire_baseline,uhs0_1247,circuit_1,fire_baseline,data,,,,,,summer,NC
NC_GSO_urban__NC,NC_GSO_urban,NC,1403.72,3.58048,1400.980026294742,87.66301570893026,1386.7,3.32827,1384.3610430404308,80.50709603513741,1384.06,2.85306,1382.3444170300577,68.89119178697884,4167.68548636523,237.0613035310465,4174.422160597946,4174.48,4.0,19,2700.0,uhs0_1247_circuit_1_fire_baseline,uhs0_1247,circuit_1,fire_baseline,data,,,,,,summer,NC
NC_GSO_urban__NC,NC_GSO_urban,NC,1424.43,3.73385,1421.406389249632,92.76153028235396,1422.92,4.12412,1419.2354852972453,102.33261294959988,1415.21,3.53394,1412.5189220018572,87.23324530654463,4253.160796548735,282.32738853849844,4262.521028173121,4262.56,5.0,20,0.0,uhs0_1247_circuit_1_fire_baseline,uhs0_1247,circuit_1,fire_baseline,data,,,,,,summer,NC
NC_GSO_urban__NC,NC_GSO_urban,NC,1466.71,4.42119,1462.3455266554186,113.06540041448086,1446.14,4.34019,1441.9928964296237,109.44124563666512,1464.6,4.28695,1460.5023204793445,109.48119415885834,4364.840743564387,331.9878402100043,4377.447960024997,4377.450000000001,5.0,21,900.0,uhs0_1247_circuit_1_fire_baseline,uhs0_1247,circuit_1,fire_baseline,data,,,,,,summer,NC
NC_GSO_urban__NC,NC_GSO_urban,NC,1508.69,4.50163,1504.03584411594,118.41324129695776,1508.01,4.97061,1502.338787232224,130.66112075751423,1483.85,4.13014,1479.9964923733964,106.87003818864687,4486.371123721561,355.94440024311893,4500.469117306228,4500.549999999999,5.0,22,1800.0,uhs0_1247_circuit_1_fire_baseline,uhs0_1247,circuit_1,fire_baseline,data,,,,,,summer,NC
NC_GSO_urban__NC,NC_GSO_urban,NC,1629.46,5.24494,1622.6374583683191,148.9549270752797,1613.8,5.41528,1606.597339161442,152.30045895982724,1629.0,5.34157,1621.9259342034757,151.64848815000815,4851.160731733236,452.9038741851151,4872.256393537026,4872.26,5.0,23,2700.0,uhs0_1247_circuit_1_fire_baseline,uhs0_1247,circuit_1,fire_baseline,data,,,,,,summer,NC
NC_GSO_urban__NC,NC_GSO_urban,NC,1720.08,6.84501,1707.819591070651,205.00597736474384,1663.91,6.27297,1653.9475275256978,181.80776741281363,1701.58,6.61183,1690.2628136618184,195.92375341451688,5052.029932258168,582.7374981920743,5085.527448380514,5085.57,6.0,24,0.0,uhs0_1247_circuit_1_fire_baseline,uhs0_1247,circuit_1,fire_baseline,data,,,,,,summer,NC
NC_GSO_urban__NC,NC_GSO_urban,NC,1765.2,6.87184,1752.519275291257,211.2042370138632,1746.89,7.04058,1733.717729998256,214.12030447786887,1737.37,6.36085,1726.674495725553,192.48299330306256,5212.911501015066,617.8075347947946,5249.393533301192,5249.46,6.0,25,900.0,uhs0_1247_circuit_1_fire_baseline,uhs0_1247,circuit_1,fire_baseline,data,,,,,,summer,NC
NC_GSO_urban__NC,NC_GSO_urban,NC,2010.44,9.5142,1982.7857270859656,332.30972610529835,1978.68,9.16895,1953.3979380509656,315.2951601566946,1976.36,8.56743,1954.3062438641111,294.424786310102,5890.489909001042,942.029672572095,5965.34083452483,5965.48,6.0,26,1800.0,uhs0_1247_circuit_1_fire_baseline,uhs0_1247,circuit_1,fire_baseline,data,,,,,,summer,NC
NC_GSO_urban__NC,NC_GSO_urban,NC,2041.91,9.5752,2013.4623736220483,339.6552930667598,1958.09,8.73658,1935.3705053057963,297.4179807819052,2022.62,8.88089,1998.371641625171,312.2538171877473,5947.204520553016,949.3270910364122,6022.496453719328,6022.62,6.0,27,2700.0,uhs0_1247_circuit_1_fire_baseline,uhs0_1247,circuit_1,fire_baseline,data,,,,,,summer,NC
NC_GSO_urban__NC,NC_GSO_urban,NC,2092.27,9.79222,2061.7877216565603,355.8442689242721,2025.93,9.0112,2000.9254500693253,317.3164164755213,2075.62,9.21709,2048.8206994484376,332.46372119618354,6111.533871174324,1005.624406595977,6193.71671176948,6193.82,7.0,28,0.0,uhs0_1247_circuit_1_fire_baseline,uhs0_1247,circuit_1,fire_baseline,data,,,,,,summer,NC
NC_GSO_urban__NC,NC_GSO_urban,NC,2244.31,10.6114,2205.929447260301,413.2827722151776,2180.16,10.143,2146.086914835521,383.9382496857462,2291.07,10.946,2249.3876028220534,435.0369606946704,6601.403964917876,1232.2579825955945,6715.429550200346,6715.539999999999,7.0,29,900.0,uhs0_1247_circuit_1_fire_baseline,uhs0_1247,circuit_1,fire_baseline,data,,,,,,summer,NC
NC_GSO_urban__NC,NC_GSO_urban,NC,2165.59,7.07568,2149.097544121562,266.7579313735065,2127.81,6.73032,2113.1467723456985,249.3714390722323,2175.81,7.04722,2159.372574928071,266.94426150136974,6421.616891395332,783.0736319471085,6469.186023983595,6469.209999999999,7.0,30,1800.0,uhs0_1247_circuit_1_fire_baseline,uhs0_1247,circuit_1,fire_baseline,data,,,,,,summer,NC
NC_GSO_urban__NC,NC_GSO_urban,NC,2288.96,8.72153,2262.492704785674,347.08016709631204,2247.64,8.31857,2223.992467513156,325.1816016393659,2310.77,8.73425,2283.9726709525867,350.8943305921425,6770.457843251416,1023.1560993278204,6847.331437197731,6847.370000000001,7.0,31,2700.0,uhs0_1247_circuit_1_fire_baseline,uhs0_1247,circuit_1,fire_baseline,data,,,,,,summer,NC
NC_GSO_urban__NC,NC_GSO_urban,NC,2461.64,9.92965,2424.765180867598,424.4823992253677,2396.47,9.49595,2363.631808094892,395.364561717502,2451.95,9.85713,2415.7535580154045,419.7541535660045,7204.150546977894,1239.6011145088742,7310.020248030339,7310.059999999999,8.0,32,0.0,uhs0_1247_circuit_1_fire_baseline,uhs0_1247,circuit_1,fire_baseline,data,,,,,,summer,NC
NC_GSO_urban__NC,NC_GSO_urban,NC,2472.67,10.3252,2432.628327409005,443.1888419029365,2403.78,9.9003,2367.9839320642427,413.29213141017897,2410.38,9.66036,2376.200335070419,404.4795569756629,7176.812594543667,1260.9605302887785,7286.745533922997,7286.830000000001,8.0,33,900.0,uhs0_1247_circuit_1_fire_baseline,uhs0_1247,circuit_1,fire_baseline,data,,,,,,summer,NC
NC_GSO_urban__NC,NC_GSO_urban,NC,2471.37,10.4726,2430.201779748587,449.2092904279705,2500.72,10.6635,2457.5347541608608,462.7347517655403,2452.75,10.0985,2414.751434651153,430.0675195247825,7302.487968560601,1342.0115617182933,7424.777812349532,7424.84,8.0,34,1800.0,uhs0_1247_circuit_1_fire_baseline,uhs0_1247,circuit_1,fire_baseline,data,,,,,,summer,NC
NC_GSO_urban__NC,NC_GSO_urban,NC,2561.18,10.6573,2517.001931466433,473.64994393987104,2655.55,11.3909,2603.24245040108,524.4754969774873,2573.86,10.5964,2529.967721452933,473.3060616622785,7650.212103320446,1471.4315025796368,7790.433613899448,7790.59,8.0,35,2700.0,uhs0_1247_circuit_1_fire_baseline,uhs0_1247,circuit_1,fire_baseline,data,,,,,,summer,NC
NC_GSO_urban__NC,NC_GSO_urban,NC,2571.81,10.8309,2525.9959100801275,483.27149549551046,2577.3,10.9289,2530.55604601765,488.6321601813777,2551.7,10.4646,2509.2583738001904,463.4601423139034,7565.810329897968,1435.3637979907917,7700.763285582368,7700.81,9.0,36,0.0,uhs0_1247_circuit_1_fire_baseline,uhs0_1247,circuit_1,fire_baseline,data,,,,,,summer,NC
NC_GSO_urban__NC,NC_GSO_urban,NC,2622.11,11.0196,2573.763150912302,501.20264874198335,2620.91,10.9593,2573.111092949224,498.2655230312984,2641.2,10.9261,2593.321573028339,500.62027412583,7740.195816889865,1500.0884458991118,7884.218200260529,7884.22,9.0,37,900.0,uhs0_1247_circuit_1_fire_baseline,uhs0_1247,circuit_1,fire_baseline,data,,,,,,summer,NC
NC_GSO_urban__NC,NC_GSO_urban,NC,2646.88,10.9847,2598.384132504033,504.3546711900896,2622.36,10.7972,2575.934805163615,491.255380781412,2636.09,10.761,2589.733222712588,492.1913482363103,7764.052160380235,1487.801400207812,7905.318396849385,7905.33,9.0,38,1800.0,uhs0_1247_circuit_1_fire_baseline,uhs0_1247,circuit_1,fire_baseline,data,,,,,,summer,NC
NC_GSO_urban__NC,NC_GSO_urban,NC,2788.55,11.9489,2728.129484627132,577.3392569435231,2776.79,11.7615,2718.490125601773,566.0160254848417,2722.5,11.2702,2670.000505416853,532.0747607937736,8116.620115645757,1675.4300432221385,8287.737202121982,8287.84,9.0,39,2700.0,uhs0_1247_circuit_1_fire_baseline,uhs0_1247,circuit_1,fire_baseline,data,,,,,,summer,NC
NC_GSO_urban__NC,NC_GSO_urban,NC,2910.38,12.3766,2842.742466992084,623.8004574860148,2830.46,11.7774,2770.873085134751,577.7249844656429,2833.79,11.7125,2774.7863718509952,575.2619878716031,8388.40192397783,1776.787429823261,8574.51225487333,8574.630000000001,10.0,40,0.0,uhs0_1247_circuit_1_fire_baseline,uhs0_1247,circuit_1,fire_baseline,data,,,,,,summer,NC
NC_GSO_urban__NC,NC_GSO_urban,NC,2991.84,12.5837,2919.972358318452,651.8190026810981,2931.26,12.1523,2865.5748254056257,617.0624827369758,2960.82,12.3977,2891.776335160234,635.6765685529447,8677.32351888431,1904.5580539710184,8883.877803770642,8883.92,10.0,41,900.0,uhs0_1247_circuit_1_fire_baseline,uhs0_1247,circuit_1,fire_baseline,data,,,,,,summer,NC
NC_GSO_urban__NC,NC_GSO_urban,NC,3124.94,12.996,3044.897058594477,702.7459755578124,3080.78,12.784,3004.4111123506955,681.7032172314127,3108.42,12.8786,3030.2261724562973,692.8233830933103,9079.53434340147,2077.2725758825354,9314.129333841163,9314.14,10.0,42,1800.0,uhs0_1247_circuit_1_fire_baseline,uhs0_1247,circuit_1,fire_baseline,data,,,,,,summer,NC
NC_GSO_urban__NC,NC_GSO_urban,NC,3058.14,12.262,2988.373571562338,649.4949240661966,3056.81,12.3755,2985.7819967201867,655.1284180690177,3090.25,12.445,3017.6393981951683,665.9560983730852,8991.794966477693,1970.5794405083,9205.192015950975,9205.2,10.0,43,2700.0,uhs0_1247_circuit_1_fire_baseline,uhs0_1247,circuit_1,fire_baseline,data,,,,,,summer,NC
NC_GSO_urban__NC,NC_GSO_urban,NC,3067.36,12.2337,2997.704637840554,649.9725177799723,3093.35,12.5842,3019.038083148152,673.9608853643748,3106.9,12.5563,3032.591831063873,675.436448649808,9049.33455205258,1999.3698517941552,9267.57442048544,9267.61,11.0,44,0.0,uhs0_1247_circuit_1_fire_baseline,uhs0_1247,circuit_1,fire_baseline,data,,,,,,summer,NC
NC_GSO_urban__NC,NC_GSO_urban,NC,3150.19,12.5822,3074.536565114845,686.2375287550316,3146.41,12.7001,3069.4304371218686,691.731653005594,3199.85,12.9238,3118.792598456099,715.6624555720776,9262.759600692812,2093.631637332703,9496.420844353272,9496.45,11.0,45,900.0,uhs0_1247_circuit_1_fire_baseline,uhs0_1247,circuit_1,fire_baseline,data,,,,,,summer,NC
NC_GSO_urban__NC,NC_GSO_urban,NC,3350.01,13.6588,3255.2689479071573,791.0695777815196,3311.35,13.5801,3218.773302032898,777.5199371207374,3295.1,13.3798,3205.662820687455,762.5023869222622,9679.705070627511,2331.091901824519,9956.43910788811,9956.46,11.0,46,1800.0,uhs0_1247_circuit_1_fire_baseline,uhs0_1247,circuit_1,fire_baseline,data,,,,,,summer,NC
NC_GSO_urban__NC,NC_GSO_urban,NC,3616.27,14.8626,3495.283049889921,927.5802466914714,3490.84,14.3024,3382.642755682009,862.3757261379922,3427.77,13.8369,3328.297679908778,819.7815116321219,10206.223485480708,2609.737484461585,10534.596697234396,10534.88,11.0,47,2700.0,uhs0_1247_circuit_1_fire_baseline,uhs0_1247,circuit_1,fire_baseline,data,,,,,,summer,NC
NC_GSO_urban__NC,NC_GSO_urban,NC,3609.11,12.8786,3518.321070278066,804.4201877982696,3433.68,12.7341,3349.223586409638,756.8749636745563,3419.91,12.5788,3337.823303354067,744.7952763589091,10205.36796004177,2306.090427831735,10462.67596082304,10462.7,12.0,48,0.0,uhs0_1247_circuit_1_fire_baseline,uhs0_1247,circuit_1,fire_baseline,data,,,,,,summer,NC
NC_GSO_urban__NC,NC_GSO_urban,NC,3623.89,12.7058,3535.1492112812225,797.0563255365023,3413.58,12.4755,3332.980148870028,737.4088036078249,3503.27,12.8148,3416.01087966625,777.0266165980522,10284.1402398175,2311.4917457423794,10540.708446915163,10540.74,12.0,49,900.0,uhs0_1247_circuit_1_fire_baseline,uhs0_1247,circuit_1,fire_baseline,data,,,,,,summer,NC
NC_GSO_urban__NC,NC_GSO_urban,NC,3951.24,13.4881,3842.258418237487,921.6006646499126,3929.48,12.8979,3830.33676792123,877.1164772769606,3807.69,13.1285,3708.168810697225,864.8625367492389,11380.763996855942,2663.579678676112,11688.303805804706,11688.41,12.0,50,1800.0,uhs0_1247_circuit_1_fire_baseline,uhs0_1247,circuit_1,fire_baseline,data,,,,,,summer,NC
NC_GSO_urban__NC,NC_GSO_urban,NC,3613.11,12.4018,3528.799999395725,775.9732188450379,3863.42,12.3941,3773.3806224535488,829.2242003777204,3660.86,12.5892,3572.845104660741,797.9184154421922,10875.025726510015,2403.1158346649504,11137.376273928798,11137.39,12.0,51,2700.0,uhs0_1247_circuit_1_fire_baseline,uhs0_1247,circuit_1,fire_baseline,data,,,,,,summer,NC
NC_GSO_urban__NC,NC_GSO_urban,NC,3601.27,12.5604,3515.081880499397,783.1634480010046,3782.65,12.508,3692.8717411124926,819.230935812844,3590.8,12.4596,3506.230838584617,774.7192695152331,10714.184460196506,2377.113653329081,10974.717215853892,10974.72,13.0,52,0.0,uhs0_1247_circuit_1_fire_baseline,uhs0_1247,circuit_1,fire_baseline,data,,,,,,summer,NC
NC_GSO_urban__NC,NC_GSO_urban,NC,3443.66,13.224,3352.345039686738,787.7670534413852,3668.3,14.1135,3557.570852897993,894.4912054406386,3426.64,13.1238,3337.1421082075026,778.0387131938785,10247.058000792234,2460.296972075902,10538.275896103973,10538.6,13.0,53,900.0,uhs0_1247_circuit_1_fire_baseline,uhs0_1247,circuit_1,fire_baseline,data,,,,,,summer,NC
NC_GSO_urban__NC,NC_GSO_urban,NC,3372.42,12.8513,3287.9428995884064,750.0987571288094,3621.25,13.9073,3515.096193977142,870.3736608993918,3349.91,12.7732,3267.009363669636,740.6394708594204,10070.048457235183,2361.1118888876217,10343.14871221096,10343.58,13.0,54,1800.0,uhs0_1247_circuit_1_fire_baseline,uhs0_1247,circuit_1,fire_baseline,data,,,,,,summer,NC
NC_GSO_urban__NC,NC_GSO_urban,NC,3361.64,13.0139,3275.297832415161,756.9990743564672,3563.72,13.8323,3460.370888479654,852.0173428766166,3280.95,12.5871,3202.0951608159103,714.9961423527618,9937.763881710724,2324.0125595858453,10205.889738075117,10206.31,13.0,55,2700.0,uhs0_1247_circuit_1_fire_baseline,uhs0_1247,circuit_1,fire_baseline,data,,,,,,summer,NC
NC_GSO_urban__NC,NC_GSO_urban,NC,3351.58,12.8145,3268.103052240992,743.3646052463839,3560.43,13.6719,3459.5457765863266,841.5490506225457,3301.08,12.5936,3221.6597212707493,719.7484329553479,9949.308550098069,2304.662088824278,10212.747327174917,10213.09,14.0,56,0.0,uhs0_1247_circuit_1_fire_baseline,uhs0_1247,circuit_1,fire_baseline,data,,,,,,summer,NC
NC_GSO_urban__NC,NC_GSO_urban,NC,3348.42,11.5293,3280.857668736064,669.2454362158645,3612.94,11.9717,3534.3591867421283,749.4268361164558,3317.09,11.4508,3251.065117960119,658.5299286159717,10066.281973438312,2077.202200948292,10278.365714080888,10278.45,14.0,57,900.0,uhs0_1247_circuit_1_fire_baseline,uhs0_1247,circuit_1,fire_baseline,data,,,,,,summer,NC
NC_GSO_urban__NC,NC_GSO_urban,NC,3146.78,12.1172,3076.6705783765,660.547137267596,3324.89,13.0749,3238.692774317504,752.1719389099759,3202.04,12.3724,3127.6745593743294,686.0845518174822,9443.037912068332,2098.803627995054,9673.465856539997,9673.71,14.0,58,1800.0,uhs0_1247_circuit_1_fire_baseline,uhs0_1247,circuit_1,fire_baseline,data,,,,,,summer,NC
NC_GSO_urban__NC,NC_GSO_urban,NC,3045.96,12.4219,2974.654470330198,655.2122585426581,3057.73,12.5258,2984.951275752677,663.1580763908896,3070.59,12.3597,2999.423164696837,657.25461366202,8959.028910779713,1975.624948595568,9174.27342963463,9174.28,14.0,59,2700.0,uhs0_1247_circuit_1_fire_baseline,uhs0_1247,circuit_1,fire_baseline,data,,,,,,summer,NC
NC_GSO_urban__NC,NC_GSO_urban,NC,2942.82,11.8472,2880.1337955822223,604.167917010779,2923.38,11.6675,2862.976188497846,591.2004469673092,2959.95,11.6813,2898.6463082781693,599.2942365861194,8641.756292358237,1794.6626005642074,8826.14104047613,8826.150000000001,15.0,60,0.0,uhs0_1247_circuit_1_fire_baseline,uhs0_1247,circuit_1,fire_baseline,data,,,,,,summer,NC
NC_GSO_urban__NC,NC_GSO_urban,NC,2917.08,11.8899,2854.4949797679533,601.0109290849462,2926.57,11.8717,2863.972762522121,602.0564595047628,2952.39,11.9094,2888.840224131175,609.2691289912381,8607.30796642125,1812.3365175809472,8796.039681684942,8796.039999999999,15.0,61,900.0,uhs0_1247_circuit_1_fire_baseline,uhs0_1247,circuit_1,fire_baseline,data,,,,,,summer,NC
NC_GSO_urban__NC,NC_GSO_urban,NC,2840.48,11.8248,2780.20155656639,582.0703868655601,2907.37,12.052,2843.2872135989355,607.0569478103362,2918.91,11.9936,2855.1925840913905,606.5565891567978,8478.681354256716,1795.683923832694,8666.747848029945,8666.76,15.0,62,1800.0,uhs0_1247_circuit_1_fire_baseline,uhs0_1247,circuit_1,fire_baseline,data,,,,,,summer,NC
NC_GSO_urban__NC,NC_GSO_urban,NC,2931.57,12.3778,2863.426848597413,628.4022180351449,2966.52,12.4062,2897.248898326551,637.3301589800898,3000.62,12.4383,2930.1910014497025,646.2979803644653,8690.866748373666,1912.0303573797,8898.709171870301,8898.71,15.0,63,2700.0,uhs0_1247_circuit_1_fire_baseline,uhs0_1247,circuit_1,fire_baseline,data,,,,,,summer,NC
NC_GSO_urban__NC,NC_GSO_urban,NC,2950.32,14.308,2858.804715454597,729.1252987618522,3022.98,14.5508,2926.018721023828,759.4883307978334,2992.1,14.2714,2899.760513867352,737.5983813809183,8684.583950345777,2226.212010940604,8965.378871428673,8965.4,16.0,64,0.0,uhs0_1247_circuit_1_fire_baseline,uhs0_1247,circuit_1,fire_baseline,data,,,,,,summer,NC
NC_GSO_urban__NC,NC_GSO_urban,NC,2902.79,13.2878,2825.076027869305,667.184547826302,2925.44,13.2679,2847.353001618865,671.4015771295436,2907.39,13.0843,2831.9084482606754,658.1877792619782,8504.337477748846,1996.773904217824,8735.608848844418,8735.619999999999,16.0,65,900.0,uhs0_1247_circuit_1_fire_baseline,uhs0_1247,circuit_1,fire_baseline,data,,,,,,summer,NC
NC_GSO_urban__NC,NC_GSO_urban,NC,2544.71,13.0173,2479.3162923302043,573.1838332385263,2609.94,13.1499,2541.5026829450994,593.7599819648196,2593.92,12.9898,2527.5418360550166,583.0550860696067,7548.360811330321,1749.9989012729525,7748.564195545126,7748.57,16.0,66,1800.0,uhs0_1247_circuit_1_fire_baseline,uhs0_1247,circuit_1,fire_baseline,data,,,,,,summer,NC
NC_GSO_urban__NC,NC_GSO_urban,NC,2547.98,12.1932,2490.500037476635,538.1557801686041,2584.74,12.1193,2527.132792262723,542.6607760566552,2598.79,12.1223,2540.8410823091563,545.7435831505803,7558.473912048514,1626.5601393758398,7731.508634550201,7731.509999999999,16.0,67,2700.0,uhs0_1247_circuit_1_fire_baseline,uhs0_1247,circuit_1,fire_baseline,data,,,,,,summer,NC
NC_GSO_urban__NC,NC_GSO_urban,NC,2541.66,13.6011,2470.382922193869,597.6987312458331,2545.11,13.2079,2477.7852445165936,581.5197280882604,2559.08,13.2424,2491.0331727221896,586.2117184069438,7439.201339432651,1765.4301777410374,7645.813251780042,7645.85,17.0,68,0.0,uhs0_1247_circuit_1_fire_baseline,uhs0_1247,circuit_1,fire_baseline,data,,,,,,summer,NC
NC_GSO_urban__NC,NC_GSO_urban,NC,2515.56,13.1272,2449.8240387592587,571.3180311501415,2541.13,13.0072,2475.929150049825,571.9410116730162,2557.84,13.0327,2491.953933197163,576.81111329723,7417.707122006246,1720.0701561203878,7614.526924887599,7614.530000000001,17.0,69,900.0,uhs0_1247_circuit_1_fire_baseline,uhs0_1247,circuit_1,fire_baseline,data,,,,,,summer,NC
NC_GSO_urban__NC,NC_GSO_urban,NC,2370.59,10.5104,2330.815797734116,432.42879776106406,2401.05,10.5331,2360.5910236689506,438.9204044853415,2426.98,10.6736,2384.988977593105,449.5102859328076,7076.395798996172,1320.8594881792133,7198.614261895391,7198.620000000001,17.0,70,1800.0,uhs0_1247_circuit_1_fire_baseline,uhs0_1247,circuit_1,fire_baseline,data,,,,,,summer,NC
NC_GSO_urban__NC,NC_GSO_urban,NC,2395.87,10.2699,2357.4853710506577,427.14843108940767,2397.6,10.3244,2358.779988343181,429.70074073911366,2414.71,10.5405,2373.963814567984,441.7241121127836,7090.229173961823,1298.573283941305,7208.164975433447,7208.179999999999,17.0,71,2700.0,uhs0_1247_circuit_1_fire_baseline,uhs0_1247,circuit_1,fire_baseline,data,,,,,,summer,NC
NC_GSO_urban__NC,NC_GSO_urban,NC,2398.58,10.422,2359.0084284797704,433.89543758998434,2348.36,10.1823,2311.3739560824147,415.14470337934944,2395.38,10.4699,2355.4981404184946,435.28594611475074,7025.880524980679,1284.3260870840843,7142.302895373978,7142.320000000001,18.0,72,0.0,uhs0_1247_circuit_1_fire_baseline,uhs0_1247,circuit_1,fire_baseline,data,,,,,,summer,NC
NC_GSO_urban__NC,NC_GSO_urban,NC,2497.16,10.3967,2456.161293345509,450.6437247663776,2439.25,10.1807,2400.8445035970176,431.145256320872,2444.8,9.97546,2407.8396037041184,423.5038167879896,7264.845400646645,1305.292797875239,7381.176598854799,7381.21,18.0,73,900.0,uhs0_1247_circuit_1_fire_baseline,uhs0_1247,circuit_1,fire_baseline,data,,,,,,summer,NC
NC_GSO_urban__NC,NC_GSO_urban,NC,2651.3,10.044,2610.6664689247923,462.3983975229116,2641.67,9.83632,2602.836933481097,451.2873658842232,2628.79,9.69533,2591.2435151849245,442.7119934134125,7804.746917590814,1356.397756820547,7921.735246923563,7921.76,18.0,74,1800.0,uhs0_1247_circuit_1_fire_baseline,uhs0_1247,circuit_1,fire_baseline,data,,,,,,summer,NC
NC_GSO_urban__NC,NC_GSO_urban,NC,2564.92,9.55647,2529.3252039129707,425.8269827648412,2572.14,9.18743,2539.1428321126664,410.6797508167009,2590.2,9.3239,2555.97884784198,419.6524387923741,7624.446883867617,1256.159172373916,7727.23276155557,7727.259999999999,18.0,75,2700.0,uhs0_1247_circuit_1_fire_baseline,uhs0_1247,circuit_1,fire_baseline,data,,,,,,summer,NC
NC_GSO_urban__NC,NC_GSO_urban,NC,2428.59,8.72649,2400.476271994944,368.46038550874994,2384.63,8.0841,2360.933265716898,335.3421412995161,2485.0,8.56705,2457.272899852681,370.1822465348619,7218.682437564523,1073.984773343128,7298.138079522432,7298.22,19.0,76,0.0,uhs0_1247_circuit_1_fire_baseline,uhs0_1247,circuit_1,fire_baseline,data,,,,,,summer,NC
NC_GSO_urban__NC,NC_GSO_urban,NC,2470.13,8.58666,2442.442733001656,368.8030814776423,2442.73,8.14426,2418.093891949744,346.0517051183848,2445.67,7.94294,2422.2066774399564,337.95940683059274,7282.743302391355,1052.8141934266198,7358.44873151989,7358.530000000001,19.0,77,900.0,uhs0_1247_circuit_1_fire_baseline,uhs0_1247,circuit_1,fire_baseline,data,,,,,,summer,NC
NC_GSO_urban__NC,NC_GSO_urban,NC,2501.73,8.25776,2475.7919218967245,359.3151157005852,2456.58,7.98757,2432.7468461605054,341.3620935255018,2492.2,8.06193,2467.5697382934595,349.514558578534,7376.108506350689,1050.191767804621,7450.495248412926,7450.509999999999,19.0,78,1800.0,uhs0_1247_circuit_1_fire_baseline,uhs0_1247,circuit_1,fire_baseline,data,,,,,,summer,NC
NC_GSO_urban__NC,NC_GSO_urban,NC,2496.52,8.54164,2468.829051885856,370.8034829453322,2448.92,8.34719,2422.977509679976,355.51252296511814,2483.95,8.26101,2458.176025337071,356.90086993174486,7349.982586902902,1083.2168758421951,7429.374322773433,7429.39,19.0,79,2700.0,uhs0_1247_circuit_1_fire_baseline,uhs0_1247,circuit_1,fire_baseline,data,,,,,,summer,NC
NC_GSO_urban__NC,NC_GSO_urban,NC,2636.6,8.93185,2604.627827950392,409.3573473951907,2655.58,9.32876,2620.458557575372,430.4672861321801,2586.39,8.42303,2558.491994981492,378.8560989552952,7783.578380507255,1218.680732482666,7878.405621267822,7878.57,20.0,80,0.0,uhs0_1247_circuit_1_fire_baseline,uhs0_1247,circuit_1,fire_baseline,data,,,,,,summer,NC
NC_GSO_urban__NC,NC_GSO_urban,NC,2621.49,8.63698,2591.761416278959,393.6782711652781,2627.63,8.659,2597.679941357439,395.5987097668707,2641.15,8.26592,2613.7123558374774,379.7117899703746,7803.1537134738755,1168.9887709025234,7890.230834557207,7890.27,20.0,81,900.0,uhs0_1247_circuit_1_fire_baseline,uhs0_1247,circuit_1,fire_baseline,data,,,,,,summer,NC
NC_GSO_urban__NC,NC_GSO_urban,NC,2542.58,8.27326,2516.119503404376,365.8629538339685,2548.03,8.28419,2521.44279639964,367.1281865838761,2577.99,8.16904,2551.8315389543304,366.3171261324972,7589.393838758347,1099.3082665503416,7668.596840667076,7668.6,20.0,82,1800.0,uhs0_1247_circuit_1_fire_baseline,uhs0_1247,circuit_1,fire_baseline,data,,,,,,summer,NC
NC_GSO_urban__NC,NC_GSO_urban,NC,2546.44,8.15301,2520.70280580167,361.12883909152055,2581.49,8.31758,2554.336467944596,373.4378510921543,2626.66,8.27096,2599.3396575143133,377.8572488035283,7674.3789312605795,1112.4239389872032,7754.584386065321,7754.59,20.0,83,2700.0,uhs0_1247_circuit_1_fire_baseline,uhs0_1247,circuit_1,fire_baseline,data,,,,,,summer,NC
NC_GSO_urban__NC,NC_GSO_urban,NC,2494.84,7.73241,2472.1550445562534,335.6725506726293,2513.18,7.4847,2491.766905035448,327.370437532263,2539.83,7.54619,2517.833327914489,333.54424255719084,7481.75527750619,996.5872307620832,7547.837315483805,7547.85,21.0,84,0.0,uhs0_1247_circuit_1_fire_baseline,uhs0_1247,circuit_1,fire_baseline,data,,,,,,summer,NC
NC_GSO_urban__NC,NC_GSO_urban,NC,2537.36,8.4809,2509.6141760590044,374.20910855253646,2659.99,9.02373,2627.068543193644,417.2021925426868,2686.85,9.0755,2653.2142538606795,423.8125123336,7789.896973113327,1215.2238134288232,7884.114647089086,7884.200000000001,21.0,85,900.0,uhs0_1247_circuit_1_fire_baseline,uhs0_1247,circuit_1,fire_baseline,data,,,,,,summer,NC
NC_GSO_urban__NC,NC_GSO_urban,NC,2377.36,8.03163,2354.0406841780177,332.1641564568497,2438.4,8.50186,2411.6045796415005,360.4967565071023,2446.3,8.24662,2421.0048911353933,350.8831815554907,7186.650154954912,1043.5440945194428,7262.019328459534,7262.06,21.0,86,1800.0,uhs0_1247_circuit_1_fire_baseline,uhs0_1247,circuit_1,fire_baseline,data,,,,,,summer,NC
NC_GSO_urban__NC,NC_GSO_urban,NC,2355.69,7.64883,2334.7301670572497,313.544930006574,2332.6,7.82402,2310.885494508541,317.5389602395521,2322.95,7.83354,2301.2727534423693,316.6076700962494,6946.88841500816,947.6915603423756,7011.23227001636,7011.24,21.0,87,2700.0,uhs0_1247_circuit_1_fire_baseline,uhs0_1247,circuit_1,fire_baseline,data,,,,,,summer,NC
NC_GSO_urban__NC,NC_GSO_urban,NC,2357.63,7.97957,2334.8025560139945,327.28617650386366,2286.16,7.64703,2265.8283710750225,304.21922758351377,2283.54,7.72172,2262.8336272096526,306.82064332310904,6863.464554298669,938.3260474104864,6927.308384889705,6927.33,22.0,88,0.0,uhs0_1247_circuit_1_fire_baseline,uhs0_1247,circuit_1,fire_baseline,data,,,,,,summer,NC
NC_GSO_urban__NC,NC_GSO_urban,NC,2677.5,9.7841,2638.5560166665887,455.0037328556167,2832.63,10.7955,2782.498013965313,530.5633978885942,2582.67,9.55201,2546.862246227164,428.5755798487922,7967.916276859065,1414.142710593003,8092.434083819216,8092.8,22.0,89,900.0,uhs0_1247_circuit_1_fire_baseline,uhs0_1247,circuit_1,fire_baseline,data,,,,,,summer,NC
NC_GSO_urban__NC,NC_GSO_urban,NC,2450.0,9.76805,2414.4815161476645,415.6669438159309,2723.34,11.5789,2667.917942273917,546.6210834690784,2357.37,9.21515,2326.945677169517,377.514413502446,7409.345135591098,1339.8024407874552,7529.506352918994,7530.71,22.0,90,1800.0,uhs0_1247_circuit_1_fire_baseline,uhs0_1247,circuit_1,fire_baseline,data,,,,,,summer,NC
NC_GSO_urban__NC,NC_GSO_urban,NC,2422.55,9.62255,2388.465509411521,404.94569123718486,2695.68,11.4,2642.497400004283,532.8209393132028,2350.27,9.29645,2319.4009130286754,379.66890515520015,7350.36382244448,1317.435535705588,7467.495210111654,7468.5,22.0,91,2700.0,uhs0_1247_circuit_1_fire_baseline,uhs0_1247,circuit_1,fire_baseline,data,,,,,,summer,NC
NC_GSO_urban__NC,NC_GSO_urban,NC,2031.97,7.4416,2014.85550523013,263.1717574965779,2180.79,8.47139,2156.996593240783,321.2642539213711,2033.68,7.40507,2016.718623993091,262.1074856607769,6188.570722464004,846.5434970787259,6246.2023245636965,6246.4400000000005,23.0,92,0.0,uhs0_1247_circuit_1_fire_baseline,uhs0_1247,circuit_1,fire_baseline,data,,,,,,summer,NC
NC_GSO_urban__NC,NC_GSO_urban,NC,1940.27,6.48571,1927.8523855259173,219.16398545844555,1999.13,7.31606,1982.854657716199,254.57447490503856,1887.82,5.83224,1878.0480538165875,191.8328959165445,5788.755097058704,665.5713562800286,5826.892036413886,5827.22,23.0,93,900.0,uhs0_1247_circuit_1_fire_baseline,uhs0_1247,circuit_1,fire_baseline,data,,,,,,summer,NC
NC_GSO_urban__NC,NC_GSO_urban,NC,1705.41,4.28863,1700.6348400009217,127.53199235894074,1760.32,5.62847,1751.8331252229448,172.64762891974442,1709.47,4.70352,1703.713105058201,140.17609123150385,5156.181070282068,440.355712510189,5174.9508580348365,5175.2,23.0,94,1800.0,uhs0_1247_circuit_1_fire_baseline,uhs0_1247,circuit_1,fire_baseline,data,,,,,,summer,NC
NC_GSO_urban__NC,NC_GSO_urban,NC,1700.59,4.60841,1695.0921556926437,136.63429953443608,1732.08,5.25345,1724.804252645128,158.59198106235306,1675.45,4.41371,1670.481228511082,128.93861986273217,5090.377636848853,424.1649004595213,5108.019219669475,5108.12,23.0,95,2700.0,uhs0_1247_circuit_1_fire_baseline,uhs0_1247,circuit_1,fire_baseline,data,,,,,,summer,NC
NC_GSO_urban__NC,NC_GSO_urban,NC,1676.06,4.48418,1670.9295118862776,131.04079482163496,1691.64,5.11486,1684.9038500179638,150.8141432182106,1631.02,3.38415,1628.1758206818172,96.279475211962,4984.009182586058,378.1344132518076,4998.333038782774,4998.719999999999,24.0,96,0.0,uhs0_1247_circuit_1_fire_baseline,uhs0_1247,circuit_1,fire_baseline,data,,,,,,summer,NC
NC_GSO_urban__NC,NC_GSO_urban,NC,,,,,,,,,,,,,,,,,,0,,uhs0_1247_circuit_1_fire_baseline,uhs0_1247,circuit_1,fire_baseline,summary,3503.0,324.0,3.0,3.0,1000.0,summer,NC
NC_GSO_urban__NC,NC_GSO_urban,NC,3697.22,16.6621,3541.98248890484,1060.092343473659,3745.85,17.5064,3572.3547977176218,1126.7978619627784,3443.54,16.094,3308.5814318793136,954.5976326303304,10422.918718501776,3141.487838066768,10886.054402271566,10886.61,0.0,1,900.0,uhs0_1247_circuit_1_fire_mixed,uhs0_1247,circuit_1,fire_mixed,data,,,,,,summer,NC
NC_GSO_urban__NC,NC_GSO_urban,NC,3155.75,15.0201,3047.933707331375,817.8375011047245,2994.84,15.0808,2891.697328761095,779.2003493556373,2905.47,14.2895,2815.5776057584403,717.132251995104,8755.20864185091,2314.170102455466,9055.885468878214,9056.06,0.0,2,1800.0,uhs0_1247_circuit_1_fire_mixed,uhs0_1247,circuit_1,fire_mixed,data,,,,,,summer,NC
NC_GSO_urban__NC,NC_GSO_urban,NC,3095.64,14.66,2994.8604291034253,783.4526276619714,2881.32,14.4959,2789.594776116287,721.2252959129509,2841.82,14.0274,2757.0767098847205,688.8170498842526,8541.531915104433,2193.4949734591746,8818.684009269085,8818.78,0.0,3,2700.0,uhs0_1247_circuit_1_fire_mixed,uhs0_1247,circuit_1,fire_mixed,data,,,,,,summer,NC
NC_GSO_urban__NC,NC_GSO_urban,NC,3122.94,15.4821,3009.6206717942537,833.6292074469958,2839.7,14.8888,2744.3608333219813,729.6435475821607,2868.78,14.367,2779.0624500496024,711.8360675916208,8533.043955165838,2275.1088226207776,8831.135787403518,8831.42,1.0,4,0.0,uhs0_1247_circuit_1_fire_mixed,uhs0_1247,circuit_1,fire_mixed,data,,,,,,summer,NC
NC_GSO_urban__NC,NC_GSO_urban,NC,3056.85,15.4256,2946.7320420942706,813.0819113686691,2874.22,15.2659,2772.8011169075417,756.779079042416,2822.82,14.3751,2734.440743707333,700.8185011493991,8453.973902709145,2270.679491560484,8753.608404599823,8753.89,1.0,5,900.0,uhs0_1247_circuit_1_fire_mixed,uhs0_1247,circuit_1,fire_mixed,data,,,,,,summer,NC
NC_GSO_urban__NC,NC_GSO_urban,NC,3015.2,15.6049,2904.058416230086,811.0954044520313,2818.79,15.4207,2717.3118697539376,749.5286963114614,2801.19,14.4603,2712.450808396356,699.4826860830498,8333.821094380379,2260.1067868465425,8634.851285406668,8635.18,1.0,6,1800.0,uhs0_1247_circuit_1_fire_mixed,uhs0_1247,circuit_1,fire_mixed,data,,,,,,summer,NC
NC_GSO_urban__NC,NC_GSO_urban,NC,2986.1,16.0067,2870.327281978087,823.4163614674458,2784.91,15.7154,2680.8072221293373,754.3184644957222,2755.67,14.9255,2662.6979499551417,709.7582519454672,8213.832454062565,2287.493077908636,8526.410039687946,8526.68,1.0,7,2700.0,uhs0_1247_circuit_1_fire_mixed,uhs0_1247,circuit_1,fire_mixed,data,,,,,,summer,NC
NC_GSO_urban__NC,NC_GSO_urban,NC,2946.67,16.2143,2829.4633265307825,822.8009314028267,2810.78,15.8845,2703.4514547564854,769.3077668755477,2774.26,15.303,2675.894729886114,732.192558120965,8208.809511173382,2324.30125639934,8531.525650270889,8531.710000000001,2.0,8,0.0,uhs0_1247_circuit_1_fire_mixed,uhs0_1247,circuit_1,fire_mixed,data,,,,,,summer,NC
NC_GSO_urban__NC,NC_GSO_urban,NC,2931.09,16.1299,2815.705607186936,814.3037036364568,2799.06,15.8282,2692.930464066012,763.4542548870967,2775.27,15.2146,2677.995822376767,728.3281871742861,8186.631893629715,2306.08614569784,8505.232217475004,8505.42,2.0,9,900.0,uhs0_1247_circuit_1_fire_mixed,uhs0_1247,circuit_1,fire_mixed,data,,,,,,summer,NC
NC_GSO_urban__NC,NC_GSO_urban,NC,2906.13,16.3642,2788.403260963425,818.7788658414031,2776.69,16.0115,2668.9720672371486,765.8952019746972,2756.01,15.4182,2656.8239608384984,732.7192922357333,8114.199289039073,2317.393360051834,8438.633899361586,8438.83,2.0,10,1800.0,uhs0_1247_circuit_1_fire_mixed,uhs0_1247,circuit_1,fire_mixed,data,,,,,,summer,NC
NC_GSO_urban__NC,NC_GSO_urban,NC,2895.98,16.5846,2775.505284073712,826.6018258381137,2798.25,16.0715,2688.8859303965146,774.658321981808,2770.35,15.4494,2670.246409651704,737.9859309242843,8134.63762412193,2339.246078744206,8464.301595093373,8464.58,2.0,11,2700.0,uhs0_1247_circuit_1_fire_mixed,uhs0_1247,circuit_1,fire_mixed,data,,,,,,summer,NC
NC_GSO_urban__NC,NC_GSO_urban,NC,2941.82,16.5215,2820.3613477282424,836.5804089509471,2855.65,16.1163,2743.423590103836,792.6940946933951,2793.19,15.4045,2692.843377041124,741.9601895154183,8256.628314873204,2371.2346931597604,8590.382127705983,8590.66,3.0,12,0.0,uhs0_1247_circuit_1_fire_mixed,uhs0_1247,circuit_1,fire_mixed,data,,,,,,summer,NC
NC_GSO_urban__NC,NC_GSO_urban,NC,2922.93,16.615,2800.891091771855,835.7803999455036,2821.99,16.1317,2710.8757731966284,784.0791429413099,2785.07,15.6556,2681.747113417723,751.5632538753549,8193.513978386207,2371.422796762168,8529.789997122642,8529.99,3.0,13,900.0,uhs0_1247_circuit_1_fire_mixed,uhs0_1247,circuit_1,fire_mixed,data,,,,,,summer,NC
NC_GSO_urban__NC,NC_GSO_urban,NC,3425.35,18.9354,3239.987345750465,1111.5325554732349,3056.23,17.3522,2917.139372426612,911.504083774985,3071.39,16.8896,2938.909692297609,892.3263711328784,9096.036410474686,2915.3630103810983,9551.817620902291,9552.97,3.0,14,1800.0,uhs0_1247_circuit_1_fire_mixed,uhs0_1247,circuit_1,fire_mixed,data,,,,,,summer,NC
NC_GSO_urban__NC,NC_GSO_urban,NC,3302.54,18.0644,3139.753123583584,1024.0706882569805,3026.71,16.8695,2896.465210488097,878.3294988397832,3024.61,16.2586,2903.649318107468,846.80947653769,8939.86765217915,2749.2096636344536,9353.041612924651,9353.86,3.0,15,2700.0,uhs0_1247_circuit_1_fire_mixed,uhs0_1247,circuit_1,fire_mixed,data,,,,,,summer,NC
NC_GSO_urban__NC,NC_GSO_urban,NC,3323.43,18.3803,3153.8835073817004,1047.9531414933122,3022.35,16.9895,2890.449567901167,883.1199340519706,3028.02,16.4881,2903.5038888104623,859.4011217484656,8947.83696409333,2790.474197293748,9372.861493789243,9373.8,4.0,16,0.0,uhs0_1247_circuit_1_fire_mixed,uhs0_1247,circuit_1,fire_mixed,data,,,,,,summer,NC
NC_GSO_urban__NC,NC_GSO_urban,NC,3379.51,18.35,3207.665654417608,1063.940265978151,3070.51,17.1613,2933.804379050448,905.9931156274966,3080.61,16.6569,2951.3426354280364,883.0258322408774,9092.812668896093,2852.959213846525,9529.88029869783,9530.63,4.0,17,900.0,uhs0_1247_circuit_1_fire_mixed,uhs0_1247,circuit_1,fire_mixed,data,,,,,,summer,NC
NC_GSO_urban__NC,NC_GSO_urban,NC,3370.12,17.9801,3205.53610141582,1040.3110673831477,3102.55,16.8952,2968.6375337138666,901.6693939162252,3073.38,16.266,2950.3577432887937,860.8448240048016,9124.53137841848,2802.8252853041745,9545.307876422,9546.05,4.0,18,1800.0,uhs0_1247_circuit_1_fire_mixed,uhs0_1247,circuit_1,fire_mixed,data,,,,,,summer,NC
NC_GSO_urban__NC,NC_GSO_urban,NC,3294.52,17.9154,3134.7745168970555,1013.4351279745694,3055.95,16.8371,2924.9479748678946,885.1608592884122,3026.16,16.2476,2905.2999357838585,846.6856729237284,8965.022427548809,2745.28166018671,9375.937207565474,9376.63,4.0,19,2700.0,uhs0_1247_circuit_1_fire_mixed,uhs0_1247,circuit_1,fire_mixed,data,,,,,,summer,NC
NC_GSO_urban__NC,NC_GSO_urban,NC,3345.76,18.0028,3181.9563204357883,1034.0522000550736,3106.93,17.1589,2968.6412810473744,916.6149515262132,3063.59,16.5158,2937.1904975129823,870.9165685755661,9087.788098996143,2821.583720156853,9515.735768825769,9516.28,5.0,20,0.0,uhs0_1247_circuit_1_fire_mixed,uhs0_1247,circuit_1,fire_mixed,data,,,,,,summer,NC
NC_GSO_urban__NC,NC_GSO_urban,NC,3357.98,17.7193,3198.67411821229,1022.0144646133092,3098.34,16.7957,2966.168491560439,895.2961718191749,3085.85,16.1523,2964.037981737245,858.4573753652506,9128.880591509977,2775.7680117977347,9541.559039767404,9542.17,5.0,21,900.0,uhs0_1247_circuit_1_fire_mixed,uhs0_1247,circuit_1,fire_mixed,data,,,,,,summer,NC
NC_GSO_urban__NC,NC_GSO_urban,NC,3402.97,17.6908,3242.044527562108,1034.0948226369717,3189.93,17.0706,3049.393706832981,936.4034523790544,3135.84,16.3998,3008.258224454334,885.3671332294064,9299.696458849425,2855.8654082454323,9728.325727315536,9728.74,5.0,22,1800.0,uhs0_1247_circuit_1_fire_mixed,uhs0_1247,circuit_1,fire_mixed,data,,,,,,summer,NC
NC_GSO_urban__NC,NC_GSO_urban,NC,3474.37,17.8162,3307.749364733086,1063.03388328306,3284.57,17.2846,3136.241097117864,975.905664318504,3205.9,16.6145,3072.0544567243032,916.66581965313,9516.044918575251,2955.605367254694,9964.472589118135,9964.84,5.0,23,2700.0,uhs0_1247_circuit_1_fire_mixed,uhs0_1247,circuit_1,fire_mixed,data,,,,,,summer,NC
NC_GSO_urban__NC,NC_GSO_urban,NC,3641.75,18.6122,3451.288195599378,1162.3049743575857,3357.87,17.7098,3198.738743617254,1021.4506287539858,3320.98,17.293,3170.862151439688,987.1886227906368,9820.88909065632,3170.944225902208,10320.11384698613,10320.6,6.0,24,0.0,uhs0_1247_circuit_1_fire_mixed,uhs0_1247,circuit_1,fire_mixed,data,,,,,,summer,NC
NC_GSO_urban__NC,NC_GSO_urban,NC,4261.66,20.5845,3989.5729698105183,1498.3502508283166,3724.21,19.1491,3518.142584541668,1221.643515488243,3683.29,18.6334,3490.220464482323,1176.8544232014408,10997.936018834507,3896.848189518001,11667.905659822896,11669.16,6.0,25,900.0,uhs0_1247_circuit_1_fire_mixed,uhs0_1247,circuit_1,fire_mixed,data,,,,,,summer,NC
NC_GSO_urban__NC,NC_GSO_urban,NC,4493.37,20.5157,4208.383361223766,1574.7645671258172,3911.5,18.9595,3699.295140147242,1270.845276216975,3861.28,18.5317,3661.064736155961,1227.2278664026835,11568.74323752697,4072.837709745476,12264.739178056368,12266.15,6.0,26,1800.0,uhs0_1247_circuit_1_fire_mixed,uhs0_1247,circuit_1,fire_mixed,data,,,,,,summer,NC
NC_GSO_urban__NC,NC_GSO_urban,NC,4472.58,19.9138,4205.1470768842055,1523.3876454048782,3925.09,18.597,3720.141854979402,1251.7492108766894,3905.24,18.0528,3712.9902790927736,1210.207686706115,11638.279210956382,3985.344542987683,12301.728094804452,12302.91,6.0,27,2700.0,uhs0_1247_circuit_1_fire_mixed,uhs0_1247,circuit_1,fire_mixed,data,,,,,,summer,NC
NC_GSO_urban__NC,NC_GSO_urban,NC,4475.4,19.6632,4214.425375670795,1505.9295843106595,3924.95,18.294,3726.5765651551696,1232.0144506199165,3906.79,17.7413,3720.991195168785,1190.475799660109,11661.99313599475,3928.419834590685,12305.8752756882,12307.14,7.0,28,0.0,uhs0_1247_circuit_1_fire_mixed,uhs0_1247,circuit_1,fire_mixed,data,,,,,,summer,NC
NC_GSO_urban__NC,NC_GSO_urban,NC,4600.81,19.4752,4337.578742740618,1533.9045950204088,4023.04,18.0486,3825.0825218525815,1246.4327268721308,4101.42,17.768,3905.7821704442495,1251.603632720762,12068.443435037449,4031.940954613302,12724.145346787993,12725.27,7.0,29,900.0,uhs0_1247_circuit_1_fire_mixed,uhs0_1247,circuit_1,fire_mixed,data,,,,,,summer,NC
NC_GSO_urban__NC,NC_GSO_urban,NC,4569.34,17.8645,4349.027704056831,1401.7225349355613,4064.7,16.6467,3894.345986223564,1164.4120531772326,4084.93,16.1981,3922.770275803667,1139.529055430892,12166.14396608406,3705.663643543686,12717.979479562193,12718.97,7.0,30,1800.0,uhs0_1247_circuit_1_fire_mixed,uhs0_1247,circuit_1,fire_mixed,data,,,,,,summer,NC
NC_GSO_urban__NC,NC_GSO_urban,NC,4646.87,18.2416,4413.341679225967,1454.5844833858655,4142.41,16.8854,3963.820883929074,1203.197659666828,4173.98,16.6673,3998.6158318027633,1197.1551570520382,12375.778394957804,3854.937300104732,12962.26957244923,12963.259999999998,7.0,31,2700.0,uhs0_1247_circuit_1_fire_mixed,uhs0_1247,circuit_1,fire_mixed,data,,,,,,summer,NC
NC_GSO_urban__NC,NC_GSO_urban,NC,4483.54,17.085,4285.68120772207,1317.219616228781,4094.66,15.9193,3937.625580605308,1123.096301553305,4103.15,15.7614,3948.876523030697,1114.5466021468053,12172.183311358076,3554.862519928892,12680.65826764917,12681.35,8.0,32,0.0,uhs0_1247_circuit_1_fire_mixed,uhs0_1247,circuit_1,fire_mixed,data,,,,,,summer,NC
NC_GSO_urban__NC,NC_GSO_urban,NC,3965.45,13.9561,3848.393095861221,956.3808248954448,3811.11,13.465,3706.351514096272,887.4220450587608,3715.03,12.8665,3621.751387058304,827.2634352135088,11176.495997015796,2671.0663051677143,11491.24266465174,11491.59,8.0,33,900.0,uhs0_1247_circuit_1_fire_mixed,uhs0_1247,circuit_1,fire_mixed,data,,,,,,summer,NC
NC_GSO_urban__NC,NC_GSO_urban,NC,3997.77,16.4093,3834.933365959555,1129.358690385883,3959.53,16.3517,3799.3735281385634,1114.7370158830854,3799.98,15.7317,3657.6399089389033,1030.300100425799,11291.946803037024,3274.3958066947675,11757.114037956691,11757.28,8.0,34,1800.0,uhs0_1247_circuit_1_fire_mixed,uhs0_1247,circuit_1,fire_mixed,data,,,,,,summer,NC
NC_GSO_urban__NC,NC_GSO_urban,NC,3992.85,15.9496,3839.1403970719753,1097.2019568292956,4013.11,16.0919,3855.8697245229305,1112.349108691808,3809.68,15.6301,3668.802446930744,1026.4259874900836,11363.812568525647,3235.977053011188,11815.573772788031,11815.64,8.0,35,2700.0,uhs0_1247_circuit_1_fire_mixed,uhs0_1247,circuit_1,fire_mixed,data,,,,,,summer,NC
NC_GSO_urban__NC,NC_GSO_urban,NC,4064.72,15.888,3909.44227504566,1112.7487481394064,3935.1,15.2667,3796.232749523788,1036.160663914171,3863.01,15.0017,3731.351459297313,999.931271288088,11437.02648386676,3148.840683341665,11862.578659032668,11862.83,9.0,36,0.0,uhs0_1247_circuit_1_fire_mixed,uhs0_1247,circuit_1,fire_mixed,data,,,,,,summer,NC
NC_GSO_urban__NC,NC_GSO_urban,NC,4193.1,16.0826,4028.9960155522535,1161.5845714643715,4039.25,15.4035,3894.1568299769374,1072.885430064167,3999.16,15.2082,3859.1052611174655,1049.0887899579805,11782.258106646656,3283.558791486519,12231.24541609681,12231.51,9.0,37,900.0,uhs0_1247_circuit_1_fire_mixed,uhs0_1247,circuit_1,fire_mixed,data,,,,,,summer,NC
NC_GSO_urban__NC,NC_GSO_urban,NC,4099.34,16.9606,3921.041592870944,1195.8349646067768,3959.37,16.6962,3792.449102614852,1137.5150992298095,3924.92,16.2586,3767.95397807531,1098.872069672556,11481.444673561104,3432.2221335091426,11983.47698148558,11983.63,9.0,38,1800.0,uhs0_1247_circuit_1_fire_mixed,uhs0_1247,circuit_1,fire_mixed,data,,,,,,summer,NC
NC_GSO_urban__NC,NC_GSO_urban,NC,4629.81,19.4047,4366.815529314168,1538.2011471327885,4267.37,18.6385,4043.562961584692,1363.8347746704642,4242.37,18.2823,4028.2254794851897,1330.8278263270252,12438.60397038405,4232.863748130278,13139.102109439951,13139.55,9.0,39,2700.0,uhs0_1247_circuit_1_fire_mixed,uhs0_1247,circuit_1,fire_mixed,data,,,,,,summer,NC
NC_GSO_urban__NC,NC_GSO_urban,NC,4700.31,17.8608,4473.776045066417,1441.610902667529,4277.15,16.6889,4096.988519300584,1228.2903546064354,4312.16,16.978,4124.2229070891335,1259.1700751849446,12694.987471456134,3929.0713324589087,13289.104877153262,13289.62,10.0,40,0.0,uhs0_1247_circuit_1_fire_mixed,uhs0_1247,circuit_1,fire_mixed,data,,,,,,summer,NC
NC_GSO_urban__NC,NC_GSO_urban,NC,4689.32,17.6572,4468.398296185016,1422.3708127808443,4328.15,16.6279,4147.161248121712,1238.5217012945575,4387.17,17.0706,4193.887824750527,1287.8530670496896,12809.447369057256,3948.745581125091,13404.27295921352,13404.64,10.0,41,900.0,uhs0_1247_circuit_1_fire_mixed,uhs0_1247,circuit_1,fire_mixed,data,,,,,,summer,NC
NC_GSO_urban__NC,NC_GSO_urban,NC,4638.58,17.8211,4416.005862993223,1419.6184819906634,4301.02,16.8789,4115.734529181821,1248.8003546205837,4365.46,17.0001,4174.707932331764,1276.344268340735,12706.448324506808,3944.7631049519823,13304.697853673802,13305.06,10.0,42,1800.0,uhs0_1247_circuit_1_fire_mixed,uhs0_1247,circuit_1,fire_mixed,data,,,,,,summer,NC
NC_GSO_urban__NC,NC_GSO_urban,NC,4303.43,17.0933,4113.3362755964645,1264.9009640134716,4137.4,16.5933,3965.102012912063,1181.5433920092407,4178.64,16.4687,4007.210232543466,1184.608965776867,12085.648521051991,3631.0533217995794,12619.328365652347,12619.47,10.0,43,2700.0,uhs0_1247_circuit_1_fire_mixed,uhs0_1247,circuit_1,fire_mixed,data,,,,,,summer,NC
NC_GSO_urban__NC,NC_GSO_urban,NC,4130.16,16.424,3961.631396231661,1167.774938073078,4069.59,16.3631,3904.753743401267,1146.4994424306524,4069.23,16.1292,3909.05574724952,1130.4494494649025,11775.440886882448,3444.7238299686323,12268.949846878366,12268.98,11.0,44,0.0,uhs0_1247_circuit_1_fire_mixed,uhs0_1247,circuit_1,fire_mixed,data,,,,,,summer,NC
NC_GSO_urban__NC,NC_GSO_urban,NC,4237.89,16.7251,4058.612491248904,1219.5803778260672,4137.32,16.5,3966.944065464872,1175.062365950433,4091.27,16.208,3928.661335696679,1141.9764981390745,11954.217892410456,3536.619241915575,12466.394871072942,12466.48,11.0,45,900.0,uhs0_1247_circuit_1_fire_mixed,uhs0_1247,circuit_1,fire_mixed,data,,,,,,summer,NC
NC_GSO_urban__NC,NC_GSO_urban,NC,4161.14,15.5992,4007.869907183021,1118.9570620433842,4083.81,15.3778,3937.60235347307,1082.9551338921392,4060.26,15.84,3906.0824738341216,1108.255825703575,11851.554734490212,3310.1680216390987,12305.143719441046,12305.21,11.0,46,1800.0,uhs0_1247_circuit_1_fire_mixed,uhs0_1247,circuit_1,fire_mixed,data,,,,,,summer,NC
NC_GSO_urban__NC,NC_GSO_urban,NC,4098.79,15.2506,3954.449344880975,1078.151122464021,4141.17,15.4716,3991.1055853992702,1104.7013963486909,3966.28,15.4744,3822.501399165292,1058.234421940332,11768.056329445537,3241.086940753044,12206.219493787708,12206.24,11.0,47,2700.0,uhs0_1247_circuit_1_fire_mixed,uhs0_1247,circuit_1,fire_mixed,data,,,,,,summer,NC
NC_GSO_urban__NC,NC_GSO_urban,NC,4044.44,15.8982,3889.739829285446,1107.8894232144426,4041.73,15.8087,3888.858184767344,1101.0737539638465,3962.07,15.7425,3813.4557642039113,1074.96689221574,11592.0537782567,3283.9300693940286,12048.23254667114,12048.24,12.0,48,0.0,uhs0_1247_circuit_1_fire_mixed,uhs0_1247,circuit_1,fire_mixed,data,,,,,,summer,NC
NC_GSO_urban__NC,NC_GSO_urban,NC,3984.91,16.2403,3825.900992318623,1114.4457389551903,3984.06,16.1554,3826.731725957422,1108.5388496353785,3995.19,16.2178,3836.2092667306015,1115.8143205525969,11488.841985006648,3338.798909143165,11964.157651591986,11964.16,12.0,49,900.0,uhs0_1247_circuit_1_fire_mixed,uhs0_1247,circuit_1,fire_mixed,data,,,,,,summer,NC
NC_GSO_urban__NC,NC_GSO_urban,NC,3976.34,16.3844,3814.864063275633,1121.646991850878,3960.13,16.2692,3801.550668652698,1109.4332474584585,3966.86,16.6871,3799.804295469744,1139.0634643116614,11416.219027398076,3370.1437036209977,11903.27372887737,11903.33,12.0,50,1800.0,uhs0_1247_circuit_1_fire_mixed,uhs0_1247,circuit_1,fire_mixed,data,,,,,,summer,NC
NC_GSO_urban__NC,NC_GSO_urban,NC,4008.51,15.882,3855.494466227653,1096.9570825642827,4071.77,15.8829,3916.322159680949,1114.330146093137,4079.32,16.6404,3908.481723939148,1168.1704824355345,11680.29834984775,3379.457711092954,12159.362810711822,12159.6,12.0,51,2700.0,uhs0_1247_circuit_1_fire_mixed,uhs0_1247,circuit_1,fire_mixed,data,,,,,,summer,NC
NC_GSO_urban__NC,NC_GSO_urban,NC,3866.29,15.347,3728.42056390477,1023.2685193789728,3853.41,15.1961,3718.672971814424,1010.069283166696,3834.46,15.8518,3688.6409964977697,1047.382972248423,11135.734532216964,3080.720774794092,11554.021986488397,11554.16,13.0,52,0.0,uhs0_1247_circuit_1_fire_mixed,uhs0_1247,circuit_1,fire_mixed,data,,,,,,summer,NC
NC_GSO_urban__NC,NC_GSO_urban,NC,3728.43,14.864,3603.667224161041,956.4375580284648,3721.2,14.7759,3598.1427060797623,949.0513719946906,3650.72,15.0833,3524.947289694949,950.0016438260672,10726.757219935753,2855.4905738492225,11100.321926538238,11100.35,13.0,53,900.0,uhs0_1247_circuit_1_fire_mixed,uhs0_1247,circuit_1,fire_mixed,data,,,,,,summer,NC
NC_GSO_urban__NC,NC_GSO_urban,NC,3739.78,14.6935,3617.476233706546,948.588502443662,3666.06,14.4478,3550.12213644062,914.6741168057,3624.92,14.564,3508.441748081851,911.5270191916238,10676.040118229015,2774.789638440986,11030.7429551973,11030.76,13.0,54,1800.0,uhs0_1247_circuit_1_fire_mixed,uhs0_1247,circuit_1,fire_mixed,data,,,,,,summer,NC
NC_GSO_urban__NC,NC_GSO_urban,NC,3597.14,14.0474,3489.568447906709,873.1140973400651,3554.25,14.0355,3448.140166549947,861.9875024180469,3471.72,13.8978,3370.087844414199,833.8750981601827,10307.796458870856,2568.976697918295,10623.10261232366,10623.11,13.0,55,2700.0,uhs0_1247_circuit_1_fire_mixed,uhs0_1247,circuit_1,fire_mixed,data,,,,,,summer,NC
NC_GSO_urban__NC,NC_GSO_urban,NC,3650.78,14.3961,3536.145824407401,907.6713705555004,3582.29,14.1917,3472.961645573838,878.2591032679711,3520.41,13.9744,3416.21896401168,850.1379641134514,10425.32643399292,2636.0684379369227,10753.431455344788,10753.48,14.0,56,0.0,uhs0_1247_circuit_1_fire_mixed,uhs0_1247,circuit_1,fire_mixed,data,,,,,,summer,NC
NC_GSO_urban__NC,NC_GSO_urban,NC,3575.61,13.9136,3470.699573643765,859.7856370101745,3574.92,14.1698,3466.15132213627,875.127429836927,3437.4,13.6936,3339.6938609196327,813.7344009784255,10276.544756699668,2548.647467825527,10587.869287618963,10587.93,14.0,57,900.0,uhs0_1247_circuit_1_fire_mixed,uhs0_1247,circuit_1,fire_mixed,data,,,,,,summer,NC
NC_GSO_urban__NC,NC_GSO_urban,NC,3527.49,13.5356,3429.512852039593,825.6072297377592,3536.95,13.8079,3434.737031099321,844.1545058192944,3426.98,13.5753,3331.237989434694,804.3913090947062,10195.487872573607,2474.15304465176,10491.396772982856,10491.42,14.0,58,1800.0,uhs0_1247_circuit_1_fire_mixed,uhs0_1247,circuit_1,fire_mixed,data,,,,,,summer,NC
NC_GSO_urban__NC,NC_GSO_urban,NC,3475.09,13.9813,3372.139180731303,839.5998176969895,3475.57,13.9867,3372.525804227529,840.033644992543,3494.62,13.7955,3393.8107363084714,833.3172448217726,10138.475721267305,2512.950707511305,10445.267407257132,10445.28,14.0,59,2700.0,uhs0_1247_circuit_1_fire_mixed,uhs0_1247,circuit_1,fire_mixed,data,,,,,,summer,NC
NC_GSO_urban__NC,NC_GSO_urban,NC,3420.6,14.2984,3314.6388031930683,844.7922610718115,3393.07,13.9752,3292.636313039555,819.4328129586266,3435.31,13.2436,3343.947430084777,787.0008773371325,9951.2225463174,2451.2259513675704,10248.674979283596,10248.98,15.0,60,0.0,uhs0_1247_circuit_1_fire_mixed,uhs0_1247,circuit_1,fire_mixed,data,,,,,,summer,NC
NC_GSO_urban__NC,NC_GSO_urban,NC,3371.4,13.7104,3275.335714412674,799.0706588861971,3344.15,13.351,3253.7700519644523,772.2173731788524,3271.16,12.8465,3189.2803440208936,727.3091728020275,9718.38611039802,2298.597204867077,9986.519799259397,9986.71,15.0,61,900.0,uhs0_1247_circuit_1_fire_mixed,uhs0_1247,circuit_1,fire_mixed,data,,,,,,summer,NC
NC_GSO_urban__NC,NC_GSO_urban,NC,3423.9,15.1806,3304.423744964044,896.5907225249451,3449.95,15.0197,3332.0885973625923,894.0584890409515,3366.13,14.5512,3258.1563719139663,845.7234968099322,9894.668714240604,2636.372708375829,10239.869629152545,10239.98,15.0,62,1800.0,uhs0_1247_circuit_1_fire_mixed,uhs0_1247,circuit_1,fire_mixed,data,,,,,,summer,NC
NC_GSO_urban__NC,NC_GSO_urban,NC,3630.75,16.1252,3487.905736336309,1008.3943360274648,3648.1,15.9648,3507.3958983188763,1003.3980378971862,3579.64,15.5982,3447.80549101662,962.52783113822,10443.107125671804,2974.320205062871,10858.4099720218,10858.49,15.0,63,2700.0,uhs0_1247_circuit_1_fire_mixed,uhs0_1247,circuit_1,fire_mixed,data,,,,,,summer,NC
NC_GSO_urban__NC,NC_GSO_urban,NC,3589.91,17.1372,3430.524831214192,1057.8058378184724,3652.23,17.082,3491.1131267136657,1072.8061844469078,3491.41,16.5046,3347.55318785178,991.8827766441882,10269.191145779638,3122.494798909568,10733.417934552635,10733.55,16.0,64,0.0,uhs0_1247_circuit_1_fire_mixed,uhs0_1247,circuit_1,fire_mixed,data,,,,,,summer,NC
NC_GSO_urban__NC,NC_GSO_urban,NC,3598.93,17.1571,3438.77583216364,1061.658099873622,3634.22,16.9863,3475.675835656405,1061.712057873577,3464.27,16.2964,3325.0857640087243,972.0963403318208,10239.537431828769,3095.4664980790194,10697.19774794091,10697.42,16.0,65,900.0,uhs0_1247_circuit_1_fire_mixed,uhs0_1247,circuit_1,fire_mixed,data,,,,,,summer,NC
NC_GSO_urban__NC,NC_GSO_urban,NC,3210.69,16.5235,3078.098663725535,913.1477933341756,3264.43,16.3539,3132.3538880827623,919.1639378874698,3093.06,15.6417,2978.51344476184,833.9531299617279,9188.965996570136,2666.2648611833733,9567.970756440644,9568.18,16.0,66,1800.0,uhs0_1247_circuit_1_fire_mixed,uhs0_1247,circuit_1,fire_mixed,data,,,,,,summer,NC
NC_GSO_urban__NC,NC_GSO_urban,NC,3202.62,15.8159,3081.376482550704,872.865303001244,3231.34,15.6255,3111.918676874925,870.3564465878407,3085.39,15.0373,2979.7373863814382,800.4976953750173,9173.032545807067,2543.719444964102,9519.192964801385,9519.35,16.0,67,2700.0,uhs0_1247_circuit_1_fire_mixed,uhs0_1247,circuit_1,fire_mixed,data,,,,,,summer,NC
NC_GSO_urban__NC,NC_GSO_urban,NC,3147.68,16.7046,3014.846081421657,904.761011392776,3143.38,16.366,3016.0144872774167,885.7169056378806,2958.57,15.4071,2852.246359704781,786.0198142864004,8883.106928403855,2576.497731317057,9249.212358949197,9249.63,17.0,68,0.0,uhs0_1247_circuit_1_fire_mixed,uhs0_1247,circuit_1,fire_mixed,data,,,,,,summer,NC
NC_GSO_urban__NC,NC_GSO_urban,NC,3035.5,16.1642,2915.500066488969,845.0559817567231,3024.62,15.8076,2910.2345229353577,823.9303161768055,2945.77,15.3607,2840.539219172681,780.3190611806515,8666.273808597009,2449.30535911418,9005.742527285574,9005.89,17.0,69,900.0,uhs0_1247_circuit_1_fire_mixed,uhs0_1247,circuit_1,fire_mixed,data,,,,,,summer,NC
NC_GSO_urban__NC,NC_GSO_urban,NC,3126.53,14.5434,3026.348808369009,785.113196286679,3104.57,14.2484,3009.066544668469,764.1161002471829,2992.25,13.697,2907.154956670588,708.5267252585714,8942.570309708064,2257.7560217924333,9223.178736098102,9223.35,17.0,70,1800.0,uhs0_1247_circuit_1_fire_mixed,uhs0_1247,circuit_1,fire_mixed,data,,,,,,summer,NC
NC_GSO_urban__NC,NC_GSO_urban,NC,3088.33,14.5458,2989.3403364210794,775.6458869522284,3087.51,14.1833,2993.392841272079,756.5165549550601,2992.06,13.7039,2906.885018063489,708.8318103457473,8889.618195756648,2240.9942522530355,9167.735102246292,9167.9,17.0,71,2700.0,uhs0_1247_circuit_1_fire_mixed,uhs0_1247,circuit_1,fire_mixed,data,,,,,,summer,NC
NC_GSO_urban__NC,NC_GSO_urban,NC,3084.51,14.412,2987.443722599438,767.7121494422323,3047.91,14.0678,2956.499438651242,740.8552067407566,2987.37,13.3887,2906.177959001214,691.7435850917144,8850.121120251893,2200.3109412747035,9119.540124448262,9119.79,18.0,72,0.0,uhs0_1247_circuit_1_fire_mixed,uhs0_1247,circuit_1,fire_mixed,data,,,,,,summer,NC
NC_GSO_urban__NC,NC_GSO_urban,NC,3152.68,13.8606,3060.878520960584,755.2574808117737,3128.16,13.5715,3040.815029882649,734.0496847215311,3026.9,12.6616,2953.2908383917897,663.4733105944204,9054.984389235024,2152.780476127725,9307.373747072086,9307.74,18.0,73,900.0,uhs0_1247_circuit_1_fire_mixed,uhs0_1247,circuit_1,fire_mixed,data,,,,,,summer,NC
NC_GSO_urban__NC,NC_GSO_urban,NC,3336.47,13.418,3245.394460003103,774.2395365009238,3349.87,13.4183,3258.424610296008,777.3661144642914,3199.3,12.854,3119.125915363176,711.7401310238389,9622.944985662289,2263.345781989054,9885.53510569512,9885.64,18.0,74,1800.0,uhs0_1247_circuit_1_fire_mixed,uhs0_1247,circuit_1,fire_mixed,data,,,,,,summer,NC
NC_GSO_urban__NC,NC_GSO_urban,NC,3424.74,12.9295,3337.909552092209,766.2923003995174,3390.83,12.8867,3305.4251332832955,756.2359269164004,3266.97,12.2414,3192.688716780022,692.6988802109737,9836.023402155526,2215.227107526892,10082.389969926431,10082.54,18.0,75,2700.0,uhs0_1247_circuit_1_fire_mixed,uhs0_1247,circuit_1,fire_mixed,data,,,,,,summer,NC
NC_GSO_urban__NC,NC_GSO_urban,NC,3429.86,12.1272,3353.3179218723462,720.5543244265007,3372.96,12.0179,3299.033481404051,702.3085149526995,3268.45,12.0815,3196.0566717000747,684.0958659292135,9848.408074976473,2106.9587053084133,10071.266881437345,10071.27,19.0,76,0.0,uhs0_1247_circuit_1_fire_mixed,uhs0_1247,circuit_1,fire_mixed,data,,,,,,summer,NC
NC_GSO_urban__NC,NC_GSO_urban,NC,3455.77,12.4991,3373.866201123606,747.9125281847918,3474.56,12.4435,3392.938992533272,748.6869750084516,3238.16,11.7742,3170.027083458632,660.7635550927088,9936.832277115507,2157.3630582859523,10168.325873455353,10168.49,19.0,77,900.0,uhs0_1247_circuit_1_fire_mixed,uhs0_1247,circuit_1,fire_mixed,data,,,,,,summer,NC
NC_GSO_urban__NC,NC_GSO_urban,NC,3466.13,12.2173,3387.629233021046,733.5021175710691,3525.09,12.3587,3443.402420786959,754.4794739544036,3326.6,11.5934,3258.7320561154106,668.5304379351978,10089.763709923414,2156.5120294606704,10317.648756150602,10317.82,19.0,78,1800.0,uhs0_1247_circuit_1_fire_mixed,uhs0_1247,circuit_1,fire_mixed,data,,,,,,summer,NC
NC_GSO_urban__NC,NC_GSO_urban,NC,3471.73,12.1756,3393.636212776442,732.2174869752622,3578.98,12.3766,3495.804133657917,767.1057942032645,3376.88,11.7947,3305.581571984463,690.2528561018264,10195.021918418824,2189.576137280353,10427.498049771468,10427.59,19.0,79,2700.0,uhs0_1247_circuit_1_fire_mixed,uhs0_1247,circuit_1,fire_mixed,data,,,,,,summer,NC
NC_GSO_urban__NC,NC_GSO_urban,NC,3431.37,12.1051,3355.072027525807,719.5774920144961,3582.05,12.5336,3496.685852783541,777.3482163377241,3355.38,11.7319,3285.2852897187595,682.257656283555,10137.043170028108,2179.1833646357754,10368.629821134458,10368.8,20.0,80,0.0,uhs0_1247_circuit_1_fire_mixed,uhs0_1247,circuit_1,fire_mixed,data,,,,,,summer,NC
NC_GSO_urban__NC,NC_GSO_urban,NC,3508.4,11.9645,3432.1843371529785,727.3109622450153,3598.48,12.1892,3517.3548258666137,759.7850612856528,3392.07,11.7107,3321.4638016670883,688.4889970908863,10271.00296468668,2175.585020621554,10498.889088020478,10498.95,20.0,81,900.0,uhs0_1247_circuit_1_fire_mixed,uhs0_1247,circuit_1,fire_mixed,data,,,,,,summer,NC
NC_GSO_urban__NC,NC_GSO_urban,NC,3179.36,10.3886,3127.2419240476124,573.3131413799853,3247.69,10.311,3195.2420546821827,581.3076191573491,3075.19,10.016,3028.321714654857,534.8468272784907,9350.805693384653,1689.467587815825,9502.203315321927,9502.24,20.0,82,1800.0,uhs0_1247_circuit_1_fire_mixed,uhs0_1247,circuit_1,fire_mixed,data,,,,,,summer,NC
NC_GSO_urban__NC,NC_GSO_urban,NC,3458.75,11.804,3385.608193723461,707.5370810724771,3533.25,11.8872,3457.479549644528,727.7985478756307,3456.92,11.838,3383.396657961778,709.1706009791093,10226.484401329766,2144.506229927217,10448.918134469122,10448.92,20.0,83,2700.0,uhs0_1247_circuit_1_fire_mixed,uhs0_1247,circuit_1,fire_mixed,data,,,,,,summer,NC
NC_GSO_urban__NC,NC_GSO_urban,NC,3442.49,11.8356,3369.3031404591325,706.0692230880951,3413.67,11.5121,3344.9957644246315,681.2827642625891,3369.26,11.4482,3302.2270520635184,668.7372011634202,10016.525956947284,2056.0891885141045,10225.375054115291,10225.42,21.0,84,0.0,uhs0_1247_circuit_1_fire_mixed,uhs0_1247,circuit_1,fire_mixed,data,,,,,,summer,NC
NC_GSO_urban__NC,NC_GSO_urban,NC,3477.66,11.9322,3402.5180078937883,719.0203624088027,3522.51,12.0908,3444.36974736383,737.8304300751141,3513.5,11.9247,3437.678671099468,725.9804434472003,10284.566426357083,2182.831235931117,10513.660579584444,10513.67,21.0,85,900.0,uhs0_1247_circuit_1_fire_mixed,uhs0_1247,circuit_1,fire_mixed,data,,,,,,summer,NC
NC_GSO_urban__NC,NC_GSO_urban,NC,3221.22,12.4061,3146.0026156508056,692.0446739324622,3226.18,12.4468,3150.353651622901,695.3483027276703,3161.57,11.6583,3096.3472545411023,638.8728701359765,9392.703521814808,2026.2658467961087,9608.778940666947,9608.97,21.0,86,1800.0,uhs0_1247_circuit_1_fire_mixed,uhs0_1247,circuit_1,fire_mixed,data,,,,,,summer,NC
NC_GSO_urban__NC,NC_GSO_urban,NC,3308.66,12.8109,3226.2981522104687,733.6424392327068,3268.96,12.7933,3187.808901153973,723.8604087277452,3260.09,12.1345,3187.249287783128,685.2946706533928,9601.35634114757,2142.7975186138447,9837.561933501222,9837.71,21.0,87,2700.0,uhs0_1247_circuit_1_fire_mixed,uhs0_1247,circuit_1,fire_mixed,data,,,,,,summer,NC
NC_GSO_urban__NC,NC_GSO_urban,NC,3272.71,13.1759,3186.555472936991,745.9858993274012,3199.96,13.0284,3117.588046667379,721.3797702158536,3141.81,12.3561,3069.0347523801,672.3063027989665,9373.17827198447,2139.671972342221,9614.294933463849,9614.48,22.0,88,0.0,uhs0_1247_circuit_1_fire_mixed,uhs0_1247,circuit_1,fire_mixed,data,,,,,,summer,NC
NC_GSO_urban__NC,NC_GSO_urban,NC,3281.51,13.0411,3196.874770429444,740.4725398633567,3231.54,12.9651,3149.158047608793,725.0202499108386,3150.02,12.0927,3080.1208549805856,659.9102356485056,9426.153673018822,2125.403025422701,9662.800375038398,9663.07,22.0,89,900.0,uhs0_1247_circuit_1_fire_mixed,uhs0_1247,circuit_1,fire_mixed,data,,,,,,summer,NC
NC_GSO_urban__NC,NC_GSO_urban,NC,3161.18,12.8705,3081.758546073927,704.1471835492315,3199.78,13.0259,3117.44415153992,721.2031686214017,3016.14,11.6583,2953.917455033923,609.4851667152473,9153.12015264777,2034.8355188858804,9376.575287263806,9377.1,22.0,90,1800.0,uhs0_1247_circuit_1_fire_mixed,uhs0_1247,circuit_1,fire_mixed,data,,,,,,summer,NC
NC_GSO_urban__NC,NC_GSO_urban,NC,3171.27,12.6863,3093.850050314782,696.4519215762276,3159.94,12.7347,3082.209330354053,696.5676187409373,2996.02,11.8803,2931.844731544734,616.7838442383113,9107.90411221357,2009.803384555476,9327.01597306703,9327.23,22.0,91,2700.0,uhs0_1247_circuit_1_fire_mixed,uhs0_1247,circuit_1,fire_mixed,data,,,,,,summer,NC
NC_GSO_urban__NC,NC_GSO_urban,NC,3062.03,12.5532,2988.8310057067742,665.5200524596045,3036.64,12.6599,2962.813725520153,665.5203358796712,2867.78,11.8804,2806.350624187261,590.3882642158205,8757.995355414188,1921.428652555096,8966.29080011998,8966.45,23.0,92,0.0,uhs0_1247_circuit_1_fire_mixed,uhs0_1247,circuit_1,fire_mixed,data,,,,,,summer,NC
NC_GSO_urban__NC,NC_GSO_urban,NC,3134.19,13.0521,3053.218546947217,707.815979388375,3122.14,13.2965,3038.444555425429,718.0618797886203,2852.76,12.2465,2787.8427812537234,605.1216775256916,8879.505883626369,2030.9995367026868,9108.819015407093,9109.09,23.0,93,900.0,uhs0_1247_circuit_1_fire_mixed,uhs0_1247,circuit_1,fire_mixed,data,,,,,,summer,NC
NC_GSO_urban__NC,NC_GSO_urban,NC,3041.23,13.5933,2956.0405577552915,714.7755828270762,3015.63,13.8978,2927.349557640245,724.3264901157904,2830.98,13.1647,2756.5801621277283,644.7585363249302,8639.970277523265,2083.8606092677965,8887.719698288385,8887.84,23.0,94,1800.0,uhs0_1247_circuit_1_fire_mixed,uhs0_1247,circuit_1,fire_mixed,data,,,,,,summer,NC
NC_GSO_urban__NC,NC_GSO_urban,NC,3018.22,13.9824,2928.7901219887885,729.2738784166727,2970.87,14.0103,2882.4932144997874,719.2366962709024,2844.53,13.134,2770.120787988096,646.3603800173828,8581.40412447667,2094.870954704958,8833.401443637194,8833.62,23.0,95,2700.0,uhs0_1247_circuit_1_fire_mixed,uhs0_1247,circuit_1,fire_mixed,data,,,,,,summer,NC
NC_GSO_urban__NC,NC_GSO_urban,NC,3024.18,13.7754,2937.19431602884,720.1070908468226,2980.73,14.1299,2890.5472743127657,727.659115151484,2853.17,12.7578,2782.7316999087584,630.0661355944416,8610.473290250364,2077.8323415927484,8857.631597773963,8858.08,24.0,96,0.0,uhs0_1247_circuit_1_fire_mixed,uhs0_1247,circuit_1,fire_mixed,data,,,,,,summer,NC
NC_GSO_urban__NC,NC_GSO_urban,NC,,,,,,,,,,,,,,,,,,0,,uhs0_1247_circuit_1_fire_mixed,uhs0_1247,circuit_1,fire_mixed,summary,3827.0,648.0,6.0,6.0,1000.0,summer,NC
NC_GSO_urban__NC,NC_GSO_urban,NC,4241.65,17.7351,4040.0657900481096,1292.0770621688712,4627.45,19.2729,4368.114625294912,1527.37294816449,4388.85,17.4594,4186.654769926153,1316.7863000329992,12594.835185269174,4136.23631036636,13256.633213576044,13257.95,0.0,1,900.0,uhs0_1247_circuit_1_fire_stress,uhs0_1247,circuit_1,fire_stress,data,,,,,,summer,NC
NC_GSO_urban__NC,NC_GSO_urban,NC,4011.59,17.6242,3823.297482274873,1214.5989832576925,4394.73,19.0249,4154.676657204334,1432.5898390612058,4167.82,17.3679,3977.799569228128,1244.1198251971218,11955.773708707336,3891.30864751602,12573.09858245176,12574.14,0.0,2,1800.0,uhs0_1247_circuit_1_fire_stress,uhs0_1247,circuit_1,fire_stress,data,,,,,,summer,NC
NC_GSO_urban__NC,NC_GSO_urban,NC,4136.04,18.0614,3932.235875060706,1282.3212953412124,4483.92,19.516,4226.310894788961,1497.9435192917422,4158.6,18.2374,3949.7050865088745,1301.4544516063277,12108.251856358542,4081.719266239282,12777.72261341586,12778.56,0.0,3,2700.0,uhs0_1247_circuit_1_fire_stress,uhs0_1247,circuit_1,fire_stress,data,,,,,,summer,NC
NC_GSO_urban__NC,NC_GSO_urban,NC,4053.24,18.2011,3850.440412563967,1266.0423084929764,4464.63,19.5738,4206.6223733151255,1495.7437097392803,4136.69,17.8387,3937.809097273682,1267.226763262451,11994.871883152771,4029.0127814947073,12653.453895545545,12654.559999999998,1.0,4,0.0,uhs0_1247_circuit_1_fire_stress,uhs0_1247,circuit_1,fire_stress,data,,,,,,summer,NC
NC_GSO_urban__NC,NC_GSO_urban,NC,4005.26,18.55,3797.172298419031,1274.20179081617,4426.08,20.0871,4156.84864596849,1520.1294355777516,3999.79,18.199,3799.710515335084,1249.207766447196,11753.731459722603,4043.5389928411178,12429.819420003632,12431.13,1.0,5,900.0,uhs0_1247_circuit_1_fire_stress,uhs0_1247,circuit_1,fire_stress,data,,,,,,summer,NC
NC_GSO_urban__NC,NC_GSO_urban,NC,3997.74,18.9983,3779.9760461278297,1301.424680225413,4403.16,20.4577,4125.454825785424,1538.9738353863454,3997.82,18.6325,3788.283594080309,1277.290946974096,11693.714465993562,4117.689462585855,12397.51283614894,12398.72,1.0,6,1800.0,uhs0_1247_circuit_1_fire_stress,uhs0_1247,circuit_1,fire_stress,data,,,,,,summer,NC
NC_GSO_urban__NC,NC_GSO_urban,NC,4005.46,19.1566,3783.658481067951,1314.3965574523424,4404.51,20.8944,4114.866501653612,1570.8539122620416,3968.11,18.8947,3754.289654249914,1284.9926708320413,11652.814636971478,4170.243140546425,12376.551087233116,12378.080000000002,1.0,7,2700.0,uhs0_1247_circuit_1_fire_stress,uhs0_1247,circuit_1,fire_stress,data,,,,,,summer,NC
NC_GSO_urban__NC,NC_GSO_urban,NC,3990.0,19.324,3765.213068738456,1320.3297114740474,4365.34,21.0576,4073.821215526933,1568.4941885524056,3845.14,19.3607,3627.6983717602952,1274.7180641725058,11466.732656025684,4163.541964198959,12199.222905267845,12200.48,2.0,8,0.0,uhs0_1247_circuit_1_fire_stress,uhs0_1247,circuit_1,fire_stress,data,,,,,,summer,NC
NC_GSO_urban__NC,NC_GSO_urban,NC,3988.67,19.5483,3758.762099920869,1334.614493064743,4362.88,21.2373,4066.5888929279736,1580.3723201558669,3897.52,19.4636,3674.789860004645,1298.6845787977318,11500.140852853488,4213.671392018342,12247.786176913096,12249.07,2.0,9,900.0,uhs0_1247_circuit_1_fire_stress,uhs0_1247,circuit_1,fire_stress,data,,,,,,summer,NC
NC_GSO_urban__NC,NC_GSO_urban,NC,3930.31,19.7179,3699.85700266388,1326.0448167158786,4382.06,21.1786,4086.09042282117,1583.1345173828754,3883.73,19.5704,3659.369353785101,1300.913004577328,11445.316779270152,4210.092338676082,12195.087276359358,12196.1,2.0,10,1800.0,uhs0_1247_circuit_1_fire_stress,uhs0_1247,circuit_1,fire_stress,data,,,,,,summer,NC
NC_GSO_urban__NC,NC_GSO_urban,NC,3950.55,19.7913,3717.199676272155,1337.6366731000562,4412.33,21.2696,4111.778980971318,1600.6028990797415,3890.72,19.6961,3663.0875435433873,1311.293928429958,11492.06620078686,4249.533500609756,12252.596481402312,12253.6,2.0,11,2700.0,uhs0_1247_circuit_1_fire_stress,uhs0_1247,circuit_1,fire_stress,data,,,,,,summer,NC
NC_GSO_urban__NC,NC_GSO_urban,NC,4020.11,19.8146,3782.097063283974,1362.7274914665595,4462.72,21.3284,4157.073033786094,1623.1492815414354,3932.52,19.7228,3701.8239375637263,1327.1070362560015,11640.994034633792,4312.983809263997,12414.289003134772,12415.35,3.0,12,0.0,uhs0_1247_circuit_1_fire_stress,uhs0_1247,circuit_1,fire_stress,data,,,,,,summer,NC
NC_GSO_urban__NC,NC_GSO_urban,NC,4039.24,20.0007,3795.627143075829,1381.547816163457,4496.08,21.4957,4183.355474687604,1647.5048827852536,3945.78,19.9816,3708.2535488954586,1348.3454399760606,11687.236166658891,4377.398138924771,12480.108320119729,12481.1,3.0,13,900.0,uhs0_1247_circuit_1_fire_stress,uhs0_1247,circuit_1,fire_stress,data,,,,,,summer,NC
NC_GSO_urban__NC,NC_GSO_urban,NC,4627.89,21.7085,4299.669435344807,1711.7852081559977,4765.57,22.135,4414.340989294731,1795.6199640047485,4295.28,20.8646,4013.6157483615,1529.810087201857,12727.62617300104,5037.215259362603,13688.170278339489,13688.739999999998,3.0,14,1800.0,uhs0_1247_circuit_1_fire_stress,uhs0_1247,circuit_1,fire_stress,data,,,,,,summer,NC
NC_GSO_urban__NC,NC_GSO_urban,NC,4488.41,21.221,4184.056287243673,1624.6529824170732,4696.86,21.9589,4356.113763201344,1756.3504040047992,4224.13,20.6129,3953.702446713282,1487.1150660770704,12493.872497158298,4868.118452498942,13408.781721051664,13409.4,3.0,15,2700.0,uhs0_1247_circuit_1_fire_stress,uhs0_1247,circuit_1,fire_stress,data,,,,,,summer,NC
NC_GSO_urban__NC,NC_GSO_urban,NC,4546.0,21.1962,4238.453021584985,1643.664194358783,4752.66,21.7527,4414.2330131894605,1761.3415287411744,4308.25,20.4558,4036.580685680756,1505.667436882753,12689.266720455202,4910.673159982711,13606.329438427783,13606.91,4.0,16,0.0,uhs0_1247_circuit_1_fire_stress,uhs0_1247,circuit_1,fire_stress,data,,,,,,summer,NC
NC_GSO_urban__NC,NC_GSO_urban,NC,4502.92,20.95,4205.244594034561,1610.0330526865291,4741.64,21.5984,4408.714118777386,1745.3909901488958,4251.31,20.2257,3989.165913998392,1469.7591730257632,12603.12462681034,4825.183215861189,13495.22669040953,13495.870000000004,4.0,17,900.0,uhs0_1247_circuit_1_fire_stress,uhs0_1247,circuit_1,fire_stress,data,,,,,,summer,NC
NC_GSO_urban__NC,NC_GSO_urban,NC,4537.95,21.123,4233.040364121383,1635.3468984344315,4744.12,21.8841,4402.257408274343,1768.277208384946,4235.76,20.5862,3965.282374992113,1489.3617640375048,12600.58014738784,4892.985870856883,13517.245680357728,13517.83,4.0,18,1800.0,uhs0_1247_circuit_1_fire_stress,uhs0_1247,circuit_1,fire_stress,data,,,,,,summer,NC
NC_GSO_urban__NC,NC_GSO_urban,NC,4546.49,21.2228,4238.146249395713,1645.8091289189786,4812.96,21.9851,4462.967522544006,1801.8059979690977,4336.96,20.678,4057.571677009724,1531.4483757307971,12758.685448949444,4979.063502618874,13695.80694038674,13696.41,4.0,19,2700.0,uhs0_1247_circuit_1_fire_stress,uhs0_1247,circuit_1,fire_stress,data,,,,,,summer,NC
NC_GSO_urban__NC,NC_GSO_urban,NC,4514.9,21.0668,4213.133014885514,1622.9085645475218,4780.37,21.9618,4433.474824357513,1787.802650934412,4278.28,20.566,4005.6173348068673,1502.9003711140424,12652.225174049896,4913.611586595976,13572.854551596438,13573.55,5.0,20,0.0,uhs0_1247_circuit_1_fire_stress,uhs0_1247,circuit_1,fire_stress,data,,,,,,summer,NC
NC_GSO_urban__NC,NC_GSO_urban,NC,4545.6,20.702,4252.098297610927,1606.9036770927664,4819.19,21.5323,4482.862625019352,1768.766502765302,4316.59,20.1827,4051.53946017904,1489.2874909540244,12786.500382809318,4864.957670812093,13680.731163880688,13681.38,5.0,21,900.0,uhs0_1247_circuit_1_fire_stress,uhs0_1247,circuit_1,fire_stress,data,,,,,,summer,NC
NC_GSO_urban__NC,NC_GSO_urban,NC,4635.59,20.5974,4339.262230951603,1630.796719133601,4918.34,21.3769,4579.972215173213,1792.741716991429,4462.96,20.1469,4189.883222463938,1537.169653524035,13109.117668588757,4960.708089649065,14016.333001167444,14016.89,5.0,22,1800.0,uhs0_1247_circuit_1_fire_stress,uhs0_1247,circuit_1,fire_stress,data,,,,,,summer,NC
NC_GSO_urban__NC,NC_GSO_urban,NC,4643.42,20.1767,4358.468938374101,1601.5922732169186,4896.25,21.1142,4567.536759023516,1763.7664293973164,4426.52,19.8729,4162.91637823843,1504.7280612104737,13088.922075636048,4870.086763824708,13965.587212475288,13966.19,5.0,23,2700.0,uhs0_1247_circuit_1_fire_stress,uhs0_1247,circuit_1,fire_stress,data,,,,,,summer,NC
NC_GSO_urban__NC,NC_GSO_urban,NC,4838.91,20.5781,4530.158270333999,1700.7986458791854,5101.51,21.3701,4750.761298159284,1858.943616146524,4629.58,20.046,4349.109518695925,1586.9018151065611,13630.029087189208,5146.644077132271,14569.33897520078,14570.0,6.0,24,0.0,uhs0_1247_circuit_1_fire_stress,uhs0_1247,circuit_1,fire_stress,data,,,,,,summer,NC
NC_GSO_urban__NC,NC_GSO_urban,NC,5357.48,20.3512,5023.058252424589,1863.190205842985,5343.61,19.4292,5039.308799387947,1777.5079905618431,4909.51,19.06,4640.356537380344,1603.2403581782437,14702.72358919288,5243.938554583072,15609.899823652026,15610.6,6.0,25,900.0,uhs0_1247_circuit_1_fire_stress,uhs0_1247,circuit_1,fire_stress,data,,,,,,summer,NC
NC_GSO_urban__NC,NC_GSO_urban,NC,5554.59,19.611,5232.385083104899,1864.3005149925089,5573.87,18.5375,5284.674084236822,1772.074095599761,5182.02,18.2113,4922.454865477469,1619.4966433238435,15439.514032819192,5255.871253916113,16309.591540175446,16310.48,6.0,26,1800.0,uhs0_1247_circuit_1_fire_stress,uhs0_1247,circuit_1,fire_stress,data,,,,,,summer,NC
NC_GSO_urban__NC,NC_GSO_urban,NC,5673.62,19.8719,5335.784006740393,1928.567587048336,5699.33,19.3666,5376.839838938853,1889.96185022344,5256.9,18.4384,4987.033088143635,1662.67813715119,15699.65693382288,5481.207574422965,16628.976646614323,16629.85,6.0,27,2700.0,uhs0_1247_circuit_1_fire_stress,uhs0_1247,circuit_1,fire_stress,data,,,,,,summer,NC
NC_GSO_urban__NC,NC_GSO_urban,NC,6333.62,21.5425,5891.187852165145,2325.6500155659323,6678.71,22.1803,6184.488418839056,2521.362778607155,5744.66,20.5549,5378.933089332352,2016.9772770374784,17454.609360336555,6863.990071210566,18755.739058208976,18756.99,7.0,28,0.0,uhs0_1247_circuit_1_fire_stress,uhs0_1247,circuit_1,fire_stress,data,,,,,,summer,NC
NC_GSO_urban__NC,NC_GSO_urban,NC,6369.05,21.7719,5914.731956858271,2362.359790764213,6777.97,22.4554,6264.044928300057,2588.9415708235542,5893.62,20.724,5512.278537122133,2085.555569526424,17691.05542228046,7036.856931114191,19039.19109161859,19040.64,7.0,29,900.0,uhs0_1247_circuit_1_fire_stress,uhs0_1247,circuit_1,fire_stress,data,,,,,,summer,NC
NC_GSO_urban__NC,NC_GSO_urban,NC,6368.81,20.3068,5972.974146858336,2210.2761495030304,6763.63,21.0569,6311.9823417682,2430.137793234456,5918.6,19.2228,5588.6109895507725,1948.6541939175213,17873.56747817731,6589.068136655007,19049.41556338252,19051.04,7.0,30,1800.0,uhs0_1247_circuit_1_fire_stress,uhs0_1247,circuit_1,fire_stress,data,,,,,,summer,NC
NC_GSO_urban__NC,NC_GSO_urban,NC,6064.48,20.2114,5691.0554052440775,2095.186398591344,6247.67,20.6082,5847.876421330176,2199.0274645284853,5679.12,19.2133,5362.793046541947,1868.9180598307007,16901.7248731162,6163.13192295053,17990.344598873216,17991.27,7.0,31,2700.0,uhs0_1247_circuit_1_fire_stress,uhs0_1247,circuit_1,fire_stress,data,,,,,,summer,NC
NC_GSO_urban__NC,NC_GSO_urban,NC,5505.18,19.2286,5198.05753645138,1813.0649961159745,5727.9,19.8511,5387.538369505256,1945.062653774588,5282.02,18.5839,5006.604910633149,1683.342671360777,15592.200816589786,5441.47032125134,16514.427800015426,16515.1,8.0,32,0.0,uhs0_1247_circuit_1_fire_stress,uhs0_1247,circuit_1,fire_stress,data,,,,,,summer,NC
NC_GSO_urban__NC,NC_GSO_urban,NC,5203.26,18.0826,4946.271177364648,1615.0281940485584,5628.25,19.2392,5313.918703475333,1854.5797570757209,5161.2,17.8542,4912.635517235036,1582.4025135220331,15172.825398075018,5052.010464646312,15991.792904342095,15992.71,8.0,33,900.0,uhs0_1247_circuit_1_fire_stress,uhs0_1247,circuit_1,fire_stress,data,,,,,,summer,NC
NC_GSO_urban__NC,NC_GSO_urban,NC,5077.55,18.2381,4822.474949769744,1589.103319908213,5500.2,19.2536,5192.5644826635125,1813.6907491028903,4995.02,17.9782,4751.133267301195,1541.7384592543185,14766.17269973445,4944.532528265422,15572.034488834714,15572.77,8.0,34,1800.0,uhs0_1247_circuit_1_fire_stress,uhs0_1247,circuit_1,fire_stress,data,,,,,,summer,NC
NC_GSO_urban__NC,NC_GSO_urban,NC,4922.41,17.9018,4684.09027702477,1513.082444806631,5279.92,18.7205,5000.588494521563,1694.60022272469,4939.86,17.9327,4699.875838962412,1520.9812352351237,14384.554610508743,4728.663902766444,15141.851724542636,15142.19,8.0,35,2700.0,uhs0_1247_circuit_1_fire_stress,uhs0_1247,circuit_1,fire_stress,data,,,,,,summer,NC
NC_GSO_urban__NC,NC_GSO_urban,NC,4862.57,18.037,4623.607572666147,1505.6028755565856,5167.24,18.8436,4890.295331776177,1668.946010393426,4867.69,17.9459,4630.866529302592,1499.8270313222688,14144.769433744914,4674.37591727228,14897.123633432711,14897.5,9.0,36,0.0,uhs0_1247_circuit_1_fire_stress,uhs0_1247,circuit_1,fire_stress,data,,,,,,summer,NC
NC_GSO_urban__NC,NC_GSO_urban,NC,4988.74,18.3536,4734.969398304377,1570.856958707916,5219.37,19.0209,4934.391113822662,1701.0607081253586,4884.59,17.8082,4650.547961102691,1493.861817432792,14319.90847322973,4765.779484266067,15092.13148545718,15092.7,9.0,37,900.0,uhs0_1247_circuit_1_fire_stress,uhs0_1247,circuit_1,fire_stress,data,,,,,,summer,NC
NC_GSO_urban__NC,NC_GSO_urban,NC,4969.28,17.6581,4735.145235588011,1507.3630340061272,5208.13,18.5758,4936.802281628628,1659.096539989874,4863.56,17.0013,4651.013294299143,1422.07285673155,14322.960811515784,4588.532430727551,15040.00785492,15040.97,9.0,38,1800.0,uhs0_1247_circuit_1_fire_stress,uhs0_1247,circuit_1,fire_stress,data,,,,,,summer,NC
NC_GSO_urban__NC,NC_GSO_urban,NC,5340.23,18.7604,5056.513021920425,1717.4785332134916,5317.04,18.8823,5030.905509218644,1720.727787569405,5056.33,17.5281,4821.56135521955,1522.8326128479823,14908.979886358618,4961.038933630879,15712.720596791863,15713.6,9.0,39,2700.0,uhs0_1247_circuit_1_fire_stress,uhs0_1247,circuit_1,fire_stress,data,,,,,,summer,NC
NC_GSO_urban__NC,NC_GSO_urban,NC,5331.52,18.0704,5068.5486707678165,1653.7593181771654,5347.02,18.1539,5080.861640375641,1665.9735507382316,5084.08,17.315,4853.684310550851,1513.148393222725,15003.094621694308,4832.881262138122,15762.283766048577,15762.62,10.0,40,0.0,uhs0_1247_circuit_1_fire_stress,uhs0_1247,circuit_1,fire_stress,data,,,,,,summer,NC
NC_GSO_urban__NC,NC_GSO_urban,NC,5259.49,17.8772,5005.544132556256,1614.547304086083,5241.4,17.8616,4988.765476709746,1607.6358351283973,4987.88,17.0312,4769.138544190981,1460.9121947303802,14763.448153456982,4683.095333944861,15488.408029446684,15488.77,10.0,41,900.0,uhs0_1247_circuit_1_fire_stress,uhs0_1247,circuit_1,fire_stress,data,,,,,,summer,NC
NC_GSO_urban__NC,NC_GSO_urban,NC,5165.92,17.9946,4913.232309948116,1595.8940174340837,5196.7,18.1922,4936.940677716384,1622.4387922844078,4991.58,17.1998,4768.353519161438,1476.0337437540934,14618.52650682594,4694.366553472584,15353.774603306338,15354.2,10.0,42,1800.0,uhs0_1247_circuit_1_fire_stress,uhs0_1247,circuit_1,fire_stress,data,,,,,,summer,NC
NC_GSO_urban__NC,NC_GSO_urban,NC,4722.92,17.1915,4511.910422977336,1395.9361236920845,4907.91,17.7802,4673.483564009867,1498.710093723808,4706.59,16.5798,4510.905219260056,1343.0277476479755,13696.29920624726,4237.673965063868,14336.892710110842,14337.42,10.0,43,2700.0,uhs0_1247_circuit_1_fire_stress,uhs0_1247,circuit_1,fire_stress,data,,,,,,summer,NC
NC_GSO_urban__NC,NC_GSO_urban,NC,4642.03,17.0485,4438.044928523479,1360.9554486856025,4853.8,17.8691,4619.65280924874,1489.3563582971776,4637.37,16.6098,4443.86968804912,1325.6027732839966,13501.567425821337,4175.914580266776,14132.607174038498,14133.2,11.0,44,0.0,uhs0_1247_circuit_1_fire_stress,uhs0_1247,circuit_1,fire_stress,data,,,,,,summer,NC
NC_GSO_urban__NC,NC_GSO_urban,NC,4628.43,16.9831,4426.588576315993,1351.9163587029889,4879.2,17.9294,4642.249291322472,1502.0366697308025,4638.6,16.662,4443.838493623289,1330.0035348042895,13512.676361261754,4183.956563238081,14145.597016996677,14146.23,11.0,45,900.0,uhs0_1247_circuit_1_fire_stress,uhs0_1247,circuit_1,fire_stress,data,,,,,,summer,NC
NC_GSO_urban__NC,NC_GSO_urban,NC,4519.92,15.3343,4359.007587205227,1195.2948009120057,4764.08,15.8415,4583.142744606867,1300.4848438015074,4578.75,15.6674,4408.629090040866,1236.5035822614711,13350.77942185296,3732.283226974984,13862.656645006082,13862.75,11.0,46,1800.0,uhs0_1247_circuit_1_fire_stress,uhs0_1247,circuit_1,fire_stress,data,,,,,,summer,NC
NC_GSO_urban__NC,NC_GSO_urban,NC,4527.8,15.3825,4365.598215267566,1201.0516487031855,4758.31,15.949,4575.1467784071165,1307.496084939067,4535.64,15.6434,4367.633503807665,1223.0322097217136,13308.378497482348,3731.5799433639663,13821.636194965004,13821.75,11.0,47,2700.0,uhs0_1247_circuit_1_fire_stress,uhs0_1247,circuit_1,fire_stress,data,,,,,,summer,NC
NC_GSO_urban__NC,NC_GSO_urban,NC,4461.91,16.0681,4287.598359968701,1234.966052850728,4681.64,16.5173,4488.447139510443,1331.0129095619327,4486.66,15.7888,4317.383700564862,1220.7849678370287,13093.429200044004,3786.763930249689,13630.02088332975,13630.21,12.0,48,0.0,uhs0_1247_circuit_1_fire_stress,uhs0_1247,circuit_1,fire_stress,data,,,,,,summer,NC
NC_GSO_urban__NC,NC_GSO_urban,NC,4426.53,16.1979,4250.814069344112,1234.8067009723206,4670.09,16.5394,4476.861300771198,1329.456092451803,4523.73,15.5831,4357.446034474029,1215.235437907632,13085.12140458934,3779.498231331756,13620.022358773203,13620.35,12.0,49,900.0,uhs0_1247_circuit_1_fire_stress,uhs0_1247,circuit_1,fire_stress,data,,,,,,summer,NC
NC_GSO_urban__NC,NC_GSO_urban,NC,4342.73,16.0927,4172.55786130973,1203.7710525354769,4546.44,16.6507,4355.805037630459,1302.7199037986309,4406.07,16.0153,4235.061861167434,1215.6084390069982,12763.42476010762,3722.099395341106,13295.075611508451,13295.239999999998,12.0,50,1800.0,uhs0_1247_circuit_1_fire_stress,uhs0_1247,circuit_1,fire_stress,data,,,,,,summer,NC
NC_GSO_urban__NC,NC_GSO_urban,NC,4226.2,15.7085,4068.3581557800144,1144.215170454507,4471.69,16.4589,4288.454547037842,1266.952664502687,4309.21,15.9904,4142.477468932742,1187.0851879644445,12499.2901717506,3598.253022921638,13006.908918516569,13007.1,12.0,51,2700.0,uhs0_1247_circuit_1_fire_stress,uhs0_1247,circuit_1,fire_stress,data,,,,,,summer,NC
NC_GSO_urban__NC,NC_GSO_urban,NC,4218.27,15.5821,4063.233957366058,1133.107056110484,4455.31,16.4476,4272.994619488264,1261.4690554763329,4253.37,15.9669,4089.278270366862,1170.0254631440307,12425.506847221184,3564.601574730848,12926.701234147642,12926.95,13.0,52,0.0,uhs0_1247_circuit_1_fire_stress,uhs0_1247,circuit_1,fire_stress,data,,,,,,summer,NC
NC_GSO_urban__NC,NC_GSO_urban,NC,4097.54,15.2807,3952.676591072308,1079.898985085643,4347.28,16.2782,4173.006287471251,1218.549105750526,4104.2,15.5355,3954.251778745077,1099.249976252623,12079.934657288635,3397.6980670887924,12548.6721799345,12549.02,13.0,53,900.0,uhs0_1247_circuit_1_fire_stress,uhs0_1247,circuit_1,fire_stress,data,,,,,,summer,NC
NC_GSO_urban__NC,NC_GSO_urban,NC,4074.29,15.0642,3934.277891490784,1058.912874898983,4366.06,16.2508,4191.618207979829,1221.808791150223,4021.81,15.0413,3884.018820549029,1043.7209769478284,12009.914920019644,3324.4426429970345,12461.539843562172,12462.16,13.0,54,1800.0,uhs0_1247_circuit_1_fire_stress,uhs0_1247,circuit_1,fire_stress,data,,,,,,summer,NC
NC_GSO_urban__NC,NC_GSO_urban,NC,3983.18,14.8632,3849.906905980293,1021.7336872616286,4298.98,16.2703,4126.808646181895,1204.441546194067,3968.56,15.0189,3832.9955691612095,1028.40334518638,11809.711121323398,3254.578578642076,12249.96157110974,12250.72,13.0,55,2700.0,uhs0_1247_circuit_1_fire_stress,uhs0_1247,circuit_1,fire_stress,data,,,,,,summer,NC
NC_GSO_urban__NC,NC_GSO_urban,NC,3967.54,15.0319,3831.777035975873,1029.0084538855594,4213.24,16.1905,4046.14261069186,1174.785627909899,3925.5,15.0318,3791.177355423181,1018.0984774207705,11669.097002090915,3221.892559216229,12105.71833917096,12106.28,14.0,56,0.0,uhs0_1247_circuit_1_fire_stress,uhs0_1247,circuit_1,fire_stress,data,,,,,,summer,NC
NC_GSO_urban__NC,NC_GSO_urban,NC,3966.92,14.9982,3831.782732117354,1026.5940678999016,4151.15,15.9243,3991.849755075829,1138.938916448568,3939.41,14.8185,3808.388604876229,1007.5353007954036,11632.021092069412,3173.0682851438733,12057.042631944763,12057.48,14.0,57,900.0,uhs0_1247_circuit_1_fire_stress,uhs0_1247,circuit_1,fire_stress,data,,,,,,summer,NC
NC_GSO_urban__NC,NC_GSO_urban,NC,3811.01,13.5776,3704.503154699098,894.6807234563788,4012.59,14.1577,3890.712352982764,981.44581839617,3749.11,13.4564,3646.186741398693,872.4379857321578,11241.402249080556,2748.5645275847064,11572.542135932375,11572.71,14.0,58,1800.0,uhs0_1247_circuit_1_fire_stress,uhs0_1247,circuit_1,fire_stress,data,,,,,,summer,NC
NC_GSO_urban__NC,NC_GSO_urban,NC,3713.68,14.4276,3596.56261018076,925.2872707704132,3876.98,15.0955,3743.197391840117,1009.6767829960957,3678.6,14.2896,3564.786136588616,907.9635237087488,10904.546138609492,2842.9275774752573,11269.044489211698,11269.26,14.0,59,2700.0,uhs0_1247_circuit_1_fire_stress,uhs0_1247,circuit_1,fire_stress,data,,,,,,summer,NC
NC_GSO_urban__NC,NC_GSO_urban,NC,3621.77,14.9585,3499.0392196076696,934.8489035920998,3698.35,15.4603,3564.5266483362466,985.8714397936294,3560.5,14.2222,3451.371492378796,874.754292127201,10514.937360322712,2795.47463551293,10880.192375565171,10880.62,15.0,60,0.0,uhs0_1247_circuit_1_fire_stress,uhs0_1247,circuit_1,fire_stress,data,,,,,,summer,NC
NC_GSO_urban__NC,NC_GSO_urban,NC,3517.14,14.8083,3400.323027425734,898.9310812060579,3657.65,15.462,3525.2704309179107,975.1266130076896,3523.63,14.2874,3414.6442153443427,869.5822327505427,10340.237673687989,2743.6399269642898,10698.040717682325,10698.42,15.0,61,900.0,uhs0_1247_circuit_1_fire_stress,uhs0_1247,circuit_1,fire_stress,data,,,,,,summer,NC
NC_GSO_urban__NC,NC_GSO_urban,NC,3567.72,15.1331,3443.9985176680493,931.3969125460304,3717.67,15.7402,3578.263509767818,1008.5139977035992,3540.11,14.3789,3429.214918220161,879.126758070923,10451.476945656028,2819.0376683205527,10824.987007890108,10825.5,15.0,62,1800.0,uhs0_1247_circuit_1_fire_stress,uhs0_1247,circuit_1,fire_stress,data,,,,,,summer,NC
NC_GSO_urban__NC,NC_GSO_urban,NC,3593.91,15.2784,3466.889819672054,947.0290736583934,3677.41,15.6344,3541.349270446015,991.0548182676242,3541.04,14.4577,3428.903144255616,884.0743797407282,10437.142234373683,2822.158271666746,10811.96167820086,10812.36,15.0,63,2700.0,uhs0_1247_circuit_1_fire_stress,uhs0_1247,circuit_1,fire_stress,data,,,,,,summer,NC
NC_GSO_urban__NC,NC_GSO_urban,NC,3599.29,16.8002,3445.6668628868497,1040.321284076942,3760.27,17.4099,3588.0069313671183,1125.0940997807772,3567.74,16.2199,3425.7322758592063,996.5576158639803,10459.406070113177,3161.9729997217,10926.904803762563,10927.3,16.0,64,0.0,uhs0_1247_circuit_1_fire_stress,uhs0_1247,circuit_1,fire_stress,data,,,,,,summer,NC
NC_GSO_urban__NC,NC_GSO_urban,NC,3567.66,15.7366,3433.9394403668225,967.6041522715744,3728.5,16.0863,3582.512205992958,1033.1110995006627,3547.63,15.1352,3424.5712516342664,926.2776902096448,10441.022897994048,2926.992941981882,10843.534794468442,10843.79,16.0,65,900.0,uhs0_1247_circuit_1_fire_stress,uhs0_1247,circuit_1,fire_stress,data,,,,,,summer,NC
NC_GSO_urban__NC,NC_GSO_urban,NC,3366.1,15.8486,3238.143400990665,919.2695603687788,3422.1,15.7167,3294.1573779550404,926.9819735379835,3242.63,14.8672,3134.076868683393,831.9924867952232,9666.3776476291,2678.2440207019854,10030.545740936002,10030.83,16.0,66,1800.0,uhs0_1247_circuit_1_fire_stress,uhs0_1247,circuit_1,fire_stress,data,,,,,,summer,NC
NC_GSO_urban__NC,NC_GSO_urban,NC,3290.97,14.7276,3182.846505576258,836.6430916711142,3394.67,14.7292,3283.1153828683587,863.0977880131261,3191.74,13.7703,3100.002358763472,759.7299541685262,9565.964247208089,2459.470833852766,9877.077946510082,9877.38,16.0,67,2700.0,uhs0_1247_circuit_1_fire_stress,uhs0_1247,circuit_1,fire_stress,data,,,,,,summer,NC
NC_GSO_urban__NC,NC_GSO_urban,NC,3343.69,16.1751,3211.3294993456952,931.464257356195,3450.07,16.105,3314.671831141494,957.0442292481044,3227.76,15.0244,3117.420696178874,836.733422683489,9643.422026666063,2725.2419092877885,10021.104322804287,10021.52,17.0,68,0.0,uhs0_1247_circuit_1_fire_stress,uhs0_1247,circuit_1,fire_stress,data,,,,,,summer,NC
NC_GSO_urban__NC,NC_GSO_urban,NC,3414.37,16.3246,3276.718645661557,959.7069417660224,3518.08,16.293,3376.7924110279573,986.9953896670416,3342.41,15.4382,3221.8096287122653,889.7456515414574,9875.32068540178,2836.447982974521,10274.599544490507,10274.86,17.0,69,900.0,uhs0_1247_circuit_1_fire_stress,uhs0_1247,circuit_1,fire_stress,data,,,,,,summer,NC
NC_GSO_urban__NC,NC_GSO_urban,NC,3561.1,14.7309,3444.0493449746373,905.51494707695,3675.64,14.8134,3553.475032260904,939.7577372378312,3418.03,13.5958,3322.2507658397467,803.4792653063408,10319.775143075289,2648.751949621122,10654.278290633123,10654.77,17.0,70,1800.0,uhs0_1247_circuit_1_fire_stress,uhs0_1247,circuit_1,fire_stress,data,,,,,,summer,NC
NC_GSO_urban__NC,NC_GSO_urban,NC,3413.12,13.9063,3313.0816618783924,820.2914336533743,3530.19,14.0179,3425.0612918323286,855.1003352191245,3331.05,13.0372,3245.188212796511,751.430346756495,9983.331166507232,2426.8221156289937,10274.062816678736,10274.36,17.0,71,2700.0,uhs0_1247_circuit_1_fire_stress,uhs0_1247,circuit_1,fire_stress,data,,,,,,summer,NC
NC_GSO_urban__NC,NC_GSO_urban,NC,3521.54,14.3526,3411.627691406596,872.9492922430826,3600.31,14.3238,3488.387333302702,890.7221278003941,3448.99,13.424,3354.7591734433863,800.7015101131293,10254.774198152683,2564.372930156606,10570.544091011494,10570.84,18.0,72,0.0,uhs0_1247_circuit_1_fire_stress,uhs0_1247,circuit_1,fire_stress,data,,,,,,summer,NC
NC_GSO_urban__NC,NC_GSO_urban,NC,3604.68,14.3881,3491.618460872594,895.7222929534004,3722.14,14.5531,3602.715808102805,935.2887178011666,3536.13,13.3111,3441.129344957141,814.1524477484777,10535.46361393254,2645.1634585030447,10862.452912795354,10862.95,18.0,73,900.0,uhs0_1247_circuit_1_fire_stress,uhs0_1247,circuit_1,fire_stress,data,,,,,,summer,NC
NC_GSO_urban__NC,NC_GSO_urban,NC,3567.54,13.2227,3472.958650256628,816.0268777483155,3774.77,13.8664,3664.762601652954,904.656634544771,3529.58,12.2562,3449.134309984708,749.271304726342,10586.855561894288,2469.9548170194284,10871.163115625186,10871.89,18.0,74,1800.0,uhs0_1247_circuit_1_fire_stress,uhs0_1247,circuit_1,fire_stress,data,,,,,,summer,NC
NC_GSO_urban__NC,NC_GSO_urban,NC,3667.73,13.4853,3566.6098840791374,855.2995309767228,3847.39,14.2706,3728.6685692066617,948.3883767267216,3626.61,12.4847,3540.8543434407693,783.9965628984847,10836.132796726568,2587.684470601929,11140.820656831684,11141.73,18.0,75,2700.0,uhs0_1247_circuit_1_fire_stress,uhs0_1247,circuit_1,fire_stress,data,,,,,,summer,NC
NC_GSO_urban__NC,NC_GSO_urban,NC,3889.14,13.3671,3783.778493733191,899.127493719431,4102.92,14.259,3976.518192848359,1010.5719115164544,3903.3,13.1101,3801.564382748865,885.3581952042018,11561.861069330414,2795.057600440088,11894.913970948934,11895.36,19.0,76,0.0,uhs0_1247_circuit_1_fire_stress,uhs0_1247,circuit_1,fire_stress,data,,,,,,summer,NC
NC_GSO_urban__NC,NC_GSO_urban,NC,3851.18,13.443,3745.6641357636654,895.3142322413022,4035.49,14.1419,3913.188834014757,985.9678947319856,3809.38,12.696,3716.240238935788,837.218293466215,11375.09320871421,2718.5004204395027,11695.426030840685,11696.05,19.0,77,900.0,uhs0_1247_circuit_1_fire_stress,uhs0_1247,circuit_1,fire_stress,data,,,,,,summer,NC
NC_GSO_urban__NC,NC_GSO_urban,NC,3799.82,13.3639,3696.927338242818,878.2711928287703,3990.74,14.102,3870.4731075918,972.3392777259816,3732.1,12.3634,3645.549801723519,799.0851351099043,11212.950247558136,2649.695605664656,11521.768095951797,11522.66,19.0,78,1800.0,uhs0_1247_circuit_1_fire_stress,uhs0_1247,circuit_1,fire_stress,data,,,,,,summer,NC
NC_GSO_urban__NC,NC_GSO_urban,NC,3761.54,13.3742,3659.5275411011135,870.081230416126,3951.54,14.1549,3831.5639022794335,966.3262566800064,3732.48,12.5804,3642.868112920518,812.9691644010273,11133.959556301066,2649.37665149716,11444.835168880596,11445.56,19.0,79,2700.0,uhs0_1247_circuit_1_fire_stress,uhs0_1247,circuit_1,fire_stress,data,,,,,,summer,NC
NC_GSO_urban__NC,NC_GSO_urban,NC,3730.83,13.1041,3633.678239012313,845.8575200519152,3899.43,13.8398,3786.223114968848,932.7748112891948,3796.51,12.6939,3703.715491348852,834.2540016341181,11123.616845330012,2612.886332975228,11426.374171659108,11426.77,20.0,80,0.0,uhs0_1247_circuit_1_fire_stress,uhs0_1247,circuit_1,fire_stress,data,,,,,,summer,NC
NC_GSO_urban__NC,NC_GSO_urban,NC,3819.16,12.859,3723.3781369507474,849.9637373895314,4037.82,13.865,3920.170230113056,967.6030794366887,3812.15,12.4639,3722.305950633217,822.7551472829224,11365.85431769702,2640.3219641091423,11668.502236588429,11669.13,20.0,81,900.0,uhs0_1247_circuit_1_fire_stress,uhs0_1247,circuit_1,fire_stress,data,,,,,,summer,NC
NC_GSO_urban__NC,NC_GSO_urban,NC,3842.35,12.2881,3754.3209873940527,817.757571724374,4089.65,13.232,3981.074764906496,936.0987334275624,3902.7,12.4104,3811.506720295399,838.7394179022513,11546.902472595948,2592.595723054188,11834.378280874804,11834.7,20.0,82,1800.0,uhs0_1247_circuit_1_fire_stress,uhs0_1247,circuit_1,fire_stress,data,,,,,,summer,NC
NC_GSO_urban__NC,NC_GSO_urban,NC,3807.24,12.056,3723.267224921962,795.2091482257396,4132.81,13.233,4023.072408342217,946.0480396552592,3892.79,12.252,3804.126645057332,826.0959099673902,11550.46627832151,2567.353097848389,11832.352816565017,11832.84,20.0,83,2700.0,uhs0_1247_circuit_1_fire_stress,uhs0_1247,circuit_1,fire_stress,data,,,,,,summer,NC
NC_GSO_urban__NC,NC_GSO_urban,NC,3904.69,12.0544,3818.590633643176,815.456662706615,4156.2,13.1122,4047.838241481861,942.8700922168628,3942.06,12.1818,3853.296525702626,831.8310697539927,11719.725400827663,2590.1578246774707,12002.536441417,12002.95,21.0,84,0.0,uhs0_1247_circuit_1_fire_stress,uhs0_1247,circuit_1,fire_stress,data,,,,,,summer,NC
NC_GSO_urban__NC,NC_GSO_urban,NC,3990.43,12.3164,3898.588489270989,851.1987877245505,4235.13,13.5179,4117.803945266312,989.9579714559612,4089.48,12.7468,3988.6933138692384,902.314977319358,12005.085748406538,2743.4717364998696,12314.573520652972,12315.04,21.0,85,900.0,uhs0_1247_circuit_1_fire_stress,uhs0_1247,circuit_1,fire_stress,data,,,,,,summer,NC
NC_GSO_urban__NC,NC_GSO_urban,NC,3809.67,13.2184,3708.734774149034,871.1325294797081,4000.74,14.3373,3876.135863665762,990.7024346412372,3902.68,13.0572,3801.77622520244,881.7078404355298,11386.646863017237,2743.542804556475,11712.504168771677,11713.09,21.0,86,1800.0,uhs0_1247_circuit_1_fire_stress,uhs0_1247,circuit_1,fire_stress,data,,,,,,summer,NC
NC_GSO_urban__NC,NC_GSO_urban,NC,3853.42,13.4402,3747.886537806267,895.651827514775,4046.71,14.6626,3914.921556168452,1024.3295529992215,3888.54,13.0754,3787.722564063135,879.7164936995265,11450.530658037853,2799.697874213523,11787.83103618051,11788.67,21.0,87,2700.0,uhs0_1247_circuit_1_fire_stress,uhs0_1247,circuit_1,fire_stress,data,,,,,,summer,NC
NC_GSO_urban__NC,NC_GSO_urban,NC,4023.3,14.3544,3897.6957089876096,997.452279630248,4092.1,15.1636,3949.6248160382834,1070.3953580497982,3967.79,13.7647,3853.8392625514175,944.0764918782515,11701.15978757731,3011.924129558298,12082.583636649562,12083.19,22.0,88,0.0,uhs0_1247_circuit_1_fire_stress,uhs0_1247,circuit_1,fire_stress,data,,,,,,summer,NC
NC_GSO_urban__NC,NC_GSO_urban,NC,3854.17,14.0286,3739.218788743636,934.2747127085128,4006.3,14.8743,3872.0541709798986,1028.4144043123715,3900.26,13.7188,3788.990870626056,924.9736482259372,11400.263830349591,2887.662765246821,11760.298110480451,11760.73,22.0,89,900.0,uhs0_1247_circuit_1_fire_stress,uhs0_1247,circuit_1,fire_stress,data,,,,,,summer,NC
NC_GSO_urban__NC,NC_GSO_urban,NC,3816.64,14.3294,3697.899986374057,944.6039277785944,4050.73,15.6325,3900.8929785087785,1091.534471796889,3817.31,14.0654,3702.863051843036,927.7180904755922,11301.656016725872,2963.8564900510755,11683.829595385838,11684.68,22.0,90,1800.0,uhs0_1247_circuit_1_fire_stress,uhs0_1247,circuit_1,fire_stress,data,,,,,,summer,NC
NC_GSO_urban__NC,NC_GSO_urban,NC,3741.77,14.2598,3626.481549654779,921.6693023603812,3961.67,15.519,3817.234566048928,1059.9761585343583,3751.33,13.7316,3644.11080006826,890.4679925330632,11087.826915771966,2872.113453427803,11453.774111771118,11454.77,22.0,91,2700.0,uhs0_1247_circuit_1_fire_stress,uhs0_1247,circuit_1,fire_stress,data,,,,,,summer,NC
NC_GSO_urban__NC,NC_GSO_urban,NC,3709.27,14.0321,3598.5855207974664,899.3698807536464,3930.36,15.2023,3792.820859322879,1030.6501145807235,3743.98,13.6284,3638.565725145078,882.1710175467541,11029.972105265422,2812.191012881124,11382.824910182124,11383.61,23.0,92,0.0,uhs0_1247_circuit_1_fire_stress,uhs0_1247,circuit_1,fire_stress,data,,,,,,summer,NC
NC_GSO_urban__NC,NC_GSO_urban,NC,3739.04,14.2647,3623.7568863035713,921.3067624670128,3925.56,15.4509,3783.68677199153,1045.818208416891,3730.72,13.5983,3626.140370995471,877.1417948295611,11033.584029290572,2844.266765713465,11394.28935765448,11395.32,23.0,93,900.0,uhs0_1247_circuit_1_fire_stress,uhs0_1247,circuit_1,fire_stress,data,,,,,,summer,NC
NC_GSO_urban__NC,NC_GSO_urban,NC,3593.34,14.7936,3474.227664334752,917.515390590858,3671.31,16.2083,3525.387397072247,1024.7735440887252,3435.31,14.2487,3329.627821915053,845.5373224342133,10329.242883322053,2787.8262571137966,10698.842637524507,10699.96,23.0,94,1800.0,uhs0_1247_circuit_1_fire_stress,uhs0_1247,circuit_1,fire_stress,data,,,,,,summer,NC
NC_GSO_urban__NC,NC_GSO_urban,NC,3720.69,15.3302,3588.3011517372584,983.6813104563208,3877.9,16.425,3719.645571023835,1096.515041375524,3697.92,14.1505,3585.7137118545693,904.0295918929456,10893.660434615662,2984.2259437247903,11295.01846602788,11296.51,23.0,95,2700.0,uhs0_1247_circuit_1_fire_stress,uhs0_1247,circuit_1,fire_stress,data,,,,,,summer,NC
NC_GSO_urban__NC,NC_GSO_urban,NC,3606.48,14.7208,3488.0993413190504,916.4392917643836,3788.73,15.8566,3644.5633309975706,1035.19714994193,3728.9,13.8446,3620.569142887914,892.2859920271493,10753.231815204535,2843.922433733463,11122.94427211696,11124.11,24.0,96,0.0,uhs0_1247_circuit_1_fire_stress,uhs0_1247,circuit_1,fire_stress,data,,,,,,summer,NC
NC_GSO_urban__NC,NC_GSO_urban,NC,,,,,,,,,,,,,,,,,,0,,uhs0_1247_circuit_1_fire_stress,uhs0_1247,circuit_1,fire_stress,summary,4151.0,972.0,9.0,9.0,1000.0,summer,NC
NC_GSO_urban__NC,NC_GSO_urban,NC,2052.96,10.1133,2021.0620226975493,360.4900303887596,1872.48,8.82618,1850.306793827276,287.3084041872564,1926.13,9.53318,1899.5298693684165,319.0032167192163,5770.898685893242,966.8016512952324,5851.322677462895,5851.57,0.0,1,900.0,uhs0_1247_circuit_2_fire_baseline,uhs0_1247,circuit_2,fire_baseline,data,,,,,,summer,NC
NC_GSO_urban__NC,NC_GSO_urban,NC,1949.14,9.9303,1919.9385036209308,336.1292636974969,1787.21,8.55287,1767.3345275948168,265.7973883829676,1813.03,9.33013,1789.0446968014153,293.93341719976536,5476.317728017162,895.8600692802298,5549.1099396142645,5549.38,0.0,2,1800.0,uhs0_1247_circuit_2_fire_baseline,uhs0_1247,circuit_2,fire_baseline,data,,,,,,summer,NC
NC_GSO_urban__NC,NC_GSO_urban,NC,1866.91,9.60485,1840.739500328507,311.4980578275892,1711.0,8.38899,1692.692960655473,249.6227973311127,1735.66,8.96563,1714.4537116269228,270.48864354842766,5247.886172610903,831.6094987071297,5313.368389169024,5313.57,0.0,3,2700.0,uhs0_1247_circuit_2_fire_baseline,uhs0_1247,circuit_2,fire_baseline,data,,,,,,summer,NC
NC_GSO_urban__NC,NC_GSO_urban,NC,1884.23,10.1757,1854.59223738416,332.8818498122366,1725.17,8.73606,1705.1554275940937,262.02384747652906,1758.69,9.06173,1736.7401878996689,276.99103926701923,5296.487852877923,871.8967365557849,5367.773048006036,5368.09,1.0,4,0.0,uhs0_1247_circuit_2_fire_baseline,uhs0_1247,circuit_2,fire_baseline,data,,,,,,summer,NC
NC_GSO_urban__NC,NC_GSO_urban,NC,1840.29,10.2537,1810.8991047524155,327.58467074468143,1705.7,8.43086,1687.267366419367,250.08263477549832,1758.97,9.57268,1734.4771242810414,292.5142154592981,5232.643595452823,870.1815209794779,5304.505149067876,5304.96,1.0,5,900.0,uhs0_1247_circuit_2_fire_baseline,uhs0_1247,circuit_2,fire_baseline,data,,,,,,summer,NC
NC_GSO_urban__NC,NC_GSO_urban,NC,1819.79,10.2012,1791.0225756978764,322.29455074596694,1677.51,8.47407,1659.1960450542672,247.20089841317045,1705.7,9.57317,1681.9464594471478,283.66987424328914,5132.165080199291,853.1653234024266,5202.59641712418,5203.0,1.0,6,1800.0,uhs0_1247_circuit_2_fire_baseline,uhs0_1247,circuit_2,fire_baseline,data,,,,,,summer,NC
NC_GSO_urban__NC,NC_GSO_urban,NC,1761.96,10.035,1735.0046437335288,307.0210543645029,1667.03,8.74987,1647.628864177928,253.59051012952057,1670.36,9.39844,1647.9381031719415,272.76828575562524,5030.571611083398,833.3798502496487,5099.134505878458,5099.349999999999,1.0,7,2700.0,uhs0_1247_circuit_2_fire_baseline,uhs0_1247,circuit_2,fire_baseline,data,,,,,,summer,NC
NC_GSO_urban__NC,NC_GSO_urban,NC,1758.88,10.3514,1730.2528889921462,316.04397563366445,1651.1,9.00631,1630.7437638343597,258.46854105547453,1655.61,9.86522,1631.1293392948785,283.6574529101138,4992.125992121384,858.1699695992527,5065.350690518466,5065.59,2.0,8,0.0,uhs0_1247_circuit_2_fire_baseline,uhs0_1247,circuit_2,fire_baseline,data,,,,,,summer,NC
NC_GSO_urban__NC,NC_GSO_urban,NC,1772.05,10.7739,1740.8132006655237,331.25609864371506,1609.58,8.87256,1590.3195180191228,248.2571388851169,1660.14,9.99973,1634.9201015563756,288.27258129570816,4966.052820241022,867.7858188245401,5041.302692834144,5041.77,2.0,9,900.0,uhs0_1247_circuit_2_fire_baseline,uhs0_1247,circuit_2,fire_baseline,data,,,,,,summer,NC
NC_GSO_urban__NC,NC_GSO_urban,NC,1797.12,10.7616,1765.5133573595194,335.5635251112924,1625.54,9.03551,1605.3689961313676,255.2854830580164,1661.76,9.92691,1636.8809068040064,286.4737239966243,5007.763260294893,877.3227321659331,5084.032656025573,5084.42,2.0,10,1800.0,uhs0_1247_circuit_2_fire_baseline,uhs0_1247,circuit_2,fire_baseline,data,,,,,,summer,NC
NC_GSO_urban__NC,NC_GSO_urban,NC,1774.11,10.6376,1743.6208916803698,327.4942414696049,1611.31,9.05915,1591.2110302673757,253.707258972691,1661.69,9.96516,1636.620351592829,287.5543093959227,4971.4522735405735,868.7558098382186,5046.788519961917,5047.110000000001,2.0,11,2700.0,uhs0_1247_circuit_2_fire_baseline,uhs0_1247,circuit_2,fire_baseline,data,,,,,,summer,NC
NC_GSO_urban__NC,NC_GSO_urban,NC,1807.35,10.8677,1774.9354625439953,340.7610985774833,1623.85,9.00344,1603.8424574284315,254.12240013412617,1685.76,9.99841,1660.1576405277704,292.68308150159083,5038.935560500197,887.5665802132003,5116.507208749421,5116.96,3.0,12,0.0,uhs0_1247_circuit_2_fire_baseline,uhs0_1247,circuit_2,fire_baseline,data,,,,,,summer,NC
NC_GSO_urban__NC,NC_GSO_urban,NC,1781.18,10.6925,1750.2535352226687,330.4765571724427,1609.41,8.91641,1589.9611087942374,249.44783146341285,1669.07,9.88945,1644.2692340316523,286.6589452938162,4984.483878048559,866.5833339296717,5059.253522523917,5059.66,3.0,13,900.0,uhs0_1247_circuit_2_fire_baseline,uhs0_1247,circuit_2,fire_baseline,data,,,,,,summer,NC
NC_GSO_urban__NC,NC_GSO_urban,NC,1770.58,10.5575,1740.606784957614,324.4095506601476,1640.01,8.99282,1619.8508927238554,256.3510979920479,1647.41,9.86742,1623.0397495969476,282.31485849717126,4983.497427278417,863.0755071493668,5057.681874014194,5058.0,3.0,14,1800.0,uhs0_1247_circuit_2_fire_baseline,uhs0_1247,circuit_2,fire_baseline,data,,,,,,summer,NC
NC_GSO_urban__NC,NC_GSO_urban,NC,1773.08,10.5735,1742.9736756636137,325.3543488931289,1635.92,8.9793,1615.8714622091193,255.3304995846826,1638.32,9.76548,1614.5811835025825,277.88491193189964,4973.426321375316,858.5697604097111,5046.990331637142,5047.32,3.0,15,2700.0,uhs0_1247_circuit_2_fire_baseline,uhs0_1247,circuit_2,fire_baseline,data,,,,,,summer,NC
NC_GSO_urban__NC,NC_GSO_urban,NC,1763.15,10.4267,1734.035529980893,319.0904311694157,1604.52,8.80713,1585.601643694634,245.66615133728712,1629.55,9.42959,1607.531001399713,266.9780553506893,4927.1681750752405,831.7346378573923,4996.875897326853,4997.22,4.0,16,0.0,uhs0_1247_circuit_2_fire_baseline,uhs0_1247,circuit_2,fire_baseline,data,,,,,,summer,NC
NC_GSO_urban__NC,NC_GSO_urban,NC,1853.75,11.1503,1818.7572630890847,358.4844215035012,1717.16,9.76925,1692.2596450061426,291.3687688886444,1710.52,10.4657,1682.063492143948,310.7106029676271,5193.080400239176,960.5637933597728,5281.170972848919,5281.43,4.0,17,900.0,uhs0_1247_circuit_2_fire_baseline,uhs0_1247,circuit_2,fire_baseline,data,,,,,,summer,NC
NC_GSO_urban__NC,NC_GSO_urban,NC,1803.12,10.7199,1771.6524031585764,335.3945389872071,1683.83,9.32908,1661.558938046709,272.95670773419766,1665.59,9.99222,1640.3252033281635,289.0039366970951,5073.536544533449,897.3551834184999,5152.282930306183,5152.54,4.0,18,1800.0,uhs0_1247_circuit_2_fire_baseline,uhs0_1247,circuit_2,fire_baseline,data,,,,,,summer,NC
NC_GSO_urban__NC,NC_GSO_urban,NC,1805.2,10.2893,1776.1695175794666,322.4420642867885,1707.62,9.08785,1686.1847979650122,269.7163167323976,1673.17,9.75916,1648.9575104030555,283.6141353764949,5111.311825947534,875.772516395681,5185.796571650795,5185.99,4.0,19,2700.0,uhs0_1247_circuit_2_fire_baseline,uhs0_1247,circuit_2,fire_baseline,data,,,,,,summer,NC
NC_GSO_urban__NC,NC_GSO_urban,NC,1835.89,10.7901,1803.430754736562,343.69987630244293,1740.74,9.6982,1715.8626701069434,293.2422973131109,1688.57,9.93094,1663.2690411936387,291.21253665801123,5182.562466037144,928.1547102735652,5265.01898197718,5265.2,5.0,20,0.0,uhs0_1247_circuit_2_fire_baseline,uhs0_1247,circuit_2,fire_baseline,data,,,,,,summer,NC
NC_GSO_urban__NC,NC_GSO_urban,NC,1963.44,11.665,1922.88809907148,396.9861358401209,1809.75,10.0349,1782.0640784987315,315.3453386756596,1773.95,10.4159,1744.7176767497178,320.71612204107834,5449.669854319929,1033.0475965568587,5546.718746956194,5547.14,5.0,21,900.0,uhs0_1247_circuit_2_fire_baseline,uhs0_1247,circuit_2,fire_baseline,data,,,,,,summer,NC
NC_GSO_urban__NC,NC_GSO_urban,NC,1992.05,11.2484,1953.784169653324,388.5751161771307,1883.42,9.8482,1855.6666033489364,322.1371658399898,1798.13,10.0168,1770.720734666656,312.7612135824696,5580.171507668916,1023.47349559959,5673.254097182218,5673.6,5.0,22,1800.0,uhs0_1247_circuit_2_fire_baseline,uhs0_1247,circuit_2,fire_baseline,data,,,,,,summer,NC
NC_GSO_urban__NC,NC_GSO_urban,NC,1996.24,11.3066,1957.4971351071847,391.381021061528,1892.65,9.90073,1864.4630200849567,325.42536661372907,1835.35,10.5685,1804.215734014084,336.6232428636208,5626.175889206226,1053.429630538878,5723.946988117792,5724.24,5.0,23,2700.0,uhs0_1247_circuit_2_fire_baseline,uhs0_1247,circuit_2,fire_baseline,data,,,,,,summer,NC
NC_GSO_urban__NC,NC_GSO_urban,NC,2099.41,12.2043,2051.9634007308387,443.8113903012538,1970.61,10.6051,1936.9499542626693,362.6687838535912,1921.34,11.3788,1883.5746072119628,379.070039262272,5872.487962205471,1185.550213417117,5990.963543102355,5991.36,6.0,24,0.0,uhs0_1247_circuit_2_fire_baseline,uhs0_1247,circuit_2,fire_baseline,data,,,,,,summer,NC
NC_GSO_urban__NC,NC_GSO_urban,NC,2148.56,12.1599,2100.3539544426776,452.574126146211,2007.77,10.5829,1973.6182456843085,368.74299071574575,1942.01,11.2266,1904.849395640944,378.0894338993492,5978.8215957679295,1199.406550761306,6097.940943304559,6098.34,6.0,25,900.0,uhs0_1247_circuit_2_fire_baseline,uhs0_1247,circuit_2,fire_baseline,data,,,,,,summer,NC
NC_GSO_urban__NC,NC_GSO_urban,NC,2424.96,13.5885,2357.0809490122574,569.7371336006422,2278.55,12.2923,2226.3124066544265,485.1011961195076,2204.85,12.9132,2149.08875963091,492.7281458655243,6732.482115297593,1547.5664755856742,6908.058875629145,6908.360000000001,6.0,26,1800.0,uhs0_1247_circuit_2_fire_baseline,uhs0_1247,circuit_2,fire_baseline,data,,,,,,summer,NC
NC_GSO_urban__NC,NC_GSO_urban,NC,2448.41,13.7384,2378.3614094642485,581.4710087968542,2329.22,12.4151,2274.752709081872,500.7653351867364,2263.26,13.0559,2204.755023335011,511.2740113471796,6857.869141881131,1593.5103553307702,7040.571313445511,7040.889999999999,6.0,27,2700.0,uhs0_1247_circuit_2_fire_baseline,uhs0_1247,circuit_2,fire_baseline,data,,,,,,summer,NC
NC_GSO_urban__NC,NC_GSO_urban,NC,2541.53,13.6083,2470.181443150451,597.9785772209209,2391.57,12.4559,2335.277965203653,515.8331999147467,2379.69,13.332,2315.5579184659537,548.7403961160682,7121.017326820057,1662.552173251736,7312.521281860008,7312.790000000001,7.0,28,0.0,uhs0_1247_circuit_2_fire_baseline,uhs0_1247,circuit_2,fire_baseline,data,,,,,,summer,NC
NC_GSO_urban__NC,NC_GSO_urban,NC,2749.58,14.5761,2661.082658524196,691.9748990402759,2611.22,13.7392,2536.5047842756185,620.1720468925514,2523.68,14.0382,2448.308321997633,612.1659112014771,7645.895764797446,1924.3128571343043,7884.332693277213,7884.48,7.0,29,900.0,uhs0_1247_circuit_2_fire_baseline,uhs0_1247,circuit_2,fire_baseline,data,,,,,,summer,NC
NC_GSO_urban__NC,NC_GSO_urban,NC,2596.08,12.0593,2538.789427198912,542.3832692322089,2430.28,11.0418,2385.289971251643,465.4595916364137,2416.45,11.394,2368.826284126611,477.38101986873227,7292.905682577166,1485.2238807373549,7442.604602615864,7442.81,7.0,30,1800.0,uhs0_1247_circuit_2_fire_baseline,uhs0_1247,circuit_2,fire_baseline,data,,,,,,summer,NC
NC_GSO_urban__NC,NC_GSO_urban,NC,2720.75,12.8895,2652.192787845838,606.9217236172391,2553.12,12.1115,2496.2904693687747,535.6823937172304,2539.56,12.5724,2478.665746359547,552.793914061894,7627.149003574161,1695.3980313963634,7813.307648338505,7813.43,7.0,31,2700.0,uhs0_1247_circuit_2_fire_baseline,uhs0_1247,circuit_2,fire_baseline,data,,,,,,summer,NC
NC_GSO_urban__NC,NC_GSO_urban,NC,2786.46,13.4073,2710.5187764123084,646.1016129962235,2663.86,12.4888,2600.8285369294445,576.0564391563074,2580.56,13.0572,2513.839632177993,583.0096202389924,7825.186945519746,1805.167672391524,8030.702401271017,8030.879999999999,8.0,32,0.0,uhs0_1247_circuit_2_fire_baseline,uhs0_1247,circuit_2,fire_baseline,data,,,,,,summer,NC
NC_GSO_urban__NC,NC_GSO_urban,NC,2855.76,13.4174,2777.813328629088,662.6600100282112,2719.57,12.7571,2652.4373181469205,600.5308136986587,2646.58,13.0494,2578.2340604095584,597.5741176992539,8008.484707185567,1860.764941426124,8221.816920393307,8221.91,8.0,33,900.0,uhs0_1247_circuit_2_fire_baseline,uhs0_1247,circuit_2,fire_baseline,data,,,,,,summer,NC
NC_GSO_urban__NC,NC_GSO_urban,NC,3111.36,14.3406,3014.411465238376,770.6390645687708,2888.81,13.071,2813.96255367114,653.3283727472726,2809.61,13.5495,2731.4125839073563,658.2504451745845,8559.786602816872,2082.217882490628,8809.402817213375,8809.78,8.0,34,1800.0,uhs0_1247_circuit_2_fire_baseline,uhs0_1247,circuit_2,fire_baseline,data,,,,,,summer,NC
NC_GSO_urban__NC,NC_GSO_urban,NC,3228.38,14.4074,3126.850786066493,803.2693110503808,2994.47,13.2039,2915.306266435567,683.9882702075479,2895.44,13.4849,2815.6168015415296,675.1850268460099,8857.77385404359,2162.4426081039387,9117.911804943147,9118.29,8.0,35,2700.0,uhs0_1247_circuit_2_fire_baseline,uhs0_1247,circuit_2,fire_baseline,data,,,,,,summer,NC
NC_GSO_urban__NC,NC_GSO_urban,NC,3212.73,14.3507,3112.482501802811,796.2956290670667,3040.78,13.4822,2956.9833938299053,708.9373858206225,2912.69,13.6985,2829.839465223035,689.7620148762965,8899.305360855751,2194.9950297639853,9166.004532316383,9166.2,9.0,36,0.0,uhs0_1247_circuit_2_fire_baseline,uhs0_1247,circuit_2,fire_baseline,data,,,,,,summer,NC
NC_GSO_urban__NC,NC_GSO_urban,NC,3225.51,14.2294,3126.549251714633,792.8458467461805,3107.27,13.6689,3019.2644448493734,734.2813254934426,2965.98,13.8612,2879.607513941416,710.5616975689987,9025.42121050542,2237.688869808622,9298.681600372523,9298.76,9.0,37,900.0,uhs0_1247_circuit_2_fire_baseline,uhs0_1247,circuit_2,fire_baseline,data,,,,,,summer,NC
NC_GSO_urban__NC,NC_GSO_urban,NC,3269.85,14.3121,3168.365455308339,808.3188505217372,3117.01,13.4755,3031.19763639478,726.3554427514811,3013.28,13.892,2925.141603024057,723.4659360729081,9124.704694727176,2258.140229346126,9399.969843641393,9400.14,9.0,38,1800.0,uhs0_1247_circuit_2_fire_baseline,uhs0_1247,circuit_2,fire_baseline,data,,,,,,summer,NC
NC_GSO_urban__NC,NC_GSO_urban,NC,3317.57,14.388,3213.51516464075,824.3730900047238,3232.71,13.9439,3137.4489350483864,778.991735555485,3049.61,13.8262,2961.247863421332,728.7882020742366,9312.211963110469,2332.1530276344456,9599.80361206427,9599.89,9.0,39,2700.0,uhs0_1247_circuit_2_fire_baseline,uhs0_1247,circuit_2,fire_baseline,data,,,,,,summer,NC
NC_GSO_urban__NC,NC_GSO_urban,NC,3452.6,14.5246,3342.2550774656133,865.8970823113592,3337.59,14.1195,3236.758226633691,814.1886700385384,3166.25,14.0147,3072.0022184423333,766.7733905042489,9651.015522541638,2446.8591428541467,9956.36581696899,9956.44,10.0,40,0.0,uhs0_1247_circuit_2_fire_baseline,uhs0_1247,circuit_2,fire_baseline,data,,,,,,summer,NC
NC_GSO_urban__NC,NC_GSO_urban,NC,3517.01,14.6206,3403.123868474579,887.7540627440794,3409.02,14.1364,3305.7848211735686,832.5887799498844,3222.26,13.9858,3126.738208412291,778.760350592336,9835.64689806044,2499.1031932863,10148.175534253422,10148.29,10.0,41,900.0,uhs0_1247_circuit_2_fire_baseline,uhs0_1247,circuit_2,fire_baseline,data,,,,,,summer,NC
NC_GSO_urban__NC,NC_GSO_urban,NC,3711.61,15.0663,3584.025953736605,964.7832684299726,3612.7,14.7064,3494.345786547248,917.141654293105,3409.77,14.4956,3301.22633238708,853.4847129586731,10379.598072670931,2735.409635681751,10733.989101223027,10734.08,10.0,42,1800.0,uhs0_1247_circuit_2_fire_baseline,uhs0_1247,circuit_2,fire_baseline,data,,,,,,summer,NC
NC_GSO_urban__NC,NC_GSO_urban,NC,3723.77,14.8441,3599.4947177527456,953.9920281480776,3545.3,13.9259,3441.095796656426,853.2360800115518,3431.73,14.3509,3324.646029085336,850.587781588185,10365.236543494508,2657.8158897478143,10700.566055419216,10700.8,10.0,43,2700.0,uhs0_1247_circuit_2_fire_baseline,uhs0_1247,circuit_2,fire_baseline,data,,,,,,summer,NC
NC_GSO_urban__NC,NC_GSO_urban,NC,3746.22,14.7374,3622.976500131926,952.9981993119496,3626.43,13.9919,3518.833522654214,876.8153652536746,3542.97,14.5691,3429.045702037597,891.2249964164364,10570.855724823738,2721.0385609820605,10915.449674905294,10915.62,11.0,44,0.0,uhs0_1247_circuit_2_fire_baseline,uhs0_1247,circuit_2,fire_baseline,data,,,,,,summer,NC
NC_GSO_urban__NC,NC_GSO_urban,NC,3909.78,15.1383,3774.1039015733686,1021.0383873923046,3691.82,14.1065,3580.4908486884456,899.7889724031396,3603.16,14.6201,3486.4921372311314,909.469385205184,10841.086887492946,2830.296745000628,11204.451997618296,11204.76,11.0,45,900.0,uhs0_1247_circuit_2_fire_baseline,uhs0_1247,circuit_2,fire_baseline,data,,,,,,summer,NC
NC_GSO_urban__NC,NC_GSO_urban,NC,4064.97,15.6569,3914.139408779697,1097.0386454167055,3931.97,15.0307,3797.445542755342,1019.7035994383784,3757.7,15.2027,3626.196049463557,985.3991581358748,11337.781000998595,3102.14140299096,11754.512295742235,11754.64,11.0,46,1800.0,uhs0_1247_circuit_2_fire_baseline,uhs0_1247,circuit_2,fire_baseline,data,,,,,,summer,NC
NC_GSO_urban__NC,NC_GSO_urban,NC,4213.61,15.92,4051.9996057375392,1155.7717885477325,3920.27,14.847,3789.3859839410393,1004.5251304030186,3825.74,15.2715,3690.647590683807,1007.6740092806848,11532.033180362385,3167.970928231436,11959.257045280803,11959.62,11.0,47,2700.0,uhs0_1247_circuit_2_fire_baseline,uhs0_1247,circuit_2,fire_baseline,data,,,,,,summer,NC
NC_GSO_urban__NC,NC_GSO_urban,NC,4258.15,15.1375,4110.40038895929,1111.957762211911,3970.88,14.3416,3847.1320542065423,983.596935688877,3842.9,14.6044,3718.735171200368,968.962918009446,11676.2676143662,3064.517615910234,12071.722893627117,12071.929999999998,12.0,48,0.0,uhs0_1247_circuit_2_fire_baseline,uhs0_1247,circuit_2,fire_baseline,data,,,,,,summer,NC
NC_GSO_urban__NC,NC_GSO_urban,NC,4262.45,14.9216,4118.716238428061,1097.5684715811583,4047.34,14.5132,3918.189102441256,1014.2757184861445,3880.05,14.5806,3755.090910622053,976.77031868482,11791.99625149137,3088.6145087521227,12189.779127566691,12189.84,12.0,49,900.0,uhs0_1247_circuit_2_fire_baseline,uhs0_1247,circuit_2,fire_baseline,data,,,,,,summer,NC
NC_GSO_urban__NC,NC_GSO_urban,NC,4766.22,14.9999,4603.817144786581,1233.5804739736818,4432.4,14.4505,4292.174784466284,1106.0765704017997,4379.64,14.5093,4239.960084715487,1097.2625071601808,13135.952013968352,3436.9195515356623,13578.131363225477,13578.259999999998,12.0,50,1800.0,uhs0_1247_circuit_2_fire_baseline,uhs0_1247,circuit_2,fire_baseline,data,,,,,,summer,NC
NC_GSO_urban__NC,NC_GSO_urban,NC,4647.22,14.577,4497.627287726714,1169.6163939925104,4306.83,13.8501,4181.610350396102,1030.9798864964291,4328.94,14.098,4198.554571590852,1054.4482125612228,12877.792209713669,3255.0444930501626,13282.802672941363,13282.989999999998,12.0,51,2700.0,uhs0_1247_circuit_2_fire_baseline,uhs0_1247,circuit_2,fire_baseline,data,,,,,,summer,NC
NC_GSO_urban__NC,NC_GSO_urban,NC,4616.54,14.7908,4463.568145507923,1178.5588581004172,4321.85,14.111,4191.439155953871,1053.6722566513297,4321.97,14.2549,4188.895916382355,1064.225390890125,12843.903217844148,3296.4565056418714,13260.183835940432,13260.36,13.0,52,0.0,uhs0_1247_circuit_2_fire_baseline,uhs0_1247,circuit_2,fire_baseline,data,,,,,,summer,NC
NC_GSO_urban__NC,NC_GSO_urban,NC,4430.73,15.8413,4262.457424350956,1209.4730416571558,4164.9,14.9574,4023.784832801158,1074.964013034555,4193.12,15.6226,4038.2111272457378,1129.206015830904,12324.45338439785,3413.643070522615,12788.475680749549,12788.75,13.0,53,900.0,uhs0_1247_circuit_2_fire_baseline,uhs0_1247,circuit_2,fire_baseline,data,,,,,,summer,NC
NC_GSO_urban__NC,NC_GSO_urban,NC,4383.94,15.6325,4221.777497933403,1181.3232756291466,4122.27,14.7976,3985.5511552931857,1052.849439113283,4125.37,15.3202,3978.772206257936,1089.9767738852752,12186.100859484524,3324.149488627705,12631.350837510345,12631.579999999998,13.0,54,1800.0,uhs0_1247_circuit_2_fire_baseline,uhs0_1247,circuit_2,fire_baseline,data,,,,,,summer,NC
NC_GSO_urban__NC,NC_GSO_urban,NC,4325.02,15.568,4166.346303345033,1160.7568569701316,4086.43,14.8151,3950.580858586274,1044.902399591339,4102.54,15.4106,3955.0383375610895,1090.1863143619105,12071.9654994924,3295.8455709233813,12513.790354976789,12513.990000000002,13.0,55,2700.0,uhs0_1247_circuit_2_fire_baseline,uhs0_1247,circuit_2,fire_baseline,data,,,,,,summer,NC
NC_GSO_urban__NC,NC_GSO_urban,NC,4323.58,15.5429,4165.467065841226,1158.5457003468111,4122.57,14.839,3985.0793561790897,1055.8058201465126,4089.83,15.2886,3945.090513595692,1078.410992357404,12095.636935616008,3292.762512850728,12535.817398330004,12535.98,14.0,56,0.0,uhs0_1247_circuit_2_fire_baseline,uhs0_1247,circuit_2,fire_baseline,data,,,,,,summer,NC
NC_GSO_urban__NC,NC_GSO_urban,NC,4366.47,14.2279,4232.531953015327,1073.188486522411,4138.97,13.7154,4020.949039366078,981.3467703727456,4109.66,13.624,3994.0241097447774,968.0272343159744,12247.505102126184,3022.562491211131,12614.96195950996,12615.1,14.0,57,900.0,uhs0_1247_circuit_2_fire_baseline,uhs0_1247,circuit_2,fire_baseline,data,,,,,,summer,NC
NC_GSO_urban__NC,NC_GSO_urban,NC,4071.81,15.256,3928.3184952669376,1071.424507766973,3904.32,14.5371,3779.3244136619473,980.0110400902524,3812.57,14.7478,3686.9676043411423,970.5461809924024,11394.610513270029,3021.981728849628,11788.533510094663,11788.7,14.0,58,1800.0,uhs0_1247_circuit_2_fire_baseline,uhs0_1247,circuit_2,fire_baseline,data,,,,,,summer,NC
NC_GSO_urban__NC,NC_GSO_urban,NC,3847.73,15.1786,3713.499456924412,1007.4462448796444,3699.63,14.443,3582.70781361125,922.7496189047704,3572.79,14.6414,3456.7700080684062,903.0888635227157,10752.977278604068,2833.2847273071307,11119.98303506652,11120.15,14.0,59,2700.0,uhs0_1247_circuit_2_fire_baseline,uhs0_1247,circuit_2,fire_baseline,data,,,,,,summer,NC
NC_GSO_urban__NC,NC_GSO_urban,NC,3712.34,14.6845,3591.081483141016,941.0643214157728,3586.44,14.1542,3477.5597316049,877.0006765790212,3494.74,14.2797,3386.7636570203704,861.9974472618845,10455.404871766284,2680.0624452566785,10793.434381281491,10793.52,15.0,60,0.0,uhs0_1247_circuit_2_fire_baseline,uhs0_1247,circuit_2,fire_baseline,data,,,,,,summer,NC
NC_GSO_urban__NC,NC_GSO_urban,NC,3712.27,14.7869,3589.326180798095,947.4629917507914,3527.01,14.0336,3421.741762752857,855.2677061207044,3444.19,14.3118,3337.2990181134114,851.3988605813743,10348.366961664364,2654.12955845287,10683.309528714391,10683.47,15.0,61,900.0,uhs0_1247_circuit_2_fire_baseline,uhs0_1247,circuit_2,fire_baseline,data,,,,,,summer,NC
NC_GSO_urban__NC,NC_GSO_urban,NC,3647.19,14.8813,3524.8630649272227,936.6617690564022,3456.34,14.2149,3350.5121364329657,848.7370730770539,3451.05,14.5815,3339.893438433491,868.8255995358983,10215.26863979368,2654.2244416693543,10554.459757368311,10554.580000000002,15.0,62,1800.0,uhs0_1247_circuit_2_fire_baseline,uhs0_1247,circuit_2,fire_baseline,data,,,,,,summer,NC
NC_GSO_urban__NC,NC_GSO_urban,NC,3733.35,15.3378,3600.379730069676,987.505960388799,3507.85,14.5623,3395.159686924979,881.9877112406268,3525.15,14.931,3406.129710693609,908.2746921665688,10401.669127688265,2777.7683637959944,10766.1839908488,10766.35,15.0,63,2700.0,uhs0_1247_circuit_2_fire_baseline,uhs0_1247,circuit_2,fire_baseline,data,,,,,,summer,NC
NC_GSO_urban__NC,NC_GSO_urban,NC,3791.12,16.9581,3626.2756938965927,1105.7646432468282,3517.47,16.2344,3377.214430158472,983.3706796673288,3556.37,16.6589,3407.1033926688583,1019.5165759144656,10410.593516723922,3108.6518988286225,10864.81357403545,10864.96,16.0,64,0.0,uhs0_1247_circuit_2_fire_baseline,uhs0_1247,circuit_2,fire_baseline,data,,,,,,summer,NC
NC_GSO_urban__NC,NC_GSO_urban,NC,3609.55,16.0123,3469.508488213683,995.6716590890824,3354.95,15.3516,3235.243323825291,888.1948762202361,3422.18,15.7103,3294.337913731124,926.6356687251288,9999.089725770098,2810.502204034447,10386.564301196217,10386.68,16.0,65,900.0,uhs0_1247_circuit_2_fire_baseline,uhs0_1247,circuit_2,fire_baseline,data,,,,,,summer,NC
NC_GSO_urban__NC,NC_GSO_urban,NC,3269.28,16.1855,3139.699667831012,911.3054999405156,3045.3,15.5403,2933.9706778913046,815.884888494719,3073.4,15.8627,2956.363254009773,840.0618253085582,9030.033599732087,2567.2522137437927,9387.879991843893,9387.98,16.0,66,1800.0,uhs0_1247_circuit_2_fire_baseline,uhs0_1247,circuit_2,fire_baseline,data,,,,,,summer,NC
NC_GSO_urban__NC,NC_GSO_urban,NC,3255.36,15.6583,3134.548495984506,878.6207691155882,2978.81,14.8264,2879.632263718164,762.2512983612447,3075.94,15.1867,2968.51996283799,805.7891249156559,8982.700722540661,2446.661192392489,9309.944321052191,9310.11,16.0,67,2700.0,uhs0_1247_circuit_2_fire_baseline,uhs0_1247,circuit_2,fire_baseline,data,,,,,,summer,NC
NC_GSO_urban__NC,NC_GSO_urban,NC,3276.69,16.7674,3137.3775765861174,945.2826551009088,2975.5,15.9429,2861.050112240377,817.3080846592204,3029.2,16.2093,2908.7844181792884,845.5920106986458,8907.212107005784,2608.182750458775,9281.220004879806,9281.39,17.0,68,0.0,uhs0_1247_circuit_2_fire_baseline,uhs0_1247,circuit_2,fire_baseline,data,,,,,,summer,NC
NC_GSO_urban__NC,NC_GSO_urban,NC,3192.27,16.4625,3061.404222843861,904.6501739643754,2918.25,15.5629,2811.2567267243985,782.9550938251955,2986.01,15.8849,2871.984659423267,817.2880986148157,8744.645608991526,2504.8933664043866,9096.335394207465,9096.53,17.0,69,900.0,uhs0_1247_circuit_2_fire_baseline,uhs0_1247,circuit_2,fire_baseline,data,,,,,,summer,NC
NC_GSO_urban__NC,NC_GSO_urban,NC,3145.73,14.8775,3040.275632235726,807.6764902692508,2891.42,14.009,2805.422557398882,699.938490752951,2954.68,14.4504,2861.205824398092,737.3161688383303,8706.9040140327,2244.931149860532,8991.656876082008,8991.83,17.0,70,1800.0,uhs0_1247_circuit_2_fire_baseline,uhs0_1247,circuit_2,fire_baseline,data,,,,,,summer,NC
NC_GSO_urban__NC,NC_GSO_urban,NC,3040.77,14.8144,2939.6922434999315,777.4906471503954,2833.95,14.1644,2747.7910656979457,693.4816953392124,2808.67,14.2131,2722.694470908319,689.610025293477,8410.177780106196,2160.582367783085,8683.27164500611,8683.39,17.0,71,2700.0,uhs0_1247_circuit_2_fire_baseline,uhs0_1247,circuit_2,fire_baseline,data,,,,,,summer,NC
NC_GSO_urban__NC,NC_GSO_urban,NC,3011.33,14.7936,2911.5101806233665,768.9062602336456,2867.26,14.5784,2774.9460687013498,721.7023094039016,2811.52,14.3032,2724.3683199209004,694.5948227645886,8410.824569245617,2185.203392402136,8690.056605154625,8690.11,18.0,72,0.0,uhs0_1247_circuit_2_fire_baseline,uhs0_1247,circuit_2,fire_baseline,data,,,,,,summer,NC
NC_GSO_urban__NC,NC_GSO_urban,NC,3114.16,13.8887,3023.113923099315,747.5123501073875,2965.49,13.4464,2884.1996387711847,689.5820355926969,2925.78,13.4961,2844.986950111207,682.8161261254256,8752.300511981706,2119.91051182551,9005.375329778517,9005.43,18.0,73,900.0,uhs0_1247_circuit_2_fire_baseline,uhs0_1247,circuit_2,fire_baseline,data,,,,,,summer,NC
NC_GSO_urban__NC,NC_GSO_urban,NC,3257.32,13.4578,3167.879191177882,758.0732237074249,3138.61,12.7073,3061.7345364237194,690.401593690393,3100.97,13.0212,3021.2340265394446,698.6844049928796,9250.847754141048,2147.1592223906973,9496.761389894657,9496.9,18.0,74,1800.0,uhs0_1247_circuit_2_fire_baseline,uhs0_1247,circuit_2,fire_baseline,data,,,,,,summer,NC
NC_GSO_urban__NC,NC_GSO_urban,NC,3196.27,13.4197,3108.9994877567933,741.7978821943325,3109.99,12.9066,3031.417567943349,694.654827136779,3093.33,12.9321,3014.8706701913666,692.275473290698,9155.287725891509,2128.728182621809,9399.50940312036,9399.59,18.0,75,2700.0,uhs0_1247_circuit_2_fire_baseline,uhs0_1247,circuit_2,fire_baseline,data,,,,,,summer,NC
NC_GSO_urban__NC,NC_GSO_urban,NC,3139.95,12.8167,3061.7173235459145,696.5436333775789,2957.4,11.8813,2894.0413520631823,608.8837430481361,2988.88,11.9472,2924.137221831887,618.7286661350789,8879.895897440983,1924.156042560794,9085.974225448388,9086.23,19.0,76,0.0,uhs0_1247_circuit_2_fire_baseline,uhs0_1247,circuit_2,fire_baseline,data,,,,,,summer,NC
NC_GSO_urban__NC,NC_GSO_urban,NC,3039.42,12.209,2970.676487756893,642.7714535418999,2879.79,11.5154,2821.822946029526,574.8962561725772,2961.09,11.7851,2898.671809025848,604.777423238348,8691.171242812266,1822.445132952825,8880.189403076398,8880.3,19.0,77,900.0,uhs0_1247_circuit_2_fire_baseline,uhs0_1247,circuit_2,fire_baseline,data,,,,,,summer,NC
NC_GSO_urban__NC,NC_GSO_urban,NC,3032.82,12.1086,2965.3450998934,636.1804704155916,2831.71,11.0783,2778.942524633117,544.1139300603484,2971.6,11.4765,2912.1869987055347,591.2473632672287,8656.474623232052,1771.5417637431688,8835.887794859482,8836.130000000001,19.0,78,1800.0,uhs0_1247_circuit_2_fire_baseline,uhs0_1247,circuit_2,fire_baseline,data,,,,,,summer,NC
NC_GSO_urban__NC,NC_GSO_urban,NC,3088.61,12.2388,3018.4138127235456,654.7440624088996,2875.34,11.3402,2819.204556023128,565.3899423393044,3104.84,11.7565,3039.7077958984496,632.6199025909556,8877.326164645123,1852.75390733916,9068.606115310851,9068.79,19.0,79,2700.0,uhs0_1247_circuit_2_fire_baseline,uhs0_1247,circuit_2,fire_baseline,data,,,,,,summer,NC
NC_GSO_urban__NC,NC_GSO_urban,NC,3192.16,12.4978,3116.519588825415,690.7902127762552,3050.3,12.0572,2983.009006914904,637.1713699347765,3162.15,11.8524,3094.7328261577018,649.4777572803912,9194.261421898022,1977.439339991423,9404.504741747329,9404.61,20.0,80,0.0,uhs0_1247_circuit_2_fire_baseline,uhs0_1247,circuit_2,fire_baseline,data,,,,,,summer,NC
NC_GSO_urban__NC,NC_GSO_urban,NC,3215.99,12.2419,3142.861901219161,681.916967060563,2962.6,11.4702,2903.431737759292,589.1374238427371,3123.08,11.5113,3060.260388158606,623.2455720398953,9106.55402713706,1894.299962943196,9301.48905276853,9301.67,20.0,81,900.0,uhs0_1247_circuit_2_fire_baseline,uhs0_1247,circuit_2,fire_baseline,data,,,,,,summer,NC
NC_GSO_urban__NC,NC_GSO_urban,NC,3268.03,12.2367,3193.781445608868,692.6616479815622,2990.99,11.3422,2932.576182366596,588.2330445632631,3191.13,11.6495,3125.396440291908,644.3661753309761,9251.754068267372,1925.2608678758013,9449.951468080444,9450.15,20.0,82,1800.0,uhs0_1247_circuit_2_fire_baseline,uhs0_1247,circuit_2,fire_baseline,data,,,,,,summer,NC
NC_GSO_urban__NC,NC_GSO_urban,NC,3165.78,12.0559,3095.9564695388844,661.2235228123162,2883.13,11.0526,2829.652548379372,552.7251146366775,3128.29,11.6162,3064.21748102526,629.896462189788,8989.826498943516,1843.845099638782,9176.968193939052,9177.2,20.0,83,2700.0,uhs0_1247_circuit_2_fire_baseline,uhs0_1247,circuit_2,fire_baseline,data,,,,,,summer,NC
NC_GSO_urban__NC,NC_GSO_urban,NC,3080.19,11.9013,3013.979178992268,635.2164549986826,2740.09,10.3671,2695.3579352689926,493.09107564675605,2984.9,11.2294,2927.755162154108,581.2725010526259,8637.09227641537,1709.5800316980644,8804.659384444964,8805.18,21.0,84,0.0,uhs0_1247_circuit_2_fire_baseline,uhs0_1247,circuit_2,fire_baseline,data,,,,,,summer,NC
NC_GSO_urban__NC,NC_GSO_urban,NC,3319.31,12.8124,3236.6637741277323,736.0886423177743,2979.37,11.3934,2920.658345915074,588.5579184214786,3144.09,11.7687,3077.997947168268,641.272613892041,9235.320067211074,1965.919174631294,9442.244168894096,9442.77,21.0,85,900.0,uhs0_1247_circuit_2_fire_baseline,uhs0_1247,circuit_2,fire_baseline,data,,,,,,summer,NC
NC_GSO_urban__NC,NC_GSO_urban,NC,3136.17,12.5701,3060.997472356194,682.5369903008867,2783.81,11.1586,2731.182758037038,538.7382094312568,2980.66,11.568,2920.1150454210606,597.7141098431225,8712.295275814293,1818.989309575266,8900.15792451601,8900.64,21.0,86,1800.0,uhs0_1247_circuit_2_fire_baseline,uhs0_1247,circuit_2,fire_baseline,data,,,,,,summer,NC
NC_GSO_urban__NC,NC_GSO_urban,NC,2978.97,11.9362,2914.560224302241,616.1176509525367,2685.15,10.8761,2636.918007473433,506.6497255129421,2842.78,11.2534,2788.123863956447,554.7643171983694,8339.602095732122,1677.5316936638485,8506.64891119801,8506.9,21.0,87,2700.0,uhs0_1247_circuit_2_fire_baseline,uhs0_1247,circuit_2,fire_baseline,data,,,,,,summer,NC
NC_GSO_urban__NC,NC_GSO_urban,NC,2897.57,11.6751,2837.621730556853,586.3572453475193,2579.27,10.5489,2535.6778032633392,472.198910351989,2775.71,11.147,2723.344585328054,536.6193004955837,8096.644119148246,1595.175456195092,8252.286393975011,8252.55,22.0,88,0.0,uhs0_1247_circuit_2_fire_baseline,uhs0_1247,circuit_2,fire_baseline,data,,,,,,summer,NC
NC_GSO_urban__NC,NC_GSO_urban,NC,3304.39,13.1551,3217.674716322343,752.0390229502239,2918.55,12.2534,2852.061093642331,619.4203908749805,3221.52,12.7745,3141.780485523646,712.324709091861,9211.51629548832,2083.7841229170654,9444.267506427806,9444.46,22.0,89,900.0,uhs0_1247_circuit_2_fire_baseline,uhs0_1247,circuit_2,fire_baseline,data,,,,,,summer,NC
NC_GSO_urban__NC,NC_GSO_urban,NC,3120.89,13.6178,3033.155235729348,734.7950109164071,2784.51,12.6791,2716.608813616941,611.1730474086343,3077.96,13.5726,2992.002854954908,722.3272648472307,8741.766904301197,2068.295323172272,8983.11383391038,8983.36,22.0,90,1800.0,uhs0_1247_circuit_2_fire_baseline,uhs0_1247,circuit_2,fire_baseline,data,,,,,,summer,NC
NC_GSO_urban__NC,NC_GSO_urban,NC,3110.27,13.7831,3020.708517698561,741.0124992220866,2729.94,12.5361,2664.8567086362555,592.5463070818555,2995.25,13.3094,2914.800932197447,689.534689599367,8600.366158532262,2023.0934959033093,8835.112073652108,8835.46,22.0,91,2700.0,uhs0_1247_circuit_2_fire_baseline,uhs0_1247,circuit_2,fire_baseline,data,,,,,,summer,NC
NC_GSO_urban__NC,NC_GSO_urban,NC,2660.13,12.392,2598.154960339998,570.8611205544346,2371.58,11.1393,2326.900332993989,458.1774074662153,2516.01,11.6295,2464.360316029145,507.1829579951726,7389.415609363133,1536.2214860158224,7547.412768756998,7547.72,23.0,92,0.0,uhs0_1247_circuit_2_fire_baseline,uhs0_1247,circuit_2,fire_baseline,data,,,,,,summer,NC
NC_GSO_urban__NC,NC_GSO_urban,NC,2473.78,11.5491,2423.694601222429,495.26959164201935,2212.95,10.5955,2175.218745798488,406.90430131279606,2287.05,10.5048,2248.7182122259183,416.970148216238,6847.6315592468345,1319.1440411710537,6973.535614919474,6973.78,23.0,93,900.0,uhs0_1247_circuit_2_fire_baseline,uhs0_1247,circuit_2,fire_baseline,data,,,,,,summer,NC
NC_GSO_urban__NC,NC_GSO_urban,NC,2167.97,10.3765,2132.513779487884,390.4854686083713,1998.06,9.57155,1970.244455070184,332.235685719028,2001.19,9.33942,1974.6628217124248,324.75861289075243,6077.421056270493,1047.4797672181517,6167.030124616819,6167.219999999999,23.0,94,1800.0,uhs0_1247_circuit_2_fire_baseline,uhs0_1247,circuit_2,fire_baseline,data,,,,,,summer,NC
NC_GSO_urban__NC,NC_GSO_urban,NC,2201.73,10.8379,2162.4579332832814,413.9935744431298,2005.09,9.713,1976.3474653216497,338.28479779128537,2040.34,9.52445,2012.2140773008616,337.61194100955873,6151.019475905792,1089.890313243974,6246.831315785261,6247.16,23.0,95,2700.0,uhs0_1247_circuit_2_fire_baseline,uhs0_1247,circuit_2,fire_baseline,data,,,,,,summer,NC
NC_GSO_urban__NC,NC_GSO_urban,NC,2094.64,9.96693,2063.027306219893,362.53974043005417,1917.58,8.95158,1894.224237723532,298.37492123284034,1948.25,9.16499,1923.378201262968,310.3133213486474,5880.629745206394,971.227983011542,5960.292777640279,5960.469999999999,24.0,96,0.0,uhs0_1247_circuit_2_fire_baseline,uhs0_1247,circuit_2,fire_baseline,data,,,,,,summer,NC
NC_GSO_urban__NC,NC_GSO_urban,NC,,,,,,,,,,,,,,,,,,0,,uhs0_1247_circuit_2_fire_baseline,uhs0_1247,circuit_2,fire_baseline,summary,3927.0,364.0,4.0,4.0,1000.0,summer,NC
NC_GSO_urban__NC,NC_GSO_urban,NC,4390.61,18.3227,4168.0104747696,1380.26984836694,3921.06,16.4268,3761.009407850996,1108.8371195339312,4053.37,18.7467,3838.333215031828,1302.6920155138075,11767.353097652423,3791.7989834146783,12363.184802285155,12365.04,0.0,1,900.0,uhs0_1247_circuit_2_fire_mixed,uhs0_1247,circuit_2,fire_mixed,data,,,,,,summer,NC
NC_GSO_urban__NC,NC_GSO_urban,NC,4266.15,18.6599,4041.897416625974,1364.954613154692,3801.98,16.9686,3636.4601992324856,1109.598639057398,3921.24,19.0129,3707.317735198693,1277.4655955763474,11385.675351057154,3752.0188477884376,11987.96265567382,11989.37,0.0,2,1800.0,uhs0_1247_circuit_2_fire_mixed,uhs0_1247,circuit_2,fire_mixed,data,,,,,,summer,NC
NC_GSO_urban__NC,NC_GSO_urban,NC,4278.5,19.0896,4043.2179743243128,1399.267902190571,3723.52,17.4946,3551.289652414312,1119.3493623775537,4035.48,19.3297,3807.99796832118,1335.758325320029,11402.505595059803,3854.3755898881536,12036.334368623024,12037.5,0.0,3,2700.0,uhs0_1247_circuit_2_fire_mixed,uhs0_1247,circuit_2,fire_mixed,data,,,,,,summer,NC
NC_GSO_urban__NC,NC_GSO_urban,NC,4301.9,18.9894,4067.785401527816,1399.8091073847124,3836.63,17.1814,3665.417730748272,1133.332526673522,3978.0,19.2829,3754.8324178518415,1313.6656781117854,11488.03555012793,3846.80731217002,12114.986062640264,12116.53,1.0,4,0.0,uhs0_1247_circuit_2_fire_mixed,uhs0_1247,circuit_2,fire_mixed,data,,,,,,summer,NC
NC_GSO_urban__NC,NC_GSO_urban,NC,4334.42,19.5528,4084.4690674714825,1450.623718704695,3832.19,17.9161,3646.359441423435,1178.8736234398398,4071.53,19.7561,3831.8798809648015,1376.2460240658909,11562.70838985972,4005.7433662104254,12236.919760498196,12238.14,1.0,5,900.0,uhs0_1247_circuit_2_fire_mixed,uhs0_1247,circuit_2,fire_mixed,data,,,,,,summer,NC
NC_GSO_urban__NC,NC_GSO_urban,NC,4227.43,19.7482,3978.800598468273,1428.394274186407,3762.21,17.8744,3580.6142825813063,1154.7404225516475,3978.6,19.8902,3741.2619186661664,1353.5941843618994,11300.676799715746,3936.728881099954,11966.751038394685,11968.24,1.0,6,1800.0,uhs0_1247_circuit_2_fire_mixed,uhs0_1247,circuit_2,fire_mixed,data,,,,,,summer,NC
NC_GSO_urban__NC,NC_GSO_urban,NC,4289.45,19.9494,4032.058570751554,1463.5180164688547,3775.21,18.2168,3585.998095526448,1180.1814279934622,4021.37,20.2031,3773.9525524452247,1388.7760110227184,11392.009218723226,4032.475455485035,12084.648622883671,12086.03,1.0,7,2700.0,uhs0_1247_circuit_2_fire_mixed,uhs0_1247,circuit_2,fire_mixed,data,,,,,,summer,NC
NC_GSO_urban__NC,NC_GSO_urban,NC,4232.19,20.5991,3961.605196181256,1488.9984773966917,3634.2,19.1272,3433.568412954622,1190.8054390034818,3992.53,20.6518,3735.974254444924,1408.1165331834932,11131.147863580802,4087.9204495836666,11858.0582880598,11858.92,2.0,8,0.0,uhs0_1247_circuit_2_fire_mixed,uhs0_1247,circuit_2,fire_mixed,data,,,,,,summer,NC
NC_GSO_urban__NC,NC_GSO_urban,NC,4271.97,20.8556,3992.0732571464,1520.880925804692,3675.61,19.2592,3469.9084181480453,1212.3714124662174,4024.9,20.8562,3761.176119851791,1432.9599455171897,11223.157795146237,4166.212283788099,11971.490955112424,11972.48,2.0,9,900.0,uhs0_1247_circuit_2_fire_mixed,uhs0_1247,circuit_2,fire_mixed,data,,,,,,summer,NC
NC_GSO_urban__NC,NC_GSO_urban,NC,4311.23,20.8413,4029.143914632692,1533.852479242494,3663.09,19.4281,3454.5123375530143,1218.4304895208472,4065.84,20.8396,3799.852831868297,1446.4347070443546,11283.509084054003,4198.717675807696,12039.38567249464,12040.16,2.0,10,1800.0,uhs0_1247_circuit_2_fire_mixed,uhs0_1247,circuit_2,fire_mixed,data,,,,,,summer,NC
NC_GSO_urban__NC,NC_GSO_urban,NC,4318.52,21.131,4028.136761093573,1556.8330752931045,3705.68,19.6839,3489.1394442420924,1248.1867652855406,4101.84,21.1016,3826.784889968772,1476.7561719886924,11344.061095304438,4281.776012567338,12125.23517115428,12126.04,2.0,11,2700.0,uhs0_1247_circuit_2_fire_mixed,uhs0_1247,circuit_2,fire_mixed,data,,,,,,summer,NC
NC_GSO_urban__NC,NC_GSO_urban,NC,4367.38,21.1872,4072.165051944929,1578.4422238771856,3758.4,19.7736,3536.7925148121067,1271.483097476745,4158.23,21.1683,3877.6481677156967,1501.5729820128952,11486.605734472732,4351.498303366826,12283.226318171714,12284.01,3.0,12,0.0,uhs0_1247_circuit_2_fire_mixed,uhs0_1247,circuit_2,fire_mixed,data,,,,,,summer,NC
NC_GSO_urban__NC,NC_GSO_urban,NC,4382.56,21.1481,4087.398912086546,1581.1395533202387,3739.25,19.7713,3518.82243878502,1264.8633154626025,4151.66,21.0731,3874.0071432222057,1492.7656915481816,11480.228494093772,4338.768560331023,12272.756776564893,12273.47,3.0,13,900.0,uhs0_1247_circuit_2_fire_mixed,uhs0_1247,circuit_2,fire_mixed,data,,,,,,summer,NC
NC_GSO_urban__NC,NC_GSO_urban,NC,4404.23,21.2109,4105.865388288863,1593.4589126022477,3845.85,19.7423,3619.7963961989553,1299.0905559525308,4174.78,21.1738,3892.936703234965,1507.9230328521671,11618.598487722784,4400.472501406945,12424.008574310985,12424.86,3.0,14,1800.0,uhs0_1247_circuit_2_fire_mixed,uhs0_1247,circuit_2,fire_mixed,data,,,,,,summer,NC
NC_GSO_urban__NC,NC_GSO_urban,NC,4399.6,21.2309,4100.993160467226,1593.2153833681878,3841.3,19.8427,3613.234572115349,1303.8871181472766,4187.61,21.2576,3902.684117281272,1518.2668384775102,11616.911849863847,4415.369339992974,12427.716094924966,12428.510000000002,3.0,15,2700.0,uhs0_1247_circuit_2_fire_mixed,uhs0_1247,circuit_2,fire_mixed,data,,,,,,summer,NC
NC_GSO_urban__NC,NC_GSO_urban,NC,4410.42,21.1842,4112.379200331727,1593.7822589924217,3844.65,19.811,3617.107152525849,1303.0232038019683,4198.08,21.0549,3917.801968340315,1508.2119954664045,11647.28832119789,4405.017458260794,12452.44972062506,12453.15,4.0,16,0.0,uhs0_1247_circuit_2_fire_mixed,uhs0_1247,circuit_2,fire_mixed,data,,,,,,summer,NC
NC_GSO_urban__NC,NC_GSO_urban,NC,4537.99,21.4111,4224.801120449485,1656.6257068960313,3974.02,20.022,3733.835100209136,1360.6286800028272,4304.81,21.3526,4009.316454082066,1567.4089150974005,11967.952674740684,4584.663301996259,12816.045755907084,12816.82,4.0,17,900.0,uhs0_1247_circuit_2_fire_mixed,uhs0_1247,circuit_2,fire_mixed,data,,,,,,summer,NC
NC_GSO_urban__NC,NC_GSO_urban,NC,4415.17,21.3139,4113.185949275744,1604.8138445254633,3873.63,20.0995,3637.7152846062695,1331.1787577338844,4223.09,21.3025,3934.548967321514,1534.214317443691,11685.450201203528,4470.206919703039,12511.294749536057,12511.89,4.0,18,1800.0,uhs0_1247_circuit_2_fire_mixed,uhs0_1247,circuit_2,fire_mixed,data,,,,,,summer,NC
NC_GSO_urban__NC,NC_GSO_urban,NC,4457.76,21.0485,4160.32371639959,1601.0405342661086,3941.65,19.776,3709.18163911456,1333.632742007873,4236.92,21.1654,3951.105894990658,1529.7886432347673,11820.611250504808,4464.461919508749,12635.59537838659,12636.33,4.0,19,2700.0,uhs0_1247_circuit_2_fire_mixed,uhs0_1247,circuit_2,fire_mixed,data,,,,,,summer,NC
NC_GSO_urban__NC,NC_GSO_urban,NC,4526.14,21.1982,4219.879467990893,1636.6308610156714,3982.49,19.9017,3744.647841069312,1355.669261462744,4288.99,21.2021,3998.6706102177454,1551.1507248107266,11963.19791927795,4543.450847289142,12796.91564626214,12797.62,5.0,20,0.0,uhs0_1247_circuit_2_fire_mixed,uhs0_1247,circuit_2,fire_mixed,data,,,,,,summer,NC
NC_GSO_urban__NC,NC_GSO_urban,NC,4619.34,20.8092,4318.014191285567,1641.0531616789413,4081.89,19.5217,3847.242547897674,1364.0200694072698,4383.85,20.7983,4098.181728941537,1556.6140623384322,12263.438468124778,4561.687293424644,13084.376715169676,13085.08,5.0,21,900.0,uhs0_1247_circuit_2_fire_mixed,uhs0_1247,circuit_2,fire_mixed,data,,,,,,summer,NC
NC_GSO_urban__NC,NC_GSO_urban,NC,4668.2,20.5984,4369.758989369194,1642.3451570321993,4147.28,19.1864,3916.916864732681,1362.972366987938,4393.92,20.4427,4117.199503957039,1534.6664820135709,12403.875358058916,4539.984006033708,13208.617591303908,13209.4,5.0,22,1800.0,uhs0_1247_circuit_2_fire_mixed,uhs0_1247,circuit_2,fire_mixed,data,,,,,,summer,NC
NC_GSO_urban__NC,NC_GSO_urban,NC,4669.01,20.9006,4361.7925901489225,1665.658962879845,4114.73,19.5838,3876.702176307632,1379.1965810252238,4428.3,20.8132,4139.326150289762,1573.4738356665912,12377.820916746316,4618.32937957166,13211.336681246808,13212.04,5.0,23,2700.0,uhs0_1247_circuit_2_fire_mixed,uhs0_1247,circuit_2,fire_mixed,data,,,,,,summer,NC
NC_GSO_urban__NC,NC_GSO_urban,NC,4823.04,21.0227,4502.010603403564,1730.2067415317376,4259.44,19.5863,4012.978731078486,1427.8763313087388,4556.81,21.0303,4253.284433516928,1635.2641693936146,12768.27376799898,4793.347242234091,13638.36474065729,13639.29,6.0,24,0.0,uhs0_1247_circuit_2_fire_mixed,uhs0_1247,circuit_2,fire_mixed,data,,,,,,summer,NC
NC_GSO_urban__NC,NC_GSO_urban,NC,4868.15,18.1409,4626.172355067727,1515.722192127276,4247.14,16.9039,4063.637195822349,1234.9295203893523,4544.01,17.7899,4326.730279734675,1388.319835818499,13016.539830624752,4138.971548335127,13658.747916268472,13659.3,6.0,25,900.0,uhs0_1247_circuit_2_fire_mixed,uhs0_1247,circuit_2,fire_mixed,data,,,,,,summer,NC
NC_GSO_urban__NC,NC_GSO_urban,NC,5195.81,17.5456,4954.08702499884,1566.353505706213,4633.45,16.2505,4448.331682894678,1296.6125641283145,4777.12,17.2274,4562.8032978856245,1414.815026497833,13965.222005779142,4277.78109633236,14605.712470771034,14606.38,6.0,26,1800.0,uhs0_1247_circuit_2_fire_mixed,uhs0_1247,circuit_2,fire_mixed,data,,,,,,summer,NC
NC_GSO_urban__NC,NC_GSO_urban,NC,5390.16,18.4519,5113.050253742069,1706.031045528822,4827.96,16.9209,4618.945444442595,1405.183526398956,4970.58,17.9988,4727.334667506205,1535.8946831713426,14459.330365690868,4647.109255099121,15187.753588105712,15188.7,6.0,27,2700.0,uhs0_1247_circuit_2_fire_mixed,uhs0_1247,circuit_2,fire_mixed,data,,,,,,summer,NC
NC_GSO_urban__NC,NC_GSO_urban,NC,6089.78,19.8052,5729.569648198404,2063.3594196948866,5331.41,18.2601,5062.941024764684,1670.4971618816746,5716.96,19.6098,5385.376677942063,1918.684361294924,16177.887350905152,5652.540942871486,17136.9559213244,17138.149999999998,7.0,28,0.0,uhs0_1247_circuit_2_fire_mixed,uhs0_1247,circuit_2,fire_mixed,data,,,,,,summer,NC
NC_GSO_urban__NC,NC_GSO_urban,NC,6505.8,20.5096,6093.420097180865,2279.4001753251528,5739.52,18.9986,5426.868432035665,1868.4723310166428,6115.13,20.4738,5728.850891982015,2138.944219547782,17249.139421198546,6286.816725889577,18359.1087832953,18360.45,7.0,29,900.0,uhs0_1247_circuit_2_fire_mixed,uhs0_1247,circuit_2,fire_mixed,data,,,,,,summer,NC
NC_GSO_urban__NC,NC_GSO_urban,NC,6423.56,19.5641,6052.711519201137,2151.001241034014,5669.37,18.1301,5387.899320448669,1764.1703743144444,6096.48,19.5359,5745.518763804151,2038.6472292121623,17186.129603453955,5953.818844560621,18188.21073059584,18189.41,7.0,30,1800.0,uhs0_1247_circuit_2_fire_mixed,uhs0_1247,circuit_2,fire_mixed,data,,,,,,summer,NC
NC_GSO_urban__NC,NC_GSO_urban,NC,5983.6,19.0029,5657.506341045864,1948.355963633402,5265.17,17.6287,5017.912816371908,1594.5425977974216,5521.2,18.8949,5223.685652297466,1787.9478868192996,15899.104809715238,5330.846448250124,16769.002880467615,16769.97,7.0,31,2700.0,uhs0_1247_circuit_2_fire_mixed,uhs0_1247,circuit_2,fire_mixed,data,,,,,,summer,NC
NC_GSO_urban__NC,NC_GSO_urban,NC,5679.61,18.9684,5371.195763550527,1846.138083057948,5048.42,17.481,4815.266881188372,1516.4924527772655,5256.69,19.0918,4967.54961930182,1719.3721342031645,15154.012264040715,5082.002670038378,15983.455159538367,15984.719999999998,8.0,32,0.0,uhs0_1247_circuit_2_fire_mixed,uhs0_1247,circuit_2,fire_mixed,data,,,,,,summer,NC
NC_GSO_urban__NC,NC_GSO_urban,NC,5679.97,18.6621,5381.329386578424,1817.5129254141432,5098.73,17.1488,4872.05182378699,1503.3823995357482,5233.24,18.6278,4959.089076355198,1671.5969700781795,15212.470286720612,4992.492295028071,16010.753621871523,16011.94,8.0,33,900.0,uhs0_1247_circuit_2_fire_mixed,uhs0_1247,circuit_2,fire_mixed,data,,,,,,summer,NC
NC_GSO_urban__NC,NC_GSO_urban,NC,5701.56,19.0785,5388.382618504992,1863.630647471031,5101.86,17.6407,4861.948294465313,1546.1029207481104,5243.04,18.9135,4959.963086726745,1699.4806912430931,15210.293999697047,5109.214259462235,16045.47019897866,16046.46,8.0,34,1800.0,uhs0_1247_circuit_2_fire_mixed,uhs0_1247,circuit_2,fire_mixed,data,,,,,,summer,NC
NC_GSO_urban__NC,NC_GSO_urban,NC,5674.33,18.8797,5369.051409048589,1836.1121741041184,5049.68,17.3719,4819.348312797113,1507.6969000232175,5164.87,18.6238,4894.415901628527,1649.416593461401,15082.81562347423,4993.225667588737,15887.845344765454,15888.88,8.0,35,2700.0,uhs0_1247_circuit_2_fire_mixed,uhs0_1247,circuit_2,fire_mixed,data,,,,,,summer,NC
NC_GSO_urban__NC,NC_GSO_urban,NC,5557.94,18.5686,5268.610695494251,1769.8695948921174,5055.6,17.3808,4824.763753275945,1510.2139203022264,5090.51,18.4005,4830.248803750067,1606.8567310034368,14923.62325252026,4886.940246197781,15703.398229462024,15704.05,9.0,36,0.0,uhs0_1247_circuit_2_fire_mixed,uhs0_1247,circuit_2,fire_mixed,data,,,,,,summer,NC
NC_GSO_urban__NC,NC_GSO_urban,NC,5452.25,18.2657,5177.528997365321,1708.8661574100106,5036.04,17.1097,4813.161090557996,1481.613714143654,5046.51,18.2019,4793.991186289615,1576.360265255848,14784.681274212931,4766.840136809513,15534.141922551136,15534.8,9.0,37,900.0,uhs0_1247_circuit_2_fire_mixed,uhs0_1247,circuit_2,fire_mixed,data,,,,,,summer,NC
NC_GSO_urban__NC,NC_GSO_urban,NC,5416.32,18.5039,5136.307385272719,1718.9731779155018,4983.95,17.1283,4762.900172062246,1467.8349885015764,5106.72,18.4582,4844.004236425434,1616.8525337495846,14743.211793760398,4803.660700166663,15506.045598991424,15506.990000000002,9.0,38,1800.0,uhs0_1247_circuit_2_fire_mixed,uhs0_1247,circuit_2,fire_mixed,data,,,,,,summer,NC
NC_GSO_urban__NC,NC_GSO_urban,NC,5409.95,18.5738,5128.16822848004,1723.2091059728905,4964.31,17.1025,4744.789125029327,1459.91435882501,5067.63,18.2805,4811.878301522827,1589.5600108941444,14684.835655032191,4772.683475692045,15440.948992029236,15441.89,9.0,39,2700.0,uhs0_1247_circuit_2_fire_mixed,uhs0_1247,circuit_2,fire_mixed,data,,,,,,summer,NC
NC_GSO_urban__NC,NC_GSO_urban,NC,5388.39,18.0394,5123.517185249205,1668.627712989351,4957.22,16.7311,4747.362908516273,1427.08638254449,5032.59,17.8174,4791.209435257377,1539.8942351995129,14662.089529022856,4635.608330733354,15377.442373588856,15378.2,10.0,40,0.0,uhs0_1247_circuit_2_fire_mixed,uhs0_1247,circuit_2,fire_mixed,data,,,,,,summer,NC
NC_GSO_urban__NC,NC_GSO_urban,NC,5509.39,18.0356,5238.682425366575,1705.7504560325865,5032.5,16.7238,4819.640578985831,1448.143963628315,5127.52,17.8293,4881.260296170021,1569.9551813456849,14939.583300522429,4723.849601006586,15668.628026926246,15669.41,10.0,41,900.0,uhs0_1247_circuit_2_fire_mixed,uhs0_1247,circuit_2,fire_mixed,data,,,,,,summer,NC
NC_GSO_urban__NC,NC_GSO_urban,NC,5513.04,18.112,5239.872412123104,1713.869057504452,5056.23,16.7774,4841.003631936057,1459.5018494273647,5102.77,17.8963,4855.868647082766,1568.056553565141,14936.744691141928,4741.427460496958,15671.230849282743,15672.04,10.0,42,1800.0,uhs0_1247_circuit_2_fire_mixed,uhs0_1247,circuit_2,fire_mixed,data,,,,,,summer,NC
NC_GSO_urban__NC,NC_GSO_urban,NC,5399.53,17.8184,5140.520876732324,1652.2618850470217,4985.04,16.5181,4779.307226091018,1417.337729771624,5019.55,17.5716,4785.339942533234,1515.389005138955,14705.168045356577,4584.9886199576,15403.379106135018,15404.12,10.0,43,2700.0,uhs0_1247_circuit_2_fire_mixed,uhs0_1247,circuit_2,fire_mixed,data,,,,,,summer,NC
NC_GSO_urban__NC,NC_GSO_urban,NC,5401.43,17.4961,5151.545895946102,1623.890675772505,5060.45,16.2765,4857.628820575655,1418.3075985176042,5076.36,17.5462,4840.178132427362,1530.394228939712,14849.352848949118,4572.592503229821,15537.434866579066,15538.240000000002,11.0,44,0.0,uhs0_1247_circuit_2_fire_mixed,uhs0_1247,circuit_2,fire_mixed,data,,,,,,summer,NC
NC_GSO_urban__NC,NC_GSO_urban,NC,5390.78,17.3154,5146.474359184183,1604.465854625692,4999.47,15.8104,4810.332825343618,1362.1300930240395,5035.61,17.1715,4811.149369620619,1486.677441578744,14767.95655414842,4453.273389228476,15424.791235683731,15425.86,11.0,45,900.0,uhs0_1247_circuit_2_fire_mixed,uhs0_1247,circuit_2,fire_mixed,data,,,,,,summer,NC
NC_GSO_urban__NC,NC_GSO_urban,NC,5355.22,16.1788,5143.136415751476,1492.155842186419,5051.56,14.9493,4880.587286535564,1303.1217027228984,5046.7,16.0021,4851.148412656623,1391.2368484119156,14874.872114943662,4186.514393321233,15452.790142929349,15453.48,11.0,46,1800.0,uhs0_1247_circuit_2_fire_mixed,uhs0_1247,circuit_2,fire_mixed,data,,,,,,summer,NC
NC_GSO_urban__NC,NC_GSO_urban,NC,5498.15,16.6779,5266.860773528416,1577.919837877596,5092.09,15.1618,4914.839875281198,1331.814389637647,5088.94,16.2215,4886.343842403674,1421.6026791630964,15068.044491213288,4331.33690667834,15678.215593247116,15679.18,11.0,47,2700.0,uhs0_1247_circuit_2_fire_mixed,uhs0_1247,circuit_2,fire_mixed,data,,,,,,summer,NC
NC_GSO_urban__NC,NC_GSO_urban,NC,5434.54,16.4527,5212.016642321563,1539.1905443326543,5072.49,15.3785,4890.869420323964,1345.1955669864244,4968.69,16.1516,4772.57092540967,1382.1892338005969,14875.456988055195,4266.575345119676,15475.23459528363,15475.719999999998,12.0,48,0.0,uhs0_1247_circuit_2_fire_mixed,uhs0_1247,circuit_2,fire_mixed,data,,,,,,summer,NC
NC_GSO_urban__NC,NC_GSO_urban,NC,5377.56,16.0924,5166.845313142671,1490.590843811813,5032.66,15.2003,4856.593002071525,1319.5344208583167,4942.87,15.9277,4753.107041504187,1356.4428808111738,14776.545356718383,4166.568145481304,15352.738608798598,15353.09,12.0,49,900.0,uhs0_1247_circuit_2_fire_mixed,uhs0_1247,circuit_2,fire_mixed,data,,,,,,summer,NC
NC_GSO_urban__NC,NC_GSO_urban,NC,5355.46,16.7185,5129.08288630641,1540.6039585171486,4988.45,15.6434,4803.6707834107965,1345.1321151119316,4957.93,16.6558,4749.914543210032,1421.0495125441043,14682.66821292724,4306.785586173184,15301.27929083621,15301.84,12.0,50,1800.0,uhs0_1247_circuit_2_fire_mixed,uhs0_1247,circuit_2,fire_mixed,data,,,,,,summer,NC
NC_GSO_urban__NC,NC_GSO_urban,NC,5020.93,16.3866,4816.979726311786,1416.4901627619008,4772.22,15.3574,4601.816342974101,1263.8710669749814,4713.76,16.4403,4521.038617206934,1334.0701478271742,13939.83468649282,4014.4313775640567,14506.365856820214,14506.910000000002,12.0,51,2700.0,uhs0_1247_circuit_2_fire_mixed,uhs0_1247,circuit_2,fire_mixed,data,,,,,,summer,NC
NC_GSO_urban__NC,NC_GSO_urban,NC,5175.19,16.7781,4954.881661702632,1493.9006843237464,4846.21,15.674,4666.000976432185,1309.2693580901898,4823.81,16.6254,4622.1546303492605,1380.1556032712017,14243.037268484077,4183.325645685138,14844.673256399865,14845.21,13.0,52,0.0,uhs0_1247_circuit_2_fire_mixed,uhs0_1247,circuit_2,fire_mixed,data,,,,,,summer,NC
NC_GSO_urban__NC,NC_GSO_urban,NC,4995.34,16.4797,4790.132940616205,1417.0561480843148,4680.04,15.4097,4511.794586495108,1243.5771029065468,4709.83,16.4039,4518.1152109698,1330.0878051103712,13820.042738081112,3990.721056101233,14384.694499015202,14385.21,13.0,53,900.0,uhs0_1247_circuit_2_fire_mixed,uhs0_1247,circuit_2,fire_mixed,data,,,,,,summer,NC
NC_GSO_urban__NC,NC_GSO_urban,NC,4989.43,16.6593,4780.005558324965,1430.3700875236595,4646.69,15.5448,4476.719669611014,1245.2746507569532,4642.79,16.451,4452.724750641137,1314.8160628497917,13709.449978577117,3990.460801130405,14278.403136221725,14278.91,13.0,54,1800.0,uhs0_1247_circuit_2_fire_mixed,uhs0_1247,circuit_2,fire_mixed,data,,,,,,summer,NC
NC_GSO_urban__NC,NC_GSO_urban,NC,4870.18,16.0276,4680.870292806952,1344.6585195942398,4585.35,15.1738,4425.487671132995,1200.2056053651245,4584.74,16.094,4405.055737408122,1270.954294193063,13511.413701348069,3815.818419152427,14039.899231010146,14040.27,13.0,55,2700.0,uhs0_1247_circuit_2_fire_mixed,uhs0_1247,circuit_2,fire_mixed,data,,,,,,summer,NC
NC_GSO_urban__NC,NC_GSO_urban,NC,4750.67,15.8089,4570.979173137938,1294.2236466852275,4502.73,14.9853,4349.60204966281,1164.2763685951363,4483.54,15.8932,4312.151379070576,1227.795347596549,13232.732601871325,3686.295362876913,13736.592940572858,13736.94,14.0,56,0.0,uhs0_1247_circuit_2_fire_mixed,uhs0_1247,circuit_2,fire_mixed,data,,,,,,summer,NC
NC_GSO_urban__NC,NC_GSO_urban,NC,4789.97,16.716,4587.556459882153,1377.7294104045,4515.61,15.6917,4347.317442524145,1221.2963301448694,4492.67,16.5395,4306.779962610882,1278.9566382615992,13241.65386501718,3877.982378810969,13797.83114881802,13798.25,14.0,57,900.0,uhs0_1247_circuit_2_fire_mixed,uhs0_1247,circuit_2,fire_mixed,data,,,,,,summer,NC
NC_GSO_urban__NC,NC_GSO_urban,NC,4641.07,15.4514,4473.326814406036,1236.478045262409,4449.1,14.6502,4304.450625798187,1125.2535803389396,4387.01,15.2334,4232.865779104876,1152.694250954201,13010.6432193091,3514.4258765555496,13476.94424645131,13477.18,14.0,58,1800.0,uhs0_1247_circuit_2_fire_mixed,uhs0_1247,circuit_2,fire_mixed,data,,,,,,summer,NC
NC_GSO_urban__NC,NC_GSO_urban,NC,4487.94,15.6572,4321.40877765579,1211.210807415246,4280.16,14.689,4140.269189375984,1085.3297494789024,4270.85,15.6958,4111.596750967565,1155.3925220170715,12573.274717999338,3451.93307891122,13038.522888562296,13038.95,14.0,59,2700.0,uhs0_1247_circuit_2_fire_mixed,uhs0_1247,circuit_2,fire_mixed,data,,,,,,summer,NC
NC_GSO_urban__NC,NC_GSO_urban,NC,4321.16,15.4483,4165.04167233398,1151.0219864630571,4128.59,14.5103,3996.89877193293,1034.4349157975248,4160.85,15.6854,4005.902729835256,1124.9071257657,12167.843174102169,3310.3640280262816,12610.11171669764,12610.6,15.0,60,0.0,uhs0_1247_circuit_2_fire_mixed,uhs0_1247,circuit_2,fire_mixed,data,,,,,,summer,NC
NC_GSO_urban__NC,NC_GSO_urban,NC,4344.52,15.5929,4184.623779827773,1167.808996240363,4134.33,14.5442,4001.842088875822,1038.2410339617666,4096.39,15.6233,3945.041202041701,1103.2048523702986,12131.507070745296,3309.254882572428,12574.76169497349,12575.240000000002,15.0,61,900.0,uhs0_1247_circuit_2_fire_mixed,uhs0_1247,circuit_2,fire_mixed,data,,,,,,summer,NC
NC_GSO_urban__NC,NC_GSO_urban,NC,4313.43,15.8411,4149.616415013399,1177.4387343515364,4086.16,14.8762,3949.203382218181,1049.0453715051972,4182.23,16.0246,4019.722185337371,1154.5047967014038,12118.541982568951,3380.9889025581374,12581.34117423526,12581.82,15.0,62,1800.0,uhs0_1247_circuit_2_fire_mixed,uhs0_1247,circuit_2,fire_mixed,data,,,,,,summer,NC
NC_GSO_urban__NC,NC_GSO_urban,NC,4341.66,16.0424,4172.584713127359,1199.811804982715,4084.46,15.0479,3944.400242668757,1060.4339758960248,4145.92,16.0206,3984.902963653197,1144.2032235000784,12101.887919449313,3404.4490043788182,12571.633316253268,12572.04,15.0,63,2700.0,uhs0_1247_circuit_2_fire_mixed,uhs0_1247,circuit_2,fire_mixed,data,,,,,,summer,NC
NC_GSO_urban__NC,NC_GSO_urban,NC,4459.11,17.4216,4254.5595879439,1335.059813167422,4121.08,16.388,3953.653241192455,1162.723705274988,4231.34,17.4579,4036.434523102892,1269.4229146754572,12244.647352239246,3767.206433117867,12811.05901517998,12811.53,16.0,64,0.0,uhs0_1247_circuit_2_fire_mixed,uhs0_1247,circuit_2,fire_mixed,data,,,,,,summer,NC
NC_GSO_urban__NC,NC_GSO_urban,NC,4319.01,16.0841,4149.94699223799,1196.573166051646,4002.6,15.1645,3863.224502843269,1047.044985008465,4099.66,16.0094,3940.660679272578,1130.6659658957558,11953.832174353836,3374.284116955867,12420.94589612875,12421.27,16.0,65,900.0,uhs0_1247_circuit_2_fire_mixed,uhs0_1247,circuit_2,fire_mixed,data,,,,,,summer,NC
NC_GSO_urban__NC,NC_GSO_urban,NC,3839.05,15.1553,3705.530723556499,1003.6667570856624,3601.02,14.3394,3488.8325662898333,891.8477251165112,3640.79,14.9578,3517.4261706522334,939.7153601547468,10711.789460498569,2835.2298423569205,11080.657097168896,11080.86,16.0,66,1800.0,uhs0_1247_circuit_2_fire_mixed,uhs0_1247,circuit_2,fire_mixed,data,,,,,,summer,NC
NC_GSO_urban__NC,NC_GSO_urban,NC,3813.24,15.1845,3680.109832019887,998.79473460294,3578.74,14.3925,3466.423772622482,889.5427006039226,3634.01,14.9621,3510.8054994706144,938.2288766537148,10657.339104112983,2826.5663118605776,11025.804002221372,11025.99,16.0,67,2700.0,uhs0_1247_circuit_2_fire_mixed,uhs0_1247,circuit_2,fire_mixed,data,,,,,,summer,NC
NC_GSO_urban__NC,NC_GSO_urban,NC,3785.93,15.1964,3653.547258480419,992.400319906344,3540.5,14.3438,3430.1306794359075,877.1224384272467,3595.79,14.9547,3474.00115199829,927.9125605435856,10557.679089914616,2797.4353188771765,10922.0067812157,10922.22,17.0,68,0.0,uhs0_1247_circuit_2_fire_mixed,uhs0_1247,circuit_2,fire_mixed,data,,,,,,summer,NC
NC_GSO_urban__NC,NC_GSO_urban,NC,3782.32,15.1459,3650.935930515759,988.2365170691849,3516.62,14.2422,3408.5346129111163,865.1635781670809,3562.39,14.8733,3443.034969465304,914.4029260337328,10502.505512892178,2767.8030212699987,10861.093665597493,10861.33,17.0,69,900.0,uhs0_1247_circuit_2_fire_mixed,uhs0_1247,circuit_2,fire_mixed,data,,,,,,summer,NC
NC_GSO_urban__NC,NC_GSO_urban,NC,3793.96,14.1422,3678.973884736817,926.9755320527572,3595.91,13.2944,3499.54447665766,826.8961143909578,3626.94,13.8631,3521.290841090024,869.0250721673772,10699.8092024845,2622.896718611092,11016.601298316684,11016.81,17.0,70,1800.0,uhs0_1247_circuit_2_fire_mixed,uhs0_1247,circuit_2,fire_mixed,data,,,,,,summer,NC
NC_GSO_urban__NC,NC_GSO_urban,NC,3762.28,13.6307,3656.314887686023,886.6297087767509,3586.51,12.8763,3496.3216708189,799.2426128918153,3610.24,13.3499,3512.684632533189,833.5943437699037,10665.321191038112,2519.46666543847,10958.868024858328,10959.03,17.0,71,2700.0,uhs0_1247_circuit_2_fire_mixed,uhs0_1247,circuit_2,fire_mixed,data,,,,,,summer,NC
NC_GSO_urban__NC,NC_GSO_urban,NC,3916.43,13.9914,3800.2374621280383,946.8997710099226,3655.66,13.1405,3559.9384204504336,831.0766981457667,3742.53,13.7799,3634.812128610164,891.4435431413763,10994.988011188636,2669.4200122970656,11314.396341309328,11314.62,18.0,72,0.0,uhs0_1247_circuit_2_fire_mixed,uhs0_1247,circuit_2,fire_mixed,data,,,,,,summer,NC
NC_GSO_urban__NC,NC_GSO_urban,NC,3963.33,14.3952,3838.897259315831,985.3184872503924,3692.15,13.5253,3589.7546571272464,863.5005061569128,3776.24,14.1389,3661.844071300186,922.4351115843735,11090.495987743265,2771.254104991679,11431.489429141884,11431.72,18.0,73,900.0,uhs0_1247_circuit_2_fire_mixed,uhs0_1247,circuit_2,fire_mixed,data,,,,,,summer,NC
NC_GSO_urban__NC,NC_GSO_urban,NC,4277.91,15.3099,4126.094717413937,1129.5381140221868,3959.98,14.3278,3836.807883358928,979.9728907448324,4101.78,15.2003,3958.27972563951,1075.4630546844464,11921.182326412376,3184.9740594514656,12339.313101584932,12339.669999999998,18.0,74,1800.0,uhs0_1247_circuit_2_fire_mixed,uhs0_1247,circuit_2,fire_mixed,data,,,,,,summer,NC
NC_GSO_urban__NC,NC_GSO_urban,NC,4366.74,15.3271,4211.425987186374,1154.2570693096382,4027.88,14.1916,3904.954352409703,987.496227839135,4164.24,15.1834,4018.876445064246,1090.654343459818,12135.256784660323,3232.407640608591,12558.380324894975,12558.86,18.0,75,2700.0,uhs0_1247_circuit_2_fire_mixed,uhs0_1247,circuit_2,fire_mixed,data,,,,,,summer,NC
NC_GSO_urban__NC,NC_GSO_urban,NC,4414.78,15.3347,4257.602496331201,1167.520206092521,4010.17,14.2656,3886.51180954612,988.174773589448,4218.7,15.0424,4074.14215512464,1094.8951501565589,12218.25646100196,3250.590129838528,12643.26410145022,12643.65,19.0,76,0.0,uhs0_1247_circuit_2_fire_mixed,uhs0_1247,circuit_2,fire_mixed,data,,,,,,summer,NC
NC_GSO_urban__NC,NC_GSO_urban,NC,4379.93,15.22,4226.303580299068,1149.8455774804222,3987.21,14.1762,3865.788148122233,976.4863429345436,4168.09,14.9441,4027.116361925541,1074.8525738963438,12119.20809034684,3201.184494311309,12534.862859391302,12535.23,19.0,77,900.0,uhs0_1247_circuit_2_fire_mixed,uhs0_1247,circuit_2,fire_mixed,data,,,,,,summer,NC
NC_GSO_urban__NC,NC_GSO_urban,NC,4392.53,14.8171,4246.465671788539,1123.3205683247804,4009.64,13.7788,3894.252477230063,954.9924466651652,4114.42,14.1422,3989.7214864782063,1005.273294549364,12130.439635496808,3083.586309539309,12516.232271686644,12516.59,19.0,78,1800.0,uhs0_1247_circuit_2_fire_mixed,uhs0_1247,circuit_2,fire_mixed,data,,,,,,summer,NC
NC_GSO_urban__NC,NC_GSO_urban,NC,4457.69,14.849,4308.823547767192,1142.3833727374304,4031.44,13.9055,3913.292268503064,968.84059311847,4175.32,14.3768,4044.564761700861,1036.7222341628692,12266.680577971118,3147.9462000187696,12664.16273111596,12664.45,19.0,79,2700.0,uhs0_1247_circuit_2_fire_mixed,uhs0_1247,circuit_2,fire_mixed,data,,,,,,summer,NC
NC_GSO_urban__NC,NC_GSO_urban,NC,4497.8,14.5448,4353.6525735299365,1129.5636808060715,4116.63,13.8818,3996.3945214773007,987.6605619372558,4138.39,14.1955,4012.022661043442,1014.8625322544436,12362.06975605068,3132.0867749977715,12752.675649430548,12752.82,20.0,80,0.0,uhs0_1247_circuit_2_fire_mixed,uhs0_1247,circuit_2,fire_mixed,data,,,,,,summer,NC
NC_GSO_urban__NC,NC_GSO_urban,NC,4702.72,14.9015,4544.5644567906365,1209.3425058581347,4228.4,14.1162,4100.715411110416,1031.261207008937,4300.99,14.4086,4165.705896188419,1070.2379952893873,12810.98576408947,3310.8417081564585,13231.894386828042,13232.11,20.0,81,900.0,uhs0_1247_circuit_2_fire_mixed,uhs0_1247,circuit_2,fire_mixed,data,,,,,,summer,NC
NC_GSO_urban__NC,NC_GSO_urban,NC,4347.27,13.6385,4224.689058384913,1025.06527248893,3980.46,13.0536,3877.6017194197448,899.0365493977647,4074.05,13.445,3962.3948086882656,947.2648956761162,12064.685586492924,2871.366717562811,12401.668642874536,12401.78,20.0,82,1800.0,uhs0_1247_circuit_2_fire_mixed,uhs0_1247,circuit_2,fire_mixed,data,,,,,,summer,NC
NC_GSO_urban__NC,NC_GSO_urban,NC,4379.11,13.9064,4250.756717269819,1052.4598437401346,4016.16,13.2361,3909.470042942069,919.5570286494128,4040.75,13.6626,3926.410957419068,954.4409651515812,12086.637717630956,2926.457837541129,12435.874186890327,12436.02,20.0,83,2700.0,uhs0_1247_circuit_2_fire_mixed,uhs0_1247,circuit_2,fire_mixed,data,,,,,,summer,NC
NC_GSO_urban__NC,NC_GSO_urban,NC,4324.14,13.7539,4200.14912878509,1028.0729719070782,3905.04,12.9518,3805.691720237988,875.2416421263493,4074.44,13.4339,3962.957578472897,946.5878431631324,11968.798427495974,2849.90245719656,12303.417403858371,12303.62,21.0,84,0.0,uhs0_1247_circuit_2_fire_mixed,uhs0_1247,circuit_2,fire_mixed,data,,,,,,summer,NC
NC_GSO_urban__NC,NC_GSO_urban,NC,4448.89,13.7498,4321.3977121015005,1057.4233049937577,4011.63,12.8353,3911.3900891433454,891.1805807193143,4152.46,13.4577,4038.4417620147433,966.3913215748864,12271.229563259589,2914.9952072879582,12612.702805216964,12612.98,21.0,85,900.0,uhs0_1247_circuit_2_fire_mixed,uhs0_1247,circuit_2,fire_mixed,data,,,,,,summer,NC
NC_GSO_urban__NC,NC_GSO_urban,NC,4220.72,14.4692,4086.8476044964727,1054.5871116325309,3920.25,13.6605,3809.354620804419,925.8387740076682,3961.11,14.3977,3836.703986253679,984.933984572129,11732.906211554571,2965.359870212328,12101.836527114448,12102.08,21.0,86,1800.0,uhs0_1247_circuit_2_fire_mixed,uhs0_1247,circuit_2,fire_mixed,data,,,,,,summer,NC
NC_GSO_urban__NC,NC_GSO_urban,NC,4229.08,14.5532,4093.3888747371175,1062.678298723746,3841.03,13.4256,3736.0632354016498,891.8200277971764,3937.54,14.3518,3814.657363566274,976.0176485031412,11644.10947370504,2930.515975024064,12007.214885871692,12007.65,21.0,87,2700.0,uhs0_1247_circuit_2_fire_mixed,uhs0_1247,circuit_2,fire_mixed,data,,,,,,summer,NC
NC_GSO_urban__NC,NC_GSO_urban,NC,4169.47,14.7186,4032.650193078939,1059.3453172409806,3821.5,13.31,3718.849567659237,879.7841457543449,3935.75,14.5282,3809.9016008449184,987.308388690854,11561.401361583095,2926.43785168618,11926.02364341934,11926.72,22.0,88,0.0,uhs0_1247_circuit_2_fire_mixed,uhs0_1247,circuit_2,fire_mixed,data,,,,,,summer,NC
NC_GSO_urban__NC,NC_GSO_urban,NC,4223.84,15.2519,4075.07044542676,1111.136899940483,3907.06,14.1113,3789.160362605802,952.56579303325,3935.66,15.0868,3800.00811590121,1024.3817426550186,11664.238923933772,3088.084435628752,12066.098588863932,12066.56,22.0,89,900.0,uhs0_1247_circuit_2_fire_mixed,uhs0_1247,circuit_2,fire_mixed,data,,,,,,summer,NC
NC_GSO_urban__NC,NC_GSO_urban,NC,4125.92,15.2846,3979.9792268929937,1087.6493919918532,3828.23,14.1997,3711.264688858136,939.0736617192108,3912.86,15.0654,3778.374099148542,1017.0361579036633,11469.618014899672,3043.759211614727,11866.617359045526,11867.01,22.0,90,1800.0,uhs0_1247_circuit_2_fire_mixed,uhs0_1247,circuit_2,fire_mixed,data,,,,,,summer,NC
NC_GSO_urban__NC,NC_GSO_urban,NC,4226.2,15.3695,4075.0568452904654,1120.1241661759234,3911.98,13.9747,3796.1950026297545,944.71742992753,3892.43,15.3558,3753.4701585599055,1030.763345147793,11624.722006480128,3095.6049412512466,12029.83506454858,12030.61,22.0,91,2700.0,uhs0_1247_circuit_2_fire_mixed,uhs0_1247,circuit_2,fire_mixed,data,,,,,,summer,NC
NC_GSO_urban__NC,NC_GSO_urban,NC,4119.15,15.4138,3970.990005716325,1094.8219476248426,3818.28,14.126,3702.820430266621,931.8707097017888,3791.06,15.3455,3655.899484328813,1003.2621213243912,11329.70992031176,3029.954778651023,11727.87077175908,11728.49,23.0,92,0.0,uhs0_1247_circuit_2_fire_mixed,uhs0_1247,circuit_2,fire_mixed,data,,,,,,summer,NC
NC_GSO_urban__NC,NC_GSO_urban,NC,4079.8,16.0015,3921.726025218496,1124.647955194844,3811.39,14.6398,3687.648799776557,963.296455721974,3711.9,15.7054,3573.320811280935,1004.778577432144,11182.695636275988,3092.722988348962,11602.483233181085,11603.09,23.0,93,900.0,uhs0_1247_circuit_2_fire_mixed,uhs0_1247,circuit_2,fire_mixed,data,,,,,,summer,NC
NC_GSO_urban__NC,NC_GSO_urban,NC,3766.92,16.8777,3604.666156482692,1093.649023548366,3512.25,15.8108,3379.369826360304,956.9533108702516,3527.49,16.5275,3381.7457780935088,1003.4845252652018,10365.781760936505,3054.0868596838195,10806.335089282456,10806.66,23.0,94,1800.0,uhs0_1247_circuit_2_fire_mixed,uhs0_1247,circuit_2,fire_mixed,data,,,,,,summer,NC
NC_GSO_urban__NC,NC_GSO_urban,NC,3890.15,16.8548,3723.039340453617,1127.9384255954285,3657.75,15.5437,3523.9727238891824,980.1792202373288,3492.72,16.7975,3343.6930002957133,1009.361242654704,10590.705064638514,3117.4788884874606,11040.004908799854,11040.62,23.0,95,2700.0,uhs0_1247_circuit_2_fire_mixed,uhs0_1247,circuit_2,fire_mixed,data,,,,,,summer,NC
NC_GSO_urban__NC,NC_GSO_urban,NC,3941.25,17.2931,3763.09211849826,1171.5755503578398,3713.69,15.9102,3571.4279061395573,1018.0354253893216,3571.38,17.3637,3408.630769265549,1065.828965273581,10743.150793903364,3255.4399410207425,11225.559148217946,11226.32,24.0,96,0.0,uhs0_1247_circuit_2_fire_mixed,uhs0_1247,circuit_2,fire_mixed,data,,,,,,summer,NC
NC_GSO_urban__NC,NC_GSO_urban,NC,,,,,,,,,,,,,,,,,,0,,uhs0_1247_circuit_2_fire_mixed,uhs0_1247,circuit_2,fire_mixed,summary,4293.0,730.0,9.0,9.0,1000.0,summer,NC
NC_GSO_urban__NC,NC_GSO_urban,NC,5030.82,17.5874,4795.665081813323,1520.1139087175054,4647.76,16.1446,4464.466273531853,1292.3675599830754,4654.32,17.6224,4435.903850421013,1409.0605708130606,13696.03520576619,4221.542039513642,14331.880461020037,14332.9,0.0,1,900.0,uhs0_1247_circuit_2_fire_stress,uhs0_1247,circuit_2,fire_stress,data,,,,,,summer,NC
NC_GSO_urban__NC,NC_GSO_urban,NC,4815.48,18.2709,4572.706752665759,1509.7021509307594,4402.72,16.8053,4214.691968362215,1272.915947823358,4468.44,17.9505,4250.930339755864,1377.1518725772723,13038.32906078384,4159.76997133139,13685.821528562716,13686.64,0.0,2,1800.0,uhs0_1247_circuit_2_fire_stress,uhs0_1247,circuit_2,fire_stress,data,,,,,,summer,NC
NC_GSO_urban__NC,NC_GSO_urban,NC,4772.92,19.0153,4512.469409810036,1555.1158001668753,4336.17,17.3833,4138.126056250384,1295.4856276630958,4465.26,18.6201,4231.532472077387,1425.7208020347596,12882.127938137808,4276.322229864731,13573.361854315455,13574.35,0.0,3,2700.0,uhs0_1247_circuit_2_fire_stress,uhs0_1247,circuit_2,fire_stress,data,,,,,,summer,NC
NC_GSO_urban__NC,NC_GSO_urban,NC,4906.52,19.0657,4637.371035579828,1602.7253004695713,4520.06,17.0615,4321.133876655225,1326.1766185627714,4511.38,18.5723,4276.438617520265,1436.8793460069503,13234.94352975532,4365.781265039293,13936.419062656672,13937.960000000005,1.0,4,0.0,uhs0_1247_circuit_2_fire_stress,uhs0_1247,circuit_2,fire_stress,data,,,,,,summer,NC
NC_GSO_urban__NC,NC_GSO_urban,NC,4835.08,19.5979,4554.982592792385,1621.7682281258196,4439.48,17.765,4227.787630217551,1354.5458368691195,4497.87,18.9994,4252.834970173648,1464.3186993848385,13035.605193183585,4440.632764379778,13771.209899665244,13772.43,1.0,5,900.0,uhs0_1247_circuit_2_fire_stress,uhs0_1247,circuit_2,fire_stress,data,,,,,,summer,NC
NC_GSO_urban__NC,NC_GSO_urban,NC,4753.64,20.0452,4465.676432506862,1629.3640629867828,4395.77,18.0867,4178.565434542989,1364.6922005135675,4367.0,19.5517,4115.198350691996,1461.4484371546855,12759.440217741849,4455.504700655036,13514.985638456568,13516.41,1.0,6,1800.0,uhs0_1247_circuit_2_fire_stress,uhs0_1247,circuit_2,fire_stress,data,,,,,,summer,NC
NC_GSO_urban__NC,NC_GSO_urban,NC,4841.01,20.1288,4545.327844312454,1665.9449594203004,4408.5,18.386,4183.459789521935,1390.5166088375524,4449.29,19.6835,4189.3072279719245,1498.6281906337513,12918.094861806312,4555.089758891604,13697.664675782724,13698.8,1.0,7,2700.0,uhs0_1247_circuit_2_fire_stress,uhs0_1247,circuit_2,fire_stress,data,,,,,,summer,NC
NC_GSO_urban__NC,NC_GSO_urban,NC,4703.47,20.1004,4416.990357239875,1616.4239001419037,4158.16,18.7733,3936.943118979619,1338.1978416956988,4313.31,19.7432,4059.75687405151,1457.05774754864,12413.690350271005,4411.6794893862425,13174.316833501563,13174.940000000002,2.0,8,0.0,uhs0_1247_circuit_2_fire_stress,uhs0_1247,circuit_2,fire_stress,data,,,,,,summer,NC
NC_GSO_urban__NC,NC_GSO_urban,NC,4858.22,20.2538,4557.828379828222,1681.815099359157,4277.41,19.0295,4043.653069422408,1394.6706285896817,4468.74,19.9688,4200.073658186559,1526.1122021029016,12801.55510743719,4602.59793005174,13603.812732997603,13604.37,2.0,9,900.0,uhs0_1247_circuit_2_fire_stress,uhs0_1247,circuit_2,fire_stress,data,,,,,,summer,NC
NC_GSO_urban__NC,NC_GSO_urban,NC,4927.67,20.6977,4609.629404315097,1741.622342465105,4285.58,19.3547,4043.3803650859177,1420.306713226996,4491.91,20.3415,4211.782809311181,1561.4547752947626,12864.792578712197,4723.383830986863,13704.497178230093,13705.16,2.0,10,1800.0,uhs0_1247_circuit_2_fire_stress,uhs0_1247,circuit_2,fire_stress,data,,,,,,summer,NC
NC_GSO_urban__NC,NC_GSO_urban,NC,4897.49,20.9124,4574.878850472127,1748.110924284505,4278.95,19.5473,4032.335278770628,1431.672204829655,4506.12,20.48,4221.307880871742,1576.603066497754,12828.522010114497,4756.3861956119135,13681.892654373503,13682.559999999998,2.0,11,2700.0,uhs0_1247_circuit_2_fire_stress,uhs0_1247,circuit_2,fire_stress,data,,,,,,summer,NC
NC_GSO_urban__NC,NC_GSO_urban,NC,4979.14,21.0,4648.427644789277,1784.3641922989866,4365.85,19.5356,4114.525053332835,1459.9074655595225,4547.44,20.5984,4256.719253377542,1599.8599162192074,13019.671951499657,4844.131574077716,13891.633036891071,13892.43,3.0,12,0.0,uhs0_1247_circuit_2_fire_stress,uhs0_1247,circuit_2,fire_stress,data,,,,,,summer,NC
NC_GSO_urban__NC,NC_GSO_urban,NC,4968.21,21.1948,4632.14347003677,1796.2064127197948,4309.36,19.9247,4051.407326651884,1468.56470172459,4548.72,20.7342,4254.11247926578,1610.3976689486249,12937.663275954434,4875.16878339301,13825.71523316424,13826.29,3.0,13,900.0,uhs0_1247_circuit_2_fire_stress,uhs0_1247,circuit_2,fire_stress,data,,,,,,summer,NC
NC_GSO_urban__NC,NC_GSO_urban,NC,5432.41,22.0271,5035.879749260699,2037.3987236390408,4766.97,20.7761,4456.991684228068,1690.9252223625533,5000.24,21.5428,4650.940892760999,1836.068862990578,14143.812326249765,5564.392808992173,15199.009653689236,15199.62,3.0,14,1800.0,uhs0_1247_circuit_2_fire_stress,uhs0_1247,circuit_2,fire_stress,data,,,,,,summer,NC
NC_GSO_urban__NC,NC_GSO_urban,NC,5339.94,21.9297,4953.556820093172,1994.300387030103,4749.93,20.6825,4443.806273588723,1677.6235595965825,4940.45,21.5276,4595.808715731939,1812.8950468525045,13993.171809413834,5484.81899347919,15029.70713883022,15030.32,3.0,15,2700.0,uhs0_1247_circuit_2_fire_stress,uhs0_1247,circuit_2,fire_stress,data,,,,,,summer,NC
NC_GSO_urban__NC,NC_GSO_urban,NC,5418.13,21.8107,5030.2810617514215,2013.058652072759,4786.52,20.6333,4479.488144136396,1686.7008261518904,5021.06,21.2807,4678.691669924187,1822.3303162110928,14188.460875812005,5522.089794435742,15225.17315902382,15225.710000000005,4.0,16,0.0,uhs0_1247_circuit_2_fire_stress,uhs0_1247,circuit_2,fire_stress,data,,,,,,summer,NC
NC_GSO_urban__NC,NC_GSO_urban,NC,5396.38,21.7848,5010.993822526673,2002.712664113232,4769.34,20.5695,4465.2788235787575,1675.675703499669,5010.65,21.2835,4668.902614222931,1818.7803059749333,14145.17526032836,5497.168673587835,15175.798053851431,15176.37,4.0,17,900.0,uhs0_1247_circuit_2_fire_stress,uhs0_1247,circuit_2,fire_stress,data,,,,,,summer,NC
NC_GSO_urban__NC,NC_GSO_urban,NC,5358.97,19.8426,5040.800736827012,1819.034741972857,4743.72,19.1817,4480.355119488382,1558.620364833673,4898.32,19.6711,4612.456278143908,1648.8741324342643,14133.6121344593,5026.529239240796,15000.832915550984,15001.01,4.0,18,1800.0,uhs0_1247_circuit_2_fire_stress,uhs0_1247,circuit_2,fire_stress,data,,,,,,summer,NC
NC_GSO_urban__NC,NC_GSO_urban,NC,5539.61,17.6851,5277.81087915159,1682.8521254136142,4908.37,17.3484,4685.084590105043,1463.584107750648,5028.83,17.8265,4787.385326669511,1539.5041094097369,14750.280795926144,4685.940342573999,15476.71865909664,15476.81,4.0,19,2700.0,uhs0_1247_circuit_2_fire_stress,uhs0_1247,circuit_2,fire_stress,data,,,,,,summer,NC
NC_GSO_urban__NC,NC_GSO_urban,NC,5455.17,17.3761,5206.223237857334,1629.1468093742494,4897.61,17.048,4682.406487764926,1435.8458118603558,5016.01,17.647,4779.968164723079,1520.611937456062,14668.59789034534,4585.604558690668,15368.654242884391,15368.79,5.0,20,0.0,uhs0_1247_circuit_2_fire_stress,uhs0_1247,circuit_2,fire_stress,data,,,,,,summer,NC
NC_GSO_urban__NC,NC_GSO_urban,NC,5562.27,17.0351,5318.227998725198,1629.508670267017,4955.29,16.7117,4745.9973549584165,1424.9238894859295,5056.02,17.3154,4826.885402394907,1504.8307388364194,14891.11075607852,4559.263298589366,15573.440897106246,15573.580000000002,5.0,21,900.0,uhs0_1247_circuit_2_fire_stress,uhs0_1247,circuit_2,fire_stress,data,,,,,,summer,NC
NC_GSO_urban__NC,NC_GSO_urban,NC,6789.7,16.218,6519.510614708675,1896.3141708854328,5840.84,16.0518,5613.11794190873,1615.0290634605649,6011.32,16.4332,5765.758846004061,1700.586096651951,17898.387402621465,5211.929330997949,18641.793877350847,18641.86,5.0,22,1800.0,uhs0_1247_circuit_2_fire_stress,uhs0_1247,circuit_2,fire_stress,data,,,,,,summer,NC
NC_GSO_urban__NC,NC_GSO_urban,NC,6540.65,16.5825,6268.622981906934,1866.673065431712,5674.01,16.3123,5445.602827276006,1593.6747872961948,5859.76,16.6469,5614.168085890699,1678.6613598240624,17328.393895073637,5139.009212551969,18074.364461012712,18074.42,5.0,23,2700.0,uhs0_1247_circuit_2_fire_stress,uhs0_1247,circuit_2,fire_stress,data,,,,,,summer,NC
NC_GSO_urban__NC,NC_GSO_urban,NC,7073.07,22.4379,6537.594472182802,2699.662523758269,6130.32,21.08,5720.073717056632,2204.8990847288046,6313.2,21.7533,5863.625719512766,2339.740938964907,18121.2939087522,7244.30254745198,19515.66581816769,19516.59,6.0,24,0.0,uhs0_1247_circuit_2_fire_stress,uhs0_1247,circuit_2,fire_stress,data,,,,,,summer,NC
NC_GSO_urban__NC,NC_GSO_urban,NC,7132.39,22.3989,6594.275064211704,2717.8159410849976,6044.33,21.0279,5641.812737573954,2168.84166850609,6281.08,21.6239,5839.035477163748,2314.655625103469,18075.12327894941,7201.313234694557,19456.84953566239,19457.800000000003,6.0,25,900.0,uhs0_1247_circuit_2_fire_stress,uhs0_1247,circuit_2,fire_stress,data,,,,,,summer,NC
NC_GSO_urban__NC,NC_GSO_urban,NC,7232.19,21.7661,6716.573836685159,2681.829243717129,6288.29,20.1225,5904.447903979371,2163.350658883948,6406.53,21.1047,5976.805599982308,2306.820639087513,18597.82734064684,7152.000541688591,19925.61902528564,19927.01,6.0,26,1800.0,uhs0_1247_circuit_2_fire_stress,uhs0_1247,circuit_2,fire_stress,data,,,,,,summer,NC
NC_GSO_urban__NC,NC_GSO_urban,NC,7213.84,21.1555,6727.658805818722,2603.4773934278373,6375.14,19.8134,5997.741409801079,2160.904440450196,6429.99,20.7218,6014.030554347423,2275.1281044098646,18739.430769967224,7039.509938287898,20018.01602940832,20018.97,6.0,27,2700.0,uhs0_1247_circuit_2_fire_stress,uhs0_1247,circuit_2,fire_stress,data,,,,,,summer,NC
NC_GSO_urban__NC,NC_GSO_urban,NC,7276.83,21.428,6773.836534298994,2658.4569689006066,6299.18,20.2375,5910.311616326366,2178.9642654980894,6542.24,20.8849,6112.404745776683,2332.254797702576,18796.55289640204,7169.6760321012725,20117.52109959195,20118.25,7.0,28,0.0,uhs0_1247_circuit_2_fire_stress,uhs0_1247,circuit_2,fire_stress,data,,,,,,summer,NC
NC_GSO_urban__NC,NC_GSO_urban,NC,7334.94,21.0783,6844.157784329199,2637.9630450038585,6484.6,19.7579,6102.847798098372,2192.096237222685,6534.33,20.5622,6118.037337082005,2295.013658122872,19065.04291950957,7125.072940349417,20352.948826350486,20353.870000000003,7.0,29,900.0,uhs0_1247_circuit_2_fire_stress,uhs0_1247,circuit_2,fire_stress,data,,,,,,summer,NC
NC_GSO_urban__NC,NC_GSO_urban,NC,7197.4,19.9311,6766.298997444004,2453.5208654479084,6354.6,18.6944,6019.3415313134965,2036.7789986654168,6434.39,19.5237,6064.43402449769,2150.3522117585185,18850.07455325519,6640.652075871843,19985.58407092622,19986.39,7.0,30,1800.0,uhs0_1247_circuit_2_fire_stress,uhs0_1247,circuit_2,fire_stress,data,,,,,,summer,NC
NC_GSO_urban__NC,NC_GSO_urban,NC,7275.74,20.2334,6826.765545274737,2516.279940199367,6359.99,19.1247,6008.967917743346,2083.6932028566944,6499.46,20.0737,6104.630156416226,2230.800516624829,18940.36361943431,6830.773659680891,20134.46902270286,20135.19,7.0,31,2700.0,uhs0_1247_circuit_2_fire_stress,uhs0_1247,circuit_2,fire_stress,data,,,,,,summer,NC
NC_GSO_urban__NC,NC_GSO_urban,NC,7064.48,19.9279,6641.474965379734,2407.8388556201703,6206.7,18.7875,5876.004200290735,1998.9245929163103,6331.83,19.9299,5952.619048777391,2158.3321359402826,18470.098214447866,6565.095584476763,19602.16845363457,19603.01,8.0,32,0.0,uhs0_1247_circuit_2_fire_stress,uhs0_1247,circuit_2,fire_stress,data,,,,,,summer,NC
NC_GSO_urban__NC,NC_GSO_urban,NC,6995.79,19.7138,6585.762034890317,2359.833922948253,6227.14,18.4798,5906.0404158493,1973.8184278080464,6325.47,19.6061,5958.730215036584,2122.523249651242,18450.5326657762,6456.175600407541,19547.48983972552,19548.4,8.0,33,900.0,uhs0_1247_circuit_2_fire_stress,uhs0_1247,circuit_2,fire_stress,data,,,,,,summer,NC
NC_GSO_urban__NC,NC_GSO_urban,NC,6831.54,19.5053,6439.482080537783,2281.0105887594623,6097.16,18.4031,5785.344725828387,1924.875702202526,6303.9,19.2243,5952.37441412086,2075.6671323021283,18177.20122048703,6281.553423264117,19231.96707618324,19232.6,8.0,34,1800.0,uhs0_1247_circuit_2_fire_stress,uhs0_1247,circuit_2,fire_stress,data,,,,,,summer,NC
NC_GSO_urban__NC,NC_GSO_urban,NC,6673.99,19.142,6304.9770510718345,2188.4713627455835,6006.17,18.198,5705.759115770771,1875.737450097629,6121.69,18.8682,5792.740939066284,1979.7072685034664,17803.47710590889,6043.916081346679,18801.40203971456,18801.85,8.0,35,2700.0,uhs0_1247_circuit_2_fire_stress,uhs0_1247,circuit_2,fire_stress,data,,,,,,summer,NC
NC_GSO_urban__NC,NC_GSO_urban,NC,6416.9,19.0748,6064.565594990243,2097.057403615989,5836.72,18.0824,5548.45093475059,1811.627054077442,5885.41,18.693,5574.951332220069,1886.257806207221,17187.967861960904,5794.942263900652,18138.566510773195,18139.03,9.0,36,0.0,uhs0_1247_circuit_2_fire_stress,uhs0_1247,circuit_2,fire_stress,data,,,,,,summer,NC
NC_GSO_urban__NC,NC_GSO_urban,NC,6416.91,18.915,6070.400229037521,2080.138218340603,5841.63,17.9608,5556.95401355524,1801.3614707027316,5894.03,18.712,5582.489892516053,1890.87182031361,17209.844135108815,5772.371509356944,18152.107535952266,18152.57,9.0,37,900.0,uhs0_1247_circuit_2_fire_stress,uhs0_1247,circuit_2,fire_stress,data,,,,,,summer,NC
NC_GSO_urban__NC,NC_GSO_urban,NC,6709.25,19.3957,6328.483850969408,2228.0771329824743,6142.05,18.4439,5826.556741057733,1943.197042436689,6160.07,19.0979,5821.025320124231,2015.471812596887,17976.06591215137,6186.7459880160495,19010.91190864456,19011.37,9.0,38,1800.0,uhs0_1247_circuit_2_fire_stress,uhs0_1247,circuit_2,fire_stress,data,,,,,,summer,NC
NC_GSO_urban__NC,NC_GSO_urban,NC,6753.57,19.6203,6361.447882835547,2267.749672884361,6194.72,18.7241,5866.866527450425,1988.575627800412,6126.4,19.2439,5784.08198171716,2019.200977806541,18012.39639200313,6275.526278491314,19074.29301061202,19074.69,9.0,39,2700.0,uhs0_1247_circuit_2_fire_stress,uhs0_1247,circuit_2,fire_stress,data,,,,,,summer,NC
NC_GSO_urban__NC,NC_GSO_urban,NC,6618.92,19.1913,6251.082096873994,2175.792863427361,6082.24,18.2778,5775.373151937452,1907.539874676293,6111.56,18.9366,5780.791680280141,1983.33385560876,17807.246929091587,6066.666593712414,18812.29615844137,18812.72,10.0,40,0.0,uhs0_1247_circuit_2_fire_stress,uhs0_1247,circuit_2,fire_stress,data,,,,,,summer,NC
NC_GSO_urban__NC,NC_GSO_urban,NC,6680.03,19.5374,6295.416563383187,2233.9496624545086,6068.45,18.4062,5757.999322061216,1916.1234849671307,6193.19,19.1735,5849.643681043882,2034.0283136975715,17903.059566488286,6184.10146111921,18941.03093082962,18941.67,10.0,41,900.0,uhs0_1247_circuit_2_fire_stress,uhs0_1247,circuit_2,fire_stress,data,,,,,,summer,NC
NC_GSO_urban__NC,NC_GSO_urban,NC,6348.14,19.2905,5991.728377140858,2097.1581996036875,5821.04,18.0674,5534.018171477303,1805.3114854115915,5890.18,18.8951,5572.776206978259,1907.4553151612768,17098.52275559642,5809.925000176556,18058.64637594205,18059.36,10.0,42,1800.0,uhs0_1247_circuit_2_fire_stress,uhs0_1247,circuit_2,fire_stress,data,,,,,,summer,NC
NC_GSO_urban__NC,NC_GSO_urban,NC,6037.35,18.7451,5717.11456235138,1940.153628826798,5641.52,17.6865,5374.862787036198,1713.942219251712,5628.46,18.3579,5342.014664420616,1772.6932325461994,16433.992013808194,5426.78908062471,17306.823314389592,17307.33,10.0,43,2700.0,uhs0_1247_circuit_2_fire_stress,uhs0_1247,circuit_2,fire_stress,data,,,,,,summer,NC
NC_GSO_urban__NC,NC_GSO_urban,NC,5810.75,17.3451,5546.514435966415,1732.3374885154933,5508.73,16.5183,5281.379054391099,1566.250777091259,5509.17,17.3984,5257.118194547527,1647.3197556811326,16085.01168490504,4945.908021287885,16828.238382509666,16828.65,11.0,44,0.0,uhs0_1247_circuit_2_fire_stress,uhs0_1247,circuit_2,fire_stress,data,,,,,,summer,NC
NC_GSO_urban__NC,NC_GSO_urban,NC,5740.09,16.5238,5503.033900416353,1632.559677000623,5422.76,15.781,5218.36658908627,1474.7800376693897,5384.71,16.6796,5158.146969969417,1545.5166192232691,15879.54745947204,4652.856333893282,16547.17799449428,16547.56,11.0,45,900.0,uhs0_1247_circuit_2_fire_stress,uhs0_1247,circuit_2,fire_stress,data,,,,,,summer,NC
NC_GSO_urban__NC,NC_GSO_urban,NC,5800.23,18.225,5509.265402035557,1814.018407523472,5482.62,17.189,5237.739415805196,1620.2493254189765,5470.2,18.1445,5198.189663172684,1703.5000046036562,15945.194481013436,5137.767737546104,16752.488900527915,16753.05,11.0,46,1800.0,uhs0_1247_circuit_2_fire_stress,uhs0_1247,circuit_2,fire_stress,data,,,,,,summer,NC
NC_GSO_urban__NC,NC_GSO_urban,NC,5807.31,18.0466,5521.61863541327,1799.0489379549704,5497.32,17.0573,5255.503253162101,1612.5175156886112,5449.14,18.0821,5180.021932668651,1691.3011312808069,15957.14382124402,5102.867584924388,16753.199590559958,16753.77,11.0,47,2700.0,uhs0_1247_circuit_2_fire_stress,uhs0_1247,circuit_2,fire_stress,data,,,,,,summer,NC
NC_GSO_urban__NC,NC_GSO_urban,NC,5610.15,17.6645,5345.629603068746,1702.3592950065129,5313.98,16.8038,5087.0747869521865,1536.246579281905,5149.05,17.5356,4909.7732704169575,1551.4001210516826,15342.47766043789,4790.0059953401005,16072.82732428958,16073.18,12.0,48,0.0,uhs0_1247_circuit_2_fire_stress,uhs0_1247,circuit_2,fire_stress,data,,,,,,summer,NC
NC_GSO_urban__NC,NC_GSO_urban,NC,5649.23,17.7982,5378.852180223506,1726.7741068839405,5354.59,16.9594,5121.7279383016885,1561.9017235792835,5223.59,17.6357,4978.092142250728,1582.55840693529,15478.672260775922,4871.234237398514,16227.08285404735,16227.41,12.0,49,900.0,uhs0_1247_circuit_2_fire_stress,uhs0_1247,circuit_2,fire_stress,data,,,,,,summer,NC
NC_GSO_urban__NC,NC_GSO_urban,NC,5988.69,17.3754,5715.417894874699,1788.4088467255076,5596.69,16.6177,5362.940173085619,1600.5660423751306,5588.06,17.2522,5336.645119119903,1657.2970271420013,16415.00318708022,5046.27191624264,17173.15317245243,17173.44,12.0,50,1800.0,uhs0_1247_circuit_2_fire_stress,uhs0_1247,circuit_2,fire_stress,data,,,,,,summer,NC
NC_GSO_urban__NC,NC_GSO_urban,NC,5951.89,17.0574,5690.074528419472,1745.865525500725,5618.37,16.5043,5386.884262432469,1596.1075778459913,5618.32,16.9684,5373.731273566022,1639.6743036037687,16450.690064417962,4981.647406950485,17188.42675996603,17188.58,12.0,51,2700.0,uhs0_1247_circuit_2_fire_stress,uhs0_1247,circuit_2,fire_stress,data,,,,,,summer,NC
NC_GSO_urban__NC,NC_GSO_urban,NC,6285.7,17.4848,5995.279863397193,1888.556022347266,5744.06,16.7276,5500.994121731677,1653.2661480456,5886.28,17.2798,5620.606175728424,1748.4503011991765,17116.880160857298,5290.272471592042,17915.763150500585,17916.04,13.0,52,0.0,uhs0_1247_circuit_2_fire_stress,uhs0_1247,circuit_2,fire_stress,data,,,,,,summer,NC
NC_GSO_urban__NC,NC_GSO_urban,NC,6491.59,18.9884,6138.346690653159,2112.212260509678,5909.73,18.0361,5619.33548347641,1829.7479053254667,5956.6,18.6702,5643.145260655659,1906.8285521093871,17400.827434785228,5848.788717944532,18357.48144169917,18357.92,13.0,53,900.0,uhs0_1247_circuit_2_fire_stress,uhs0_1247,circuit_2,fire_stress,data,,,,,,summer,NC
NC_GSO_urban__NC,NC_GSO_urban,NC,6381.61,18.9083,6037.248276361129,2067.9892266824254,5815.1,17.9221,5532.926809362805,1789.443749390947,5816.58,18.5391,5514.739621788306,1849.3917379176764,17084.914707512242,5706.824713991049,18012.833171913495,18013.29,13.0,54,1800.0,uhs0_1247_circuit_2_fire_stress,uhs0_1247,circuit_2,fire_stress,data,,,,,,summer,NC
NC_GSO_urban__NC,NC_GSO_urban,NC,6221.81,18.8165,5889.294168444035,2006.772003400259,5675.91,17.896,5401.28597082585,1744.1514238906695,5701.52,18.4767,5407.621538905717,1806.919921402986,16698.201678175603,5557.843348693915,17598.851154937576,17599.24,13.0,55,2700.0,uhs0_1247_circuit_2_fire_stress,uhs0_1247,circuit_2,fire_stress,data,,,,,,summer,NC
NC_GSO_urban__NC,NC_GSO_urban,NC,5648.42,18.2048,5365.69331927019,1764.6483218871824,5277.03,17.3777,5036.168648648652,1576.087232125306,5280.68,18.0748,5020.090494190679,1638.3750158423393,15421.95246210952,4979.110569854827,16205.806361005489,16206.13,14.0,56,0.0,uhs0_1247_circuit_2_fire_stress,uhs0_1247,circuit_2,fire_stress,data,,,,,,summer,NC
NC_GSO_urban__NC,NC_GSO_urban,NC,5456.43,16.4962,5231.835535069718,1549.3628622378142,5126.27,15.8949,4930.270610546238,1403.9500773474945,5151.06,16.3496,4942.76124965119,1450.0104663576103,15104.867395267143,4403.323405942919,15733.603403096482,15733.760000000002,14.0,57,900.0,uhs0_1247_circuit_2_fire_stress,uhs0_1247,circuit_2,fire_stress,data,,,,,,summer,NC
NC_GSO_urban__NC,NC_GSO_urban,NC,5101.21,17.0859,4876.069865026382,1498.7615338944354,4832.17,16.3416,4636.956415645524,1359.5963034312138,4825.42,17.0438,4613.492242827248,1414.3434879027122,14126.518523499157,4272.701325228361,14758.539975531894,14758.8,14.0,58,1800.0,uhs0_1247_circuit_2_fire_stress,uhs0_1247,circuit_2,fire_stress,data,,,,,,summer,NC
NC_GSO_urban__NC,NC_GSO_urban,NC,4514.72,16.3968,4331.1051726468495,1274.4507294798418,4352.37,15.5354,4193.356845300819,1165.7113643045425,4251.36,16.3917,4078.5628993551904,1199.7443584378211,12603.02491730286,3639.906452222205,13118.12319072685,13118.45,14.0,59,2700.0,uhs0_1247_circuit_2_fire_stress,uhs0_1247,circuit_2,fire_stress,data,,,,,,summer,NC
NC_GSO_urban__NC,NC_GSO_urban,NC,4430.54,15.7499,4264.198522292276,1202.6203283166208,4267.24,14.8941,4123.871627274231,1096.822692764233,4154.17,15.7195,3998.8023584526895,1125.4812690281474,12386.872508019196,3424.9242901090006,12851.64257684209,12851.95,15.0,60,0.0,uhs0_1247_circuit_2_fire_stress,uhs0_1247,circuit_2,fire_stress,data,,,,,,summer,NC
NC_GSO_urban__NC,NC_GSO_urban,NC,4368.4,15.4243,4211.061988215829,1161.841422657906,4220.35,14.8887,4078.6592306843736,1084.386002516242,4075.18,15.3388,3930.015998897627,1077.9917814198247,12219.737217797829,3324.219206593973,12663.822922226987,12663.93,15.0,61,900.0,uhs0_1247_circuit_2_fire_stress,uhs0_1247,circuit_2,fire_stress,data,,,,,,summer,NC
NC_GSO_urban__NC,NC_GSO_urban,NC,4348.88,15.514,4190.429104240329,1163.211578662968,4133.14,14.8392,3995.293144224506,1058.5267834649565,4090.24,15.4507,3942.4188941152,1089.6772553942224,12128.141142580036,3311.415617522147,12572.083398001789,12572.26,15.0,62,1800.0,uhs0_1247_circuit_2_fire_stress,uhs0_1247,circuit_2,fire_stress,data,,,,,,summer,NC
NC_GSO_urban__NC,NC_GSO_urban,NC,4414.58,15.6998,4249.883899809889,1194.57248191003,4245.15,15.1008,4098.5606975697365,1105.9379416751533,4141.8,15.6904,3987.4644066861833,1120.1048367946664,12335.909004065808,3420.6152603798496,12801.37725856618,12801.53,15.0,63,2700.0,uhs0_1247_circuit_2_fire_stress,uhs0_1247,circuit_2,fire_stress,data,,,,,,summer,NC
NC_GSO_urban__NC,NC_GSO_urban,NC,4481.03,17.2387,4279.735009653712,1327.967660767513,4269.94,16.6461,4090.997063952468,1223.164186171375,4233.94,17.2404,4043.707454494565,1254.8617238823886,12414.439528100746,3805.993570821277,12984.756287971028,12984.91,16.0,64,0.0,uhs0_1247_circuit_2_fire_stress,uhs0_1247,circuit_2,fire_stress,data,,,,,,summer,NC
NC_GSO_urban__NC,NC_GSO_urban,NC,4367.45,16.6446,4184.453406115241,1250.9872879252457,4183.36,16.2678,4015.870288441864,1171.8731654961018,4144.66,16.6315,3971.26965863396,1186.264647544259,12171.593353191063,3609.125100965606,12695.4113265331,12695.47,16.0,65,900.0,uhs0_1247_circuit_2_fire_stress,uhs0_1247,circuit_2,fire_stress,data,,,,,,summer,NC
NC_GSO_urban__NC,NC_GSO_urban,NC,4110.58,17.2055,3926.631429024334,1215.9085315097989,3961.56,16.7793,3792.892056410728,1143.6465721613486,3865.18,17.1263,3693.7899690960944,1138.214433490048,11413.313454531157,3497.769537161196,11937.2574633571,11937.32,16.0,66,1800.0,uhs0_1247_circuit_2_fire_stress,uhs0_1247,circuit_2,fire_stress,data,,,,,,summer,NC
NC_GSO_urban__NC,NC_GSO_urban,NC,3992.11,15.2211,3852.0662785049735,1048.1066921381826,3852.02,15.1229,3718.618519842638,1004.9549165427024,3776.75,15.4999,3639.393075697912,1009.2861849158996,11210.077874045524,3062.3477935967844,11620.83559607966,11620.88,16.0,67,2700.0,uhs0_1247_circuit_2_fire_stress,uhs0_1247,circuit_2,fire_stress,data,,,,,,summer,NC
NC_GSO_urban__NC,NC_GSO_urban,NC,4066.35,16.4987,3898.922831859011,1154.817333481149,3979.78,16.4971,3815.948810110679,1130.125447468066,3875.28,16.7717,3710.433888483136,1118.2465906927332,11425.305530452824,3403.1893716419486,11921.380136689402,11921.41,17.0,68,0.0,uhs0_1247_circuit_2_fire_stress,uhs0_1247,circuit_2,fire_stress,data,,,,,,summer,NC
NC_GSO_urban__NC,NC_GSO_urban,NC,4252.65,15.7357,4093.273236711594,1153.3196573893051,4061.86,15.8066,3908.267355331325,1106.4144516642446,3964.75,16.1151,3808.959256154681,1100.4871409760217,11810.4998481976,3360.221250029572,12279.209808184964,12279.26,17.0,69,900.0,uhs0_1247_circuit_2_fire_stress,uhs0_1247,circuit_2,fire_stress,data,,,,,,summer,NC
NC_GSO_urban__NC,NC_GSO_urban,NC,4696.44,14.9933,4536.55479688474,1214.9976331096495,4317.48,14.7289,4175.6060278188725,1097.701166457744,4332.16,15.1618,4181.362213570104,1133.0579440293925,12893.523038273715,3445.756743596786,13346.017228916566,13346.079999999998,17.0,70,1800.0,uhs0_1247_circuit_2_fire_stress,uhs0_1247,circuit_2,fire_stress,data,,,,,,summer,NC
NC_GSO_urban__NC,NC_GSO_urban,NC,4813.67,15.5839,4636.710319340495,1293.1884176025414,4489.27,15.3543,4329.034078284498,1188.7005854930376,4417.71,15.6232,4254.491509536445,1189.7325915441263,13220.235907161436,3671.6215946397056,13720.62107104577,13720.65,17.0,71,2700.0,uhs0_1247_circuit_2_fire_stress,uhs0_1247,circuit_2,fire_stress,data,,,,,,summer,NC
NC_GSO_urban__NC,NC_GSO_urban,NC,4915.8,15.5792,4735.194141562944,1320.2371308624734,4531.24,15.0268,4376.292700664133,1174.8183415804451,4536.64,15.8437,4364.293241989352,1238.5665050880675,13475.780084216429,3733.621977530986,13983.439560754232,13983.68,18.0,72,0.0,uhs0_1247_circuit_2_fire_stress,uhs0_1247,circuit_2,fire_stress,data,,,,,,summer,NC
NC_GSO_urban__NC,NC_GSO_urban,NC,5104.25,14.3795,4944.344456711909,1267.6063883880597,4642.09,13.7655,4508.758656450275,1104.579080910329,4691.57,14.5262,4541.594799164143,1176.752202082157,13994.697912326326,3548.937671380545,14437.67738428224,14437.91,18.0,73,900.0,uhs0_1247_circuit_2_fire_stress,uhs0_1247,circuit_2,fire_stress,data,,,,,,summer,NC
NC_GSO_urban__NC,NC_GSO_urban,NC,5086.84,13.1078,4954.302907355884,1153.613404813344,4535.67,12.7433,4423.947927866512,1000.4934184818994,4658.69,13.3873,4532.100454651636,1078.6370960830293,13910.351289874032,3232.743919378273,14281.054101710326,14281.2,18.0,74,1800.0,uhs0_1247_circuit_2_fire_stress,uhs0_1247,circuit_2,fire_stress,data,,,,,,summer,NC
NC_GSO_urban__NC,NC_GSO_urban,NC,5290.75,13.9351,5135.038641472923,1274.1325335615288,4770.58,13.564,4637.521620095391,1118.850642198423,4858.19,14.05,4712.853554707992,1179.4157231342326,14485.413816276305,3572.3988988941846,14919.425167263948,14919.52,18.0,75,2700.0,uhs0_1247_circuit_2_fire_stress,uhs0_1247,circuit_2,fire_stress,data,,,,,,summer,NC
NC_GSO_urban__NC,NC_GSO_urban,NC,5420.43,14.2464,5253.732123352008,1333.9265950415745,4866.26,13.9429,4722.882168171969,1172.5486826410408,4987.21,14.3386,4831.853964898596,1235.0914322404317,14808.468256422571,3741.566709923047,15273.835587247866,15273.9,19.0,76,0.0,uhs0_1247_circuit_2_fire_stress,uhs0_1247,circuit_2,fire_stress,data,,,,,,summer,NC
NC_GSO_urban__NC,NC_GSO_urban,NC,5378.08,14.778,5200.1806507646725,1371.8110969855527,4927.47,14.544,4769.569602672756,1237.4030896034046,4985.1,14.8077,4819.540095290357,1274.0703590809328,14789.290348727787,3883.2845456698897,15290.618296249875,15290.65,19.0,77,900.0,uhs0_1247_circuit_2_fire_stress,uhs0_1247,circuit_2,fire_stress,data,,,,,,summer,NC
NC_GSO_urban__NC,NC_GSO_urban,NC,4750.39,13.2122,4624.648402364991,1085.740441635543,4507.47,13.1943,4388.480072736882,1028.8481190590264,4468.75,13.5452,4344.453753835132,1046.6365860640583,13357.582228937004,3161.225146758628,13726.556284491488,13726.61,19.0,78,1800.0,uhs0_1247_circuit_2_fire_stress,uhs0_1247,circuit_2,fire_stress,data,,,,,,summer,NC
NC_GSO_urban__NC,NC_GSO_urban,NC,4662.31,13.1814,4539.472031700101,1063.16894683421,4449.5,13.1704,4332.463657947846,1013.8091055820972,4392.53,13.5955,4269.448962028156,1032.5334675141075,13141.384651676104,3109.5115199304146,13504.26052976942,13504.34,19.0,79,2700.0,uhs0_1247_circuit_2_fire_stress,uhs0_1247,circuit_2,fire_stress,data,,,,,,summer,NC
NC_GSO_urban__NC,NC_GSO_urban,NC,4757.45,13.4272,4627.4086771792745,1104.7259555500443,4595.17,13.5349,4467.550842443085,1075.4426061329737,4565.36,13.7918,4433.733403861048,1088.3565744215996,13528.692923483408,3268.5251361046176,13917.930477741931,13917.98,20.0,80,0.0,uhs0_1247_circuit_2_fire_stress,uhs0_1247,circuit_2,fire_stress,data,,,,,,summer,NC
NC_GSO_urban__NC,NC_GSO_urban,NC,4777.76,13.8354,4639.141499337287,1142.522107762729,4584.99,13.576,4456.882680691924,1076.2574369770282,4542.73,14.109,4405.692809188387,1107.3692807576588,13501.7169892176,3326.1488254974165,13905.38124850538,13905.48,20.0,81,900.0,uhs0_1247_circuit_2_fire_stress,uhs0_1247,circuit_2,fire_stress,data,,,,,,summer,NC
NC_GSO_urban__NC,NC_GSO_urban,NC,4576.6,13.3726,4452.512783826459,1058.4882946268035,4446.07,12.9032,4333.801059458266,992.8276899535042,4429.13,13.6612,4303.826728236159,1046.072679224554,13090.140571520884,3097.388663804862,13451.602013025957,13451.8,20.0,82,1800.0,uhs0_1247_circuit_2_fire_stress,uhs0_1247,circuit_2,fire_stress,data,,,,,,summer,NC
NC_GSO_urban__NC,NC_GSO_urban,NC,4766.7,14.1176,4622.7320099286,1162.6597328459811,4657.77,13.7148,4524.967243609806,1104.306486967399,4489.19,14.2201,4351.637778196346,1102.7581346217164,13499.33703173475,3369.7243544350968,13913.559663911972,13913.66,20.0,83,2700.0,uhs0_1247_circuit_2_fire_stress,uhs0_1247,circuit_2,fire_stress,data,,,,,,summer,NC
NC_GSO_urban__NC,NC_GSO_urban,NC,4534.1,13.5279,4408.306517364979,1060.6113609411552,4481.5,13.0341,4366.038683161046,1010.716808577636,4356.53,13.7206,4232.211645755647,1033.31419540732,13006.556846281674,3104.6423649261114,13371.960410113796,13372.13,21.0,84,0.0,uhs0_1247_circuit_2_fire_stress,uhs0_1247,circuit_2,fire_stress,data,,,,,,summer,NC
NC_GSO_urban__NC,NC_GSO_urban,NC,5020.89,14.0232,4871.255872691648,1216.6357774071666,4887.09,13.1886,4758.1896683107225,1115.0245506181025,4762.56,14.0372,4620.342581035611,1155.1676014627458,14249.78812203798,3486.827929488015,14670.188496840536,14670.54,21.0,85,900.0,uhs0_1247_circuit_2_fire_stress,uhs0_1247,circuit_2,fire_stress,data,,,,,,summer,NC
NC_GSO_urban__NC,NC_GSO_urban,NC,5199.66,15.4129,5012.657298551347,1381.930143994228,4959.11,14.2102,4807.369486124691,1217.3621548155763,4883.54,15.2046,4712.593838216131,1280.7896968696136,14532.62062289217,3880.081995679418,15041.678711570274,15042.31,21.0,86,1800.0,uhs0_1247_circuit_2_fire_stress,uhs0_1247,circuit_2,fire_stress,data,,,,,,summer,NC
NC_GSO_urban__NC,NC_GSO_urban,NC,5275.08,15.5029,5083.156373078848,1409.961096352625,4949.39,14.4442,4792.944853862728,1234.5610555702738,4855.69,15.3201,4683.142033680891,1282.928707478016,14559.243260622468,3927.450859400915,15079.669577778875,15080.16,21.0,87,2700.0,uhs0_1247_circuit_2_fire_stress,uhs0_1247,circuit_2,fire_stress,data,,,,,,summer,NC
NC_GSO_urban__NC,NC_GSO_urban,NC,5359.97,15.9847,5152.728188861719,1476.0320499941145,5119.9,14.8211,4949.557094497298,1309.6795708536715,5048.06,15.9531,4853.644062319183,1387.4613796116084,14955.9293456782,4173.173000459395,15527.24043365986,15527.93,22.0,88,0.0,uhs0_1247_circuit_2_fire_stress,uhs0_1247,circuit_2,fire_stress,data,,,,,,summer,NC
NC_GSO_urban__NC,NC_GSO_urban,NC,5643.08,16.4478,5412.154401982182,1597.7911676764554,5350.93,15.3431,5160.215633864532,1415.8483241223516,5402.63,16.6341,5176.542767043892,1546.5496752014049,15748.912802890603,4560.189167000212,16395.840317345057,16396.64,22.0,89,900.0,uhs0_1247_circuit_2_fire_stress,uhs0_1247,circuit_2,fire_stress,data,,,,,,summer,NC
NC_GSO_urban__NC,NC_GSO_urban,NC,5319.67,16.5052,5100.467435958231,1511.3308187255575,5149.56,15.4825,4962.692929324475,1374.6443477615844,5220.0,16.7367,4998.871579687382,1503.22417815633,15062.03194497009,4389.199344643472,15688.52692888399,15689.23,22.0,90,1800.0,uhs0_1247_circuit_2_fire_stress,uhs0_1247,circuit_2,fire_stress,data,,,,,,summer,NC
NC_GSO_urban__NC,NC_GSO_urban,NC,5149.55,16.1935,4945.243303278341,1436.1176392902914,4893.67,15.0156,4726.5772110318885,1267.8619550463734,4984.54,16.3388,4783.239391265312,1402.2339096769322,14455.05990557554,4106.213504013597,15026.967299302984,15027.760000000002,22.0,91,2700.0,uhs0_1247_circuit_2_fire_stress,uhs0_1247,circuit_2,fire_stress,data,,,,,,summer,NC
NC_GSO_urban__NC,NC_GSO_urban,NC,4548.37,15.3793,4385.498702513366,1206.263150043798,4486.73,14.3047,4347.621030308415,1108.5745215004674,4410.23,15.3651,4252.595064828181,1168.573432651535,12985.714797649964,3483.4111041958004,13444.810959129913,13445.329999999998,23.0,92,0.0,uhs0_1247_circuit_2_fire_stress,uhs0_1247,circuit_2,fire_stress,data,,,,,,summer,NC
NC_GSO_urban__NC,NC_GSO_urban,NC,4470.85,15.267,4313.070298636252,1177.252870678935,4408.09,14.4136,4269.34141594077,1097.2608268925233,4214.66,15.2679,4065.904005744536,1109.857437543464,12648.315720321556,3384.3711351149227,13093.275317548794,13093.6,23.0,93,900.0,uhs0_1247_circuit_2_fire_stress,uhs0_1247,circuit_2,fire_stress,data,,,,,,summer,NC
NC_GSO_urban__NC,NC_GSO_urban,NC,4228.91,15.5695,4073.732613774177,1135.0693280908506,4154.38,14.6842,4018.6883642188304,1053.0987682511943,4048.28,15.3307,3904.225569611932,1070.3240910996965,11996.646547604938,3258.4921874417414,12431.303219042657,12431.570000000002,23.0,94,1800.0,uhs0_1247_circuit_2_fire_stress,uhs0_1247,circuit_2,fire_stress,data,,,,,,summer,NC
NC_GSO_urban__NC,NC_GSO_urban,NC,4591.03,15.9288,4414.750429992098,1259.974246476722,4444.6,15.0316,4292.518830513895,1152.714730401078,4352.09,15.7523,4188.644384885998,1181.5014113673333,12895.913645391993,3594.1903882451334,13387.411747472364,13387.72,23.0,95,2700.0,uhs0_1247_circuit_2_fire_stress,uhs0_1247,circuit_2,fire_stress,data,,,,,,summer,NC
NC_GSO_urban__NC,NC_GSO_urban,NC,4569.73,15.7224,4398.757576145899,1238.2907813591476,4512.59,14.9113,4360.63010317247,1161.1949067258513,4272.8,15.801,4111.3447369819805,1163.4707962345142,12870.73241630035,3562.956484319513,13354.78984638692,13355.12,24.0,96,0.0,uhs0_1247_circuit_2_fire_stress,uhs0_1247,circuit_2,fire_stress,data,,,,,,summer,NC
NC_GSO_urban__NC,NC_GSO_urban,NC,,,,,,,,,,,,,,,,,,0,,uhs0_1247_circuit_2_fire_stress,uhs0_1247,circuit_2,fire_stress,summary,4659.0,1096.0,13.0,13.0,1000.0,summer,NC
NC_GSO_urban__TX,NC_GSO_urban,TX,2221.31,12.4868,2168.7667896626585,480.2798435873879,2043.85,11.2408,2004.641994562034,398.4134738413726,2045.39,10.703,2009.8065009467969,379.8658721864781,6183.215285171489,1258.559189615239,6310.001782610153,6310.55,0.0,1,900.0,uhs0_1247_circuit_1_fire_baseline,uhs0_1247,circuit_1,fire_baseline,data,,,,,,summer,TX
NC_GSO_urban__TX,NC_GSO_urban,TX,1953.74,10.7254,1919.608926991748,363.5953176453049,1856.41,9.77192,1829.4757145998208,315.0820492974379,1865.62,9.4596,1840.250802164499,306.61860597967274,5589.335443756068,985.2959729224156,5675.515734898898,5675.77,0.0,2,1800.0,uhs0_1247_circuit_1_fire_baseline,uhs0_1247,circuit_1,fire_baseline,data,,,,,,summer,TX
NC_GSO_urban__TX,NC_GSO_urban,TX,1912.23,10.9607,1877.3467774732749,363.5830716778626,1881.67,10.8147,1848.2499286088928,353.0640031173114,1907.96,10.9898,1872.9701817935047,363.72250372008,5598.566887875674,1080.369578515254,5701.854928371919,5701.860000000001,0.0,3,2700.0,uhs0_1247_circuit_1_fire_baseline,uhs0_1247,circuit_1,fire_baseline,data,,,,,,summer,TX
NC_GSO_urban__TX,NC_GSO_urban,TX,2016.67,11.922,1973.1698961978564,416.6034681067121,1926.81,11.5124,1888.0455391027124,384.552751094499,1956.45,11.5448,1916.868116649244,391.5523283975977,5778.083551949813,1192.7085475988088,5899.898576486567,5899.93,1.0,4,0.0,uhs0_1247_circuit_1_fire_baseline,uhs0_1247,circuit_1,fire_baseline,data,,,,,,summer,TX
NC_GSO_urban__TX,NC_GSO_urban,TX,1875.35,10.3864,1844.621062486558,338.0987405048436,1853.46,10.4122,1822.939093723656,334.97318127572265,1894.63,10.6505,1861.9908949715148,350.1610257341293,5529.551051181728,1023.2329475146956,5623.427824068214,5623.4400000000005,1.0,5,900.0,uhs0_1247_circuit_1_fire_baseline,uhs0_1247,circuit_1,fire_baseline,data,,,,,,summer,TX
NC_GSO_urban__TX,NC_GSO_urban,TX,1688.46,9.23703,1666.5652806587764,271.0301402108896,1693.63,9.07487,1672.4309689469692,267.12774286304017,1756.3,10.0348,1729.4323015319717,306.0287640366959,5068.4285511377175,844.1866471106257,5138.250584892475,5138.39,1.0,6,1800.0,uhs0_1247_circuit_1_fire_baseline,uhs0_1247,circuit_1,fire_baseline,data,,,,,,summer,TX
NC_GSO_urban__TX,NC_GSO_urban,TX,1612.75,8.43517,1595.304038352062,236.57469796578647,1640.9,8.49803,1622.8844684966923,242.48466325153169,1647.55,9.05479,1627.018719707993,259.28958370857106,4845.207226556748,738.3489449258892,4901.141931504423,4901.2,1.0,7,2700.0,uhs0_1247_circuit_1_fire_baseline,uhs0_1247,circuit_1,fire_baseline,data,,,,,,summer,TX
NC_GSO_urban__TX,NC_GSO_urban,TX,1642.02,9.03436,1621.6496746042171,257.84106200533046,1657.05,8.87205,1637.2237595815411,255.5642063390024,1708.43,9.67723,1684.119640520173,287.1830449629689,4942.993074705932,800.5883133073017,5007.406732430973,5007.5,2.0,8,0.0,uhs0_1247_circuit_1_fire_baseline,uhs0_1247,circuit_1,fire_baseline,data,,,,,,summer,TX
NC_GSO_urban__TX,NC_GSO_urban,TX,1651.21,9.28415,1629.579782846987,266.39105735059286,1649.27,9.13441,1628.355020062091,261.8233403243253,1695.32,10.0411,1669.352675986671,295.5867818021288,4927.287478895749,823.8011794770468,4995.679161334382,4995.8,2.0,9,900.0,uhs0_1247_circuit_1_fire_baseline,uhs0_1247,circuit_1,fire_baseline,data,,,,,,summer,TX
NC_GSO_urban__TX,NC_GSO_urban,TX,1608.44,9.05731,1588.3849619753453,253.20435653949795,1599.08,8.78063,1580.3388542569369,244.10233945186107,1647.22,9.76072,1623.3754307364468,279.25962701625207,4792.099246968729,776.5663230076111,4854.613315891166,4854.74,2.0,10,1800.0,uhs0_1247_circuit_1_fire_baseline,uhs0_1247,circuit_1,fire_baseline,data,,,,,,summer,TX
NC_GSO_urban__TX,NC_GSO_urban,TX,1522.74,7.18319,1510.7886686899274,190.40668622219363,1529.86,7.11939,1518.0648588473748,189.6067085645956,1561.08,7.835,1546.506930582594,212.80761278676883,4575.360458119896,592.8210075735581,4613.605972419799,4613.68,2.0,11,2700.0,uhs0_1247_circuit_1_fire_baseline,uhs0_1247,circuit_1,fire_baseline,data,,,,,,summer,TX
NC_GSO_urban__TX,NC_GSO_urban,TX,1467.7,6.05702,1459.506385043883,154.86898338962664,1466.79,6.04692,1458.6287256754108,154.5158397528445,1482.09,6.38154,1472.9066465363042,164.7324457694317,4391.041757255598,474.1172689119029,4416.5636980171375,4416.58,3.0,12,0.0,uhs0_1247_circuit_1_fire_baseline,uhs0_1247,circuit_1,fire_baseline,data,,,,,,summer,TX
NC_GSO_urban__TX,NC_GSO_urban,TX,1452.37,6.25036,1443.7366104497137,158.12405429652716,1464.93,6.36056,1455.9124977351184,162.2920325792031,1471.42,6.56792,1461.763016668566,168.3024049145274,4361.412124853398,488.7184917902576,4388.708407611058,4388.72,3.0,13,900.0,uhs0_1247_circuit_1_fire_baseline,uhs0_1247,circuit_1,fire_baseline,data,,,,,,summer,TX
NC_GSO_urban__TX,NC_GSO_urban,TX,1451.35,5.70066,1444.1722409048916,144.1643544699708,1496.98,6.21046,1488.194570014247,161.9445651453349,1560.21,6.39462,1550.5029687076585,173.76935324946595,4482.869779626797,479.8782728647717,4508.481409283939,4508.54,3.0,14,1800.0,uhs0_1247_circuit_1_fire_baseline,uhs0_1247,circuit_1,fire_baseline,data,,,,,,summer,TX
NC_GSO_urban__TX,NC_GSO_urban,TX,1434.7,5.42954,1428.2629499330758,135.75358502989195,1461.89,5.72429,1454.6001026064398,145.81122589614031,1505.27,6.03161,1496.9369394018006,158.16944191078758,4379.799991941316,439.7342528368198,4401.819417300886,4401.860000000001,3.0,15,2700.0,uhs0_1247_circuit_1_fire_baseline,uhs0_1247,circuit_1,fire_baseline,data,,,,,,summer,TX
NC_GSO_urban__TX,NC_GSO_urban,TX,1420.08,5.31372,1413.9772781306108,131.51221741856858,1419.94,5.20789,1414.0783577272127,128.8875548977063,1454.96,4.98917,1449.447381206716,126.53414840663754,4277.50301706454,386.9339207229124,4294.967976597992,4294.98,4.0,16,0.0,uhs0_1247_circuit_1_fire_baseline,uhs0_1247,circuit_1,fire_baseline,data,,,,,,summer,TX
NC_GSO_urban__TX,NC_GSO_urban,TX,1434.9,5.51594,1428.2556884224066,137.92642418709198,1437.37,5.23892,1431.3655359731863,131.24488305527066,1454.49,5.10389,1448.7229875663209,129.39422474327677,4308.344211961914,398.5655319856394,4326.740612982562,4326.76,4.0,17,900.0,uhs0_1247_circuit_1_fire_baseline,uhs0_1247,circuit_1,fire_baseline,data,,,,,,summer,TX
NC_GSO_urban__TX,NC_GSO_urban,TX,1441.49,5.59436,1434.624184407137,140.523555371181,1457.03,5.71516,1449.787476763939,145.09546208772736,1471.08,5.42807,1464.4832950300429,139.15834498134743,4348.894956201119,424.77736244025584,4369.590730001292,4369.6,4.0,18,1800.0,uhs0_1247_circuit_1_fire_baseline,uhs0_1247,circuit_1,fire_baseline,data,,,,,,summer,TX
NC_GSO_urban__TX,NC_GSO_urban,TX,1427.43,5.46744,1420.9359140452457,136.00563619351283,1429.88,5.36759,1423.610031602709,133.75833551646494,1460.36,5.1,1454.5785302832712,129.81767537187653,4299.124475931226,399.5816470818543,4317.654079733065,4317.67,4.0,19,2700.0,uhs0_1247_circuit_1_fire_baseline,uhs0_1247,circuit_1,fire_baseline,data,,,,,,summer,TX
NC_GSO_urban__TX,NC_GSO_urban,TX,1445.9,3.95987,1442.448149505275,99.8506183696816,1444.17,3.7577,1441.0652145562212,94.6469032564313,1461.33,3.56633,1458.5000688356697,90.90059464242692,4342.013432897166,285.3981162685398,4351.382853327097,4351.4,5.0,20,0.0,uhs0_1247_circuit_1_fire_baseline,uhs0_1247,circuit_1,fire_baseline,data,,,,,,summer,TX
NC_GSO_urban__TX,NC_GSO_urban,TX,1453.58,3.1128,1451.4353358638227,78.93213671168533,1459.53,2.99094,1457.541825298146,76.15542269955994,1479.04,2.644,1477.46547163049,68.22830600046444,4386.442632792459,223.3158654117097,4392.123512211812,4392.15,5.0,21,900.0,uhs0_1247_circuit_1_fire_baseline,uhs0_1247,circuit_1,fire_baseline,data,,,,,,summer,TX
NC_GSO_urban__TX,NC_GSO_urban,TX,1474.9,3.49152,1472.162324414205,89.82260614881773,1478.45,3.11597,1476.2641977214191,80.36430193770683,1494.79,3.63544,1491.782032240269,94.78139261001104,4440.208554375893,264.9683006965356,4448.107485968259,4448.14,5.0,22,1800.0,uhs0_1247_circuit_1_fire_baseline,uhs0_1247,circuit_1,fire_baseline,data,,,,,,summer,TX
NC_GSO_urban__TX,NC_GSO_urban,TX,1542.39,6.32939,1532.9884176334365,170.0394763039855,1544.23,6.04008,1535.6572557392185,162.49026369445298,1581.12,6.24428,1571.7395340423168,171.9746828124418,4640.385207414971,504.5044228108802,4667.729596477438,4667.74,5.0,23,2700.0,uhs0_1247_circuit_1_fire_baseline,uhs0_1247,circuit_1,fire_baseline,data,,,,,,summer,TX
NC_GSO_urban__TX,NC_GSO_urban,TX,1580.25,6.57417,1569.8590352349931,180.921728907992,1601.45,6.81831,1590.1239355646762,190.12620030996703,1617.47,7.02957,1605.3116776713491,197.9485247027589,4765.294648471019,568.9964539207178,4799.144720814416,4799.17,6.0,24,0.0,uhs0_1247_circuit_1_fire_baseline,uhs0_1247,circuit_1,fire_baseline,data,,,,,,summer,TX
NC_GSO_urban__TX,NC_GSO_urban,TX,1618.68,7.02599,1606.5249567428195,197.99622663697795,1658.69,7.50529,1644.4796808789315,216.6543220808828,1639.72,7.4314,1625.9470557355116,212.0798206926364,4876.951693357263,626.7303694104971,4917.056922111203,4917.09,6.0,25,900.0,uhs0_1247_circuit_1_fire_baseline,uhs0_1247,circuit_1,fire_baseline,data,,,,,,summer,TX
NC_GSO_urban__TX,NC_GSO_urban,TX,1687.31,6.94871,1674.9164530345877,204.1320931505756,1727.25,7.41267,1712.814779566665,222.8409598749666,1732.5,7.07418,1719.3114085241582,213.3647827516886,5107.04264112541,640.3378357772308,5147.029928240273,5147.06,6.0,26,1800.0,uhs0_1247_circuit_1_fire_baseline,uhs0_1247,circuit_1,fire_baseline,data,,,,,,summer,TX
NC_GSO_urban__TX,NC_GSO_urban,TX,1688.23,6.14637,1678.5254090871972,180.7566982124229,1726.17,6.55602,1714.8820534413103,197.08478298670005,1740.9,6.28421,1730.4392089000514,190.5595820245335,5123.846671428559,568.4010632236564,5155.277342780241,5155.3,6.0,27,2700.0,uhs0_1247_circuit_1_fire_baseline,uhs0_1247,circuit_1,fire_baseline,data,,,,,,summer,TX
NC_GSO_urban__TX,NC_GSO_urban,TX,1720.93,6.87784,1708.5457271928678,206.086299862447,1746.13,7.05329,1732.9159401417253,214.4115698900619,1780.1,6.96316,1766.9705269863764,215.8035374165277,5208.43219432097,636.3014071690367,5247.155934752125,5247.16,7.0,28,0.0,uhs0_1247_circuit_1_fire_baseline,uhs0_1247,circuit_1,fire_baseline,data,,,,,,summer,TX
NC_GSO_urban__TX,NC_GSO_urban,TX,1769.63,8.47457,1750.3080634930168,260.79114204919944,1786.97,8.24264,1768.5102624774904,256.1898366676516,1860.16,9.03177,1837.0967081034369,292.01183310872324,5355.915034073944,808.9928118255743,5416.668276884302,5416.76,7.0,29,900.0,uhs0_1247_circuit_1_fire_baseline,uhs0_1247,circuit_1,fire_baseline,data,,,,,,summer,TX
NC_GSO_urban__TX,NC_GSO_urban,TX,1932.91,8.45344,1911.910190135548,284.14871626641985,1917.64,8.14814,1898.281276265336,271.7928729390266,1962.99,8.5045,1941.4054554312504,290.30087447642904,5751.596921832133,846.2424636818755,5813.518165325299,5813.54,7.0,30,1800.0,uhs0_1247_circuit_1_fire_baseline,uhs0_1247,circuit_1,fire_baseline,data,,,,,,summer,TX
NC_GSO_urban__TX,NC_GSO_urban,TX,1983.98,7.75327,1965.8428506934208,267.65374418745773,2012.9,7.9786,1993.415089523615,279.39701297536834,2016.19,7.58515,1998.547904733467,266.1360339853833,5957.805844950502,813.1867911482094,6013.046086920031,6013.07,7.0,31,2700.0,uhs0_1247_circuit_1_fire_baseline,uhs0_1247,circuit_1,fire_baseline,data,,,,,,summer,TX
NC_GSO_urban__TX,NC_GSO_urban,TX,2060.51,8.1342,2039.7799857850423,291.5459992707381,2047.15,7.85265,2027.9532828264817,279.6937703512451,2108.61,8.09271,2087.611570102,296.8401328598654,6155.344838713524,868.0799024818486,6216.25552889922,6216.27,8.0,32,0.0,uhs0_1247_circuit_1_fire_baseline,uhs0_1247,circuit_1,fire_baseline,data,,,,,,summer,TX
NC_GSO_urban__TX,NC_GSO_urban,TX,2092.65,8.088,2071.8347165789605,294.4230454264375,2085.82,7.99059,2065.568591209774,289.950801702066,2135.26,8.29129,2112.9416697356382,307.91681976594737,6250.344977524373,892.2906668944509,6313.71483140402,6313.7300000000005,8.0,33,900.0,uhs0_1247_circuit_1_fire_baseline,uhs0_1247,circuit_1,fire_baseline,data,,,,,,summer,TX
NC_GSO_urban__TX,NC_GSO_urban,TX,2232.99,9.69818,2201.0779394353394,376.1651826406572,2214.49,9.2335,2185.796003079093,355.33335478598053,2266.12,9.74032,2233.453101177333,383.388965988009,6620.327043691765,1114.8875034146467,6713.546328931282,6713.599999999999,8.0,34,1800.0,uhs0_1247_circuit_1_fire_baseline,uhs0_1247,circuit_1,fire_baseline,data,,,,,,summer,TX
NC_GSO_urban__TX,NC_GSO_urban,TX,2112.52,9.3736,2084.312179710229,344.06901620400936,2114.06,9.22549,2086.7147157919208,338.9268040409943,2164.03,9.14752,2136.508502572682,344.03089880799433,6307.535398074831,1027.026719052998,6390.601433325019,6390.610000000001,8.0,35,2700.0,uhs0_1247_circuit_1_fire_baseline,uhs0_1247,circuit_1,fire_baseline,data,,,,,,summer,TX
NC_GSO_urban__TX,NC_GSO_urban,TX,2160.0,9.74178,2128.8535448160155,365.4895138362857,2167.32,9.81977,2135.5668304067744,369.6353544594517,2215.68,9.96097,2182.280427556884,383.2623095246144,6446.700802779674,1118.3871778203518,6542.991756075585,6543.0,9.0,36,0.0,uhs0_1247_circuit_1_fire_baseline,uhs0_1247,circuit_1,fire_baseline,data,,,,,,summer,TX
NC_GSO_urban__TX,NC_GSO_urban,TX,2168.02,9.5595,2137.9141645038844,360.04686585729127,2183.57,9.81853,2151.5868125787388,372.3602191927396,2163.9,9.52873,2134.044059782813,358.216639627042,6423.5450368654365,1090.623724677073,6515.47319459355,6515.49,9.0,37,900.0,uhs0_1247_circuit_1_fire_baseline,uhs0_1247,circuit_1,fire_baseline,data,,,,,,summer,TX
NC_GSO_urban__TX,NC_GSO_urban,TX,2321.23,10.5735,2281.8162661361307,425.9380711988165,2349.61,10.8443,2307.650846685481,442.0573739819118,2344.58,10.5915,2304.634518508998,430.9467629496685,6894.10163133061,1298.9422081303967,7015.403635086013,7015.42,9.0,38,1800.0,uhs0_1247_circuit_1_fire_baseline,uhs0_1247,circuit_1,fire_baseline,data,,,,,,summer,TX
NC_GSO_urban__TX,NC_GSO_urban,TX,2344.69,10.6676,2304.168203232717,434.0277494715179,2321.9,10.537,2282.745846704312,424.6068880202188,2363.26,10.7835,2321.527598001672,442.1622318975126,6908.441647938702,1300.7968693892494,7029.839151672453,7029.85,9.0,39,2700.0,uhs0_1247_circuit_1_fire_baseline,uhs0_1247,circuit_1,fire_baseline,data,,,,,,summer,TX
NC_GSO_urban__TX,NC_GSO_urban,TX,2347.93,10.4959,2308.644307388721,427.7110553418638,2348.69,10.4499,2309.73434630236,425.9952647755723,2319.17,10.0716,2283.431552424993,405.5734634933453,6901.8102061160735,1259.2797836107814,7015.751541685239,7015.79,10.0,40,0.0,uhs0_1247_circuit_1_fire_baseline,uhs0_1247,circuit_1,fire_baseline,data,,,,,,summer,TX
NC_GSO_urban__TX,NC_GSO_urban,TX,2438.99,11.1398,2393.036242088388,471.2215658811558,2450.89,11.03,2405.615055920507,468.91149999608086,2455.51,11.0712,2409.8112697936217,471.5283703825832,7208.462567802517,1411.66143625982,7345.38770944279,7345.389999999999,10.0,41,900.0,uhs0_1247_circuit_1_fire_baseline,uhs0_1247,circuit_1,fire_baseline,data,,,,,,summer,TX
NC_GSO_urban__TX,NC_GSO_urban,TX,2498.18,11.6821,2446.4329902946056,505.83489045161184,2420.03,11.0405,2375.2402379320383,463.442567108973,2426.89,10.983,2382.4384867326494,462.3655794228653,7204.111714959294,1431.6430369834502,7344.986547772361,7345.1,10.0,42,1800.0,uhs0_1247_circuit_1_fire_baseline,uhs0_1247,circuit_1,fire_baseline,data,,,,,,summer,TX
NC_GSO_urban__TX,NC_GSO_urban,TX,2559.79,11.9128,2504.659532013391,528.3989712276702,2511.5,11.6374,2459.873070227321,506.6129966457767,2475.4,11.2161,2428.121189675407,481.4900292314335,7392.653791916118,1516.5019971048805,7546.595814958878,7546.69,10.0,43,2700.0,uhs0_1247_circuit_1_fire_baseline,uhs0_1247,circuit_1,fire_baseline,data,,,,,,summer,TX
NC_GSO_urban__TX,NC_GSO_urban,TX,2593.11,11.486,2541.178797714841,516.3620727208314,2568.37,11.3715,2517.951283526934,506.4047696112932,2520.47,10.8978,2475.015775252365,476.5143577605315,7534.145856494141,1499.281200092656,7681.874634741126,7681.949999999999,11.0,44,0.0,uhs0_1247_circuit_1_fire_baseline,uhs0_1247,circuit_1,fire_baseline,data,,,,,,summer,TX
NC_GSO_urban__TX,NC_GSO_urban,TX,2622.27,11.4274,2570.28753239424,519.5401367735974,2590.28,11.3401,2539.7106893205755,509.33298828056377,2543.35,10.8592,2497.806530428644,479.1573426840325,7607.804752143458,1508.0304677381937,7755.826779806474,7755.9,11.0,45,900.0,uhs0_1247_circuit_1_fire_baseline,uhs0_1247,circuit_1,fire_baseline,data,,,,,,summer,TX
NC_GSO_urban__TX,NC_GSO_urban,TX,2744.92,11.9822,2685.1140815067306,569.8668052222964,2667.83,11.5251,2614.039269251205,533.0249597463747,2655.99,11.3742,2603.826567120196,523.8034826717492,7902.979917878131,1626.6952476404203,8068.657199998087,8068.74,11.0,46,1800.0,uhs0_1247_circuit_1_fire_baseline,uhs0_1247,circuit_1,fire_baseline,data,,,,,,summer,TX
NC_GSO_urban__TX,NC_GSO_urban,TX,2767.83,11.6976,2710.3457804189584,561.1672295003941,2725.39,11.5406,2670.291296643642,545.2476897422076,2691.77,11.2439,2640.10428815954,524.8572001426752,8020.74136522214,1631.2721193852767,8184.945984871815,8184.99,11.0,47,2700.0,uhs0_1247_circuit_1_fire_baseline,uhs0_1247,circuit_1,fire_baseline,data,,,,,,summer,TX
NC_GSO_urban__TX,NC_GSO_urban,TX,3152.22,13.353,3067.0017963843275,728.0047454346073,3281.48,14.1419,3182.030161155832,801.744999295034,3059.83,12.9713,2981.7511632933674,686.8184833699875,9230.783120833526,2216.568228099629,9493.18343516472,9493.53,12.0,48,0.0,uhs0_1247_circuit_1_fire_baseline,uhs0_1247,circuit_1,fire_baseline,data,,,,,,summer,TX
NC_GSO_urban__TX,NC_GSO_urban,TX,3340.14,14.0441,3240.300656750557,810.5472678764069,3508.7,14.8955,3390.794597822966,901.9355217389934,3273.53,13.9417,3177.096343246619,788.7062105936292,9808.191597820143,2501.189000209029,10122.08322601214,10122.37,12.0,49,900.0,uhs0_1247_circuit_1_fire_baseline,uhs0_1247,circuit_1,fire_baseline,data,,,,,,summer,TX
NC_GSO_urban__TX,NC_GSO_urban,TX,3961.93,16.557,3797.655352510212,1129.0275233361378,3951.11,16.5206,3787.998533113125,1123.5378699593584,3710.22,15.811,3569.8464299163184,1010.904998114914,11155.500315539655,3263.4703914104107,11623.055806698072,11623.26,12.0,50,1800.0,uhs0_1247_circuit_1_fire_baseline,uhs0_1247,circuit_1,fire_baseline,data,,,,,,summer,TX
NC_GSO_urban__TX,NC_GSO_urban,TX,3583.19,15.2246,3457.4337701834884,940.958182330538,3439.55,14.6098,3328.335734115827,867.574459921256,3377.35,14.4113,3271.078626165785,840.5579361003979,10056.8481304651,2649.090578352192,10399.89784620761,10400.09,12.0,51,2700.0,uhs0_1247_circuit_1_fire_baseline,uhs0_1247,circuit_1,fire_baseline,data,,,,,,summer,TX
NC_GSO_urban__TX,NC_GSO_urban,TX,3453.24,14.6037,3341.675797312121,870.6717884819728,3142.29,13.0474,3061.167486578768,709.3941522264115,3371.11,14.2484,3267.4071834094,829.7185847651303,9670.25046730029,2409.784525473515,9965.98241818302,9966.64,13.0,52,0.0,uhs0_1247_circuit_1_fire_baseline,uhs0_1247,circuit_1,fire_baseline,data,,,,,,summer,TX
NC_GSO_urban__TX,NC_GSO_urban,TX,3516.45,14.734,3400.818572833237,894.3453679493745,3203.33,13.2696,3117.8036375689844,735.2710836566403,3333.79,14.01,3234.621376298437,807.08135655162,9753.24358670066,2436.697808157635,10053.022265458172,10053.57,13.0,53,900.0,uhs0_1247_circuit_1_fire_baseline,uhs0_1247,circuit_1,fire_baseline,data,,,,,,summer,TX
NC_GSO_urban__TX,NC_GSO_urban,TX,3219.14,12.9695,3137.018688808472,722.4791247270603,3073.47,12.3101,3002.804798138496,655.2718406710511,3112.22,12.532,3038.071271900724,675.3045796168688,9177.894758847691,2053.0555450149805,9404.721647949007,9404.83,13.0,54,1800.0,uhs0_1247_circuit_1_fire_baseline,uhs0_1247,circuit_1,fire_baseline,data,,,,,,summer,TX
NC_GSO_urban__TX,NC_GSO_urban,TX,3250.99,13.3524,3163.109476459052,750.7825384456814,3131.58,12.8533,3053.111481918628,696.637334182314,3139.64,12.7837,3061.8156802011526,694.7115013258034,9278.036638578831,2142.131373953799,9522.115872540537,9522.21,13.0,55,2700.0,uhs0_1247_circuit_1_fire_baseline,uhs0_1247,circuit_1,fire_baseline,data,,,,,,summer,TX
NC_GSO_urban__TX,NC_GSO_urban,TX,3171.64,13.0041,3090.300009967096,713.6849010574396,3090.64,12.6962,3015.0711401264284,679.2655074245417,3079.08,12.4495,3006.6797317766072,663.7850833844856,9112.050881870133,2056.735491866467,9341.286429464277,9341.36,14.0,56,0.0,uhs0_1247_circuit_1_fire_baseline,uhs0_1247,circuit_1,fire_baseline,data,,,,,,summer,TX
NC_GSO_urban__TX,NC_GSO_urban,TX,3291.35,13.7201,3197.43453598158,780.6389758475176,3240.78,13.5596,3150.448315410924,759.8226242515252,3173.63,13.0676,3091.445613540825,717.5593323337018,9439.328464933327,2258.0209324327443,9705.64683059326,9705.76,14.0,57,900.0,uhs0_1247_circuit_1_fire_baseline,uhs0_1247,circuit_1,fire_baseline,data,,,,,,summer,TX
NC_GSO_urban__TX,NC_GSO_urban,TX,3254.03,13.571,3163.177131588986,763.5585603557046,3159.52,13.2431,3075.498421713873,723.7928491187738,3089.91,12.6046,3015.440836524691,674.2850803030356,9254.11638982755,2161.636489777514,9503.228002653232,9503.46,14.0,58,1800.0,uhs0_1247_circuit_1_fire_baseline,uhs0_1247,circuit_1,fire_baseline,data,,,,,,summer,TX
NC_GSO_urban__TX,NC_GSO_urban,TX,3359.73,14.1833,3257.314706869626,823.2172090711168,3227.72,13.7031,3135.847160433885,764.6168875971409,3163.99,13.0572,3082.185052009969,714.8202748008066,9475.34691931348,2302.654371469064,9751.12385296121,9751.44,14.0,59,2700.0,uhs0_1247_circuit_1_fire_baseline,uhs0_1247,circuit_1,fire_baseline,data,,,,,,summer,TX
NC_GSO_urban__TX,NC_GSO_urban,TX,3437.54,14.5301,3327.593621388781,862.4395297600284,3336.03,14.1725,3234.491179227281,816.8004483354022,3292.67,13.8479,3196.966977686783,788.0849398892458,9759.051778302844,2467.324917984676,10066.12059646138,10066.24,15.0,60,0.0,uhs0_1247_circuit_1_fire_baseline,uhs0_1247,circuit_1,fire_baseline,data,,,,,,summer,TX
NC_GSO_urban__TX,NC_GSO_urban,TX,3406.79,14.4785,3298.595549233591,851.7543699191364,3351.68,14.434,3245.885611915263,835.4552152937208,3281.35,13.9113,3185.105000080712,788.900475954256,9729.586161229565,2476.110061167113,10039.719513203689,10039.82,15.0,61,900.0,uhs0_1247_circuit_1_fire_baseline,uhs0_1247,circuit_1,fire_baseline,data,,,,,,summer,TX
NC_GSO_urban__TX,NC_GSO_urban,TX,3400.5,14.528,3291.7695770638966,853.02596766838,3314.57,14.3936,3210.528743551563,823.9414249382191,3268.22,13.8939,3172.5985891073938,784.7803264568838,9674.896909722853,2461.7477190634827,9983.177452398562,9983.29,15.0,62,1800.0,uhs0_1247_circuit_1_fire_baseline,uhs0_1247,circuit_1,fire_baseline,data,,,,,,summer,TX
NC_GSO_urban__TX,NC_GSO_urban,TX,3352.61,14.7699,3241.83122350598,854.7070436130294,3215.65,14.2698,3116.4336511342294,792.619846192472,3156.66,13.6761,3067.161834754268,746.3381505904894,9425.426709394476,2393.6650403959907,9724.62343640003,9724.92,15.0,63,2700.0,uhs0_1247_circuit_1_fire_baseline,uhs0_1247,circuit_1,fire_baseline,data,,,,,,summer,TX
NC_GSO_urban__TX,NC_GSO_urban,TX,3246.0,16.1202,3118.3715821284186,901.2628228069228,3152.7,15.7611,3034.1667773210083,856.3581361798613,3128.54,15.4547,3015.416498038781,833.6821186492691,9167.954857488208,2591.3030776360533,9527.132197524485,9527.24,16.0,64,0.0,uhs0_1247_circuit_1_fire_baseline,uhs0_1247,circuit_1,fire_baseline,data,,,,,,summer,TX
NC_GSO_urban__TX,NC_GSO_urban,TX,3075.29,14.257,2980.573617954632,757.3569119330964,2967.01,13.6656,2883.0173319860155,700.9703300199218,2959.56,13.4627,2878.236290168062,689.0219528865457,8741.82724010871,2147.349194839564,9001.702731177296,9001.86,16.0,65,900.0,uhs0_1247_circuit_1_fire_baseline,uhs0_1247,circuit_1,fire_baseline,data,,,,,,summer,TX
NC_GSO_urban__TX,NC_GSO_urban,TX,3066.53,14.7467,2965.52034579486,780.5737118150555,3030.85,14.6589,2932.1944145729667,766.9991118945936,3015.61,14.4201,2920.6057953587574,750.9763379873162,8818.320555726585,2298.5491616969653,9112.963605342,9112.99,16.0,66,1800.0,uhs0_1247_circuit_1_fire_baseline,uhs0_1247,circuit_1,fire_baseline,data,,,,,,summer,TX
NC_GSO_urban__TX,NC_GSO_urban,TX,2999.21,13.1806,2920.1993074372053,683.8834907667142,2984.26,13.3081,2904.1216982105034,686.9387960968171,2977.22,13.1592,2899.041964160192,677.7865581716835,8723.3629698079,2048.6088450352145,8960.68410909414,8960.69,16.0,67,2700.0,uhs0_1247_circuit_1_fire_baseline,uhs0_1247,circuit_1,fire_baseline,data,,,,,,summer,TX
NC_GSO_urban__TX,NC_GSO_urban,TX,3165.2,15.0033,3057.3012369575363,819.3901308277498,3064.9,15.1083,2958.961374315131,798.848918952209,3106.36,15.1469,2998.442161676244,811.6754601947123,9014.70477294891,2429.914509974671,9336.454716283548,9336.46,17.0,68,0.0,uhs0_1247_circuit_1_fire_baseline,uhs0_1247,circuit_1,fire_baseline,data,,,,,,summer,TX
NC_GSO_urban__TX,NC_GSO_urban,TX,2899.23,14.4259,2807.819146151652,722.2785026596102,2875.52,14.528,2783.575725404728,721.3331070577209,2911.05,14.7078,2815.664201917248,739.0853837965622,8407.059073473627,2182.696993513893,8685.781969999582,8685.8,17.0,69,900.0,uhs0_1247_circuit_1_fire_baseline,uhs0_1247,circuit_1,fire_baseline,data,,,,,,summer,TX
NC_GSO_urban__TX,NC_GSO_urban,TX,2651.62,11.8374,2595.2298397790464,543.9399811747834,2629.61,11.7965,2574.072318323374,537.587622756822,2703.99,12.4493,2640.41148432296,582.9143278007693,7809.71364242538,1664.4419317323748,7985.110776989515,7985.219999999999,17.0,70,1800.0,uhs0_1247_circuit_1_fire_baseline,uhs0_1247,circuit_1,fire_baseline,data,,,,,,summer,TX
NC_GSO_urban__TX,NC_GSO_urban,TX,2579.57,11.693,2526.0376759565484,522.7954136639311,2522.78,11.6908,2470.445836124806,511.1910593639207,2665.09,12.3243,2603.6733665513666,568.8494602362505,7600.156878632722,1602.8359332641023,7767.333365370054,7767.44,17.0,71,2700.0,uhs0_1247_circuit_1_fire_baseline,uhs0_1247,circuit_1,fire_baseline,data,,,,,,summer,TX
NC_GSO_urban__TX,NC_GSO_urban,TX,2556.42,11.1578,2508.0984174689897,494.6974274135145,2490.05,11.1868,2442.7387454620884,483.0904924735138,2620.88,11.6881,2566.5358100934136,530.9481235564776,7517.372973024492,1508.736043443506,7667.27988691848,7667.35,18.0,72,0.0,uhs0_1247_circuit_1_fire_baseline,uhs0_1247,circuit_1,fire_baseline,data,,,,,,summer,TX
NC_GSO_urban__TX,NC_GSO_urban,TX,2678.45,13.1154,2608.582665498795,607.7753530369604,2515.06,12.3886,2456.4967885651185,539.5834795184693,2673.67,13.0967,2604.125222680276,605.8408153140612,7669.204676744189,1753.199647869491,7867.04578473296,7867.18,18.0,73,900.0,uhs0_1247_circuit_1_fire_baseline,uhs0_1247,circuit_1,fire_baseline,data,,,,,,summer,TX
NC_GSO_urban__TX,NC_GSO_urban,TX,2688.21,12.404,2625.4598790350265,577.4369469278736,2585.69,11.8683,2530.415502648557,531.78018020217,2759.52,12.3477,2695.686461515761,590.1060342011692,7851.561843199344,1699.3231613312128,8033.3506449190045,8033.42,18.0,74,1800.0,uhs0_1247_circuit_1_fire_baseline,uhs0_1247,circuit_1,fire_baseline,data,,,,,,summer,TX
NC_GSO_urban__TX,NC_GSO_urban,TX,2816.27,11.5084,2759.650201846394,561.8785245488189,2649.23,10.8152,2602.173067399257,497.1065481382642,2721.42,10.9851,2671.5547978843474,518.5766850728277,8033.378067129999,1577.561757759911,8186.81038433112,8186.92,18.0,75,2700.0,uhs0_1247_circuit_1_fire_baseline,uhs0_1247,circuit_1,fire_baseline,data,,,,,,summer,TX
NC_GSO_urban__TX,NC_GSO_urban,TX,2619.23,9.67471,2581.9786383924084,440.1728112744878,2557.34,9.47695,2522.437219373538,421.0681060340402,2551.34,9.21334,2518.4251975443367,408.4976376599606,7622.841055310283,1269.7385549684886,7727.86786587979,7727.91,19.0,76,0.0,uhs0_1247_circuit_1_fire_baseline,uhs0_1247,circuit_1,fire_baseline,data,,,,,,summer,TX
NC_GSO_urban__TX,NC_GSO_urban,TX,2629.86,9.81912,2591.335295320804,448.49192503839134,2547.18,9.42243,2512.81382339154,417.0043661310861,2594.71,9.6404,2558.0680273190933,434.520369727132,7662.2171460314385,1300.0166608966094,7771.718916143773,7771.75,19.0,77,900.0,uhs0_1247_circuit_1_fire_baseline,uhs0_1247,circuit_1,fire_baseline,data,,,,,,summer,TX
NC_GSO_urban__TX,NC_GSO_urban,TX,2693.24,9.36148,2657.370737029158,438.0895611414496,2550.42,8.71256,2520.9899503953293,386.3312651155173,2695.13,9.55839,2657.713213109857,447.5334554659349,7836.073900534344,1271.954281722902,7938.634761054873,7938.79,19.0,78,1800.0,uhs0_1247_circuit_1_fire_baseline,uhs0_1247,circuit_1,fire_baseline,data,,,,,,summer,TX
NC_GSO_urban__TX,NC_GSO_urban,TX,2681.42,8.98229,2648.5367998979505,418.6478663343733,2529.69,8.47696,2502.053696032842,372.9058839283679,2644.09,9.03684,2611.2703711968024,415.3058831869776,7761.860867127594,1206.8596334497188,7855.1253519913425,7855.200000000001,19.0,79,2700.0,uhs0_1247_circuit_1_fire_baseline,uhs0_1247,circuit_1,fire_baseline,data,,,,,,summer,TX
NC_GSO_urban__TX,NC_GSO_urban,TX,2690.02,9.02681,2656.704191665666,422.0550181979624,2545.04,8.60496,2516.3915849841137,380.7912717239459,2652.72,9.05178,2619.6845173415954,417.34449559174936,7792.7802939913745,1220.1907855136576,7887.730361990877,7887.779999999999,20.0,80,0.0,uhs0_1247_circuit_1_fire_baseline,uhs0_1247,circuit_1,fire_baseline,data,,,,,,summer,TX
NC_GSO_urban__TX,NC_GSO_urban,TX,2700.44,9.09483,2666.490267857077,426.85576606565047,2618.87,8.89466,2587.376204173482,404.92524615886987,2680.56,8.99616,2647.585956217925,419.1545276358305,7901.452428248484,1250.935539860351,7999.861886355262,7999.869999999999,20.0,81,900.0,uhs0_1247_circuit_1_fire_baseline,uhs0_1247,circuit_1,fire_baseline,data,,,,,,summer,TX
NC_GSO_urban__TX,NC_GSO_urban,TX,2696.9,8.84323,2664.8410636669787,414.5982578282823,2704.88,9.1345,2670.577779393932,429.4067286470665,2794.68,9.21938,2758.578686015677,447.7498581351183,8093.997529076587,1291.754844610467,8196.427671813648,8196.460000000001,20.0,82,1800.0,uhs0_1247_circuit_1_fire_baseline,uhs0_1247,circuit_1,fire_baseline,data,,,,,,summer,TX
NC_GSO_urban__TX,NC_GSO_urban,TX,3260.97,10.8098,3203.104694658152,611.5927206555884,3367.27,11.0709,3304.6061746179494,646.595146576993,3211.28,10.6325,3156.1450453425564,592.5096549083687,9663.855914618658,1850.6975221409505,9839.471147219683,9839.52,20.0,83,2700.0,uhs0_1247_circuit_1_fire_baseline,uhs0_1247,circuit_1,fire_baseline,data,,,,,,summer,TX
NC_GSO_urban__TX,NC_GSO_urban,TX,3238.88,10.8713,3180.752822113396,610.8642558029292,3371.32,11.4193,3304.583164470005,667.479326647205,3211.89,10.6602,3156.457696377084,594.14828374899,9641.793682960484,1872.491866199124,9821.93520716557,9822.09,21.0,84,0.0,uhs0_1247_circuit_1_fire_baseline,uhs0_1247,circuit_1,fire_baseline,data,,,,,,summer,TX
NC_GSO_urban__TX,NC_GSO_urban,TX,2896.8,9.94808,2853.245755358497,500.4387070648324,2912.38,10.1968,2866.3804045138627,515.5779679339929,2900.34,9.90867,2857.076494137065,499.0851853636392,8576.702654009425,1515.1018603624643,8709.498381799385,8709.52,21.0,85,900.0,uhs0_1247_circuit_1_fire_baseline,uhs0_1247,circuit_1,fire_baseline,data,,,,,,summer,TX
NC_GSO_urban__TX,NC_GSO_urban,TX,2585.29,9.79404,2547.6109458578007,439.7759118522997,2461.49,9.63619,2426.759615386026,412.0325099205986,2529.06,9.75812,2492.469683400405,428.6482951440319,7466.840244644231,1280.4567169169302,7575.834781919178,7575.84,21.0,86,1800.0,uhs0_1247_circuit_1_fire_baseline,uhs0_1247,circuit_1,fire_baseline,data,,,,,,summer,TX
NC_GSO_urban__TX,NC_GSO_urban,TX,2613.78,10.5994,2569.181791772636,480.7814568220687,2518.16,10.3563,2477.136323727136,452.6868887781168,2564.29,10.3833,2522.297302213756,462.1682846596125,7568.615417713527,1395.636630259798,7696.216014703188,7696.23,21.0,87,2700.0,uhs0_1247_circuit_1_fire_baseline,uhs0_1247,circuit_1,fire_baseline,data,,,,,,summer,TX
NC_GSO_urban__TX,NC_GSO_urban,TX,2754.48,11.8447,2695.830374521725,565.383641615192,2598.71,11.2692,2548.6064812423315,507.83724545328687,2708.82,11.4586,2654.8291686641232,538.1336986383232,7899.26602442818,1611.354585706802,8061.93942705871,8062.01,22.0,88,0.0,uhs0_1247_circuit_1_fire_baseline,uhs0_1247,circuit_1,fire_baseline,data,,,,,,summer,TX
NC_GSO_urban__TX,NC_GSO_urban,TX,2555.4,10.7567,2510.4979918908616,476.9370951309516,2454.33,10.5334,2412.970877968098,448.6728106068636,2541.77,10.6557,2497.9398622262106,469.99061437575625,7421.40873208517,1395.6005201135713,7551.490474099221,7551.5,22.0,89,900.0,uhs0_1247_circuit_1_fire_baseline,uhs0_1247,circuit_1,fire_baseline,data,,,,,,summer,TX
NC_GSO_urban__TX,NC_GSO_urban,TX,2414.77,11.115,2369.4742954665244,465.516611973641,2288.5,10.6584,2249.017292339345,423.26524633921787,2380.61,10.6865,2339.321928395748,441.4486237681584,6957.813516201617,1330.2304820810173,7083.832441672756,7083.880000000001,22.0,90,1800.0,uhs0_1247_circuit_1_fire_baseline,uhs0_1247,circuit_1,fire_baseline,data,,,,,,summer,TX
NC_GSO_urban__TX,NC_GSO_urban,TX,2447.22,10.7614,2404.181392946503,456.9437144876934,2337.75,10.5214,2298.444880754032,426.8795996947912,2424.17,10.637,2382.5139199217424,447.4679991676884,7085.140193622277,1331.291313350173,7209.129498371045,7209.139999999999,22.0,91,2700.0,uhs0_1247_circuit_1_fire_baseline,uhs0_1247,circuit_1,fire_baseline,data,,,,,,summer,TX
NC_GSO_urban__TX,NC_GSO_urban,TX,2325.62,11.0314,2282.648278174303,445.0002500537385,2256.6,10.7543,2216.965972312427,421.0765222721576,2317.4,10.9078,2275.5314437291927,438.5195646715628,6775.145694215922,1304.596336997459,6899.606567070309,6899.619999999999,23.0,92,0.0,uhs0_1247_circuit_1_fire_baseline,uhs0_1247,circuit_1,fire_baseline,data,,,,,,summer,TX
NC_GSO_urban__TX,NC_GSO_urban,TX,2385.2,11.9338,2333.649079330193,493.2149780180444,2309.7,11.6774,2261.895498754349,467.4856604376376,2344.88,11.4449,2298.2543566137783,465.28392053217095,6893.79893469832,1425.9845589878528,7039.736906626516,7039.78,23.0,93,900.0,uhs0_1247_circuit_1_fire_baseline,uhs0_1247,circuit_1,fire_baseline,data,,,,,,summer,TX
NC_GSO_urban__TX,NC_GSO_urban,TX,2129.33,11.7934,2084.381842121752,435.1994774044796,2085.19,11.6903,2041.9371704354787,422.50435275148527,2081.07,11.1014,2042.1289338771387,400.70158762078967,6168.447946434369,1258.4054177767546,6295.501112966328,6295.59,23.0,94,1800.0,uhs0_1247_circuit_1_fire_baseline,uhs0_1247,circuit_1,fire_baseline,data,,,,,,summer,TX
NC_GSO_urban__TX,NC_GSO_urban,TX,2209.85,12.5369,2157.1592466485904,479.6884479518825,2192.0,12.1785,2142.669312267401,462.4199587685887,2148.51,11.7585,2103.424056601669,437.8383927996485,6403.25261551766,1379.9467995201196,6550.259325220612,6550.360000000001,23.0,95,2700.0,uhs0_1247_circuit_1_fire_baseline,uhs0_1247,circuit_1,fire_baseline,data,,,,,,summer,TX
NC_GSO_urban__TX,NC_GSO_urban,TX,2148.25,12.0215,2101.137833199042,447.4347644066508,2104.04,12.0414,2057.745050722272,438.9414856538325,2078.55,11.2727,2038.450427673524,406.3126338395486,6197.333311594837,1292.688883900032,6330.717552186461,6330.84,24.0,96,0.0,uhs0_1247_circuit_1_fire_baseline,uhs0_1247,circuit_1,fire_baseline,data,,,,,,summer,TX
NC_GSO_urban__TX,NC_GSO_urban,TX,,,,,,,,,,,,,,,,,,0,,uhs0_1247_circuit_1_fire_baseline,uhs0_1247,circuit_1,fire_baseline,summary,3503.0,324.0,3.0,3.0,1000.0,summer,TX
NC_GSO_urban__TX,NC_GSO_urban,TX,2666.15,14.5751,2580.349627462369,670.9333965117665,2635.68,13.9787,2557.6259048490347,636.6779352586008,2637.11,13.0767,2568.7246141935634,596.6598767607303,7706.700146504967,1904.2712085310973,7938.480710046487,7938.94,0.0,1,900.0,uhs0_1247_circuit_1_fire_mixed,uhs0_1247,circuit_1,fire_mixed,data,,,,,,summer,TX
NC_GSO_urban__TX,NC_GSO_urban,TX,2469.1,13.7732,2398.1028745941267,587.8413160567967,2525.34,13.6559,2453.9514771763206,596.2082381719957,2508.65,12.609,2448.147593583855,547.6296034087098,7300.201945354302,1731.6791576375022,7502.77689578671,7503.09,0.0,2,1800.0,uhs0_1247_circuit_1_fire_mixed,uhs0_1247,circuit_1,fire_mixed,data,,,,,,summer,TX
NC_GSO_urban__TX,NC_GSO_urban,TX,2268.07,12.4155,2215.029257685128,487.6339944044833,2404.96,12.7151,2345.9821336210584,529.3396171937131,2405.9,11.7991,2355.064778602801,491.96005791582206,6916.076169908988,1508.9336695140184,7078.770402193873,7078.93,0.0,3,2700.0,uhs0_1247_circuit_1_fire_mixed,uhs0_1247,circuit_1,fire_mixed,data,,,,,,summer,TX
NC_GSO_urban__TX,NC_GSO_urban,TX,2373.06,13.5947,2306.573379118774,557.7929816164774,2439.29,13.4538,2372.3506162025587,567.528200095238,2393.11,12.7056,2334.5100395407726,526.3443239775082,7013.434034862105,1651.6655056892237,7205.293602903756,7205.460000000001,1.0,4,0.0,uhs0_1247_circuit_1_fire_mixed,uhs0_1247,circuit_1,fire_mixed,data,,,,,,summer,TX
NC_GSO_urban__TX,NC_GSO_urban,TX,2731.31,15.5617,2631.1859494833634,732.744713622235,2823.25,15.5367,2720.0858469937502,756.2232127383365,2741.77,14.5659,2653.646825260675,689.5369893515065,8004.918621737788,2178.5049157120784,8296.059655548897,8296.33,1.0,5,900.0,uhs0_1247_circuit_1_fire_mixed,uhs0_1247,circuit_1,fire_mixed,data,,,,,,summer,TX
NC_GSO_urban__TX,NC_GSO_urban,TX,2583.35,14.8245,2497.3607931580764,660.9737447863287,2634.9,15.1324,2543.5352764440067,687.8417750361708,2556.97,13.905,2482.0393085106152,614.472498903039,7522.935378112698,1963.2880187255384,7774.8991342480385,7775.219999999999,1.0,6,1800.0,uhs0_1247_circuit_1_fire_mixed,uhs0_1247,circuit_1,fire_mixed,data,,,,,,summer,TX
NC_GSO_urban__TX,NC_GSO_urban,TX,2554.94,15.0171,2467.6850646745456,662.0036443873881,2626.34,15.4936,2530.899587075614,701.5761368094616,2518.13,14.0079,2443.246758141358,609.527666092151,7441.831409891518,1973.1074472890004,7698.961470990441,7699.410000000001,1.0,7,2700.0,uhs0_1247_circuit_1_fire_mixed,uhs0_1247,circuit_1,fire_mixed,data,,,,,,summer,TX
NC_GSO_urban__TX,NC_GSO_urban,TX,2617.32,15.4533,2522.698518453841,697.3924056016058,2651.24,15.9481,2549.1963732335907,728.4719543624904,2559.29,14.5981,2476.669794503559,645.036458732139,7548.564686190992,2070.900818696235,7827.481013869433,7827.849999999999,2.0,8,0.0,uhs0_1247_circuit_1_fire_mixed,uhs0_1247,circuit_1,fire_mixed,data,,,,,,summer,TX
NC_GSO_urban__TX,NC_GSO_urban,TX,2614.57,15.6197,2518.0140533141125,703.9755054067115,2668.49,16.0807,2564.078691375168,739.1477149635278,2547.11,14.8169,2462.4134985416176,651.3747878909902,7544.506243230898,2094.4980082612296,7829.846509399801,7830.17,2.0,9,900.0,uhs0_1247_circuit_1_fire_mixed,uhs0_1247,circuit_1,fire_mixed,data,,,,,,summer,TX
NC_GSO_urban__TX,NC_GSO_urban,TX,2610.68,15.853,2511.384655431716,713.1599924716197,2681.2,16.3108,2573.28805577396,753.0086467040546,2538.44,15.3271,2448.154042355025,670.9839182132113,7532.826753560701,2137.1525573888857,7830.127709859764,7830.32,2.0,10,1800.0,uhs0_1247_circuit_1_fire_mixed,uhs0_1247,circuit_1,fire_mixed,data,,,,,,summer,TX
NC_GSO_urban__TX,NC_GSO_urban,TX,2642.71,16.2013,2537.760996783962,737.3501660012511,2731.68,16.5326,2618.746834578324,777.3291701628139,2553.41,15.4578,2461.045552714163,680.5566953353987,7617.553384076448,2195.2360314994635,7927.558312194749,7927.799999999999,2.0,11,2700.0,uhs0_1247_circuit_1_fire_mixed,uhs0_1247,circuit_1,fire_mixed,data,,,,,,summer,TX
NC_GSO_urban__TX,NC_GSO_urban,TX,2702.86,16.4698,2591.9597707319103,766.2876264871987,2783.53,16.7256,2665.769994656127,801.0677852036447,2602.76,15.6485,2506.287621090039,702.0555376683772,7764.017386478077,2269.4109493592205,8088.893127901084,8089.150000000001,3.0,12,0.0,uhs0_1247_circuit_1_fire_mixed,uhs0_1247,circuit_1,fire_mixed,data,,,,,,summer,TX
NC_GSO_urban__TX,NC_GSO_urban,TX,2780.01,16.9645,2659.039876262473,811.1488991215199,2865.58,17.2345,2736.915835471879,849.023230508604,2625.54,15.9889,2523.971188711508,723.207943923611,7919.92690044586,2383.3800735537347,8270.776425670021,8271.130000000001,3.0,13,900.0,uhs0_1247_circuit_1_fire_mixed,uhs0_1247,circuit_1,fire_mixed,data,,,,,,summer,TX
NC_GSO_urban__TX,NC_GSO_urban,TX,2802.72,16.7711,2683.506762843894,808.7217396429265,2919.23,17.1344,2789.663779361196,860.0463888769073,2717.18,15.682,2616.037622387087,734.4483035961862,8089.208164592178,2403.21643211602,8438.645504445438,8439.13,3.0,14,1800.0,uhs0_1247_circuit_1_fire_mixed,uhs0_1247,circuit_1,fire_mixed,data,,,,,,summer,TX
NC_GSO_urban__TX,NC_GSO_urban,TX,2810.42,16.7635,2690.9867885574654,810.5866272084547,2906.82,16.9921,2779.9229455037103,849.4886282122767,2700.01,15.7533,2598.596547122189,733.0415986727081,8069.506281183364,2393.1168540934395,8416.884215634895,8417.25,3.0,15,2700.0,uhs0_1247_circuit_1_fire_mixed,uhs0_1247,circuit_1,fire_mixed,data,,,,,,summer,TX
NC_GSO_urban__TX,NC_GSO_urban,TX,2813.23,16.8696,2692.170215012374,816.3838351536793,2909.53,17.1272,2780.501996771854,856.8392304555928,2696.04,15.812,2594.024397350753,734.6217445386858,8066.69660913498,2407.844810147958,8418.39122478792,8418.8,4.0,16,0.0,uhs0_1247_circuit_1_fire_mixed,uhs0_1247,circuit_1,fire_mixed,data,,,,,,summer,TX
NC_GSO_urban__TX,NC_GSO_urban,TX,2845.24,17.2789,2716.8350225975487,845.1024302339773,2960.25,17.4568,2823.910969000466,888.0354168944215,2733.36,16.1482,2625.5167124482377,760.2097620098014,8166.262704046252,2493.3476091382,8538.420746923402,8538.85,4.0,17,900.0,uhs0_1247_circuit_1_fire_mixed,uhs0_1247,circuit_1,fire_mixed,data,,,,,,summer,TX
NC_GSO_urban__TX,NC_GSO_urban,TX,2900.87,17.4068,2768.024167871497,867.8069848643227,3056.0,17.7515,2910.497171771981,931.7414947866712,2819.18,16.4875,2703.2600393583,800.1006386752617,8381.781379001777,2599.649118326255,8775.672887237502,8776.05,4.0,18,1800.0,uhs0_1247_circuit_1_fire_mixed,uhs0_1247,circuit_1,fire_mixed,data,,,,,,summer,TX
NC_GSO_urban__TX,NC_GSO_urban,TX,2935.26,17.5842,2798.1070813995057,886.7626675847044,3053.96,17.8826,2906.4161691942054,937.7722181033516,2820.88,16.5779,2703.6236298454523,804.8498260801823,8408.146880439162,2629.384711768238,8809.687731441982,8810.1,4.0,19,2700.0,uhs0_1247_circuit_1_fire_mixed,uhs0_1247,circuit_1,fire_mixed,data,,,,,,summer,TX
NC_GSO_urban__TX,NC_GSO_urban,TX,2974.93,17.5623,2836.266779914965,897.6632208410878,3127.73,17.9027,2976.285060002174,961.468769387679,2872.67,16.6202,2752.6549998665832,821.6589198746041,8565.206839783721,2680.790910103371,8974.932206538982,8975.33,5.0,20,0.0,uhs0_1247_circuit_1_fire_mixed,uhs0_1247,circuit_1,fire_mixed,data,,,,,,summer,TX
NC_GSO_urban__TX,NC_GSO_urban,TX,3020.91,17.426,2882.2639153135906,904.6833427123388,3185.63,17.806,3033.0299613076822,974.1497578452304,2927.4,16.457,2807.472079934529,829.3197696836182,8722.765956555802,2708.152870241187,9133.49538246144,9133.94,5.0,21,900.0,uhs0_1247_circuit_1_fire_mixed,uhs0_1247,circuit_1,fire_mixed,data,,,,,,summer,TX
NC_GSO_urban__TX,NC_GSO_urban,TX,3037.84,17.5219,2896.8901270565902,914.6034426799704,3192.77,17.8422,3039.2104736380243,978.253530445424,2948.1,16.9198,2820.4857941813984,857.9938780789325,8756.586394876012,2750.8508512043272,9178.50672476189,9178.71,5.0,22,1800.0,uhs0_1247_circuit_1_fire_mixed,uhs0_1247,circuit_1,fire_mixed,data,,,,,,summer,TX
NC_GSO_urban__TX,NC_GSO_urban,TX,3091.13,17.5142,2947.8326180318745,930.2513278503538,3233.41,17.7208,3079.988077062309,984.1817277586586,3020.57,16.6661,2893.68294904414,866.2806215720237,8921.503644138324,2780.713677181036,9344.816521838997,9345.11,5.0,23,2700.0,uhs0_1247_circuit_1_fire_mixed,uhs0_1247,circuit_1,fire_mixed,data,,,,,,summer,TX
NC_GSO_urban__TX,NC_GSO_urban,TX,3151.55,17.5558,3004.7622821552472,950.616131904562,3307.89,17.8512,3148.634416817419,1014.0204935467668,3083.01,16.9803,2948.6068744458653,900.3711235210662,9102.003573418531,2865.007748972396,9542.260657317824,9542.45,6.0,24,0.0,uhs0_1247_circuit_1_fire_mixed,uhs0_1247,circuit_1,fire_mixed,data,,,,,,summer,TX
NC_GSO_urban__TX,NC_GSO_urban,TX,3180.16,16.8515,3043.601754967849,921.9034563101648,3353.48,17.2007,3203.4947662680825,991.6901698075892,3106.27,16.4914,2978.485365266708,881.7812890916013,9225.58188650264,2795.374915209355,9639.78641159374,9639.91,6.0,25,900.0,uhs0_1247_circuit_1_fire_mixed,uhs0_1247,circuit_1,fire_mixed,data,,,,,,summer,TX
NC_GSO_urban__TX,NC_GSO_urban,TX,3255.74,17.1889,3110.3244310917707,962.1459769461446,3436.31,17.5398,3276.548519067001,1035.594620640646,3202.67,16.8451,3065.248847559664,928.0865430735192,9452.121797718435,2925.82714066031,9894.598068437568,9894.72,6.0,26,1800.0,uhs0_1247_circuit_1_fire_mixed,uhs0_1247,circuit_1,fire_mixed,data,,,,,,summer,TX
NC_GSO_urban__TX,NC_GSO_urban,TX,3310.39,17.3281,3160.147423130994,985.9767827786496,3470.87,17.6926,3306.700419195517,1054.832164181671,3261.84,16.9195,3120.649922460153,949.286177635302,9587.497764786664,2990.0951245956226,10042.946890426128,10043.1,6.0,27,2700.0,uhs0_1247_circuit_1_fire_mixed,uhs0_1247,circuit_1,fire_mixed,data,,,,,,summer,TX
NC_GSO_urban__TX,NC_GSO_urban,TX,3345.37,16.7632,3203.2083002557924,964.8611413423154,3503.67,17.1435,3348.000185092136,1032.7624264674926,3326.0,17.2161,3176.979338424498,984.4177381700506,9728.187823772429,2982.0413059798584,10174.979542247942,10175.04,7.0,28,0.0,uhs0_1247_circuit_1_fire_mixed,uhs0_1247,circuit_1,fire_mixed,data,,,,,,summer,TX
NC_GSO_urban__TX,NC_GSO_urban,TX,3508.96,16.7214,3360.583972917244,1009.5918197825068,3681.09,16.9594,3521.0056225412145,1073.7518307938544,3501.98,16.974,3349.424406403637,1022.360047237587,10231.014001862097,3105.703697813948,10692.008369100422,10692.03,7.0,29,900.0,uhs0_1247_circuit_1_fire_mixed,uhs0_1247,circuit_1,fire_mixed,data,,,,,,summer,TX
NC_GSO_urban__TX,NC_GSO_urban,TX,3630.81,16.8761,3474.448304996776,1054.0352138353962,3724.91,17.0641,3560.9285290212747,1093.0427801794317,3609.9,16.8303,3455.27539748904,1045.20329960585,10490.65223150709,3192.2812936206774,10965.602769571093,10965.62,7.0,30,1800.0,uhs0_1247_circuit_1_fire_mixed,uhs0_1247,circuit_1,fire_mixed,data,,,,,,summer,TX
NC_GSO_urban__TX,NC_GSO_urban,TX,3695.58,17.1273,3531.691387474307,1088.332430849971,3848.13,17.5398,3669.2221169444256,1159.704080110901,3662.64,16.7595,3507.0641023891685,1056.1406872823588,10707.9776068079,3304.177198243231,11206.175591400037,11206.35,7.0,31,2700.0,uhs0_1247_circuit_1_fire_mixed,uhs0_1247,circuit_1,fire_mixed,data,,,,,,summer,TX
NC_GSO_urban__TX,NC_GSO_urban,TX,3734.71,17.571,3560.461834695668,1127.461887504656,3853.51,17.7537,3669.9908651105234,1175.03462506656,3692.22,17.0575,3529.802419851144,1083.043584170557,10760.255119657337,3385.540096741773,11280.291307708245,11280.44,8.0,32,0.0,uhs0_1247_circuit_1_fire_mixed,uhs0_1247,circuit_1,fire_mixed,data,,,,,,summer,TX
NC_GSO_urban__TX,NC_GSO_urban,TX,4026.71,17.9392,3830.947053060037,1240.257272000701,4164.83,18.2024,3956.4176071826687,1300.987565841797,4017.76,17.6328,3828.995247393092,1217.041828796824,11616.359907635797,3758.286666639322,12209.198834172832,12209.3,8.0,33,900.0,uhs0_1247_circuit_1_fire_mixed,uhs0_1247,circuit_1,fire_mixed,data,,,,,,summer,TX
NC_GSO_urban__TX,NC_GSO_urban,TX,4199.88,17.8825,3996.9763895695273,1289.6401651715669,4392.53,17.9485,4178.762653221252,1353.6109075148886,4132.31,17.573,3939.4676975237385,1247.6298314271808,12115.206740314516,3890.880904113636,12724.668505330834,12724.72,8.0,34,1800.0,uhs0_1247_circuit_1_fire_mixed,uhs0_1247,circuit_1,fire_mixed,data,,,,,,summer,TX
NC_GSO_urban__TX,NC_GSO_urban,TX,4115.84,17.5908,3923.380058258177,1243.8761289059548,4319.04,17.8037,4112.19966193878,1320.575806968529,4078.63,17.3019,3894.0758168419993,1213.0112157710316,11929.655537038956,3777.463151645516,12513.429150094866,12513.510000000002,8.0,35,2700.0,uhs0_1247_circuit_1_fire_mixed,uhs0_1247,circuit_1,fire_mixed,data,,,,,,summer,TX
NC_GSO_urban__TX,NC_GSO_urban,TX,4157.59,17.8081,3958.383925278432,1271.5153590096031,4349.68,17.9968,4136.866571450781,1343.8939959732938,4225.26,17.8315,4022.283512667586,1293.8537055333995,12117.534009396795,3909.263060516296,12732.51617494379,12732.53,9.0,36,0.0,uhs0_1247_circuit_1_fire_mixed,uhs0_1247,circuit_1,fire_mixed,data,,,,,,summer,TX
NC_GSO_urban__TX,NC_GSO_urban,TX,4092.47,17.3565,3906.1279346603583,1220.8502197100192,4322.7,17.7185,4117.645219577739,1315.5733106477142,4121.05,17.2901,3934.828684687789,1224.816853516543,11958.601838925886,3761.2403838742766,12536.151210289716,12536.22,9.0,37,900.0,uhs0_1247_circuit_1_fire_mixed,uhs0_1247,circuit_1,fire_mixed,data,,,,,,summer,TX
NC_GSO_urban__TX,NC_GSO_urban,TX,3973.98,16.9779,3800.7838488765015,1160.4133636422532,4214.87,17.5417,4018.869456920565,1270.3611317774985,3963.79,16.867,3793.27115430396,1150.097871498553,11612.924460101029,3580.8723669183046,12152.475526581891,12152.64,9.0,38,1800.0,uhs0_1247_circuit_1_fire_mixed,uhs0_1247,circuit_1,fire_mixed,data,,,,,,summer,TX
NC_GSO_urban__TX,NC_GSO_urban,TX,3622.75,16.137,3480.013185737753,1006.8891645019204,3759.37,16.4675,3605.163211010489,1065.6739740073122,3556.48,15.782,3422.4130997792417,967.2841179609236,10507.589496527484,3039.8472564701565,10938.469196839374,10938.6,9.0,39,2700.0,uhs0_1247_circuit_1_fire_mixed,uhs0_1247,circuit_1,fire_mixed,data,,,,,,summer,TX
NC_GSO_urban__TX,NC_GSO_urban,TX,3447.74,15.4418,3323.281453694914,917.9931846846232,3579.36,15.7309,3445.2974686166986,970.434625486626,3379.59,15.0038,3264.3752436381824,874.9187601269953,10032.954165949795,2763.346570298244,10406.548590365031,10406.69,10.0,40,0.0,uhs0_1247_circuit_1_fire_mixed,uhs0_1247,circuit_1,fire_mixed,data,,,,,,summer,TX
NC_GSO_urban__TX,NC_GSO_urban,TX,3364.07,14.4827,3257.170608561538,841.3124221256107,3507.78,14.9109,3389.663031506871,902.61013800846,3346.48,15.192,3229.530876606573,876.959923511206,9876.364516674985,2620.882483645277,10218.199501835696,10218.33,10.0,41,900.0,uhs0_1247_circuit_1_fire_mixed,uhs0_1247,circuit_1,fire_mixed,data,,,,,,summer,TX
NC_GSO_urban__TX,NC_GSO_urban,TX,3393.12,14.7736,3280.946801554189,865.2464503084294,3428.07,14.9307,3312.332065331085,883.2441417181949,3256.26,14.8985,3146.793691205605,837.2088464586387,9740.072558090878,2585.699438485263,10077.442881160776,10077.45,10.0,42,1800.0,uhs0_1247_circuit_1_fire_mixed,uhs0_1247,circuit_1,fire_mixed,data,,,,,,summer,TX
NC_GSO_urban__TX,NC_GSO_urban,TX,3436.68,15.7735,3307.267771542892,934.210527511714,3493.44,16.0901,3356.5916717259965,968.2021394831148,3262.75,15.313,3146.914292302182,861.6658281516443,9810.77373557107,2764.078495146473,10192.713633665096,10192.87,10.0,43,2700.0,uhs0_1247_circuit_1_fire_mixed,uhs0_1247,circuit_1,fire_mixed,data,,,,,,summer,TX
NC_GSO_urban__TX,NC_GSO_urban,TX,3437.62,15.1933,3317.465375209487,900.9188357927572,3497.41,15.3229,3373.083637506873,924.2204728761426,3286.0,14.4755,3181.6846674273274,821.3882620648149,9872.233680143689,2646.527570733715,10220.81728718487,10221.03,11.0,44,0.0,uhs0_1247_circuit_1_fire_mixed,uhs0_1247,circuit_1,fire_mixed,data,,,,,,summer,TX
NC_GSO_urban__TX,NC_GSO_urban,TX,3490.58,14.5085,3379.267097091219,874.4727685392403,3541.8,14.7111,3425.694744349501,899.4235701471308,3335.37,13.8345,3238.6124961498226,797.5475764380552,10043.574337590542,2571.4439151244264,10367.53149420525,10367.75,11.0,45,900.0,uhs0_1247_circuit_1_fire_mixed,uhs0_1247,circuit_1,fire_mixed,data,,,,,,summer,TX
NC_GSO_urban__TX,NC_GSO_urban,TX,3510.52,13.888,3407.8961738167145,842.6116180574519,3492.71,13.7275,3392.9419052263056,828.835551758783,3313.49,12.8953,3229.9221394533124,739.4720773425701,10030.760218496333,2410.919247158805,10316.427781809429,10316.72,11.0,46,1800.0,uhs0_1247_circuit_1_fire_mixed,uhs0_1247,circuit_1,fire_mixed,data,,,,,,summer,TX
NC_GSO_urban__TX,NC_GSO_urban,TX,3464.83,13.0818,3374.9104335548177,784.2362490875003,3540.68,13.3337,3445.2352868323387,816.559049160126,3281.19,11.9656,3209.897134501152,680.2706829059244,10030.042854888308,2281.06598115355,10286.156798400072,10286.7,11.0,47,2700.0,uhs0_1247_circuit_1_fire_mixed,uhs0_1247,circuit_1,fire_mixed,data,,,,,,summer,TX
NC_GSO_urban__TX,NC_GSO_urban,TX,3536.43,14.5418,3423.139469844956,887.9489370958204,3552.29,14.6033,3437.532030820673,895.6214497107018,3390.94,13.8469,3292.394878001883,811.5479350641976,10153.066378667512,2595.11832187072,10479.47498656959,10479.66,12.0,48,0.0,uhs0_1247_circuit_1_fire_mixed,uhs0_1247,circuit_1,fire_mixed,data,,,,,,summer,TX
NC_GSO_urban__TX,NC_GSO_urban,TX,3563.16,14.3678,3451.714228322426,884.1821484267352,3567.48,14.3564,3456.075179118552,884.5665077769272,3391.28,13.4002,3298.9526368484458,785.9335456835302,10206.742044289424,2554.6822018871926,10521.596091435207,10521.92,12.0,49,900.0,uhs0_1247_circuit_1_fire_mixed,uhs0_1247,circuit_1,fire_mixed,data,,,,,,summer,TX
NC_GSO_urban__TX,NC_GSO_urban,TX,4088.3,16.1895,3926.177634972912,1139.8798483342523,3926.48,15.4446,3784.688520163336,1045.647165990452,3778.03,14.8715,3651.4805874818,969.6392113273776,11362.346742618049,3155.166225652082,11792.285504132717,11792.81,12.0,50,1800.0,uhs0_1247_circuit_1_fire_mixed,uhs0_1247,circuit_1,fire_mixed,data,,,,,,summer,TX
NC_GSO_urban__TX,NC_GSO_urban,TX,4005.4,16.0294,3849.670578637306,1106.0133796542932,3847.6,15.2412,3712.271101396109,1011.4687487704784,3749.1,14.8172,3624.429907075591,958.7797759110392,11186.371587109006,3076.261904335812,11601.650597606682,11602.1,12.0,51,2700.0,uhs0_1247_circuit_1_fire_mixed,uhs0_1247,circuit_1,fire_mixed,data,,,,,,summer,TX
NC_GSO_urban__TX,NC_GSO_urban,TX,4050.9,16.0997,3892.026157495786,1123.3535504766942,3856.56,15.2705,3720.397020279614,1015.7268555544692,3797.51,15.0093,3667.95340145605,983.4632910520844,11280.37657923145,3122.543697083248,11704.579228210972,11704.97,13.0,52,0.0,uhs0_1247_circuit_1_fire_mixed,uhs0_1247,circuit_1,fire_mixed,data,,,,,,summer,TX
NC_GSO_urban__TX,NC_GSO_urban,TX,4119.35,16.3342,3953.083107642921,1158.524219241095,3885.68,15.3376,3747.2877987785537,1027.7855883039906,3841.61,15.3022,3705.414498406176,1013.8396259277438,11405.785404827651,3200.149433472829,11846.21868350977,11846.64,13.0,53,900.0,uhs0_1247_circuit_1_fire_mixed,uhs0_1247,circuit_1,fire_mixed,data,,,,,,summer,TX
NC_GSO_urban__TX,NC_GSO_urban,TX,3734.7,14.637,3613.494753651501,943.7371219429058,3696.88,14.3392,3581.7093063844763,915.5764189617564,3592.16,13.9974,3485.4969274854684,868.8639905585678,10680.700987521446,2728.17753146323,11023.625820392415,11023.74,13.0,54,1800.0,uhs0_1247_circuit_1_fire_mixed,uhs0_1247,circuit_1,fire_mixed,data,,,,,,summer,TX
NC_GSO_urban__TX,NC_GSO_urban,TX,3688.95,14.532,3570.931823472618,925.6338447844936,3663.18,14.2957,3549.746941594746,904.5354404547926,3518.23,13.846,3415.998891096073,841.9583771959274,10536.677656163436,2672.1276624352136,10870.22733314466,10870.36,13.0,55,2700.0,uhs0_1247_circuit_1_fire_mixed,uhs0_1247,circuit_1,fire_mixed,data,,,,,,summer,TX
NC_GSO_urban__TX,NC_GSO_urban,TX,3569.0,13.9829,3463.2429814436828,862.3856744410059,3611.65,14.0287,3503.930456914861,875.4924760410078,3458.06,13.5497,3361.812014539214,810.1845113921844,10328.98545289776,2548.062661874198,10638.6354301203,10638.71,14.0,56,0.0,uhs0_1247_circuit_1_fire_mixed,uhs0_1247,circuit_1,fire_mixed,data,,,,,,summer,TX
NC_GSO_urban__TX,NC_GSO_urban,TX,3618.48,13.7848,3514.258824919936,862.1962780436681,3675.64,13.8566,3568.6721470426983,880.2888824253421,3477.25,13.0728,3387.131695978492,786.5153759449757,10470.062667941123,2529.000536413986,10771.167809657254,10771.37,14.0,57,900.0,uhs0_1247_circuit_1_fire_mixed,uhs0_1247,circuit_1,fire_mixed,data,,,,,,summer,TX
NC_GSO_urban__TX,NC_GSO_urban,TX,3567.13,13.4291,3469.597710318251,828.4371825638647,3565.13,13.4796,3466.9212794784185,831.0287352430873,3368.44,12.2383,3291.8902254625086,714.0355573109762,10228.409215259178,2373.501475117928,10500.184013967844,10500.7,14.0,58,1800.0,uhs0_1247_circuit_1_fire_mixed,uhs0_1247,circuit_1,fire_mixed,data,,,,,,summer,TX
NC_GSO_urban__TX,NC_GSO_urban,TX,3659.98,14.3796,3545.318847498432,908.9377701319212,3563.31,14.1569,3455.0908672999803,871.5074611271381,3380.96,12.9074,3295.531093948812,755.2253507507185,10295.940808747224,2535.6705820097777,10603.58535768427,10604.25,14.0,59,2700.0,uhs0_1247_circuit_1_fire_mixed,uhs0_1247,circuit_1,fire_mixed,data,,,,,,summer,TX
NC_GSO_urban__TX,NC_GSO_urban,TX,3543.91,14.2795,3434.41751177082,874.1135183383944,3504.53,14.2297,3397.004225842346,861.4480892713411,3304.15,12.8753,3221.074899508631,736.2633457231627,10052.496637121796,2471.824953332898,10351.93736646741,10352.59,15.0,60,0.0,uhs0_1247_circuit_1_fire_mixed,uhs0_1247,circuit_1,fire_mixed,data,,,,,,summer,TX
NC_GSO_urban__TX,NC_GSO_urban,TX,3381.77,13.0541,3294.3756837793144,763.8436927955701,3388.4,13.2845,3297.7300470387254,778.6084361590018,3194.66,12.1456,3123.1510434864385,672.1458734304401,9715.256774304478,2214.598002385012,9964.46980540544,9964.83,15.0,61,900.0,uhs0_1247_circuit_1_fire_mixed,uhs0_1247,circuit_1,fire_mixed,data,,,,,,summer,TX
NC_GSO_urban__TX,NC_GSO_urban,TX,3442.16,13.5137,3346.860611084519,804.3565848371975,3379.26,13.3922,3287.369196546678,782.6888993693799,3214.18,12.218,3141.377075806596,680.2228605367508,9775.606883437791,2267.2683447433283,10035.088225152356,10035.6,15.0,62,1800.0,uhs0_1247_circuit_1_fire_mixed,uhs0_1247,circuit_1,fire_mixed,data,,,,,,summer,TX
NC_GSO_urban__TX,NC_GSO_urban,TX,3468.36,14.6422,3355.718945063244,876.7391010691994,3364.54,14.1794,3262.034190002126,824.1737406986318,3213.86,13.0693,3130.612254973373,726.7482429359798,9748.365390038743,2427.661084703811,10046.10203610786,10046.76,15.0,63,2700.0,uhs0_1247_circuit_1_fire_mixed,uhs0_1247,circuit_1,fire_mixed,data,,,,,,summer,TX
NC_GSO_urban__TX,NC_GSO_urban,TX,3303.51,15.4473,3184.1735037574404,879.8962541510605,3282.42,15.352,3165.295171969888,869.015264943096,3165.77,14.5538,3064.187120484245,795.5230880109452,9413.655796211571,2544.434607105102,9751.464655085503,9751.7,16.0,64,0.0,uhs0_1247_circuit_1_fire_mixed,uhs0_1247,circuit_1,fire_mixed,data,,,,,,summer,TX
NC_GSO_urban__TX,NC_GSO_urban,TX,3223.68,14.6834,3118.398583133517,817.1309681506837,3181.29,14.4439,3080.7368379256413,793.5153429820491,3061.67,13.5864,2975.9946382518133,719.2211773831884,9175.130059310972,2329.867488515921,9466.324213722834,9466.64,16.0,65,900.0,uhs0_1247_circuit_1_fire_mixed,uhs0_1247,circuit_1,fire_mixed,data,,,,,,summer,TX
NC_GSO_urban__TX,NC_GSO_urban,TX,3254.98,15.8354,3131.4521499529915,888.2016848412235,3267.48,15.9801,3141.215987389202,899.548592890056,3127.29,14.9972,3020.7697285424506,809.2545898674705,9293.437865884644,2597.00486759875,9649.477791538262,9649.75,16.0,66,1800.0,uhs0_1247_circuit_1_fire_mixed,uhs0_1247,circuit_1,fire_mixed,data,,,,,,summer,TX
NC_GSO_urban__TX,NC_GSO_urban,TX,3200.09,13.7665,3108.1628735447885,761.5113653897781,3235.25,13.8196,3141.5980033577844,772.7901059138787,3096.15,13.0727,3015.90971332534,700.3095198338135,9265.670590227914,2234.6109911374706,9531.324030182106,9531.49,16.0,67,2700.0,uhs0_1247_circuit_1_fire_mixed,uhs0_1247,circuit_1,fire_mixed,data,,,,,,summer,TX
NC_GSO_urban__TX,NC_GSO_urban,TX,3355.45,14.7432,3244.9756637281785,853.9189916566255,3313.71,14.8318,3203.302032579322,848.2511728097916,3224.73,14.808,3117.62933923986,824.1789101953755,9565.90703554736,2526.3490746617927,9893.887863715609,9893.89,17.0,68,0.0,uhs0_1247_circuit_1_fire_mixed,uhs0_1247,circuit_1,fire_mixed,data,,,,,,summer,TX
NC_GSO_urban__TX,NC_GSO_urban,TX,3125.6,14.4154,3027.194494456036,778.1187908893254,3139.02,14.5726,3038.0364850710257,789.797996817722,3042.87,14.4905,2946.0736934424567,761.3853358886822,9011.304672969518,2329.3021235957294,9307.484101091435,9307.49,17.0,69,900.0,uhs0_1247_circuit_1_fire_mixed,uhs0_1247,circuit_1,fire_mixed,data,,,,,,summer,TX
NC_GSO_urban__TX,NC_GSO_urban,TX,2837.91,12.4801,2770.853371266055,613.2738075635835,2846.01,12.7136,2776.232473741586,626.3434934943245,2760.3,12.3024,2696.9142654977954,588.1407438313444,8244.000110505436,1827.7580448892527,8444.183636839682,8444.220000000001,17.0,70,1800.0,uhs0_1247_circuit_1_fire_mixed,uhs0_1247,circuit_1,fire_mixed,data,,,,,,summer,TX
NC_GSO_urban__TX,NC_GSO_urban,TX,2777.71,12.6108,2710.699483900024,606.4496286453992,2781.89,12.7815,2712.957098027226,615.4476065139019,2681.95,11.9897,2623.4431561188776,557.1371546693161,8047.099738046128,1779.0343898286171,8241.406284988923,8241.55,17.0,71,2700.0,uhs0_1247_circuit_1_fire_mixed,uhs0_1247,circuit_1,fire_mixed,data,,,,,,summer,TX
NC_GSO_urban__TX,NC_GSO_urban,TX,2812.58,12.7013,2743.7549173280186,618.3972914222027,2770.55,12.6402,2703.401475066167,606.2736734430025,2723.17,12.0955,2662.7148012778675,570.6178545714869,8109.871193672054,1795.288819436692,8306.206879385209,8306.3,18.0,72,0.0,uhs0_1247_circuit_1_fire_mixed,uhs0_1247,circuit_1,fire_mixed,data,,,,,,summer,TX
NC_GSO_urban__TX,NC_GSO_urban,TX,2948.69,14.238,2858.1134458881047,725.2311676518218,2865.03,13.9295,2780.7771064277413,689.6923845217955,2810.98,13.3872,2734.59900269887,650.8278227291328,8373.489555014716,2065.7513749027503,8624.53802072048,8624.7,18.0,73,900.0,uhs0_1247_circuit_1_fire_mixed,uhs0_1247,circuit_1,fire_mixed,data,,,,,,summer,TX
NC_GSO_urban__TX,NC_GSO_urban,TX,2953.1,13.686,2869.2525179173454,698.7056593623474,2910.19,13.6588,2827.887421085289,687.2107171512922,2865.6,12.9319,2792.91906041784,641.300617460119,8490.058999420475,2027.2169939737587,8728.729034303711,8728.89,18.0,74,1800.0,uhs0_1247_circuit_1_fire_mixed,uhs0_1247,circuit_1,fire_mixed,data,,,,,,summer,TX
NC_GSO_urban__TX,NC_GSO_urban,TX,3210.67,13.4844,3122.162888352957,748.6659785855904,3101.42,12.9827,3022.1413237227675,696.7552194617549,3025.69,12.5623,2953.2552432678804,658.0907568191291,9097.559455343606,2103.5119548664743,9337.57734039071,9337.78,18.0,75,2700.0,uhs0_1247_circuit_1_fire_mixed,uhs0_1247,circuit_1,fire_mixed,data,,,,,,summer,TX
NC_GSO_urban__TX,NC_GSO_urban,TX,3109.66,12.616,3034.579768182042,679.198753046724,3101.1,12.5517,3026.98466701393,673.9325156590727,2977.4,11.646,2916.105749577374,601.030795618479,8977.670184773346,1954.162064324276,9187.88938332479,9188.16,19.0,76,0.0,uhs0_1247_circuit_1_fire_mixed,uhs0_1247,circuit_1,fire_mixed,data,,,,,,summer,TX
NC_GSO_urban__TX,NC_GSO_urban,TX,3253.4,12.4938,3176.357608914472,703.8209291369109,3191.81,12.4415,3116.855087913088,687.6521192073058,3066.41,11.7142,3002.5444144244257,622.5731503274791,9295.757111251984,2014.046198671696,9511.439552548063,9511.62,19.0,77,900.0,uhs0_1247_circuit_1_fire_mixed,uhs0_1247,circuit_1,fire_mixed,data,,,,,,summer,TX
NC_GSO_urban__TX,NC_GSO_urban,TX,3226.29,11.7746,3158.402239533329,658.3634690737723,3186.11,11.6679,3120.2730789349403,644.3545956799468,3151.19,11.3718,3089.3269075546973,621.3353960290134,9368.002226022969,1924.0534607827328,9563.547847254244,9563.59,19.0,78,1800.0,uhs0_1247_circuit_1_fire_mixed,uhs0_1247,circuit_1,fire_mixed,data,,,,,,summer,TX
NC_GSO_urban__TX,NC_GSO_urban,TX,3181.9,11.4022,3119.100699208903,629.0456566852138,3161.54,11.5126,3097.9324633925767,630.9909855603331,3097.36,10.8501,3041.988579335616,583.0475562007617,9259.021741937097,1843.0841984463088,9440.680218089496,9440.8,19.0,79,2700.0,uhs0_1247_circuit_1_fire_mixed,uhs0_1247,circuit_1,fire_mixed,data,,,,,,summer,TX
NC_GSO_urban__TX,NC_GSO_urban,TX,3284.07,11.7004,3215.831606268812,665.9901238175792,3248.77,11.8376,3179.678339301889,666.4474258892291,3167.52,11.2483,3106.6753250350466,617.8603201520441,9502.185270605749,1950.297869858852,9700.26735188741,9700.36,20.0,80,0.0,uhs0_1247_circuit_1_fire_mixed,uhs0_1247,circuit_1,fire_mixed,data,,,,,,summer,TX
NC_GSO_urban__TX,NC_GSO_urban,TX,3333.06,11.8277,3262.293834919869,683.1748665194101,3330.44,12.1435,3255.9174375720045,700.5942001719335,3177.7,11.2733,3116.3890225782948,621.2058837080496,9634.600295070168,2004.974950399393,9841.00845429447,9841.2,20.0,81,900.0,uhs0_1247_circuit_1_fire_mixed,uhs0_1247,circuit_1,fire_mixed,data,,,,,,summer,TX
NC_GSO_urban__TX,NC_GSO_urban,TX,3315.31,11.3147,3250.874807345137,650.4562883612685,3418.72,12.1121,3342.615691835828,717.3330991198503,3215.91,11.078,3155.986388547542,617.9215511718653,9749.476887728508,1985.710938652984,9949.640572213577,9949.94,20.0,82,1800.0,uhs0_1247_circuit_1_fire_mixed,uhs0_1247,circuit_1,fire_mixed,data,,,,,,summer,TX
NC_GSO_urban__TX,NC_GSO_urban,TX,3551.45,12.4815,3467.514467897293,767.5548953807479,3524.63,12.9203,3435.393541323833,788.0912720811571,3368.22,12.0471,3294.0395232609776,703.0004179192139,10196.947532482103,2258.6465853811187,10444.099931437206,10444.3,20.0,83,2700.0,uhs0_1247_circuit_1_fire_mixed,uhs0_1247,circuit_1,fire_mixed,data,,,,,,summer,TX
NC_GSO_urban__TX,NC_GSO_urban,TX,3820.7,13.2532,3718.941218353745,875.9136398239057,4072.51,14.3559,3945.342977143126,1009.7556599531464,3650.29,12.7973,3559.616042431904,808.5485233190558,11223.900237928776,2694.217823096108,11542.735647551945,11543.5,21.0,84,0.0,uhs0_1247_circuit_1_fire_mixed,uhs0_1247,circuit_1,fire_mixed,data,,,,,,summer,TX
NC_GSO_urban__TX,NC_GSO_urban,TX,3414.75,12.563,3332.992106356173,742.7524361908492,3542.53,13.2054,3448.85621469682,809.2648585272473,3267.05,11.9919,3195.7531148647377,678.8061073180821,9977.60143591773,2230.8234020361783,10223.947548041306,10224.330000000002,21.0,85,900.0,uhs0_1247_circuit_1_fire_mixed,uhs0_1247,circuit_1,fire_mixed,data,,,,,,summer,TX
NC_GSO_urban__TX,NC_GSO_urban,TX,3275.39,13.0973,3190.186123353264,742.2210927104363,3317.89,13.534,3225.756242307366,776.4603771700531,3085.75,12.5363,3012.181661915829,669.7870543075572,9428.124027576458,2188.4685241880466,9678.7869674214,9679.03,21.0,86,1800.0,uhs0_1247_circuit_1_fire_mixed,uhs0_1247,circuit_1,fire_mixed,data,,,,,,summer,TX
NC_GSO_urban__TX,NC_GSO_urban,TX,3182.83,12.9162,3102.298139564361,711.4443493032348,3248.82,13.3163,3161.4702334761355,748.2896198961679,3044.72,12.6406,2970.9218934563105,666.2904632230359,9234.690266496807,2126.0244324224386,9476.25897732792,9476.37,21.0,87,2700.0,uhs0_1247_circuit_1_fire_mixed,uhs0_1247,circuit_1,fire_mixed,data,,,,,,summer,TX
NC_GSO_urban__TX,NC_GSO_urban,TX,3409.84,14.1926,3305.761536638104,836.0319901080843,3456.8,14.2664,3350.1937141450185,851.8616775646201,3211.07,13.6033,3120.9913167446,755.237542568434,9776.946567527722,2443.1312102411384,10077.577798992495,10077.71,22.0,88,0.0,uhs0_1247_circuit_1_fire_mixed,uhs0_1247,circuit_1,fire_mixed,data,,,,,,summer,TX
NC_GSO_urban__TX,NC_GSO_urban,TX,3334.34,13.9566,3235.9059391426367,804.1989732780131,3446.46,14.2412,3340.5458200227654,847.8444172891808,3220.7,13.565,3130.8568322795763,755.4098131268187,9707.308591444978,2407.4532036940127,10001.383455178491,10001.5,22.0,89,900.0,uhs0_1247_circuit_1_fire_mixed,uhs0_1247,circuit_1,fire_mixed,data,,,,,,summer,TX
NC_GSO_urban__TX,NC_GSO_urban,TX,3310.14,13.9553,3212.4384681089714,798.2893637107304,3413.0,14.0275,3311.2226346745388,827.2687976824737,3219.54,13.2694,3133.583423014646,738.9808810840868,9657.244525798156,2364.539042477291,9942.50555516354,9942.68,22.0,90,1800.0,uhs0_1247_circuit_1_fire_mixed,uhs0_1247,circuit_1,fire_mixed,data,,,,,,summer,TX
NC_GSO_urban__TX,NC_GSO_urban,TX,3291.5,13.5676,3199.646791740958,772.1610311986676,3347.96,13.655,3253.329350062137,790.3697246379531,3190.43,13.0981,3107.42612298336,723.012085030815,9560.402264786457,2285.542840867436,9829.801500639487,9829.89,22.0,91,2700.0,uhs0_1247_circuit_1_fire_mixed,uhs0_1247,circuit_1,fire_mixed,data,,,,,,summer,TX
NC_GSO_urban__TX,NC_GSO_urban,TX,3314.18,15.6127,3191.896485868264,891.9562186014675,3440.33,15.8258,3309.9252875377724,938.2244400024952,3318.88,15.2755,3201.624513507349,874.394035266042,9703.446286913386,2704.574693870005,10073.3109808908,10073.39,23.0,92,0.0,uhs0_1247_circuit_1_fire_mixed,uhs0_1247,circuit_1,fire_mixed,data,,,,,,summer,TX
NC_GSO_urban__TX,NC_GSO_urban,TX,3108.4,15.8121,2990.779606851731,846.9875460948673,3210.54,16.0004,3086.162947122724,884.9663018481464,3092.46,15.0323,2986.635294581834,802.0713613875533,9063.57784855629,2534.025209330567,9411.149089158193,9411.4,23.0,93,900.0,uhs0_1247_circuit_1_fire_mixed,uhs0_1247,circuit_1,fire_mixed,data,,,,,,summer,TX
NC_GSO_urban__TX,NC_GSO_urban,TX,3001.83,14.8024,2902.2073302265844,766.9263075935528,3138.05,15.0215,3030.818555997236,813.3244636200428,3023.66,13.772,2936.73199249096,719.8090023610944,8869.757878714781,2300.05977357469,9163.126092608318,9163.54,23.0,94,1800.0,uhs0_1247_circuit_1_fire_mixed,uhs0_1247,circuit_1,fire_mixed,data,,,,,,summer,TX
NC_GSO_urban__TX,NC_GSO_urban,TX,3036.35,15.8353,2921.1206958132952,828.5379912781614,3221.13,16.3749,3090.473139737768,908.1047568752116,3017.73,14.6442,2919.69731267916,762.9298494842695,8931.291148230222,2499.5725976376425,9274.471669336022,9275.21,23.0,95,2700.0,uhs0_1247_circuit_1_fire_mixed,uhs0_1247,circuit_1,fire_mixed,data,,,,,,summer,TX
NC_GSO_urban__TX,NC_GSO_urban,TX,2666.61,14.4164,2582.6436188599,663.8982076058337,2764.15,15.0285,2669.607681713267,716.7426652833763,2673.3,13.546,2598.9346353933856,626.1562512285967,7851.185935966552,2006.7971241178063,8103.601378306221,8104.06,24.0,96,0.0,uhs0_1247_circuit_1_fire_mixed,uhs0_1247,circuit_1,fire_mixed,data,,,,,,summer,TX
NC_GSO_urban__TX,NC_GSO_urban,TX,,,,,,,,,,,,,,,,,,0,,uhs0_1247_circuit_1_fire_mixed,uhs0_1247,circuit_1,fire_mixed,summary,3827.0,648.0,6.0,6.0,1000.0,summer,TX
NC_GSO_urban__TX,NC_GSO_urban,TX,2312.43,8.95881,2284.2196172098697,360.1017151494782,2379.73,9.44152,2347.4930986157124,390.37293048007547,2338.61,8.5093,2312.866250340604,346.04398583907835,6944.578966166187,1096.518631468632,7030.613780209781,7030.77,0.0,1,900.0,uhs0_1247_circuit_1_fire_stress,uhs0_1247,circuit_1,fire_stress,data,,,,,,summer,TX
NC_GSO_urban__TX,NC_GSO_urban,TX,2374.11,8.00601,2350.9706533884782,330.6588559318389,2429.78,8.41698,2403.608831860492,355.6619628274059,2466.86,7.66986,2444.790347997935,329.2391439913204,7199.369833246906,1015.5599627505652,7270.645640780983,7270.75,0.0,2,1800.0,uhs0_1247_circuit_1_fire_stress,uhs0_1247,circuit_1,fire_stress,data,,,,,,summer,TX
NC_GSO_urban__TX,NC_GSO_urban,TX,2595.87,10.7557,2550.265332064401,484.4458617538714,2528.21,10.3359,2487.1842613573463,453.6080402245001,2573.39,10.173,2532.933601751315,454.51453356202927,7570.383195173062,1392.5684355404007,7697.39881839457,7697.469999999999,0.0,3,2700.0,uhs0_1247_circuit_1_fire_stress,uhs0_1247,circuit_1,fire_stress,data,,,,,,summer,TX
NC_GSO_urban__TX,NC_GSO_urban,TX,2401.83,9.63312,2367.962926817425,401.91905418660536,2396.77,10.0211,2360.204248398918,417.06395041971393,2497.97,9.52422,2463.537343793943,413.3253883233917,7191.704519010285,1232.308392929711,7296.519571962921,7296.57,1.0,4,0.0,uhs0_1247_circuit_1_fire_stress,uhs0_1247,circuit_1,fire_stress,data,,,,,,summer,TX
NC_GSO_urban__TX,NC_GSO_urban,TX,3111.37,13.8825,3020.486290450902,746.5158043190708,3125.54,14.0115,3032.5462768837515,756.7452478598705,3181.34,13.19,3097.4122511870155,725.9211677562415,9150.444818521668,2229.1822199351827,9418.062101434944,9418.25,1.0,5,900.0,uhs0_1247_circuit_1_fire_stress,uhs0_1247,circuit_1,fire_stress,data,,,,,,summer,TX
NC_GSO_urban__TX,NC_GSO_urban,TX,3051.93,14.4495,2955.3911886307083,761.5376859118459,3031.24,14.6764,2932.3372864134344,767.9934741321014,3175.39,13.7744,3084.068199253001,756.058856476366,8971.796674297144,2285.5900165203134,9258.350678633136,9258.56,1.0,6,1800.0,uhs0_1247_circuit_1_fire_stress,uhs0_1247,circuit_1,fire_stress,data,,,,,,summer,TX
NC_GSO_urban__TX,NC_GSO_urban,TX,2874.51,14.8955,2777.9157463984084,738.912610537793,2924.51,15.0932,2823.624761792544,761.5129314016951,2942.92,14.125,2853.942655660547,718.1848262120442,8455.483163851499,2218.6103681515324,8741.706212167373,8741.94,1.0,7,2700.0,uhs0_1247_circuit_1_fire_stress,uhs0_1247,circuit_1,fire_stress,data,,,,,,summer,TX
NC_GSO_urban__TX,NC_GSO_urban,TX,3084.42,14.9951,2979.3891983158046,798.0518412729252,3111.02,15.0455,3004.374194307733,807.5773281722054,3129.56,14.1005,3035.2660107758134,762.4342840068766,9019.02940339935,2368.063453452008,9324.731411625597,9325.0,2.0,8,0.0,uhs0_1247_circuit_1_fire_stress,uhs0_1247,circuit_1,fire_stress,data,,,,,,summer,TX
NC_GSO_urban__TX,NC_GSO_urban,TX,3110.87,15.6319,2995.80729850101,838.2426779567354,3122.23,15.4121,3009.9524277279247,829.7629515197543,3183.84,14.4753,3082.770553907892,795.840975043651,9088.530280136829,2463.8466045201408,9416.577018405862,9416.94,2.0,9,900.0,uhs0_1247_circuit_1_fire_stress,uhs0_1247,circuit_1,fire_stress,data,,,,,,summer,TX
NC_GSO_urban__TX,NC_GSO_urban,TX,2866.69,16.0775,2754.567967062382,793.89348840623,2920.93,15.8869,2809.361929697516,799.5733942961411,2940.49,14.9354,2841.1515035810294,757.8519471501376,8405.081400340927,2351.3188298525088,8727.777127423453,8728.11,2.0,10,1800.0,uhs0_1247_circuit_1_fire_stress,uhs0_1247,circuit_1,fire_stress,data,,,,,,summer,TX
NC_GSO_urban__TX,NC_GSO_urban,TX,2929.9,15.1504,2828.0657752274938,765.7401523930397,3030.44,15.143,2925.213585079448,791.6388540658202,3045.78,14.0714,2954.386797358426,740.5230988930875,8707.666157665368,2297.902105351948,9005.765042412091,9006.12,2.0,11,2700.0,uhs0_1247_circuit_1_fire_stress,uhs0_1247,circuit_1,fire_stress,data,,,,,,summer,TX
NC_GSO_urban__TX,NC_GSO_urban,TX,2898.78,14.8512,2801.945483293613,742.9851930223925,2993.85,14.868,2893.6145207491195,768.2010334605404,2986.92,13.5421,2903.87802678104,699.4165368206965,8599.438030823772,2210.602763303629,8879.025792456281,8879.55,3.0,12,0.0,uhs0_1247_circuit_1_fire_stress,uhs0_1247,circuit_1,fire_stress,data,,,,,,summer,TX
NC_GSO_urban__TX,NC_GSO_urban,TX,2859.37,15.8207,2751.0558076144857,779.5439309561764,2936.5,15.6693,2827.3696767691868,793.1033733922112,2848.53,14.2325,2761.097356172364,700.3317432745602,8339.522840556036,2272.979047622948,8643.730384451423,8644.4,3.0,13,900.0,uhs0_1247_circuit_1_fire_stress,uhs0_1247,circuit_1,fire_stress,data,,,,,,summer,TX
NC_GSO_urban__TX,NC_GSO_urban,TX,3059.76,15.2819,2951.569117075016,806.4558293725789,3131.76,15.1609,3022.759700362231,819.0509700049421,3143.26,13.843,3051.963978993548,752.0633607122967,9026.292796430796,2377.570160089818,9334.17385273319,9334.78,3.0,14,1800.0,uhs0_1247_circuit_1_fire_stress,uhs0_1247,circuit_1,fire_stress,data,,,,,,summer,TX
NC_GSO_urban__TX,NC_GSO_urban,TX,3065.9,15.4233,2955.488764283623,815.3704521217736,3135.47,15.2067,3025.684114880285,822.4401241799329,3143.68,14.081,3049.221054057908,764.8365223300871,9030.393933221816,2402.6470986317936,9344.55604454985,9345.05,3.0,15,2700.0,uhs0_1247_circuit_1_fire_stress,uhs0_1247,circuit_1,fire_stress,data,,,,,,summer,TX
NC_GSO_urban__TX,NC_GSO_urban,TX,2929.49,15.9327,2816.9530504522986,804.1686214019346,3011.85,15.749,2898.785072199854,817.4873257068193,3032.68,14.5736,2935.104166885074,763.0933834950197,8650.842289537226,2384.7493306037736,8973.522256520057,8974.02,4.0,16,0.0,uhs0_1247_circuit_1_fire_stress,uhs0_1247,circuit_1,fire_stress,data,,,,,,summer,TX
NC_GSO_urban__TX,NC_GSO_urban,TX,3073.23,15.6095,2959.883023465006,826.943238864468,3165.39,15.4566,3050.906081839416,843.6029468270372,3195.83,14.2905,3096.94038431402,788.8533735143246,9107.729489618445,2459.39955920583,9433.948412403328,9434.45,4.0,17,900.0,uhs0_1247_circuit_1_fire_stress,uhs0_1247,circuit_1,fire_stress,data,,,,,,summer,TX
NC_GSO_urban__TX,NC_GSO_urban,TX,3108.27,15.6999,2992.307342655595,841.0940256531425,3217.0,15.6911,3097.11453276207,870.0405570742,3199.71,14.5106,3097.643417925626,801.7164957028406,9187.065293343292,2512.8510784301834,9524.52567042163,9524.98,4.0,18,1800.0,uhs0_1247_circuit_1_fire_stress,uhs0_1247,circuit_1,fire_stress,data,,,,,,summer,TX
NC_GSO_urban__TX,NC_GSO_urban,TX,2967.34,16.2365,2848.9899019315244,829.6765721003605,3060.96,16.0808,2941.1908466322056,847.8635062832521,3074.13,14.8212,2971.8500212835447,786.3731352843866,8762.030769847275,2463.913213667999,9101.87077123369,9102.43,4.0,19,2700.0,uhs0_1247_circuit_1_fire_stress,uhs0_1247,circuit_1,fire_stress,data,,,,,,summer,TX
NC_GSO_urban__TX,NC_GSO_urban,TX,3199.69,15.9906,3075.884088708692,881.4494704341806,3300.77,15.939,3173.870605561402,906.4369652950496,3329.18,14.7765,3219.077621924393,849.1046675325695,9468.832316194486,2636.9911032618,9829.166165595683,9829.64,5.0,20,0.0,uhs0_1247_circuit_1_fire_stress,uhs0_1247,circuit_1,fire_stress,data,,,,,,summer,TX
NC_GSO_urban__TX,NC_GSO_urban,TX,3242.95,15.9337,3118.3558836194384,890.2703441067944,3354.35,15.896,3226.081108993794,918.7298845108796,3361.34,14.7473,3250.610521499617,855.6505321192693,9595.047514112848,2664.650760736943,9958.177567947818,9958.64,5.0,21,900.0,uhs0_1247_circuit_1_fire_stress,uhs0_1247,circuit_1,fire_stress,data,,,,,,summer,TX
NC_GSO_urban__TX,NC_GSO_urban,TX,3134.18,16.5716,3003.998902891537,893.909874554722,3240.18,16.3961,3108.412217813244,914.6255608440812,3205.25,15.1842,3093.350746698938,839.5288681142074,9205.761867403718,2648.0643035130106,9579.055074217093,9579.61,5.0,22,1800.0,uhs0_1247_circuit_1_fire_stress,uhs0_1247,circuit_1,fire_stress,data,,,,,,summer,TX
NC_GSO_urban__TX,NC_GSO_urban,TX,3339.85,16.4332,3203.417831994747,944.8344914100428,3451.35,16.2868,3312.847074176711,967.9158463517394,3459.81,15.214,3338.551965683011,907.940531386335,9854.81687185447,2820.690869148117,10250.546939411724,10251.01,5.0,23,2700.0,uhs0_1247_circuit_1_fire_stress,uhs0_1247,circuit_1,fire_stress,data,,,,,,summer,TX
NC_GSO_urban__TX,NC_GSO_urban,TX,3357.18,16.3728,3221.039308543526,946.3420762163336,3469.29,16.2522,3330.6540805160544,970.9358887391876,3484.51,15.0055,3365.69161334532,902.180638207768,9917.3850024049,2819.4586031632894,10310.37691361849,10310.98,6.0,24,0.0,uhs0_1247_circuit_1_fire_stress,uhs0_1247,circuit_1,fire_stress,data,,,,,,summer,TX
NC_GSO_urban__TX,NC_GSO_urban,TX,3311.25,16.4164,3176.260667007648,935.8123410813364,3441.7,16.4377,3301.030800695127,973.9068450637808,3439.73,15.1063,3320.8666250269016,896.430327288427,9798.158092729676,2806.149513433544,10192.074229609369,10192.68,6.0,25,900.0,uhs0_1247_circuit_1_fire_stress,uhs0_1247,circuit_1,fire_stress,data,,,,,,summer,TX
NC_GSO_urban__TX,NC_GSO_urban,TX,3483.94,16.2025,3345.563169103383,972.1342526312552,3632.02,16.2804,3486.3805291424937,1018.1945228766972,3635.88,15.3423,3506.3057626686045,961.9996221812852,10338.24946091448,2952.3283976892376,10751.541511983334,10751.84,6.0,26,1800.0,uhs0_1247_circuit_1_fire_stress,uhs0_1247,circuit_1,fire_stress,data,,,,,,summer,TX
NC_GSO_urban__TX,NC_GSO_urban,TX,3521.64,16.1756,3382.226758995709,981.065971448088,3661.54,16.1643,3516.789561201459,1019.3460422371056,3682.83,15.1826,3554.284772339962,964.5188261575124,10453.30109253713,2964.930839842706,10865.648559395262,10866.01,6.0,27,2700.0,uhs0_1247_circuit_1_fire_stress,uhs0_1247,circuit_1,fire_stress,data,,,,,,summer,TX
NC_GSO_urban__TX,NC_GSO_urban,TX,3439.24,15.7029,3310.8808528094573,930.8274577491356,3605.26,15.7064,3470.645050182816,975.9726447198844,3656.61,15.4777,3524.000813836891,975.8150214958412,10305.526716829165,2882.6151239648616,10701.091106246628,10701.11,7.0,28,0.0,uhs0_1247_circuit_1_fire_stress,uhs0_1247,circuit_1,fire_stress,data,,,,,,summer,TX
NC_GSO_urban__TX,NC_GSO_urban,TX,3907.5,15.8695,3758.573486630064,1068.49501430822,4073.02,15.8371,3918.414212056199,1111.5403650592243,4113.77,15.5393,3963.399052090748,1102.0760258648963,11640.386750777012,3282.111405232341,12094.249004548452,12094.29,7.0,29,900.0,uhs0_1247_circuit_1_fire_stress,uhs0_1247,circuit_1,fire_stress,data,,,,,,summer,TX
NC_GSO_urban__TX,NC_GSO_urban,TX,3917.75,15.9676,3766.593063860147,1077.7484649864407,4059.28,15.9311,3903.373055346603,1114.196082022427,4147.11,15.4908,3996.459392033105,1107.625243451226,11666.425511239857,3299.569790460094,12124.05233457135,12124.14,7.0,30,1800.0,uhs0_1247_circuit_1_fire_stress,uhs0_1247,circuit_1,fire_stress,data,,,,,,summer,TX
NC_GSO_urban__TX,NC_GSO_urban,TX,4110.93,16.2175,3947.349632513467,1148.1186104213282,4233.58,16.3169,4063.061831642767,1189.4234606092657,4281.28,15.4924,4125.723512549392,1143.5750681075165,12136.134976705624,3481.1171391381104,12625.527660625465,12625.79,7.0,31,2700.0,uhs0_1247_circuit_1_fire_stress,uhs0_1247,circuit_1,fire_stress,data,,,,,,summer,TX
NC_GSO_urban__TX,NC_GSO_urban,TX,4061.12,16.2605,3898.669339478266,1137.1336930247471,4193.2,16.1109,4028.517857395171,1163.602214095616,4282.07,15.3403,4129.506611998885,1132.827712565989,12056.693808872322,3433.5636196863525,12536.07692746554,12536.39,8.0,32,0.0,uhs0_1247_circuit_1_fire_stress,uhs0_1247,circuit_1,fire_stress,data,,,,,,summer,TX
NC_GSO_urban__TX,NC_GSO_urban,TX,4184.06,16.8417,4004.601005558716,1212.2412589406977,4333.17,16.7789,4148.689069052635,1250.8961816326637,4468.1,16.0528,4293.876621773599,1235.5327462217044,12447.16669638495,3698.670186795066,12985.072965458505,12985.33,8.0,33,900.0,uhs0_1247_circuit_1_fire_stress,uhs0_1247,circuit_1,fire_stress,data,,,,,,summer,TX
NC_GSO_urban__TX,NC_GSO_urban,TX,4085.82,17.0817,3905.5817366545903,1200.1484786100907,4278.38,17.1384,4088.4016697381207,1260.756602712255,4311.28,16.361,4136.698751855084,1214.4375960915356,12130.682158247797,3675.3426774138816,12675.235438478105,12675.48,8.0,34,1800.0,uhs0_1247_circuit_1_fire_stress,uhs0_1247,circuit_1,fire_stress,data,,,,,,summer,TX
NC_GSO_urban__TX,NC_GSO_urban,TX,4057.55,16.7634,3885.120083217185,1170.279428804291,4207.73,16.7205,4029.8255686747375,1210.5773989940983,4274.31,15.9086,4110.604687392482,1171.603636084728,12025.550339284406,3552.460463883118,12539.29169890054,12539.59,8.0,35,2700.0,uhs0_1247_circuit_1_fire_stress,uhs0_1247,circuit_1,fire_stress,data,,,,,,summer,TX
NC_GSO_urban__TX,NC_GSO_urban,TX,4127.53,17.1276,3944.479251330448,1215.560503111055,4255.05,16.9802,4069.554223847738,1242.6499594266431,4387.34,16.3788,4209.294626427179,1237.170571720521,12223.328101605362,3695.381034258218,12769.71381307548,12769.92,9.0,36,0.0,uhs0_1247_circuit_1_fire_stress,uhs0_1247,circuit_1,fire_stress,data,,,,,,summer,TX
NC_GSO_urban__TX,NC_GSO_urban,TX,4102.16,17.1313,3920.156355667521,1208.3421753458515,4245.15,17.0732,4058.068137419864,1246.347268845111,4337.61,16.461,4159.823666886893,1229.1165821465777,12138.048159974278,3683.806026337541,12684.740437767568,12684.919999999998,9.0,37,900.0,uhs0_1247_circuit_1_fire_stress,uhs0_1247,circuit_1,fire_stress,data,,,,,,summer,TX
NC_GSO_urban__TX,NC_GSO_urban,TX,3913.08,16.4707,3752.5061739686817,1109.4559480785738,4040.14,16.3647,3876.46481153205,1138.3109349179538,4118.43,15.6573,3965.608017471433,1111.4939121139162,11594.579002972165,3359.260795110444,12071.408175756838,12071.65,9.0,38,1800.0,uhs0_1247_circuit_1_fire_stress,uhs0_1247,circuit_1,fire_stress,data,,,,,,summer,TX
NC_GSO_urban__TX,NC_GSO_urban,TX,3664.45,15.554,3530.2510948608447,982.6092864072712,3757.58,15.4563,3621.683354161008,1001.4075786576976,3791.1,14.5864,3668.908963425155,954.7493011773058,10820.843412447008,2938.7661662422747,11212.805123453636,11213.13,9.0,39,2700.0,uhs0_1247_circuit_1_fire_stress,uhs0_1247,circuit_1,fire_stress,data,,,,,,summer,TX
NC_GSO_urban__TX,NC_GSO_urban,TX,3708.24,15.6119,3571.4307630361886,997.9610225047604,3803.51,15.5477,3664.330583117638,1019.4948247680076,3840.62,14.5839,3716.875082510518,967.058222348803,10952.636428664344,2984.514069621572,11351.985243571908,11352.37,10.0,40,0.0,uhs0_1247_circuit_1_fire_stress,uhs0_1247,circuit_1,fire_stress,data,,,,,,summer,TX
NC_GSO_urban__TX,NC_GSO_urban,TX,3602.07,14.6067,3485.649972371101,908.3790811161092,3687.5,14.6355,3567.850967015452,931.7165487243986,3701.38,14.4698,3583.970296277183,924.8625950933686,10637.471235663736,2764.9582249338764,10990.941191508708,10990.95,10.0,41,900.0,uhs0_1247_circuit_1_fire_stress,uhs0_1247,circuit_1,fire_stress,data,,,,,,summer,TX
NC_GSO_urban__TX,NC_GSO_urban,TX,3502.38,13.849,3400.565562212722,838.3433195850465,3549.64,13.8403,3446.580685703172,849.1323256936192,3551.0,13.7769,3448.839046589604,845.6419045428819,10295.985294505495,2533.1175498215475,10603.018329979788,10603.02,10.0,42,1800.0,uhs0_1247_circuit_1_fire_stress,uhs0_1247,circuit_1,fire_stress,data,,,,,,summer,TX
NC_GSO_urban__TX,NC_GSO_urban,TX,3584.76,14.6486,3468.2374105462627,906.5503415074944,3619.02,14.5486,3502.97580624082,909.1018981893488,3628.83,14.1156,3519.259836690118,884.9956896843303,10490.4730534772,2700.647929381173,10832.521595833636,10832.61,10.0,43,2700.0,uhs0_1247_circuit_1_fire_stress,uhs0_1247,circuit_1,fire_stress,data,,,,,,summer,TX
NC_GSO_urban__TX,NC_GSO_urban,TX,3719.28,15.5239,3583.5965567087123,995.4292727991582,3671.03,15.0688,3544.7992236515697,954.3897133242943,3672.92,14.3096,3558.9652061464603,907.8039368932496,10687.360986506745,2857.6229230167023,11062.806769805611,11063.23,11.0,44,0.0,uhs0_1247_circuit_1_fire_stress,uhs0_1247,circuit_1,fire_stress,data,,,,,,summer,TX
NC_GSO_urban__TX,NC_GSO_urban,TX,3662.97,14.3244,3549.089934692792,906.2614724031416,3641.66,14.0453,3532.7894836824885,883.7907102829362,3640.55,13.2545,3543.57031361999,834.6937971083329,10625.449731995272,2624.7459797944107,10944.837754192857,10945.18,11.0,45,900.0,uhs0_1247_circuit_1_fire_stress,uhs0_1247,circuit_1,fire_stress,data,,,,,,summer,TX
NC_GSO_urban__TX,NC_GSO_urban,TX,3683.14,13.7297,3577.8987730646204,874.1628162434517,3651.3,13.3379,3552.811610622131,842.3309025724875,3644.43,12.4636,3558.542863069661,786.5384393632512,10689.253246756412,2503.0321581791904,10978.40174880532,10978.87,11.0,46,1800.0,uhs0_1247_circuit_1_fire_stress,uhs0_1247,circuit_1,fire_stress,data,,,,,,summer,TX
NC_GSO_urban__TX,NC_GSO_urban,TX,3767.49,13.605,3661.7760271547336,886.2151133076505,3747.97,13.3194,3647.153068479689,863.4544666507845,3634.19,11.9845,3554.9785059564524,754.6289010418484,10863.907601590874,2504.298481000284,11148.811562576717,11149.65,11.0,47,2700.0,uhs0_1247_circuit_1_fire_stress,uhs0_1247,circuit_1,fire_stress,data,,,,,,summer,TX
NC_GSO_urban__TX,NC_GSO_urban,TX,4156.21,15.9272,3996.657855475716,1140.5295043813012,4293.46,16.3415,4120.011729807481,1208.0157771522568,4006.91,14.6511,3876.621211252669,1013.477050833361,11993.290796535865,3362.022332366919,12455.609912549677,12456.58,12.0,48,0.0,uhs0_1247_circuit_1_fire_stress,uhs0_1247,circuit_1,fire_stress,data,,,,,,summer,TX
NC_GSO_urban__TX,NC_GSO_urban,TX,4243.44,15.8214,4082.682493411051,1156.9298559527813,4459.58,16.6489,4272.627271795649,1277.6971365343477,4039.57,14.5842,3909.409580345949,1017.1737894771524,12264.71934555265,3451.8007819642817,12741.203603409793,12742.59,12.0,49,900.0,uhs0_1247_circuit_1_fire_stress,uhs0_1247,circuit_1,fire_stress,data,,,,,,summer,TX
NC_GSO_urban__TX,NC_GSO_urban,TX,4394.21,15.6138,4232.053843388059,1182.7095124181392,4662.7,16.7545,4464.762430589784,1344.123405195371,4173.4,14.6982,4036.8285079584393,1058.906585744954,12733.644781936284,3585.7395033584644,13228.87891011474,13230.31,12.0,50,1800.0,uhs0_1247_circuit_1_fire_stress,uhs0_1247,circuit_1,fire_stress,data,,,,,,summer,TX
NC_GSO_urban__TX,NC_GSO_urban,TX,3906.93,14.7288,3778.548584668188,993.313957518986,4063.07,15.4078,3917.040191045797,1079.5063532151655,3800.35,13.7348,3691.679338847192,902.3102468822806,11387.268114561177,2975.1305576164323,11769.506232113765,11770.35,12.0,51,2700.0,uhs0_1247_circuit_1_fire_stress,uhs0_1247,circuit_1,fire_stress,data,,,,,,summer,TX
NC_GSO_urban__TX,NC_GSO_urban,TX,3751.21,14.3195,3634.665951650922,927.782239541962,3771.17,14.3899,3652.857025886293,937.207937083947,3670.52,13.2451,3572.8799703127165,840.979065219939,10860.402947849932,2705.969241845848,11192.4359157193,11192.9,13.0,52,0.0,uhs0_1247_circuit_1_fire_stress,uhs0_1247,circuit_1,fire_stress,data,,,,,,summer,TX
NC_GSO_urban__TX,NC_GSO_urban,TX,3750.12,14.116,3636.8811789398615,914.6011724642613,3727.52,14.0713,3615.671746656236,906.2688181946024,3636.5,13.0718,3542.2688417036784,822.474135213551,10794.821767299776,2643.3441258724147,11113.750274122289,11114.14,13.0,53,900.0,uhs0_1247_circuit_1_fire_stress,uhs0_1247,circuit_1,fire_stress,data,,,,,,summer,TX
NC_GSO_urban__TX,NC_GSO_urban,TX,3793.16,14.1956,3677.332769079917,930.2077676793645,3711.76,13.8497,3603.848015724369,888.5053613566627,3686.15,13.2343,3588.2533265342563,843.883811383916,10869.434111338542,2662.596940419943,11190.800702713972,11191.07,13.0,54,1800.0,uhs0_1247_circuit_1_fire_stress,uhs0_1247,circuit_1,fire_stress,data,,,,,,summer,TX
NC_GSO_urban__TX,NC_GSO_urban,TX,3490.14,12.833,3402.961851410512,775.195367275076,3487.8,12.7761,3401.44794827068,771.2980586032769,3495.52,12.4316,3413.5629827920893,752.4944072294332,10217.97278247328,2298.987833107786,10473.409800067138,10473.46,13.0,55,2700.0,uhs0_1247_circuit_1_fire_stress,uhs0_1247,circuit_1,fire_stress,data,,,,,,summer,TX
NC_GSO_urban__TX,NC_GSO_urban,TX,3453.32,12.9767,3365.1272600868083,775.459570719617,3430.55,12.8818,3344.2101247879377,764.8084359928621,3391.53,12.2912,3313.7903058518064,721.9899928271816,10023.127690726553,2262.257999539661,10275.256685897954,10275.4,14.0,56,0.0,uhs0_1247_circuit_1_fire_stress,uhs0_1247,circuit_1,fire_stress,data,,,,,,summer,TX
NC_GSO_urban__TX,NC_GSO_urban,TX,3469.35,12.2043,3390.9428002750938,733.4141720491257,3496.38,12.2349,3416.9666889961395,740.9532715973129,3440.42,11.4073,3372.457885983033,680.4539541150817,10180.367375254267,2154.82139776152,10405.918275260112,10406.15,14.0,57,900.0,uhs0_1247_circuit_1_fire_stress,uhs0_1247,circuit_1,fire_stress,data,,,,,,summer,TX
NC_GSO_urban__TX,NC_GSO_urban,TX,3359.98,11.2656,3295.240330539614,656.396804063803,3348.26,11.1593,3284.9540531621697,648.0138086595333,3294.48,10.3728,3240.638503619841,593.1783536648658,9820.832887321623,1897.5889663882024,10002.479816828238,10002.72,14.0,58,1800.0,uhs0_1247_circuit_1_fire_stress,uhs0_1247,circuit_1,fire_stress,data,,,,,,summer,TX
NC_GSO_urban__TX,NC_GSO_urban,TX,3481.06,12.0603,3404.226899434385,727.3361951445535,3459.34,11.936,3384.54640567972,715.4571010203838,3390.39,11.1066,3326.889624529312,653.1077845954812,10115.662929643417,2095.901080760418,10330.510047741818,10330.79,14.0,59,2700.0,uhs0_1247_circuit_1_fire_stress,uhs0_1247,circuit_1,fire_stress,data,,,,,,summer,TX
NC_GSO_urban__TX,NC_GSO_urban,TX,3289.72,11.5448,3223.164088376064,658.3850984058602,3288.1,11.6244,3220.659522488678,662.5359237075379,3195.42,10.6069,3140.820462971104,588.1800708813441,9584.644073835843,1909.1010929947424,9772.925304400433,9773.24,15.0,60,0.0,uhs0_1247_circuit_1_fire_stress,uhs0_1247,circuit_1,fire_stress,data,,,,,,summer,TX
NC_GSO_urban__TX,NC_GSO_urban,TX,3209.3,10.6955,3153.5460369458483,595.6121916676447,3199.9,10.7526,3143.715939876228,597.0009207431127,3152.89,10.0212,3104.7877258521403,548.6424423045418,9402.049702674216,1741.2555547152992,9561.930219280162,9562.09,15.0,61,900.0,uhs0_1247_circuit_1_fire_stress,uhs0_1247,circuit_1,fire_stress,data,,,,,,summer,TX
NC_GSO_urban__TX,NC_GSO_urban,TX,3195.0,10.5703,3140.7826731400496,586.0965791601631,3153.6,10.5449,3100.341360743404,577.1277214479803,3111.89,9.68626,3067.526416577279,523.5848123280094,9308.650450460733,1686.8091129361528,9460.248315575403,9460.49,15.0,62,1800.0,uhs0_1247_circuit_1_fire_stress,uhs0_1247,circuit_1,fire_stress,data,,,,,,summer,TX
NC_GSO_urban__TX,NC_GSO_urban,TX,3147.35,13.0984,3065.4631799381377,713.2653888585646,3072.08,12.8709,2994.892316170449,684.3212264303974,3038.87,11.9841,2972.6386187354883,630.9916951136264,9032.994114844074,2028.5783104025888,9257.97562322582,9258.3,15.0,63,2700.0,uhs0_1247_circuit_1_fire_stress,uhs0_1247,circuit_1,fire_stress,data,,,,,,summer,TX
NC_GSO_urban__TX,NC_GSO_urban,TX,3199.02,13.3658,3112.3714589066944,739.5085274579429,3059.36,12.7954,2983.3873359730183,677.5570921743922,3025.75,12.011,2959.509271997952,629.6569950839527,9055.268066877665,2046.722614716288,9283.69286569765,9284.13,16.0,64,0.0,uhs0_1247_circuit_1_fire_stress,uhs0_1247,circuit_1,fire_stress,data,,,,,,summer,TX
NC_GSO_urban__TX,NC_GSO_urban,TX,3155.31,13.6,3066.838264735493,741.9462608937332,3054.74,13.0757,2975.536719306138,691.0989072924827,3026.68,12.4175,2955.8758021208514,650.8379712619818,8998.250786162484,2083.8831394481977,9236.40006439469,9236.73,16.0,65,900.0,uhs0_1247_circuit_1_fire_stress,uhs0_1247,circuit_1,fire_stress,data,,,,,,summer,TX
NC_GSO_urban__TX,NC_GSO_urban,TX,3158.96,13.3538,3073.549398000013,729.6042623599161,3117.03,13.1348,3035.482651994282,708.3227303579652,3089.09,12.5069,3015.7856926182285,668.9646360602263,9124.817742612524,2106.891628778108,9364.896751769962,9365.08,16.0,66,1800.0,uhs0_1247_circuit_1_fire_stress,uhs0_1247,circuit_1,fire_stress,data,,,,,,summer,TX
NC_GSO_urban__TX,NC_GSO_urban,TX,3140.4,12.6881,3063.712008835361,689.7687198750024,3104.59,12.5444,3030.4771942193897,674.3048594042423,3072.23,11.8221,3007.063203449945,629.4188298401591,9101.252406504696,1993.492409119404,9317.017084460253,9317.22,16.0,67,2700.0,uhs0_1247_circuit_1_fire_stress,uhs0_1247,circuit_1,fire_stress,data,,,,,,summer,TX
NC_GSO_urban__TX,NC_GSO_urban,TX,3064.46,10.5915,3012.2496552005414,563.2646858664415,3026.34,10.345,2977.144735641075,543.4547070774476,2973.26,10.1603,2926.633553604562,524.4912492272223,8916.02794444618,1631.2106421711114,9064.01690561516,9064.06,17.0,68,0.0,uhs0_1247_circuit_1_fire_stress,uhs0_1247,circuit_1,fire_stress,data,,,,,,summer,TX
NC_GSO_urban__TX,NC_GSO_urban,TX,2881.22,10.3169,2834.6371712435307,516.0046470764323,2778.75,9.51502,2740.5207929962253,459.3444738486999,2742.48,9.40265,2705.6337021051213,448.0433242811862,8280.791666344878,1423.3924452063184,8402.23521894485,8402.449999999999,17.0,69,900.0,uhs0_1247_circuit_1_fire_stress,uhs0_1247,circuit_1,fire_stress,data,,,,,,summer,TX
NC_GSO_urban__TX,NC_GSO_urban,TX,2704.04,9.38116,2667.8756637052243,440.7627078252065,2681.8,9.16628,2647.5539186993374,427.21129149378186,2649.59,8.43239,2620.9468520806395,388.541846740589,7936.376434485202,1256.5158460595774,8035.228869251383,8035.43,17.0,70,1800.0,uhs0_1247_circuit_1_fire_stress,uhs0_1247,circuit_1,fire_stress,data,,,,,,summer,TX
NC_GSO_urban__TX,NC_GSO_urban,TX,2711.83,9.58191,2673.996288378129,451.4042519072999,2696.31,9.49057,2659.4049375975715,444.5818192207773,2634.37,8.53662,2605.1843166659232,391.0498345453,7938.585542641624,1287.035905673377,8042.238608766286,8042.509999999999,17.0,71,2700.0,uhs0_1247_circuit_1_fire_stress,uhs0_1247,circuit_1,fire_stress,data,,,,,,summer,TX
NC_GSO_urban__TX,NC_GSO_urban,TX,2688.23,9.87367,2648.4125590943468,460.9679487028732,2614.95,9.33864,2580.2927788842385,424.3261454799279,2581.15,8.30093,2554.1084421576043,372.6464654323945,7782.813780136189,1257.9405596151955,7883.819175234978,7884.33,18.0,72,0.0,uhs0_1247_circuit_1_fire_stress,uhs0_1247,circuit_1,fire_stress,data,,,,,,summer,TX
NC_GSO_urban__TX,NC_GSO_urban,TX,2708.48,9.43573,2671.834587121082,444.03136090091385,2636.05,9.18353,2602.261593633165,420.7067872066983,2594.62,8.07843,2568.8726316870043,364.6180831630314,7842.968812441251,1229.3562312706435,7938.732678223275,7939.150000000001,18.0,73,900.0,uhs0_1247_circuit_1_fire_stress,uhs0_1247,circuit_1,fire_stress,data,,,,,,summer,TX
NC_GSO_urban__TX,NC_GSO_urban,TX,3042.27,10.4471,2991.837507496292,551.64760639232,2936.25,9.948,2892.103321199609,507.2498812283648,2935.28,9.56184,2894.499830042197,487.58528719157886,8778.440658738098,1546.4827748122636,8913.620441312116,8913.800000000001,18.0,74,1800.0,uhs0_1247_circuit_1_fire_stress,uhs0_1247,circuit_1,fire_stress,data,,,,,,summer,TX
NC_GSO_urban__TX,NC_GSO_urban,TX,3064.06,10.714,3010.645468557452,569.6293060003864,3039.71,10.3119,2990.612240935937,544.128025802876,3018.96,9.81335,2974.787219334679,514.5488133141993,8976.044928828067,1628.3061451174617,9122.54150259495,9122.73,18.0,75,2700.0,uhs0_1247_circuit_1_fire_stress,uhs0_1247,circuit_1,fire_stress,data,,,,,,summer,TX
NC_GSO_urban__TX,NC_GSO_urban,TX,3041.83,10.1882,2993.866599451899,538.0451036728434,3074.93,10.1343,3026.955005605757,541.0525842635357,2997.0,9.35288,2957.158322840812,487.0561093481064,8977.979927898468,1566.153797284485,9113.5592005811,9113.76,19.0,76,0.0,uhs0_1247_circuit_1_fire_stress,uhs0_1247,circuit_1,fire_stress,data,,,,,,summer,TX
NC_GSO_urban__TX,NC_GSO_urban,TX,3162.49,10.8367,3106.0933941983385,594.581219529715,3177.52,10.6328,3122.961606115382,586.2969871398219,3121.11,10.1057,3072.688253514532,547.6445277858758,9301.743253828252,1728.5227344554128,9460.984008213343,9461.12,19.0,77,900.0,uhs0_1247_circuit_1_fire_stress,uhs0_1247,circuit_1,fire_stress,data,,,,,,summer,TX
NC_GSO_urban__TX,NC_GSO_urban,TX,3086.71,10.075,3039.1117107699783,539.9802158975589,3076.55,9.87525,3030.966303948509,527.6392392806969,3083.9,9.54614,3041.195293073612,511.4395363939991,9111.2733077921,1579.0589915722549,9247.0929803993,9247.16,19.0,78,1800.0,uhs0_1247_circuit_1_fire_stress,uhs0_1247,circuit_1,fire_stress,data,,,,,,summer,TX
NC_GSO_urban__TX,NC_GSO_urban,TX,3191.41,10.9553,3133.248935642983,606.505478451857,3066.09,10.3554,3016.148581582835,551.1402924082535,3087.57,9.9013,3041.581956924177,530.9121435918512,9190.979474149995,1688.5579144519618,9344.80238018466,9345.07,19.0,79,2700.0,uhs0_1247_circuit_1_fire_stress,uhs0_1247,circuit_1,fire_stress,data,,,,,,summer,TX
NC_GSO_urban__TX,NC_GSO_urban,TX,3204.4,10.5244,3150.4930566069293,585.2972409567027,3184.51,10.2864,3133.326808780853,568.6537166634876,3209.81,10.1414,3159.660599062579,565.1770827196584,9443.480464450362,1719.128040339849,9598.683477515984,9598.72,20.0,80,0.0,uhs0_1247_circuit_1_fire_stress,uhs0_1247,circuit_1,fire_stress,data,,,,,,summer,TX
NC_GSO_urban__TX,NC_GSO_urban,TX,3286.63,10.8899,3227.444468366281,620.9178371667979,3283.32,10.7679,3225.5075544966307,613.425821338786,3283.7,10.2921,3230.864222820282,586.6873645306287,9683.816245683194,1821.0310230362124,9853.5501758005,9853.65,20.0,81,900.0,uhs0_1247_circuit_1_fire_stress,uhs0_1247,circuit_1,fire_stress,data,,,,,,summer,TX
NC_GSO_urban__TX,NC_GSO_urban,TX,3230.88,10.9829,3171.7034827533,615.5343953757523,3288.76,11.0631,3227.643163198767,631.0799859417649,3309.77,10.5665,3253.6453523005025,606.934406961196,9652.991998252568,1853.548788278713,9829.338616044191,9829.41,20.0,82,1800.0,uhs0_1247_circuit_1_fire_stress,uhs0_1247,circuit_1,fire_stress,data,,,,,,summer,TX
NC_GSO_urban__TX,NC_GSO_urban,TX,3758.97,11.9684,3677.257962188344,779.5058309098323,4062.21,12.4125,3967.257495018221,873.1655354637802,3858.73,11.5863,3780.101821654128,775.0015682739883,11424.617278860693,2427.672934647601,11679.70358553944,11679.91,20.0,83,2700.0,uhs0_1247_circuit_1_fire_stress,uhs0_1247,circuit_1,fire_stress,data,,,,,,summer,TX
NC_GSO_urban__TX,NC_GSO_urban,TX,3994.9,12.8509,3894.836351714028,888.5245091537791,4168.48,12.9277,4062.822156987211,932.577949071167,3940.71,11.9144,3855.815794531923,813.5599933244949,11813.474303233164,2634.662451549441,12103.702794878714,12104.09,21.0,84,0.0,uhs0_1247_circuit_1_fire_stress,uhs0_1247,circuit_1,fire_stress,data,,,,,,summer,TX
NC_GSO_urban__TX,NC_GSO_urban,TX,3450.08,11.9502,3375.309668422496,714.3785051732873,3532.68,12.0653,3454.643129057384,738.4232074201124,3444.87,11.264,3378.5134726106235,672.8863442577099,10208.466270090505,2125.6880568511096,10427.431769262024,10427.63,21.0,85,900.0,uhs0_1247_circuit_1_fire_stress,uhs0_1247,circuit_1,fire_stress,data,,,,,,summer,TX
NC_GSO_urban__TX,NC_GSO_urban,TX,3454.85,11.7873,3381.996516229889,705.7535594730596,3420.35,11.8743,3347.159228272953,703.7891893793259,3449.72,10.9235,3387.214772247433,653.7156607186098,10116.370516750274,2063.258409570996,10324.630148186408,10324.92,21.0,86,1800.0,uhs0_1247_circuit_1_fire_stress,uhs0_1247,circuit_1,fire_stress,data,,,,,,summer,TX
NC_GSO_urban__TX,NC_GSO_urban,TX,3422.91,12.0636,3347.319174614838,715.3790682958461,3396.75,12.1293,3320.920660416621,713.7202040842291,3380.15,11.0858,3317.077576866217,649.9310513826401,9985.317411897677,2079.030323762715,10199.457382796,10199.81,21.0,87,2700.0,uhs0_1247_circuit_1_fire_stress,uhs0_1247,circuit_1,fire_stress,data,,,,,,summer,TX
NC_GSO_urban__TX,NC_GSO_urban,TX,3303.44,12.3051,3227.54877908202,704.0203919249557,3310.42,12.5648,3231.137411843064,720.160816893079,3323.52,11.4954,3256.8525410089856,662.3418426487282,9715.53873193407,2086.523051466763,9937.065527408646,9937.38,22.0,88,0.0,uhs0_1247_circuit_1_fire_stress,uhs0_1247,circuit_1,fire_stress,data,,,,,,summer,TX
NC_GSO_urban__TX,NC_GSO_urban,TX,3404.74,12.2525,3327.1863131762507,722.5549840756946,3355.53,12.5199,3275.7380948401915,727.4073926712266,3366.33,11.2409,3301.7511777887066,656.2140114862584,9904.67558580515,2106.17638823318,10126.133390312194,10126.6,22.0,89,900.0,uhs0_1247_circuit_1_fire_stress,uhs0_1247,circuit_1,fire_stress,data,,,,,,summer,TX
NC_GSO_urban__TX,NC_GSO_urban,TX,3239.6,11.3625,3176.104912569147,638.2521009398498,3247.11,11.8842,3177.51083113719,668.6914610684399,3346.04,10.5764,3289.1942432302253,614.1538177860214,9642.809986936563,1921.097379794311,9832.3140504571,9832.75,22.0,90,1800.0,uhs0_1247_circuit_1_fire_stress,uhs0_1247,circuit_1,fire_stress,data,,,,,,summer,TX
NC_GSO_urban__TX,NC_GSO_urban,TX,3089.08,11.3803,3028.3458365143424,609.5381373353491,3116.58,11.6243,3052.658574380027,627.9701622402954,3238.63,10.5638,3183.7396749726536,593.7389652911655,9264.744085867023,1831.24726486681,9443.990127149124,9444.29,22.0,91,2700.0,uhs0_1247_circuit_1_fire_stress,uhs0_1247,circuit_1,fire_stress,data,,,,,,summer,TX
NC_GSO_urban__TX,NC_GSO_urban,TX,3384.82,13.3644,3293.158004870949,782.3789282402707,3406.47,13.7961,3308.195091825163,812.3318874228052,3495.7,12.8398,3408.2907988426505,776.8348090324781,10009.643895538762,2371.545624695554,10286.748736384545,10286.99,23.0,92,0.0,uhs0_1247_circuit_1_fire_stress,uhs0_1247,circuit_1,fire_stress,data,,,,,,summer,TX
NC_GSO_urban__TX,NC_GSO_urban,TX,3172.57,13.7066,3082.221017774049,751.7406484233153,3257.33,14.09,3159.3316613246448,792.9830910250611,3274.4,12.9383,3191.268689321663,733.1435824960863,9432.821368420357,2277.8673219444627,9703.957878356136,9704.3,23.0,93,900.0,uhs0_1247_circuit_1_fire_stress,uhs0_1247,circuit_1,fire_stress,data,,,,,,summer,TX
NC_GSO_urban__TX,NC_GSO_urban,TX,3092.87,12.3289,3021.542224607684,660.3994411057975,3111.99,12.5683,3037.4183313538288,677.1791789886339,3191.66,11.6792,3125.5810320355986,646.0934667517394,9184.541587997111,1983.6720868461707,9396.316253180346,9396.52,23.0,94,1800.0,uhs0_1247_circuit_1_fire_stress,uhs0_1247,circuit_1,fire_stress,data,,,,,,summer,TX
NC_GSO_urban__TX,NC_GSO_urban,TX,3209.3,12.3476,3135.063295892596,686.2831928198862,3236.66,12.6431,3158.178732043487,708.4314025141684,3251.61,12.0002,3180.5521601509045,676.0588352054984,9473.794188086988,2070.773430539553,9697.467654952983,9697.57,23.0,95,2700.0,uhs0_1247_circuit_1_fire_stress,uhs0_1247,circuit_1,fire_stress,data,,,,,,summer,TX
NC_GSO_urban__TX,NC_GSO_urban,TX,2834.61,11.8724,2773.972596511461,583.1722609173574,2828.48,11.7489,2769.2215958441016,575.9434551330938,2766.73,11.5105,2711.085947015033,552.094086906934,8254.280139370596,1711.2098029573854,8429.791196046632,8429.82,24.0,96,0.0,uhs0_1247_circuit_1_fire_stress,uhs0_1247,circuit_1,fire_stress,data,,,,,,summer,TX
NC_GSO_urban__TX,NC_GSO_urban,TX,,,,,,,,,,,,,,,,,,0,,uhs0_1247_circuit_1_fire_stress,uhs0_1247,circuit_1,fire_stress,summary,4151.0,972.0,9.0,9.0,1000.0,summer,TX
NC_GSO_urban__TX,NC_GSO_urban,TX,2938.17,11.0694,2883.506359028735,564.1223505063862,2859.25,10.1065,2814.8838152381777,501.7366532456667,2808.1,10.6668,2759.5766384606045,519.7714752297107,8457.966812727518,1585.6304789817636,8605.313859533308,8605.52,0.0,1,900.0,uhs0_1247_circuit_2_fire_baseline,uhs0_1247,circuit_2,fire_baseline,data,,,,,,summer,TX
NC_GSO_urban__TX,NC_GSO_urban,TX,2765.4,10.5186,2718.9293788517884,504.836798199803,2666.83,9.41017,2630.9428839412817,436.0295750734461,2695.23,10.493,2650.158112062616,490.8428811429512,8000.030374855685,1431.7092544162003,8127.132174869225,8127.459999999999,0.0,2,1800.0,uhs0_1247_circuit_2_fire_baseline,uhs0_1247,circuit_2,fire_baseline,data,,,,,,summer,TX
NC_GSO_urban__TX,NC_GSO_urban,TX,2757.51,10.2793,2713.2507841464994,492.06867653652455,2723.58,9.40744,2686.950422798041,445.1802352142629,2631.75,9.86563,2592.832428305269,450.9191293664557,7993.03363524981,1388.168041117243,8112.681258660054,8112.84,0.0,3,2700.0,uhs0_1247_circuit_2_fire_baseline,uhs0_1247,circuit_2,fire_baseline,data,,,,,,summer,TX
NC_GSO_urban__TX,NC_GSO_urban,TX,2788.15,10.9118,2737.7395450586264,527.790304877029,2706.95,9.41306,2670.500667743213,442.7239389089476,2666.61,10.6049,2621.063271427377,490.75066915330297,8029.303484229216,1461.2649129392796,8161.189226310273,8161.710000000001,1.0,4,0.0,uhs0_1247_circuit_2_fire_baseline,uhs0_1247,circuit_2,fire_baseline,data,,,,,,summer,TX
NC_GSO_urban__TX,NC_GSO_urban,TX,2668.6,10.29,2625.6788509019043,476.6933311117895,2586.07,9.11587,2553.407836748409,409.7151011761829,2520.74,10.1034,2481.6503095115736,442.2011860014737,7660.736997161886,1328.6096182894462,7775.094524023239,7775.41,1.0,5,900.0,uhs0_1247_circuit_2_fire_baseline,uhs0_1247,circuit_2,fire_baseline,data,,,,,,summer,TX
NC_GSO_urban__TX,NC_GSO_urban,TX,2584.6,9.83031,2546.6521744512097,441.2707359013575,2577.89,9.12082,2545.295856083151,408.639030326201,2461.65,9.63036,2426.9592734465086,411.8123450456473,7518.907303980869,1261.722111273206,7624.035003325508,7624.139999999999,1.0,6,1800.0,uhs0_1247_circuit_2_fire_baseline,uhs0_1247,circuit_2,fire_baseline,data,,,,,,summer,TX
NC_GSO_urban__TX,NC_GSO_urban,TX,2577.46,9.73151,2540.372048501249,435.671787924773,2549.31,8.54403,2521.017718035722,378.7494441579563,2438.32,9.63003,2403.960400100403,407.8955958932498,7465.350166637374,1222.316827975979,7564.75455903666,7565.09,1.0,7,2700.0,uhs0_1247_circuit_2_fire_baseline,uhs0_1247,circuit_2,fire_baseline,data,,,,,,summer,TX
NC_GSO_urban__TX,NC_GSO_urban,TX,2573.44,9.86123,2535.4185534221324,440.7336980114199,2492.28,8.80165,2462.930849312622,381.3544675288449,2423.59,9.86448,2387.758973465299,415.2054584611609,7386.108376200053,1237.2936240014255,7489.024800130332,7489.31,2.0,8,0.0,uhs0_1247_circuit_2_fire_baseline,uhs0_1247,circuit_2,fire_baseline,data,,,,,,summer,TX
NC_GSO_urban__TX,NC_GSO_urban,TX,2509.98,9.59774,2474.846842100426,418.4886002575808,2529.75,8.96973,2498.8133048214413,394.41999207361147,2431.54,9.79165,2396.119011550822,413.5220116084664,7369.779158472689,1226.4306039396588,7471.129557900747,7471.269999999999,2.0,9,900.0,uhs0_1247_circuit_2_fire_baseline,uhs0_1247,circuit_2,fire_baseline,data,,,,,,summer,TX
NC_GSO_urban__TX,NC_GSO_urban,TX,2393.74,9.12201,2363.466317448965,379.497238309089,2389.59,8.11128,2365.6842999631963,337.1619210522498,2295.43,9.22954,2265.71268353008,368.1642576227704,6994.863300942241,1084.8234169841094,7078.485321373893,7078.76,2.0,10,1800.0,uhs0_1247_circuit_2_fire_baseline,uhs0_1247,circuit_2,fire_baseline,data,,,,,,summer,TX
NC_GSO_urban__TX,NC_GSO_urban,TX,2404.82,9.37323,2372.7117183163346,391.6609939275917,2385.55,8.60674,2358.6858051860813,357.0015054781822,2306.29,9.44895,2274.9988705039864,378.6207909050754,7006.396394006402,1127.2832903108492,7096.503226699751,7096.660000000001,2.0,11,2700.0,uhs0_1247_circuit_2_fire_baseline,uhs0_1247,circuit_2,fire_baseline,data,,,,,,summer,TX
NC_GSO_urban__TX,NC_GSO_urban,TX,2425.64,9.18826,2394.516623518176,387.3235718299548,2418.7,8.42745,2392.583438763362,354.47733151117603,2332.42,9.08699,2303.147414874183,368.3680791794633,7090.247477155721,1110.168982520594,7176.63461916962,7176.76,3.0,12,0.0,uhs0_1247_circuit_2_fire_baseline,uhs0_1247,circuit_2,fire_baseline,data,,,,,,summer,TX
NC_GSO_urban__TX,NC_GSO_urban,TX,2466.27,9.00225,2435.890971172671,385.90528560705263,2476.7,8.34907,2450.45142508973,359.62578227333614,2342.69,9.03875,2313.5992152358976,368.0422630077118,7199.941611498299,1113.5733308881006,7285.547664537646,7285.66,3.0,13,900.0,uhs0_1247_circuit_2_fire_baseline,uhs0_1247,circuit_2,fire_baseline,data,,,,,,summer,TX
NC_GSO_urban__TX,NC_GSO_urban,TX,2445.1,9.06237,2414.578958191166,385.12655668035103,2420.25,8.34237,2394.640772481567,351.14901860731925,2297.02,8.87598,2269.5123537229174,354.4214393896939,7078.73208439565,1090.6970146773642,7162.266952612035,7162.370000000001,3.0,14,1800.0,uhs0_1247_circuit_2_fire_baseline,uhs0_1247,circuit_2,fire_baseline,data,,,,,,summer,TX
NC_GSO_urban__TX,NC_GSO_urban,TX,2415.91,8.89352,2386.864376026391,373.496423752823,2400.23,8.01568,2376.7796196566333,334.697912280417,2304.07,8.47983,2278.8815285584724,339.7610096744481,7042.525524241496,1047.955345707688,7120.068550666509,7120.209999999999,3.0,15,2700.0,uhs0_1247_circuit_2_fire_baseline,uhs0_1247,circuit_2,fire_baseline,data,,,,,,summer,TX
NC_GSO_urban__TX,NC_GSO_urban,TX,2510.73,9.23223,2478.206436917404,402.8125977686729,2489.0,8.20822,2463.502082433625,355.356848597563,2368.82,8.98819,2339.732227396209,370.0828238159312,7281.440746747237,1128.252270182167,7368.3330905681905,7368.549999999999,4.0,16,0.0,uhs0_1247_circuit_2_fire_baseline,uhs0_1247,circuit_2,fire_baseline,data,,,,,,summer,TX
NC_GSO_urban__TX,NC_GSO_urban,TX,2482.72,9.15096,2451.1217951754365,394.8424288446534,2427.73,8.13338,2403.310439712465,343.47035282405244,2302.95,8.69648,2276.473393178432,348.2062501602659,7130.9056280663335,1086.5190318289715,7213.205853357762,7213.4,4.0,17,900.0,uhs0_1247_circuit_2_fire_baseline,uhs0_1247,circuit_2,fire_baseline,data,,,,,,summer,TX
NC_GSO_urban__TX,NC_GSO_urban,TX,2457.31,9.10784,2426.328619193586,388.9754076829879,2434.25,8.1338,2409.7623330573188,344.4104537875528,2346.58,8.62825,2320.02265509399,352.04058892495914,7156.113607344894,1085.4264503954998,7237.963286757189,7238.139999999999,4.0,18,1800.0,uhs0_1247_circuit_2_fire_baseline,uhs0_1247,circuit_2,fire_baseline,data,,,,,,summer,TX
NC_GSO_urban__TX,NC_GSO_urban,TX,2440.2,8.57584,2412.916972845461,363.8787190181614,2444.47,7.66013,2422.656028289537,325.83945355399374,2288.81,8.2157,2265.320197121416,327.0712775738533,7100.893198256414,1016.7894501460084,7173.32175487566,7173.48,4.0,19,2700.0,uhs0_1247_circuit_2_fire_baseline,uhs0_1247,circuit_2,fire_baseline,data,,,,,,summer,TX
NC_GSO_urban__TX,NC_GSO_urban,TX,2451.02,8.59779,2423.47580037165,366.4206399931509,2467.15,8.07771,2442.6719199978525,346.6742184732035,2329.97,8.44454,2304.709568620612,342.16078853163674,7170.857288990115,1055.255646997991,7248.08655712553,7248.139999999999,5.0,20,0.0,uhs0_1247_circuit_2_fire_baseline,uhs0_1247,circuit_2,fire_baseline,data,,,,,,summer,TX
NC_GSO_urban__TX,NC_GSO_urban,TX,2489.57,8.63773,2461.3325395976226,373.8996047308953,2493.25,8.0083,2468.935570222016,347.3509933662047,2369.87,8.39931,2344.45099272995,346.16955323591264,7274.719102549589,1067.4201513330129,7352.613399361596,7352.69,5.0,21,900.0,uhs0_1247_circuit_2_fire_baseline,uhs0_1247,circuit_2,fire_baseline,data,,,,,,summer,TX
NC_GSO_urban__TX,NC_GSO_urban,TX,2526.07,8.77835,2496.479915869292,385.50962966086496,2518.98,8.03484,2494.251824004949,352.0910093256933,2389.27,8.60539,2362.3723375721074,357.5025476470011,7353.104077446347,1095.1031866335593,7434.204097489728,7434.32,5.0,22,1800.0,uhs0_1247_circuit_2_fire_baseline,uhs0_1247,circuit_2,fire_baseline,data,,,,,,summer,TX
NC_GSO_urban__TX,NC_GSO_urban,TX,2596.27,8.73093,2566.1846506761794,394.0992914659648,2551.4,8.1142,2525.857186549544,360.12141446465336,2462.39,8.78815,2433.4815440425527,376.20750511422864,7525.523381268276,1130.4282110448466,7609.952043366736,7610.059999999999,5.0,23,2700.0,uhs0_1247_circuit_2_fire_baseline,uhs0_1247,circuit_2,fire_baseline,data,,,,,,summer,TX
NC_GSO_urban__TX,NC_GSO_urban,TX,2614.6,9.1448,2581.36801551125,415.5386004879782,2601.16,8.38566,2573.3506438245417,379.3412837114034,2463.68,8.96702,2433.569450332772,384.00374061596426,7588.288109668564,1178.883624815346,7679.315271311309,7679.44,6.0,24,0.0,uhs0_1247_circuit_2_fire_baseline,uhs0_1247,circuit_2,fire_baseline,data,,,,,,summer,TX
NC_GSO_urban__TX,NC_GSO_urban,TX,2735.3,9.28995,2699.4239349595305,441.5614446117384,2712.89,8.34646,2684.156176549317,393.799151842852,2580.07,9.11837,2547.4657788369427,408.8756663763332,7931.045890345791,1244.2362628309236,8028.051618700164,8028.26,6.0,25,900.0,uhs0_1247_circuit_2_fire_baseline,uhs0_1247,circuit_2,fire_baseline,data,,,,,,summer,TX
NC_GSO_urban__TX,NC_GSO_urban,TX,2894.46,8.95407,2859.1864482954024,450.5014378266986,2797.34,8.05609,2769.7340306714323,392.0261151257437,2709.71,8.84715,2677.470280458227,416.75074248637446,8306.390759425061,1259.2782954388167,8401.304022211394,8401.51,6.0,26,1800.0,uhs0_1247_circuit_2_fire_baseline,uhs0_1247,circuit_2,fire_baseline,data,,,,,,summer,TX
NC_GSO_urban__TX,NC_GSO_urban,TX,2961.39,9.01332,2924.822597419467,463.94342944419486,2896.21,8.29078,2865.9417265630354,417.6246928102879,2784.62,8.85041,2751.4646404636555,428.4283798702011,8542.228964446158,1309.996502124684,8642.092716269699,8642.220000000001,6.0,27,2700.0,uhs0_1247_circuit_2_fire_baseline,uhs0_1247,circuit_2,fire_baseline,data,,,,,,summer,TX
NC_GSO_urban__TX,NC_GSO_urban,TX,2962.67,9.06029,2925.705312259438,466.5425540257866,2948.65,8.479,2916.4211726695617,434.7693251653088,2764.6,8.86273,2731.591487157049,425.93556706518416,8573.71797208605,1327.2474462562795,8675.841495121102,8675.92,7.0,28,0.0,uhs0_1247_circuit_2_fire_baseline,uhs0_1247,circuit_2,fire_baseline,data,,,,,,summer,TX
NC_GSO_urban__TX,NC_GSO_urban,TX,3174.02,9.52444,3130.2664814009463,525.1996913724713,3025.85,8.73128,2990.7839094644323,459.3254068616772,2943.22,9.46087,2903.186587453576,483.7888039523664,9024.236978318955,1468.313902186515,9142.909753257623,9143.09,7.0,29,900.0,uhs0_1247_circuit_2_fire_baseline,uhs0_1247,circuit_2,fire_baseline,data,,,,,,summer,TX
NC_GSO_urban__TX,NC_GSO_urban,TX,3513.25,10.1127,3458.66914772906,616.8738031778745,3378.4,9.54737,3331.6051373597697,560.3514689174918,3254.89,10.1119,3204.330934638347,571.4649362994503,9994.605219727177,1748.6902083948166,10146.430453274374,10146.54,7.0,30,1800.0,uhs0_1247_circuit_2_fire_baseline,uhs0_1247,circuit_2,fire_baseline,data,,,,,,summer,TX
NC_GSO_urban__TX,NC_GSO_urban,TX,3409.62,10.0438,3357.3666160386133,594.6410260900522,3294.53,9.44696,3249.8494761296342,540.7460618441382,3137.37,9.98512,3089.847682783163,543.9961526513944,9697.06377495141,1679.3832405855846,9841.411175448093,9841.52,7.0,31,2700.0,uhs0_1247_circuit_2_fire_baseline,uhs0_1247,circuit_2,fire_baseline,data,,,,,,summer,TX
NC_GSO_urban__TX,NC_GSO_urban,TX,3441.54,10.3055,3386.020628011934,615.6800128944147,3334.7,9.68654,3287.157260918893,561.0893262112551,3152.71,10.1859,3103.020633305093,557.533221775043,9776.19852223592,1734.302560880713,9928.839958365992,9928.95,8.0,32,0.0,uhs0_1247_circuit_2_fire_baseline,uhs0_1247,circuit_2,fire_baseline,data,,,,,,summer,TX
NC_GSO_urban__TX,NC_GSO_urban,TX,3597.81,10.7504,3534.6651803461305,671.1027186270808,3447.87,9.9561,3395.946846839557,596.114544647644,3308.69,10.4972,3253.3151424494104,602.8018745901284,10183.927169635095,1870.019137864853,10354.19452069608,10354.37,8.0,33,900.0,uhs0_1247_circuit_2_fire_baseline,uhs0_1247,circuit_2,fire_baseline,data,,,,,,summer,TX
NC_GSO_urban__TX,NC_GSO_urban,TX,3771.74,11.8506,3691.350676707085,774.5662070953928,3510.97,10.6662,3450.308001899657,649.8346196742641,3456.31,11.7003,3384.49392265212,700.9134779920148,10526.152601258862,2125.314304761672,10738.56831607516,10739.02,8.0,34,1800.0,uhs0_1247_circuit_2_fire_baseline,uhs0_1247,circuit_2,fire_baseline,data,,,,,,summer,TX
NC_GSO_urban__TX,NC_GSO_urban,TX,3591.09,11.6612,3516.969583352895,725.8459463760651,3439.66,10.8469,3378.205448482124,647.2934909650247,3302.88,11.5562,3235.926256722949,661.6627203122474,10131.101288557968,2034.8021576533367,10333.423108525634,10333.63,8.0,35,2700.0,uhs0_1247_circuit_2_fire_baseline,uhs0_1247,circuit_2,fire_baseline,data,,,,,,summer,TX
NC_GSO_urban__TX,NC_GSO_urban,TX,3593.8,11.8274,3517.5017668866376,736.6001357245225,3442.43,11.1334,3377.644391755221,664.712469978189,3265.12,11.743,3196.7821639232534,664.5241988236098,10091.928322565112,2065.836804526321,10301.198909385615,10301.35,9.0,36,0.0,uhs0_1247_circuit_2_fire_baseline,uhs0_1247,circuit_2,fire_baseline,data,,,,,,summer,TX
NC_GSO_urban__TX,NC_GSO_urban,TX,3639.95,12.4035,3554.990506083203,781.8430175925939,3450.71,11.6586,3379.518685809806,697.3184038603623,3330.28,12.4881,3251.4887033679115,720.1292177594661,10185.99789526092,2199.2906392124223,10420.72130123377,10420.94,9.0,37,900.0,uhs0_1247_circuit_2_fire_baseline,uhs0_1247,circuit_2,fire_baseline,data,,,,,,summer,TX
NC_GSO_urban__TX,NC_GSO_urban,TX,3856.08,13.0824,3755.997539804467,872.8318551604251,3600.46,11.9453,3522.4943689665192,745.2151583262129,3542.68,13.0543,3451.1245298854096,800.2006383546627,10729.616438656396,2418.2476518413005,10998.754048814872,10999.22,9.0,38,1800.0,uhs0_1247_circuit_2_fire_baseline,uhs0_1247,circuit_2,fire_baseline,data,,,,,,summer,TX
NC_GSO_urban__TX,NC_GSO_urban,TX,3876.51,13.1323,3775.1316647855456,880.744397446568,3615.16,12.0574,3535.405304633356,755.1762427210807,3558.77,13.0228,3467.2401143689085,801.9288635602769,10777.777083787809,2437.849503727926,11050.049279104966,11050.44,9.0,39,2700.0,uhs0_1247_circuit_2_fire_baseline,uhs0_1247,circuit_2,fire_baseline,data,,,,,,summer,TX
NC_GSO_urban__TX,NC_GSO_urban,TX,3655.33,12.0657,3574.5784573736773,764.085244576821,3461.29,11.3821,3393.216386219562,683.0893209464298,3364.21,12.0122,3290.5449294315304,700.1592615201512,10258.33977302477,2147.333827043402,10480.676383878415,10480.83,10.0,40,0.0,uhs0_1247_circuit_2_fire_baseline,uhs0_1247,circuit_2,fire_baseline,data,,,,,,summer,TX
NC_GSO_urban__TX,NC_GSO_urban,TX,4206.62,13.2899,4093.964236272319,967.0101636090526,3924.06,12.627,3829.1521197865422,857.8117084385306,3934.78,13.5177,3825.777769443332,919.7380644690112,11748.894125502193,2744.5599365165945,12065.202957985908,12065.46,10.0,41,900.0,uhs0_1247_circuit_2_fire_baseline,uhs0_1247,circuit_2,fire_baseline,data,,,,,,summer,TX
NC_GSO_urban__TX,NC_GSO_urban,TX,4337.51,14.6113,4197.232488863993,1094.181170796031,4014.96,13.5427,3903.32674296701,940.183034966358,4062.19,14.7721,3927.925125067332,1035.7566354915573,12028.484356898334,3070.1208412539463,12414.10801886506,12414.660000000002,10.0,42,1800.0,uhs0_1247_circuit_2_fire_baseline,uhs0_1247,circuit_2,fire_baseline,data,,,,,,summer,TX
NC_GSO_urban__TX,NC_GSO_urban,TX,3827.93,13.2239,3726.426944245012,875.6656405870792,3606.73,12.1849,3525.4759775094863,761.2623889983868,3500.2,13.0009,3410.4777323036783,787.4272521704842,10662.380654058175,2424.3552817559503,10934.526041132833,10934.86,10.0,43,2700.0,uhs0_1247_circuit_2_fire_baseline,uhs0_1247,circuit_2,fire_baseline,data,,,,,,summer,TX
NC_GSO_urban__TX,NC_GSO_urban,TX,3677.35,12.4641,3590.680121791028,793.6745463190612,3537.23,11.4893,3466.350700656096,704.5629091578679,3407.75,12.1487,3331.4324606095565,717.1595519108398,10388.46328305668,2215.397007387769,10622.059747702397,10622.33,11.0,44,0.0,uhs0_1247_circuit_2_fire_baseline,uhs0_1247,circuit_2,fire_baseline,data,,,,,,summer,TX
NC_GSO_urban__TX,NC_GSO_urban,TX,3730.72,12.5883,3641.038293417562,813.0878576555712,3576.21,11.5502,3503.7905003155097,716.0517397498535,3453.03,12.3263,3373.429668047773,737.148869384667,10518.258461780844,2266.288466790092,10759.638678112296,10759.96,11.0,45,900.0,uhs0_1247_circuit_2_fire_baseline,uhs0_1247,circuit_2,fire_baseline,data,,,,,,summer,TX
NC_GSO_urban__TX,NC_GSO_urban,TX,3833.32,12.768,3738.533259592638,847.178428266234,3652.18,11.7344,3575.8526592664352,742.7627559437553,3491.86,12.2459,3412.4072199908187,740.65054145294,10726.793138849893,2330.591725662929,10977.055563100954,10977.36,11.0,46,1800.0,uhs0_1247_circuit_2_fire_baseline,uhs0_1247,circuit_2,fire_baseline,data,,,,,,summer,TX
NC_GSO_urban__TX,NC_GSO_urban,TX,3890.94,12.8431,3793.598102976482,864.8858402663525,3726.28,11.9788,3645.1382525008735,773.3884913514554,3593.25,12.4318,3508.9988755462914,773.5453793507296,10947.735231023647,2411.819710968537,11210.253387270635,11210.47,11.0,47,2700.0,uhs0_1247_circuit_2_fire_baseline,uhs0_1247,circuit_2,fire_baseline,data,,,,,,summer,TX
NC_GSO_urban__TX,NC_GSO_urban,TX,3893.16,12.9128,3794.70702645909,869.9961890387855,3702.71,11.8554,3623.728238871138,760.6937589515792,3621.28,12.4639,3535.934339653229,781.5607360027022,10954.369604983456,2412.2506839930666,11216.825166017808,11217.15,12.0,48,0.0,uhs0_1247_circuit_2_fire_baseline,uhs0_1247,circuit_2,fire_baseline,data,,,,,,summer,TX
NC_GSO_urban__TX,NC_GSO_urban,TX,3791.09,12.4007,3702.6425615184608,814.1261878431459,3658.74,11.5875,3584.171566484308,734.9099057744551,3543.67,12.1025,3464.908707712201,742.97019867567,10751.722835714969,2292.006292293271,10993.308727582733,10993.5,12.0,49,900.0,uhs0_1247_circuit_2_fire_baseline,uhs0_1247,circuit_2,fire_baseline,data,,,,,,summer,TX
NC_GSO_urban__TX,NC_GSO_urban,TX,4030.12,13.0723,3925.681170860824,911.5341788154676,3844.95,12.1719,3758.5132875562895,810.6900577673348,3710.23,12.5968,3620.920845279856,809.159369418544,11305.11530369697,2531.3836060013464,11585.05653808456,11585.3,12.0,50,1800.0,uhs0_1247_circuit_2_fire_baseline,uhs0_1247,circuit_2,fire_baseline,data,,,,,,summer,TX
NC_GSO_urban__TX,NC_GSO_urban,TX,4053.91,12.9815,3950.3027932021178,910.6558790891028,3848.72,12.1307,3762.7810821193298,808.7794300332349,3780.49,12.7872,3686.729403582035,836.7382773984053,11399.813278903484,2556.173586520743,11682.883471056728,11683.12,12.0,51,2700.0,uhs0_1247_circuit_2_fire_baseline,uhs0_1247,circuit_2,fire_baseline,data,,,,,,summer,TX
NC_GSO_urban__TX,NC_GSO_urban,TX,4156.78,13.4468,4042.827108716304,966.627610524634,3966.22,12.7058,3869.096331502283,872.3500822236288,3848.78,13.1116,3748.442535956785,873.0899398285771,11660.365976175372,2712.06763257684,11971.60998120216,11971.78,13.0,52,0.0,uhs0_1247_circuit_2_fire_baseline,uhs0_1247,circuit_2,fire_baseline,data,,,,,,summer,TX
NC_GSO_urban__TX,NC_GSO_urban,TX,4302.34,13.7982,4178.182096423151,1026.1207749232287,4040.43,12.802,3939.991456545079,895.2887284288717,4015.61,13.4758,3905.053967871712,935.7762446810692,12023.22752083994,2857.1857480331696,12358.054475387573,12358.38,13.0,53,900.0,uhs0_1247_circuit_2_fire_baseline,uhs0_1247,circuit_2,fire_baseline,data,,,,,,summer,TX
NC_GSO_urban__TX,NC_GSO_urban,TX,4434.8,14.4347,4294.803872862326,1105.491173029782,4264.79,13.8065,4141.568330495399,1017.7649571180718,4171.26,14.269,4042.5734125141576,1028.110009694314,12478.945615871882,3151.366139842168,12870.7106342747,12870.85,13.0,54,1800.0,uhs0_1247_circuit_2_fire_baseline,uhs0_1247,circuit_2,fire_baseline,data,,,,,,summer,TX
NC_GSO_urban__TX,NC_GSO_urban,TX,4486.36,14.3981,4345.449746794809,1115.5682622237553,4230.71,13.4305,4115.010129803522,982.6488364183816,4205.41,14.1418,4077.9609641606894,1027.4763466287714,12538.420840759023,3125.6934452709083,12922.149847985424,12922.48,13.0,55,2700.0,uhs0_1247_circuit_2_fire_baseline,uhs0_1247,circuit_2,fire_baseline,data,,,,,,summer,TX
NC_GSO_urban__TX,NC_GSO_urban,TX,4398.46,14.439,4259.528742220684,1096.7521441947945,4161.14,13.5801,4044.8053929730095,977.0544675587254,4113.85,14.2385,3987.4737469987294,1011.83740763816,12291.807882192425,3085.64401939168,12673.189812637364,12673.45,14.0,56,0.0,uhs0_1247_circuit_2_fire_baseline,uhs0_1247,circuit_2,fire_baseline,data,,,,,,summer,TX
NC_GSO_urban__TX,NC_GSO_urban,TX,4832.39,15.8031,4649.741413243256,1316.0159201432982,4523.96,14.8819,4372.213988350314,1161.877326430738,4673.63,16.0509,4491.435301783921,1292.2175926635466,13513.390703377492,3770.110839237583,14029.449883807489,14029.98,14.0,57,900.0,uhs0_1247_circuit_2_fire_baseline,uhs0_1247,circuit_2,fire_baseline,data,,,,,,summer,TX
NC_GSO_urban__TX,NC_GSO_urban,TX,4817.67,16.0484,4629.918227901145,1331.8413688757098,4486.02,15.0041,4333.079479913444,1161.3774843490992,4688.32,16.3036,4499.791659961081,1316.1380776137062,13462.78936777567,3809.3569308385154,13991.35082068994,13992.01,14.0,58,1800.0,uhs0_1247_circuit_2_fire_baseline,uhs0_1247,circuit_2,fire_baseline,data,,,,,,summer,TX
NC_GSO_urban__TX,NC_GSO_urban,TX,4750.88,15.878,4569.616974189956,1299.792861803386,4485.02,15.0119,4331.955462795879,1161.7083406573906,4607.48,16.0839,4427.129599684429,1276.477754603652,13328.702036670264,3737.978957064429,13842.932661318357,13843.38,14.0,59,2700.0,uhs0_1247_circuit_2_fire_baseline,uhs0_1247,circuit_2,fire_baseline,data,,,,,,summer,TX
NC_GSO_urban__TX,NC_GSO_urban,TX,4365.51,14.7893,4220.885352293714,1114.362778852727,4102.5,13.7813,3984.397557857761,977.2831477811892,4133.83,14.6626,3999.2043355060855,1046.381933984588,12204.48724565756,3138.027860618504,12601.45736744112,12601.84,15.0,60,0.0,uhs0_1247_circuit_2_fire_baseline,uhs0_1247,circuit_2,fire_baseline,data,,,,,,summer,TX
NC_GSO_urban__TX,NC_GSO_urban,TX,4040.82,14.1316,3918.5347180784174,986.5657279746234,3861.52,13.3208,3757.626939856885,889.7058453566425,3822.02,13.9694,3708.982960840089,922.6495957826504,11385.144618775392,2798.921169113916,11724.140808662452,11724.36,15.0,61,900.0,uhs0_1247_circuit_2_fire_baseline,uhs0_1247,circuit_2,fire_baseline,data,,,,,,summer,TX
NC_GSO_urban__TX,NC_GSO_urban,TX,3877.36,13.7167,3766.777877047749,919.404695758975,3691.52,12.7495,3600.502792543696,814.6775750473641,3708.39,13.6678,3603.376066594746,876.2632679692653,10970.65673618619,2610.3455387756044,11276.932785781475,11277.27,15.0,62,1800.0,uhs0_1247_circuit_2_fire_baseline,uhs0_1247,circuit_2,fire_baseline,data,,,,,,summer,TX
NC_GSO_urban__TX,NC_GSO_urban,TX,3749.72,13.2286,3650.2204186646536,858.073990727861,3528.72,12.0946,3450.3929615798784,739.3600266987885,3507.7,12.9132,3418.9893381215693,783.88213132526,10519.6027183661,2381.3161487519096,10785.764133920327,10786.14,15.0,63,2700.0,uhs0_1247_circuit_2_fire_baseline,uhs0_1247,circuit_2,fire_baseline,data,,,,,,summer,TX
NC_GSO_urban__TX,NC_GSO_urban,TX,3760.48,15.0904,3630.804605246097,979.0136612549052,3569.76,14.1706,3461.136115858727,873.9126072430618,3514.69,14.8994,3396.521806008336,903.7064885292529,10488.46252711316,2756.63275702722,10844.670135129629,10844.93,16.0,64,0.0,uhs0_1247_circuit_2_fire_baseline,uhs0_1247,circuit_2,fire_baseline,data,,,,,,summer,TX
NC_GSO_urban__TX,NC_GSO_urban,TX,3682.95,14.9865,3557.681019786651,952.379369762813,3540.22,14.01,3434.910803859647,857.0562513209219,3471.93,14.7652,3357.2811827202463,884.85082644056,10349.873006366544,2694.286447524295,10694.814197040916,10695.1,16.0,65,900.0,uhs0_1247_circuit_2_fire_baseline,uhs0_1247,circuit_2,fire_baseline,data,,,,,,summer,TX
NC_GSO_urban__TX,NC_GSO_urban,TX,3730.06,15.325,3597.4272363659484,985.8320762951748,3504.69,14.3622,3395.157992180717,869.3412472852068,3457.73,15.0371,3339.3305270194965,897.0888385303263,10331.915755566162,2752.262162110708,10692.21353084115,10692.48,16.0,66,1800.0,uhs0_1247_circuit_2_fire_baseline,uhs0_1247,circuit_2,fire_baseline,data,,,,,,summer,TX
NC_GSO_urban__TX,NC_GSO_urban,TX,3811.35,15.4395,3673.806380092607,1014.6602899940726,3541.8,14.6976,3425.90657094224,898.6163848799922,3505.7,15.2676,3381.971510173277,923.1474391321684,10481.684461208124,2836.424114006233,10858.683663264525,10858.85,16.0,67,2700.0,uhs0_1247_circuit_2_fire_baseline,uhs0_1247,circuit_2,fire_baseline,data,,,,,,summer,TX
NC_GSO_urban__TX,NC_GSO_urban,TX,3928.38,15.6117,3783.452760739308,1057.1918613260834,3653.06,14.8089,3531.7188538126466,933.7072888353644,3586.57,15.282,3459.749849662502,945.3122990103824,10774.921464214458,2936.2114491718303,11167.822985445157,11168.01,17.0,68,0.0,uhs0_1247_circuit_2_fire_baseline,uhs0_1247,circuit_2,fire_baseline,data,,,,,,summer,TX
NC_GSO_urban__TX,NC_GSO_urban,TX,3649.08,14.3911,3534.578363187194,906.9402631314462,3411.71,13.3319,3319.766597121288,786.7114240544272,3381.07,14.0442,3280.0057956847154,820.4854204522328,10134.350755993197,2514.1371076381065,10441.549245274991,10441.86,17.0,69,900.0,uhs0_1247_circuit_2_fire_baseline,uhs0_1247,circuit_2,fire_baseline,data,,,,,,summer,TX
NC_GSO_urban__TX,NC_GSO_urban,TX,3711.28,14.2351,3597.3247397128152,912.6083253237008,3425.79,13.2817,3334.1579965815454,787.037215086641,3360.49,13.7356,3264.385954617536,797.9206598376536,10195.868690911895,2497.566200247996,10497.312765033665,10497.56,17.0,70,1800.0,uhs0_1247_circuit_2_fire_baseline,uhs0_1247,circuit_2,fire_baseline,data,,,,,,summer,TX
NC_GSO_urban__TX,NC_GSO_urban,TX,3693.7,13.7502,3587.84313865733,877.9529044256972,3386.47,12.7015,3303.5989748723428,744.5890639288259,3302.97,13.024,3218.003580680499,744.3546034166013,10109.445694210171,2366.8965717711244,10382.82676469402,10383.14,17.0,71,2700.0,uhs0_1247_circuit_2_fire_baseline,uhs0_1247,circuit_2,fire_baseline,data,,,,,,summer,TX
NC_GSO_urban__TX,NC_GSO_urban,TX,3557.49,13.3926,3460.7469102417062,823.993885506733,3232.93,11.8243,3164.329071026084,662.46351987049,3216.31,12.6177,3138.633945215221,702.5859193313921,9763.70992648301,2189.043324708616,10006.09525269244,10006.73,18.0,72,0.0,uhs0_1247_circuit_2_fire_baseline,uhs0_1247,circuit_2,fire_baseline,data,,,,,,summer,TX
NC_GSO_urban__TX,NC_GSO_urban,TX,3499.54,12.3829,3418.127831348945,750.4547555700847,3219.72,11.0702,3159.809586521965,618.223467141039,3167.89,11.6441,3102.695431235986,639.3810390427119,9680.632849106896,2008.059261753836,9886.705940702535,9887.15,18.0,73,900.0,uhs0_1247_circuit_2_fire_baseline,uhs0_1247,circuit_2,fire_baseline,data,,,,,,summer,TX
NC_GSO_urban__TX,NC_GSO_urban,TX,3708.1,12.365,3622.084207144776,794.0476096257692,3410.69,11.2546,3345.101116095011,665.6611744723524,3408.0,11.7077,3337.0984314112,691.5475826527871,10304.283754650987,2151.256366750909,10526.450857333186,10526.79,18.0,74,1800.0,uhs0_1247_circuit_2_fire_baseline,uhs0_1247,circuit_2,fire_baseline,data,,,,,,summer,TX
NC_GSO_urban__TX,NC_GSO_urban,TX,3879.68,12.3683,3789.636255960911,831.0077917243404,3522.69,11.1604,3456.072994843147,681.8389035658805,3559.2,11.7822,3484.21075971676,726.7599479016135,10729.920010520818,2239.6066431918343,10961.159671695512,10961.57,18.0,75,2700.0,uhs0_1247_circuit_2_fire_baseline,uhs0_1247,circuit_2,fire_baseline,data,,,,,,summer,TX
NC_GSO_urban__TX,NC_GSO_urban,TX,3929.13,11.9516,3843.957788910997,813.6652100037751,3584.58,10.7902,3521.20206794727,671.0810480738304,3580.45,11.2546,3511.5965658334185,698.7930747559978,10876.756422691686,2183.539332833603,11093.767362649907,11094.16,19.0,76,0.0,uhs0_1247_circuit_2_fire_baseline,uhs0_1247,circuit_2,fire_baseline,data,,,,,,summer,TX
NC_GSO_urban__TX,NC_GSO_urban,TX,3921.39,11.5626,3841.81046870892,785.9973629844723,3599.77,10.4025,3540.6027160500785,649.9818920545465,3588.13,10.837,3524.13943434891,674.6244467605242,10906.552619107908,2110.603701799543,11108.894545337062,11109.29,19.0,77,900.0,uhs0_1247_circuit_2_fire_baseline,uhs0_1247,circuit_2,fire_baseline,data,,,,,,summer,TX
NC_GSO_urban__TX,NC_GSO_urban,TX,3838.78,11.4273,3762.683421033873,760.5559555199304,3590.65,10.3765,3531.9264576161904,646.7324953106586,3559.08,10.7101,3497.081012504465,661.4188070963386,10791.690891154529,2068.7072579269275,10988.18192465101,10988.51,19.0,78,1800.0,uhs0_1247_circuit_2_fire_baseline,uhs0_1247,circuit_2,fire_baseline,data,,,,,,summer,TX
NC_GSO_urban__TX,NC_GSO_urban,TX,3841.23,11.2838,3766.979107899885,751.609149455877,3562.37,10.1532,3506.583018421977,627.9773497624041,3550.7,10.7555,3488.3230357699395,662.6257526815513,10761.8851620918,2042.212251899832,10953.940073045016,10954.3,19.0,79,2700.0,uhs0_1247_circuit_2_fire_baseline,uhs0_1247,circuit_2,fire_baseline,data,,,,,,summer,TX
NC_GSO_urban__TX,NC_GSO_urban,TX,4081.41,12.1126,3990.546040924064,856.4168864316474,3674.85,10.8787,3608.80905766185,693.5558433448515,3786.11,11.5793,3709.054452205529,759.9631587612278,11308.409550791444,2309.935888537727,11541.920567114716,11542.37,20.0,80,0.0,uhs0_1247_circuit_2_fire_baseline,uhs0_1247,circuit_2,fire_baseline,data,,,,,,summer,TX
NC_GSO_urban__TX,NC_GSO_urban,TX,4260.06,12.5747,4157.873906412678,927.4674021077976,3918.37,11.594,3838.4207581799487,787.4957397175339,3998.5,11.846,3913.343519067522,820.8195610316717,11909.638183660149,2535.782702857003,12176.603614382975,12176.93,20.0,81,900.0,uhs0_1247_circuit_2_fire_baseline,uhs0_1247,circuit_2,fire_baseline,data,,,,,,summer,TX
NC_GSO_urban__TX,NC_GSO_urban,TX,4095.91,12.3897,4000.5198002450734,878.8174190052832,3748.34,11.157,3677.498811638913,725.2966606805668,3804.86,11.5918,3727.2561410196345,764.5399131709381,11405.274752903622,2368.653992856788,11648.640003326447,11649.11,20.0,82,1800.0,uhs0_1247_circuit_2_fire_baseline,uhs0_1247,circuit_2,fire_baseline,data,,,,,,summer,TX
NC_GSO_urban__TX,NC_GSO_urban,TX,3983.94,12.0604,3896.0060028654034,832.4152504830403,3670.97,11.0136,3603.357576975888,701.3094276782949,3755.68,11.5372,3679.796695807116,751.1514760200057,11179.160275648406,2284.876154181341,11410.27096560734,11410.59,20.0,83,2700.0,uhs0_1247_circuit_2_fire_baseline,uhs0_1247,circuit_2,fire_baseline,data,,,,,,summer,TX
NC_GSO_urban__TX,NC_GSO_urban,TX,3941.11,11.8402,3857.257638484888,808.6479718950549,3669.46,10.7866,3604.624485574633,686.7452290302506,3727.55,11.3211,3655.020942588009,731.745113918136,11116.90306664753,2227.138314843441,11337.798678168569,11338.12,21.0,84,0.0,uhs0_1247_circuit_2_fire_baseline,uhs0_1247,circuit_2,fire_baseline,data,,,,,,summer,TX
NC_GSO_urban__TX,NC_GSO_urban,TX,3818.06,11.402,3742.70781582778,754.7982306164018,3519.64,10.3928,3461.89730619448,634.9273745582265,3524.89,10.9352,3460.8863004481627,668.6669780019266,10665.491422470424,2058.392583176555,10862.305800761937,10862.59,21.0,85,900.0,uhs0_1247_circuit_2_fire_baseline,uhs0_1247,circuit_2,fire_baseline,data,,,,,,summer,TX
NC_GSO_urban__TX,NC_GSO_urban,TX,3688.4,11.8297,3610.063009666981,756.1346614421147,3416.15,10.7561,3356.130068247103,637.5513998947054,3466.36,11.2709,3399.5079589073384,677.4933851527,10365.70103682142,2071.17944648952,10570.59800977794,10570.91,21.0,86,1800.0,uhs0_1247_circuit_2_fire_baseline,uhs0_1247,circuit_2,fire_baseline,data,,,,,,summer,TX
NC_GSO_urban__TX,NC_GSO_urban,TX,3937.22,12.643,3841.753330753751,861.7613788296962,3617.78,11.5875,3544.04636836605,726.6825078887016,3695.45,12.0711,3613.739328581716,772.812245996251,10999.539027701518,2361.2561327146486,11250.12841465427,11250.45,21.0,87,2700.0,uhs0_1247_circuit_2_fire_baseline,uhs0_1247,circuit_2,fire_baseline,data,,,,,,summer,TX
NC_GSO_urban__TX,NC_GSO_urban,TX,4192.2,13.5101,4076.196602304649,979.3682143913156,3906.51,12.6574,3811.5729478098,855.9976890298926,3956.19,13.0852,3853.4654725808177,895.6802820914922,11741.235022695266,2731.0461855127005,12054.6759859222,12054.9,22.0,88,0.0,uhs0_1247_circuit_2_fire_baseline,uhs0_1247,circuit_2,fire_baseline,data,,,,,,summer,TX
NC_GSO_urban__TX,NC_GSO_urban,TX,4242.61,14.1098,4114.611867536795,1034.2672728194416,3923.27,12.9947,3822.798465171848,882.1901085252346,3961.55,13.3677,3854.2172281002586,915.9082711249854,11791.627560808902,2832.3656524696617,12127.026664525729,12127.43,22.0,89,900.0,uhs0_1247_circuit_2_fire_baseline,uhs0_1247,circuit_2,fire_baseline,data,,,,,,summer,TX
NC_GSO_urban__TX,NC_GSO_urban,TX,4181.98,13.95,4058.638661915975,1008.1710829025508,3870.85,12.8635,3773.7041167475054,861.7638665800037,3881.87,13.2447,3778.614027720241,889.3765942590436,11610.956806383723,2759.311543741598,11934.325207364434,11934.7,22.0,90,1800.0,uhs0_1247_circuit_2_fire_baseline,uhs0_1247,circuit_2,fire_baseline,data,,,,,,summer,TX
NC_GSO_urban__TX,NC_GSO_urban,TX,3936.09,13.4404,3828.28926425214,914.8802092688464,3616.14,11.9712,3537.496132942362,750.0597369662204,3627.75,12.593,3540.478690680858,790.9365988084998,10906.26408787536,2455.8765450435662,11179.352662787542,11179.98,22.0,91,2700.0,uhs0_1247_circuit_2_fire_baseline,uhs0_1247,circuit_2,fire_baseline,data,,,,,,summer,TX
NC_GSO_urban__TX,NC_GSO_urban,TX,3882.42,13.7332,3771.428294622159,921.6906611892056,3565.21,12.415,3481.841226645981,766.4881059275555,3573.32,12.8889,3483.288153261537,797.069296703763,10736.557674529677,2485.2480638205243,11020.441399382593,11020.95,23.0,92,0.0,uhs0_1247_circuit_2_fire_baseline,uhs0_1247,circuit_2,fire_baseline,data,,,,,,summer,TX
NC_GSO_urban__TX,NC_GSO_urban,TX,3733.99,13.2029,3635.29072588886,852.8438651748888,3426.13,11.913,3352.338607074713,707.2429854133418,3446.45,12.5155,3364.5534521800346,746.8585340768432,10352.182785143606,2306.945384665074,10606.11547291708,10606.57,23.0,93,900.0,uhs0_1247_circuit_2_fire_baseline,uhs0_1247,circuit_2,fire_baseline,data,,,,,,summer,TX
NC_GSO_urban__TX,NC_GSO_urban,TX,3202.8,11.9959,3132.8587783826856,665.6753823828466,3049.22,10.7366,2995.840336388502,568.0521870987096,2998.88,11.56,2938.0488879909435,600.9575577153344,9066.748002762131,1834.6851271968903,9250.512897215409,9250.9,23.0,94,1800.0,uhs0_1247_circuit_2_fire_baseline,uhs0_1247,circuit_2,fire_baseline,data,,,,,,summer,TX
NC_GSO_urban__TX,NC_GSO_urban,TX,3219.61,12.1972,3146.931233451513,680.2296406562563,3030.97,10.8116,2977.168141771076,568.5499068009419,3066.59,11.8547,3001.184883222184,629.9710507782462,9125.284258444772,1878.750598235444,9316.67948401092,9317.17,23.0,95,2700.0,uhs0_1247_circuit_2_fire_baseline,uhs0_1247,circuit_2,fire_baseline,data,,,,,,summer,TX
NC_GSO_urban__TX,NC_GSO_urban,TX,3071.51,11.7482,3007.1676079820013,625.3932023965478,2933.04,10.6863,2882.1727660042884,543.8784685048572,2986.89,11.4917,2927.01353435432,595.0660818821971,8816.35390834061,1764.337752783602,8991.161434598438,8991.44,24.0,96,0.0,uhs0_1247_circuit_2_fire_baseline,uhs0_1247,circuit_2,fire_baseline,data,,,,,,summer,TX
NC_GSO_urban__TX,NC_GSO_urban,TX,,,,,,,,,,,,,,,,,,0,,uhs0_1247_circuit_2_fire_baseline,uhs0_1247,circuit_2,fire_baseline,summary,3927.0,364.0,4.0,4.0,1000.0,summer,TX
NC_GSO_urban__TX,NC_GSO_urban,TX,2798.46,10.8108,2748.79268770568,524.8972581522859,2760.44,10.5087,2714.1397607648755,503.4623646661042,2590.85,11.2341,2541.207711910901,504.7445764191666,8004.140160381456,1533.1041992375567,8149.64221256069,8149.75,0.0,1,900.0,uhs0_1247_circuit_2_fire_mixed,uhs0_1247,circuit_2,fire_mixed,data,,,,,,summer,TX
NC_GSO_urban__TX,NC_GSO_urban,TX,2840.39,10.4934,2792.8870139057394,517.2982501968119,2828.84,9.80726,2787.5002464458616,481.8486501633684,2685.78,10.8934,2637.3835561694827,507.56495746536143,8217.770816521084,1506.7118578255418,8354.755401289598,8355.01,0.0,2,1800.0,uhs0_1247_circuit_2_fire_mixed,uhs0_1247,circuit_2,fire_mixed,data,,,,,,summer,TX
NC_GSO_urban__TX,NC_GSO_urban,TX,2797.41,10.7295,2748.5030816567305,520.8008431477977,2818.82,9.91731,2776.699327138992,485.4760952568826,2630.62,10.6331,2585.449402230045,485.3998072808639,8110.651811025767,1491.676745685544,8246.682503486756,8246.849999999999,0.0,3,2700.0,uhs0_1247_circuit_2_fire_mixed,uhs0_1247,circuit_2,fire_mixed,data,,,,,,summer,TX
NC_GSO_urban__TX,NC_GSO_urban,TX,2688.04,10.8125,2640.3174708347774,504.2645087695973,2641.66,9.50604,2605.385245517286,436.2743151284878,2548.18,10.9501,2501.7852622276027,484.0369966239821,7747.487978579666,1424.5758205220673,7877.371785478489,7877.879999999999,1.0,4,0.0,uhs0_1247_circuit_2_fire_mixed,uhs0_1247,circuit_2,fire_mixed,data,,,,,,summer,TX
NC_GSO_urban__TX,NC_GSO_urban,TX,2809.95,10.2435,2765.16186517237,499.6987711576416,2754.59,9.26992,2718.6162159593646,443.725070762052,2675.15,10.2742,2632.2551786925906,477.1375029758613,8116.033259824326,1420.5613448955548,8239.416873127984,8239.69,1.0,5,900.0,uhs0_1247_circuit_2_fire_mixed,uhs0_1247,circuit_2,fire_mixed,data,,,,,,summer,TX
NC_GSO_urban__TX,NC_GSO_urban,TX,2726.01,10.0642,2684.0636896081064,476.3744642897211,2655.43,9.32129,2620.366638607961,430.10134174449513,2641.88,10.2528,2599.6944615051075,470.232539516005,7904.124789721174,1376.708345550221,8023.123740800239,8023.320000000001,1.0,6,1800.0,uhs0_1247_circuit_2_fire_mixed,uhs0_1247,circuit_2,fire_mixed,data,,,,,,summer,TX
NC_GSO_urban__TX,NC_GSO_urban,TX,2485.62,10.1042,2447.068834857981,436.07442239461983,2491.98,9.15065,2460.266085050488,396.3017930193432,2432.77,10.0842,2395.1873575780733,425.9664247310658,7302.522277486541,1258.342640145029,7410.145599999664,7410.370000000001,1.0,7,2700.0,uhs0_1247_circuit_2_fire_mixed,uhs0_1247,circuit_2,fire_mixed,data,,,,,,summer,TX
NC_GSO_urban__TX,NC_GSO_urban,TX,2673.37,10.0793,2632.110471297849,467.869237911852,2633.14,9.11433,2599.894552695772,417.10259464890817,2625.58,10.1009,2584.884626393693,460.47997202217056,7816.889650387314,1345.451804582931,7931.83486746842,7932.09,2.0,8,0.0,uhs0_1247_circuit_2_fire_mixed,uhs0_1247,circuit_2,fire_mixed,data,,,,,,summer,TX
NC_GSO_urban__TX,NC_GSO_urban,TX,2606.89,10.2629,2565.181348028092,464.4568051269997,2583.33,9.28632,2549.473582202815,416.86729609066776,2578.82,10.5747,2535.022559996992,473.258082557816,7649.677490227898,1354.5821837754834,7768.68448304482,7769.039999999999,2.0,9,900.0,uhs0_1247_circuit_2_fire_mixed,uhs0_1247,circuit_2,fire_mixed,data,,,,,,summer,TX
NC_GSO_urban__TX,NC_GSO_urban,TX,2333.79,9.89058,2299.1042321435143,400.8684245981239,2351.8,8.81164,2324.042365486788,360.2642411100134,2251.02,10.0424,2216.5320782660337,392.5259054096381,6839.678675896336,1153.6585711177754,6936.2909748816455,6936.610000000001,2.0,10,1800.0,uhs0_1247_circuit_2_fire_mixed,uhs0_1247,circuit_2,fire_mixed,data,,,,,,summer,TX
NC_GSO_urban__TX,NC_GSO_urban,TX,2546.17,9.91561,2508.1364537761674,438.44406500614514,2511.25,9.02175,2480.18303867092,393.7875787643415,2463.96,9.96538,2426.7849965700857,426.3958982240901,7415.104489017172,1258.6275419945769,7521.164661972901,7521.38,2.0,11,2700.0,uhs0_1247_circuit_2_fire_mixed,uhs0_1247,circuit_2,fire_mixed,data,,,,,,summer,TX
NC_GSO_urban__TX,NC_GSO_urban,TX,2522.31,9.7653,2485.763750012179,427.8157491553897,2495.14,9.0216,2464.273361637229,391.25492805222433,2442.84,9.90598,2406.4206179996986,420.24644539359207,7356.457729649106,1239.3171226012062,7460.1191182505,7460.29,3.0,12,0.0,uhs0_1247_circuit_2_fire_mixed,uhs0_1247,circuit_2,fire_mixed,data,,,,,,summer,TX
NC_GSO_urban__TX,NC_GSO_urban,TX,2415.22,10.0179,2378.396239204884,420.1416162867774,2435.74,9.20425,2404.3783931963194,389.6073535377423,2310.4,10.0937,2274.64068373231,404.9171766050541,7057.415316133513,1214.666146429574,7161.181801328464,7161.359999999999,3.0,13,900.0,uhs0_1247_circuit_2_fire_mixed,uhs0_1247,circuit_2,fire_mixed,data,,,,,,summer,TX
NC_GSO_urban__TX,NC_GSO_urban,TX,2639.5,10.1576,2598.1294922822503,465.4926329526343,2590.69,9.24898,2557.0090299888448,416.3886365590523,2500.22,9.92808,2462.7790739537427,431.0676064094179,7617.917596224837,1312.948875921105,7730.233065933685,7730.41,3.0,14,1800.0,uhs0_1247_circuit_2_fire_mixed,uhs0_1247,circuit_2,fire_mixed,data,,,,,,summer,TX
NC_GSO_urban__TX,NC_GSO_urban,TX,2610.94,10.3272,2568.6428878533206,468.0613189322019,2564.18,9.41252,2529.65703139791,419.3499444367581,2501.13,10.1816,2461.7432710273006,442.1214136996844,7560.043190278531,1329.5326770686445,7676.060850349619,7676.25,3.0,15,2700.0,uhs0_1247_circuit_2_fire_mixed,uhs0_1247,circuit_2,fire_mixed,data,,,,,,summer,TX
NC_GSO_urban__TX,NC_GSO_urban,TX,2541.58,10.9216,2495.545265287716,481.5420285915493,2507.36,9.58429,2472.361583439704,417.4714006150895,2423.19,10.798,2380.2844913455283,453.9774403645616,7348.191340072947,1352.9908695712004,7471.713341895959,7472.130000000001,4.0,16,0.0,uhs0_1247_circuit_2_fire_mixed,uhs0_1247,circuit_2,fire_mixed,data,,,,,,summer,TX
NC_GSO_urban__TX,NC_GSO_urban,TX,2707.19,10.4189,2662.55349921516,489.5779405948647,2638.67,9.40543,2603.1975109893174,431.2100273405336,2528.22,9.93958,2490.2722325565574,436.394977237112,7756.023242761034,1357.1829451725102,7873.870845328651,7874.08,4.0,17,900.0,uhs0_1247_circuit_2_fire_mixed,uhs0_1247,circuit_2,fire_mixed,data,,,,,,summer,TX
NC_GSO_urban__TX,NC_GSO_urban,TX,2665.83,10.5964,2620.3693483254224,490.21838730978055,2585.72,9.48915,2550.3391759688016,426.2839498723519,2546.78,10.233,2506.269519758058,452.4394575318507,7676.978044052282,1368.941794713983,7798.07627086165,7798.33,4.0,18,1800.0,uhs0_1247_circuit_2_fire_mixed,uhs0_1247,circuit_2,fire_mixed,data,,,,,,summer,TX
NC_GSO_urban__TX,NC_GSO_urban,TX,2476.64,10.2342,2437.2359896551493,440.0300220776796,2465.05,8.97318,2434.88138434849,384.4790587966794,2343.79,9.98022,2308.322931143494,406.1979931721826,7180.440305147133,1230.7070740465415,7285.146730017841,7285.48,4.0,19,2700.0,uhs0_1247_circuit_2_fire_mixed,uhs0_1247,circuit_2,fire_mixed,data,,,,,,summer,TX
NC_GSO_urban__TX,NC_GSO_urban,TX,2684.72,10.003,2643.908657038708,466.335170918702,2651.42,9.12703,2617.8505936476,420.578513168363,2566.54,9.92079,2528.1622095179,442.1802957681055,7789.921460204207,1329.0939798551703,7902.491199832955,7902.679999999999,5.0,20,0.0,uhs0_1247_circuit_2_fire_mixed,uhs0_1247,circuit_2,fire_mixed,data,,,,,,summer,TX
NC_GSO_urban__TX,NC_GSO_urban,TX,2719.32,10.3225,2675.3071167404805,487.2710678028566,2656.62,9.31025,2621.623787641607,429.7889487547042,2584.67,10.2107,2543.7353410626574,458.18066690863947,7840.666245444745,1375.2406834662004,7960.360174635139,7960.610000000001,5.0,21,900.0,uhs0_1247_circuit_2_fire_mixed,uhs0_1247,circuit_2,fire_mixed,data,,,,,,summer,TX
NC_GSO_urban__TX,NC_GSO_urban,TX,2528.21,10.2125,2488.1554442034912,448.2502532966675,2549.17,9.34234,2515.357875913637,413.8145055205735,2427.19,10.3773,2387.488243099089,437.2084001521762,7391.001563216218,1299.2731589694172,7504.333071571579,7504.57,5.0,22,1800.0,uhs0_1247_circuit_2_fire_mixed,uhs0_1247,circuit_2,fire_mixed,data,,,,,,summer,TX
NC_GSO_urban__TX,NC_GSO_urban,TX,2788.96,9.92663,2747.2073453802445,480.78028566989775,2737.11,9.30082,2701.126319200118,442.3660925347048,2662.54,10.0963,2621.3092437810383,466.75164709734105,8069.642908361401,1389.8980253019436,8188.464641750961,8188.61,5.0,23,2700.0,uhs0_1247_circuit_2_fire_mixed,uhs0_1247,circuit_2,fire_mixed,data,,,,,,summer,TX
NC_GSO_urban__TX,NC_GSO_urban,TX,2881.11,10.0452,2836.9439017350924,502.537690634317,2814.0,9.4425,2775.872384423486,461.65842935558896,2725.92,10.1837,2682.9757111460226,481.9555786589612,8295.791997304601,1446.1516986488673,8420.897790500017,8421.03,6.0,24,0.0,uhs0_1247_circuit_2_fire_mixed,uhs0_1247,circuit_2,fire_mixed,data,,,,,,summer,TX
NC_GSO_urban__TX,NC_GSO_urban,TX,2764.99,9.58551,2726.3857102392185,460.4244336515938,2710.98,8.78629,2679.1665421160264,414.1004709077917,2602.09,9.68756,2564.984269702866,437.8676332829977,7970.536522058111,1312.3925378423833,8077.860275026213,8078.059999999999,6.0,25,900.0,uhs0_1247_circuit_2_fire_mixed,uhs0_1247,circuit_2,fire_mixed,data,,,,,,summer,TX
NC_GSO_urban__TX,NC_GSO_urban,TX,3033.63,9.66363,2990.5834684616498,509.23618789702,2957.78,9.12748,2920.32811039149,469.1974595596927,2878.87,9.789,2836.955259787604,489.4663735778453,8747.866838640744,1467.900021034558,8870.169372584925,8870.279999999999,6.0,26,1800.0,uhs0_1247_circuit_2_fire_mixed,uhs0_1247,circuit_2,fire_mixed,data,,,,,,summer,TX
NC_GSO_urban__TX,NC_GSO_urban,TX,3056.71,9.83013,3011.832161891093,521.8649755429304,2991.28,9.2352,2952.506594425073,480.063379436983,2892.2,9.99258,2848.325999271418,501.85639566959634,8812.664755587584,1503.7847506495098,8940.046346113737,8940.189999999999,6.0,27,2700.0,uhs0_1247_circuit_2_fire_mixed,uhs0_1247,circuit_2,fire_mixed,data,,,,,,summer,TX
NC_GSO_urban__TX,NC_GSO_urban,TX,2989.09,9.76162,2945.813038767912,506.79835114665207,2920.34,9.06964,2883.828370982136,460.347306192317,2783.64,9.94349,2741.8256649903933,480.6700244450317,8571.467074740442,1447.8156817840008,8692.88318463898,8693.07,7.0,28,0.0,uhs0_1247_circuit_2_fire_mixed,uhs0_1247,circuit_2,fire_mixed,data,,,,,,summer,TX
NC_GSO_urban__TX,NC_GSO_urban,TX,3318.71,10.4029,3264.1581490171548,599.2559071923299,3197.21,9.70819,3151.423953684829,539.146407056082,3136.1,10.6218,3082.363829278117,578.0626557371976,9497.9459319801,1716.4649699856095,9651.799258169693,9652.02,7.0,29,900.0,uhs0_1247_circuit_2_fire_mixed,uhs0_1247,circuit_2,fire_mixed,data,,,,,,summer,TX
NC_GSO_urban__TX,NC_GSO_urban,TX,3592.05,10.6647,3530.004518465272,664.7490519848591,3480.93,10.0628,3427.3822672650635,608.21415548883,3405.07,10.902,3343.6156760398467,643.999934658849,10301.002461770182,1916.9631421325385,10477.852805116609,10478.05,7.0,30,1800.0,uhs0_1247_circuit_2_fire_mixed,uhs0_1247,circuit_2,fire_mixed,data,,,,,,summer,TX
NC_GSO_urban__TX,NC_GSO_urban,TX,3484.19,10.8013,3422.460602037323,652.9497558023326,3389.21,10.2056,3335.586920154145,600.5033906620225,3258.05,10.9319,3198.92707799983,617.8635384447526,9956.974600191295,1871.316684909108,10131.296527299646,10131.45,7.0,31,2700.0,uhs0_1247_circuit_2_fire_mixed,uhs0_1247,circuit_2,fire_mixed,data,,,,,,summer,TX
NC_GSO_urban__TX,NC_GSO_urban,TX,3574.65,10.9953,3509.0295504721066,681.7875302566965,3480.34,10.4098,3423.0556222749315,628.853498369836,3366.87,11.2042,3302.700537112569,654.2039124434727,10234.785709859609,1964.8449410700048,10421.68192611897,10421.86,8.0,32,0.0,uhs0_1247_circuit_2_fire_mixed,uhs0_1247,circuit_2,fire_mixed,data,,,,,,summer,TX
NC_GSO_urban__TX,NC_GSO_urban,TX,3631.03,11.2519,3561.237284013465,708.4969074402532,3544.31,10.627,3483.519961910733,653.6222541112306,3418.87,11.3646,3351.8365900001054,673.693959329059,10396.593835924305,2035.8131208805428,10594.040704675845,10594.21,8.0,33,900.0,uhs0_1247_circuit_2_fire_mixed,uhs0_1247,circuit_2,fire_mixed,data,,,,,,summer,TX
NC_GSO_urban__TX,NC_GSO_urban,TX,3703.85,12.357,3618.043500867484,792.6323538252543,3506.68,11.3581,3438.003277945156,690.607039667538,3490.28,12.5787,3406.505567770256,760.114659212839,10462.552346582896,2243.354052705631,10700.356957166336,10700.81,8.0,34,1800.0,uhs0_1247_circuit_2_fire_mixed,uhs0_1247,circuit_2,fire_mixed,data,,,,,,summer,TX
NC_GSO_urban__TX,NC_GSO_urban,TX,3740.53,12.8508,3646.8392248487385,831.9425154448198,3526.14,11.7434,3452.3340950906,717.6716487886137,3554.46,13.1963,3460.599674867183,811.4405596894629,10559.77299480652,2361.0547239228963,10820.507618000354,10821.13,8.0,35,2700.0,uhs0_1247_circuit_2_fire_mixed,uhs0_1247,circuit_2,fire_mixed,data,,,,,,summer,TX
NC_GSO_urban__TX,NC_GSO_urban,TX,3760.32,12.9798,3664.241237602233,844.5961490885774,3560.69,11.9846,3483.07923544334,739.3729206046418,3533.21,13.2516,3439.1307141958405,809.909152173753,10586.451187241411,2393.878221866972,10853.736761179262,10854.22,9.0,36,0.0,uhs0_1247_circuit_2_fire_mixed,uhs0_1247,circuit_2,fire_mixed,data,,,,,,summer,TX
NC_GSO_urban__TX,NC_GSO_urban,TX,3769.89,13.3387,3668.190678166768,869.7400535277334,3544.72,12.3162,3463.139341332517,756.1122806270089,3535.98,13.5031,3438.2359245119783,825.6441653613615,10569.565944011263,2451.4964995161035,10850.140982122875,10850.59,9.0,37,900.0,uhs0_1247_circuit_2_fire_mixed,uhs0_1247,circuit_2,fire_mixed,data,,,,,,summer,TX
NC_GSO_urban__TX,NC_GSO_urban,TX,3910.21,13.504,3802.1068502870194,913.0858355601196,3681.13,12.4907,3594.0017970759523,796.1590039149378,3653.4,13.5478,3551.743509972959,855.8326935592983,10947.85215733593,2565.0775330343554,11244.33589009874,11244.74,9.0,38,1800.0,uhs0_1247_circuit_2_fire_mixed,uhs0_1247,circuit_2,fire_mixed,data,,,,,,summer,TX
NC_GSO_urban__TX,NC_GSO_urban,TX,3872.48,13.4372,3766.471665352622,899.8847395615996,3656.61,12.5394,3569.388660418715,793.889969060129,3580.79,13.2234,3485.847364039271,819.100225076559,10821.707689810608,2512.874933698288,11109.630855978754,11109.88,9.0,39,2700.0,uhs0_1247_circuit_2_fire_mixed,uhs0_1247,circuit_2,fire_mixed,data,,,,,,summer,TX
NC_GSO_urban__TX,NC_GSO_urban,TX,3688.24,12.5038,3600.7610333637613,798.5200549824257,3525.66,11.9633,3449.084691889077,730.8168195768528,3420.31,12.3763,3340.8254793533715,733.0795404342672,10390.67120460621,2262.416414993545,10634.123194559335,10634.21,10.0,40,0.0,uhs0_1247_circuit_2_fire_mixed,uhs0_1247,circuit_2,fire_mixed,data,,,,,,summer,TX
NC_GSO_urban__TX,NC_GSO_urban,TX,4340.47,14.0443,4210.726350044878,1053.3106977230143,4021.37,13.2778,3913.87047781084,923.5987006382978,4093.87,14.2356,3968.1584865560135,1006.722306534174,12092.75531441173,2983.631704895486,12455.391974750964,12455.71,10.0,41,900.0,uhs0_1247_circuit_2_fire_mixed,uhs0_1247,circuit_2,fire_mixed,data,,,,,,summer,TX
NC_GSO_urban__TX,NC_GSO_urban,TX,4451.33,15.1897,4295.81660952871,1166.3183211273229,4113.15,14.1141,3988.982369094353,1003.0067704429512,4255.28,15.4554,4101.401348011209,1133.9818609359825,12386.200326634273,3303.3069525062565,12819.118353225043,12819.759999999998,10.0,42,1800.0,uhs0_1247_circuit_2_fire_mixed,uhs0_1247,circuit_2,fire_mixed,data,,,,,,summer,TX
NC_GSO_urban__TX,NC_GSO_urban,TX,4099.13,14.1775,3974.277088024564,1003.9862471682536,3843.16,13.1593,3742.241946734754,874.9308530957624,3826.7,14.1845,3710.030332288244,937.7141480756158,11426.549367047564,2816.631248339632,11768.57858990194,11768.99,10.0,43,2700.0,uhs0_1247_circuit_2_fire_mixed,uhs0_1247,circuit_2,fire_mixed,data,,,,,,summer,TX
NC_GSO_urban__TX,NC_GSO_urban,TX,3864.85,13.3445,3760.4986874648816,892.028667742747,3670.75,12.404,3585.064727446079,788.4899888533604,3647.36,13.4031,3548.0180885508407,845.4600007782977,10893.581503461804,2525.978657374405,11182.606411301264,11182.96,11.0,44,0.0,uhs0_1247_circuit_2_fire_mixed,uhs0_1247,circuit_2,fire_mixed,data,,,,,,summer,TX
NC_GSO_urban__TX,NC_GSO_urban,TX,3834.71,13.1807,3733.6875074064415,874.4017275469367,3660.26,12.1097,3578.810924385556,767.86433378469,3661.31,13.3646,3562.157614182831,846.3002114021259,10874.656045974829,2488.5662727337526,11155.765604029371,11156.28,11.0,45,900.0,uhs0_1247_circuit_2_fire_mixed,uhs0_1247,circuit_2,fire_mixed,data,,,,,,summer,TX
NC_GSO_urban__TX,NC_GSO_urban,TX,3916.86,13.1313,3814.4419645039698,889.8453568070662,3739.26,12.2221,3654.50709145315,791.6080255521906,3763.98,13.3327,3662.531026768545,867.9930405007557,11131.480082725666,2549.4464228600127,11419.699028221012,11420.1,11.0,46,1800.0,uhs0_1247_circuit_2_fire_mixed,uhs0_1247,circuit_2,fire_mixed,data,,,,,,summer,TX
NC_GSO_urban__TX,NC_GSO_urban,TX,3977.87,13.3779,3869.931273738126,920.3704001344262,3793.12,12.4783,3703.518580512673,819.5788297640439,3859.86,13.6099,3751.476506966436,908.2638588421896,11324.926361217236,2648.21308874066,11630.433768796864,11630.85,11.0,47,2700.0,uhs0_1247_circuit_2_fire_mixed,uhs0_1247,circuit_2,fire_mixed,data,,,,,,summer,TX
NC_GSO_urban__TX,NC_GSO_urban,TX,3988.15,13.2421,3882.108487766299,913.5502787000072,3816.82,12.34,3728.638530741277,815.7019182713337,3904.83,13.442,3797.860059152634,907.7203864589296,11408.60707766021,2636.972583430271,11709.395366892417,11709.8,12.0,48,0.0,uhs0_1247_circuit_2_fire_mixed,uhs0_1247,circuit_2,fire_mixed,data,,,,,,summer,TX
NC_GSO_urban__TX,NC_GSO_urban,TX,3866.12,12.5512,3773.728256973922,840.1540911740909,3800.07,12.1702,3714.66598731901,801.1170997771098,3761.4,12.8907,3666.603009311917,839.137850477973,11154.99725360485,2480.409041429174,11427.440340720896,11427.59,12.0,49,900.0,uhs0_1247_circuit_2_fire_mixed,uhs0_1247,circuit_2,fire_mixed,data,,,,,,summer,TX
NC_GSO_urban__TX,NC_GSO_urban,TX,3989.92,12.6263,3893.429876094379,872.1613419177156,3861.9,12.1276,3775.710686497797,811.3448230353965,3824.21,12.8116,3729.004303506592,848.0029649295576,11398.144866098766,2531.5091298826696,11675.883044260634,11676.03,12.0,50,1800.0,uhs0_1247_circuit_2_fire_mixed,uhs0_1247,circuit_2,fire_mixed,data,,,,,,summer,TX
NC_GSO_urban__TX,NC_GSO_urban,TX,4036.08,13.0066,3932.530920059213,908.3734524842936,3797.59,11.9705,3715.009578861815,787.6507075252077,3807.42,12.8174,3712.546814578452,844.6556730191257,11360.08731349948,2540.6798330286274,11640.731840579878,11641.09,12.0,51,2700.0,uhs0_1247_circuit_2_fire_mixed,uhs0_1247,circuit_2,fire_mixed,data,,,,,,summer,TX
NC_GSO_urban__TX,NC_GSO_urban,TX,4011.78,13.0965,3907.4328431804793,909.0364923557894,3837.07,12.3301,3748.562322142243,819.381902360283,3802.14,12.9193,3705.892390079901,850.0765687559434,11361.887555402624,2578.494963472016,11650.799333018467,11650.99,13.0,52,0.0,uhs0_1247_circuit_2_fire_mixed,uhs0_1247,circuit_2,fire_mixed,data,,,,,,summer,TX
NC_GSO_urban__TX,NC_GSO_urban,TX,4124.32,13.3921,4012.170758896144,955.2493202608104,3911.9,12.4477,3819.943623887565,843.2036054955739,3969.54,13.2409,3864.012355040624,909.2064296370814,11696.126737824332,2707.659355393466,12005.44875679785,12005.759999999998,13.0,53,900.0,uhs0_1247_circuit_2_fire_mixed,uhs0_1247,circuit_2,fire_mixed,data,,,,,,summer,TX
NC_GSO_urban__TX,NC_GSO_urban,TX,4311.79,14.1507,4180.953324843723,1054.1168339317126,4122.86,13.4169,4010.3367584490215,956.6470945090424,4113.9,14.0336,3991.115261308864,997.5831699399675,12182.405344601608,3008.347098380723,12548.352570935896,12548.55,13.0,54,1800.0,uhs0_1247_circuit_2_fire_mixed,uhs0_1247,circuit_2,fire_mixed,data,,,,,,summer,TX
NC_GSO_urban__TX,NC_GSO_urban,TX,4215.99,13.7403,4095.338043527273,1001.3880313535876,4022.62,12.9563,3920.2095395303913,901.9028942047572,4003.91,13.5724,3892.0974432284447,939.61310150221,11907.645026286107,2842.904027060555,12242.308335404454,12242.52,13.0,55,2700.0,uhs0_1247_circuit_2_fire_mixed,uhs0_1247,circuit_2,fire_mixed,data,,,,,,summer,TX
NC_GSO_urban__TX,NC_GSO_urban,TX,4194.08,14.0262,4069.033503516876,1016.500562546416,4028.94,13.3316,3920.367507694971,929.018906271298,4013.75,14.0462,3893.740235850709,974.1540115491338,11883.141247062556,2919.673480366848,12236.56565910537,12236.77,14.0,56,0.0,uhs0_1247_circuit_2_fire_mixed,uhs0_1247,circuit_2,fire_mixed,data,,,,,,summer,TX
NC_GSO_urban__TX,NC_GSO_urban,TX,4606.39,15.3616,4441.818265051396,1220.278383138784,4391.21,14.6977,4247.52055629115,1114.1339183348296,4506.72,15.6456,4339.738076521984,1215.4005864673873,13029.07689786453,3549.812887941001,13504.000012953911,13504.32,14.0,57,900.0,uhs0_1247_circuit_2_fire_mixed,uhs0_1247,circuit_2,fire_mixed,data,,,,,,summer,TX
NC_GSO_urban__TX,NC_GSO_urban,TX,4611.79,15.6324,4441.201466202629,1242.7133783377503,4346.32,14.8021,4202.083134785421,1110.4030217681914,4471.29,15.6804,4304.887626401504,1208.4605033492912,12948.172227389554,3561.5769034552327,13429.072718150272,13429.4,14.0,58,1800.0,uhs0_1247_circuit_2_fire_mixed,uhs0_1247,circuit_2,fire_mixed,data,,,,,,summer,TX
NC_GSO_urban__TX,NC_GSO_urban,TX,4672.78,15.7494,4497.354862009343,1268.3344092000832,4366.27,14.7023,4223.307690514708,1108.1452360315068,4496.51,15.7117,4328.504508283104,1217.641532583729,13049.167060807154,3594.1211778153192,13535.08285980086,13535.56,14.0,59,2700.0,uhs0_1247_circuit_2_fire_mixed,uhs0_1247,circuit_2,fire_mixed,data,,,,,,summer,TX
NC_GSO_urban__TX,NC_GSO_urban,TX,4134.87,14.5388,4002.462631060987,1037.999423824676,3921.25,13.6618,3810.3053200162335,926.1613956303614,3937.53,14.3935,3813.936319323077,978.791220357204,11626.704270400298,2942.9520398122418,11993.382296082267,11993.65,15.0,60,0.0,uhs0_1247_circuit_2_fire_mixed,uhs0_1247,circuit_2,fire_mixed,data,,,,,,summer,TX
NC_GSO_urban__TX,NC_GSO_urban,TX,3889.15,13.9268,3774.824582176288,936.04866128723,3704.29,13.0708,3608.3168486953423,837.7433518216138,3686.77,13.7399,3581.269218523541,875.6619309732422,10964.410649395171,2649.453944082086,11279.97815114827,11280.21,15.0,61,900.0,uhs0_1247_circuit_2_fire_mixed,uhs0_1247,circuit_2,fire_mixed,data,,,,,,summer,TX
NC_GSO_urban__TX,NC_GSO_urban,TX,3799.43,13.7008,3691.320308357212,899.9014979483132,3655.14,12.9074,3562.7832103118817,816.470584846606,3617.02,13.5015,3517.0593425451366,844.4686266617445,10771.16286121423,2560.840709456664,11071.39803827914,11071.59,15.0,62,1800.0,uhs0_1247_circuit_2_fire_mixed,uhs0_1247,circuit_2,fire_mixed,data,,,,,,summer,TX
NC_GSO_urban__TX,NC_GSO_urban,TX,3611.36,14.6792,3493.4845248786714,915.143116694456,3455.76,13.9305,3354.12079226728,831.95606162845,3419.09,14.5995,3308.6922686182907,861.818948321252,10156.29758576424,2608.9181266441583,10486.030442552272,10486.21,15.0,63,2700.0,uhs0_1247_circuit_2_fire_mixed,uhs0_1247,circuit_2,fire_mixed,data,,,,,,summer,TX
NC_GSO_urban__TX,NC_GSO_urban,TX,3720.59,15.1936,3590.5396609905542,975.0973751138076,3481.68,14.1762,3375.6529702609632,852.6796859127916,3487.01,14.8822,3370.041442855373,895.5776982134361,10336.234074106893,2723.3547592400355,10688.984796481082,10689.28,16.0,64,0.0,uhs0_1247_circuit_2_fire_mixed,uhs0_1247,circuit_2,fire_mixed,data,,,,,,summer,TX
NC_GSO_urban__TX,NC_GSO_urban,TX,3671.0,14.8215,3548.856526191055,939.0731369340502,3474.11,13.8764,3372.7193107548223,833.1895000307649,3457.79,14.4201,3348.8552939980827,861.0922737784933,10270.43113094396,2633.354910743308,10602.655973924586,10602.9,16.0,65,900.0,uhs0_1247_circuit_2_fire_mixed,uhs0_1247,circuit_2,fire_mixed,data,,,,,,summer,TX
NC_GSO_urban__TX,NC_GSO_urban,TX,3656.18,14.2867,3543.1054706094774,902.250417864793,3401.11,13.349,3309.218047401612,785.2548292442822,3413.35,13.8776,3313.7154243609257,818.6869419091107,10166.038942372015,2506.192189018186,10470.403386026734,10470.64,16.0,66,1800.0,uhs0_1247_circuit_2_fire_mixed,uhs0_1247,circuit_2,fire_mixed,data,,,,,,summer,TX
NC_GSO_urban__TX,NC_GSO_urban,TX,3680.76,13.7489,3575.293832423916,874.7960844856962,3430.96,12.9402,3343.828427475621,768.3085117359511,3406.73,13.4568,3313.2004682782585,792.7874556908233,10232.322728177796,2435.8920519124704,10518.269748497338,10518.45,16.0,67,2700.0,uhs0_1247_circuit_2_fire_mixed,uhs0_1247,circuit_2,fire_mixed,data,,,,,,summer,TX
NC_GSO_urban__TX,NC_GSO_urban,TX,3577.09,12.3816,3493.891136892172,767.0056007920199,3329.19,11.3077,3264.564817142264,652.7806758605067,3305.21,11.8654,3234.5886688707155,679.5949435606286,9993.04462290515,2099.381220213156,10211.187117233589,10211.490000000002,17.0,68,0.0,uhs0_1247_circuit_2_fire_mixed,uhs0_1247,circuit_2,fire_mixed,data,,,,,,summer,TX
NC_GSO_urban__TX,NC_GSO_urban,TX,3293.11,12.0713,3220.2931271433395,688.6839967455134,3066.05,10.9354,3010.375723779666,581.6361441468835,3056.51,11.526,2994.87282717433,610.7291782392906,9225.541678097336,1881.0493191316875,9415.35797488958,9415.67,17.0,69,900.0,uhs0_1247_circuit_2_fire_mixed,uhs0_1247,circuit_2,fire_mixed,data,,,,,,summer,TX
NC_GSO_urban__TX,NC_GSO_urban,TX,3499.64,12.8122,3412.506515665499,776.066627384862,3255.84,11.803,3187.000733114227,665.9732973095691,3263.92,12.3882,3187.924460305344,700.2223945196849,9787.43170908507,2142.2623192141164,10019.137053874878,10019.4,17.0,70,1800.0,uhs0_1247_circuit_2_fire_mixed,uhs0_1247,circuit_2,fire_mixed,data,,,,,,summer,TX
NC_GSO_urban__TX,NC_GSO_urban,TX,3478.58,13.0001,3389.4228542174515,782.5161542795286,3209.11,11.7367,3142.0162297585703,652.7794451679224,3177.89,12.3186,3104.723425764584,677.995060165354,9636.162509740609,2113.290659612805,9865.172341431096,9865.58,17.0,71,2700.0,uhs0_1247_circuit_2_fire_mixed,uhs0_1247,circuit_2,fire_mixed,data,,,,,,summer,TX
NC_GSO_urban__TX,NC_GSO_urban,TX,3440.86,12.5539,3358.595793108903,747.8982805911382,3186.93,11.2156,3126.066758317152,619.8624423567644,3177.93,11.8662,3110.0190947896185,653.4679142421315,9594.681646215671,2021.228637190034,9805.26802775044,9805.72,18.0,72,0.0,uhs0_1247_circuit_2_fire_mixed,uhs0_1247,circuit_2,fire_mixed,data,,,,,,summer,TX
NC_GSO_urban__TX,NC_GSO_urban,TX,3381.4,11.8764,3309.0172008477443,695.8959149856813,3135.39,10.7394,3080.4732954099823,584.2557046071214,3121.72,11.2364,3061.8814985573936,608.2905943641805,9451.37199481512,1888.442213956984,9638.186892763091,9638.51,18.0,73,900.0,uhs0_1247_circuit_2_fire_mixed,uhs0_1247,circuit_2,fire_mixed,data,,,,,,summer,TX
NC_GSO_urban__TX,NC_GSO_urban,TX,3640.77,12.2669,3557.6456865306777,773.5395025528196,3348.57,11.033,3286.678791040391,640.8303749240328,3362.52,11.6183,3293.625248035172,677.1805342043249,10137.94972560624,2091.550411681177,10351.454379145152,10351.86,18.0,74,1800.0,uhs0_1247_circuit_2_fire_mixed,uhs0_1247,circuit_2,fire_mixed,data,,,,,,summer,TX
NC_GSO_urban__TX,NC_GSO_urban,TX,3750.0,11.9117,3669.250714048503,774.0149852906928,3499.42,10.7214,3438.331959880417,651.0097311599067,3476.55,11.4157,3407.773329337578,688.0994392930992,10515.3560032665,2113.124155743699,10725.57716736122,10725.97,18.0,75,2700.0,uhs0_1247_circuit_2_fire_mixed,uhs0_1247,circuit_2,fire_mixed,data,,,,,,summer,TX
NC_GSO_urban__TX,NC_GSO_urban,TX,3757.78,11.5582,3681.578552791113,752.9209042313123,3512.66,10.689,3451.7098125761668,651.5210244999028,3478.16,11.0413,3413.777134336374,666.125110382527,10547.065499703654,2070.567039113742,10748.387717164997,10748.6,19.0,76,0.0,uhs0_1247_circuit_2_fire_mixed,uhs0_1247,circuit_2,fire_mixed,data,,,,,,summer,TX
NC_GSO_urban__TX,NC_GSO_urban,TX,3721.66,11.3334,3649.088624047413,731.37225094186,3424.27,10.1893,3370.2646784502426,605.7565765971365,3445.43,10.721,3385.288917419225,640.9421428635859,10404.64221991688,1978.0709704025824,10591.002997281528,10591.36,19.0,77,900.0,uhs0_1247_circuit_2_fire_mixed,uhs0_1247,circuit_2,fire_mixed,data,,,,,,summer,TX
NC_GSO_urban__TX,NC_GSO_urban,TX,3933.94,11.6492,3852.9095790041865,794.3372706966385,3600.44,10.5749,3539.289550258113,660.7553806316848,3632.47,11.0103,3565.6066381791934,693.7489478712519,10957.805767441492,2148.841599199576,11166.513666110144,11166.85,19.0,78,1800.0,uhs0_1247_circuit_2_fire_mixed,uhs0_1247,circuit_2,fire_mixed,data,,,,,,summer,TX
NC_GSO_urban__TX,NC_GSO_urban,TX,3917.16,11.8092,3834.251507302811,801.6594316454599,3572.93,10.7542,3510.177637707075,666.6946352275364,3652.56,11.3001,3581.752628074604,715.7112999531757,10926.18177308449,2184.065366826172,11142.333223569169,11142.65,19.0,79,2700.0,uhs0_1247_circuit_2_fire_mixed,uhs0_1247,circuit_2,fire_mixed,data,,,,,,summer,TX
NC_GSO_urban__TX,NC_GSO_urban,TX,4026.02,12.3194,3933.3143981289113,858.9964411287165,3668.85,10.9618,3601.908825618404,697.648288489443,3768.04,11.5889,3691.22543874616,756.9545573898216,11226.448662493476,2313.5992870079813,11462.368482667333,11462.91,20.0,80,0.0,uhs0_1247_circuit_2_fire_mixed,uhs0_1247,circuit_2,fire_mixed,data,,,,,,summer,TX
NC_GSO_urban__TX,NC_GSO_urban,TX,4234.89,12.7243,4130.886251808359,932.7765470468764,3945.41,11.6301,3864.408678439348,795.3650948480522,4019.25,11.919,3932.5971862300175,830.0903163847598,11927.892116477724,2558.231958279689,12199.145916608057,12199.55,20.0,81,900.0,uhs0_1247_circuit_2_fire_mixed,uhs0_1247,circuit_2,fire_mixed,data,,,,,,summer,TX
NC_GSO_urban__TX,NC_GSO_urban,TX,3896.76,12.0511,3810.8823573028494,813.581069345812,3591.56,10.8978,3526.789708969115,679.0122107219743,3734.67,11.5346,3659.245093401714,746.7833389380629,10996.91715967368,2239.376619005849,11222.6108663927,11222.99,20.0,82,1800.0,uhs0_1247_circuit_2_fire_mixed,uhs0_1247,circuit_2,fire_mixed,data,,,,,,summer,TX
NC_GSO_urban__TX,NC_GSO_urban,TX,3789.25,11.5401,3712.650052054669,758.0535294281428,3626.98,10.7154,3563.735832703093,674.3669884476777,3724.38,11.1116,3654.561529440212,717.7648723193546,10930.947414197974,2150.1853901951754,11140.417792173244,11140.61,20.0,83,2700.0,uhs0_1247_circuit_2_fire_mixed,uhs0_1247,circuit_2,fire_mixed,data,,,,,,summer,TX
NC_GSO_urban__TX,NC_GSO_urban,TX,3804.61,11.2529,3731.467912621775,742.4314575596162,3604.21,10.5577,3543.193924564719,660.3836286793185,3771.43,10.9894,3702.271278852076,718.9378434099946,10976.93311603857,2121.752929648929,11180.111633094635,11180.25,21.0,84,0.0,uhs0_1247_circuit_2_fire_mixed,uhs0_1247,circuit_2,fire_mixed,data,,,,,,summer,TX
NC_GSO_urban__TX,NC_GSO_urban,TX,3670.81,11.0176,3603.15155659644,701.5304101011267,3407.57,10.2076,3353.635356537113,603.8734969214948,3540.12,10.4792,3481.0743366002034,643.8719418203058,10437.861249733756,1949.2758488429272,10618.315488041211,10618.5,21.0,85,900.0,uhs0_1247_circuit_2_fire_mixed,uhs0_1247,circuit_2,fire_mixed,data,,,,,,summer,TX
NC_GSO_urban__TX,NC_GSO_urban,TX,3696.84,11.3356,3624.724709352801,726.6338603500768,3419.17,10.5154,3361.748085150469,623.9978372455759,3508.14,10.8886,3444.980559918152,662.6878612031592,10431.45335442142,2013.319558798812,10623.966995963032,10624.15,21.0,86,1800.0,uhs0_1247_circuit_2_fire_mixed,uhs0_1247,circuit_2,fire_mixed,data,,,,,,summer,TX
NC_GSO_urban__TX,NC_GSO_urban,TX,3953.99,12.2617,3863.790625864509,839.737411088461,3618.11,11.3178,3547.7512810512176,710.0569131410838,3717.39,11.8765,3637.813608925177,765.0493832549488,11049.355515840904,2314.8437074844937,11289.231980321973,11289.49,21.0,87,2700.0,uhs0_1247_circuit_2_fire_mixed,uhs0_1247,circuit_2,fire_mixed,data,,,,,,summer,TX
NC_GSO_urban__TX,NC_GSO_urban,TX,4093.47,13.2199,3984.991134206604,936.1315619050346,3818.11,12.6079,3726.0426721173935,833.4086498592795,3868.35,13.0366,3768.647802397205,872.596965377897,11479.681608721205,2642.137177142211,11779.812337233938,11779.93,22.0,88,0.0,uhs0_1247_circuit_2_fire_mixed,uhs0_1247,circuit_2,fire_mixed,data,,,,,,summer,TX
NC_GSO_urban__TX,NC_GSO_urban,TX,4219.12,13.4432,4103.519773845989,980.8664741212018,3938.03,12.6642,3842.224501715258,863.3603878560439,3958.88,13.0416,3856.766552294239,893.3546974771048,11802.510827855487,2737.5815594543506,12115.841474545236,12116.03,22.0,89,900.0,uhs0_1247_circuit_2_fire_mixed,uhs0_1247,circuit_2,fire_mixed,data,,,,,,summer,TX
NC_GSO_urban__TX,NC_GSO_urban,TX,4087.62,13.0284,3982.398296015735,921.48851120943,3850.06,12.2485,3762.419778765733,816.7982688230987,3892.71,12.6831,3797.725335953088,854.6773758325443,11542.543410734555,2592.964155865073,11830.20589433222,11830.39,22.0,90,1800.0,uhs0_1247_circuit_2_fire_mixed,uhs0_1247,circuit_2,fire_mixed,data,,,,,,summer,TX
NC_GSO_urban__TX,NC_GSO_urban,TX,3803.0,12.844,3707.8448698314223,845.3966058985575,3456.13,11.5038,3386.701462969815,689.2661152400536,3563.83,12.3474,3481.395059101252,762.0844515966645,10575.94139190249,2296.747172735276,10822.457387323078,10822.96,22.0,91,2700.0,uhs0_1247_circuit_2_fire_mixed,uhs0_1247,circuit_2,fire_mixed,data,,,,,,summer,TX
NC_GSO_urban__TX,NC_GSO_urban,TX,3912.85,13.0614,3811.6184686683273,884.2848928973712,3573.17,11.7782,3497.937352036995,729.3683089663373,3588.67,12.6474,3501.5943716487354,785.7411948841046,10811.150192354056,2399.394396747813,11074.20705751802,11074.69,23.0,92,0.0,uhs0_1247_circuit_2_fire_mixed,uhs0_1247,circuit_2,fire_mixed,data,,,,,,summer,TX
NC_GSO_urban__TX,NC_GSO_urban,TX,3699.77,12.5187,3611.809131102561,801.9556430278199,3397.64,11.2349,3332.5298741226543,661.968434051084,3412.23,12.3249,3333.5880005863573,728.3574776486139,10277.927005811573,2192.2815547275177,10509.133263594544,10509.64,23.0,93,900.0,uhs0_1247_circuit_2_fire_mixed,uhs0_1247,circuit_2,fire_mixed,data,,,,,,summer,TX
NC_GSO_urban__TX,NC_GSO_urban,TX,3317.55,11.7655,3247.849423249976,676.4703440615879,3079.83,10.8344,3024.9307096591288,578.9188463516463,3025.9,11.8491,2961.4234725380097,621.3226426752176,9234.203605447114,1876.711833088452,9422.98060760536,9423.28,23.0,94,1800.0,uhs0_1247_circuit_2_fire_mixed,uhs0_1247,circuit_2,fire_mixed,data,,,,,,summer,TX
NC_GSO_urban__TX,NC_GSO_urban,TX,3399.48,11.8055,3327.5733629038173,695.499665631105,3166.85,10.6207,3112.5981431305304,583.6709020333067,3142.24,11.6607,3077.389429603036,635.0956748140402,9517.560935637382,1914.266242478452,9708.160557523928,9708.57,23.0,95,2700.0,uhs0_1247_circuit_2_fire_mixed,uhs0_1247,circuit_2,fire_mixed,data,,,,,,summer,TX
NC_GSO_urban__TX,NC_GSO_urban,TX,3189.43,12.2728,3116.54066817399,677.9660673792007,3020.45,11.7366,2957.301670059297,614.3981077155812,2929.76,12.2662,2862.876730386126,622.4391409717467,8936.719068619414,1914.8033160665289,9139.552475403005,9139.64,24.0,96,0.0,uhs0_1247_circuit_2_fire_mixed,uhs0_1247,circuit_2,fire_mixed,data,,,,,,summer,TX
NC_GSO_urban__TX,NC_GSO_urban,TX,,,,,,,,,,,,,,,,,,0,,uhs0_1247_circuit_2_fire_mixed,uhs0_1247,circuit_2,fire_mixed,summary,4293.0,730.0,9.0,9.0,1000.0,summer,TX
NC_GSO_urban__TX,NC_GSO_urban,TX,2778.82,14.455,2690.853645603133,693.6477855110119,2715.25,13.4903,2640.3346995070106,633.415532710735,2487.87,14.3109,2410.668220772105,614.9600525720765,7741.85656588225,1942.0233707938232,7981.7164732533265,7981.94,0.0,1,900.0,uhs0_1247_circuit_2_fire_stress,uhs0_1247,circuit_2,fire_stress,data,,,,,,summer,TX
NC_GSO_urban__TX,NC_GSO_urban,TX,3215.14,13.1341,3131.0348364198994,730.5792720335102,3101.01,11.8102,3035.3646204825127,634.6846782639801,2886.65,12.7495,2815.477468927774,637.0516811531493,8981.876925830187,2002.31563145064,9202.357360954436,9202.8,0.0,2,1800.0,uhs0_1247_circuit_2_fire_stress,uhs0_1247,circuit_2,fire_stress,data,,,,,,summer,TX
NC_GSO_urban__TX,NC_GSO_urban,TX,3242.23,13.0074,3159.0376309612657,729.7510665087337,3171.34,11.8949,3103.24288120912,653.6673586962403,2878.64,12.5514,2809.844667891204,625.5726911585639,9072.12518006159,2008.991116363538,9291.905110812051,9292.21,0.0,3,2700.0,uhs0_1247_circuit_2_fire_stress,uhs0_1247,circuit_2,fire_stress,data,,,,,,summer,TX
NC_GSO_urban__TX,NC_GSO_urban,TX,3138.61,13.1222,3056.654851559294,712.554454437716,3019.16,11.6644,2956.810182238374,610.4102323941399,2829.53,12.4534,2762.956024767097,610.1754060130579,8776.421058564767,1933.1400928449136,8986.801278307179,8987.300000000001,1.0,4,0.0,uhs0_1247_circuit_2_fire_stress,uhs0_1247,circuit_2,fire_stress,data,,,,,,summer,TX
NC_GSO_urban__TX,NC_GSO_urban,TX,3946.27,15.7173,3798.718952524684,1069.009463302251,3740.83,14.2191,3626.224139809004,918.862109767537,3511.84,14.889,3393.931473184292,902.357656879524,10818.87456551798,2890.2292299493124,11198.279861928137,11198.94,1.0,5,900.0,uhs0_1247_circuit_2_fire_stress,uhs0_1247,circuit_2,fire_stress,data,,,,,,summer,TX
NC_GSO_urban__TX,NC_GSO_urban,TX,4056.36,15.8507,3902.123729635638,1107.920054974392,3811.68,14.6825,3687.210403815031,966.1179329658444,3579.29,15.0789,3456.049676237394,931.1485055990812,11045.383809688065,3005.186493539318,11446.905667658411,11447.33,1.0,6,1800.0,uhs0_1247_circuit_2_fire_stress,uhs0_1247,circuit_2,fire_stress,data,,,,,,summer,TX
NC_GSO_urban__TX,NC_GSO_urban,TX,3924.5,16.5869,3761.193190598866,1120.324074985771,3654.77,14.9259,3531.45713266174,941.3576754201996,3423.64,15.5007,3299.112586622814,914.9683002087688,10591.76290988342,2976.6500506147395,11002.085577880533,11002.91,1.0,7,2700.0,uhs0_1247_circuit_2_fire_stress,uhs0_1247,circuit_2,fire_stress,data,,,,,,summer,TX
NC_GSO_urban__TX,NC_GSO_urban,TX,4030.39,16.5726,3862.963918972141,1149.5883231920004,3743.3,14.9734,3616.199545947131,967.1585877671596,3507.37,15.5735,3378.603372731181,941.6387665498316,10857.766837650452,3058.385677508992,11280.284732805909,11281.06,2.0,8,0.0,uhs0_1247_circuit_2_fire_stress,uhs0_1247,circuit_2,fire_stress,data,,,,,,summer,TX
NC_GSO_urban__TX,NC_GSO_urban,TX,3947.63,16.4739,3785.575892811306,1119.4631644971098,3715.24,15.2043,3585.1947657628484,974.3647926452757,3499.73,15.6108,3370.631468030881,941.7821295926076,10741.402126605037,3035.6100867349933,11162.107697210346,11162.6,2.0,9,900.0,uhs0_1247_circuit_2_fire_stress,uhs0_1247,circuit_2,fire_stress,data,,,,,,summer,TX
NC_GSO_urban__TX,NC_GSO_urban,TX,3702.54,17.0406,3539.988646080717,1085.0266527692354,3529.55,15.2889,3404.634004910158,930.6935559621196,3309.72,15.9583,3182.1701788839696,909.9667197329612,10126.792829874845,2925.686928464316,10540.947633993424,10541.81,2.0,10,1800.0,uhs0_1247_circuit_2_fire_stress,uhs0_1247,circuit_2,fire_stress,data,,,,,,summer,TX
NC_GSO_urban__TX,NC_GSO_urban,TX,3877.78,17.0596,3707.1581020558992,1137.6100099600492,3610.63,15.5262,3478.871434155951,966.4898041436936,3447.14,15.9855,3313.8439961595195,949.3219415548684,10499.87353237137,3053.421755658611,10934.840127488016,10935.55,2.0,11,2700.0,uhs0_1247_circuit_2_fire_stress,uhs0_1247,circuit_2,fire_stress,data,,,,,,summer,TX
NC_GSO_urban__TX,NC_GSO_urban,TX,3943.33,16.9048,3772.935662072032,1146.6507658241371,3672.37,15.527,3538.344701538256,983.0657099076104,3518.3,15.9255,3383.265134985214,965.376567145424,10694.5454985955,3095.093042877172,11133.413868423106,11134.0,3.0,12,0.0,uhs0_1247_circuit_2_fire_stress,uhs0_1247,circuit_2,fire_stress,data,,,,,,summer,TX
NC_GSO_urban__TX,NC_GSO_urban,TX,3899.42,17.4127,3720.7252595855016,1166.910398909189,3721.06,15.9961,3576.9822526771604,1025.419664153475,3518.51,16.6158,3371.5902380173443,1006.1271723823731,10669.297750280006,3198.457235445037,11138.403977729517,11138.99,3.0,13,900.0,uhs0_1247_circuit_2_fire_stress,uhs0_1247,circuit_2,fire_stress,data,,,,,,summer,TX
NC_GSO_urban__TX,NC_GSO_urban,TX,4050.25,17.1082,3871.0301752373152,1191.4908496930043,3809.77,15.7099,3667.4559489024505,1031.5591673578515,3661.24,16.4205,3511.9086141391567,1034.9764362221913,11050.394738278925,3258.026453273047,11520.675337930908,11521.26,3.0,14,1800.0,uhs0_1247_circuit_2_fire_stress,uhs0_1247,circuit_2,fire_stress,data,,,,,,summer,TX
NC_GSO_urban__TX,NC_GSO_urban,TX,4074.56,16.938,3897.8079204565433,1187.0689149439638,3818.99,15.6115,3678.102004350493,1027.7403688154343,3708.91,16.2353,3561.004665286784,1036.9470391036186,11136.91459009382,3251.756322863017,11601.93026053528,11602.46,3.0,15,2700.0,uhs0_1247_circuit_2_fire_stress,uhs0_1247,circuit_2,fire_stress,data,,,,,,summer,TX
NC_GSO_urban__TX,NC_GSO_urban,TX,3999.03,17.4218,3815.580416818717,1197.3249449040586,3763.41,15.7466,3622.174274549553,1021.3267610766992,3615.5,16.5547,3465.6308359512373,1030.1665685237172,10903.385527319508,3248.818274504474,11377.11018396652,11377.94,4.0,16,0.0,uhs0_1247_circuit_2_fire_stress,uhs0_1247,circuit_2,fire_stress,data,,,,,,summer,TX
NC_GSO_urban__TX,NC_GSO_urban,TX,4225.66,17.6461,4026.830330355888,1280.9527415661703,3911.2,16.1301,3757.229103626283,1086.6070600100272,3759.31,16.7845,3599.1545713748424,1085.5864992950007,11383.214005357013,3453.146300871198,11895.452091743991,11896.17,4.0,17,900.0,uhs0_1247_circuit_2_fire_stress,uhs0_1247,circuit_2,fire_stress,data,,,,,,summer,TX
NC_GSO_urban__TX,NC_GSO_urban,TX,4291.53,17.7579,4087.054712738272,1308.897824883162,3977.83,16.4175,3815.644696050991,1124.2717920493878,3870.29,16.9147,3702.85726442473,1126.0518475616498,11605.556673213994,3559.2214644942,12139.069285925429,12139.65,4.0,18,1800.0,uhs0_1247_circuit_2_fire_stress,uhs0_1247,circuit_2,fire_stress,data,,,,,,summer,TX
NC_GSO_urban__TX,NC_GSO_urban,TX,4167.49,17.9214,3965.281466775388,1282.386754979801,3901.46,16.3616,3743.4625202893294,1099.0352545706005,3751.22,17.0602,3586.15520386848,1100.5191239442497,11294.899190933198,3481.941133494651,11819.418843177757,11820.17,4.0,19,2700.0,uhs0_1247_circuit_2_fire_stress,uhs0_1247,circuit_2,fire_stress,data,,,,,,summer,TX
NC_GSO_urban__TX,NC_GSO_urban,TX,4348.87,17.7151,4142.652333212767,1323.2920777465629,4052.44,16.3864,3887.8337995547536,1143.2490107757146,3900.74,16.7836,3734.577014879736,1126.3689748621289,11765.063147647255,3592.9100633844064,12301.45168635379,12302.05,5.0,20,0.0,uhs0_1247_circuit_2_fire_stress,uhs0_1247,circuit_2,fire_stress,data,,,,,,summer,TX
NC_GSO_urban__TX,NC_GSO_urban,TX,4422.97,17.4348,4219.772224325381,1325.211679586333,4100.17,16.1372,3938.618798643685,1139.5946594603588,3956.88,16.5596,3792.7635698733466,1127.7605408248646,11951.154592842411,3592.5668798715565,12479.448420838493,12480.02,5.0,21,900.0,uhs0_1247_circuit_2_fire_stress,uhs0_1247,circuit_2,fire_stress,data,,,,,,summer,TX
NC_GSO_urban__TX,NC_GSO_urban,TX,4285.13,17.6895,4082.5169790661175,1302.073051920231,4012.08,16.2364,3852.0631998529775,1121.7820780964728,3840.58,16.8238,3676.200696902887,1111.5768855507604,11610.780875821982,3535.432015567464,12137.113004460858,12137.79,5.0,22,1800.0,uhs0_1247_circuit_2_fire_stress,uhs0_1247,circuit_2,fire_stress,data,,,,,,summer,TX
NC_GSO_urban__TX,NC_GSO_urban,TX,4449.52,17.2035,4250.449794763763,1316.0185304898614,4109.33,15.9046,3952.0220187122673,1126.1061284414604,3968.65,16.2735,3809.646042125392,1112.1060454013991,12012.11785560142,3554.230704332721,12526.91228022612,12527.5,5.0,23,2700.0,uhs0_1247_circuit_2_fire_stress,uhs0_1247,circuit_2,fire_stress,data,,,,,,summer,TX
NC_GSO_urban__TX,NC_GSO_urban,TX,4616.33,16.9787,4415.119781081797,1348.0430214203932,4267.03,15.768,4106.461291692417,1159.5346828499123,4110.36,16.0933,3949.2814693167466,1139.4012487755826,12470.86254209096,3646.978953045888,12993.185445751442,12993.72,6.0,24,0.0,uhs0_1247_circuit_2_fire_stress,uhs0_1247,circuit_2,fire_stress,data,,,,,,summer,TX
NC_GSO_urban__TX,NC_GSO_urban,TX,4580.36,16.5252,4391.166973625326,1302.823986324395,4212.9,15.1877,4065.7550214523408,1103.7039981512592,4023.99,15.6421,3874.960359080802,1084.9782189760217,12331.88235415847,3491.506203451676,12816.627402150169,12817.249999999998,6.0,25,900.0,uhs0_1247_circuit_2_fire_stress,uhs0_1247,circuit_2,fire_stress,data,,,,,,summer,TX
NC_GSO_urban__TX,NC_GSO_urban,TX,4848.94,16.7371,4643.52058810208,1396.400970879103,4432.09,15.412,4272.711002707491,1177.8635130788068,4248.6,15.7178,4089.734789169432,1150.943662503628,13005.966379979003,3725.2081464615376,13528.944423405972,13529.63,6.0,26,1800.0,uhs0_1247_circuit_2_fire_stress,uhs0_1247,circuit_2,fire_stress,data,,,,,,summer,TX
NC_GSO_urban__TX,NC_GSO_urban,TX,4930.84,16.7236,4722.2854401628965,1418.873964531566,4529.21,15.4262,4366.040095964441,1204.7560352747005,4320.56,15.8617,4156.051332784229,1180.8793472927016,13244.376868911566,3804.5093470989686,13779.978592796258,13780.61,6.0,27,2700.0,uhs0_1247_circuit_2_fire_stress,uhs0_1247,circuit_2,fire_stress,data,,,,,,summer,TX
NC_GSO_urban__TX,NC_GSO_urban,TX,4877.23,16.1786,4684.081069389218,1358.9543805034646,4464.85,14.6453,4319.785118799546,1128.867596265389,4242.94,15.3081,4092.400932804741,1120.1760793638148,13096.267120993503,3607.998056132669,13584.176915716042,13585.02,7.0,28,0.0,uhs0_1247_circuit_2_fire_stress,uhs0_1247,circuit_2,fire_stress,data,,,,,,summer,TX
NC_GSO_urban__TX,NC_GSO_urban,TX,5270.64,16.3658,5057.085968782161,1485.1018530547306,4777.19,14.7815,4619.092804888288,1218.821543922345,4578.67,15.3697,4414.917094137939,1213.5592366211956,14091.095867808388,3917.482633598272,14625.513766712971,14626.5,7.0,29,900.0,uhs0_1247_circuit_2_fire_stress,uhs0_1247,circuit_2,fire_stress,data,,,,,,summer,TX
NC_GSO_urban__TX,NC_GSO_urban,TX,5461.69,16.3118,5241.843151964375,1533.9941415481965,5012.68,15.0375,4841.026902635908,1300.5457740331133,4796.13,15.4394,4623.049965831383,1276.8210486698802,14705.920020431666,4111.36096425119,15269.819010901909,15270.5,7.0,30,1800.0,uhs0_1247_circuit_2_fire_stress,uhs0_1247,circuit_2,fire_stress,data,,,,,,summer,TX
NC_GSO_urban__TX,NC_GSO_urban,TX,5482.82,16.6827,5252.043815240475,1573.9602648079392,5020.79,15.4262,4839.9103714372495,1335.5148148014473,4774.29,15.95,4590.48875746297,1311.96721441737,14682.442944140696,4221.442294026757,15277.26107159738,15277.9,7.0,31,2700.0,uhs0_1247_circuit_2_fire_stress,uhs0_1247,circuit_2,fire_stress,data,,,,,,summer,TX
NC_GSO_urban__TX,NC_GSO_urban,TX,5502.63,17.028,5261.404396475376,1611.384713111548,5016.77,15.8187,4826.780286557,1367.542795748905,4774.6,16.2721,4583.3383472200485,1337.8395848913262,14671.523030252423,4316.76709375178,15293.399431418951,15294.000000000002,8.0,32,0.0,uhs0_1247_circuit_2_fire_stress,uhs0_1247,circuit_2,fire_stress,data,,,,,,summer,TX
NC_GSO_urban__TX,NC_GSO_urban,TX,5736.36,17.5663,5468.864065935687,1731.286191800009,5217.51,16.3092,5007.558508235497,1465.1854444739351,5008.41,16.7943,4794.792532589122,1447.1127452716305,15271.215106760308,4643.584381545575,15961.606646747008,15962.28,8.0,33,900.0,uhs0_1247_circuit_2_fire_stress,uhs0_1247,circuit_2,fire_stress,data,,,,,,summer,TX
NC_GSO_urban__TX,NC_GSO_urban,TX,6233.41,18.9083,5897.045381706532,2019.9643546839272,5588.26,17.5564,5327.961555356665,1685.667669572325,5551.81,18.4029,5267.890625337355,1752.6901139627648,16492.897562400554,5458.322138219017,17372.649497656075,17373.48,8.0,34,1800.0,uhs0_1247_circuit_2_fire_stress,uhs0_1247,circuit_2,fire_stress,data,,,,,,summer,TX
NC_GSO_urban__TX,NC_GSO_urban,TX,6346.32,19.1299,5995.863667415671,2079.758741817114,5660.16,17.8347,5388.155804536616,1733.5478798228744,5683.76,18.799,5380.559166717679,1831.5869597292835,16764.578638669966,5644.893581369272,17689.429625545683,17690.239999999998,8.0,35,2700.0,uhs0_1247_circuit_2_fire_stress,uhs0_1247,circuit_2,fire_stress,data,,,,,,summer,TX
NC_GSO_urban__TX,NC_GSO_urban,TX,6376.72,19.2241,6021.141067586157,2099.623347800131,5719.93,18.0307,5439.0288336909925,1770.4701497562744,5691.38,18.8764,5385.290181437591,1841.3190831878856,16845.46008271474,5711.412580744291,17787.34828651589,17788.030000000002,9.0,36,0.0,uhs0_1247_circuit_2_fire_stress,uhs0_1247,circuit_2,fire_stress,data,,,,,,summer,TX
NC_GSO_urban__TX,NC_GSO_urban,TX,6243.31,19.2035,5895.909001212726,2053.576588666408,5586.04,18.1019,5309.561344849374,1735.6270356506063,5553.01,18.7962,5256.871483447925,1789.1959832874688,16462.341829510027,5578.399607604483,17381.807751029737,17382.36,9.0,37,900.0,uhs0_1247_circuit_2_fire_stress,uhs0_1247,circuit_2,fire_stress,data,,,,,,summer,TX
NC_GSO_urban__TX,NC_GSO_urban,TX,5739.2,18.1278,5454.334113950586,1785.6808262942393,5194.49,16.973,4968.230621050474,1516.3808413971808,5110.05,17.6707,4868.941660307515,1551.134459362533,15291.506395308574,4853.196127053953,16043.181744448775,16043.739999999998,9.0,38,1800.0,uhs0_1247_circuit_2_fire_stress,uhs0_1247,circuit_2,fire_stress,data,,,,,,summer,TX
NC_GSO_urban__TX,NC_GSO_urban,TX,5054.51,16.9706,4834.409612262734,1475.3152344369246,4670.64,15.9919,4489.889284942677,1286.768129290179,4482.62,16.373,4300.835944894581,1263.6028804583882,13625.134842099991,4025.686244185492,14207.408250699053,14207.77,9.0,39,2700.0,uhs0_1247_circuit_2_fire_stress,uhs0_1247,circuit_2,fire_stress,data,,,,,,summer,TX
NC_GSO_urban__TX,NC_GSO_urban,TX,4852.64,16.6795,4648.466380175909,1392.7940558367866,4502.99,15.8105,4332.6332399050325,1226.8692467292587,4308.18,16.1046,4139.113604633708,1195.0537562537315,13120.213224714653,3814.717058819777,13663.53033812374,13663.81,10.0,40,0.0,uhs0_1247_circuit_2_fire_stress,uhs0_1247,circuit_2,fire_stress,data,,,,,,summer,TX
NC_GSO_urban__TX,NC_GSO_urban,TX,4907.83,15.9786,4718.21392453065,1351.0191232048055,4580.7,14.7067,4430.627438492967,1162.9071292554918,4418.26,15.4785,4258.01264987583,1179.1309092282393,13406.854012899446,3693.057161688536,13906.200261850718,13906.79,10.0,41,900.0,uhs0_1247_circuit_2_fire_stress,uhs0_1247,circuit_2,fire_stress,data,,,,,,summer,TX
NC_GSO_urban__TX,NC_GSO_urban,TX,4668.97,15.3072,4503.334794883763,1232.5812695677398,4350.67,13.9487,4222.377195218679,1048.7422324848196,4177.9,14.6601,4041.885256019301,1057.3608594863842,12767.597246121744,3338.6843615389434,13196.90693705007,13197.54,10.0,42,1800.0,uhs0_1247_circuit_2_fire_stress,uhs0_1247,circuit_2,fire_stress,data,,,,,,summer,TX
NC_GSO_urban__TX,NC_GSO_urban,TX,4794.98,16.3628,4600.7693376521975,1350.8348167408749,4424.97,15.014,4273.912834561978,1146.310858129851,4241.69,15.7446,4082.5452474932977,1150.9814760759114,12957.227419707471,3648.127150946637,13461.00197293995,13461.64,10.0,43,2700.0,uhs0_1247_circuit_2_fire_stress,uhs0_1247,circuit_2,fire_stress,data,,,,,,summer,TX
NC_GSO_urban__TX,NC_GSO_urban,TX,4794.14,16.3664,4599.878490434037,1350.8871947140112,4401.68,15.0986,4249.729586747745,1146.5536454614064,4255.85,15.7426,4096.2142842906505,1154.6808042369278,12945.822361472434,3652.1216444123456,13451.1081000929,13451.67,11.0,44,0.0,uhs0_1247_circuit_2_fire_stress,uhs0_1247,circuit_2,fire_stress,data,,,,,,summer,TX
NC_GSO_urban__TX,NC_GSO_urban,TX,4735.29,15.672,4559.25025185263,1279.143668663429,4386.62,14.492,4247.049115509082,1097.7289441631397,4300.09,15.3913,4145.87035156673,1141.2856943377312,12952.169718928442,3518.1583071643,13421.480481012371,13422.0,11.0,45,900.0,uhs0_1247_circuit_2_fire_stress,uhs0_1247,circuit_2,fire_stress,data,,,,,,summer,TX
NC_GSO_urban__TX,NC_GSO_urban,TX,4596.71,14.4982,4450.33009515858,1150.784457761674,4366.83,13.934,4238.330597024916,1051.5502837346514,4242.99,14.2908,4111.692285165868,1047.3541388696929,12800.352977349365,3249.6888803660186,13206.419430107137,13206.53,11.0,46,1800.0,uhs0_1247_circuit_2_fire_stress,uhs0_1247,circuit_2,fire_stress,data,,,,,,summer,TX
NC_GSO_urban__TX,NC_GSO_urban,TX,4595.69,14.3122,4453.0541021039535,1136.0791080884924,4373.0,13.736,4247.932717917919,1038.3624723777746,4280.89,14.2741,4148.727306938509,1055.5003196412326,12849.714126960382,3229.9419001075,13249.440660747729,13249.579999999998,11.0,47,2700.0,uhs0_1247_circuit_2_fire_stress,uhs0_1247,circuit_2,fire_stress,data,,,,,,summer,TX
NC_GSO_urban__TX,NC_GSO_urban,TX,4634.25,15.5198,4465.276183734049,1239.9926070253364,4415.59,14.5476,4274.023077877647,1109.126583339021,4332.11,15.1847,4180.860764233003,1134.7159654279255,12920.160025844698,3483.835155792284,13381.615839881577,13381.95,12.0,48,0.0,uhs0_1247_circuit_2_fire_stress,uhs0_1247,circuit_2,fire_stress,data,,,,,,summer,TX
NC_GSO_urban__TX,NC_GSO_urban,TX,4674.51,15.272,4509.435550411414,1231.273631970455,4463.73,14.5694,4320.192759635024,1122.8624281260406,4335.6,14.9674,4188.50580441213,1119.7528684517406,13018.134114458568,3473.888928548236,13473.66765620705,13473.84,12.0,49,900.0,uhs0_1247_circuit_2_fire_stress,uhs0_1247,circuit_2,fire_stress,data,,,,,,summer,TX
NC_GSO_urban__TX,NC_GSO_urban,TX,4638.36,14.9649,4481.046311346494,1197.7509946428695,4425.31,14.1227,4291.556870077528,1079.7723033076795,4278.14,14.5865,4140.24928487171,1077.4125109350157,12912.852466295732,3354.9358088855647,13341.564866913566,13341.81,12.0,50,1800.0,uhs0_1247_circuit_2_fire_stress,uhs0_1247,circuit_2,fire_stress,data,,,,,,summer,TX
NC_GSO_urban__TX,NC_GSO_urban,TX,4745.84,15.526,4572.659956281139,1270.3457127187771,4421.47,14.3985,4282.590174770717,1099.4627578309885,4304.55,14.7675,4162.362664283646,1097.2181886377691,13017.612795335504,3467.026659187535,13471.396243329778,13471.86,12.0,51,2700.0,uhs0_1247_circuit_2_fire_stress,uhs0_1247,circuit_2,fire_stress,data,,,,,,summer,TX
NC_GSO_urban__TX,NC_GSO_urban,TX,4640.23,15.3349,4475.021613890319,1227.1576948845982,4387.14,14.4124,4249.073706794986,1091.9569651884278,4222.99,14.6583,4085.540890890997,1068.6440796437305,12809.636211576302,3387.7587397167563,13250.044873563793,13250.36,13.0,52,0.0,uhs0_1247_circuit_2_fire_stress,uhs0_1247,circuit_2,fire_stress,data,,,,,,summer,TX
NC_GSO_urban__TX,NC_GSO_urban,TX,4727.17,15.6239,4552.502522048537,1273.1288213066696,4465.51,14.6796,4319.747006832654,1131.620677197236,4333.14,14.9705,4186.068708786837,1119.3440154464142,13058.318237668029,3524.09351395032,13525.491129392683,13525.82,13.0,53,900.0,uhs0_1247_circuit_2_fire_stress,uhs0_1247,circuit_2,fire_stress,data,,,,,,summer,TX
NC_GSO_urban__TX,NC_GSO_urban,TX,4857.14,16.2044,4664.176794573494,1355.4570478484875,4618.91,15.3138,4454.910220445595,1219.8788939355316,4532.35,15.7711,4361.730632954422,1231.8694768712396,13480.817647973512,3807.205418655258,14008.113990032778,14008.4,13.0,54,1800.0,uhs0_1247_circuit_2_fire_stress,uhs0_1247,circuit_2,fire_stress,data,,,,,,summer,TX
NC_GSO_urban__TX,NC_GSO_urban,TX,4700.38,15.6124,4526.956398292235,1265.0051036897034,4463.77,14.6429,4318.787479128776,1128.4136311745444,4366.01,15.1678,4213.914328044999,1142.352553285136,13059.658205466008,3535.771288149384,13529.831892736038,13530.160000000002,13.0,55,2700.0,uhs0_1247_circuit_2_fire_stress,uhs0_1247,circuit_2,fire_stress,data,,,,,,summer,TX
NC_GSO_urban__TX,NC_GSO_urban,TX,4728.48,15.9285,4546.929623134054,1297.672575292398,4474.5,15.0247,4321.535461593511,1159.9489230952197,4374.52,15.6345,4212.664795017812,1178.9319552957818,13081.129879745378,3636.5534536833993,13577.204423306885,13577.5,14.0,56,0.0,uhs0_1247_circuit_2_fire_stress,uhs0_1247,circuit_2,fire_stress,data,,,,,,summer,TX
NC_GSO_urban__TX,NC_GSO_urban,TX,4505.49,14.9032,4353.933051469384,1158.752399532574,4348.44,14.4221,4211.408327649127,1083.0375484753868,4201.44,14.7057,4063.811342615444,1066.553067235786,12629.152721733955,3308.343015243747,13055.291340119233,13055.37,14.0,57,900.0,uhs0_1247_circuit_2_fire_stress,uhs0_1247,circuit_2,fire_stress,data,,,,,,summer,TX
NC_GSO_urban__TX,NC_GSO_urban,TX,4415.08,14.4457,4275.495012419555,1101.3962979670466,4230.61,13.9568,4105.713319281233,1020.3818461618548,4098.13,14.2324,3972.3439519389135,1007.5480258500507,12353.552283639703,3129.3261699789527,12743.741063860913,12743.82,14.0,58,1800.0,uhs0_1247_circuit_2_fire_stress,uhs0_1247,circuit_2,fire_stress,data,,,,,,summer,TX
NC_GSO_urban__TX,NC_GSO_urban,TX,4432.46,14.9297,4282.831947051786,1141.9510343760835,4232.33,14.2872,4101.427788592053,1044.4650898258408,4122.49,14.6608,3988.266424066144,1043.3861848647668,12372.526159709982,3229.802309066691,12787.14301665389,12787.28,14.0,59,2700.0,uhs0_1247_circuit_2_fire_stress,uhs0_1247,circuit_2,fire_stress,data,,,,,,summer,TX
NC_GSO_urban__TX,NC_GSO_urban,TX,4364.83,14.602,4223.847610403965,1100.3873377064622,4141.99,13.9151,4020.435587073762,996.08174879919,4016.39,14.2057,3893.5725732027454,985.637483714648,12137.855770680471,3082.1065702202995,12523.055682222146,12523.21,15.0,60,0.0,uhs0_1247_circuit_2_fire_stress,uhs0_1247,circuit_2,fire_stress,data,,,,,,summer,TX
NC_GSO_urban__TX,NC_GSO_urban,TX,4170.85,13.8513,4049.563011734112,998.5134633518728,4017.85,13.3556,3909.1879443682137,928.0992609124404,3878.13,13.6729,3768.227798132437,916.7069096946776,11726.978754234762,2843.319633958991,12066.751727085884,12066.830000000002,15.0,61,900.0,uhs0_1247_circuit_2_fire_stress,uhs0_1247,circuit_2,fire_stress,data,,,,,,summer,TX
NC_GSO_urban__TX,NC_GSO_urban,TX,4097.93,13.6189,3982.710067689709,964.9097375521908,3909.66,13.0717,3808.3521000700616,884.2486061577658,3770.55,13.3914,3668.0312047325015,873.2665020534322,11459.093372492272,2722.424845763389,11778.048138818507,11778.14,15.0,62,1800.0,uhs0_1247_circuit_2_fire_stress,uhs0_1247,circuit_2,fire_stress,data,,,,,,summer,TX
NC_GSO_urban__TX,NC_GSO_urban,TX,3993.84,14.1367,3872.889639594456,975.4403032077004,3780.09,13.2843,3678.941874387781,868.6006521849494,3667.25,13.7108,3562.7497301988897,869.2162690997789,11114.581244181129,2713.2572244924286,11440.965037957383,11441.18,15.0,63,2700.0,uhs0_1247_circuit_2_fire_stress,uhs0_1247,circuit_2,fire_stress,data,,,,,,summer,TX
NC_GSO_urban__TX,NC_GSO_urban,TX,4131.81,16.2069,3967.6122030090014,1153.2160606902994,3896.8,15.342,3757.932584142605,1031.0154863236955,3783.19,15.7988,3640.27506425235,1030.0116662846835,11365.819851403958,3214.2432132986783,11811.571458904396,11811.8,16.0,64,0.0,uhs0_1247_circuit_2_fire_stress,uhs0_1247,circuit_2,fire_stress,data,,,,,,summer,TX
NC_GSO_urban__TX,NC_GSO_urban,TX,4061.7,16.1587,3901.240668350467,1130.3663731765907,3812.15,15.1555,3679.562806426801,996.646966613818,3694.15,15.5557,3558.8340337179834,990.678829364284,11139.637508495252,3117.6921691546927,11567.69329997484,11568.0,16.0,65,900.0,uhs0_1247_circuit_2_fire_stress,uhs0_1247,circuit_2,fire_stress,data,,,,,,summer,TX
NC_GSO_urban__TX,NC_GSO_urban,TX,4094.7,16.3296,3929.520484082112,1151.2761854477317,3817.51,15.5505,3677.76828034932,1023.4271230314388,3703.43,15.7675,3564.078390675091,1006.3493379651284,11171.367155106524,3181.0526464442983,11615.444031703786,11615.64,16.0,66,1800.0,uhs0_1247_circuit_2_fire_stress,uhs0_1247,circuit_2,fire_stress,data,,,,,,summer,TX
NC_GSO_urban__TX,NC_GSO_urban,TX,4079.18,16.1826,3917.556228920484,1136.8652803416574,3829.42,15.5723,3688.851432040168,1028.023661563878,3713.14,15.86,3571.789429559271,1014.755601358602,11178.197090519923,3179.6445432641376,11621.627666382084,11621.74,16.0,67,2700.0,uhs0_1247_circuit_2_fire_stress,uhs0_1247,circuit_2,fire_stress,data,,,,,,summer,TX
NC_GSO_urban__TX,NC_GSO_urban,TX,4022.72,16.1204,3864.548082348467,1116.9352342982047,3821.99,15.1807,3688.6207331318287,1000.8419691489802,3675.49,15.711,3538.1728744394086,995.2685319456108,11091.341689919704,3113.045735392796,11519.935513413178,11520.2,17.0,68,0.0,uhs0_1247_circuit_2_fire_stress,uhs0_1247,circuit_2,fire_stress,data,,,,,,summer,TX
NC_GSO_urban__TX,NC_GSO_urban,TX,4022.04,14.8576,3887.567508814616,1031.3217858694352,3772.74,13.8092,3663.6925947810655,900.5130085381197,3655.34,14.3171,3541.8123445468987,903.9224699138746,11093.072448142582,2835.7572643214294,11449.79369254712,11450.12,17.0,69,900.0,uhs0_1247_circuit_2_fire_stress,uhs0_1247,circuit_2,fire_stress,data,,,,,,summer,TX
NC_GSO_urban__TX,NC_GSO_urban,TX,3778.1,14.7252,3654.0122749609777,960.3301018058844,3498.36,13.7321,3398.363853083671,830.4491625947394,3371.79,13.986,3271.8326447431405,814.910393167927,10324.20877278779,2605.689657568551,10647.953107319174,10648.25,17.0,70,1800.0,uhs0_1247_circuit_2_fire_stress,uhs0_1247,circuit_2,fire_stress,data,,,,,,summer,TX
NC_GSO_urban__TX,NC_GSO_urban,TX,3750.14,14.5994,3629.054767502378,945.2573798010036,3537.07,13.5095,3439.2035187324004,826.2828460271202,3316.24,13.6338,3222.7953743746875,781.6890126572804,10291.053660609468,2553.229238485404,10603.054512252602,10603.45,17.0,71,2700.0,uhs0_1247_circuit_2_fire_stress,uhs0_1247,circuit_2,fire_stress,data,,,,,,summer,TX
NC_GSO_urban__TX,NC_GSO_urban,TX,3658.15,13.814,3552.341545756251,873.4591946931987,3420.0,12.5192,3338.684105614627,741.3423250538591,3263.46,12.8259,3182.0337549240307,724.4531414274298,10073.059406294908,2339.2546611744874,10341.113971549335,10341.61,18.0,72,0.0,uhs0_1247_circuit_2_fire_stress,uhs0_1247,circuit_2,fire_stress,data,,,,,,summer,TX
NC_GSO_urban__TX,NC_GSO_urban,TX,3677.15,13.1012,3581.438271959653,833.5058647919975,3448.05,11.7926,3375.274740040359,704.6766859670392,3258.58,12.189,3185.1200314149733,688.0072687690727,10141.833043414985,2226.189819528109,10383.289391761871,10383.78,18.0,73,900.0,uhs0_1247_circuit_2_fire_stress,uhs0_1247,circuit_2,fire_stress,data,,,,,,summer,TX
NC_GSO_urban__TX,NC_GSO_urban,TX,3808.59,13.0386,3710.398055423309,859.2462152438798,3655.55,12.0768,3574.645493845381,764.8237678255772,3418.4,12.2513,3340.5503567521514,725.3839493696247,10625.593906020842,2349.4539324390817,10882.241480334864,10882.54,18.0,74,1800.0,uhs0_1247_circuit_2_fire_stress,uhs0_1247,circuit_2,fire_stress,data,,,,,,summer,TX
NC_GSO_urban__TX,NC_GSO_urban,TX,4027.96,13.0552,3923.848874340751,909.8745918723196,3765.63,11.9996,3683.3474154637215,782.8927856972,3586.53,12.2661,3504.654707581267,761.9664175857524,11111.85099738574,2454.733795155272,11379.760568359066,11380.12,18.0,75,2700.0,uhs0_1247_circuit_2_fire_stress,uhs0_1247,circuit_2,fire_stress,data,,,,,,summer,TX
NC_GSO_urban__TX,NC_GSO_urban,TX,4085.25,12.6448,3986.165920779681,894.2867630210554,3907.1,11.8621,3823.6645472873647,803.1312718464612,3661.82,11.9734,3582.153516937094,759.672227671389,11391.98398500414,2457.090262538906,11653.951762078575,11654.17,19.0,76,0.0,uhs0_1247_circuit_2_fire_stress,uhs0_1247,circuit_2,fire_stress,data,,,,,,summer,TX
NC_GSO_urban__TX,NC_GSO_urban,TX,4158.18,12.7479,4055.682563017273,917.551012444346,4005.73,11.8902,3919.784020175664,825.3278549010146,3793.15,12.0179,3710.014008463717,789.7993286291068,11685.480591656653,2532.678195974467,11956.793696570532,11957.06,19.0,77,900.0,uhs0_1247_circuit_2_fire_stress,uhs0_1247,circuit_2,fire_stress,data,,,,,,summer,TX
NC_GSO_urban__TX,NC_GSO_urban,TX,4321.17,12.9781,4210.789929799532,970.4423403782702,4113.87,12.1123,4022.287907492532,863.207023916828,3938.56,12.2084,3849.489079419088,832.8797638514169,12082.566916711152,2666.529128146515,12373.310021496132,12373.6,19.0,78,1800.0,uhs0_1247_circuit_2_fire_stress,uhs0_1247,circuit_2,fire_stress,data,,,,,,summer,TX
NC_GSO_urban__TX,NC_GSO_urban,TX,4504.52,13.3122,4383.482944834396,1037.1970414275056,4142.33,12.2136,4048.571283643864,876.3380570044194,4104.87,12.6047,4005.9379709415975,895.7782593188534,12437.992199419858,2809.3133577507783,12751.30940315018,12751.72,19.0,79,2700.0,uhs0_1247_circuit_2_fire_stress,uhs0_1247,circuit_2,fire_stress,data,,,,,,summer,TX
NC_GSO_urban__TX,NC_GSO_urban,TX,4465.82,14.0161,4332.862304720361,1081.5972081756508,4073.03,12.7222,3973.0342152544704,896.9796571368257,4031.94,13.1226,3926.651895180924,915.3933895719704,12232.548415155754,2893.970254884447,12570.21497689222,12570.79,20.0,80,0.0,uhs0_1247_circuit_2_fire_stress,uhs0_1247,circuit_2,fire_stress,data,,,,,,summer,TX
NC_GSO_urban__TX,NC_GSO_urban,TX,4599.3,13.8136,4466.277357967686,1098.1470993019063,4164.97,12.5017,4066.2168319943535,901.5851463427064,4187.65,12.9115,4081.770987512488,935.7126311006684,12614.265177474528,2935.4448767452814,12951.31354697494,12951.92,20.0,81,900.0,uhs0_1247_circuit_2_fire_stress,uhs0_1247,circuit_2,fire_stress,data,,,,,,summer,TX
NC_GSO_urban__TX,NC_GSO_urban,TX,4617.21,13.4755,4490.0966114123285,1075.946376118962,4163.59,12.4514,4065.659225750056,897.7175213693105,4255.07,12.8632,4148.2863907131405,947.2807004917516,12704.042227875523,2920.9445979800244,13035.513272292472,13035.87,20.0,82,1800.0,uhs0_1247_circuit_2_fire_stress,uhs0_1247,circuit_2,fire_stress,data,,,,,,summer,TX
NC_GSO_urban__TX,NC_GSO_urban,TX,4531.99,13.7703,4401.730620254929,1078.7496960880958,4146.61,12.7984,4043.589716731994,918.56229774538,4184.22,12.994,4077.077257035515,940.817755234117,12522.397594022435,2938.129749067593,12862.466634558668,12862.82,20.0,83,2700.0,uhs0_1247_circuit_2_fire_stress,uhs0_1247,circuit_2,fire_stress,data,,,,,,summer,TX
NC_GSO_urban__TX,NC_GSO_urban,TX,4607.31,13.7594,4475.09430951384,1095.826791540001,4200.56,12.7651,4096.739475685862,928.132523919472,4240.35,13.06,4130.668947364972,958.197354293338,12702.502732564672,2982.156669752811,13047.867031578922,13048.22,21.0,84,0.0,uhs0_1247_circuit_2_fire_stress,uhs0_1247,circuit_2,fire_stress,data,,,,,,summer,TX
NC_GSO_urban__TX,NC_GSO_urban,TX,4470.58,13.9321,4339.063321083795,1076.3898141590105,4098.35,12.7807,3996.808982326002,906.637017387992,4084.64,13.1041,3978.274936729697,926.0736781640694,12314.147240139491,2909.100509711072,12653.105864863232,12653.57,21.0,85,900.0,uhs0_1247_circuit_2_fire_stress,uhs0_1247,circuit_2,fire_stress,data,,,,,,summer,TX
NC_GSO_urban__TX,NC_GSO_urban,TX,4382.2,13.9493,4252.966374555278,1056.387171875034,3995.47,12.8506,3895.396727354476,888.6308892988333,3993.6,13.0475,3890.4981811993466,901.5901852197446,12038.8612831091,2846.608246393612,12370.826953052872,12371.27,21.0,86,1800.0,uhs0_1247_circuit_2_fire_stress,uhs0_1247,circuit_2,fire_stress,data,,,,,,summer,TX
NC_GSO_urban__TX,NC_GSO_urban,TX,4442.08,13.8584,4312.773916103489,1063.9811440892047,4088.33,12.7884,3986.915657195325,904.956204084359,4033.75,13.1359,3928.201939341112,916.7161972261256,12227.891512639924,2885.6535453996894,12563.7704224874,12564.16,21.0,87,2700.0,uhs0_1247_circuit_2_fire_stress,uhs0_1247,circuit_2,fire_stress,data,,,,,,summer,TX
NC_GSO_urban__TX,NC_GSO_urban,TX,4699.02,14.6956,4545.302073041532,1192.0646061369157,4361.26,13.9432,4232.755814267887,1050.8886736383638,4304.01,14.1593,4173.25141797144,1052.8412427803953,12951.30930528086,3295.794522555674,13364.081496906649,13364.29,22.0,88,0.0,uhs0_1247_circuit_2_fire_stress,uhs0_1247,circuit_2,fire_stress,data,,,,,,summer,TX
NC_GSO_urban__TX,NC_GSO_urban,TX,4531.2,15.04,4375.983296015358,1175.8161561207442,4242.39,14.3371,4110.263275695587,1050.5278276029555,4174.44,14.4866,4041.718569734903,1044.2510793195504,12527.965141445848,3270.59506304325,12947.845483001607,12948.03,22.0,89,900.0,uhs0_1247_circuit_2_fire_stress,uhs0_1247,circuit_2,fire_stress,data,,,,,,summer,TX
NC_GSO_urban__TX,NC_GSO_urban,TX,4710.71,14.4778,4561.119428814535,1177.700411900482,4332.19,13.7415,4208.191114253481,1029.0761594838573,4372.82,14.0398,4242.19268667785,1060.827960367259,13011.503229745866,3267.604531751598,13415.53039106582,13415.72,22.0,90,1800.0,uhs0_1247_circuit_2_fire_stress,uhs0_1247,circuit_2,fire_stress,data,,,,,,summer,TX
NC_GSO_urban__TX,NC_GSO_urban,TX,4559.19,14.3085,4417.7597212703695,1126.7708290602616,4151.13,13.3268,4039.344888401311,956.8558665996694,4203.94,13.6819,4084.648535187881,994.3630461695064,12541.75314485956,3077.9897418294377,12913.9301840068,12914.259999999998,22.0,91,2700.0,uhs0_1247_circuit_2_fire_stress,uhs0_1247,circuit_2,fire_stress,data,,,,,,summer,TX
NC_GSO_urban__TX,NC_GSO_urban,TX,4621.33,16.0154,4441.964976964624,1275.0051420757754,4216.75,14.634,4079.956180654274,1065.3347485372783,4153.16,14.9551,4012.485634504864,1071.77283903451,12534.406792123762,3412.112729647564,12990.529893359288,12991.24,23.0,92,0.0,uhs0_1247_circuit_2_fire_stress,uhs0_1247,circuit_2,fire_stress,data,,,,,,summer,TX
NC_GSO_urban__TX,NC_GSO_urban,TX,4400.9,15.7765,4235.116288148179,1196.5411968929418,4058.94,14.2753,3933.6085447641976,1000.8585015665768,3907.8,14.9848,3774.913128960468,1010.4116531403891,11943.637961872842,3207.811351599908,12366.913173130282,12367.64,23.0,93,900.0,uhs0_1247_circuit_2_fire_stress,uhs0_1247,circuit_2,fire_stress,data,,,,,,summer,TX
NC_GSO_urban__TX,NC_GSO_urban,TX,4337.84,14.3521,4202.459182529339,1075.2640070116904,4021.69,13.3534,3912.959759862798,928.8360317055296,3956.91,13.7404,3843.670678083237,939.8576841964664,11959.089620475374,2943.957722913686,12316.11593096074,12316.44,23.0,94,1800.0,uhs0_1247_circuit_2_fire_stress,uhs0_1247,circuit_2,fire_stress,data,,,,,,summer,TX
NC_GSO_urban__TX,NC_GSO_urban,TX,4255.33,14.9523,4111.248628716138,1097.9381229284602,3954.29,13.4967,3845.085813509464,922.8892083279908,3788.28,14.3645,3669.847235104083,939.8332987285132,11626.181677329683,2960.6606299849645,11997.233504446742,11997.9,23.0,95,2700.0,uhs0_1247_circuit_2_fire_stress,uhs0_1247,circuit_2,fire_stress,data,,,,,,summer,TX
NC_GSO_urban__TX,NC_GSO_urban,TX,3564.18,14.2333,3454.7689937319183,876.3277197193675,3457.08,12.8087,3371.0529922197247,766.4227619574202,3189.48,13.6892,3098.8788199597034,754.8064186300728,9924.700805911349,2397.5569003068604,10210.189282137057,10210.74,24.0,96,0.0,uhs0_1247_circuit_2_fire_stress,uhs0_1247,circuit_2,fire_stress,data,,,,,,summer,TX
NC_GSO_urban__TX,NC_GSO_urban,TX,,,,,,,,,,,,,,,,,,0,,uhs0_1247_circuit_2_fire_stress,uhs0_1247,circuit_2,fire_stress,summary,4659.0,1096.0,13.0,13.0,1000.0,summer,TX
TX_AUS_urban__TX,TX_AUS_urban,TX,586.755,4.1058,585.2491168792905,42.010727403969646,319.553,-3.64741,318.9057230564337,-20.32878773693084,416.17,-1.62028,416.0036025334356,-11.767394750043149,1320.1584424691596,9.91454491699566,1320.1956716424686,1322.478,0.0,1,900.0,p2uhs0_1247_circuit_1_fire_baseline,p2uhs0_1247,circuit_1,fire_baseline,data,,,,,,summer,TX
TX_AUS_urban__TX,TX_AUS_urban,TX,536.053,3.2097,535.2120933714715,30.013895414079016,297.332,-5.90066,295.756625933094,-30.56691742181228,370.034,-3.75277,369.2405583393584,-24.21923271366914,1200.209277643924,-24.7722547214024,1200.464899422941,1203.419,0.0,2,1800.0,p2uhs0_1247_circuit_1_fire_baseline,p2uhs0_1247,circuit_1,fire_baseline,data,,,,,,summer,TX
TX_AUS_urban__TX,TX_AUS_urban,TX,538.039,2.40105,537.5666353960097,22.540586283712667,297.722,-6.13939,296.0144613728335,-31.84066491377396,376.639,-3.34203,375.9984580492548,-21.956681570373902,1209.579554818098,-31.256760200435192,1209.9833405845618,1212.4,0.0,3,2700.0,p2uhs0_1247_circuit_1_fire_baseline,p2uhs0_1247,circuit_1,fire_baseline,data,,,,,,summer,TX
TX_AUS_urban__TX,TX_AUS_urban,TX,531.007,3.50157,530.0156764211757,32.431725159225586,290.772,-5.89078,289.23653354342025,-29.84264813628197,377.987,-2.66275,377.5788834354116,-17.560152410155677,1196.8310934000076,-14.97107538721206,1196.924725798288,1199.766,1.0,4,0.0,p2uhs0_1247_circuit_1_fire_baseline,p2uhs0_1247,circuit_1,fire_baseline,data,,,,,,summer,TX
TX_AUS_urban__TX,TX_AUS_urban,TX,573.295,4.97831,571.1323137254599,49.74974616621518,308.466,-5.74732,306.9154041727599,-30.890254733029327,372.614,-2.79981,372.1692104177711,-18.20087396288441,1250.216928315991,0.6586174703014436,1250.2171017966614,1254.375,1.0,5,900.0,p2uhs0_1247_circuit_1_fire_baseline,p2uhs0_1247,circuit_1,fire_baseline,data,,,,,,summer,TX
TX_AUS_urban__TX,TX_AUS_urban,TX,499.425,3.08694,498.7003198968348,26.894638123511204,280.469,-7.67973,277.95334426954,-37.48063994088941,348.047,-4.39774,347.0222722230289,-26.68813950364457,1123.6759363894037,-37.27414132102278,1124.2939880795516,1127.941,1.0,6,1800.0,p2uhs0_1247_circuit_1_fire_baseline,p2uhs0_1247,circuit_1,fire_baseline,data,,,,,,summer,TX
TX_AUS_urban__TX,TX_AUS_urban,TX,522.578,3.38262,521.6675499174067,30.833965803476467,269.779,-8.79874,266.60417208053457,-41.26650300489146,355.504,-4.5741,354.37173033902445,-28.350851001790947,1142.6434523369658,-38.783388203205945,1143.3014520978534,1147.861,1.0,7,2700.0,p2uhs0_1247_circuit_1_fire_baseline,p2uhs0_1247,circuit_1,fire_baseline,data,,,,,,summer,TX
TX_AUS_urban__TX,TX_AUS_urban,TX,451.658,-0.233,451.6542653862646,-1.8367151095450496,261.612,-9.92289,257.6984312072841,-45.0816714120569,324.946,-6.80572,322.65632733141774,-38.50710777247506,1032.0090239249664,-85.425494294077,1035.5385751085998,1038.216,2.0,8,0.0,p2uhs0_1247_circuit_1_fire_baseline,p2uhs0_1247,circuit_1,fire_baseline,data,,,,,,summer,TX
TX_AUS_urban__TX,TX_AUS_urban,TX,472.174,0.499434,472.1560617419239,4.115778948940985,274.053,-8.8864,270.763421458766,-42.334576990241295,330.875,-6.31261,328.86883221321744,-36.38072049471592,1071.7883154139074,-74.59951853601623,1074.3813481364923,1077.102,2.0,9,900.0,p2uhs0_1247_circuit_1_fire_baseline,p2uhs0_1247,circuit_1,fire_baseline,data,,,,,,summer,TX
TX_AUS_urban__TX,TX_AUS_urban,TX,458.877,-0.525269,458.8577166923813,-4.20677558877794,284.688,-8.01655,281.9059796138451,-39.70234252482268,333.603,-6.75099,331.2899388816025,-39.21655268919098,1072.0536351878288,-83.1256708027916,1075.2715349463374,1077.168,2.0,10,1800.0,p2uhs0_1247_circuit_1_fire_baseline,p2uhs0_1247,circuit_1,fire_baseline,data,,,,,,summer,TX
TX_AUS_urban__TX,TX_AUS_urban,TX,490.529,-0.119237,490.5279377876366,-1.0208284912381822,302.195,-7.49142,299.615583287205,-39.39949589103785,353.447,-6.02486,351.49471712355444,-37.09778488309581,1141.638238198396,-77.51810926537185,1144.2669811634066,1146.1709999999998,2.0,11,2700.0,p2uhs0_1247_circuit_1_fire_baseline,p2uhs0_1247,circuit_1,fire_baseline,data,,,,,,summer,TX
TX_AUS_urban__TX,TX_AUS_urban,TX,489.652,0.34941,489.6428949656895,2.98605318418392,278.209,-8.70711,275.0026715448271,-42.11624774606552,338.007,-6.22862,336.0117084582779,-36.67238508672798,1100.6572749687944,-75.80257964860958,1103.2644596936475,1105.868,3.0,12,0.0,p2uhs0_1247_circuit_1_fire_baseline,p2uhs0_1247,circuit_1,fire_baseline,data,,,,,,summer,TX
TX_AUS_urban__TX,TX_AUS_urban,TX,475.864,-0.00798913,475.86399537399,-0.0663528688903287,279.261,-8.78351,275.985930479067,-42.64354931995709,332.904,-6.5567,330.72658915388087,-38.01310882629982,1082.5765150069378,-80.72301101514724,1085.5819247536865,1088.029,3.0,13,900.0,p2uhs0_1247_circuit_1_fire_baseline,p2uhs0_1247,circuit_1,fire_baseline,data,,,,,,summer,TX
TX_AUS_urban__TX,TX_AUS_urban,TX,447.484,-0.686724,447.4518588432193,-5.363233516051374,259.086,-9.96917,255.1740729015173,-44.85251291567872,324.592,-7.3218,321.9452849554489,-41.36665274051996,1024.5712167001857,-91.58239917225004,1028.656168954741,1031.1619999999998,3.0,14,1800.0,p2uhs0_1247_circuit_1_fire_baseline,p2uhs0_1247,circuit_1,fire_baseline,data,,,,,,summer,TX
TX_AUS_urban__TX,TX_AUS_urban,TX,449.661,-0.566325,449.6390346618752,-4.4444830224649925,259.275,-9.82041,255.4758962254312,-44.22207675825154,325.132,-7.09112,322.6450921136212,-40.13679059158712,1027.7600230009275,-88.80335037230364,1031.5894047130444,1034.068,3.0,15,2700.0,p2uhs0_1247_circuit_1_fire_baseline,p2uhs0_1247,circuit_1,fire_baseline,data,,,,,,summer,TX
TX_AUS_urban__TX,TX_AUS_urban,TX,455.139,-0.857135,455.0880717035069,-6.808547141921835,264.096,-9.27723,260.64158779218724,-42.5753441462023,339.403,-5.67248,337.7409977814252,-33.54720296250257,1053.4706572771192,-82.9310942506267,1056.7298576918756,1058.638,4.0,16,0.0,p2uhs0_1247_circuit_1_fire_baseline,p2uhs0_1247,circuit_1,fire_baseline,data,,,,,,summer,TX
TX_AUS_urban__TX,TX_AUS_urban,TX,445.727,-1.10213,445.64453950478486,-8.57338547880876,258.699,-9.90692,254.8414238121192,-44.50866556539146,321.182,-6.8477,318.8908771397111,-38.29472027663454,1019.3768404566152,-91.37677132083476,1023.4641455353146,1025.608,4.0,17,900.0,p2uhs0_1247_circuit_1_fire_baseline,p2uhs0_1247,circuit_1,fire_baseline,data,,,,,,summer,TX
TX_AUS_urban__TX,TX_AUS_urban,TX,446.63,-2.16645,446.3107593199848,-16.883809262679705,261.944,-9.59493,258.2796104478707,-43.66121806473275,315.368,-8.00237,312.2970445257357,-43.903660490790735,1016.8874142935912,-104.44868781820318,1022.2375172804263,1023.942,4.0,18,1800.0,p2uhs0_1247_circuit_1_fire_baseline,p2uhs0_1247,circuit_1,fire_baseline,data,,,,,,summer,TX
TX_AUS_urban__TX,TX_AUS_urban,TX,454.064,-2.21954,453.72334603252665,-17.585259766295064,262.348,-10.1394,258.25074195813363,-46.18470939687172,339.294,-6.26881,337.2652064720112,-37.048602394579525,1049.2392944626715,-100.81857155774632,1054.0718578045185,1055.706,4.0,19,2700.0,p2uhs0_1247_circuit_1_fire_baseline,p2uhs0_1247,circuit_1,fire_baseline,data,,,,,,summer,TX
TX_AUS_urban__TX,TX_AUS_urban,TX,457.654,-2.07689,457.3533636858263,-16.585669756157607,270.245,-9.46259,266.5678182932042,-44.42925022326249,328.296,-7.18071,325.72112244645774,-41.03673973672485,1049.6423044254882,-102.05165971614495,1054.5916311494557,1056.195,5.0,20,0.0,p2uhs0_1247_circuit_1_fire_baseline,p2uhs0_1247,circuit_1,fire_baseline,data,,,,,,summer,TX
TX_AUS_urban__TX,TX_AUS_urban,TX,492.713,-0.165348,492.710948288222,-1.4219022192240265,277.176,-8.62391,274.0422183825422,-41.561972041459,334.836,-6.38476,332.75919090156924,-37.235302691572336,1099.5123575723337,-80.21917695225537,1102.434823835481,1104.725,5.0,21,900.0,p2uhs0_1247_circuit_1_fire_baseline,p2uhs0_1247,circuit_1,fire_baseline,data,,,,,,summer,TX
TX_AUS_urban__TX,TX_AUS_urban,TX,506.165,-0.691696,506.1281156525119,-6.110464060740688,298.127,-7.44843,295.61138707962704,-38.64732795238131,356.474,-5.71674,354.7010799215969,-35.50854233072526,1156.440582653736,-80.26633434384726,1159.2228024144067,1160.766,5.0,22,1800.0,p2uhs0_1247_circuit_1_fire_baseline,p2uhs0_1247,circuit_1,fire_baseline,data,,,,,,summer,TX
TX_AUS_urban__TX,TX_AUS_urban,TX,483.122,-0.94329,483.0565270053745,-7.953527613953637,288.511,-8.16029,285.5897814208963,-40.95209236369595,355.622,-5.71639,353.8535337198746,-35.42151264355598,1122.4998421461455,-84.32713262120556,1125.6628984355111,1127.255,5.0,23,2700.0,p2uhs0_1247_circuit_1_fire_baseline,p2uhs0_1247,circuit_1,fire_baseline,data,,,,,,summer,TX
TX_AUS_urban__TX,TX_AUS_urban,TX,495.152,0.174688,495.1496986160184,1.5096570690368851,284.957,-8.53762,281.79927737904853,-42.30436286774763,346.617,-6.29916,344.5243220936082,-38.03072672116221,1121.4732980886752,-78.82543251987295,1124.2401020857758,1126.726,6.0,24,0.0,p2uhs0_1247_circuit_1_fire_baseline,p2uhs0_1247,circuit_1,fire_baseline,data,,,,,,summer,TX
TX_AUS_urban__TX,TX_AUS_urban,TX,488.528,-0.430436,488.5142142838805,-3.6700444960365424,284.648,-7.81426,282.00476788287085,-38.701353921124365,359.104,-4.58941,357.9525993241974,-28.733594502786467,1128.471581490949,-71.10499291994736,1130.7095251437606,1132.28,6.0,25,900.0,p2uhs0_1247_circuit_1_fire_baseline,p2uhs0_1247,circuit_1,fire_baseline,data,,,,,,summer,TX
TX_AUS_urban__TX,TX_AUS_urban,TX,524.853,-1.18269,524.7411878876267,-10.8331594321559,296.777,-8.06805,293.8395234886241,-41.65239686954814,364.025,-5.03941,362.6178663616595,-31.97629778941989,1181.1985777379102,-84.46185409112394,1184.214458975473,1185.6549999999995,6.0,26,1800.0,p2uhs0_1247_circuit_1_fire_baseline,p2uhs0_1247,circuit_1,fire_baseline,data,,,,,,summer,TX
TX_AUS_urban__TX,TX_AUS_urban,TX,516.519,-1.11967,516.4203772055092,-10.093134692430452,294.383,-7.97635,291.5349713279978,-40.84986146590291,366.359,-3.8856,365.5168657459891,-24.8261502498592,1173.4722142794965,-75.76914640819257,1175.9158138376447,1177.261,6.0,27,2700.0,p2uhs0_1247_circuit_1_fire_baseline,p2uhs0_1247,circuit_1,fire_baseline,data,,,,,,summer,TX
TX_AUS_urban__TX,TX_AUS_urban,TX,551.985,-0.596784,551.9550578879487,-5.74928664368341,320.318,-6.96271,317.955737406997,-38.83001640448752,394.017,-3.19413,393.4048858832854,-21.954317392239272,1263.315681178231,-66.5336204404102,1265.0664934934157,1266.32,7.0,28,0.0,p2uhs0_1247_circuit_1_fire_baseline,p2uhs0_1247,circuit_1,fire_baseline,data,,,,,,summer,TX
TX_AUS_urban__TX,TX_AUS_urban,TX,550.938,-0.24416,550.9329976296334,-2.3477578295760835,313.18,-7.21078,310.7030915580657,-39.31032048025327,413.019,-2.9442,412.4738276497563,-21.21404876394796,1274.109916837455,-62.87212707377731,1275.660215161674,1277.137,7.0,29,900.0,p2uhs0_1247_circuit_1_fire_baseline,p2uhs0_1247,circuit_1,fire_baseline,data,,,,,,summer,TX
TX_AUS_urban__TX,TX_AUS_urban,TX,640.721,2.52179,640.1005005169557,28.191294382182225,363.495,-2.68266,363.09664056524514,-17.013072480688415,439.776,-0.485022,439.7602428907161,-3.722760897289583,1442.957383972917,7.455461004204227,1442.9766442533812,1443.992,7.0,30,1800.0,p2uhs0_1247_circuit_1_fire_baseline,p2uhs0_1247,circuit_1,fire_baseline,data,,,,,,summer,TX
TX_AUS_urban__TX,TX_AUS_urban,TX,613.84,2.53875,613.2375115289271,27.190072706943933,363.313,-3.13825,362.7681559982965,-19.88972002305849,460.994,0.194026,460.9913567425904,1.5611036563340193,1436.997024269814,8.861456340219462,1437.024346755743,1438.147,7.0,31,2700.0,p2uhs0_1247_circuit_1_fire_baseline,p2uhs0_1247,circuit_1,fire_baseline,data,,,,,,summer,TX
TX_AUS_urban__TX,TX_AUS_urban,TX,661.393,2.74608,660.6335003688107,31.68719993077117,370.133,-3.16565,369.56819587798697,-20.43982104838123,461.824,-0.95686,461.75959969203694,-7.712267387081275,1491.9612959388346,3.535111495308666,1491.9654840487333,1493.35,8.0,32,0.0,p2uhs0_1247_circuit_1_fire_baseline,p2uhs0_1247,circuit_1,fire_baseline,data,,,,,,summer,TX
TX_AUS_urban__TX,TX_AUS_urban,TX,609.397,2.01602,609.0198015354049,21.43793242773445,365.978,-2.21469,365.7046295710136,-14.142856653722744,446.311,-0.404628,446.29987058363736,-3.1518626284351274,1421.0243016900558,4.14321314557658,1421.03034176223,1421.686,8.0,33,900.0,p2uhs0_1247_circuit_1_fire_baseline,p2uhs0_1247,circuit_1,fire_baseline,data,,,,,,summer,TX
TX_AUS_urban__TX,TX_AUS_urban,TX,598.764,1.92838,598.4249024428316,20.14854417290365,385.799,0.409093,385.7891660478951,2.7545890926985632,496.724,1.71435,496.5016657007003,14.860287091103867,1480.7157341914271,37.76342035670608,1481.197205438592,1481.287,8.0,34,1800.0,p2uhs0_1247_circuit_1_fire_baseline,p2uhs0_1247,circuit_1,fire_baseline,data,,,,,,summer,TX
TX_AUS_urban__TX,TX_AUS_urban,TX,585.24,1.91374,584.9135743831534,19.54400425509597,372.432,0.332214,372.42573953816014,2.159433595766848,494.3,1.63405,494.0989904942485,14.095303918842289,1451.438304415562,35.79874176970511,1451.879713143281,1451.972,8.0,35,2700.0,p2uhs0_1247_circuit_1_fire_baseline,p2uhs0_1247,circuit_1,fire_baseline,data,,,,,,summer,TX
TX_AUS_urban__TX,TX_AUS_urban,TX,568.719,2.06319,568.3503162497531,20.47483772354908,373.922,1.4565,373.80118987100127,9.504342955916764,443.02,0.368639,443.01083042656944,2.850355199147423,1385.1623365473238,32.829535878613264,1385.55132601259,1385.661,9.0,36,0.0,p2uhs0_1247_circuit_1_fire_baseline,p2uhs0_1247,circuit_1,fire_baseline,data,,,,,,summer,TX
TX_AUS_urban__TX,TX_AUS_urban,TX,707.451,3.59486,706.0589892360606,44.357875512162536,436.159,3.38785,435.3967606112201,25.77468002237672,489.521,1.22343,489.4094067779925,10.451889695814945,1630.8651566252731,80.58444523035419,1632.8548655368795,1633.131,9.0,37,900.0,p2uhs0_1247_circuit_1_fire_baseline,p2uhs0_1247,circuit_1,fire_baseline,data,,,,,,summer,TX
TX_AUS_urban__TX,TX_AUS_urban,TX,594.093,2.34006,593.5975808483607,24.257053818915296,368.498,0.0221234,368.4979725296867,0.1422867184965979,457.675,1.0953,457.5913752410019,8.748653041959486,1419.6869286190497,33.14799357937138,1420.0738589137286,1420.2659999999998,9.0,38,1800.0,p2uhs0_1247_circuit_1_fire_baseline,p2uhs0_1247,circuit_1,fire_baseline,data,,,,,,summer,TX
TX_AUS_urban__TX,TX_AUS_urban,TX,581.122,2.52816,580.556372256441,25.63352329354363,359.635,-0.909935,359.58964780588497,-5.7112534385722,457.559,1.20297,457.458152419892,9.606105640625069,1397.604172482218,29.5283754955965,1397.916073267317,1398.316,9.0,39,2700.0,p2uhs0_1247_circuit_1_fire_baseline,p2uhs0_1247,circuit_1,fire_baseline,data,,,,,,summer,TX
TX_AUS_urban__TX,TX_AUS_urban,TX,672.123,4.35325,670.183937615588,51.01780954789991,382.575,0.193299,382.572822790959,1.2906923558645602,491.533,2.3937,491.10410232647314,20.529266112285047,1543.8608627330202,72.83776801604951,1545.5781131758774,1546.2310000000002,10.0,40,0.0,p2uhs0_1247_circuit_1_fire_baseline,p2uhs0_1247,circuit_1,fire_baseline,data,,,,,,summer,TX
TX_AUS_urban__TX,TX_AUS_urban,TX,661.32,3.66597,659.9667873678488,42.284535841849326,374.04,-0.159581,374.03854920893735,-1.0417800503692416,455.566,1.01247,455.4948738878964,8.049858250261831,1489.5002104646826,49.29261404174191,1490.315617167519,1490.9260000000002,10.0,41,900.0,p2uhs0_1247_circuit_1_fire_baseline,p2uhs0_1247,circuit_1,fire_baseline,data,,,,,,summer,TX
TX_AUS_urban__TX,TX_AUS_urban,TX,597.105,2.01986,596.7340007715209,21.04550660389416,356.595,-1.43682,356.482880291881,-8.941481074436702,429.418,-1.02725,429.3489846569965,-7.69857766124586,1382.5658657203985,4.405447868211599,1382.5728845258443,1383.118,10.0,42,1800.0,p2uhs0_1247_circuit_1_fire_baseline,p2uhs0_1247,circuit_1,fire_baseline,data,,,,,,summer,TX
TX_AUS_urban__TX,TX_AUS_urban,TX,530.106,0.712436,530.0650198468672,6.591355758891241,326.926,-3.17698,326.4235511148576,-18.11835405233925,418.952,-0.708044,418.9200107561535,-5.177150960152571,1275.4085817178784,-16.704149253600576,1275.5179649545892,1275.984,10.0,43,2700.0,p2uhs0_1247_circuit_1_fire_baseline,p2uhs0_1247,circuit_1,fire_baseline,data,,,,,,summer,TX
TX_AUS_urban__TX,TX_AUS_urban,TX,533.999,0.789241,533.9483385527171,7.355525663945901,319.24,-4.09365,318.42552322841107,-22.78955367515293,383.735,-2.07102,383.4843443767989,-13.867510335194574,1235.858206157927,-29.301538346401607,1236.2055192715145,1236.9740000000002,11.0,44,0.0,p2uhs0_1247_circuit_1_fire_baseline,p2uhs0_1247,circuit_1,fire_baseline,data,,,,,,summer,TX
TX_AUS_urban__TX,TX_AUS_urban,TX,524.006,0.577377,523.9793942023708,5.280387042301808,314.266,-4.55223,313.27461564621484,-24.94261308917689,404.802,-1.05479,404.7334058417608,-7.451805132220313,1241.9874156903463,-27.1140311790954,1242.2833458675866,1243.074,11.0,45,900.0,p2uhs0_1247_circuit_1_fire_baseline,p2uhs0_1247,circuit_1,fire_baseline,data,,,,,,summer,TX
TX_AUS_urban__TX,TX_AUS_urban,TX,580.209,2.19371,579.7837791256029,22.20930309203896,330.196,-3.55197,329.5616980727567,-20.456920085906823,411.341,-0.469075,411.3272149327926,-3.3675713254934485,1320.6726921311522,-1.61518831936131,1320.6736798218749,1321.746,11.0,46,1800.0,p2uhs0_1247_circuit_1_fire_baseline,p2uhs0_1247,circuit_1,fire_baseline,data,,,,,,summer,TX
TX_AUS_urban__TX,TX_AUS_urban,TX,579.91,2.08137,579.5274077585744,21.061618091375788,346.012,-3.56122,345.34385043850216,-21.492536106970725,418.086,-0.618293,418.0616569601869,-4.511582394577566,1342.932915157263,-4.942500410172503,1342.9420102607148,1344.008,11.0,47,2700.0,p2uhs0_1247_circuit_1_fire_baseline,p2uhs0_1247,circuit_1,fire_baseline,data,,,,,,summer,TX
TX_AUS_urban__TX,TX_AUS_urban,TX,519.829,1.72067,519.5946053057557,15.608823727488694,329.748,-3.47322,329.1423265997629,-19.976795150749343,412.138,-0.0809478,412.1375886822736,-0.5822706939585337,1260.8745205877922,-4.950242117219182,1260.884237971319,1261.715,12.0,48,0.0,p2uhs0_1247_circuit_1_fire_baseline,p2uhs0_1247,circuit_1,fire_baseline,data,,,,,,summer,TX
TX_AUS_urban__TX,TX_AUS_urban,TX,615.765,4.26277,614.0615742668676,45.7702767513602,368.384,-0.71322,368.35545914908624,-4.58553934296447,422.999,0.365366,422.99039959565965,2.697378524460337,1405.4074330116136,43.88211593285608,1406.0923486254517,1407.148,12.0,49,900.0,p2uhs0_1247_circuit_1_fire_baseline,p2uhs0_1247,circuit_1,fire_baseline,data,,,,,,summer,TX
TX_AUS_urban__TX,TX_AUS_urban,TX,631.943,3.95749,630.4361513609305,43.61438187362042,369.82,0.0197544,369.8199780192343,0.1275062862456208,434.839,0.541482,434.8195813942664,4.109447300424298,1435.0757107744312,47.851335460290336,1435.8732694635944,1436.602,12.0,50,1800.0,p2uhs0_1247_circuit_1_fire_baseline,p2uhs0_1247,circuit_1,fire_baseline,data,,,,,,summer,TX
TX_AUS_urban__TX,TX_AUS_urban,TX,510.32,1.56889,510.1286955015632,13.971987184126393,317.097,-3.14972,316.61798248284504,-17.422989912550563,423.43,0.367127,423.4213076435145,2.713140883965637,1250.167985627923,-0.737861844458533,1250.168203374682,1250.847,12.0,51,2700.0,p2uhs0_1247_circuit_1_fire_baseline,p2uhs0_1247,circuit_1,fire_baseline,data,,,,,,summer,TX
TX_AUS_urban__TX,TX_AUS_urban,TX,500.947,0.397721,500.93493098516393,3.477316190547488,328.052,-2.45791,327.7501905881936,-14.068662815021437,395.831,-1.11037,395.7566713252347,-7.670571202340886,1224.4417928985922,-18.26191782681484,1224.5779688690436,1224.83,13.0,52,0.0,p2uhs0_1247_circuit_1_fire_baseline,p2uhs0_1247,circuit_1,fire_baseline,data,,,,,,summer,TX
TX_AUS_urban__TX,TX_AUS_urban,TX,485.305,-0.266455,485.2997520888828,-2.256911045854947,296.485,-5.61511,295.0623555329497,-29.00968066606722,379.217,-2.11355,378.959018631341,-13.985538494135035,1159.3211262531736,-45.2521302060572,1160.20396011439,1161.007,13.0,53,900.0,p2uhs0_1247_circuit_1_fire_baseline,p2uhs0_1247,circuit_1,fire_baseline,data,,,,,,summer,TX
TX_AUS_urban__TX,TX_AUS_urban,TX,523.196,1.09346,523.1007243820201,9.984316050981771,326.165,-2.8088,325.77315279731874,-15.983120518059035,418.794,-0.887325,418.74377939434976,-6.485495704736246,1267.6176565736887,-12.484300171813512,1267.6791317238562,1268.1550000000002,13.0,54,1800.0,p2uhs0_1247_circuit_1_fire_baseline,p2uhs0_1247,circuit_1,fire_baseline,data,,,,,,summer,TX
TX_AUS_urban__TX,TX_AUS_urban,TX,492.985,-0.0347717,492.9849092157982,-0.2991830396224147,302.454,-4.63723,301.4639337334178,-24.4523776752592,382.841,-1.54358,382.7020766652629,-10.312700766299525,1177.1509196144789,-35.064261481181134,1177.6730403564625,1178.2800000000002,13.0,55,2700.0,p2uhs0_1247_circuit_1_fire_baseline,p2uhs0_1247,circuit_1,fire_baseline,data,,,,,,summer,TX
TX_AUS_urban__TX,TX_AUS_urban,TX,438.042,-1.71418,437.8459707197077,-13.103422778681344,278.885,-5.95325,277.3809323119872,-28.925103538842883,362.323,-2.51221,361.9747725966712,-15.88144617432945,1077.201675628366,-57.90997249185368,1078.757162150299,1079.25,14.0,56,0.0,p2uhs0_1247_circuit_1_fire_baseline,p2uhs0_1247,circuit_1,fire_baseline,data,,,,,,summer,TX
TX_AUS_urban__TX,TX_AUS_urban,TX,446.55,-1.23036,446.44704615961547,-9.588403170193752,293.393,-4.67232,292.41801269239875,-23.89891842799794,370.863,-1.4109,370.7505631247142,-9.131522967572783,1109.6156219767286,-42.61884456576448,1110.4337866108556,1110.806,14.0,57,900.0,p2uhs0_1247_circuit_1_fire_baseline,p2uhs0_1247,circuit_1,fire_baseline,data,,,,,,summer,TX
TX_AUS_urban__TX,TX_AUS_urban,TX,424.646,-2.21011,424.3301173987946,-16.376104064313115,284.533,-5.09226,283.4099667203748,-25.255075778069983,354.886,-3.25146,354.3147136017615,-20.128505192928053,1062.054797720931,-61.75968503531115,1063.8489799110157,1064.065,14.0,58,1800.0,p2uhs0_1247_circuit_1_fire_baseline,p2uhs0_1247,circuit_1,fire_baseline,data,,,,,,summer,TX
TX_AUS_urban__TX,TX_AUS_urban,TX,425.689,-2.16301,425.3856928542546,-16.06664357934523,281.011,-5.04922,279.9205253738988,-24.732197544910857,344.078,-4.72513,342.9086002086863,-28.343641031443124,1048.2148184368398,-69.14248215569921,1050.4927360192587,1050.778,14.0,59,2700.0,p2uhs0_1247_circuit_1_fire_baseline,p2uhs0_1247,circuit_1,fire_baseline,data,,,,,,summer,TX
TX_AUS_urban__TX,TX_AUS_urban,TX,458.019,-1.13676,457.92885709406346,-9.08659460550711,296.272,-5.15578,295.0732985499544,-26.624170726042564,350.29,-4.34556,349.2829853577909,-26.54204663452397,1102.2851410018088,-62.25281196607365,1104.0416408229632,1104.581,15.0,60,0.0,p2uhs0_1247_circuit_1_fire_baseline,p2uhs0_1247,circuit_1,fire_baseline,data,,,,,,summer,TX
TX_AUS_urban__TX,TX_AUS_urban,TX,452.384,-1.71653,452.1809970783707,-13.550990266787055,262.81,-7.99215,260.2573599319198,-36.54042557588989,363.471,-2.5582,363.1087642206573,-16.223229861749246,1075.5471212309476,-66.3146457044262,1077.5895518345944,1078.665,15.0,61,900.0,p2uhs0_1247_circuit_1_fire_baseline,p2uhs0_1247,circuit_1,fire_baseline,data,,,,,,summer,TX
TX_AUS_urban__TX,TX_AUS_urban,TX,459.202,-0.799171,459.1573315480767,-6.404817690581296,281.725,-6.00259,280.180349505443,-29.460946624435163,354.217,-2.71241,353.82015245012343,-16.76254184696968,1093.1578335036431,-52.62830616198613,1094.4239523876745,1095.144,15.0,62,1800.0,p2uhs0_1247_circuit_1_fire_baseline,p2uhs0_1247,circuit_1,fire_baseline,data,,,,,,summer,TX
TX_AUS_urban__TX,TX_AUS_urban,TX,426.653,-2.14381,426.3543782337631,-15.960155697902298,279.962,-6.84945,277.96389663120425,-33.38852517852774,355.842,-2.95379,355.3692353577645,-18.336726131939283,1059.6875102227318,-67.68540700836932,1061.8469445470666,1062.457,15.0,63,2700.0,p2uhs0_1247_circuit_1_fire_baseline,p2uhs0_1247,circuit_1,fire_baseline,data,,,,,,summer,TX
TX_AUS_urban__TX,TX_AUS_urban,TX,496.055,0.11992,496.0539134801822,1.0382417810476283,311.618,-4.33817,310.7252025904815,-23.57172881025506,377.81,-2.82589,377.35056862095854,-18.62644521746668,1184.1296846916223,-41.15993224667411,1184.8448211434404,1185.483,16.0,64,0.0,p2uhs0_1247_circuit_1_fire_baseline,p2uhs0_1247,circuit_1,fire_baseline,data,,,,,,summer,TX
TX_AUS_urban__TX,TX_AUS_urban,TX,543.446,1.43451,543.2756800151992,13.604794008834904,357.559,-1.60407,357.4188830355597,-10.009022460405092,400.369,-1.19985,400.2812144118507,-8.38364777253967,1300.9757774626096,-4.7878762241098585,1300.9845876501302,1301.3740000000005,16.0,65,900.0,p2uhs0_1247_circuit_1_fire_baseline,p2uhs0_1247,circuit_1,fire_baseline,data,,,,,,summer,TX
TX_AUS_urban__TX,TX_AUS_urban,TX,455.8,-0.788183,455.7568732889922,-6.269964102091448,298.047,-5.53766,296.65601012078224,-28.761534524749496,393.139,0.105719,393.138330767786,0.7253979038366568,1145.5512141775605,-34.306100723004285,1146.0647856253588,1146.986,16.0,66,1800.0,p2uhs0_1247_circuit_1_fire_baseline,p2uhs0_1247,circuit_1,fire_baseline,data,,,,,,summer,TX
TX_AUS_urban__TX,TX_AUS_urban,TX,429.233,-1.31721,429.1195750089989,-9.867047840979705,288.105,-5.39752,286.8275531101332,-27.10066054275697,363.521,-1.46793,363.40169979759946,-9.312466118885316,1079.3488279167314,-46.28017450262199,1080.340569856198,1080.859,16.0,67,2700.0,p2uhs0_1247_circuit_1_fire_baseline,p2uhs0_1247,circuit_1,fire_baseline,data,,,,,,summer,TX
TX_AUS_urban__TX,TX_AUS_urban,TX,436.838,-0.290909,436.8323693500132,-2.2179567294352363,301.298,-3.71994,300.6631950610282,-19.548092993796544,392.619,-0.317446,392.6129739232414,-2.1752857624280835,1130.108538334283,-23.941335485659863,1130.362108335593,1130.755,17.0,68,0.0,p2uhs0_1247_circuit_1_fire_baseline,p2uhs0_1247,circuit_1,fire_baseline,data,,,,,,summer,TX
TX_AUS_urban__TX,TX_AUS_urban,TX,533.849,2.3929,533.3834898597046,22.28918002265816,318.805,-2.94052,318.38523829823964,-16.35445073284891,382.827,-0.878626,382.7819881471848,-5.870390028648928,1234.550716305129,0.0643392611603195,1234.5507179816664,1235.481,17.0,69,900.0,p2uhs0_1247_circuit_1_fire_baseline,p2uhs0_1247,circuit_1,fire_baseline,data,,,,,,summer,TX
TX_AUS_urban__TX,TX_AUS_urban,TX,541.604,3.02726,540.8482032611231,28.602689475202897,345.207,-0.682636,345.1824993519658,-4.112783744633274,437.432,2.23189,437.1001621313746,17.035342342495543,1323.1308647444637,41.52524807306517,1323.7823202728466,1324.243,17.0,70,1800.0,p2uhs0_1247_circuit_1_fire_baseline,p2uhs0_1247,circuit_1,fire_baseline,data,,,,,,summer,TX
TX_AUS_urban__TX,TX_AUS_urban,TX,502.716,1.88709,502.44335758869846,16.55442753450798,318.733,-1.71105,318.5908833719222,-9.517054234282517,410.27,1.26628,410.1698072449936,9.066538733431257,1231.204048205614,16.10391203365672,1231.3093617367977,1231.719,17.0,71,2700.0,p2uhs0_1247_circuit_1_fire_baseline,p2uhs0_1247,circuit_1,fire_baseline,data,,,,,,summer,TX
TX_AUS_urban__TX,TX_AUS_urban,TX,559.192,2.96612,558.4428545784912,28.93563606050784,349.625,-1.0848,349.5623366514811,-6.619170624527833,394.669,-0.520104,394.6527394526542,-3.582569401343361,1302.6579306826266,18.733896034636643,1302.7926324749385,1303.486,18.0,72,0.0,p2uhs0_1247_circuit_1_fire_baseline,p2uhs0_1247,circuit_1,fire_baseline,data,,,,,,summer,TX
TX_AUS_urban__TX,TX_AUS_urban,TX,556.176,2.80214,555.510987088535,27.189817945722623,328.328,-2.94642,327.89396349428984,-16.876738073611794,435.452,1.18869,435.3582898420332,9.033480493152114,1318.763240424858,19.346560365262945,1318.9051420378337,1319.956,18.0,73,900.0,p2uhs0_1247_circuit_1_fire_baseline,p2uhs0_1247,circuit_1,fire_baseline,data,,,,,,summer,TX
TX_AUS_urban__TX,TX_AUS_urban,TX,565.426,2.25248,564.9891156717498,22.22297568855696,356.673,-2.04685,356.44542695519215,-12.739173118016042,417.894,0.048776,417.89384857303673,0.3557538697478639,1339.3283911999788,9.839556440288774,1339.3645345257075,1339.993,18.0,74,1800.0,p2uhs0_1247_circuit_1_fire_baseline,p2uhs0_1247,circuit_1,fire_baseline,data,,,,,,summer,TX
TX_AUS_urban__TX,TX_AUS_urban,TX,580.585,2.68433,579.9479362096818,27.19068794883649,344.424,-2.54909,344.08318645432945,-15.318373785592478,460.969,1.39655,460.8320733647096,11.234728273656494,1384.8631960287207,23.107042436900507,1385.0559581204882,1385.978,18.0,75,2700.0,p2uhs0_1247_circuit_1_fire_baseline,p2uhs0_1247,circuit_1,fire_baseline,data,,,,,,summer,TX
TX_AUS_urban__TX,TX_AUS_urban,TX,580.244,3.10746,579.3908212430129,31.454344617988337,361.695,-0.564848,361.6774237218005,-3.5656969811206065,487.264,2.12553,486.9287461793848,18.07212882236952,1427.996991144198,45.960776459237245,1428.736434647629,1429.203,19.0,76,0.0,p2uhs0_1247_circuit_1_fire_baseline,p2uhs0_1247,circuit_1,fire_baseline,data,,,,,,summer,TX
TX_AUS_urban__TX,TX_AUS_urban,TX,701.663,4.29668,699.6909596411373,52.5692549449239,436.167,0.519198,436.1490922677002,3.952366767018374,593.025,3.2678,592.060747107338,33.804176660595324,1727.9007990161754,90.3257983725376,1730.2600732526812,1730.855,19.0,77,900.0,p2uhs0_1247_circuit_1_fire_baseline,p2uhs0_1247,circuit_1,fire_baseline,data,,,,,,summer,TX
TX_AUS_urban__TX,TX_AUS_urban,TX,720.081,3.97459,718.3491247820305,49.91173695525722,469.072,0.498242,469.0542645512843,4.078981521633134,616.371,3.10596,615.4655753833858,33.39663394711738,1802.8689647167007,87.38735242400773,1804.9856102757008,1805.524,19.0,78,1800.0,p2uhs0_1247_circuit_1_fire_baseline,p2uhs0_1247,circuit_1,fire_baseline,data,,,,,,summer,TX
TX_AUS_urban__TX,TX_AUS_urban,TX,867.741,5.84049,863.2365960054431,88.3007497020006,524.385,1.8757,524.1040280475405,17.16379938541655,692.039,4.07407,690.2902437066658,49.16662449662389,2077.6308677596494,154.63117358404105,2083.377263606304,2084.165,19.0,79,2700.0,p2uhs0_1247_circuit_1_fire_baseline,p2uhs0_1247,circuit_1,fire_baseline,data,,,,,,summer,TX
TX_AUS_urban__TX,TX_AUS_urban,TX,931.936,7.20774,924.5716191681691,116.92745239998152,554.912,3.00466,554.1491485151685,29.086920495538426,722.054,5.24888,719.0262225359398,66.05505447501506,2197.746990219277,212.069427370535,2207.9549984189352,2208.902,20.0,80,0.0,p2uhs0_1247_circuit_1_fire_baseline,p2uhs0_1247,circuit_1,fire_baseline,data,,,,,,summer,TX
TX_AUS_urban__TX,TX_AUS_urban,TX,731.565,5.49897,728.1982802336606,70.10430721246075,506.628,3.22537,505.8254754597225,28.504714696794025,653.838,4.65552,651.6807904496725,53.06861221937045,1885.7045461430555,151.67763412862524,1891.794846181648,1892.031,20.0,81,900.0,p2uhs0_1247_circuit_1_fire_baseline,p2uhs0_1247,circuit_1,fire_baseline,data,,,,,,summer,TX
TX_AUS_urban__TX,TX_AUS_urban,TX,690.332,5.10183,687.5970603970633,61.388539299427485,471.192,2.4213,470.7713167525262,19.90648605587201,607.494,3.87605,606.1044318907232,41.0655290776074,1764.4728090403123,122.3605544329069,1768.7103774003645,1769.018,20.0,82,1800.0,p2uhs0_1247_circuit_1_fire_baseline,p2uhs0_1247,circuit_1,fire_baseline,data,,,,,,summer,TX
TX_AUS_urban__TX,TX_AUS_urban,TX,705.115,5.14521,702.2738181564781,63.23486029811359,465.892,2.04195,465.5961618131682,16.600294239742926,606.061,3.97399,604.6037954942195,42.00221654846342,1772.473775463866,121.83737108631992,1776.656306014294,1777.0680000000002,20.0,83,2700.0,p2uhs0_1247_circuit_1_fire_baseline,p2uhs0_1247,circuit_1,fire_baseline,data,,,,,,summer,TX
TX_AUS_urban__TX,TX_AUS_urban,TX,733.874,6.52016,729.1272755754754,83.33344999389325,463.775,1.84523,463.5345108153248,14.933449306757115,604.421,3.94488,602.9889429889846,41.582206218851546,1795.650729379785,139.8491055195019,1801.0883693580274,1802.07,21.0,84,0.0,p2uhs0_1247_circuit_1_fire_baseline,p2uhs0_1247,circuit_1,fire_baseline,data,,,,,,summer,TX
TX_AUS_urban__TX,TX_AUS_urban,TX,680.72,5.30221,677.8072907083036,62.90465056471743,456.839,1.32232,456.7173416930487,10.542377238318608,626.449,4.82755,624.2266775283167,52.72005939828579,1758.751309929669,126.16708720132183,1763.270910572789,1764.0079999999998,21.0,85,900.0,p2uhs0_1247_circuit_1_fire_baseline,p2uhs0_1247,circuit_1,fire_baseline,data,,,,,,summer,TX
TX_AUS_urban__TX,TX_AUS_urban,TX,673.876,4.70334,671.606795753931,55.25554517998772,458.52,0.27274,458.5148050679001,2.182643705589093,571.895,3.58656,570.7749035434482,35.77569719750238,1700.8965043652793,93.2138860830792,1703.448780304455,1704.291,21.0,86,1800.0,p2uhs0_1247_circuit_1_fire_baseline,p2uhs0_1247,circuit_1,fire_baseline,data,,,,,,summer,TX
TX_AUS_urban__TX,TX_AUS_urban,TX,784.651,6.79292,779.1428532575745,92.80951469890118,457.957,0.828445,457.90912935962285,6.621412093515477,539.033,3.31183,538.1327663491694,31.140020398038445,1775.184748966367,130.57094719045512,1779.9802429277115,1781.641,21.0,87,2700.0,p2uhs0_1247_circuit_1_fire_baseline,p2uhs0_1247,circuit_1,fire_baseline,data,,,,,,summer,TX
TX_AUS_urban__TX,TX_AUS_urban,TX,671.469,5.70124,668.1475250364449,66.70459316024113,423.657,-0.157451,423.6554003325816,-1.1642242224025687,520.58,2.91703,519.9054716618917,26.4922051937147,1611.708397030918,92.03257413155326,1614.333903429291,1615.706,22.0,88,0.0,p2uhs0_1247_circuit_1_fire_baseline,p2uhs0_1247,circuit_1,fire_baseline,data,,,,,,summer,TX
TX_AUS_urban__TX,TX_AUS_urban,TX,650.438,4.66242,648.2856456795766,52.87072393881501,417.755,-0.425571,417.7434763926713,-3.1028948363820743,486.677,1.78541,486.4407312167482,15.16302550005632,1552.469853288996,64.93085460248926,1553.827101466108,1554.87,22.0,89,900.0,p2uhs0_1247_circuit_1_fire_baseline,p2uhs0_1247,circuit_1,fire_baseline,data,,,,,,summer,TX
TX_AUS_urban__TX,TX_AUS_urban,TX,676.323,6.92062,671.3953390049817,81.49293890507126,422.862,0.926526,422.8067122193542,6.837773487049886,523.896,4.4121,522.3434489242222,40.30310387486801,1616.5455001485582,128.63381626698916,1621.6553310546485,1623.081,22.0,90,1800.0,p2uhs0_1247_circuit_1_fire_baseline,p2uhs0_1247,circuit_1,fire_baseline,data,,,,,,summer,TX
TX_AUS_urban__TX,TX_AUS_urban,TX,785.035,9.47508,774.324997825169,129.2313776451057,472.919,3.27343,472.14738709153454,27.00417418912499,568.043,5.6027,565.3293452024972,55.4579237072195,1811.8017301192008,211.6934755414502,1824.127089007164,1825.997,22.0,91,2700.0,p2uhs0_1247_circuit_1_fire_baseline,p2uhs0_1247,circuit_1,fire_baseline,data,,,,,,summer,TX
TX_AUS_urban__TX,TX_AUS_urban,TX,661.258,7.71925,655.2657644188776,88.81959549865148,399.68,0.574708,399.659893892504,4.008941734722837,508.36,3.83501,507.2216731868592,34.00093895060865,1562.1473314982409,126.82947618398296,1567.287466081503,1569.2980000000002,23.0,92,0.0,p2uhs0_1247_circuit_1_fire_baseline,p2uhs0_1247,circuit_1,fire_baseline,data,,,,,,summer,TX
TX_AUS_urban__TX,TX_AUS_urban,TX,745.592,8.63526,737.140095322972,111.94601525395942,442.937,2.82707,442.3979218733583,21.846388514670416,501.715,3.90483,500.5502895200447,34.1664877679788,1680.088306716375,167.95889153660863,1688.4628831014622,1690.244,23.0,93,900.0,p2uhs0_1247_circuit_1_fire_baseline,p2uhs0_1247,circuit_1,fire_baseline,data,,,,,,summer,TX
TX_AUS_urban__TX,TX_AUS_urban,TX,564.569,4.47529,562.8476732361318,44.052837521237954,344.533,-2.33793,344.2462137579245,-14.054622098561191,413.699,-0.802562,413.6584155845384,-5.794636924719797,1320.7523025785947,24.20357849795697,1320.9740565123775,1322.801,23.0,94,1800.0,p2uhs0_1247_circuit_1_fire_baseline,p2uhs0_1247,circuit_1,fire_baseline,data,,,,,,summer,TX
TX_AUS_urban__TX,TX_AUS_urban,TX,503.727,3.2687,502.9074936890424,28.721826550651173,321.717,-2.53359,321.4025144797815,-14.221525061463923,399.197,-0.351865,399.1894722916801,-2.45153431343849,1223.499480460504,12.04876717574876,1223.5588058927035,1224.641,23.0,95,2700.0,p2uhs0_1247_circuit_1_fire_baseline,p2uhs0_1247,circuit_1,fire_baseline,data,,,,,,summer,TX
TX_AUS_urban__TX,TX_AUS_urban,TX,504.852,2.24898,504.4631301740649,19.81141587530915,335.062,-1.39491,334.9627064952541,-8.156537339721703,409.109,-1.1378,409.0283357017721,-8.123698298092906,1248.454172371091,3.5311802374945422,1248.45916623038,1249.023,24.0,96,0.0,p2uhs0_1247_circuit_1_fire_baseline,p2uhs0_1247,circuit_1,fire_baseline,data,,,,,,summer,TX
TX_AUS_urban__TX,TX_AUS_urban,TX,,,,,,,,,,,,,,,,,,0,,p2uhs0_1247_circuit_1_fire_baseline,p2uhs0_1247,circuit_1,fire_baseline,summary,1025.0,94.0,1.0,1.0,100.0,summer,TX
TX_AUS_urban__TX,TX_AUS_urban,TX,731.683,10.2081,720.1008703174597,129.671697208902,533.817,12.4035,521.3572623211355,114.66121625907655,580.953,8.09845,575.1594282557229,81.84143386787613,1816.617560894318,326.1743473358547,1845.6676481451343,1846.453,0.0,1,900.0,p2uhs0_1247_circuit_1_fire_mixed,p2uhs0_1247,circuit_1,fire_mixed,data,,,,,,summer,TX
TX_AUS_urban__TX,TX_AUS_urban,TX,726.134,10.7406,713.4128481530954,135.32440299549984,497.788,11.2157,488.28119254199663,96.82133005575608,534.158,6.44905,530.77791668011,59.99643430006693,1732.4719573752022,292.1421673513229,1756.9308833975776,1758.08,0.0,2,1800.0,p2uhs0_1247_circuit_1_fire_mixed,p2uhs0_1247,circuit_1,fire_mixed,data,,,,,,summer,TX
TX_AUS_urban__TX,TX_AUS_urban,TX,668.279,9.6601,658.8031805400955,112.13915975810733,459.183,10.0259,452.17088823546607,79.94069877946804,543.209,6.6551,539.5487349515057,62.95379490729571,1650.5228037270672,255.03365344487105,1670.110083201852,1670.6709999999998,0.0,3,2700.0,p2uhs0_1247_circuit_1_fire_mixed,p2uhs0_1247,circuit_1,fire_mixed,data,,,,,,summer,TX
TX_AUS_urban__TX,TX_AUS_urban,TX,662.396,9.98396,652.3648918239262,114.8412327152449,475.594,10.6323,467.4287605977223,87.74968149273927,503.452,6.60239,500.1130913937342,57.88619974227415,1619.9067438153825,260.4771139502583,1640.7151445483798,1641.442,1.0,4,0.0,p2uhs0_1247_circuit_1_fire_mixed,p2uhs0_1247,circuit_1,fire_mixed,data,,,,,,summer,TX
TX_AUS_urban__TX,TX_AUS_urban,TX,723.299,11.5273,708.7097695432261,144.54032639712477,508.746,10.8675,499.62205547648045,95.91816406425156,518.924,8.0657,513.7907158555674,72.80946419678908,1722.122540875274,313.2679546581654,1750.3836314380972,1750.969,1.0,5,900.0,p2uhs0_1247_circuit_1_fire_mixed,p2uhs0_1247,circuit_1,fire_mixed,data,,,,,,summer,TX
TX_AUS_urban__TX,TX_AUS_urban,TX,618.03,9.58206,609.4073727811675,102.87728077644311,462.911,10.2288,455.5537106616849,82.20347087179402,475.753,6.39482,472.792861403167,52.9889348374327,1537.7539448460195,238.06968648566985,1556.0733821105223,1556.694,1.0,6,1800.0,p2uhs0_1247_circuit_1_fire_mixed,p2uhs0_1247,circuit_1,fire_mixed,data,,,,,,summer,TX
TX_AUS_urban__TX,TX_AUS_urban,TX,611.287,9.68952,602.5665453640389,102.88515333636656,453.982,10.3954,446.5303215875011,81.91659311130354,490.734,6.57396,487.5073749114486,56.18200924627271,1536.6042418629886,240.9837556939428,1555.386050670279,1556.003,1.0,7,2700.0,p2uhs0_1247_circuit_1_fire_mixed,p2uhs0_1247,circuit_1,fire_mixed,data,,,,,,summer,TX
TX_AUS_urban__TX,TX_AUS_urban,TX,635.984,10.0345,626.2553617944398,110.8145752133511,446.581,10.8475,438.6012978557919,84.04457793465897,493.992,7.2984,489.9896721312427,62.755217063741874,1554.8463317814744,257.614370211752,1576.043235191822,1576.557,2.0,8,0.0,p2uhs0_1247_circuit_1_fire_mixed,p2uhs0_1247,circuit_1,fire_mixed,data,,,,,,summer,TX
TX_AUS_urban__TX,TX_AUS_urban,TX,627.475,10.2832,617.3961346134053,112.0128947462122,463.237,11.717,453.5843450203825,94.07316366228282,472.208,7.16957,468.51586530245817,58.93453337296291,1539.496344936246,265.02059178145794,1562.1411300328325,1562.92,2.0,9,900.0,p2uhs0_1247_circuit_1_fire_mixed,p2uhs0_1247,circuit_1,fire_mixed,data,,,,,,summer,TX
TX_AUS_urban__TX,TX_AUS_urban,TX,599.122,9.22982,591.3651195773352,96.0961301576914,458.861,10.9875,450.4495217999787,87.45653566869952,463.916,6.60329,460.838457393151,53.3476451542237,1502.6530987704648,236.90031098061465,1521.2127045838106,1521.899,2.0,10,1800.0,p2uhs0_1247_circuit_1_fire_mixed,p2uhs0_1247,circuit_1,fire_mixed,data,,,,,,summer,TX
TX_AUS_urban__TX,TX_AUS_urban,TX,603.262,9.84982,594.3696315122261,103.19777991807985,461.902,11.1225,453.2260878659313,89.10426971668113,479.574,6.94235,476.0578938618961,57.96639688453736,1523.6536132400531,250.26844651929832,1544.0707977494596,1544.738,2.0,11,2700.0,p2uhs0_1247_circuit_1_fire_mixed,p2uhs0_1247,circuit_1,fire_mixed,data,,,,,,summer,TX
TX_AUS_urban__TX,TX_AUS_urban,TX,633.926,9.91266,624.4623170885108,109.12830985792964,463.937,11.5397,454.5591297515524,92.80914571587952,472.192,7.14734,468.5228201812707,58.7507602792401,1547.5442670213338,260.68821585304926,1569.347509086258,1570.055,3.0,12,0.0,p2uhs0_1247_circuit_1_fire_mixed,p2uhs0_1247,circuit_1,fire_mixed,data,,,,,,summer,TX
TX_AUS_urban__TX,TX_AUS_urban,TX,601.462,10.2794,591.808090118667,107.3299674559518,468.334,12.363,457.4736833091396,100.27245202730926,469.078,7.5067,465.05780980251177,61.28134810601668,1514.3395832303186,268.88376758927774,1538.0256349655488,1538.874,3.0,13,900.0,p2uhs0_1247_circuit_1_fire_mixed,p2uhs0_1247,circuit_1,fire_mixed,data,,,,,,summer,TX
TX_AUS_urban__TX,TX_AUS_urban,TX,575.536,10.1089,566.6013374838212,101.01787791052044,439.523,11.6549,430.4609718996013,88.7908734062839,457.111,6.94509,453.7569437218365,55.27298024548783,1450.819253105259,245.08173156229213,1471.3740382127423,1472.17,3.0,14,1800.0,p2uhs0_1247_circuit_1_fire_mixed,p2uhs0_1247,circuit_1,fire_mixed,data,,,,,,summer,TX
TX_AUS_urban__TX,TX_AUS_urban,TX,599.789,10.298,590.1271661655028,107.22300254363827,446.84,11.9711,437.1222787282399,92.68278717988002,471.66,7.55756,467.56279946491225,62.03373402056562,1494.8122443586549,261.9395237440839,1517.5888639495995,1518.289,3.0,15,2700.0,p2uhs0_1247_circuit_1_fire_mixed,p2uhs0_1247,circuit_1,fire_mixed,data,,,,,,summer,TX
TX_AUS_urban__TX,TX_AUS_urban,TX,586.841,10.5071,577.0010365420937,107.0147798687142,447.744,12.5117,437.1108810289472,96.99880010648378,481.016,8.42836,475.82098115609233,70.50380236308995,1489.9328987271333,274.517382338288,1515.0114969581266,1515.601,4.0,16,0.0,p2uhs0_1247_circuit_1_fire_mixed,p2uhs0_1247,circuit_1,fire_mixed,data,,,,,,summer,TX
TX_AUS_urban__TX,TX_AUS_urban,TX,579.852,9.84614,571.3110758430189,99.15642451748812,445.264,12.1091,435.35684561785695,93.40474650503305,462.006,7.41921,458.13805081664606,59.657945237195534,1464.805972277522,252.2191162597167,1486.3616716757497,1487.1219999999998,4.0,17,900.0,p2uhs0_1247_circuit_1_fire_mixed,p2uhs0_1247,circuit_1,fire_mixed,data,,,,,,summer,TX
TX_AUS_urban__TX,TX_AUS_urban,TX,587.912,9.72905,579.4565997747411,99.35073588804264,446.068,12.159,436.0612962821984,93.95321446703556,464.935,7.28521,461.181677039024,58.957739004081205,1476.6995730959634,252.2616893591594,1498.091315341003,1498.915,4.0,18,1800.0,p2uhs0_1247_circuit_1_fire_mixed,p2uhs0_1247,circuit_1,fire_mixed,data,,,,,,summer,TX
TX_AUS_urban__TX,TX_AUS_urban,TX,575.406,9.67271,567.2258032209503,96.67964106443384,459.361,12.7244,448.0794758950843,101.17960072359722,495.302,9.00759,489.1937420623859,77.5471078184086,1504.499021178421,275.4063496064397,1529.4985982766937,1530.069,4.0,19,2700.0,p2uhs0_1247_circuit_1_fire_mixed,p2uhs0_1247,circuit_1,fire_mixed,data,,,,,,summer,TX
TX_AUS_urban__TX,TX_AUS_urban,TX,598.626,9.66723,590.1253158982447,100.524620924413,471.924,12.7516,460.28454060004685,104.16526993486752,487.044,8.34938,481.8818250865545,70.7231545340792,1532.291681584846,275.4130453933597,1556.846216884301,1557.594,5.0,20,0.0,p2uhs0_1247_circuit_1_fire_mixed,p2uhs0_1247,circuit_1,fire_mixed,data,,,,,,summer,TX
TX_AUS_urban__TX,TX_AUS_urban,TX,625.317,10.1013,615.6240867317865,109.6737631553406,485.873,13.0117,473.3977776531328,109.3943154010985,500.242,8.61346,494.5998828982359,74.92005339728031,1583.6217472831552,293.9881319537194,1610.679005946806,1611.432,5.0,21,900.0,p2uhs0_1247_circuit_1_fire_mixed,p2uhs0_1247,circuit_1,fire_mixed,data,,,,,,summer,TX
TX_AUS_urban__TX,TX_AUS_urban,TX,660.735,9.89651,650.9031289855914,113.55992647834316,513.283,12.6418,500.8396631434286,112.33463362372702,539.245,8.70002,533.0403575199872,81.56682708040239,1684.783149649007,307.4613871824725,1712.6081764225578,1713.263,5.0,22,1800.0,p2uhs0_1247_circuit_1_fire_mixed,p2uhs0_1247,circuit_1,fire_mixed,data,,,,,,summer,TX
TX_AUS_urban__TX,TX_AUS_urban,TX,632.65,9.72286,623.5627206479691,106.843604947151,508.926,12.7045,496.466104318298,111.92444209828729,523.568,7.83393,518.6816955231283,71.36350154843014,1638.7105204893955,290.1315485938684,1664.1960477816613,1665.144,5.0,23,2700.0,p2uhs0_1247_circuit_1_fire_mixed,p2uhs0_1247,circuit_1,fire_mixed,data,,,,,,summer,TX
TX_AUS_urban__TX,TX_AUS_urban,TX,645.475,10.469,634.7300116915652,117.28507101513632,511.855,13.1703,498.39174993313,116.62420256358652,527.985,8.46311,522.2356793275975,77.70492559833495,1655.3574409522926,311.6141991770578,1684.4321495521517,1685.315,6.0,24,0.0,p2uhs0_1247_circuit_1_fire_mixed,p2uhs0_1247,circuit_1,fire_mixed,data,,,,,,summer,TX
TX_AUS_urban__TX,TX_AUS_urban,TX,659.547,11.0784,647.2564559744287,126.73328453260626,528.04,13.9935,512.3694441524792,127.68631210462414,535.59,9.07809,528.8813145217393,84.50564034286177,1688.5072146486473,338.92523698009217,1722.1866711197554,1723.177,6.0,25,900.0,p2uhs0_1247_circuit_1_fire_mixed,p2uhs0_1247,circuit_1,fire_mixed,data,,,,,,summer,TX
TX_AUS_urban__TX,TX_AUS_urban,TX,689.825,9.72768,679.9066655509857,116.55666760996596,530.565,11.938,519.0899455439622,109.7490212264617,547.403,8.54374,541.3283246339145,81.32459257837922,1740.3249357288626,307.63028141480686,1767.3050874037065,1767.793,6.0,26,1800.0,p2uhs0_1247_circuit_1_fire_mixed,p2uhs0_1247,circuit_1,fire_mixed,data,,,,,,summer,TX
TX_AUS_urban__TX,TX_AUS_urban,TX,721.276,9.02484,712.3469112573248,113.14126655711851,527.721,10.8895,518.21851252712,99.69466944214834,567.073,8.72032,560.5177381126947,85.9747206452493,1791.0831618971392,298.81065664451614,1815.8377409217435,1816.07,6.0,27,2700.0,p2uhs0_1247_circuit_1_fire_mixed,p2uhs0_1247,circuit_1,fire_mixed,data,,,,,,summer,TX
TX_AUS_urban__TX,TX_AUS_urban,TX,800.804,10.8115,786.5894255774405,150.21358788655638,579.459,11.7584,567.2994043401811,118.08521717927132,612.394,9.62749,603.7689874456419,102.41787458673608,1957.657817363264,370.7166796525638,1992.4494940791144,1992.657,7.0,28,0.0,p2uhs0_1247_circuit_1_fire_mixed,p2uhs0_1247,circuit_1,fire_mixed,data,,,,,,summer,TX
TX_AUS_urban__TX,TX_AUS_urban,TX,748.741,10.1261,737.0780058468223,131.64003334043872,553.669,11.8318,541.9056042984373,113.52390757433209,610.095,9.29527,602.0838755597604,98.54397909532084,1881.06748570502,343.7079200100917,1912.2107676859969,1912.505,7.0,29,900.0,p2uhs0_1247_circuit_1_fire_mixed,p2uhs0_1247,circuit_1,fire_mixed,data,,,,,,summer,TX
TX_AUS_urban__TX,TX_AUS_urban,TX,773.241,10.183,761.0609903092119,136.70337636855072,587.104,11.6836,574.9396836833338,118.89266984178674,637.333,9.79201,628.0480938077909,108.39254934450176,1964.0487678003365,363.9885955548392,1997.4922427864408,1997.678,7.0,30,1800.0,p2uhs0_1247_circuit_1_fire_mixed,p2uhs0_1247,circuit_1,fire_mixed,data,,,,,,summer,TX
TX_AUS_urban__TX,TX_AUS_urban,TX,853.796,11.1125,837.787870457876,164.5572658063359,634.783,11.332,622.4079489862826,124.73091889218614,662.155,9.54258,652.9925442207352,109.77240644684404,2113.1883636648936,399.06059114536606,2150.5381688623897,2150.7340000000004,7.0,31,2700.0,p2uhs0_1247_circuit_1_fire_mixed,p2uhs0_1247,circuit_1,fire_mixed,data,,,,,,summer,TX
TX_AUS_urban__TX,TX_AUS_urban,TX,795.696,10.6554,781.9758336463251,147.125524669022,605.875,11.0323,594.6781031609448,115.941663115123,636.805,8.65667,629.550514448073,95.8475757813752,2006.204451255343,358.9147635655202,2038.05694418533,2038.376,8.0,32,0.0,p2uhs0_1247_circuit_1_fire_mixed,p2uhs0_1247,circuit_1,fire_mixed,data,,,,,,summer,TX
TX_AUS_urban__TX,TX_AUS_urban,TX,778.649,10.9017,764.5968006774091,147.26166369721048,603.972,11.009,592.8572235532714,115.3364177729927,640.089,8.32114,633.3504372419454,92.6345052690231,1990.804461472626,355.23258673922624,2022.249389788696,2022.71,8.0,33,900.0,p2uhs0_1247_circuit_1_fire_mixed,p2uhs0_1247,circuit_1,fire_mixed,data,,,,,,summer,TX
TX_AUS_urban__TX,TX_AUS_urban,TX,863.071,12.2062,843.5595720447392,182.4795863999496,663.946,12.9426,647.0784093952313,148.70717202118217,675.836,9.34159,666.8731650544114,109.70178041541428,2157.511146494382,440.888538836546,2202.098329077275,2202.853,8.0,34,1800.0,p2uhs0_1247_circuit_1_fire_mixed,p2uhs0_1247,circuit_1,fire_mixed,data,,,,,,summer,TX
TX_AUS_urban__TX,TX_AUS_urban,TX,815.051,12.0087,797.2144397187342,169.5796854135093,641.518,13.2314,624.4880147611249,146.83345580523942,641.738,9.14755,633.5765113352708,102.02188455536178,2055.27896581513,418.4350257741105,2097.4411787024424,2098.307,8.0,35,2700.0,p2uhs0_1247_circuit_1_fire_mixed,p2uhs0_1247,circuit_1,fire_mixed,data,,,,,,summer,TX
TX_AUS_urban__TX,TX_AUS_urban,TX,835.063,12.0995,816.5121305594904,175.03758058828882,655.661,13.7787,636.7929705184096,156.16036507174252,631.103,9.47062,622.5011321255423,103.84284814766038,2075.8062332034424,435.0407938076917,2120.9035834009737,2121.827,9.0,36,0.0,p2uhs0_1247_circuit_1_fire_mixed,p2uhs0_1247,circuit_1,fire_mixed,data,,,,,,summer,TX
TX_AUS_urban__TX,TX_AUS_urban,TX,811.527,11.405,795.5025245850626,160.4736897681112,651.289,13.9605,632.0514064849486,157.125367402588,655.809,9.6756,646.4802039671491,110.22155124835275,2074.0341350371605,427.820608419052,2117.698766653886,2118.625,9.0,37,900.0,p2uhs0_1247_circuit_1_fire_mixed,p2uhs0_1247,circuit_1,fire_mixed,data,,,,,,summer,TX
TX_AUS_urban__TX,TX_AUS_urban,TX,795.014,11.512,779.0206458081059,158.66346019396423,617.52,14.3283,598.3111841692763,152.82237171945192,618.213,10.2632,608.3213918733244,110.14716318771572,1985.6532218507068,421.6329951011319,2029.924407460545,2030.747,9.0,38,1800.0,p2uhs0_1247_circuit_1_fire_mixed,p2uhs0_1247,circuit_1,fire_mixed,data,,,,,,summer,TX
TX_AUS_urban__TX,TX_AUS_urban,TX,773.636,12.0932,756.4675533665062,162.07868829581517,608.673,13.6784,591.4100213955818,143.93403878818083,606.05,10.5424,595.8197429633096,110.88478883569029,1943.6973177253976,416.8975159196863,1987.9041228673248,1988.359,9.0,39,2700.0,p2uhs0_1247_circuit_1_fire_mixed,p2uhs0_1247,circuit_1,fire_mixed,data,,,,,,summer,TX
TX_AUS_urban__TX,TX_AUS_urban,TX,910.545,13.6401,884.8641636277458,214.72682401686484,640.37,13.9123,621.5846744156022,153.96827410752465,669.919,11.1973,657.1666278076773,130.09031423163557,2163.6154658510254,498.785412356025,2220.364558276168,2220.834,10.0,40,0.0,p2uhs0_1247_circuit_1_fire_mixed,p2uhs0_1247,circuit_1,fire_mixed,data,,,,,,summer,TX
TX_AUS_urban__TX,TX_AUS_urban,TX,781.646,11.2696,766.5746814235256,152.75381211747322,608.049,13.5715,591.0709612376334,142.68393456384658,612.662,10.6225,602.1628332604098,112.93647986277932,1959.8084759215687,408.3742265440992,2001.9037866989293,2002.357,10.0,41,900.0,p2uhs0_1247_circuit_1_fire_mixed,p2uhs0_1247,circuit_1,fire_mixed,data,,,,,,summer,TX
TX_AUS_urban__TX,TX_AUS_urban,TX,698.456,9.97203,687.9040098020869,120.94981287381296,540.336,12.0661,528.3984053342799,112.95183989732108,549.896,8.57533,543.7485340270209,81.99477153737078,1760.0509491633877,315.89642430850483,1788.1750178720877,1788.688,10.0,42,1800.0,p2uhs0_1247_circuit_1_fire_mixed,p2uhs0_1247,circuit_1,fire_mixed,data,,,,,,summer,TX
TX_AUS_urban__TX,TX_AUS_urban,TX,794.405,10.9777,779.8684796661094,151.27610005639076,565.254,12.2192,552.4481840770405,119.63732037278508,581.096,9.00192,573.9386974406451,90.92267481841672,1906.2553611837952,361.8360952475925,1940.292468125872,1940.755,10.0,43,2700.0,p2uhs0_1247_circuit_1_fire_mixed,p2uhs0_1247,circuit_1,fire_mixed,data,,,,,,summer,TX
TX_AUS_urban__TX,TX_AUS_urban,TX,780.776,11.0707,766.2465299256284,149.92470627929558,544.001,11.5087,533.0635446846583,108.5372992534241,561.467,8.68948,555.0222812963085,84.82605350740616,1854.3323559065952,343.28805904012586,1885.8407084485264,1886.244,11.0,44,0.0,p2uhs0_1247_circuit_1_fire_mixed,p2uhs0_1247,circuit_1,fire_mixed,data,,,,,,summer,TX
TX_AUS_urban__TX,TX_AUS_urban,TX,733.938,10.5633,721.4999343150356,134.54676743571113,508.826,10.6425,500.073495753152,93.97019272738692,533.259,7.73668,528.4048608882936,71.78763173850477,1749.9782909564813,300.3045919016028,1775.5581845538477,1776.023,11.0,45,900.0,p2uhs0_1247_circuit_1_fire_mixed,p2uhs0_1247,circuit_1,fire_mixed,data,,,,,,summer,TX
TX_AUS_urban__TX,TX_AUS_urban,TX,695.326,10.4462,683.8013824090331,126.07107396819964,475.817,9.6832,469.0379544936345,80.03258544759917,492.852,7.14375,489.02612240006886,61.29066416961764,1641.8654593027363,267.39432358541643,1663.4968923136248,1663.995,11.0,46,1800.0,p2uhs0_1247_circuit_1_fire_mixed,p2uhs0_1247,circuit_1,fire_mixed,data,,,,,,summer,TX
TX_AUS_urban__TX,TX_AUS_urban,TX,651.869,8.82921,644.1445213234723,100.05512885382076,480.403,9.41354,473.9336709017614,78.57428329027853,480.941,5.85001,478.4363188954764,49.01973319741816,1596.5145111207098,227.64914534151745,1612.66323750302,1613.213,11.0,47,2700.0,p2uhs0_1247_circuit_1_fire_mixed,p2uhs0_1247,circuit_1,fire_mixed,data,,,,,,summer,TX
TX_AUS_urban__TX,TX_AUS_urban,TX,672.54,10.6629,660.9271259602839,124.44028997828264,505.111,10.8916,496.01214510969294,95.4414701515065,470.225,6.30619,467.3797129197081,51.65031051301921,1624.3189839896847,271.5320706428083,1646.8581684944377,1647.8759999999995,12.0,48,0.0,p2uhs0_1247_circuit_1_fire_mixed,p2uhs0_1247,circuit_1,fire_mixed,data,,,,,,summer,TX
TX_AUS_urban__TX,TX_AUS_urban,TX,618.98,9.33738,610.7785616740247,100.4280289531251,454.944,8.89475,449.47286060804936,70.34337717807614,486.992,6.75976,483.6066365133687,57.32215264822542,1543.858058795443,228.09355877942664,1560.616665701189,1560.916,12.0,49,900.0,p2uhs0_1247_circuit_1_fire_mixed,p2uhs0_1247,circuit_1,fire_mixed,data,,,,,,summer,TX
TX_AUS_urban__TX,TX_AUS_urban,TX,650.536,10.8457,638.9157877209727,122.40793886382086,444.164,8.24024,439.5783689546972,63.6593782810364,461.792,6.09908,459.1780957868619,49.06452500077267,1537.6722524625318,235.13184214562995,1555.5458653424505,1556.4919999999995,12.0,50,1800.0,p2uhs0_1247_circuit_1_fire_mixed,p2uhs0_1247,circuit_1,fire_mixed,data,,,,,,summer,TX
TX_AUS_urban__TX,TX_AUS_urban,TX,681.574,10.8736,669.3368414095489,128.57414284329593,442.393,7.71348,438.39007299205633,59.37769236859478,499.897,7.45809,495.6679072715016,64.88710434354505,1603.394821673107,252.83893955543576,1623.2074678006047,1623.8639999999998,12.0,51,2700.0,p2uhs0_1247_circuit_1_fire_mixed,p2uhs0_1247,circuit_1,fire_mixed,data,,,,,,summer,TX
TX_AUS_urban__TX,TX_AUS_urban,TX,686.191,10.8973,673.8173448639074,129.7238383704173,459.573,8.00676,455.0929176915764,64.0138937728991,485.442,7.56219,481.2199175253948,63.88525918279025,1610.1301800808783,257.62299132610667,1630.6099479848313,1631.206,13.0,52,0.0,p2uhs0_1247_circuit_1_fire_mixed,p2uhs0_1247,circuit_1,fire_mixed,data,,,,,,summer,TX
TX_AUS_urban__TX,TX_AUS_urban,TX,615.172,8.59962,608.2558505285652,91.98592219340802,399.79,5.40562,398.0120255126413,37.662602768854605,464.452,6.23451,461.70510742866793,50.43861693466824,1467.9729834698746,180.08714189693086,1478.9780454334168,1479.414,13.0,53,900.0,p2uhs0_1247_circuit_1_fire_mixed,p2uhs0_1247,circuit_1,fire_mixed,data,,,,,,summer,TX
TX_AUS_urban__TX,TX_AUS_urban,TX,653.792,9.72269,644.4013680796205,110.41220983710728,421.159,6.61325,418.3566750279786,48.5035642044404,480.653,6.72318,477.3477257637412,56.271263689241785,1540.1057688713404,215.18703773078943,1555.0663138651466,1555.604,13.0,54,1800.0,p2uhs0_1247_circuit_1_fire_mixed,p2uhs0_1247,circuit_1,fire_mixed,data,,,,,,summer,TX
TX_AUS_urban__TX,TX_AUS_urban,TX,667.615,11.5777,654.0313290913329,133.98809197844653,402.896,6.97484,399.9143970794718,48.92506335777746,475.177,7.12968,471.50282570296594,58.97683174873457,1525.4485518737706,241.8899870849586,1544.5077048256333,1545.688,13.0,55,2700.0,p2uhs0_1247_circuit_1_fire_mixed,p2uhs0_1247,circuit_1,fire_mixed,data,,,,,,summer,TX
TX_AUS_urban__TX,TX_AUS_urban,TX,570.239,9.08372,563.0874649714957,90.02790630118322,382.324,6.09213,380.1648370279728,40.57508673428677,478.939,6.99684,475.37227973247104,58.34176362566807,1418.6245817319395,188.9447566611381,1431.1519223911405,1431.5020000000002,14.0,56,0.0,p2uhs0_1247_circuit_1_fire_mixed,p2uhs0_1247,circuit_1,fire_mixed,data,,,,,,summer,TX
TX_AUS_urban__TX,TX_AUS_urban,TX,497.184,5.88593,494.56286070077664,50.98535742214859,376.433,5.01306,374.9930707215595,32.89377448417079,462.51,6.64323,459.4045978310468,53.50622012153474,1328.960529253383,137.3853520278541,1336.0429720878176,1336.127,14.0,57,900.0,p2uhs0_1247_circuit_1_fire_mixed,p2uhs0_1247,circuit_1,fire_mixed,data,,,,,,summer,TX
TX_AUS_urban__TX,TX_AUS_urban,TX,538.239,8.29312,532.6106972305404,77.63418265556527,363.96,4.00535,363.0710394894799,25.422468094749565,439.618,5.03592,437.9210140512103,38.58978331579101,1333.6027507712306,141.64643406610583,1341.104026221768,1341.817,14.0,58,1800.0,p2uhs0_1247_circuit_1_fire_mixed,p2uhs0_1247,circuit_1,fire_mixed,data,,,,,,summer,TX
TX_AUS_urban__TX,TX_AUS_urban,TX,467.69,3.78751,466.6685144074821,30.893911385799885,302.828,-1.11548,302.77061073983214,-5.8953249468567925,425.914,4.30208,424.7139493674202,31.94990780469336,1194.1530745147345,56.948494243636446,1195.5102242848493,1196.432,14.0,59,2700.0,p2uhs0_1247_circuit_1_fire_mixed,p2uhs0_1247,circuit_1,fire_mixed,data,,,,,,summer,TX
TX_AUS_urban__TX,TX_AUS_urban,TX,445.128,3.33389,444.37466239418313,25.886208800357945,311.001,-0.713452,310.9768892659388,-3.8725112627401015,398.164,2.34691,397.830021217116,16.304757415829307,1153.1815728772378,38.31845495344715,1153.818028986217,1154.293,15.0,60,0.0,p2uhs0_1247_circuit_1_fire_mixed,p2uhs0_1247,circuit_1,fire_mixed,data,,,,,,summer,TX
TX_AUS_urban__TX,TX_AUS_urban,TX,471.851,3.95948,470.72475446120177,32.58177003235529,304.921,-0.707803,304.8977334843032,-3.766743571678399,416.461,4.07442,415.40843810580645,29.590438852682983,1191.030926051311,58.40546531335987,1192.4621022024617,1193.233,15.0,61,900.0,p2uhs0_1247_circuit_1_fire_mixed,p2uhs0_1247,circuit_1,fire_mixed,data,,,,,,summer,TX
TX_AUS_urban__TX,TX_AUS_urban,TX,625.34,9.31917,617.0865074331565,101.26380372052468,347.209,2.70406,346.82239474809586,16.38035964794272,428.541,5.21981,426.7638417164081,38.9873323587625,1390.6727438976604,156.63149572722992,1399.4656501942436,1401.09,15.0,62,1800.0,p2uhs0_1247_circuit_1_fire_mixed,p2uhs0_1247,circuit_1,fire_mixed,data,,,,,,summer,TX
TX_AUS_urban__TX,TX_AUS_urban,TX,500.842,5.46337,498.56681026378703,47.684847356292806,343.471,2.4924,343.14607598319765,14.936478110101076,436.152,5.5682,434.0939760677663,42.320054887458994,1275.806862314751,104.94138035385288,1280.1155585492984,1280.465,15.0,63,2700.0,p2uhs0_1247_circuit_1_fire_mixed,p2uhs0_1247,circuit_1,fire_mixed,data,,,,,,summer,TX
TX_AUS_urban__TX,TX_AUS_urban,TX,448.121,3.4755,447.2968211758815,27.16586841887275,335.354,2.14442,335.1191463947826,12.548427615931748,413.611,3.74138,412.7294922491006,26.989359918301385,1195.1454598197647,66.70365595310588,1197.0054502153728,1197.0859999999998,16.0,64,0.0,p2uhs0_1247_circuit_1_fire_mixed,p2uhs0_1247,circuit_1,fire_mixed,data,,,,,,summer,TX
TX_AUS_urban__TX,TX_AUS_urban,TX,510.275,6.28394,507.20910192082414,55.85250713863217,339.207,1.4294,339.1014460291252,8.461569000858608,408.238,2.60433,407.8163467816644,18.54971540636938,1254.1268947316137,82.86379154586015,1256.8614386791076,1257.72,16.0,65,900.0,p2uhs0_1247_circuit_1_fire_mixed,p2uhs0_1247,circuit_1,fire_mixed,data,,,,,,summer,TX
TX_AUS_urban__TX,TX_AUS_urban,TX,439.103,3.27609,438.3853966364528,25.09359728894888,300.222,-2.00057,300.03900861940025,-10.480581600630185,395.514,2.85122,395.024380807825,19.673910729554027,1133.4487860636782,34.28692641787272,1133.967258765618,1134.839,16.0,66,1800.0,p2uhs0_1247_circuit_1_fire_mixed,p2uhs0_1247,circuit_1,fire_mixed,data,,,,,,summer,TX
TX_AUS_urban__TX,TX_AUS_urban,TX,431.552,1.91256,431.3115926819114,14.402733150098731,289.383,-2.58071,289.08950362707645,-13.029949410896563,364.929,0.899115,364.8840681096423,5.72641954085547,1085.2851644186303,7.099203280057638,1085.308383269191,1085.864,16.0,67,2700.0,p2uhs0_1247_circuit_1_fire_mixed,p2uhs0_1247,circuit_1,fire_mixed,data,,,,,,summer,TX
TX_AUS_urban__TX,TX_AUS_urban,TX,464.846,2.86641,464.2644060556229,23.24575199514178,295.482,-1.95124,295.3106693053016,-10.060860721371697,399.982,2.07918,399.71866917129455,14.511576066341355,1159.293744532219,27.69646734011144,1159.624542864912,1160.31,17.0,68,0.0,p2uhs0_1247_circuit_1_fire_mixed,p2uhs0_1247,circuit_1,fire_mixed,data,,,,,,summer,TX
TX_AUS_urban__TX,TX_AUS_urban,TX,464.233,2.53304,463.7793988916977,20.517003988289368,292.601,-2.6703,292.2832818349695,-13.631887645509472,372.396,1.02484,372.3364296291779,6.660629624611199,1128.399110355845,13.545745967391095,1128.48041165351,1129.23,17.0,69,900.0,p2uhs0_1247_circuit_1_fire_mixed,p2uhs0_1247,circuit_1,fire_mixed,data,,,,,,summer,TX
TX_AUS_urban__TX,TX_AUS_urban,TX,537.704,5.49387,535.2340282212776,51.47938082402015,352.443,2.33831,352.1495341818352,14.379632280294658,428.169,4.21463,427.01112139089673,31.46736038324164,1314.3946837940096,97.32637348755644,1317.9930985260105,1318.3159999999998,17.0,70,1800.0,p2uhs0_1247_circuit_1_fire_mixed,p2uhs0_1247,circuit_1,fire_mixed,data,,,,,,summer,TX
TX_AUS_urban__TX,TX_AUS_urban,TX,509.824,4.93734,507.9322561885106,43.87862918607691,320.016,-0.0604946,320.0158216267972,-0.3378824143985637,444.701,4.20602,443.5033208912786,32.615698051821354,1271.4513987065864,76.1564448234997,1273.7301375727473,1274.5410000000002,17.0,71,2700.0,p2uhs0_1247_circuit_1_fire_mixed,p2uhs0_1247,circuit_1,fire_mixed,data,,,,,,summer,TX
TX_AUS_urban__TX,TX_AUS_urban,TX,539.758,5.27552,537.4716246453441,49.62812977631092,368.417,1.59662,368.2739659526188,10.265081126292536,453.587,3.30439,452.8328676737469,26.14499040678337,1358.57845827171,86.03820130938684,1361.300113628325,1361.762,18.0,72,0.0,p2uhs0_1247_circuit_1_fire_mixed,p2uhs0_1247,circuit_1,fire_mixed,data,,,,,,summer,TX
TX_AUS_urban__TX,TX_AUS_urban,TX,606.897,7.38696,601.8600276455245,78.02868531206026,368.464,1.80524,368.2811252396699,11.60741522487101,494.306,4.37157,492.86791419098194,37.67812093285493,1463.0090670761765,127.3142214697862,1468.5381988002769,1469.667,18.0,73,900.0,p2uhs0_1247_circuit_1_fire_mixed,p2uhs0_1247,circuit_1,fire_mixed,data,,,,,,summer,TX
TX_AUS_urban__TX,TX_AUS_urban,TX,600.84,5.54515,598.0282858943657,58.05923587377664,406.632,2.13356,406.3501060024363,15.138519604268224,515.232,3.85644,514.0653602709172,34.652838174268865,1518.4437521677191,107.85059365231372,1522.2690889091648,1522.704,18.0,74,1800.0,p2uhs0_1247_circuit_1_fire_mixed,p2uhs0_1247,circuit_1,fire_mixed,data,,,,,,summer,TX
TX_AUS_urban__TX,TX_AUS_urban,TX,683.709,6.8588,678.816017900371,81.65053902383714,447.414,2.75526,446.8967794281062,21.507113539166745,555.263,4.76669,553.342533274533,46.141521846622176,1679.05533060301,149.29917440962606,1685.67999534484,1686.386,18.0,75,2700.0,p2uhs0_1247_circuit_1_fire_mixed,p2uhs0_1247,circuit_1,fire_mixed,data,,,,,,summer,TX
TX_AUS_urban__TX,TX_AUS_urban,TX,643.66,6.16868,639.9331132701823,69.16506444970598,443.084,3.10283,442.4344379712562,23.983309885389804,581.426,5.43969,578.8075683123666,55.117985633775575,1661.175119553805,148.26635996887137,1667.7786697649713,1668.17,19.0,76,0.0,p2uhs0_1247_circuit_1_fire_mixed,p2uhs0_1247,circuit_1,fire_mixed,data,,,,,,summer,TX
TX_AUS_urban__TX,TX_AUS_urban,TX,757.515,6.48628,752.6660970482606,85.57290213109763,487.002,3.37864,486.1555262927849,28.70108463081771,650.001,5.5432,646.961367461703,62.787650163732046,1885.7829908027484,177.0616369256474,1894.07716624,1894.518,19.0,77,900.0,p2uhs0_1247_circuit_1_fire_mixed,p2uhs0_1247,circuit_1,fire_mixed,data,,,,,,summer,TX
TX_AUS_urban__TX,TX_AUS_urban,TX,797.788,6.49749,792.6636592099605,90.27744076941606,509.209,3.12073,508.4538628564287,27.72138213322006,639.592,4.74828,637.3969125317835,52.94433264240782,1938.5144345981728,170.94315554504394,1946.036940958,1946.589,19.0,78,1800.0,p2uhs0_1247_circuit_1_fire_mixed,p2uhs0_1247,circuit_1,fire_mixed,data,,,,,,summer,TX
TX_AUS_urban__TX,TX_AUS_urban,TX,869.719,7.43769,862.4013793319617,112.58330199159111,593.836,4.55045,591.9641473271307,47.11308921375365,728.355,6.02282,724.3346147524638,76.42232590283909,2178.700141411556,236.1187171081839,2191.4575868028,2191.91,19.0,79,2700.0,p2uhs0_1247_circuit_1_fire_mixed,p2uhs0_1247,circuit_1,fire_mixed,data,,,,,,summer,TX
TX_AUS_urban__TX,TX_AUS_urban,TX,946.043,9.278,933.6665769967256,152.52567275123744,612.734,5.67724,609.728505983646,60.61438564360027,756.975,6.90347,751.4869799011112,90.98609599332713,2294.882062881483,304.1261543881648,2314.946306141485,2315.752,20.0,80,0.0,p2uhs0_1247_circuit_1_fire_mixed,p2uhs0_1247,circuit_1,fire_mixed,data,,,,,,summer,TX
TX_AUS_urban__TX,TX_AUS_urban,TX,761.271,7.35686,755.0041075025262,97.47991123977194,576.194,5.63239,573.4121792510047,56.55084723161734,690.223,6.14783,686.253451181456,73.91880999137503,2014.6697379349864,227.94956846276432,2027.5243916444967,2027.688,20.0,81,900.0,p2uhs0_1247_circuit_1_fire_mixed,p2uhs0_1247,circuit_1,fire_mixed,data,,,,,,summer,TX
TX_AUS_urban__TX,TX_AUS_urban,TX,728.791,7.81183,722.027672177851,99.0573686831722,562.442,5.68465,559.6759905666215,55.711658988680654,650.828,6.82304,646.2187155472499,77.32048409356024,1927.9223782917225,232.08951176541308,1941.841970447008,1942.061,20.0,82,1800.0,p2uhs0_1247_circuit_1_fire_mixed,p2uhs0_1247,circuit_1,fire_mixed,data,,,,,,summer,TX
TX_AUS_urban__TX,TX_AUS_urban,TX,747.515,7.36823,741.3423395281019,95.86558740236474,572.777,5.7039,569.941070627363,56.92686308883669,625.787,5.73029,622.6598951215965,62.48219247243605,1933.9433052770607,215.2746429636375,1945.887941256918,1946.079,20.0,83,2700.0,p2uhs0_1247_circuit_1_fire_mixed,p2uhs0_1247,circuit_1,fire_mixed,data,,,,,,summer,TX
TX_AUS_urban__TX,TX_AUS_urban,TX,783.487,8.38189,775.1181501869689,114.20916083980012,603.218,5.83075,600.0971489935822,61.28105166994371,654.427,6.57388,650.1241816897001,74.92160376885876,2025.339480870251,250.4118162786026,2040.761154692956,2041.132,21.0,84,0.0,p2uhs0_1247_circuit_1_fire_mixed,p2uhs0_1247,circuit_1,fire_mixed,data,,,,,,summer,TX
TX_AUS_urban__TX,TX_AUS_urban,TX,912.58,9.88533,899.0312117982995,156.66887569801855,618.093,6.17728,614.504173873669,66.50997625048113,718.854,8.05324,711.7648917037327,100.70656509867553,2225.300277375701,323.8854170471752,2248.747003970032,2249.527,21.0,85,900.0,p2uhs0_1247_circuit_1_fire_mixed,p2uhs0_1247,circuit_1,fire_mixed,data,,,,,,summer,TX
TX_AUS_urban__TX,TX_AUS_urban,TX,786.841,7.88419,779.403268604088,107.93194230747385,580.151,5.39681,577.5793081757789,54.56487485726179,657.888,7.04184,652.9254800509658,80.65319611903755,2009.9080568308327,243.1500132837732,2024.56225537112,2024.88,21.0,86,1800.0,p2uhs0_1247_circuit_1_fire_mixed,p2uhs0_1247,circuit_1,fire_mixed,data,,,,,,summer,TX
TX_AUS_urban__TX,TX_AUS_urban,TX,813.933,8.17621,805.6596698431508,115.75588484921715,524.521,5.45201,522.1481341458402,49.83578482393617,672.479,7.6125,666.5522158092176,89.08506631766248,1994.360019798209,254.6767359908158,2010.555179154367,2010.933,21.0,87,2700.0,p2uhs0_1247_circuit_1_fire_mixed,p2uhs0_1247,circuit_1,fire_mixed,data,,,,,,summer,TX
TX_AUS_urban__TX,TX_AUS_urban,TX,812.571,9.0472,802.4619142713203,127.7752174132691,556.238,6.67219,552.4706899858363,64.62854903658346,682.954,7.78159,676.6649476042792,92.47007515784811,2031.597551861436,284.8738416077007,2051.473060598581,2051.763,22.0,88,0.0,p2uhs0_1247_circuit_1_fire_mixed,p2uhs0_1247,circuit_1,fire_mixed,data,,,,,,summer,TX
TX_AUS_urban__TX,TX_AUS_urban,TX,798.898,8.70001,789.7057680927697,120.84210460352251,522.575,6.42607,519.2917120221224,58.48716483240677,651.584,7.17621,646.479918307038,81.39670928069164,1955.47739842193,260.72597871662094,1972.7822717463628,1973.057,22.0,89,900.0,p2uhs0_1247_circuit_1_fire_mixed,p2uhs0_1247,circuit_1,fire_mixed,data,,,,,,summer,TX
TX_AUS_urban__TX,TX_AUS_urban,TX,791.735,10.0566,779.5705721195521,138.25351102302656,530.862,7.53446,526.278632159262,69.60793328763741,628.227,7.83537,622.3617919113003,85.64440143964613,1928.2109961901144,293.5058457503101,1950.4213204633704,1950.824,22.0,90,1800.0,p2uhs0_1247_circuit_1_fire_mixed,p2uhs0_1247,circuit_1,fire_mixed,data,,,,,,summer,TX
TX_AUS_urban__TX,TX_AUS_urban,TX,789.272,9.94402,777.4147220234582,136.296148020365,538.839,7.68735,533.996323285772,72.0790859977943,636.491,7.97871,630.3295853383044,88.34821406367705,1941.7406306475343,296.72344808183635,1964.281416027006,1964.602,22.0,91,2700.0,p2uhs0_1247_circuit_1_fire_mixed,p2uhs0_1247,circuit_1,fire_mixed,data,,,,,,summer,TX
TX_AUS_urban__TX,TX_AUS_urban,TX,795.051,10.4463,781.8732478655845,144.15379590257845,525.132,8.25073,519.6966519614108,75.35918898250081,628.946,8.26777,622.4092608878896,90.44215210282825,1923.979160714885,309.9551369879075,1948.7862883883247,1949.129,23.0,92,0.0,p2uhs0_1247_circuit_1_fire_mixed,p2uhs0_1247,circuit_1,fire_mixed,data,,,,,,summer,TX
TX_AUS_urban__TX,TX_AUS_urban,TX,796.85,10.5859,783.2880817352554,146.38887769056677,565.921,9.18301,558.6679479058171,90.31446298186822,600.801,7.51902,595.6349988191372,78.61799910151919,1937.5910284602096,315.3213397739541,1963.080879863673,1963.572,23.0,93,900.0,p2uhs0_1247_circuit_1_fire_mixed,p2uhs0_1247,circuit_1,fire_mixed,data,,,,,,summer,TX
TX_AUS_urban__TX,TX_AUS_urban,TX,743.5,11.3278,729.0162257610205,146.0396952104355,498.906,9.09452,492.6342173073277,78.85889153416122,544.846,7.22771,540.5166374942931,68.54872944017951,1762.167080562641,293.44731618477624,1786.4333592929545,1787.252,23.0,94,1800.0,p2uhs0_1247_circuit_1_fire_mixed,p2uhs0_1247,circuit_1,fire_mixed,data,,,,,,summer,TX
TX_AUS_urban__TX,TX_AUS_urban,TX,687.265,10.1187,676.575205930617,120.74423772976964,456.959,8.05386,452.4519236979638,64.02174960911276,529.85,6.86108,526.0555956285908,63.297178514121406,1655.0827252571717,248.06316585300385,1673.5692879883168,1674.074,23.0,95,2700.0,p2uhs0_1247_circuit_1_fire_mixed,p2uhs0_1247,circuit_1,fire_mixed,data,,,,,,summer,TX
TX_AUS_urban__TX,TX_AUS_urban,TX,654.248,8.48007,647.0952493481576,96.47892917650869,429.554,7.35748,426.01725439025415,55.008525500956935,538.946,6.33064,535.6595778064384,59.42733058305901,1608.7720815448502,210.91478526052464,1622.5389539236471,1622.748,24.0,96,0.0,p2uhs0_1247_circuit_1_fire_mixed,p2uhs0_1247,circuit_1,fire_mixed,data,,,,,,summer,TX
TX_AUS_urban__TX,TX_AUS_urban,TX,,,,,,,,,,,,,,,,,,0,,p2uhs0_1247_circuit_1_fire_mixed,p2uhs0_1247,circuit_1,fire_mixed,summary,1117.0,186.0,1.0,1.0,100.0,summer,TX
TX_AUS_urban__TX,TX_AUS_urban,TX,838.176,11.9698,819.9515835783061,173.83442571432252,707.907,13.5823,688.1093861857911,166.24618278930149,668.585,11.6867,654.7251373482521,135.4285669617474,2162.7861071123493,475.5091754653714,2214.441853169766,2214.668,0.0,1,900.0,p2uhs0_1247_circuit_1_fire_stress,p2uhs0_1247,circuit_1,fire_stress,data,,,,,,summer,TX
TX_AUS_urban__TX,TX_AUS_urban,TX,805.593,12.7149,785.8377160069921,177.31092958392085,652.498,12.773,636.3510550070016,144.26009425851657,613.371,11.6026,600.8374530220143,123.36263083697094,2023.026224036008,444.93365467940833,2071.376609939333,2071.462,0.0,2,1800.0,p2uhs0_1247_circuit_1_fire_stress,p2uhs0_1247,circuit_1,fire_stress,data,,,,,,summer,TX
TX_AUS_urban__TX,TX_AUS_urban,TX,803.081,12.3551,784.4818499272551,171.83515267753486,621.819,12.6031,606.8362449698623,135.6784454210664,616.661,12.1125,602.9325732724425,129.3951351793052,1994.25066816956,436.9087332779064,2041.5496488474728,2041.561,0.0,3,2700.0,p2uhs0_1247_circuit_1_fire_stress,p2uhs0_1247,circuit_1,fire_stress,data,,,,,,summer,TX
TX_AUS_urban__TX,TX_AUS_urban,TX,778.608,13.0786,758.4113396019206,176.18926649265558,592.172,13.1439,576.6582905431571,134.65843282856014,590.866,12.1854,577.5536188089657,124.7174701341719,1912.623248954044,435.5651694553876,1961.592391217457,1961.646,1.0,4,0.0,p2uhs0_1247_circuit_1_fire_stress,p2uhs0_1247,circuit_1,fire_stress,data,,,,,,summer,TX
TX_AUS_urban__TX,TX_AUS_urban,TX,871.838,13.7204,846.9598697732545,206.7860663528173,618.873,13.2359,602.4330306477739,141.6976842208028,581.337,12.2064,568.1942976119891,122.91439187588377,2017.5871980330176,471.3981424495039,2071.9252665990552,2072.048,1.0,5,900.0,p2uhs0_1247_circuit_1_fire_stress,p2uhs0_1247,circuit_1,fire_stress,data,,,,,,summer,TX
TX_AUS_urban__TX,TX_AUS_urban,TX,796.509,14.3252,771.7431471328623,197.07638603969065,586.244,13.7122,569.5352651153494,138.9662164915949,548.299,12.4224,535.462362046244,117.9485151786874,1876.740774294456,453.9911177099729,1930.871271954426,1931.052,1.0,6,1800.0,p2uhs0_1247_circuit_1_fire_stress,p2uhs0_1247,circuit_1,fire_stress,data,,,,,,summer,TX
TX_AUS_urban__TX,TX_AUS_urban,TX,791.215,14.6393,765.5290317265559,199.96619166449543,584.926,14.5431,566.1843985500815,146.87972056918738,580.564,13.2752,565.0503758904339,133.3140307772566,1896.763806167072,480.1599430109394,1956.595642246416,1956.705,1.0,7,2700.0,p2uhs0_1247_circuit_1_fire_stress,p2uhs0_1247,circuit_1,fire_stress,data,,,,,,summer,TX
TX_AUS_urban__TX,TX_AUS_urban,TX,714.6,14.1503,692.9174437276328,174.69566731308151,561.193,14.5776,543.1268751515861,141.24723267049657,576.198,13.9089,559.3033872984231,138.50579829202124,1795.3477061776418,454.4486982755993,1851.9711135548807,1851.991,2.0,8,0.0,p2uhs0_1247_circuit_1_fire_stress,p2uhs0_1247,circuit_1,fire_stress,data,,,,,,summer,TX
TX_AUS_urban__TX,TX_AUS_urban,TX,700.353,14.1097,679.2238809350068,170.73149731841406,566.27,15.4394,545.8347676462766,150.7518468495001,567.069,13.5914,551.188960808248,133.25907190177963,1776.2476093895316,454.7424160696938,1833.533810660422,1833.692,2.0,9,900.0,p2uhs0_1247_circuit_1_fire_stress,p2uhs0_1247,circuit_1,fire_stress,data,,,,,,summer,TX
TX_AUS_urban__TX,TX_AUS_urban,TX,705.363,14.0701,684.2014148995693,171.47998605792912,552.817,15.08,533.7799203012842,143.82500537860128,548.827,13.1254,534.4891108421053,124.62931565332316,1752.4704460429589,439.9343070898535,1806.8466616757044,1807.007,2.0,10,1800.0,p2uhs0_1247_circuit_1_fire_stress,p2uhs0_1247,circuit_1,fire_stress,data,,,,,,summer,TX
TX_AUS_urban__TX,TX_AUS_urban,TX,720.393,14.1786,698.4475993835044,176.4568654499441,575.275,14.8613,556.0317850490286,147.54653381286462,553.589,13.33,538.6743632784335,127.63507068033604,1793.1537477109666,451.6384699431448,1849.1559345989367,1849.257,2.0,11,2700.0,p2uhs0_1247_circuit_1_fire_stress,p2uhs0_1247,circuit_1,fire_stress,data,,,,,,summer,TX
TX_AUS_urban__TX,TX_AUS_urban,TX,755.188,14.6659,730.5829232434643,191.2001768017864,575.337,15.4733,554.4838427953532,153.49375116889317,578.655,14.1343,561.1367996173236,141.30499333083583,1846.203565656141,485.99892130151534,1909.0999338294696,1909.18,3.0,12,0.0,p2uhs0_1247_circuit_1_fire_stress,p2uhs0_1247,circuit_1,fire_stress,data,,,,,,summer,TX
TX_AUS_urban__TX,TX_AUS_urban,TX,735.855,14.8017,711.4362470954028,187.9921470269677,600.131,15.727,577.6645691507708,162.66795231038688,570.193,14.0922,553.033139164042,138.83228815864598,1842.1339554102155,489.49238749600056,1906.0588414557983,1906.179,3.0,13,900.0,p2uhs0_1247_circuit_1_fire_stress,p2uhs0_1247,circuit_1,fire_stress,data,,,,,,summer,TX
TX_AUS_urban__TX,TX_AUS_urban,TX,736.903,15.4758,710.1852852561625,196.6288178640739,594.969,16.039,571.8091491675114,164.3849381461903,559.178,14.2405,541.9954163355837,137.55364173738644,1823.9898507592573,498.56739774765066,1890.901484945644,1891.05,3.0,14,1800.0,p2uhs0_1247_circuit_1_fire_stress,p2uhs0_1247,circuit_1,fire_stress,data,,,,,,summer,TX
TX_AUS_urban__TX,TX_AUS_urban,TX,766.816,16.2265,736.2695366320705,214.2754005563777,601.005,16.4043,576.539758656208,169.73189657115526,592.771,15.0051,572.5591594800763,153.47138930910995,1885.3684547683547,537.4786864366429,1960.4840087614264,1960.592,3.0,15,2700.0,p2uhs0_1247_circuit_1_fire_stress,p2uhs0_1247,circuit_1,fire_stress,data,,,,,,summer,TX
TX_AUS_urban__TX,TX_AUS_urban,TX,769.327,16.4337,737.8982550288825,217.64695760412127,611.964,17.1409,584.782317689651,180.35958032086955,591.832,15.0803,571.4505742386391,153.97843169200553,1894.1311469571729,551.9849696169963,1972.92174415418,1973.123,4.0,16,0.0,p2uhs0_1247_circuit_1_fire_stress,p2uhs0_1247,circuit_1,fire_stress,data,,,,,,summer,TX
TX_AUS_urban__TX,TX_AUS_urban,TX,759.395,16.3296,728.7611321976057,213.5134146208709,610.152,17.095,583.1946737589457,179.35839986796557,581.245,14.5539,562.593819454255,146.06144028070182,1874.5496254108064,538.9332547695383,1950.483363483084,1950.792,4.0,17,900.0,p2uhs0_1247_circuit_1_fire_stress,p2uhs0_1247,circuit_1,fire_stress,data,,,,,,summer,TX
TX_AUS_urban__TX,TX_AUS_urban,TX,751.771,15.9956,722.6645773458976,207.16067457525605,614.136,17.2415,586.5391397344689,182.02984385959664,591.766,14.5261,572.8493027491746,148.42733944858168,1882.053019829541,537.6178578834345,1957.3340365314928,1957.673,4.0,18,1800.0,p2uhs0_1247_circuit_1_fire_stress,p2uhs0_1247,circuit_1,fire_stress,data,,,,,,summer,TX
TX_AUS_urban__TX,TX_AUS_urban,TX,763.83,16.0447,734.0760423683466,211.1128440451349,610.119,17.9066,580.5642210216005,187.59098973719992,602.328,15.0467,581.6769135590976,156.36811636763466,1896.3171769490448,555.0719501499694,1975.8855496802653,1976.277,4.0,19,2700.0,p2uhs0_1247_circuit_1_fire_stress,p2uhs0_1247,circuit_1,fire_stress,data,,,,,,summer,TX
TX_AUS_urban__TX,TX_AUS_urban,TX,772.09,15.7968,742.930630636231,210.18336319141,630.988,17.0028,603.4078090931093,184.5125255083076,607.868,14.6699,588.0520682337354,153.94242582870476,1934.390507963076,548.6383145284223,2010.6890951776293,2010.946,5.0,20,0.0,p2uhs0_1247_circuit_1_fire_stress,p2uhs0_1247,circuit_1,fire_stress,data,,,,,,summer,TX
TX_AUS_urban__TX,TX_AUS_urban,TX,815.2,16.298,782.4412601507278,228.7721888992216,637.288,16.9593,609.573747309767,185.8920157906961,613.658,14.4679,594.197532680273,153.3148170291312,1986.212540140768,567.9790217190489,2065.8268135846647,2066.146,5.0,21,900.0,p2uhs0_1247_circuit_1_fire_stress,p2uhs0_1247,circuit_1,fire_stress,data,,,,,,summer,TX
TX_AUS_urban__TX,TX_AUS_urban,TX,802.559,15.716,772.5562491029422,217.3885701986026,653.762,16.6621,626.3120820268758,187.451136436032,641.862,14.3834,621.7429460538935,159.4444607887812,2020.6112771837115,564.2841674234157,2097.924344462099,2098.183,5.0,22,1800.0,p2uhs0_1247_circuit_1_fire_stress,p2uhs0_1247,circuit_1,fire_stress,data,,,,,,summer,TX
TX_AUS_urban__TX,TX_AUS_urban,TX,801.983,16.1903,770.1770794170075,223.6157387790236,663.355,16.8983,634.7127964141528,192.8199214114721,651.667,13.894,632.6002876723018,156.48244286794943,2037.490163503462,572.9181030584451,2116.5068672663106,2117.005,5.0,23,2700.0,p2uhs0_1247_circuit_1_fire_stress,p2uhs0_1247,circuit_1,fire_stress,data,,,,,,summer,TX
TX_AUS_urban__TX,TX_AUS_urban,TX,838.105,16.7595,802.5052856772368,241.6717970411456,672.172,17.4078,641.3862599517025,201.09416483122305,658.765,14.4997,637.7826439370525,164.9382439510704,2081.674189565992,607.704205823439,2168.564463713432,2169.042,6.0,24,0.0,p2uhs0_1247_circuit_1_fire_stress,p2uhs0_1247,circuit_1,fire_stress,data,,,,,,summer,TX
TX_AUS_urban__TX,TX_AUS_urban,TX,833.072,16.232,799.8638489142223,232.86644323329625,694.211,17.4639,662.212194564066,208.33607918851607,660.036,14.3631,639.4053360142773,163.73251837209693,2101.481379492566,604.9350407939094,2186.8174116588484,2187.319,6.0,25,900.0,p2uhs0_1247_circuit_1_fire_stress,p2uhs0_1247,circuit_1,fire_stress,data,,,,,,summer,TX
TX_AUS_urban__TX,TX_AUS_urban,TX,855.65,14.198,829.513239929131,209.8683093806111,698.514,15.3035,673.7455999313715,184.3601767441014,699.965,13.768,679.8531511014797,166.58539600573823,2183.1119909619824,560.8138821304508,2253.994271392946,2254.129,6.0,26,1800.0,p2uhs0_1247_circuit_1_fire_stress,p2uhs0_1247,circuit_1,fire_stress,data,,,,,,summer,TX
TX_AUS_urban__TX,TX_AUS_urban,TX,835.387,15.0529,806.7219084025112,216.9589875354562,709.88,15.1943,685.0644219087391,186.05470226480475,683.832,13.9433,663.6826558677524,164.77723302788712,2155.468986179003,567.790922828148,2228.9982239619617,2229.099,6.0,27,2700.0,p2uhs0_1247_circuit_1_fire_stress,p2uhs0_1247,circuit_1,fire_stress,data,,,,,,summer,TX
TX_AUS_urban__TX,TX_AUS_urban,TX,895.123,15.0394,864.4629055039499,232.26939130386788,733.823,15.1455,708.3339907939159,191.72676603689064,716.832,14.1618,695.046532687142,175.38082456067318,2267.8434289850074,599.3769819014317,2345.7123832268408,2345.778,7.0,28,0.0,p2uhs0_1247_circuit_1_fire_stress,p2uhs0_1247,circuit_1,fire_stress,data,,,,,,summer,TX
TX_AUS_urban__TX,TX_AUS_urban,TX,905.535,15.5854,872.2394389644847,243.29405529096013,727.364,15.8787,699.6100364672236,199.0080032821045,721.633,14.565,698.4418588663883,181.47494723036613,2270.291334298097,623.7770058034308,2354.4257252158386,2354.532,7.0,29,900.0,p2uhs0_1247_circuit_1_fire_stress,p2uhs0_1247,circuit_1,fire_stress,data,,,,,,summer,TX
TX_AUS_urban__TX,TX_AUS_urban,TX,1004.81,15.2172,969.579093224908,263.7413848472876,790.969,15.121,763.5833484495435,206.33087246358264,788.162,14.5525,762.8760380054221,198.0391094737346,2496.038479679873,668.1113667846048,2583.9080654058507,2583.941,7.0,30,1800.0,p2uhs0_1247_circuit_1_fire_stress,p2uhs0_1247,circuit_1,fire_stress,data,,,,,,summer,TX
TX_AUS_urban__TX,TX_AUS_urban,TX,960.392,15.4726,925.5856093281358,256.21099404331534,751.59,15.0633,725.7648379401599,195.3277453658171,744.774,14.5878,720.7645877799258,187.58123594441315,2372.1150350482217,639.1199753535456,2456.7059413771403,2456.756,7.0,31,2700.0,p2uhs0_1247_circuit_1_fire_stress,p2uhs0_1247,circuit_1,fire_stress,data,,,,,,summer,TX
TX_AUS_urban__TX,TX_AUS_urban,TX,990.558,15.0739,956.474086468744,257.60914828045503,774.885,15.5398,746.5587580156374,207.59764944514413,773.385,14.7543,747.8840437817319,196.9614563352044,2450.9168882661133,662.1682540608035,2538.791127657804,2538.828,8.0,32,0.0,p2uhs0_1247_circuit_1_fire_stress,p2uhs0_1247,circuit_1,fire_stress,data,,,,,,summer,TX
TX_AUS_urban__TX,TX_AUS_urban,TX,951.984,15.0417,919.36636392452,247.06077215982123,745.7,15.6106,718.1932140877079,200.66638293039497,779.619,14.4276,755.0323521645682,194.24709095849903,2392.5919301767963,641.9742460487153,2477.221644693293,2477.3030000000003,8.0,33,900.0,p2uhs0_1247_circuit_1_fire_stress,p2uhs0_1247,circuit_1,fire_stress,data,,,,,,summer,TX
TX_AUS_urban__TX,TX_AUS_urban,TX,942.64,15.1149,910.029230611842,245.79863513050464,784.244,16.5643,751.6981844527144,223.58106142178715,756.551,14.4252,732.6997370722753,188.46885921875443,2394.4271521368314,657.8485557710462,2483.15245388199,2483.435,8.0,34,1800.0,p2uhs0_1247_circuit_1_fire_stress,p2uhs0_1247,circuit_1,fire_stress,data,,,,,,summer,TX
TX_AUS_urban__TX,TX_AUS_urban,TX,951.01,15.4598,916.6002865002794,253.50332322793287,794.35,16.6339,761.109133006756,227.3869172879218,746.637,14.9576,721.3387679319416,192.71012336519468,2399.048187438977,673.6003638810495,2491.8205504961475,2491.9970000000003,8.0,35,2700.0,p2uhs0_1247_circuit_1_fire_stress,p2uhs0_1247,circuit_1,fire_stress,data,,,,,,summer,TX
TX_AUS_urban__TX,TX_AUS_urban,TX,921.154,15.7788,886.4436958480485,250.4840629805664,789.147,17.3897,753.0783035118912,235.8517678302452,789.469,16.3296,757.6219520472371,221.9690963560787,2397.143951407177,708.3049271668903,2499.598966557817,2499.77,9.0,36,0.0,p2uhs0_1247_circuit_1_fire_stress,p2uhs0_1247,circuit_1,fire_stress,data,,,,,,summer,TX
TX_AUS_urban__TX,TX_AUS_urban,TX,1023.94,15.3674,987.3304010478388,271.3518062713312,798.566,17.1739,762.9603115394689,235.794867144297,765.788,15.518,737.8723090400979,204.8797610693507,2488.163021627405,712.0264344849788,2588.037261246331,2588.294,9.0,37,900.0,p2uhs0_1247_circuit_1_fire_stress,p2uhs0_1247,circuit_1,fire_stress,data,,,,,,summer,TX
TX_AUS_urban__TX,TX_AUS_urban,TX,901.859,15.9707,867.049520766499,248.14266948589184,757.426,17.6973,721.581426108077,230.2485417366065,717.984,16.0732,689.9171169276711,198.78479827745937,2278.548063802248,677.1760094999577,2377.0461978891485,2377.269,9.0,38,1800.0,p2uhs0_1247_circuit_1_fire_stress,p2uhs0_1247,circuit_1,fire_stress,data,,,,,,summer,TX
TX_AUS_urban__TX,TX_AUS_urban,TX,883.962,15.752,850.7654796154864,239.97274040738768,740.743,16.7617,709.2706744890943,213.6242082695343,681.3,15.2909,657.1815139356686,179.67233437906486,2217.217668040249,633.2692830559869,2305.880346490703,2306.005,9.0,39,2700.0,p2uhs0_1247_circuit_1_fire_stress,p2uhs0_1247,circuit_1,fire_stress,data,,,,,,summer,TX
TX_AUS_urban__TX,TX_AUS_urban,TX,917.748,14.8914,886.9251247211009,235.84998334208024,742.432,16.1105,713.2754461884016,206.01799069192165,702.91,14.6279,680.1260941277083,177.51327890213625,2280.3266650372107,619.3812529361381,2362.947912199604,2363.09,10.0,40,0.0,p2uhs0_1247_circuit_1_fire_stress,p2uhs0_1247,circuit_1,fire_stress,data,,,,,,summer,TX
TX_AUS_urban__TX,TX_AUS_urban,TX,909.02,14.6718,879.3791584583444,230.2382593512513,737.428,16.2949,707.805716949891,206.9084875906516,679.61,14.6218,657.5996018507996,171.55907363258245,2244.7844772590347,608.7058205744853,2325.8504090642577,2326.058,10.0,41,900.0,p2uhs0_1247_circuit_1_fire_stress,p2uhs0_1247,circuit_1,fire_stress,data,,,,,,summer,TX
TX_AUS_urban__TX,TX_AUS_urban,TX,821.091,14.2177,795.9405905792206,201.6655809735552,638.024,14.7757,616.9255926972057,162.71889150065314,615.102,13.5509,597.9788829508389,144.12399504894012,2010.8450662272653,508.50846752314845,2074.1453039537214,2074.217,10.0,42,1800.0,p2uhs0_1247_circuit_1_fire_stress,p2uhs0_1247,circuit_1,fire_stress,data,,,,,,summer,TX
TX_AUS_urban__TX,TX_AUS_urban,TX,758.445,13.6343,737.0720647100777,178.78363865024994,595.816,14.1768,577.6701850354412,145.92416926992945,625.571,13.7428,607.6621100185802,148.61304144915098,1922.4043597641,473.3208493693304,1979.815938133573,1979.832,10.0,43,2700.0,p2uhs0_1247_circuit_1_fire_stress,p2uhs0_1247,circuit_1,fire_stress,data,,,,,,summer,TX
TX_AUS_urban__TX,TX_AUS_urban,TX,761.068,13.2578,740.7840515021663,174.5379318773883,575.691,13.3849,560.053459520046,133.26758780974544,604.911,13.156,589.0344917732707,137.67964781478997,1889.872002795483,445.4851675019237,1941.667639276719,1941.67,11.0,44,0.0,p2uhs0_1247_circuit_1_fire_stress,p2uhs0_1247,circuit_1,fire_stress,data,,,,,,summer,TX
TX_AUS_urban__TX,TX_AUS_urban,TX,751.342,14.6528,726.9057052981692,190.0602445777949,549.708,13.4385,534.6569593364742,127.75296903428791,569.191,12.628,555.4222927680703,124.43661509885288,1816.9849574027137,442.2498287109357,1870.0318837984,1870.241,11.0,45,900.0,p2uhs0_1247_circuit_1_fire_stress,p2uhs0_1247,circuit_1,fire_stress,data,,,,,,summer,TX
TX_AUS_urban__TX,TX_AUS_urban,TX,760.483,13.54,739.3466737993208,178.0474353392392,563.55,13.3483,548.3254693327357,130.10681066352785,592.945,13.0206,577.699864272514,133.59131650118186,1865.3720074045705,441.7455625039489,1916.964232321638,1916.978,11.0,46,1800.0,p2uhs0_1247_circuit_1_fire_stress,p2uhs0_1247,circuit_1,fire_stress,data,,,,,,summer,TX
TX_AUS_urban__TX,TX_AUS_urban,TX,734.114,12.8774,715.6504295461322,163.6087640881031,556.579,12.9021,542.5270561051261,124.27621105789028,546.263,11.2065,535.8474655702669,106.16383005017131,1794.0249512215253,394.0488051961647,1836.7906757390515,1836.956,11.0,47,2700.0,p2uhs0_1247_circuit_1_fire_stress,p2uhs0_1247,circuit_1,fire_stress,data,,,,,,summer,TX
TX_AUS_urban__TX,TX_AUS_urban,TX,692.486,13.862,672.3177561327292,165.90869472288716,560.226,13.9112,543.7942935507275,134.6882971073033,549.946,12.6315,536.6354831489981,120.262051959217,1752.747532832455,420.85904378940745,1802.5665725818817,1802.658,12.0,48,0.0,p2uhs0_1247_circuit_1_fire_stress,p2uhs0_1247,circuit_1,fire_stress,data,,,,,,summer,TX
TX_AUS_urban__TX,TX_AUS_urban,TX,724.747,12.6489,707.1575560522781,158.7022524325638,541.088,12.1986,528.8708052326314,114.33238874696912,575.243,12.1325,562.3944742303761,120.90063855968204,1798.4228355152854,393.9352797392149,1841.0621119142213,1841.078,12.0,49,900.0,p2uhs0_1247_circuit_1_fire_stress,p2uhs0_1247,circuit_1,fire_stress,data,,,,,,summer,TX
TX_AUS_urban__TX,TX_AUS_urban,TX,768.171,11.4474,752.8900201325172,152.45754433893393,527.329,10.3512,518.7466498248729,94.75118752010786,535.812,10.2133,527.3217775516994,95.00653800510818,1798.9584475090894,342.21526986414995,1831.2189346969155,1831.312,12.0,50,1800.0,p2uhs0_1247_circuit_1_fire_stress,p2uhs0_1247,circuit_1,fire_stress,data,,,,,,summer,TX
TX_AUS_urban__TX,TX_AUS_urban,TX,629.637,11.409,617.1954450274691,124.54932519425525,467.123,9.81033,460.2923514459701,79.5917604362384,496.942,9.78652,489.7104585039421,84.46903690618696,1567.198254977381,288.6101225366806,1593.5514341353362,1593.702,12.0,51,2700.0,p2uhs0_1247_circuit_1_fire_stress,p2uhs0_1247,circuit_1,fire_stress,data,,,,,,summer,TX
TX_AUS_urban__TX,TX_AUS_urban,TX,646.94,11.8303,633.1984168556245,132.63155164413502,475.355,9.49604,468.841213502536,78.42380089277424,492.707,10.2129,484.9004088075291,87.3600674638656,1586.9400391656898,298.4154200007749,1614.7539907990442,1615.002,13.0,52,0.0,p2uhs0_1247_circuit_1_fire_stress,p2uhs0_1247,circuit_1,fire_stress,data,,,,,,summer,TX
TX_AUS_urban__TX,TX_AUS_urban,TX,597.455,11.2888,585.8960039114886,116.9544767229924,441.928,8.90098,436.6059580653256,68.3783194138252,460.736,9.90445,453.8691768063175,79.24917691153472,1476.3711387831318,264.5819730483523,1499.8917827276607,1500.119,13.0,53,900.0,p2uhs0_1247_circuit_1_fire_stress,p2uhs0_1247,circuit_1,fire_stress,data,,,,,,summer,TX
TX_AUS_urban__TX,TX_AUS_urban,TX,607.537,10.3467,597.6578256753256,109.11612977943348,443.22,8.37733,438.4908672579198,64.5734289889998,456.938,8.86177,451.4834738391606,70.39182263675225,1487.632166772406,244.0813814051856,1507.5228636291483,1507.6950000000002,13.0,54,1800.0,p2uhs0_1247_circuit_1_fire_stress,p2uhs0_1247,circuit_1,fire_stress,data,,,,,,summer,TX
TX_AUS_urban__TX,TX_AUS_urban,TX,578.497,9.43203,570.676127538721,94.80261845755828,412.662,7.31483,409.30355895264137,52.540678266478615,458.627,8.35796,453.75603870900807,66.6647017851962,1433.7357252003703,214.0079985092331,1449.6197960643883,1449.7859999999998,13.0,55,2700.0,p2uhs0_1247_circuit_1_fire_stress,p2uhs0_1247,circuit_1,fire_stress,data,,,,,,summer,TX
TX_AUS_urban__TX,TX_AUS_urban,TX,526.888,9.06851,520.302206622565,83.04564002817794,403.484,7.68035,399.8643825443232,53.92414884304776,462.391,8.51811,457.2904085697092,68.4902847938921,1377.4569977365973,205.46007366511785,1392.6958111820384,1392.763,14.0,56,0.0,p2uhs0_1247_circuit_1_fire_stress,p2uhs0_1247,circuit_1,fire_stress,data,,,,,,summer,TX
TX_AUS_urban__TX,TX_AUS_urban,TX,532.501,10.1498,524.1675637891234,93.83858520020053,415.373,8.36003,410.9592468927999,60.39227204123674,468.279,9.53411,461.81074115940265,77.56327217699909,1396.9375518413258,231.7941294184364,1416.0377968745352,1416.153,14.0,57,900.0,p2uhs0_1247_circuit_1_fire_stress,p2uhs0_1247,circuit_1,fire_stress,data,,,,,,summer,TX
TX_AUS_urban__TX,TX_AUS_urban,TX,514.726,8.35524,509.2627767378992,74.79491496889791,372.828,5.56781,371.0690225053961,36.17316852156886,434.21,7.29224,430.6979544253674,55.11439153074356,1311.0297536686628,166.0824750212103,1321.5076252196525,1321.764,14.0,58,1800.0,p2uhs0_1247_circuit_1_fire_stress,p2uhs0_1247,circuit_1,fire_stress,data,,,,,,summer,TX
TX_AUS_urban__TX,TX_AUS_urban,TX,487.627,6.53383,484.4597857019705,55.48699997838048,344.432,3.06516,343.93924509937443,18.41733706246519,450.457,7.81854,446.2694946143792,61.278438505126445,1274.6685254157242,135.1827755459721,1281.81677024831,1282.516,14.0,59,2700.0,p2uhs0_1247_circuit_1_fire_stress,p2uhs0_1247,circuit_1,fire_stress,data,,,,,,summer,TX
TX_AUS_urban__TX,TX_AUS_urban,TX,514.985,6.49734,511.6773080710389,58.27420209814333,358.544,3.37255,357.9230471911971,21.092468451276485,417.617,6.0509,415.290306485836,44.02181309192511,1284.890661748072,123.38848364134492,1290.8015844980623,1291.146,15.0,60,0.0,p2uhs0_1247_circuit_1_fire_stress,p2uhs0_1247,circuit_1,fire_stress,data,,,,,,summer,TX
TX_AUS_urban__TX,TX_AUS_urban,TX,517.939,7.09873,513.9688304533696,64.00663280782184,343.481,3.41085,342.8725506405681,20.43554203418816,418.611,6.46168,415.9517087024976,47.10992834289311,1272.7930897964352,131.5521031849031,1279.5734466164604,1280.031,15.0,61,900.0,p2uhs0_1247_circuit_1_fire_stress,p2uhs0_1247,circuit_1,fire_stress,data,,,,,,summer,TX
TX_AUS_urban__TX,TX_AUS_urban,TX,508.822,6.18556,505.8597151459434,54.82496034166338,345.954,2.97341,345.48824747300614,17.94550010534362,403.432,5.84231,401.3364986195076,41.065721713298174,1252.684461238457,113.83618216030516,1257.8461892445823,1258.208,15.0,62,1800.0,p2uhs0_1247_circuit_1_fire_stress,p2uhs0_1247,circuit_1,fire_stress,data,,,,,,summer,TX
TX_AUS_urban__TX,TX_AUS_urban,TX,506.575,6.76413,503.0489544540187,59.665568359972895,378.243,5.66804,376.39370053799263,37.35705079788712,427.173,7.12686,423.8726122930475,52.9979289865918,1303.3152672850588,150.02054814445182,1311.9210535713976,1311.991,15.0,63,2700.0,p2uhs0_1247_circuit_1_fire_stress,p2uhs0_1247,circuit_1,fire_stress,data,,,,,,summer,TX
TX_AUS_urban__TX,TX_AUS_urban,TX,540.108,7.22488,535.8196415012159,67.92616171629604,411.114,6.81763,408.2070244236757,48.80313726768628,435.729,6.34096,433.0633205904904,48.12402518636749,1377.089986515382,164.85332417034982,1386.9222939483484,1386.951,16.0,64,0.0,p2uhs0_1247_circuit_1_fire_stress,p2uhs0_1247,circuit_1,fire_stress,data,,,,,,summer,TX
TX_AUS_urban__TX,TX_AUS_urban,TX,581.999,7.79151,576.6259501480268,78.90088476617537,410.076,6.24955,407.6389975710249,44.64049098397087,413.419,4.99708,411.8476516683408,36.01085081295689,1396.1125993873925,159.55222656310315,1405.2000936412812,1405.494,16.0,65,900.0,p2uhs0_1247_circuit_1_fire_stress,p2uhs0_1247,circuit_1,fire_stress,data,,,,,,summer,TX
TX_AUS_urban__TX,TX_AUS_urban,TX,504.186,6.44318,501.0013748123344,56.57866233970951,358.895,3.84392,358.08762011012493,24.0598700924767,408.091,5.32208,406.33173092775127,37.85219573892064,1265.4207258502106,118.49072817110684,1270.956201477373,1271.172,16.0,66,1800.0,p2uhs0_1247_circuit_1_fire_stress,p2uhs0_1247,circuit_1,fire_stress,data,,,,,,summer,TX
TX_AUS_urban__TX,TX_AUS_urban,TX,447.979,4.35802,446.68375643629145,34.04124229466142,327.541,1.3978,327.4435326985156,7.989967141119361,363.406,2.4283,363.0796703731618,15.397200970181384,1137.2069595079688,57.42841040596217,1138.6560899038457,1138.926,16.0,67,2700.0,p2uhs0_1247_circuit_1_fire_stress,p2uhs0_1247,circuit_1,fire_stress,data,,,,,,summer,TX
TX_AUS_urban__TX,TX_AUS_urban,TX,467.156,4.75242,465.5499195598909,38.704014440096216,348.866,2.51205,348.5307487744449,15.290621789998497,387.805,3.16927,387.2118754675798,21.440184744528374,1201.2925438019156,75.43482097462308,1203.65866756716,1203.827,17.0,68,0.0,p2uhs0_1247_circuit_1_fire_stress,p2uhs0_1247,circuit_1,fire_stress,data,,,,,,summer,TX
TX_AUS_urban__TX,TX_AUS_urban,TX,574.269,7.34745,569.5536041901505,73.44097163715507,376.772,3.94148,375.88085014746935,25.89838752539799,421.024,4.88353,419.4956023002055,35.84198971580419,1364.9300566378254,135.18134887835726,1371.6078362993956,1372.065,17.0,69,900.0,p2uhs0_1247_circuit_1_fire_stress,p2uhs0_1247,circuit_1,fire_stress,data,,,,,,summer,TX
TX_AUS_urban__TX,TX_AUS_urban,TX,574.407,6.87992,570.2709159789708,68.8075870635324,399.968,5.38642,398.2018380195547,37.54593482453632,426.514,5.23206,424.7369417969816,38.89373302920962,1393.2096957955073,145.24725491727833,1400.7605154056905,1400.889,17.0,70,1800.0,p2uhs0_1247_circuit_1_fire_stress,p2uhs0_1247,circuit_1,fire_stress,data,,,,,,summer,TX
TX_AUS_urban__TX,TX_AUS_urban,TX,540.982,6.51486,537.4885883594192,61.3803039044185,383.715,4.55533,382.5028833334282,30.475325537454065,424.835,5.34197,422.9898431338896,39.552115374116575,1342.9813148267372,131.40774481598913,1349.3949782666955,1349.532,17.0,71,2700.0,p2uhs0_1247_circuit_1_fire_stress,p2uhs0_1247,circuit_1,fire_stress,data,,,,,,summer,TX
TX_AUS_urban__TX,TX_AUS_urban,TX,602.308,7.1778,597.5878259461257,75.25767166862747,410.545,4.62058,409.2107318718605,33.07225341424955,444.194,5.65249,442.0341441585959,43.750714668193616,1448.832701976582,152.08063975107063,1456.7926136907265,1457.047,18.0,72,0.0,p2uhs0_1247_circuit_1_fire_stress,p2uhs0_1247,circuit_1,fire_stress,data,,,,,,summer,TX
TX_AUS_urban__TX,TX_AUS_urban,TX,615.84,7.46744,610.6169849661283,80.03626222453869,429.099,5.11643,427.3892693424005,38.26701258223691,477.987,5.97827,475.38745207608383,49.78295468942284,1513.3937063846124,168.08622949619843,1522.6994092961363,1522.9260000000002,18.0,73,900.0,p2uhs0_1247_circuit_1_fire_stress,p2uhs0_1247,circuit_1,fire_stress,data,,,,,,summer,TX
TX_AUS_urban__TX,TX_AUS_urban,TX,617.068,6.89345,612.607258236183,74.06256666053697,470.724,5.4804,468.5722864565192,44.956607310935965,491.605,6.08077,488.8390106211744,52.07588424512246,1570.0185553138765,171.0950582165954,1579.313706321835,1579.397,18.0,74,1800.0,p2uhs0_1247_circuit_1_fire_stress,p2uhs0_1247,circuit_1,fire_stress,data,,,,,,summer,TX
TX_AUS_urban__TX,TX_AUS_urban,TX,655.312,6.83236,650.6582864543858,77.95903804077105,479.765,4.77259,478.1015474020472,39.91698381350934,528.327,6.23736,525.1994790954478,57.40144673150855,1653.9593129518807,175.27746858578894,1663.2208512083112,1663.404,18.0,75,2700.0,p2uhs0_1247_circuit_1_fire_stress,p2uhs0_1247,circuit_1,fire_stress,data,,,,,,summer,TX
TX_AUS_urban__TX,TX_AUS_urban,TX,674.591,7.10936,669.4045641133879,83.48980072538929,499.005,5.40505,496.786257157957,47.00430537714878,639.701,8.24019,633.0966889168759,91.68397833584896,1799.287510188221,222.17808443838703,1812.9530180134395,1813.297,19.0,76,0.0,p2uhs0_1247_circuit_1_fire_stress,p2uhs0_1247,circuit_1,fire_stress,data,,,,,,summer,TX
TX_AUS_urban__TX,TX_AUS_urban,TX,653.713,7.30014,648.4140887838015,83.06537085736977,532.292,5.72519,529.6368253157642,53.099967358169,620.585,7.67221,615.0295665611269,82.85152068992126,1793.0804806606925,219.01685890546003,1806.4069294074336,1806.59,19.0,77,900.0,p2uhs0_1247_circuit_1_fire_stress,p2uhs0_1247,circuit_1,fire_stress,data,,,,,,summer,TX
TX_AUS_urban__TX,TX_AUS_urban,TX,690.416,8.12426,683.4869222045517,97.56987358477596,560.973,5.27726,558.5951928206408,51.59570996382384,596.41,7.68208,591.0572543446084,79.72584390655864,1833.139369369801,228.8914274551584,1847.374145400972,1847.799,19.0,78,1800.0,p2uhs0_1247_circuit_1_fire_stress,p2uhs0_1247,circuit_1,fire_stress,data,,,,,,summer,TX
TX_AUS_urban__TX,TX_AUS_urban,TX,896.99,9.25882,885.3036648758842,144.3207575414152,650.428,5.97374,646.8959800243437,67.69175882146918,714.068,8.62131,705.9995286128518,107.04099318686742,2238.19917351308,319.05350954975177,2260.825221522143,2261.486,19.0,79,2700.0,p2uhs0_1247_circuit_1_fire_stress,p2uhs0_1247,circuit_1,fire_stress,data,,,,,,summer,TX
TX_AUS_urban__TX,TX_AUS_urban,TX,945.798,8.91476,934.3727393076724,146.5654831216296,654.621,5.42023,651.693976609378,61.83538220190419,740.041,7.82752,733.1456975973656,100.7872401421539,2319.212413514416,309.1881054656877,2339.7315024508307,2340.46,20.0,80,0.0,p2uhs0_1247_circuit_1_fire_stress,p2uhs0_1247,circuit_1,fire_stress,data,,,,,,summer,TX
TX_AUS_urban__TX,TX_AUS_urban,TX,810.074,7.96675,802.2557062317264,112.27496290194796,604.927,5.21449,602.4234769153454,54.9784484159596,699.941,7.42511,694.0717302786202,90.45350578635625,2098.750913425692,257.7069171042638,2114.51371519046,2114.942,20.0,81,900.0,p2uhs0_1247_circuit_1_fire_stress,p2uhs0_1247,circuit_1,fire_stress,data,,,,,,summer,TX
TX_AUS_urban__TX,TX_AUS_urban,TX,820.342,8.5332,811.2608544769795,121.72437289746485,611.646,5.69511,608.6269416082004,60.6965836324273,727.348,8.67996,719.0174883764096,109.76777538457988,2138.9052844615894,292.18873191447204,2158.7704998344543,2159.336,20.0,82,1800.0,p2uhs0_1247_circuit_1_fire_stress,p2uhs0_1247,circuit_1,fire_stress,data,,,,,,summer,TX
TX_AUS_urban__TX,TX_AUS_urban,TX,827.109,8.94439,817.0511123386417,128.5954031339704,629.033,6.33461,625.192431582934,69.40416832163895,684.112,7.98413,677.4806146753054,95.02234096869114,2119.724158596881,293.02191242430047,2139.8813868296647,2140.254,20.0,83,2700.0,p2uhs0_1247_circuit_1_fire_stress,p2uhs0_1247,circuit_1,fire_stress,data,,,,,,summer,TX
TX_AUS_urban__TX,TX_AUS_urban,TX,939.893,10.3953,924.4658553093396,169.5928471845768,713.012,7.69,706.5995762193626,95.41043460029512,734.381,9.18581,724.9631741870911,117.23416410576446,2356.028605715793,382.2374458906364,2386.833939760389,2387.286,21.0,84,0.0,p2uhs0_1247_circuit_1_fire_stress,p2uhs0_1247,circuit_1,fire_stress,data,,,,,,summer,TX
TX_AUS_urban__TX,TX_AUS_urban,TX,816.968,8.42874,808.1438732001067,119.75054585733602,634.78,5.90446,631.4123731164148,65.2997969024206,693.831,8.45645,686.2876181922426,102.03314009192684,2125.843864508764,287.08348285168347,2145.1408024639804,2145.579,21.0,85,900.0,p2uhs0_1247_circuit_1_fire_stress,p2uhs0_1247,circuit_1,fire_stress,data,,,,,,summer,TX
TX_AUS_urban__TX,TX_AUS_urban,TX,804.195,8.35607,795.6577040080647,116.86922639264388,651.957,6.44767,647.833263253529,73.21197218545421,672.304,8.53073,664.865927761841,99.72946664545228,2108.356895023435,289.8106652235504,2128.182092413658,2128.456,21.0,86,1800.0,p2uhs0_1247_circuit_1_fire_stress,p2uhs0_1247,circuit_1,fire_stress,data,,,,,,summer,TX
TX_AUS_urban__TX,TX_AUS_urban,TX,906.135,10.5558,890.8004441075344,165.9976114370908,704.411,7.85885,697.795116136186,96.31631646552206,762.213,10.6585,749.0625537986144,140.97499021350492,2337.658114042335,403.28891811611777,2372.190424401725,2372.759,21.0,87,2700.0,p2uhs0_1247_circuit_1_fire_stress,p2uhs0_1247,circuit_1,fire_stress,data,,,,,,summer,TX
TX_AUS_urban__TX,TX_AUS_urban,TX,828.706,9.52896,817.271558267318,137.18904651359645,686.474,7.97329,679.837746346902,95.22180064441874,730.181,9.91538,719.27438822956,125.73244290155272,2216.38369284378,358.1432900595679,2245.133245515402,2245.361,22.0,88,0.0,p2uhs0_1247_circuit_1_fire_stress,p2uhs0_1247,circuit_1,fire_stress,data,,,,,,summer,TX
TX_AUS_urban__TX,TX_AUS_urban,TX,805.659,9.98679,793.4514637399038,139.718284308118,656.922,7.86006,650.7502395121462,89.83674002814402,692.79,10.5132,681.1600632031267,126.40788107199806,2125.3617664551766,355.9629054082601,2154.964553846805,2155.371,22.0,89,900.0,p2uhs0_1247_circuit_1_fire_stress,p2uhs0_1247,circuit_1,fire_stress,data,,,,,,summer,TX
TX_AUS_urban__TX,TX_AUS_urban,TX,877.084,11.9984,857.9227022481615,182.3320597788889,673.153,9.07794,664.7215079411563,106.20865449404415,669.9,11.3531,656.7918258516538,131.87307342460304,2179.436036040972,420.4137876975361,2219.614648555053,2220.137,22.0,90,1800.0,p2uhs0_1247_circuit_1_fire_stress,p2uhs0_1247,circuit_1,fire_stress,data,,,,,,summer,TX
TX_AUS_urban__TX,TX_AUS_urban,TX,974.168,13.2241,948.3357599822408,222.8510232485047,732.097,10.5179,719.7962525162103,133.63896240475643,716.74,11.727,701.7795867806004,145.6764880756318,2369.911599279052,502.1664737288929,2422.530114515546,2423.005,22.0,91,2700.0,p2uhs0_1247_circuit_1_fire_stress,p2uhs0_1247,circuit_1,fire_stress,data,,,,,,summer,TX
TX_AUS_urban__TX,TX_AUS_urban,TX,871.477,12.343,851.3331767209651,186.2900527220656,718.731,10.4796,706.7423726339501,130.72669614403495,678.924,10.9499,666.5632743674272,128.96200619009434,2224.6388237223423,445.9787550561949,2268.901704784542,2269.132,23.0,92,0.0,p2uhs0_1247_circuit_1_fire_stress,p2uhs0_1247,circuit_1,fire_stress,data,,,,,,summer,TX
TX_AUS_urban__TX,TX_AUS_urban,TX,973.194,12.9136,948.5801476779004,217.4908390424121,716.064,11.4782,701.743070552621,142.49321046063562,718.406,10.7925,705.6986697760747,134.52348609918866,2356.021888006596,494.5075356022363,2407.358892964147,2407.664,23.0,93,900.0,p2uhs0_1247_circuit_1_fire_stress,p2uhs0_1247,circuit_1,fire_stress,data,,,,,,summer,TX
TX_AUS_urban__TX,TX_AUS_urban,TX,781.074,12.5133,762.5201643056666,169.23236245842318,632.594,10.7719,621.4470810007912,118.23152858521364,622.439,12.347,608.0422945916071,133.0972453087339,1992.0095398980648,420.5611363523707,2035.9208423843245,2036.107,23.0,94,1800.0,p2uhs0_1247_circuit_1_fire_stress,p2uhs0_1247,circuit_1,fire_stress,data,,,,,,summer,TX
TX_AUS_urban__TX,TX_AUS_urban,TX,766.569,11.9311,750.0087438634669,158.47686231543258,601.718,10.1846,592.2368313925905,106.39589778776418,595.809,10.8613,585.1358037512434,112.26956688874444,1927.381379007301,377.1423269919412,1963.933633031672,1964.096,23.0,95,2700.0,p2uhs0_1247_circuit_1_fire_stress,p2uhs0_1247,circuit_1,fire_stress,data,,,,,,summer,TX
TX_AUS_urban__TX,TX_AUS_urban,TX,796.386,11.3539,780.8006397817313,156.78335980721602,614.513,10.6538,603.9201403713372,113.6076195634095,623.102,12.0037,609.4773590553353,129.589548972646,1994.198139208404,399.98052834327154,2033.915101835872,2034.001,24.0,96,0.0,p2uhs0_1247_circuit_1_fire_stress,p2uhs0_1247,circuit_1,fire_stress,data,,,,,,summer,TX
TX_AUS_urban__TX,TX_AUS_urban,TX,,,,,,,,,,,,,,,,,,0,,p2uhs0_1247_circuit_1_fire_stress,p2uhs0_1247,circuit_1,fire_stress,summary,1211.0,280.0,1.0,1.0,100.0,summer,TX
TX_AUS_urban__TX,TX_AUS_urban,TX,143.537,-25.9968,129.01371507663126,-62.9152739096462,273.985,-10.5021,269.39526564519474,-49.939674337694434,229.611,-10.8317,225.5201190977749,-43.14959099603843,623.9290998196009,-156.00453924337904,643.1367956090186,647.133,0.0,1,900.0,p2uhs0_1247_circuit_2_fire_baseline,p2uhs0_1247,circuit_2,fire_baseline,data,,,,,,summer,TX
TX_AUS_urban__TX,TX_AUS_urban,TX,130.755,-31.4886,111.50055580591356,-68.29711619074668,251.208,-14.4022,243.31343977469507,-62.48223178637136,213.395,-13.189,207.7662214334539,-48.68904657379324,562.5802170140626,-179.46839455091128,590.5128323908561,595.358,0.0,2,1800.0,p2uhs0_1247_circuit_2_fire_baseline,p2uhs0_1247,circuit_2,fire_baseline,data,,,,,,summer,TX
TX_AUS_urban__TX,TX_AUS_urban,TX,149.168,-27.3528,132.49015157675993,-68.5379599869093,245.429,-14.3724,237.7477706361107,-60.921191703374525,237.126,-12.0256,231.92217680256104,-49.40489634805053,602.1600990154317,-178.86404803833435,628.1633008437647,631.723,0.0,3,2700.0,p2uhs0_1247_circuit_2_fire_baseline,p2uhs0_1247,circuit_2,fire_baseline,data,,,,,,summer,TX
TX_AUS_urban__TX,TX_AUS_urban,TX,133.93,-31.9442,113.64814691425742,-70.8614394643191,243.617,-14.3909,235.97294341220064,-60.54760661151154,219.369,-12.7412,213.96730286756124,-48.3813131754536,563.5883931940193,-179.79035925128426,591.5711708853994,596.916,1.0,4,0.0,p2uhs0_1247_circuit_2_fire_baseline,p2uhs0_1247,circuit_2,fire_baseline,data,,,,,,summer,TX
TX_AUS_urban__TX,TX_AUS_urban,TX,132.299,-31.4774,112.8306987070226,-69.08153755009431,248.273,-14.1666,240.72256736742847,-60.762884140187325,216.114,-13.7641,209.90797267978613,-51.41890704266433,563.4612387542372,-181.263328732946,591.899452543933,596.686,1.0,5,900.0,p2uhs0_1247_circuit_2_fire_baseline,p2uhs0_1247,circuit_2,fire_baseline,data,,,,,,summer,TX
TX_AUS_urban__TX,TX_AUS_urban,TX,128.922,-34.2057,106.62167218641213,-72.47552072371244,240.858,-15.333,232.2847265723761,-63.689732023274026,212.832,-14.0427,206.47155041280547,-51.64260928857419,545.3779491715936,-187.80786203556065,576.8092409843844,582.612,1.0,6,1800.0,p2uhs0_1247_circuit_2_fire_baseline,p2uhs0_1247,circuit_2,fire_baseline,data,,,,,,summer,TX
TX_AUS_urban__TX,TX_AUS_urban,TX,137.398,-27.6654,121.68986028756188,-63.79489248516429,247.368,-14.4788,239.5116460380287,-61.84738342204989,216.484,-14.5485,209.54251646257225,-54.38065879090324,570.7440227881629,-180.0229346981174,598.4621930963873,601.25,1.0,7,2700.0,p2uhs0_1247_circuit_2_fire_baseline,p2uhs0_1247,circuit_2,fire_baseline,data,,,,,,summer,TX
TX_AUS_urban__TX,TX_AUS_urban,TX,140.697,-27.6189,124.66467601885714,-65.22548859237,243.581,-15.5245,234.6942133198977,-65.19455341632725,232.719,-10.9828,228.45661640609768,-44.33629868716072,587.8155057448525,-174.75634069585794,613.242894298404,616.9970000000001,2.0,8,0.0,p2uhs0_1247_circuit_2_fire_baseline,p2uhs0_1247,circuit_2,fire_baseline,data,,,,,,summer,TX
TX_AUS_urban__TX,TX_AUS_urban,TX,134.231,-31.0773,114.96504774216564,-69.28924273393072,240.53,-15.7186,231.53510412290964,-65.16269223101044,210.863,-14.619,204.0364216918699,-53.21976505188125,550.5365735569452,-187.6717000168224,581.6452405126564,585.624,2.0,9,900.0,p2uhs0_1247_circuit_2_fire_baseline,p2uhs0_1247,circuit_2,fire_baseline,data,,,,,,summer,TX
TX_AUS_urban__TX,TX_AUS_urban,TX,148.06,-29.5088,128.85366492036275,-72.92802367122587,248.717,-13.9577,241.3733984081797,-59.99190470293605,218.886,-14.5658,211.85088552856584,-55.048009017243125,582.0779488571083,-187.96793739140503,611.675309320948,615.663,2.0,10,1800.0,p2uhs0_1247_circuit_2_fire_baseline,p2uhs0_1247,circuit_2,fire_baseline,data,,,,,,summer,TX
TX_AUS_urban__TX,TX_AUS_urban,TX,149.397,-29.1521,130.4728265909939,-72.77571799959404,246.682,-14.831,238.46379845583303,-63.14290102628988,217.462,-14.9326,210.1182256619653,-56.03617303731058,579.0548507087922,-191.9547920631945,610.0419348908777,613.5409999999999,2.0,11,2700.0,p2uhs0_1247_circuit_2_fire_baseline,p2uhs0_1247,circuit_2,fire_baseline,data,,,,,,summer,TX
TX_AUS_urban__TX,TX_AUS_urban,TX,152.843,-27.4705,135.6097159268719,-70.50523097780123,253.383,-13.7294,246.1432051357823,-60.137070551234906,219.186,-14.7353,211.9772417578209,-55.75079885298824,593.7301628204751,-186.3931003820244,622.3004853869643,625.412,3.0,12,0.0,p2uhs0_1247_circuit_2_fire_baseline,p2uhs0_1247,circuit_2,fire_baseline,data,,,,,,summer,TX
TX_AUS_urban__TX,TX_AUS_urban,TX,155.227,-26.6509,138.73507924544262,-69.62757582855201,254.705,-14.1666,246.9589585710927,-62.33706607213195,224.544,-13.6232,218.2266135385813,-52.88811850957334,603.9206513551167,-184.85276041025728,631.5779414802898,634.476,3.0,13,900.0,p2uhs0_1247_circuit_2_fire_baseline,p2uhs0_1247,circuit_2,fire_baseline,data,,,,,,summer,TX
TX_AUS_urban__TX,TX_AUS_urban,TX,150.605,-27.784,133.24192733047468,-70.20295454082046,251.494,-13.9947,244.02918036534527,-60.81933217503943,210.091,-15.1719,202.7682710141832,-54.984148178531925,580.0393787100031,-186.00643489439184,609.1338725406822,612.19,3.0,14,1800.0,p2uhs0_1247_circuit_2_fire_baseline,p2uhs0_1247,circuit_2,fire_baseline,data,,,,,,summer,TX
TX_AUS_urban__TX,TX_AUS_urban,TX,151.196,-27.8602,133.67094120474047,-70.65627992923781,251.616,-14.2976,243.8224653469532,-62.1386904282173,214.514,-15.083,207.1239673067633,-55.82041170671189,584.617373858457,-188.615382064167,614.2908400492153,617.326,3.0,15,2700.0,p2uhs0_1247_circuit_2_fire_baseline,p2uhs0_1247,circuit_2,fire_baseline,data,,,,,,summer,TX
TX_AUS_urban__TX,TX_AUS_urban,TX,161.422,-24.2929,147.12877017581351,-66.40923934628859,260.368,-13.0203,253.6740176267664,-58.65993696804517,224.63,-13.5989,218.3326135904028,-52.81578119069986,619.1354013929827,-177.8849575050336,644.1829735134401,646.42,4.0,16,0.0,p2uhs0_1247_circuit_2_fire_baseline,p2uhs0_1247,circuit_2,fire_baseline,data,,,,,,summer,TX
TX_AUS_urban__TX,TX_AUS_urban,TX,154.395,-26.6362,138.00923776154318,-69.21897368119414,260.062,-12.8677,253.5310355871933,-57.915954952718494,227.584,-13.9025,220.91715401460385,-54.68169820047488,612.4574273633403,-181.8166268343875,638.8750943071393,642.0409999999999,4.0,17,900.0,p2uhs0_1247_circuit_2_fire_baseline,p2uhs0_1247,circuit_2,fire_baseline,data,,,,,,summer,TX
TX_AUS_urban__TX,TX_AUS_urban,TX,152.529,-25.9646,137.13344280418045,-66.77959797477499,255.929,-12.3457,250.0107307664333,-54.72008354008604,218.868,-13.963,212.40083368286145,-52.81180999383979,599.5450072534752,-174.3114915087008,624.370652573099,627.326,4.0,18,1800.0,p2uhs0_1247_circuit_2_fire_baseline,p2uhs0_1247,circuit_2,fire_baseline,data,,,,,,summer,TX
TX_AUS_urban__TX,TX_AUS_urban,TX,156.53,-24.9276,141.94783605753176,-65.97312133425316,257.73,-13.0938,251.0291456712993,-58.387677839914055,226.662,-13.9816,219.9467681515684,-54.76386969234585,612.9237498803994,-179.12466886651308,638.5617982341164,640.922,4.0,19,2700.0,p2uhs0_1247_circuit_2_fire_baseline,p2uhs0_1247,circuit_2,fire_baseline,data,,,,,,summer,TX
TX_AUS_urban__TX,TX_AUS_urban,TX,157.542,-25.115,142.64761899464423,-66.86657280853278,261.116,-13.2869,254.1263021185184,-60.01156578166814,226.154,-14.3601,219.0880694148485,-56.08965640895383,615.8619905280112,-182.9677949991548,642.4665013710652,644.812,5.0,20,0.0,p2uhs0_1247_circuit_2_fire_baseline,p2uhs0_1247,circuit_2,fire_baseline,data,,,,,,summer,TX
TX_AUS_urban__TX,TX_AUS_urban,TX,160.701,-24.8487,145.82340213637488,-67.53033977682252,268.818,-12.5985,262.34552723428203,-58.63396169598792,235.53,-13.6929,228.8358749515453,-55.754132000782825,637.0048043222022,-181.91843347359324,662.4722161472534,665.049,5.0,21,900.0,p2uhs0_1247_circuit_2_fire_baseline,p2uhs0_1247,circuit_2,fire_baseline,data,,,,,,summer,TX
TX_AUS_urban__TX,TX_AUS_urban,TX,159.267,-26.1168,143.0056068110204,-70.10972621264354,269.762,-12.9184,262.934175210198,-60.30883973790976,227.114,-16.3426,217.93776500750204,-63.905395543215526,623.8775470287205,-194.3239614937688,653.4408892143231,656.143,5.0,22,1800.0,p2uhs0_1247_circuit_2_fire_baseline,p2uhs0_1247,circuit_2,fire_baseline,data,,,,,,summer,TX
TX_AUS_urban__TX,TX_AUS_urban,TX,163.001,-25.5076,147.1129944427795,-70.19325371486015,280.902,-11.5011,275.2617341491068,-56.00813616990334,231.456,-15.201,223.35779855299504,-60.68915686973803,645.7325271448814,-186.89054675450151,672.2340166036761,675.359,5.0,23,2700.0,p2uhs0_1247_circuit_2_fire_baseline,p2uhs0_1247,circuit_2,fire_baseline,data,,,,,,summer,TX
TX_AUS_urban__TX,TX_AUS_urban,TX,162.505,-24.6422,147.70554933185863,-67.75651792686719,268.059,-13.0235,261.1639109761252,-60.407276752512,231.904,-15.2538,223.7339935131764,-61.0128294922138,632.6034538211602,-189.1766241715929,660.2839729384781,662.4680000000001,6.0,24,0.0,p2uhs0_1247_circuit_2_fire_baseline,p2uhs0_1247,circuit_2,fire_baseline,data,,,,,,summer,TX
TX_AUS_urban__TX,TX_AUS_urban,TX,166.157,-24.8404,150.7844022275895,-69.8012370511333,289.938,-11.584,284.0323581116929,-58.22081577503907,248.196,-13.3946,241.44450182460344,-57.496147302833016,676.2612621638858,-185.5182001290053,701.2462458242451,704.291,6.0,25,900.0,p2uhs0_1247_circuit_2_fire_baseline,p2uhs0_1247,circuit_2,fire_baseline,data,,,,,,summer,TX
TX_AUS_urban__TX,TX_AUS_urban,TX,176.667,-22.4872,163.23412496508732,-67.57106877859977,307.774,-10.2268,302.88429266003493,-54.643758434338274,273.204,-11.5759,267.6469599378318,-54.82271839335094,733.765377562954,-177.03754560628897,754.8204567076884,757.645,6.0,26,1800.0,p2uhs0_1247_circuit_2_fire_baseline,p2uhs0_1247,circuit_2,fire_baseline,data,,,,,,summer,TX
TX_AUS_urban__TX,TX_AUS_urban,TX,170.842,-23.3453,156.85573992161022,-67.69982140038613,298.775,-10.3667,293.897863063232,-53.76380484922653,255.94,-12.9613,249.4191053953168,-57.4055177121489,700.1727083801591,-178.86914396176155,722.6589736674006,725.557,6.0,27,2700.0,p2uhs0_1247_circuit_2_fire_baseline,p2uhs0_1247,circuit_2,fire_baseline,data,,,,,,summer,TX
TX_AUS_urban__TX,TX_AUS_urban,TX,174.576,-22.8817,160.8385522223255,-67.88033511280177,307.378,-10.1189,302.59682086902075,-54.00369324371937,266.032,-12.2695,259.9555198544155,-56.53452680637346,723.3908929457618,-178.4185551628946,745.0688322720804,747.9859999999999,7.0,28,0.0,p2uhs0_1247_circuit_2_fire_baseline,p2uhs0_1247,circuit_2,fire_baseline,data,,,,,,summer,TX
TX_AUS_urban__TX,TX_AUS_urban,TX,175.436,-21.546,163.1770625069496,-64.4285369041007,303.302,-10.5961,298.1300542733948,-55.77251960367814,262.598,-12.2251,256.643123931717,-55.60590384634848,717.9502407120615,-175.8069603541273,739.1621171620368,741.336,7.0,29,900.0,p2uhs0_1247_circuit_2_fire_baseline,p2uhs0_1247,circuit_2,fire_baseline,data,,,,,,summer,TX
TX_AUS_urban__TX,TX_AUS_urban,TX,179.327,-20.5204,167.9482426893419,-62.86144053839294,303.005,-10.9622,297.47602324785294,-57.61983701506689,262.387,-12.4212,256.2452438105826,-56.438575402423794,721.6695097477775,-176.91985295588364,743.0393769306772,744.719,7.0,30,1800.0,p2uhs0_1247_circuit_2_fire_baseline,p2uhs0_1247,circuit_2,fire_baseline,data,,,,,,summer,TX
TX_AUS_urban__TX,TX_AUS_urban,TX,175.591,-22.2245,162.54615730834527,-66.41495332596926,302.406,-10.8747,296.9754279843563,-57.05246716407975,263.675,-12.3189,257.6039489214241,-56.255765260889525,717.1255342141258,-179.72318575093854,739.3033581138136,741.672,7.0,31,2700.0,p2uhs0_1247_circuit_2_fire_baseline,p2uhs0_1247,circuit_2,fire_baseline,data,,,,,,summer,TX
TX_AUS_urban__TX,TX_AUS_urban,TX,178.457,-20.778,166.85050627531294,-63.30726186364212,306.088,-9.86018,301.5666447562723,-52.415861286868974,266.148,-11.8301,260.4949693436648,-54.56307222511544,728.91212037525,-170.28619537562653,748.5387548854428,750.693,8.0,32,0.0,p2uhs0_1247_circuit_2_fire_baseline,p2uhs0_1247,circuit_2,fire_baseline,data,,,,,,summer,TX
TX_AUS_urban__TX,TX_AUS_urban,TX,177.805,-22.1692,164.6605099849173,-67.09347566274204,301.08,-10.745,295.8010653882019,-56.13284346267095,269.207,-11.581,263.72645043196445,-54.04413188826897,724.1880258050837,-177.27045101368196,745.5689837446693,748.092,8.0,33,900.0,p2uhs0_1247_circuit_2_fire_baseline,p2uhs0_1247,circuit_2,fire_baseline,data,,,,,,summer,TX
TX_AUS_urban__TX,TX_AUS_urban,TX,174.715,-21.1202,162.97879201614947,-62.95430547592988,298.869,-7.15243,296.5433262703222,-37.212025012531,270.256,-7.91174,267.6835087618848,-37.20006280809093,727.2056270483565,-137.36639329655182,740.0659092392355,743.84,8.0,34,1800.0,p2uhs0_1247_circuit_2_fire_baseline,p2uhs0_1247,circuit_2,fire_baseline,data,,,,,,summer,TX
TX_AUS_urban__TX,TX_AUS_urban,TX,182.684,-19.1257,172.6002165400763,-59.854900436963206,313.207,-5.64751,311.68673754760323,-30.8221103419526,274.545,-6.75485,272.63924699066735,-32.29238339549901,756.9262010783468,-122.96939417441482,766.8498847770146,770.4359999999999,8.0,35,2700.0,p2uhs0_1247_circuit_2_fire_baseline,p2uhs0_1247,circuit_2,fire_baseline,data,,,,,,summer,TX
TX_AUS_urban__TX,TX_AUS_urban,TX,175.461,-18.0602,166.81626653918786,-54.39573272717844,321.239,-5.95367,319.5062667393444,-33.32027363763525,276.006,-7.79565,273.45519157238704,-37.43755117671409,759.7777248509192,-125.1535575415278,770.016625888649,772.7059999999999,9.0,36,0.0,p2uhs0_1247_circuit_2_fire_baseline,p2uhs0_1247,circuit_2,fire_baseline,data,,,,,,summer,TX
TX_AUS_urban__TX,TX_AUS_urban,TX,190.347,-16.8111,182.21223257744023,-55.05163674355945,324.715,-6.15392,322.8438300342501,-34.80937565967247,278.445,-7.36792,276.1459129937157,-35.70788094898928,781.201975605406,-125.56889335222118,791.2294696657165,793.5070000000001,9.0,37,900.0,p2uhs0_1247_circuit_2_fire_baseline,p2uhs0_1247,circuit_2,fire_baseline,data,,,,,,summer,TX
TX_AUS_urban__TX,TX_AUS_urban,TX,206.425,-13.361,200.83777681354584,-47.701866101782144,328.282,-4.73112,327.16345629726226,-27.07663914944652,281.021,-6.68864,279.10830426254586,-32.73158921724015,807.109537373354,-107.51009446846882,814.2384329738118,815.7280000000001,9.0,38,1800.0,p2uhs0_1247_circuit_2_fire_baseline,p2uhs0_1247,circuit_2,fire_baseline,data,,,,,,summer,TX
TX_AUS_urban__TX,TX_AUS_urban,TX,187.527,-14.8707,181.2462418077717,-48.12666162906736,307.834,-4.35886,306.94361528801306,-23.39633710485996,258.003,-7.40749,255.84978877079743,-33.26309659274565,744.0396458665822,-104.78609532667296,751.3821400559635,753.364,9.0,39,2700.0,p2uhs0_1247_circuit_2_fire_baseline,p2uhs0_1247,circuit_2,fire_baseline,data,,,,,,summer,TX
TX_AUS_urban__TX,TX_AUS_urban,TX,203.079,-10.3263,199.78970104778813,-36.40268666232543,333.294,-1.60134,333.1638359452069,-9.31390649916667,282.567,-2.95049,282.19242524865865,-14.544573602556897,815.1459622416537,-60.261166764048994,817.370386042115,818.94,10.0,40,0.0,p2uhs0_1247_circuit_2_fire_baseline,p2uhs0_1247,circuit_2,fire_baseline,data,,,,,,summer,TX
TX_AUS_urban__TX,TX_AUS_urban,TX,209.387,-8.59415,207.0359281625808,-31.289618387872565,337.521,-0.814016,337.48693690418503,-4.79508707226998,287.036,-2.44592,286.7744952089095,-12.249660961640377,831.2973602756754,-48.33436642178292,832.7013343202359,833.944,10.0,41,900.0,p2uhs0_1247_circuit_2_fire_baseline,p2uhs0_1247,circuit_2,fire_baseline,data,,,,,,summer,TX
TX_AUS_urban__TX,TX_AUS_urban,TX,188.093,-13.42,182.95710627732203,-43.65402514807408,310.432,-3.45032,309.86929765307355,-18.682745943541445,267.039,-3.38001,266.5744746165589,-15.744110133811333,759.4008785469546,-78.08088122542685,763.4044264679277,765.564,10.0,42,1800.0,p2uhs0_1247_circuit_2_fire_baseline,p2uhs0_1247,circuit_2,fire_baseline,data,,,,,,summer,TX
TX_AUS_urban__TX,TX_AUS_urban,TX,182.746,-14.5311,176.90024641868536,-45.85197196422856,315.505,-2.40192,315.2278055957123,-13.222541522408068,272.483,-2.22569,272.2774398678722,-10.58210886341888,764.4054918822699,-69.65662235005551,767.5726682581873,770.7339999999999,10.0,43,2700.0,p2uhs0_1247_circuit_2_fire_baseline,p2uhs0_1247,circuit_2,fire_baseline,data,,,,,,summer,TX
TX_AUS_urban__TX,TX_AUS_urban,TX,181.058,-14.3657,175.39665405782978,-44.9223008016952,310.496,-2.3286,310.23960428912966,-12.615623112800668,271.418,-1.27372,271.3509353849512,-6.033290123312541,756.9871937319106,-63.57121403780841,759.651835203703,762.972,11.0,44,0.0,p2uhs0_1247_circuit_2_fire_baseline,p2uhs0_1247,circuit_2,fire_baseline,data,,,,,,summer,TX
TX_AUS_urban__TX,TX_AUS_urban,TX,183.278,-13.1699,178.45755607590027,-41.75794491371556,300.585,-2.44366,300.3116571171636,-12.816037786427806,263.233,-0.975466,263.1948513779263,-4.481349925112697,741.9640645709901,-59.055332625256064,744.3105571105276,747.096,11.0,45,900.0,p2uhs0_1247_circuit_2_fire_baseline,p2uhs0_1247,circuit_2,fire_baseline,data,,,,,,summer,TX
TX_AUS_urban__TX,TX_AUS_urban,TX,201.788,-7.62231,200.0049945175129,-26.76563304033061,298.419,-2.05192,298.2276512446402,-10.68492368270654,293.495,4.036,292.7671394633601,20.657131345892832,790.9997852255132,-16.79342537714432,791.1780326593413,793.702,11.0,46,1800.0,p2uhs0_1247_circuit_2_fire_baseline,p2uhs0_1247,circuit_2,fire_baseline,data,,,,,,summer,TX
TX_AUS_urban__TX,TX_AUS_urban,TX,196.427,-9.75461,193.58714290965668,-33.2803910595437,309.514,-1.11842,309.4550340775912,-6.041364087432877,262.465,-0.816903,262.4383234438832,-3.74200654245252,765.4805004311311,-43.0637616894291,766.6908660673732,768.406,11.0,47,2700.0,p2uhs0_1247_circuit_2_fire_baseline,p2uhs0_1247,circuit_2,fire_baseline,data,,,,,,summer,TX
TX_AUS_urban__TX,TX_AUS_urban,TX,184.516,-12.0796,180.430411462564,-38.613739464727445,296.621,-2.47645,296.34397551889225,-12.81662259170418,273.027,0.0471437,273.02690757751503,0.2246500813307151,749.8012945589712,-51.20571197510091,751.5477405070061,754.164,12.0,48,0.0,p2uhs0_1247_circuit_2_fire_baseline,p2uhs0_1247,circuit_2,fire_baseline,data,,,,,,summer,TX
TX_AUS_urban__TX,TX_AUS_urban,TX,165.341,-17.88,157.35529980138526,-50.76372627591644,278.938,-4.04833,278.2420091204791,-19.692440290608964,248.535,-3.20436,248.14641887727703,-13.892480821759907,683.7437277991414,-84.34864738828531,688.9268318340487,692.814,12.0,49,900.0,p2uhs0_1247_circuit_2_fire_baseline,p2uhs0_1247,circuit_2,fire_baseline,data,,,,,,summer,TX
TX_AUS_urban__TX,TX_AUS_urban,TX,168.913,-16.9411,161.5829880024282,-49.21930065743664,297.615,-1.88317,297.4542616474181,-9.78010494776747,274.191,0.52791,274.17936156353454,2.5262964221560136,733.2166112133809,-56.473109183048095,735.3882042975905,740.719,12.0,50,1800.0,p2uhs0_1247_circuit_2_fire_baseline,p2uhs0_1247,circuit_2,fire_baseline,data,,,,,,summer,TX
TX_AUS_urban__TX,TX_AUS_urban,TX,168.958,-13.5619,164.24696913047484,-39.61993053316529,282.318,0.45411,282.309132868153,2.2375484869731026,245.016,-0.799753,244.9921315680096,-3.419901425931476,691.5482335666374,-40.80228347212366,692.7508828472728,696.2919999999999,12.0,51,2700.0,p2uhs0_1247_circuit_2_fire_baseline,p2uhs0_1247,circuit_2,fire_baseline,data,,,,,,summer,TX
TX_AUS_urban__TX,TX_AUS_urban,TX,163.895,-10.5255,161.1372543208243,-29.939209992015314,338.357,10.7824,332.3832272423982,63.299681649502006,279.313,7.19642,277.1127203748364,34.98988675971624,770.6332019380588,68.35035841720293,773.6583893586787,781.565,13.0,52,0.0,p2uhs0_1247_circuit_2_fire_baseline,p2uhs0_1247,circuit_2,fire_baseline,data,,,,,,summer,TX
TX_AUS_urban__TX,TX_AUS_urban,TX,172.877,-9.13798,170.68297488207503,-27.455039872579786,323.967,6.71801,321.74261890173693,37.89860513596329,279.041,6.09929,277.4614216907472,29.64859447510773,769.8870154745591,40.09215973849123,770.9302159526637,775.885,13.0,53,900.0,p2uhs0_1247_circuit_2_fire_baseline,p2uhs0_1247,circuit_2,fire_baseline,data,,,,,,summer,TX
TX_AUS_urban__TX,TX_AUS_urban,TX,163.555,-12.725,159.53784796979434,-36.02656089840931,324.607,6.35086,322.6149373236318,35.9069166689254,267.713,4.50997,266.8840711427771,21.0509605305106,749.0368564362033,20.931316301026687,749.3292549353208,755.875,13.0,54,1800.0,p2uhs0_1247_circuit_2_fire_baseline,p2uhs0_1247,circuit_2,fire_baseline,data,,,,,,summer,TX
TX_AUS_urban__TX,TX_AUS_urban,TX,168.129,-12.3189,164.25787172925047,-35.87077105356251,307.873,6.028,306.17067608800005,32.33111864468869,252.242,1.72958,252.1270813618497,7.613238992385068,722.5556291791004,4.073586583511248,722.5671120152501,728.2439999999999,13.0,55,2700.0,p2uhs0_1247_circuit_2_fire_baseline,p2uhs0_1247,circuit_2,fire_baseline,data,,,,,,summer,TX
TX_AUS_urban__TX,TX_AUS_urban,TX,211.784,-3.98678,211.27150787850823,-14.724558218887768,325.976,6.59,323.8222148892504,37.41023550073091,289.432,4.52333,288.53050721993577,22.8260602690565,823.6242299876944,45.51173755089965,824.8807128777619,827.192,14.0,56,0.0,p2uhs0_1247_circuit_2_fire_baseline,p2uhs0_1247,circuit_2,fire_baseline,data,,,,,,summer,TX
TX_AUS_urban__TX,TX_AUS_urban,TX,198.285,-7.20796,196.71800904949887,-24.87903013787464,349.486,7.03431,346.8554173357728,42.799341827029394,306.199,5.43123,304.82432615554205,28.982025202178743,848.3977525408137,46.90233689133351,849.6932244770296,853.97,14.0,57,900.0,p2uhs0_1247_circuit_2_fire_baseline,p2uhs0_1247,circuit_2,fire_baseline,data,,,,,,summer,TX
TX_AUS_urban__TX,TX_AUS_urban,TX,177.489,-11.83,173.71916571282944,-36.3867638714754,311.402,3.46521,310.8326584586975,18.821903184819256,266.21,2.4464,265.9673735968444,11.363110577503972,750.5191977683714,-6.201750109152174,750.5448207291129,755.1009999999999,14.0,58,1800.0,p2uhs0_1247_circuit_2_fire_baseline,p2uhs0_1247,circuit_2,fire_baseline,data,,,,,,summer,TX
TX_AUS_urban__TX,TX_AUS_urban,TX,182.637,-10.8242,179.3875259528115,-34.2985320608533,304.892,2.72542,304.5471297312592,14.49749759274276,258.274,1.34833,258.20248818828014,6.077348877680327,742.1371438723509,-13.72368559043021,742.2640230141801,745.803,14.0,59,2700.0,p2uhs0_1247_circuit_2_fire_baseline,p2uhs0_1247,circuit_2,fire_baseline,data,,,,,,summer,TX
TX_AUS_urban__TX,TX_AUS_urban,TX,191.213,-11.2556,187.5352489102787,-37.32213532422561,325.235,3.80688,324.51736995400057,21.5935597606869,298.111,3.33895,297.6049427380321,17.36278718675636,809.6575616023115,1.634211623217649,809.6592108457917,814.559,15.0,60,0.0,p2uhs0_1247_circuit_2_fire_baseline,p2uhs0_1247,circuit_2,fire_baseline,data,,,,,,summer,TX
TX_AUS_urban__TX,TX_AUS_urban,TX,189.726,-12.3269,185.351952515073,-40.50442907695544,311.71,2.34621,311.4486945003158,12.760673730213092,291.355,2.32296,291.11557406741207,11.80925740261166,787.9162210828008,-15.934497944130689,788.0773310216025,792.7909999999999,15.0,61,900.0,p2uhs0_1247_circuit_2_fire_baseline,p2uhs0_1247,circuit_2,fire_baseline,data,,,,,,summer,TX
TX_AUS_urban__TX,TX_AUS_urban,TX,181.911,-12.8705,177.34066990011777,-40.520349460209246,292.251,1.53593,292.14599799692985,7.833444668716555,270.888,1.22662,270.8259248179411,5.798878383525046,740.3125927149887,-26.888026407967647,740.8007160475105,745.05,15.0,62,1800.0,p2uhs0_1247_circuit_2_fire_baseline,p2uhs0_1247,circuit_2,fire_baseline,data,,,,,,summer,TX
TX_AUS_urban__TX,TX_AUS_urban,TX,174.428,-13.0564,169.9187150168035,-39.40504372587739,316.792,2.12516,316.574112447387,11.74745045314757,250.038,-0.839076,250.0111882233745,-3.661585331028792,736.504015687565,-31.31917860375861,737.1696250336981,741.258,15.0,63,2700.0,p2uhs0_1247_circuit_2_fire_baseline,p2uhs0_1247,circuit_2,fire_baseline,data,,,,,,summer,TX
TX_AUS_urban__TX,TX_AUS_urban,TX,157.573,-18.047,149.82083514437625,-48.81565000736588,303.146,1.08156,303.0919911512851,5.722081435050991,261.832,0.824478,261.8048919603752,3.767594672504472,714.7177182560365,-39.32597389981042,715.7988188117411,722.551,16.0,64,0.0,p2uhs0_1247_circuit_2_fire_baseline,p2uhs0_1247,circuit_2,fire_baseline,data,,,,,,summer,TX
TX_AUS_urban__TX,TX_AUS_urban,TX,174.046,-12.4392,169.96029355801997,-37.49011509280383,314.803,2.44119,314.51730603519604,13.408691709590146,290.468,3.28239,289.99147618085834,16.63137897008789,774.4690757740743,-7.450044413125799,774.5049079845179,779.317,16.0,65,900.0,p2uhs0_1247_circuit_2_fire_baseline,p2uhs0_1247,circuit_2,fire_baseline,data,,,,,,summer,TX
TX_AUS_urban__TX,TX_AUS_urban,TX,156.411,-16.4539,150.0056477059641,-44.302444371774726,291.869,1.62436,291.7517134548413,8.273503318677774,274.089,2.50627,273.8268180392383,11.9855597910938,715.5841792000436,-24.04338126200315,715.9879899159694,722.369,16.0,66,1800.0,p2uhs0_1247_circuit_2_fire_baseline,p2uhs0_1247,circuit_2,fire_baseline,data,,,,,,summer,TX
TX_AUS_urban__TX,TX_AUS_urban,TX,178.233,-12.2685,174.1626121221743,-37.87329966851408,284.659,1.54141,284.5559946435031,7.657166149863855,276.661,2.88961,276.30922976372005,13.94698778875785,735.0278365293974,-16.269145729892372,735.2078655563113,739.553,16.0,67,2700.0,p2uhs0_1247_circuit_2_fire_baseline,p2uhs0_1247,circuit_2,fire_baseline,data,,,,,,summer,TX
TX_AUS_urban__TX,TX_AUS_urban,TX,169.325,-13.7711,164.45766358645224,-40.306730364609024,303.358,5.34017,302.0413330175985,28.23312439231944,284.284,4.59498,283.37028316559486,22.77444345424427,749.8692797696456,10.700837481954682,749.9456278058177,756.967,17.0,68,0.0,p2uhs0_1247_circuit_2_fire_baseline,p2uhs0_1247,circuit_2,fire_baseline,data,,,,,,summer,TX
TX_AUS_urban__TX,TX_AUS_urban,TX,152.788,-19.342,144.16440361944314,-50.60432464770472,289.151,4.27163,288.34777813328697,21.537401110550103,258.61,2.51982,258.3599429576129,11.369783416540375,690.872124710343,-17.697140120614236,691.0987494347189,700.549,17.0,69,900.0,p2uhs0_1247_circuit_2_fire_baseline,p2uhs0_1247,circuit_2,fire_baseline,data,,,,,,summer,TX
TX_AUS_urban__TX,TX_AUS_urban,TX,164.942,-17.5651,157.25152489701208,-49.7777187259962,301.117,3.5715,300.53218204887145,18.7578048274312,261.285,1.40048,261.2069502678335,6.385949951069456,718.990657213717,-24.633963947495538,719.4125362685718,727.344,17.0,70,1800.0,p2uhs0_1247_circuit_2_fire_baseline,p2uhs0_1247,circuit_2,fire_baseline,data,,,,,,summer,TX
TX_AUS_urban__TX,TX_AUS_urban,TX,153.518,-18.2315,145.81142600988767,-48.02920329302843,309.239,5.98347,307.55426925117627,32.23554848881831,276.415,3.52449,275.8921923170944,16.992658516766088,729.2578875781583,1.1990037125559674,729.25887324383,739.172,17.0,71,2700.0,p2uhs0_1247_circuit_2_fire_baseline,p2uhs0_1247,circuit_2,fire_baseline,data,,,,,,summer,TX
TX_AUS_urban__TX,TX_AUS_urban,TX,176.001,-13.0128,171.48125664224756,-39.62992078462469,300.695,7.80223,297.9113333444944,40.82058904407867,278.363,5.10893,277.25711903780604,24.78809617247473,746.649709024548,25.97876443192872,747.1015220087909,755.059,18.0,72,0.0,p2uhs0_1247_circuit_2_fire_baseline,p2uhs0_1247,circuit_2,fire_baseline,data,,,,,,summer,TX
TX_AUS_urban__TX,TX_AUS_urban,TX,164.805,-16.0612,158.3721215966167,-45.59560423973421,306.369,5.85368,304.77146743189843,31.24606855921715,268.08,2.55772,267.8129312764687,11.963287219883362,730.9565203049838,-2.386248460633695,730.9604153154164,739.254,18.0,73,900.0,p2uhs0_1247_circuit_2_fire_baseline,p2uhs0_1247,circuit_2,fire_baseline,data,,,,,,summer,TX
TX_AUS_urban__TX,TX_AUS_urban,TX,188.583,-13.0392,183.7205631419211,-42.54765055576371,350.652,4.21385,349.7040980020997,25.7656543588128,297.185,1.66403,297.05967335860714,8.629871903895376,830.4843345026279,-8.152124293055534,830.524344606925,836.4200000000001,18.0,74,1800.0,p2uhs0_1247_circuit_2_fire_baseline,p2uhs0_1247,circuit_2,fire_baseline,data,,,,,,summer,TX
TX_AUS_urban__TX,TX_AUS_urban,TX,194.62,-12.9664,189.65754331753385,-43.66876071928056,348.607,3.91541,347.7933337209505,23.80414813152444,285.436,0.604671,285.42010473634093,3.012292863613812,822.8709817748253,-16.852319724142312,823.0435306392667,828.663,18.0,75,2700.0,p2uhs0_1247_circuit_2_fire_baseline,p2uhs0_1247,circuit_2,fire_baseline,data,,,,,,summer,TX
TX_AUS_urban__TX,TX_AUS_urban,TX,184.479,-13.0436,179.71918410791696,-41.63551734498624,374.881,5.25924,373.3028103350839,34.3624207082154,328.203,3.31058,327.6552850072068,18.95319012319748,880.6772794502076,11.680093486426635,880.7547304009618,887.563,19.0,76,0.0,p2uhs0_1247_circuit_2_fire_baseline,p2uhs0_1247,circuit_2,fire_baseline,data,,,,,,summer,TX
TX_AUS_urban__TX,TX_AUS_urban,TX,200.326,-9.36865,197.65392750396947,-32.61029313354259,375.972,5.99183,373.917986132612,39.24645755392171,311.017,2.209,310.78587522433287,11.988079497791643,882.3577888609143,18.62424391817076,882.5543212885229,887.315,19.0,77,900.0,p2uhs0_1247_circuit_2_fire_baseline,p2uhs0_1247,circuit_2,fire_baseline,data,,,,,,summer,TX
TX_AUS_urban__TX,TX_AUS_urban,TX,221.518,-8.65297,218.9966185395681,-33.32724699453672,385.73,1.99835,385.49541121774257,13.45068139774252,350.261,1.87281,350.0739036589566,11.44683790308846,954.5659334162674,-8.42972769370574,954.6031539586804,957.509,19.0,78,1800.0,p2uhs0_1247_circuit_2_fire_baseline,p2uhs0_1247,circuit_2,fire_baseline,data,,,,,,summer,TX
TX_AUS_urban__TX,TX_AUS_urban,TX,211.766,-11.1686,207.75546006736363,-41.01838085783095,378.462,1.02059,378.40196034973,6.741056851960519,352.188,1.40722,352.08178118304346,8.649086828995017,938.239201600137,-25.62823717687541,938.58915717158,942.416,19.0,79,2700.0,p2uhs0_1247_circuit_2_fire_baseline,p2uhs0_1247,circuit_2,fire_baseline,data,,,,,,summer,TX
TX_AUS_urban__TX,TX_AUS_urban,TX,193.972,-14.3866,187.88928961652925,-48.19493366938068,372.485,-1.00324,372.4279005255665,-6.521819923821,315.139,-1.92596,314.960975192616,-10.591195717024412,875.2781653347117,-65.30794931022609,877.711225264213,881.596,20.0,80,0.0,p2uhs0_1247_circuit_2_fire_baseline,p2uhs0_1247,circuit_2,fire_baseline,data,,,,,,summer,TX
TX_AUS_urban__TX,TX_AUS_urban,TX,193.809,-15.3317,186.9115853700502,-51.24439223421854,402.345,-0.574449,402.324778067067,-4.033854023800645,320.925,-2.4739,320.62589401873555,-13.852498319312824,909.8622574558528,-69.13074457733201,912.4847326878828,917.079,20.0,81,900.0,p2uhs0_1247_circuit_2_fire_baseline,p2uhs0_1247,circuit_2,fire_baseline,data,,,,,,summer,TX
TX_AUS_urban__TX,TX_AUS_urban,TX,198.838,-13.3589,193.45781509299016,-45.94152830986825,378.687,-0.845435,378.6457752811616,-5.5875603556604245,339.107,-0.701652,339.0815727377829,-4.152647188439917,911.1851631119346,-55.68173585396858,912.884909056467,916.632,20.0,82,1800.0,p2uhs0_1247_circuit_2_fire_baseline,p2uhs0_1247,circuit_2,fire_baseline,data,,,,,,summer,TX
TX_AUS_urban__TX,TX_AUS_urban,TX,222.514,-10.7832,218.5848815150649,-41.63087518951583,405.072,-1.19082,404.9845150051488,-8.418300900086173,358.788,-0.277896,358.7837798645665,-1.740186798668867,982.3531763847802,-51.78936288827087,983.7173889190128,986.374,20.0,83,2700.0,p2uhs0_1247_circuit_2_fire_baseline,p2uhs0_1247,circuit_2,fire_baseline,data,,,,,,summer,TX
TX_AUS_urban__TX,TX_AUS_urban,TX,241.865,-9.49715,238.54995237883995,-39.907373316884666,429.12,-1.48491,428.9758948668573,-11.120072984429523,385.805,0.2342,385.8017769594609,1.576997121876973,1053.327624205158,-49.450449179437214,1054.4877575570667,1056.79,21.0,84,0.0,p2uhs0_1247_circuit_2_fire_baseline,p2uhs0_1247,circuit_2,fire_baseline,data,,,,,,summer,TX
TX_AUS_urban__TX,TX_AUS_urban,TX,214.271,-12.9127,208.8524475286524,-47.88232035199925,396.474,-2.21432,396.1779492530055,-15.318785907602871,367.366,-0.105932,367.3653721181647,-0.6792087178460615,972.3957688998224,-63.88031497744818,974.4917783213438,978.111,21.0,85,900.0,p2uhs0_1247_circuit_2_fire_baseline,p2uhs0_1247,circuit_2,fire_baseline,data,,,,,,summer,TX
TX_AUS_urban__TX,TX_AUS_urban,TX,205.448,-14.3141,199.0698499370347,-50.79444408640071,369.973,-3.35138,369.3402701983828,-21.628350348225503,329.051,-1.69573,328.9068981154532,-9.737195339052152,897.3170182508707,-82.15998977367836,901.0705272964176,904.472,21.0,86,1800.0,p2uhs0_1247_circuit_2_fire_baseline,p2uhs0_1247,circuit_2,fire_baseline,data,,,,,,summer,TX
TX_AUS_urban__TX,TX_AUS_urban,TX,175.812,-18.4391,166.78587948787097,-55.60872006670697,362.954,-3.10297,362.42186070588775,-19.646908115072385,334.135,-1.11637,334.07157663447003,-6.509985403933145,863.2793168282287,-81.7656135857125,867.1428915861915,872.9010000000001,21.0,87,2700.0,p2uhs0_1247_circuit_2_fire_baseline,p2uhs0_1247,circuit_2,fire_baseline,data,,,,,,summer,TX
TX_AUS_urban__TX,TX_AUS_urban,TX,186.629,-16.6714,178.78420219695423,-53.54057046575608,394.931,-2.32159,394.60684136645307,-15.99798449152113,307.234,-3.54885,306.6448438018966,-19.01763722733192,880.0358873653039,-88.55619218460912,884.4802780305931,888.7939999999999,22.0,88,0.0,p2uhs0_1247_circuit_2_fire_baseline,p2uhs0_1247,circuit_2,fire_baseline,data,,,,,,summer,TX
TX_AUS_urban__TX,TX_AUS_urban,TX,193.354,-12.515,188.7597755273752,-41.89888374234972,364.188,-2.61151,363.8097677384256,-16.593741052360933,299.264,-3.7126,298.6359653914919,-19.37787064389908,851.2055086572927,-77.87049543860974,854.7599850416343,856.806,22.0,89,900.0,p2uhs0_1247_circuit_2_fire_baseline,p2uhs0_1247,circuit_2,fire_baseline,data,,,,,,summer,TX
TX_AUS_urban__TX,TX_AUS_urban,TX,195.927,-12.2045,191.4989114482679,-41.41927381218132,365.41,-2.17673,365.1463291876765,-13.878990624861164,331.34,-1.16554,331.27144517982015,-6.739822584711046,887.9166858157646,-62.03808702175354,890.0813250435995,892.6769999999999,22.0,90,1800.0,p2uhs0_1247_circuit_2_fire_baseline,p2uhs0_1247,circuit_2,fire_baseline,data,,,,,,summer,TX
TX_AUS_urban__TX,TX_AUS_urban,TX,165.959,-19.5122,156.42803971455908,-55.43156205683121,329.455,-4.94943,328.2265396784671,-28.42420932408988,298.836,-2.54159,298.54203378232427,-13.2517531335881,783.1966131753504,-97.10752451450918,789.1937697464897,794.25,22.0,91,2700.0,p2uhs0_1247_circuit_2_fire_baseline,p2uhs0_1247,circuit_2,fire_baseline,data,,,,,,summer,TX
TX_AUS_urban__TX,TX_AUS_urban,TX,159.981,-21.0576,149.2974182723944,-57.48218209321665,332.574,-5.41706,331.088691066738,-31.396562291342104,294.852,-3.09288,294.4225135207046,-15.908659156274158,774.808622859837,-104.78740354083293,781.862393262898,787.4069999999999,23.0,92,0.0,p2uhs0_1247_circuit_2_fire_baseline,p2uhs0_1247,circuit_2,fire_baseline,data,,,,,,summer,TX
TX_AUS_urban__TX,TX_AUS_urban,TX,172.698,-17.8727,164.36372293198554,-53.001564014069416,351.139,-5.82828,349.323860105194,-35.65723043376824,304.719,-3.94246,303.99791326685863,-20.95083984940648,817.6854963040382,-109.60963429724414,824.999298664403,828.556,23.0,93,900.0,p2uhs0_1247_circuit_2_fire_baseline,p2uhs0_1247,circuit_2,fire_baseline,data,,,,,,summer,TX
TX_AUS_urban__TX,TX_AUS_urban,TX,167.492,-19.8387,157.55164398050118,-56.84232175977161,313.599,-5.82794,311.9781042804981,-31.84329208085528,260.831,-4.76763,259.92851824715115,-21.678929005843766,729.4582665081505,-110.36454284647066,737.7599168393376,741.922,23.0,94,1800.0,p2uhs0_1247_circuit_2_fire_baseline,p2uhs0_1247,circuit_2,fire_baseline,data,,,,,,summer,TX
TX_AUS_urban__TX,TX_AUS_urban,TX,158.687,-22.5964,146.50529108810147,-60.973466788355246,295.028,-8.37487,291.8819128681191,-42.970568118745234,277.927,-4.70805,276.9892366991334,-22.81184082513841,715.3764406553539,-126.75587573223888,726.5194449409939,731.642,23.0,95,2700.0,p2uhs0_1247_circuit_2_fire_baseline,p2uhs0_1247,circuit_2,fire_baseline,data,,,,,,summer,TX
TX_AUS_urban__TX,TX_AUS_urban,TX,163.646,-18.3951,155.2841808024058,-51.641422409977686,336.483,-5.85229,334.72927323128795,-34.309225159624184,277.941,-3.97803,277.2713636862335,-19.28186610721124,767.2848177199272,-105.23251367681311,774.4674773276425,778.0699999999999,24.0,96,0.0,p2uhs0_1247_circuit_2_fire_baseline,p2uhs0_1247,circuit_2,fire_baseline,data,,,,,,summer,TX
TX_AUS_urban__TX,TX_AUS_urban,TX,,,,,,,,,,,,,,,,,,0,,p2uhs0_1247_circuit_2_fire_baseline,p2uhs0_1247,circuit_2,fire_baseline,summary,498.0,46.0,0.0,0.0,75.0,summer,TX
TX_AUS_urban__TX,TX_AUS_urban,TX,223.179,-1.18988,223.13087521661384,-4.634497391078225,370.939,5.28424,369.3625345959059,34.16225633485343,339.607,3.18112,339.0837009915457,18.84564063320797,931.5771108040656,48.37339957698318,932.8321923908312,933.725,0.0,1,900.0,p2uhs0_1247_circuit_2_fire_mixed,p2uhs0_1247,circuit_2,fire_mixed,data,,,,,,summer,TX
TX_AUS_urban__TX,TX_AUS_urban,TX,216.682,-0.627705,216.66899667529728,-2.373816277644248,363.872,4.96325,362.5076239486652,31.48102544538755,319.54,3.09328,319.0744321860349,17.24292101586613,898.2510528099974,46.35013018360944,899.446100910058,900.094,0.0,2,1800.0,p2uhs0_1247_circuit_2_fire_mixed,p2uhs0_1247,circuit_2,fire_mixed,data,,,,,,summer,TX
TX_AUS_urban__TX,TX_AUS_urban,TX,209.912,-1.97979,209.7866982758262,-7.251825323838455,339.664,3.76543,338.930758393394,22.306364806458323,319.844,2.25805,319.5956444646389,12.601919505857644,868.313101133859,27.65645898847751,868.7534295325001,869.4200000000001,0.0,3,2700.0,p2uhs0_1247_circuit_2_fire_mixed,p2uhs0_1247,circuit_2,fire_mixed,data,,,,,,summer,TX
TX_AUS_urban__TX,TX_AUS_urban,TX,199.772,-2.42102,199.593683516,-8.43880824019948,350.125,4.26015,349.1576190026481,26.009089130564288,295.982,3.11619,295.54434606080105,16.089867479053474,844.2956485794491,33.66014836941828,844.9663589743936,845.8789999999999,1.0,4,0.0,p2uhs0_1247_circuit_2_fire_mixed,p2uhs0_1247,circuit_2,fire_mixed,data,,,,,,summer,TX
TX_AUS_urban__TX,TX_AUS_urban,TX,226.341,1.20998,226.29053059170843,4.779544489077918,384.146,5.44511,382.4125653300942,36.45242370071494,314.884,3.96781,314.1292493467894,21.78871636472925,922.832345268592,63.02068455452211,924.9816993625606,925.371,1.0,5,900.0,p2uhs0_1247_circuit_2_fire_mixed,p2uhs0_1247,circuit_2,fire_mixed,data,,,,,,summer,TX
TX_AUS_urban__TX,TX_AUS_urban,TX,210.26,-1.43739,210.193838116511,-5.274278893835715,382.389,4.55314,381.1822325783346,30.355442470773465,280.357,1.1882,280.2967163312083,5.813627348065088,871.6727870260538,30.89479092500284,872.2201188622445,873.0060000000001,1.0,6,1800.0,p2uhs0_1247_circuit_2_fire_mixed,p2uhs0_1247,circuit_2,fire_mixed,data,,,,,,summer,TX
TX_AUS_urban__TX,TX_AUS_urban,TX,230.326,1.17897,230.2772406520114,4.739062533417269,386.161,4.65559,384.8868996352168,31.343139762801783,302.597,2.16708,302.3805849439266,11.442301253191236,917.5447252311548,47.52450354941029,918.7746738113394,919.084,1.0,7,2700.0,p2uhs0_1247_circuit_2_fire_mixed,p2uhs0_1247,circuit_2,fire_mixed,data,,,,,,summer,TX
TX_AUS_urban__TX,TX_AUS_urban,TX,233.248,-0.10975,233.2475720908303,-0.4467860034927929,419.346,4.82278,417.8613102469717,35.25610748060619,329.324,3.35463,328.7596957691948,19.27068794170308,979.8685781069968,54.08000941881647,981.3598105588832,981.918,2.0,8,0.0,p2uhs0_1247_circuit_2_fire_mixed,p2uhs0_1247,circuit_2,fire_mixed,data,,,,,,summer,TX
TX_AUS_urban__TX,TX_AUS_urban,TX,219.409,-0.836368,219.38562421081343,-3.202681787462712,402.77,5.20966,401.1061989846402,36.571710871849945,312.914,2.96565,312.4949242211724,16.189309188588307,932.986747416626,49.55833827297555,934.3020388222612,935.093,2.0,9,900.0,p2uhs0_1247_circuit_2_fire_mixed,p2uhs0_1247,circuit_2,fire_mixed,data,,,,,,summer,TX
TX_AUS_urban__TX,TX_AUS_urban,TX,197.046,-5.32428,196.19583818994795,-18.284397527503067,376.513,3.34864,375.87013762056176,21.99269910902141,297.456,1.09049,297.40212618410817,5.66103145829409,869.4681019946179,9.369333039812435,869.5185821980656,871.015,2.0,10,1800.0,p2uhs0_1247_circuit_2_fire_mixed,p2uhs0_1247,circuit_2,fire_mixed,data,,,,,,summer,TX
TX_AUS_urban__TX,TX_AUS_urban,TX,198.154,-4.89221,197.43210523491112,-16.89886204781202,371.534,3.5414,370.8245284240011,22.949559366515288,293.719,1.10881,293.6640006579192,5.683808457858655,861.9206343168314,11.734505776561925,862.0005095630451,863.4069999999999,2.0,11,2700.0,p2uhs0_1247_circuit_2_fire_mixed,p2uhs0_1247,circuit_2,fire_mixed,data,,,,,,summer,TX
TX_AUS_urban__TX,TX_AUS_urban,TX,202.288,-4.00734,201.7934272359768,-14.136748860985026,385.796,4.80031,384.4427844558429,32.28465728234256,303.163,2.11064,302.95732564117856,11.165276948866143,889.1935373329982,29.313185370223675,889.6765758809878,891.2470000000001,3.0,12,0.0,p2uhs0_1247_circuit_2_fire_mixed,p2uhs0_1247,circuit_2,fire_mixed,data,,,,,,summer,TX
TX_AUS_urban__TX,TX_AUS_urban,TX,200.019,-3.02975,199.7394185330621,-10.57189883957571,346.965,4.05994,346.09430126653,24.56513496466828,288.225,2.44437,287.96274462035234,12.292613054746989,833.7964644199444,26.285849179839555,834.2106987723814,835.209,3.0,13,900.0,p2uhs0_1247_circuit_2_fire_mixed,p2uhs0_1247,circuit_2,fire_mixed,data,,,,,,summer,TX
TX_AUS_urban__TX,TX_AUS_urban,TX,195.302,-3.19214,194.99897186624528,-10.875301150187733,340.479,4.39601,339.47734224833886,26.097577301431784,267.079,1.65297,266.96786155868267,7.704098635405884,801.4441756732668,22.926374786649934,801.7720283107038,802.8599999999999,3.0,14,1800.0,p2uhs0_1247_circuit_2_fire_mixed,p2uhs0_1247,circuit_2,fire_mixed,data,,,,,,summer,TX
TX_AUS_urban__TX,TX_AUS_urban,TX,205.537,-2.19809,205.3857649593804,-7.88326842433773,392.492,6.4361,390.0183149963698,43.996409301129205,298.917,2.78824,298.56312494330035,14.54074664834048,893.9672048990506,50.65388752513196,895.4011278507693,896.9459999999999,3.0,15,2700.0,p2uhs0_1247_circuit_2_fire_mixed,p2uhs0_1247,circuit_2,fire_mixed,data,,,,,,summer,TX
TX_AUS_urban__TX,TX_AUS_urban,TX,200.001,-1.48391,199.9339269965751,-5.179269903005597,352.164,6.01203,350.22707205459994,36.88469731558125,277.781,1.74373,277.6523670486473,8.452634694769623,827.8133660998224,40.15806210734527,828.7868477755519,829.9459999999999,4.0,16,0.0,p2uhs0_1247_circuit_2_fire_mixed,p2uhs0_1247,circuit_2,fire_mixed,data,,,,,,summer,TX
TX_AUS_urban__TX,TX_AUS_urban,TX,202.962,-1.52799,202.88983032364328,-5.412041688978069,353.088,5.86162,351.2418618378998,36.05953738812695,284.099,1.85993,283.9493249176264,9.220774361418558,838.0810170791696,39.86827006056744,839.0287659824767,840.1489999999999,4.0,17,900.0,p2uhs0_1247_circuit_2_fire_mixed,p2uhs0_1247,circuit_2,fire_mixed,data,,,,,,summer,TX
TX_AUS_urban__TX,TX_AUS_urban,TX,208.631,-0.890282,208.6058145319236,-3.2416515038973013,360.349,6.37447,358.1211383860636,40.00814969565465,281.261,1.88742,281.1084078865893,9.263538010227856,847.8353608045763,46.030036201985205,849.0839553680086,850.241,4.0,18,1800.0,p2uhs0_1247_circuit_2_fire_mixed,p2uhs0_1247,circuit_2,fire_mixed,data,,,,,,summer,TX
TX_AUS_urban__TX,TX_AUS_urban,TX,213.746,0.0628016,213.74587160027045,0.2342858098759625,369.147,6.81979,366.5351196220535,43.835073772573125,293.256,2.86841,292.8885794922158,14.675201498853925,873.1695707145398,58.74456108130301,875.1434297750561,876.149,4.0,19,2700.0,p2uhs0_1247_circuit_2_fire_mixed,p2uhs0_1247,circuit_2,fire_mixed,data,,,,,,summer,TX
TX_AUS_urban__TX,TX_AUS_urban,TX,216.515,-0.314871,216.5117305329662,-1.1898599162201284,371.449,6.52484,369.0430075259191,42.20921933919656,290.635,2.62753,290.32944323299705,13.323573732971612,875.8841812918823,54.34293315594804,877.5683753539338,878.5989999999999,5.0,20,0.0,p2uhs0_1247_circuit_2_fire_mixed,p2uhs0_1247,circuit_2,fire_mixed,data,,,,,,summer,TX
TX_AUS_urban__TX,TX_AUS_urban,TX,219.691,0.182128,219.68989008409065,0.6983379125959271,377.826,6.81219,375.1586597180293,44.815915862246186,294.301,3.05928,293.8815774757086,15.706591654113913,888.7301272778285,61.220845428956025,890.8362537786062,891.818,5.0,21,900.0,p2uhs0_1247_circuit_2_fire_mixed,p2uhs0_1247,circuit_2,fire_mixed,data,,,,,,summer,TX
TX_AUS_urban__TX,TX_AUS_urban,TX,227.814,0.407298,227.8082439060309,1.619445723181822,383.014,6.86826,380.26539252771545,45.80344355769007,299.956,2.78933,299.6006172754357,14.596988188592864,907.674253709182,62.019877469464745,909.790644075794,910.784,5.0,22,1800.0,p2uhs0_1247_circuit_2_fire_mixed,p2uhs0_1247,circuit_2,fire_mixed,data,,,,,,summer,TX
TX_AUS_urban__TX,TX_AUS_urban,TX,228.291,0.833125,228.26686617209904,3.31941093705192,390.194,7.36559,386.97424944739294,50.02287377417398,301.05,3.08555,300.6135609664014,16.20461240201963,915.8546765858936,69.54689711324554,918.4914586006404,919.535,5.0,23,2700.0,p2uhs0_1247_circuit_2_fire_mixed,p2uhs0_1247,circuit_2,fire_mixed,data,,,,,,summer,TX
TX_AUS_urban__TX,TX_AUS_urban,TX,235.892,1.96343,235.75350748673785,8.082040070467523,389.958,7.96472,386.1963002356386,54.03387315660888,305.131,3.66198,304.50798979044407,19.48874841499099,926.4577975128204,81.60466164206738,930.0448222392416,930.981,6.0,24,0.0,p2uhs0_1247_circuit_2_fire_mixed,p2uhs0_1247,circuit_2,fire_mixed,data,,,,,,summer,TX
TX_AUS_urban__TX,TX_AUS_urban,TX,234.661,1.65879,234.5626627319652,6.792803036326797,395.426,7.81553,391.752895170432,53.77165239775021,319.069,5.12758,317.7921368163801,28.516390702176707,944.1076947187772,89.08084613625371,948.3009735181944,949.156,6.0,25,900.0,p2uhs0_1247_circuit_2_fire_mixed,p2uhs0_1247,circuit_2,fire_mixed,data,,,,,,summer,TX
TX_AUS_urban__TX,TX_AUS_urban,TX,247.924,0.736789,247.9035014287536,3.188064516909238,439.31,6.74805,436.26666092573504,51.62050624228456,343.42,3.6892,342.70835291803235,22.097086690543406,1026.8785152725209,76.90565744973719,1029.7543227761043,1030.654,6.0,26,1800.0,p2uhs0_1247_circuit_2_fire_mixed,p2uhs0_1247,circuit_2,fire_mixed,data,,,,,,summer,TX
TX_AUS_urban__TX,TX_AUS_urban,TX,251.769,1.17224,251.7163079714631,5.150695313793943,459.281,7.67379,455.167857616843,61.32909875005,343.545,3.5929,342.8697628744284,21.528881332602307,1049.7539284627346,88.00867539644625,1053.4366792873604,1054.595,6.0,27,2700.0,p2uhs0_1247_circuit_2_fire_mixed,p2uhs0_1247,circuit_2,fire_mixed,data,,,,,,summer,TX
TX_AUS_urban__TX,TX_AUS_urban,TX,266.368,2.21449,266.1690700506656,10.292597940455671,457.684,8.0028,453.226737395334,63.71945045259695,370.312,5.4828,368.6177952292092,35.3821760828361,1088.0136026752089,109.39422447588872,1093.4992894167642,1094.364,7.0,28,0.0,p2uhs0_1247_circuit_2_fire_mixed,p2uhs0_1247,circuit_2,fire_mixed,data,,,,,,summer,TX
TX_AUS_urban__TX,TX_AUS_urban,TX,252.353,1.0312,252.3121297497344,4.541562523318827,434.858,7.32379,431.3102536693182,55.4341523224484,349.343,4.46392,348.28328300470685,27.189822148430448,1031.9056664237594,87.16553699419768,1035.580578823758,1036.554,7.0,29,900.0,p2uhs0_1247_circuit_2_fire_mixed,p2uhs0_1247,circuit_2,fire_mixed,data,,,,,,summer,TX
TX_AUS_urban__TX,TX_AUS_urban,TX,259.342,0.573252,259.3290196880557,2.594708390551722,436.828,6.5374,433.9876352482653,49.73363083084389,351.747,3.19852,351.1990505519553,19.625975145331186,1044.515705488276,71.9543143667268,1046.9911567762438,1047.917,7.0,30,1800.0,p2uhs0_1247_circuit_2_fire_mixed,p2uhs0_1247,circuit_2,fire_mixed,data,,,,,,summer,TX
TX_AUS_urban__TX,TX_AUS_urban,TX,284.693,2.21415,284.4804497797719,10.998997322423392,455.761,7.18551,452.1816199773292,57.007645765092775,383.97,4.43584,382.8198437515589,29.69727479133536,1119.48191350866,97.70391787885151,1123.7374294032784,1124.424,7.0,31,2700.0,p2uhs0_1247_circuit_2_fire_mixed,p2uhs0_1247,circuit_2,fire_mixed,data,,,,,,summer,TX
TX_AUS_urban__TX,TX_AUS_urban,TX,263.226,-0.24699,263.2235542526508,-1.1347081571104447,437.819,5.90047,435.4994234985107,45.008098087620255,357.689,3.25996,357.11018776515044,20.34046497352023,1055.833165516312,64.21385490403004,1057.7840481713797,1058.7340000000002,8.0,32,0.0,p2uhs0_1247_circuit_2_fire_mixed,p2uhs0_1247,circuit_2,fire_mixed,data,,,,,,summer,TX
TX_AUS_urban__TX,TX_AUS_urban,TX,286.152,1.43005,286.06287461391656,7.141349425889764,455.659,6.52446,452.7078961599351,51.775332306470204,394.315,5.41654,392.5542873801,37.22164268946052,1131.3250581539517,96.1383244218205,1135.402556201842,1136.126,8.0,33,900.0,p2uhs0_1247_circuit_2_fire_mixed,p2uhs0_1247,circuit_2,fire_mixed,data,,,,,,summer,TX
TX_AUS_urban__TX,TX_AUS_urban,TX,314.496,4.02526,313.72020119358604,22.07644398574837,479.43,8.57446,474.0713817655131,71.48041613573021,391.483,6.22965,389.1712702808036,42.481309737645006,1176.9628532399026,136.03816985912357,1184.7986924221482,1185.409,8.0,34,1800.0,p2uhs0_1247_circuit_2_fire_mixed,p2uhs0_1247,circuit_2,fire_mixed,data,,,,,,summer,TX
TX_AUS_urban__TX,TX_AUS_urban,TX,306.123,4.08008,305.3471557876626,21.780853550420964,496.831,9.77409,489.619383257087,84.34395117582375,397.787,7.40949,394.4654054132626,51.29855067300007,1189.4319444580124,157.4233553992448,1199.8043437670683,1200.741,8.0,35,2700.0,p2uhs0_1247_circuit_2_fire_mixed,p2uhs0_1247,circuit_2,fire_mixed,data,,,,,,summer,TX
TX_AUS_urban__TX,TX_AUS_urban,TX,298.757,3.493,298.201984021554,18.20224641655145,497.665,8.45475,492.2565206519566,73.17082820789899,424.011,7.37221,420.50591946107727,54.40679938384556,1210.9644241345875,145.779874008296,1219.7075912633684,1220.433,9.0,36,0.0,p2uhs0_1247_circuit_2_fire_mixed,p2uhs0_1247,circuit_2,fire_mixed,data,,,,,,summer,TX
TX_AUS_urban__TX,TX_AUS_urban,TX,272.314,1.34162,272.2393492950643,6.375836525507283,456.003,6.6582,452.9274887186037,52.87178805430266,370.66,4.82295,369.34759001358975,31.16397521423149,1094.5144280272575,90.41159979404144,1098.2422731515817,1098.977,9.0,37,900.0,p2uhs0_1247_circuit_2_fire_mixed,p2uhs0_1247,circuit_2,fire_mixed,data,,,,,,summer,TX
TX_AUS_urban__TX,TX_AUS_urban,TX,267.967,1.22681,267.90557515407096,5.737237171881378,465.319,7.93487,460.8638644531566,64.23605064371962,369.347,5.62775,367.56675523139313,36.21997870878893,1096.3361948386207,106.19326652438993,1101.4672314546383,1102.633,9.0,38,1800.0,p2uhs0_1247_circuit_2_fire_mixed,p2uhs0_1247,circuit_2,fire_mixed,data,,,,,,summer,TX
TX_AUS_urban__TX,TX_AUS_urban,TX,259.876,0.339523,259.8714372356312,1.5399626902612202,418.448,7.14129,415.2019345200089,52.02001802039468,372.342,6.06334,370.259019194972,39.329679235627744,1045.332390950612,92.88965994628364,1049.451426458347,1050.666,9.0,39,2700.0,p2uhs0_1247_circuit_2_fire_mixed,p2uhs0_1247,circuit_2,fire_mixed,data,,,,,,summer,TX
TX_AUS_urban__TX,TX_AUS_urban,TX,281.261,2.39821,281.0146541400632,11.769208959853,447.672,8.41825,442.8486708651291,65.53834218980955,386.342,7.09255,383.3857114137722,47.70259162514937,1107.2490364189646,125.01014277481192,1114.2836104185076,1115.275,10.0,40,0.0,p2uhs0_1247_circuit_2_fire_mixed,p2uhs0_1247,circuit_2,fire_mixed,data,,,,,,summer,TX
TX_AUS_urban__TX,TX_AUS_urban,TX,259.272,0.432069,259.2646280137801,1.9551585296930647,467.311,8.03915,462.7186138137146,65.353310178708,340.154,3.84812,339.3871078746572,22.82837542349004,1061.370349702152,90.13684413189112,1065.1909077235523,1066.737,10.0,41,900.0,p2uhs0_1247_circuit_2_fire_mixed,p2uhs0_1247,circuit_2,fire_mixed,data,,,,,,summer,TX
TX_AUS_urban__TX,TX_AUS_urban,TX,231.902,-0.912859,231.87256747983744,-3.694597990070892,398.787,5.90703,396.6695197227604,41.04099769638396,339.193,6.0338,337.31389070959165,35.65431787817086,965.8559779121896,73.00071758448394,968.6107963658887,969.882,10.0,42,1800.0,p2uhs0_1247_circuit_2_fire_mixed,p2uhs0_1247,circuit_2,fire_mixed,data,,,,,,summer,TX
TX_AUS_urban__TX,TX_AUS_urban,TX,272.787,2.67175,272.4904749768799,12.715675989674146,421.142,7.55926,417.48199393822426,55.40188535929506,402.499,9.08262,397.4523615638057,63.53790434342208,1087.4248304789098,131.6554656923913,1095.3656574809922,1096.428,10.0,43,2700.0,p2uhs0_1247_circuit_2_fire_mixed,p2uhs0_1247,circuit_2,fire_mixed,data,,,,,,summer,TX
TX_AUS_urban__TX,TX_AUS_urban,TX,255.334,0.648491,255.317645523073,2.889885906821437,412.311,6.09849,409.97762663188126,43.80304078816598,368.186,7.4662,365.064404598575,47.8425656825374,1030.3596767535294,94.53549237752482,1034.6874034212935,1035.831,11.0,44,0.0,p2uhs0_1247_circuit_2_fire_mixed,p2uhs0_1247,circuit_2,fire_mixed,data,,,,,,summer,TX
TX_AUS_urban__TX,TX_AUS_urban,TX,243.181,0.441373,243.1737845444243,1.873304924969241,373.741,5.11722,372.2513818521152,33.33532346011819,344.257,7.81978,341.05572967064046,46.83877995664516,956.48089606718,82.04740834173259,959.9934800596671,961.179,11.0,45,900.0,p2uhs0_1247_circuit_2_fire_mixed,p2uhs0_1247,circuit_2,fire_mixed,data,,,,,,summer,TX
TX_AUS_urban__TX,TX_AUS_urban,TX,270.546,4.43645,269.73537490583124,20.927628638014905,377.504,6.71234,374.9163983427715,44.12441806623931,371.392,10.6787,364.9601409266009,68.81942457501091,1009.6119141752037,133.8714712792651,1018.448716463914,1019.442,11.0,46,1800.0,p2uhs0_1247_circuit_2_fire_mixed,p2uhs0_1247,circuit_2,fire_mixed,data,,,,,,summer,TX
TX_AUS_urban__TX,TX_AUS_urban,TX,226.847,-0.986483,226.81337778954887,-3.905517212269507,354.308,4.46941,353.2305779513323,27.610100763447985,317.275,7.388,314.6410196015379,40.7977255383757,894.6849753424192,64.50230908955417,897.0071086570885,898.43,11.0,47,2700.0,p2uhs0_1247_circuit_2_fire_mixed,p2uhs0_1247,circuit_2,fire_mixed,data,,,,,,summer,TX
TX_AUS_urban__TX,TX_AUS_urban,TX,223.363,-1.46769,223.28972077023224,-5.721046001536871,359.682,5.74829,357.8733419165481,36.02516161631292,326.137,8.22858,322.7794072924237,46.67758559471181,903.942469979204,76.98170120948785,907.2145123140454,909.182,12.0,48,0.0,p2uhs0_1247_circuit_2_fire_mixed,p2uhs0_1247,circuit_2,fire_mixed,data,,,,,,summer,TX
TX_AUS_urban__TX,TX_AUS_urban,TX,195.126,-5.41155,194.25631824734307,-18.40213838082335,332.786,4.94676,331.5464567705106,28.696146063886847,279.952,5.41197,278.70405297332235,26.404036817190143,804.5068279911761,36.69804450025365,805.3433943074014,807.864,12.0,49,900.0,p2uhs0_1247_circuit_2_fire_mixed,p2uhs0_1247,circuit_2,fire_mixed,data,,,,,,summer,TX
TX_AUS_urban__TX,TX_AUS_urban,TX,196.059,-6.24152,194.8968485255426,-21.31548535247785,335.363,4.69539,334.23751383667303,27.45225151567348,299.861,7.39342,297.36793977528265,38.5866261132517,826.5023021374982,44.72339227644732,827.7114456471514,831.283,12.0,50,1800.0,p2uhs0_1247_circuit_2_fire_mixed,p2uhs0_1247,circuit_2,fire_mixed,data,,,,,,summer,TX
TX_AUS_urban__TX,TX_AUS_urban,TX,216.147,-2.28362,215.9753419657059,-8.612622817493396,326.284,3.61267,325.63561462061455,20.55955122697494,279.337,4.767,278.3707422944789,23.21399154434248,819.9816988807993,35.16091995382402,820.7352050396285,821.768,12.0,51,2700.0,p2uhs0_1247_circuit_2_fire_mixed,p2uhs0_1247,circuit_2,fire_mixed,data,,,,,,summer,TX
TX_AUS_urban__TX,TX_AUS_urban,TX,212.797,-4.18599,212.229333287246,-15.53297464914787,338.576,2.80562,338.1701628252078,16.57253000517581,290.228,5.47216,288.90533008548573,27.67674533243655,839.3048261979395,28.71630068846449,839.7959378351289,841.6010000000001,13.0,52,0.0,p2uhs0_1247_circuit_2_fire_mixed,p2uhs0_1247,circuit_2,fire_mixed,data,,,,,,summer,TX
TX_AUS_urban__TX,TX_AUS_urban,TX,197.482,-5.86243,196.4491704057513,-20.17086440616981,312.105,0.880104,312.0681799040404,4.793966664410502,262.068,3.31731,261.62887362067096,15.164732506015117,770.1462239304626,-0.2121652357441945,770.1462531548391,771.655,13.0,53,900.0,p2uhs0_1247_circuit_2_fire_mixed,p2uhs0_1247,circuit_2,fire_mixed,data,,,,,,summer,TX
TX_AUS_urban__TX,TX_AUS_urban,TX,200.136,-4.96792,199.38415721085047,-17.331368939551794,320.575,2.83299,320.1832076145487,15.8443739749735,253.704,3.05342,253.34381770732665,13.514053628606492,772.9111825327259,12.027058664028198,773.0047517475198,774.415,13.0,54,1800.0,p2uhs0_1247_circuit_2_fire_mixed,p2uhs0_1247,circuit_2,fire_mixed,data,,,,,,summer,TX
TX_AUS_urban__TX,TX_AUS_urban,TX,214.57,-0.245876,214.5680242801977,-0.9207912317606884,311.61,7.79503,308.7306017921163,42.26354950873992,254.435,5.74374,253.1575985541293,25.46369021383778,776.4562246264434,66.806448490817,779.3249452706528,780.615,13.0,55,2700.0,p2uhs0_1247_circuit_2_fire_mixed,p2uhs0_1247,circuit_2,fire_mixed,data,,,,,,summer,TX
TX_AUS_urban__TX,TX_AUS_urban,TX,212.67,-0.929629,212.64200755913205,-3.4504378304828767,294.563,5.29189,293.3075026576972,27.16744105919637,255.297,4.80978,254.3979873136478,21.40612668758864,760.3474975304771,45.12312991630213,761.6852459213729,762.53,14.0,56,0.0,p2uhs0_1247_circuit_2_fire_mixed,p2uhs0_1247,circuit_2,fire_mixed,data,,,,,,summer,TX
TX_AUS_urban__TX,TX_AUS_urban,TX,176.556,-8.12906,174.78197701891025,-24.96560925275281,250.36,2.3072,250.15704419271967,10.078831319239368,246.216,3.37731,245.7883808837009,14.50484327970416,670.7274020953308,-0.3819346538092798,670.7275108385159,673.1320000000001,14.0,57,900.0,p2uhs0_1247_circuit_2_fire_mixed,p2uhs0_1247,circuit_2,fire_mixed,data,,,,,,summer,TX
TX_AUS_urban__TX,TX_AUS_urban,TX,168.569,-9.75262,166.1328937556172,-28.554673407076496,276.18,2.75262,275.86134117253295,13.263214033235132,238.918,2.16503,238.74745076683664,9.025822751245954,680.7416856949868,-6.2656366225954105,680.7705199589202,683.667,14.0,58,1800.0,p2uhs0_1247_circuit_2_fire_mixed,p2uhs0_1247,circuit_2,fire_mixed,data,,,,,,summer,TX
TX_AUS_urban__TX,TX_AUS_urban,TX,166.825,-10.6805,163.93491189915164,-30.91804142596,262.234,0.902374,262.2014779503028,4.129856738058662,226.911,0.190954,226.9097398059997,0.7562421394589549,653.0461296554541,-26.03194254844238,653.5647706928622,655.97,14.0,59,2700.0,p2uhs0_1247_circuit_2_fire_mixed,p2uhs0_1247,circuit_2,fire_mixed,data,,,,,,summer,TX
TX_AUS_urban__TX,TX_AUS_urban,TX,154.141,-14.9428,148.92852652357814,-39.74596669494751,252.032,0.750305,252.0103902421621,3.30033846645682,211.045,-3.05813,210.7444556359665,-11.259060515875202,611.6833724017067,-47.704688744365896,613.540777292693,617.218,15.0,60,0.0,p2uhs0_1247_circuit_2_fire_mixed,p2uhs0_1247,circuit_2,fire_mixed,data,,,,,,summer,TX
TX_AUS_urban__TX,TX_AUS_urban,TX,153.898,-15.2966,148.44586714275067,-40.60072575997646,237.872,-1.09018,237.82894224504668,-4.52577226584145,224.227,-0.791832,224.2055872803436,-3.0987354317886937,610.480396668141,-48.225233457606606,612.3822236627476,615.997,15.0,61,900.0,p2uhs0_1247_circuit_2_fire_mixed,p2uhs0_1247,circuit_2,fire_mixed,data,,,,,,summer,TX
TX_AUS_urban__TX,TX_AUS_urban,TX,182.13,-8.26325,180.2391585422472,-26.175993352358137,274.502,3.17635,274.0802882287467,15.209983841119564,251.936,2.24828,251.742063284226,9.883403735594682,706.0615100552199,-1.0826057756438914,706.0623400357243,708.568,15.0,62,1800.0,p2uhs0_1247_circuit_2_fire_mixed,p2uhs0_1247,circuit_2,fire_mixed,data,,,,,,summer,TX
TX_AUS_urban__TX,TX_AUS_urban,TX,165.845,-12.537,161.8905972858286,-35.99997965885077,264.569,0.191056,264.5675290948962,0.8822185790725123,217.114,-2.43597,216.9178036066883,-9.227972391062508,643.3759299874131,-44.34573347084076,644.902420032857,647.528,15.0,63,2700.0,p2uhs0_1247_circuit_2_fire_mixed,p2uhs0_1247,circuit_2,fire_mixed,data,,,,,,summer,TX
TX_AUS_urban__TX,TX_AUS_urban,TX,155.493,-15.7109,149.68382035233233,-42.10495189084892,240.655,-2.12945,240.48881013635216,-8.942104014244345,217.352,-2.21588,217.1894725492704,-8.403863264577417,607.362103037955,-59.45091916967068,610.2648080930164,613.5,16.0,64,0.0,p2uhs0_1247_circuit_2_fire_mixed,p2uhs0_1247,circuit_2,fire_mixed,data,,,,,,summer,TX
TX_AUS_urban__TX,TX_AUS_urban,TX,172.83,-10.3046,170.04236955540077,-30.916038814578386,290.047,3.21032,289.5918273661311,16.243021016576005,228.27,-0.642378,228.2556533551696,-2.559220858911201,687.8898502767014,-17.23223865691358,688.105657702966,691.147,16.0,65,900.0,p2uhs0_1247_circuit_2_fire_mixed,p2uhs0_1247,circuit_2,fire_mixed,data,,,,,,summer,TX
TX_AUS_urban__TX,TX_AUS_urban,TX,166.882,-11.8281,163.33859090708063,-34.20682160752963,248.27,0.35094,248.2653429235268,1.520658759771636,241.585,1.76126,241.4708679940724,7.425101695550685,653.0748018246798,-25.26106115220731,653.56317061848,656.7370000000001,16.0,66,1800.0,p2uhs0_1247_circuit_2_fire_mixed,p2uhs0_1247,circuit_2,fire_mixed,data,,,,,,summer,TX
TX_AUS_urban__TX,TX_AUS_urban,TX,167.537,-11.6968,164.0579492543311,-33.96521243071096,235.291,-1.80362,235.1744306763713,-7.405527465659933,221.762,-1.26497,221.7079551046552,-4.895639622378558,620.9403350353575,-46.26637951874945,622.6616075747685,624.5899999999999,16.0,67,2700.0,p2uhs0_1247_circuit_2_fire_mixed,p2uhs0_1247,circuit_2,fire_mixed,data,,,,,,summer,TX
TX_AUS_urban__TX,TX_AUS_urban,TX,156.034,-14.5186,151.05125833271086,-39.11683157036938,248.802,-0.10741,248.8015628123224,-0.466418423736083,245.969,1.5776,245.87576661075832,6.77173202156618,645.7285877557915,-32.81151797253928,646.5616790042163,650.8050000000001,17.0,68,0.0,p2uhs0_1247_circuit_2_fire_mixed,p2uhs0_1247,circuit_2,fire_mixed,data,,,,,,summer,TX
TX_AUS_urban__TX,TX_AUS_urban,TX,150.468,-16.7417,144.0901278615252,-43.34344329710461,254.879,-0.904556,254.84723706023868,-4.023730080721656,216.549,-1.99392,216.41788494828467,-7.534485749606931,615.3552498700485,-54.9016591274332,617.799543312857,621.896,17.0,69,900.0,p2uhs0_1247_circuit_2_fire_mixed,p2uhs0_1247,circuit_2,fire_mixed,data,,,,,,summer,TX
TX_AUS_urban__TX,TX_AUS_urban,TX,156.417,-16.2204,150.19071038687744,-43.69242957864792,251.054,-0.223785,251.0520850683434,-0.9805604709989576,228.013,-1.10407,227.97066845414105,-4.393460318714791,629.2134639093618,-49.06645036836167,631.1236802058443,635.484,17.0,70,1800.0,p2uhs0_1247_circuit_2_fire_mixed,p2uhs0_1247,circuit_2,fire_mixed,data,,,,,,summer,TX
TX_AUS_urban__TX,TX_AUS_urban,TX,163.373,-15.0959,157.73520520780352,-42.54811590484491,246.771,-0.243926,246.76876367770885,-1.0505779243262134,241.956,-0.706926,241.93758365102195,-2.985222454816577,646.4415525365343,-46.583916283987705,648.1178458445644,652.1,17.0,71,2700.0,p2uhs0_1247_circuit_2_fire_mixed,p2uhs0_1247,circuit_2,fire_mixed,data,,,,,,summer,TX
TX_AUS_urban__TX,TX_AUS_urban,TX,173.68,-14.1957,168.37646536399134,-42.59235038746544,257.851,-0.751413,257.8288259642337,-3.381523754886828,248.131,-0.0883769,248.1307048225296,-0.3827339476770535,674.3359961507546,-46.35660809002932,675.9274893198552,679.662,18.0,72,0.0,p2uhs0_1247_circuit_2_fire_mixed,p2uhs0_1247,circuit_2,fire_mixed,data,,,,,,summer,TX
TX_AUS_urban__TX,TX_AUS_urban,TX,175.384,-11.256,172.010461613146,-34.23373411756931,288.694,5.33914,287.4414622490423,26.863198173940887,271.762,2.40633,271.52235961799835,11.410209089862622,730.9742834801866,4.039673146234197,730.9854458664007,735.8399999999999,18.0,73,900.0,p2uhs0_1247_circuit_2_fire_mixed,p2uhs0_1247,circuit_2,fire_mixed,data,,,,,,summer,TX
TX_AUS_urban__TX,TX_AUS_urban,TX,188.773,-10.5474,185.5834555627665,-34.55468926763322,292.982,3.83837,292.3248009592955,19.61282917144485,303.828,4.5496,302.87064996206027,24.100269200968448,780.7789064841222,9.158409104780084,780.8326179584662,785.583,18.0,74,1800.0,p2uhs0_1247_circuit_2_fire_mixed,p2uhs0_1247,circuit_2,fire_mixed,data,,,,,,summer,TX
TX_AUS_urban__TX,TX_AUS_urban,TX,200.894,-10.3497,197.62536816276216,-36.0917316643676,336.393,3.66895,335.7035435030364,21.52629388689478,307.456,2.76075,307.0991564537872,14.808782575632067,840.4280681195858,0.2433447981592493,840.4281033496619,844.743,18.0,75,2700.0,p2uhs0_1247_circuit_2_fire_mixed,p2uhs0_1247,circuit_2,fire_mixed,data,,,,,,summer,TX
TX_AUS_urban__TX,TX_AUS_urban,TX,177.485,-14.5258,171.81165601259374,-44.51606545069063,341.45,4.62889,340.3362971081369,27.55553248844892,321.766,3.47138,321.1756135914346,19.48291534051004,833.3235667121652,2.522382378268333,833.3273841958794,840.701,19.0,76,0.0,p2uhs0_1247_circuit_2_fire_mixed,p2uhs0_1247,circuit_2,fire_mixed,data,,,,,,summer,TX
TX_AUS_urban__TX,TX_AUS_urban,TX,191.709,-11.3438,187.9638842007753,-37.70834015383753,339.296,3.34024,338.71958427725366,19.769138652062303,319.094,3.40317,318.5312921399813,18.94193135965476,845.2147606180104,1.0027298578795296,845.2153554176169,850.0989999999999,19.0,77,900.0,p2uhs0_1247_circuit_2_fire_mixed,p2uhs0_1247,circuit_2,fire_mixed,data,,,,,,summer,TX
TX_AUS_urban__TX,TX_AUS_urban,TX,217.113,-8.1746,214.9069936184112,-30.871327520794782,355.601,3.13756,355.06795575155485,19.4632474014977,357.924,4.84716,356.6439373199898,30.243871261714723,926.6188866899558,18.83579114241764,926.8103086384472,930.638,19.0,78,1800.0,p2uhs0_1247_circuit_2_fire_mixed,p2uhs0_1247,circuit_2,fire_mixed,data,,,,,,summer,TX
TX_AUS_urban__TX,TX_AUS_urban,TX,212.369,-9.06327,209.71757145766867,-33.45343604022812,352.773,2.80912,352.34908999780845,17.288964882731097,341.55,3.46875,340.92426221989086,20.665186421203355,902.990923675368,4.500715263706333,903.0021399077518,906.692,19.0,79,2700.0,p2uhs0_1247_circuit_2_fire_mixed,p2uhs0_1247,circuit_2,fire_mixed,data,,,,,,summer,TX
TX_AUS_urban__TX,TX_AUS_urban,TX,224.55,-6.48742,223.1121360431835,-25.370795223011434,391.96,4.10545,390.954221840465,28.06132614678802,352.514,4.52089,351.41720956447887,27.786057977251208,965.4835674481276,30.476588901027792,965.9644618118232,969.024,20.0,80,0.0,p2uhs0_1247_circuit_2_fire_mixed,p2uhs0_1247,circuit_2,fire_mixed,data,,,,,,summer,TX
TX_AUS_urban__TX,TX_AUS_urban,TX,205.633,-8.35681,203.4496238458139,-29.88613802412124,378.807,4.31048,377.7355074468618,28.47155884144487,319.416,3.52163,318.812840562387,19.620238238665976,899.9979718550627,18.20565905598961,900.1820901155994,903.856,20.0,81,900.0,p2uhs0_1247_circuit_2_fire_mixed,p2uhs0_1247,circuit_2,fire_mixed,data,,,,,,summer,TX
TX_AUS_urban__TX,TX_AUS_urban,TX,217.509,-7.05048,215.8642827265309,-26.697874895959945,385.842,3.15221,385.25821224974726,21.21694742720308,333.345,3.43283,332.74687306675656,19.96014752690466,933.8693680430348,14.479220058147789,933.981608160776,936.696,20.0,82,1800.0,p2uhs0_1247_circuit_2_fire_mixed,p2uhs0_1247,circuit_2,fire_mixed,data,,,,,,summer,TX
TX_AUS_urban__TX,TX_AUS_urban,TX,219.819,-7.23495,218.068815278142,-27.68365156888764,364.454,1.4933,364.3302238395453,9.497689878429178,353.037,3.19923,352.486796876512,19.702319577565923,934.8858359941992,1.516357887107464,934.88706573779,937.31,20.0,83,2700.0,p2uhs0_1247_circuit_2_fire_mixed,p2uhs0_1247,circuit_2,fire_mixed,data,,,,,,summer,TX
TX_AUS_urban__TX,TX_AUS_urban,TX,247.208,-5.75188,245.9633646583294,-24.775360944972608,389.467,2.20448,389.1787600629265,14.98121506697798,386.55,3.92118,385.6451127692201,26.43387026554285,1020.787237490476,16.639724387548227,1020.9228495097614,1023.225,21.0,84,0.0,p2uhs0_1247_circuit_2_fire_mixed,p2uhs0_1247,circuit_2,fire_mixed,data,,,,,,summer,TX
TX_AUS_urban__TX,TX_AUS_urban,TX,274.91,-3.21759,274.4766263056347,-15.430155925231915,433.058,3.3882,432.30102363793264,25.594068172051227,411.626,4.22306,410.50840250423744,30.31196709913404,1117.2860524478049,40.47587934595335,1118.0189711284986,1119.594,21.0,85,900.0,p2uhs0_1247_circuit_2_fire_mixed,p2uhs0_1247,circuit_2,fire_mixed,data,,,,,,summer,TX
TX_AUS_urban__TX,TX_AUS_urban,TX,223.192,-5.41658,222.1953785910705,-21.06852146617961,366.23,3.02085,365.7210954054,19.30008485666016,357.151,5.30338,355.62212489758684,33.01122664072217,943.5385988940571,31.24279003120272,944.0557184466892,946.573,21.0,86,1800.0,p2uhs0_1247_circuit_2_fire_mixed,p2uhs0_1247,circuit_2,fire_mixed,data,,,,,,summer,TX
TX_AUS_urban__TX,TX_AUS_urban,TX,209.595,-7.13373,207.97252548233337,-26.02868935425287,379.275,3.32531,378.6364111597522,21.99985838734036,351.921,3.69066,351.19115971886055,22.65302576526481,937.800096360946,18.624194798352303,937.9850112696294,940.791,21.0,87,2700.0,p2uhs0_1247_circuit_2_fire_mixed,p2uhs0_1247,circuit_2,fire_mixed,data,,,,,,summer,TX
TX_AUS_urban__TX,TX_AUS_urban,TX,203.753,-7.23985,202.12853649622463,-25.67761170542108,383.674,3.0265,383.13885991580105,20.257154252761502,345.666,2.67805,345.28848023196275,16.150819641784892,930.5558766439884,10.73036218912532,930.6177411963364,933.0929999999998,22.0,88,0.0,p2uhs0_1247_circuit_2_fire_mixed,p2uhs0_1247,circuit_2,fire_mixed,data,,,,,,summer,TX
TX_AUS_urban__TX,TX_AUS_urban,TX,219.233,-4.10598,218.6702980045557,-15.697422068569647,390.96,3.6677,390.1592510652766,25.00960631802277,360.827,4.59468,359.66741775767224,28.9045417283873,968.4969668275044,38.216725977840426,969.2506863028478,971.02,22.0,89,900.0,p2uhs0_1247_circuit_2_fire_mixed,p2uhs0_1247,circuit_2,fire_mixed,data,,,,,,summer,TX
TX_AUS_urban__TX,TX_AUS_urban,TX,210.081,-5.29706,209.183835782152,-19.394571623670213,372.67,3.42226,372.0054218562868,22.246235850726627,360.818,5.43601,359.19526490588555,34.181731863536555,940.3845225443242,37.03339609059297,941.1134483508986,943.569,22.0,90,1800.0,p2uhs0_1247_circuit_2_fire_mixed,p2uhs0_1247,circuit_2,fire_mixed,data,,,,,,summer,TX
TX_AUS_urban__TX,TX_AUS_urban,TX,233.246,-1.67163,233.14673675900903,-6.804091021243049,367.475,3.50162,366.7889506023703,22.444182787795185,368.317,5.77691,366.4464481116872,37.07307857905158,966.3821354730666,52.713170345603714,967.8187382404668,969.038,22.0,91,2700.0,p2uhs0_1247_circuit_2_fire_mixed,p2uhs0_1247,circuit_2,fire_mixed,data,,,,,,summer,TX
TX_AUS_urban__TX,TX_AUS_urban,TX,234.021,-0.195858,234.0196327064086,-0.7999680978660981,389.199,4.71831,387.8800633020396,32.01434200176206,353.656,6.06979,351.6733461566709,37.39550693559774,973.573042165119,68.6098808394937,975.9875942753852,976.876,23.0,92,0.0,p2uhs0_1247_circuit_2_fire_mixed,p2uhs0_1247,circuit_2,fire_mixed,data,,,,,,summer,TX
TX_AUS_urban__TX,TX_AUS_urban,TX,243.698,1.56175,243.60747410146405,6.641819472443599,387.948,5.48025,386.1747585540277,37.05005478725158,341.732,5.49064,340.1640798353862,32.69799097414096,969.946312490878,76.38986523383613,972.9497729200082,973.378,23.0,93,900.0,p2uhs0_1247_circuit_2_fire_mixed,p2uhs0_1247,circuit_2,fire_mixed,data,,,,,,summer,TX
TX_AUS_urban__TX,TX_AUS_urban,TX,224.534,1.56478,224.4502689703152,6.131387702074284,374.125,6.10028,372.00648905970246,39.7578636558034,344.884,6.97931,342.328442323058,41.90717161380323,938.7852003530757,87.79642297168091,942.8816809592744,943.543,23.0,94,1800.0,p2uhs0_1247_circuit_2_fire_mixed,p2uhs0_1247,circuit_2,fire_mixed,data,,,,,,summer,TX
TX_AUS_urban__TX,TX_AUS_urban,TX,214.953,-0.657061,214.9388656815685,-2.465000714128463,368.575,5.11745,367.1058399897189,32.87602272847103,352.205,6.36077,350.0368288988358,39.02025678345984,932.0815345701232,69.4312787978024,934.6639447213604,935.733,23.0,95,2700.0,p2uhs0_1247_circuit_2_fire_mixed,p2uhs0_1247,circuit_2,fire_mixed,data,,,,,,summer,TX
TX_AUS_urban__TX,TX_AUS_urban,TX,200.611,-3.37452,200.2631612580588,-11.80845307094657,331.882,4.32178,330.9383133171621,25.00989209876418,322.763,4.96791,321.55049421477787,27.950560624647704,852.7519687899987,41.151999652465314,853.744345428194,855.2559999999999,24.0,96,0.0,p2uhs0_1247_circuit_2_fire_mixed,p2uhs0_1247,circuit_2,fire_mixed,data,,,,,,summer,TX
TX_AUS_urban__TX,TX_AUS_urban,TX,,,,,,,,,,,,,,,,,,0,,p2uhs0_1247_circuit_2_fire_mixed,p2uhs0_1247,circuit_2,fire_mixed,summary,542.0,90.0,0.0,0.0,75.0,summer,TX
TX_AUS_urban__TX,TX_AUS_urban,TX,320.247,5.93694,318.5293031779204,33.12437208444084,439.201,8.50928,434.3662359554648,64.98839483231994,432.717,7.81382,428.6992557335972,58.82984125815607,1181.5947948669825,156.94260817491687,1191.9719969518962,1192.165,0.0,1,900.0,p2uhs0_1247_circuit_2_fire_stress,p2uhs0_1247,circuit_2,fire_stress,data,,,,,,summer,TX
TX_AUS_urban__TX,TX_AUS_urban,TX,304.225,5.75768,302.6902092056814,30.5202863030614,411.564,8.60948,406.9263428456047,61.61069383070936,401.248,7.53037,397.78745100598593,52.584230774637525,1107.404003057272,144.71521090840827,1116.81964446169,1117.037,0.0,2,1800.0,p2uhs0_1247_circuit_2_fire_stress,p2uhs0_1247,circuit_2,fire_stress,data,,,,,,summer,TX
TX_AUS_urban__TX,TX_AUS_urban,TX,301.017,5.13767,299.8076356673643,26.955813557467227,404.17,7.75199,400.4763765146712,54.51660988798975,396.517,6.64422,393.8538978673798,45.87851810675184,1094.1379100494155,127.3509415522088,1101.5244112236176,1101.704,0.0,3,2700.0,p2uhs0_1247_circuit_2_fire_stress,p2uhs0_1247,circuit_2,fire_stress,data,,,,,,summer,TX
TX_AUS_urban__TX,TX_AUS_urban,TX,293.607,5.25366,292.3735806302507,26.88419235250171,422.411,8.01924,418.2803604280917,58.92871117838684,380.917,8.55217,376.6815333172473,56.646123845921394,1087.3354743755897,142.45902737680996,1096.62801729517,1096.935,1.0,4,0.0,p2uhs0_1247_circuit_2_fire_stress,p2uhs0_1247,circuit_2,fire_stress,data,,,,,,summer,TX
TX_AUS_urban__TX,TX_AUS_urban,TX,310.16,6.8916,307.9190767057256,37.21649903864494,453.231,8.79203,447.9053783133257,69.2756193692746,404.287,8.5036,399.84250089209,59.78254636061429,1155.6669559111413,166.27466476853382,1167.56729019308,1167.678,1.0,5,900.0,p2uhs0_1247_circuit_2_fire_stress,p2uhs0_1247,circuit_2,fire_stress,data,,,,,,summer,TX
TX_AUS_urban__TX,TX_AUS_urban,TX,295.967,5.87243,294.4138138464717,30.281534065748428,436.807,8.20412,432.336705040402,62.33240508602599,356.462,7.1786,353.6678526983534,44.54444310725877,1080.4183715852273,137.1583822590332,1089.0896563106223,1089.236,1.0,6,1800.0,p2uhs0_1247_circuit_2_fire_stress,p2uhs0_1247,circuit_2,fire_stress,data,,,,,,summer,TX
TX_AUS_urban__TX,TX_AUS_urban,TX,299.313,7.21575,296.9425042126266,37.59549389134565,451.966,8.36894,447.1531854072575,65.78217035141643,394.424,8.08099,390.5075086881559,55.445265209662935,1134.60319830804,158.822929452425,1145.6653702240822,1145.703,1.0,7,2700.0,p2uhs0_1247_circuit_2_fire_stress,p2uhs0_1247,circuit_2,fire_stress,data,,,,,,summer,TX
TX_AUS_urban__TX,TX_AUS_urban,TX,288.938,7.03523,286.76259419347764,35.38901546280788,460.744,8.35596,455.8528920886613,66.95651059010918,393.944,7.2951,390.7551437376747,50.02292253106769,1133.3706300198137,152.36844858398473,1143.5668450577778,1143.626,2.0,8,0.0,p2uhs0_1247_circuit_2_fire_stress,p2uhs0_1247,circuit_2,fire_stress,data,,,,,,summer,TX
TX_AUS_urban__TX,TX_AUS_urban,TX,286.94,7.76288,284.31035503443417,38.75803942660154,442.75,8.80006,437.5380449538408,67.73493720356421,376.3,8.11033,372.53633703056994,53.08829995249072,1094.384737018845,159.58127658265647,1105.958469588961,1105.99,2.0,9,900.0,p2uhs0_1247_circuit_2_fire_stress,p2uhs0_1247,circuit_2,fire_stress,data,,,,,,summer,TX
TX_AUS_urban__TX,TX_AUS_urban,TX,256.063,4.44273,255.2935971343576,19.83530264957714,409.663,7.48612,406.17121794968176,53.37335738242559,386.471,7.3968,383.2549252026649,49.75435808951568,1044.7197402867043,122.9630181215184,1051.9311952643443,1052.197,2.0,10,1800.0,p2uhs0_1247_circuit_2_fire_stress,p2uhs0_1247,circuit_2,fire_stress,data,,,,,,summer,TX
TX_AUS_urban__TX,TX_AUS_urban,TX,258.135,4.81659,257.2234191046839,21.674660068756445,405.779,7.69013,402.12953161402686,54.2995086983609,378.158,7.74016,374.7126183925032,50.93060554749317,1034.0655691112138,126.90477431461052,1041.8236045344436,1042.072,2.0,11,2700.0,p2uhs0_1247_circuit_2_fire_stress,p2uhs0_1247,circuit_2,fire_stress,data,,,,,,summer,TX
TX_AUS_urban__TX,TX_AUS_urban,TX,262.565,5.49141,261.3599728299321,25.12655621722083,422.235,8.82939,417.2314210945894,64.81000290379137,386.859,8.33885,382.7690026156761,56.10504894927489,1061.3603965401976,146.0416080702871,1071.360836801365,1071.659,3.0,12,0.0,p2uhs0_1247_circuit_2_fire_stress,p2uhs0_1247,circuit_2,fire_stress,data,,,,,,summer,TX
TX_AUS_urban__TX,TX_AUS_urban,TX,256.353,5.85461,255.01584678960785,26.14915859409743,385.226,8.64793,380.8463437847686,57.92351423881193,373.65,8.82535,369.2262072644071,57.32652413273527,1005.0883978387836,141.39919696564465,1014.9859212682028,1015.229,3.0,13,900.0,p2uhs0_1247_circuit_2_fire_stress,p2uhs0_1247,circuit_2,fire_stress,data,,,,,,summer,TX
TX_AUS_urban__TX,TX_AUS_urban,TX,260.424,6.33691,258.83282453224723,28.74419455575138,392.109,9.06248,387.2143678353429,61.761648479260565,370.282,9.35641,365.35581740099866,60.198722704456834,1011.4030097685888,150.7045657394688,1022.569271151682,1022.8149999999998,3.0,14,1800.0,p2uhs0_1247_circuit_2_fire_stress,p2uhs0_1247,circuit_2,fire_stress,data,,,,,,summer,TX
TX_AUS_urban__TX,TX_AUS_urban,TX,272.468,6.73206,270.5893905359526,31.940456374036792,439.316,10.0379,432.5912462469125,76.57258991664773,399.8,8.77659,395.11866429969615,61.002304235364925,1098.2993010825612,169.51535052604945,1111.3041027650406,1111.584,3.0,15,2700.0,p2uhs0_1247_circuit_2_fire_stress,p2uhs0_1247,circuit_2,fire_stress,data,,,,,,summer,TX
TX_AUS_urban__TX,TX_AUS_urban,TX,269.881,7.41035,267.6269216004267,34.8078295169212,410.834,10.4238,404.0537601648497,74.33124815746152,392.661,9.31002,387.4886493071491,63.523283755810375,1059.1693310724254,172.6623614301931,1073.1504847592716,1073.376,4.0,16,0.0,p2uhs0_1247_circuit_2_fire_stress,p2uhs0_1247,circuit_2,fire_stress,data,,,,,,summer,TX
TX_AUS_urban__TX,TX_AUS_urban,TX,273.917,6.49801,272.15729880857083,30.998832142877173,413.883,10.0894,407.4825505615369,72.50592166757498,403.252,9.315,397.934467017611,65.27124530304222,1077.574316387719,168.77599911349438,1090.711577464555,1091.052,4.0,17,900.0,p2uhs0_1247_circuit_2_fire_stress,p2uhs0_1247,circuit_2,fire_stress,data,,,,,,summer,TX
TX_AUS_urban__TX,TX_AUS_urban,TX,280.942,7.57802,278.4883098716167,37.04954289664597,413.469,10.3235,406.77560630687015,74.0960192903654,397.289,9.04989,392.3434478772343,62.491346831412855,1077.607364055721,173.6369090184242,1091.5069432855623,1091.7,4.0,18,1800.0,p2uhs0_1247_circuit_2_fire_stress,p2uhs0_1247,circuit_2,fire_stress,data,,,,,,summer,TX
TX_AUS_urban__TX,TX_AUS_urban,TX,286.764,8.32796,283.740138509352,41.53463006569047,416.218,10.0984,409.7699826901458,72.97934509241352,404.796,9.49622,399.2488732172034,66.78427098346897,1092.7589944167012,181.2982461415729,1107.6963816554653,1107.778,4.0,19,2700.0,p2uhs0_1247_circuit_2_fire_stress,p2uhs0_1247,circuit_2,fire_stress,data,,,,,,summer,TX
TX_AUS_urban__TX,TX_AUS_urban,TX,292.185,8.98283,288.6014022347173,45.621320160150255,421.008,10.0618,414.5328468253705,73.55443539892006,406.305,9.41638,400.83021437284646,66.47474912188822,1103.9644634329345,185.65050468095853,1119.4657861726107,1119.498,5.0,20,0.0,p2uhs0_1247_circuit_2_fire_stress,p2uhs0_1247,circuit_2,fire_stress,data,,,,,,summer,TX
TX_AUS_urban__TX,TX_AUS_urban,TX,304.638,9.66905,300.3104160776056,51.16605358336127,429.139,10.7528,421.6038690022374,80.06534183617929,418.592,9.52707,412.8185752673255,69.28265568131405,1134.7328603471683,200.5140511008546,1152.3126958601742,1152.369,5.0,21,900.0,p2uhs0_1247_circuit_2_fire_stress,p2uhs0_1247,circuit_2,fire_stress,data,,,,,,summer,TX
TX_AUS_urban__TX,TX_AUS_urban,TX,309.058,9.73864,304.6043556997839,52.278426264755886,434.283,10.7157,426.7099226268604,80.74878340123061,414.161,9.51837,408.4590938389009,68.48724393128921,1139.7733721655452,201.5144535972757,1157.4503941449184,1157.502,5.0,22,1800.0,p2uhs0_1247_circuit_2_fire_stress,p2uhs0_1247,circuit_2,fire_stress,data,,,,,,summer,TX
TX_AUS_urban__TX,TX_AUS_urban,TX,308.647,8.65529,305.13201074228283,46.44810684378208,444.6,11.0016,436.4290765874288,84.84586677643314,424.695,9.99814,418.2453225197953,73.73393530330796,1159.806409849507,205.0279089235232,1177.7891796775666,1177.942,5.0,23,2700.0,p2uhs0_1247_circuit_2_fire_stress,p2uhs0_1247,circuit_2,fire_stress,data,,,,,,summer,TX
TX_AUS_urban__TX,TX_AUS_urban,TX,315.229,9.25685,311.1238174704361,50.70791499975861,449.577,11.1754,441.052327570934,87.13393869934706,435.877,10.0848,429.142555803029,76.32447790744574,1181.318700844399,214.1663316065514,1200.575316487269,1200.683,6.0,24,0.0,p2uhs0_1247_circuit_2_fire_stress,p2uhs0_1247,circuit_2,fire_stress,data,,,,,,summer,TX
TX_AUS_urban__TX,TX_AUS_urban,TX,318.479,9.58338,314.0344251739468,53.02125278290607,449.353,11.0975,440.950576748099,86.49108320814854,446.677,10.5939,439.0633583630381,82.12009298564168,1194.0483602850838,221.6324289766963,1214.4432552711585,1214.509,6.0,25,900.0,p2uhs0_1247_circuit_2_fire_stress,p2uhs0_1247,circuit_2,fire_stress,data,,,,,,summer,TX
TX_AUS_urban__TX,TX_AUS_urban,TX,340.433,8.63804,336.57142869953145,51.13023442305175,496.377,9.8193,489.10532898875584,84.65283978580361,483.247,9.22489,476.997030057472,77.46932506064043,1302.6737877457597,213.2523992694958,1320.0134783683386,1320.057,6.0,26,1800.0,p2uhs0_1247_circuit_2_fire_stress,p2uhs0_1247,circuit_2,fire_stress,data,,,,,,summer,TX
TX_AUS_urban__TX,TX_AUS_urban,TX,344.115,8.98778,339.8898467231963,53.75895571420788,515.432,10.2444,507.2150268008668,91.66822356409006,464.459,9.17921,458.51123725805695,74.09188882115104,1305.61611078212,219.519068099449,1323.941860503353,1324.006,6.0,27,2700.0,p2uhs0_1247_circuit_2_fire_stress,p2uhs0_1247,circuit_2,fire_stress,data,,,,,,summer,TX
TX_AUS_urban__TX,TX_AUS_urban,TX,367.372,9.83682,361.9710119343969,62.76283058617342,515.288,10.8416,506.0905947665613,96.9228189480077,500.323,10.4111,492.08592233441226,90.41321457226668,1360.1475290353706,250.0988641064478,1382.9500144865538,1382.9830000000002,7.0,28,0.0,p2uhs0_1247_circuit_2_fire_stress,p2uhs0_1247,circuit_2,fire_stress,data,,,,,,summer,TX
TX_AUS_urban__TX,TX_AUS_urban,TX,351.47,9.19615,346.95255823010206,56.170127626592254,492.049,10.4161,483.9403800940217,88.96025469530626,491.27,10.3315,483.3048368871336,88.10588823399449,1314.1977752112573,233.236270555893,1334.734037279727,1334.789,7.0,29,900.0,p2uhs0_1247_circuit_2_fire_stress,p2uhs0_1247,circuit_2,fire_stress,data,,,,,,summer,TX
TX_AUS_urban__TX,TX_AUS_urban,TX,350.6,7.3884,347.68904455462456,45.08534458881634,500.953,9.44654,494.159661708114,82.22005199172743,503.212,9.69071,496.031554841403,84.7054516877169,1337.8802611041417,212.01084826826067,1354.5745431077291,1354.765,7.0,30,1800.0,p2uhs0_1247_circuit_2_fire_stress,p2uhs0_1247,circuit_2,fire_stress,data,,,,,,summer,TX
TX_AUS_urban__TX,TX_AUS_urban,TX,367.194,8.56756,363.0964407352301,54.70290999030632,534.823,10.5838,525.7242279140006,98.23277209377709,491.215,9.88788,483.9183317373402,84.35178974716231,1372.739000386571,237.2874718312457,1393.0964458609412,1393.232,7.0,31,2700.0,p2uhs0_1247_circuit_2_fire_stress,p2uhs0_1247,circuit_2,fire_stress,data,,,,,,summer,TX
TX_AUS_urban__TX,TX_AUS_urban,TX,345.608,7.84198,342.3759214049198,47.15525533948673,522.288,10.4924,513.5548597213633,95.1113084789127,488.854,9.7301,481.8217463218013,82.61984076122269,1337.7525274480845,224.8864045796221,1356.5233944383294,1356.75,8.0,32,0.0,p2uhs0_1247_circuit_2_fire_stress,p2uhs0_1247,circuit_2,fire_stress,data,,,,,,summer,TX
TX_AUS_urban__TX,TX_AUS_urban,TX,370.088,6.28953,367.8604370955602,40.54413106558597,517.898,9.40651,510.934135292032,84.6442425530735,518.24,9.82841,510.633988089221,88.46257857476984,1389.4285604768131,213.6509521934293,1405.7590312858847,1406.226,8.0,33,900.0,p2uhs0_1247_circuit_2_fire_stress,p2uhs0_1247,circuit_2,fire_stress,data,,,,,,summer,TX
TX_AUS_urban__TX,TX_AUS_urban,TX,404.452,8.207,400.3099254129812,57.73546500941512,538.161,11.1618,527.9813813900087,104.1773623514158,514.272,10.3979,505.8266697133733,92.81740241289896,1434.1179765163631,254.7302297737299,1456.565089698351,1456.885,8.0,34,1800.0,p2uhs0_1247_circuit_2_fire_stress,p2uhs0_1247,circuit_2,fire_stress,data,,,,,,summer,TX
TX_AUS_urban__TX,TX_AUS_urban,TX,393.966,8.02563,390.10738418659366,55.00398130220602,575.656,11.828,563.4332897195231,117.99473874641936,517.378,10.8439,508.1393833145349,97.33633447343388,1461.6800572206516,270.3350545220593,1486.468846420944,1487.0,8.0,35,2700.0,p2uhs0_1247_circuit_2_fire_stress,p2uhs0_1247,circuit_2,fire_stress,data,,,,,,summer,TX
TX_AUS_urban__TX,TX_AUS_urban,TX,381.962,8.88608,377.37747186512206,59.00180652055495,552.39,11.5882,541.1304360964564,110.96199002387662,515.083,11.6775,504.4220023892479,104.25421044073757,1422.9299103508265,274.21800698516915,1449.1118124996185,1449.435,9.0,36,0.0,p2uhs0_1247_circuit_2_fire_stress,p2uhs0_1247,circuit_2,fire_stress,data,,,,,,summer,TX
TX_AUS_urban__TX,TX_AUS_urban,TX,353.816,8.32348,350.08909626463844,51.21900558004548,517.516,10.6689,508.5699240304484,95.80940782440864,492.107,10.8269,483.347086040727,92.43859510474029,1342.006106335814,239.4670085091944,1363.2038870275255,1363.439,9.0,37,900.0,p2uhs0_1247_circuit_2_fire_stress,p2uhs0_1247,circuit_2,fire_stress,data,,,,,,summer,TX
TX_AUS_urban__TX,TX_AUS_urban,TX,356.551,9.03651,352.12565191488784,56.00125770476284,523.145,11.4393,512.7529171022105,103.75517831980083,475.15,11.6146,465.4208188636736,95.66077497212515,1330.299387880772,255.4172109966888,1354.5975096202133,1354.846,9.0,38,1800.0,p2uhs0_1247_circuit_2_fire_stress,p2uhs0_1247,circuit_2,fire_stress,data,,,,,,summer,TX
TX_AUS_urban__TX,TX_AUS_urban,TX,332.831,8.16304,329.4587666727982,47.25881529872197,486.782,10.8544,478.0729331511368,91.66780302957338,479.691,11.499,470.0627305583728,95.62679970074578,1277.5944303823078,234.55341802904115,1298.9468174074716,1299.304,9.0,39,2700.0,p2uhs0_1247_circuit_2_fire_stress,p2uhs0_1247,circuit_2,fire_stress,data,,,,,,summer,TX
TX_AUS_urban__TX,TX_AUS_urban,TX,359.961,9.13758,355.39304427191246,57.163848752008406,507.046,11.5983,496.6927368778849,101.94101848008084,511.22,12.6199,498.8694040446264,111.69246218147094,1350.9551851944238,270.7973294135602,1377.8284022407204,1378.227,10.0,40,0.0,p2uhs0_1247_circuit_2_fire_stress,p2uhs0_1247,circuit_2,fire_stress,data,,,,,,summer,TX
TX_AUS_urban__TX,TX_AUS_urban,TX,333.074,7.25143,330.4100074234821,42.041841900831535,493.993,10.6136,485.5415987551276,90.9859325792436,438.676,10.5421,431.2714730667461,80.25926423060973,1247.2230792453558,213.2870387106849,1265.3287202479207,1265.743,10.0,41,900.0,p2uhs0_1247_circuit_2_fire_stress,p2uhs0_1247,circuit_2,fire_stress,data,,,,,,summer,TX
TX_AUS_urban__TX,TX_AUS_urban,TX,294.255,4.90465,293.1775443157781,25.15815044811484,431.36,9.64101,425.2676517516952,72.24177443556404,427.769,11.0068,419.8999885644105,81.67200845214897,1138.3451846318835,179.07193333582785,1152.3439229167775,1153.384,10.0,42,1800.0,p2uhs0_1247_circuit_2_fire_stress,p2uhs0_1247,circuit_2,fire_stress,data,,,,,,summer,TX
TX_AUS_urban__TX,TX_AUS_urban,TX,321.299,6.54271,319.2064421222695,36.6100356274368,469.819,10.432,462.0531251981654,85.06939670415282,483.129,12.0063,472.5604244853348,100.50012861305308,1253.8199918057696,222.1795609446427,1273.35318319521,1274.2469999999998,10.0,43,2700.0,p2uhs0_1247_circuit_2_fire_stress,p2uhs0_1247,circuit_2,fire_stress,data,,,,,,summer,TX
TX_AUS_urban__TX,TX_AUS_urban,TX,306.625,4.92664,305.49216578406504,26.333007225938378,454.207,9.34527,448.1786391083229,73.75572042907382,437.371,10.8578,429.5410621595598,82.3885159463211,1183.2118670519476,182.4772436013333,1197.2001782345742,1198.203,11.0,44,0.0,p2uhs0_1247_circuit_2_fire_stress,p2uhs0_1247,circuit_2,fire_stress,data,,,,,,summer,TX
TX_AUS_urban__TX,TX_AUS_urban,TX,295.286,4.96923,294.17612633606734,25.57789064614512,421.616,9.16057,416.2387343605299,67.12203419104794,445.865,13.424,433.6833968400418,103.50994894348504,1144.098257536639,196.2098737806781,1160.8010757521736,1162.767,11.0,45,900.0,p2uhs0_1247_circuit_2_fire_stress,p2uhs0_1247,circuit_2,fire_stress,data,,,,,,summer,TX
TX_AUS_urban__TX,TX_AUS_urban,TX,294.506,4.96685,293.4001174911304,25.498138994657538,425.108,10.3041,418.2519604554168,76.04018174097476,406.302,12.0307,397.37800639662896,84.68786947515422,1109.0300843431762,186.2261902107865,1124.5567668635747,1125.9160000000002,11.0,46,1800.0,p2uhs0_1247_circuit_2_fire_stress,p2uhs0_1247,circuit_2,fire_stress,data,,,,,,summer,TX
TX_AUS_urban__TX,TX_AUS_urban,TX,253.246,1.42576,253.1675960801497,6.301175366401679,380.371,8.0376,376.6344346222985,53.184587031785455,390.386,11.2249,382.9181699599394,75.99278985884759,1012.7202006623876,135.47855225703472,1021.7419649555992,1024.003,11.0,47,2700.0,p2uhs0_1247_circuit_2_fire_stress,p2uhs0_1247,circuit_2,fire_stress,data,,,,,,summer,TX
TX_AUS_urban__TX,TX_AUS_urban,TX,257.68,2.48738,257.4372151866883,11.183140745011867,385.612,8.1038,381.76139834509576,54.35852534421026,393.619,11.3638,385.90243828644446,77.55788345214799,1025.1010518182286,143.0995495413701,1035.040891712874,1036.911,12.0,48,0.0,p2uhs0_1247_circuit_2_fire_stress,p2uhs0_1247,circuit_2,fire_stress,data,,,,,,summer,TX
TX_AUS_urban__TX,TX_AUS_urban,TX,227.55,-0.602443,227.5374214811999,-2.392556307965474,360.608,7.13108,357.81860497636825,44.76578600634329,338.709,7.86861,335.51992429273747,46.36989415122374,920.8759507503056,88.74312384960156,925.1420748732947,926.867,12.0,49,900.0,p2uhs0_1247_circuit_2_fire_stress,p2uhs0_1247,circuit_2,fire_stress,data,,,,,,summer,TX
TX_AUS_urban__TX,TX_AUS_urban,TX,235.754,-0.0434139,235.7539323229544,-0.1786344419816855,352.206,6.28776,350.0872608265638,38.57429510637256,357.8,9.02162,353.37374252653746,56.105597695670326,939.2149356760556,94.5012583600612,943.9571935361328,945.76,12.0,50,1800.0,p2uhs0_1247_circuit_2_fire_stress,p2uhs0_1247,circuit_2,fire_stress,data,,,,,,summer,TX
TX_AUS_urban__TX,TX_AUS_urban,TX,243.172,1.22233,243.11666514497853,5.187360868915531,354.763,6.19648,352.6903316200885,38.29250776211966,332.426,7.30063,329.73103750406534,42.24320516358391,925.5380342691324,85.7230737946191,929.4993804514166,930.361,12.0,51,2700.0,p2uhs0_1247_circuit_2_fire_stress,p2uhs0_1247,circuit_2,fire_stress,data,,,,,,summer,TX
TX_AUS_urban__TX,TX_AUS_urban,TX,249.172,1.06587,249.1288858398737,4.635064636352592,360.416,6.05584,358.40471670673094,38.0230469369292,331.812,7.04562,329.3064219954468,40.69992354485132,936.8400245420514,83.3580351181331,940.5412237657144,941.4,13.0,52,0.0,p2uhs0_1247_circuit_2_fire_stress,p2uhs0_1247,circuit_2,fire_stress,data,,,,,,summer,TX
TX_AUS_urban__TX,TX_AUS_urban,TX,224.075,-1.32883,224.0147388346116,-5.19638430649082,319.671,4.56247,318.658025474483,25.42854777024709,342.005,7.29963,339.2331394622568,43.45454079358122,881.9059037713514,63.68670425733749,884.2024764757932,885.751,13.0,53,900.0,p2uhs0_1247_circuit_2_fire_stress,p2uhs0_1247,circuit_2,fire_stress,data,,,,,,summer,TX
TX_AUS_urban__TX,TX_AUS_urban,TX,239.016,1.1931,238.96418091838493,4.976795555914466,324.419,5.75562,322.7835020402688,32.53457194462281,340.912,8.12748,337.48786804164973,48.196791062289776,899.2355510003035,85.70815856282705,903.3108349992544,904.347,13.0,54,1800.0,p2uhs0_1247_circuit_2_fire_stress,p2uhs0_1247,circuit_2,fire_stress,data,,,,,,summer,TX
TX_AUS_urban__TX,TX_AUS_urban,TX,238.243,2.67875,237.9826664461588,11.134519306030208,324.03,9.90842,319.1967845207144,55.75709507889213,320.46,10.1427,315.4519195555426,56.43312899993655,872.6313705224156,123.32474338485888,881.3027295718372,882.733,13.0,55,2700.0,p2uhs0_1247_circuit_2_fire_stress,p2uhs0_1247,circuit_2,fire_stress,data,,,,,,summer,TX
TX_AUS_urban__TX,TX_AUS_urban,TX,231.599,1.82363,231.48169994604737,7.370168999967898,314.158,7.95941,311.1315320528353,43.50193934131575,300.143,8.23119,297.05105935807654,42.97078755671658,839.6642913569592,93.84289589800022,844.8920707939609,845.9000000000001,14.0,56,0.0,p2uhs0_1247_circuit_2_fire_stress,p2uhs0_1247,circuit_2,fire_stress,data,,,,,,summer,TX
TX_AUS_urban__TX,TX_AUS_urban,TX,185.128,-5.97388,184.12265211371027,-19.26720951808069,279.42,4.56528,278.5334825590459,22.24040227895331,266.762,5.16625,265.6783094748992,24.020835092887232,728.3344441476554,26.994027853759853,728.8345080137491,731.31,14.0,57,900.0,p2uhs0_1247_circuit_2_fire_stress,p2uhs0_1247,circuit_2,fire_stress,data,,,,,,summer,TX
TX_AUS_urban__TX,TX_AUS_urban,TX,192.013,-4.93437,191.30137637889555,-16.515918519420804,295.039,5.40178,293.72874374205094,27.77474789654423,268.993,5.16657,267.9001110053072,24.223223822275934,752.9302311262537,35.48205319939936,753.7658184363887,756.0450000000001,14.0,58,1800.0,p2uhs0_1247_circuit_2_fire_stress,p2uhs0_1247,circuit_2,fire_stress,data,,,,,,summer,TX
TX_AUS_urban__TX,TX_AUS_urban,TX,165.86,-11.1595,162.72395336075516,-32.10069473775901,269.879,2.90352,269.5325420490316,13.670530991407546,261.935,2.47203,261.69124228187053,11.297696135555515,693.9477376916573,-7.132467610795944,693.9843908486617,697.674,14.0,59,2700.0,p2uhs0_1247_circuit_2_fire_stress,p2uhs0_1247,circuit_2,fire_stress,data,,,,,,summer,TX
TX_AUS_urban__TX,TX_AUS_urban,TX,164.388,-11.49,161.09357997870444,-32.74558036811614,255.258,1.27167,255.19513120659715,5.664942404622542,245.473,1.58272,245.3793497299628,6.780004063465633,661.6680609152644,-20.30063390002796,661.9794094774467,665.119,15.0,60,0.0,p2uhs0_1247_circuit_2_fire_stress,p2uhs0_1247,circuit_2,fire_stress,data,,,,,,summer,TX
TX_AUS_urban__TX,TX_AUS_urban,TX,156.75,-14.2016,151.95948475628416,-38.45617626083802,261.41,1.51588,261.3185147141163,6.91534291327436,246.158,1.28164,246.0964181556242,5.505809202301862,659.3744176260246,-26.0350241452618,659.8882065182735,664.318,15.0,61,900.0,p2uhs0_1247_circuit_2_fire_stress,p2uhs0_1247,circuit_2,fire_stress,data,,,,,,summer,TX
TX_AUS_urban__TX,TX_AUS_urban,TX,199.696,-4.8576,198.9787386107732,-16.910174359408664,298.637,5.00466,297.498478157554,26.052125881382487,292.739,4.01296,292.0212760436474,20.4864945473808,788.4984928119745,29.62844606935462,789.0549524483323,791.0719999999999,15.0,62,1800.0,p2uhs0_1247_circuit_2_fire_stress,p2uhs0_1247,circuit_2,fire_stress,data,,,,,,summer,TX
TX_AUS_urban__TX,TX_AUS_urban,TX,162.208,-13.404,157.78940489577874,-37.602379800166815,264.507,1.83478,264.3713896643214,8.468847380579684,253.468,1.8379,253.337606965163,8.12920175445192,675.4984015252631,-21.00433066513521,675.8248829170734,680.183,15.0,63,2700.0,p2uhs0_1247_circuit_2_fire_stress,p2uhs0_1247,circuit_2,fire_stress,data,,,,,,summer,TX
TX_AUS_urban__TX,TX_AUS_urban,TX,152.516,-16.5047,146.2317968865636,-43.32887992236586,244.465,-0.194778,244.46358739475124,-0.831061423019545,243.652,0.815227,243.62733707949383,3.4666599998671126,634.3227213608087,-40.69328134551829,635.6266655681208,640.633,16.0,64,0.0,p2uhs0_1247_circuit_2_fire_stress,p2uhs0_1247,circuit_2,fire_stress,data,,,,,,summer,TX
TX_AUS_urban__TX,TX_AUS_urban,TX,180.434,-8.47512,178.46365252200818,-26.59235011246521,291.799,4.36177,290.95386845975463,22.19240476613092,250.437,1.46467,250.3551762924262,6.401302413431606,719.772697274189,2.0013570670973104,719.7754796959058,722.67,16.0,65,900.0,p2uhs0_1247_circuit_2_fire_stress,p2uhs0_1247,circuit_2,fire_stress,data,,,,,,summer,TX
TX_AUS_urban__TX,TX_AUS_urban,TX,171.69,-11.2015,168.41931751308067,-33.35250497980805,273.654,2.57708,273.3772363033981,12.30440519147636,254.55,2.62235,254.28343486940105,11.6463406707472,696.0799886858798,-9.401759117584492,696.1434792651869,699.894,16.0,66,1800.0,p2uhs0_1247_circuit_2_fire_stress,p2uhs0_1247,circuit_2,fire_stress,data,,,,,,summer,TX
TX_AUS_urban__TX,TX_AUS_urban,TX,170.854,-11.6553,167.33111346308874,-34.51648567283362,246.203,-0.288855,246.1998712062233,-1.2412199801313104,221.936,-1.4471,221.86521740271937,-5.604766082904164,635.3962020720314,-41.36247173586909,636.7410679983366,638.993,16.0,67,2700.0,p2uhs0_1247_circuit_2_fire_stress,p2uhs0_1247,circuit_2,fire_stress,data,,,,,,summer,TX
TX_AUS_urban__TX,TX_AUS_urban,TX,168.081,-11.8226,164.51543896736723,-34.43679576230141,269.961,2.75834,269.6482210756042,12.9914738102371,258.637,3.20934,258.2313669825404,14.479602043168306,692.3950270255118,-6.965719908895999,692.4300648466301,696.6790000000001,17.0,68,0.0,p2uhs0_1247_circuit_2_fire_stress,p2uhs0_1247,circuit_2,fire_stress,data,,,,,,summer,TX
TX_AUS_urban__TX,TX_AUS_urban,TX,166.251,-11.2928,163.03225996215892,-32.555755445558866,261.817,1.50536,261.726639558801,6.878054540162067,260.071,3.89901,259.469053682925,17.684321357840993,684.2279532038849,-7.993379547555804,684.2746422761617,688.139,17.0,69,900.0,p2uhs0_1247_circuit_2_fire_stress,p2uhs0_1247,circuit_2,fire_stress,data,,,,,,summer,TX
TX_AUS_urban__TX,TX_AUS_urban,TX,167.803,-13.4879,163.17485882221445,-39.13837320776612,270.746,2.21549,270.54361782280586,10.466488014016738,253.824,1.60803,253.72404208004352,7.1227415062110975,687.4425187250638,-21.54914368753828,687.7801844664659,692.373,17.0,70,1800.0,p2uhs0_1247_circuit_2_fire_stress,p2uhs0_1247,circuit_2,fire_stress,data,,,,,,summer,TX
TX_AUS_urban__TX,TX_AUS_urban,TX,170.607,-13.6721,165.77273675766943,-40.32552785609176,275.517,3.20818,275.0852054831419,15.41904709434317,265.754,2.80374,265.43587825199626,12.999348160251635,706.2938204928075,-11.907132601496953,706.3941822191883,711.878,17.0,71,2700.0,p2uhs0_1247_circuit_2_fire_stress,p2uhs0_1247,circuit_2,fire_stress,data,,,,,,summer,TX
TX_AUS_urban__TX,TX_AUS_urban,TX,174.574,-14.4763,169.03147198200088,-43.63992387250533,266.84,1.98471,266.6799239494671,9.24141560078476,253.02,1.1954,252.96493313656805,5.278541769434283,688.676329068036,-29.11996650228628,689.291707963849,694.434,18.0,72,0.0,p2uhs0_1247_circuit_2_fire_stress,p2uhs0_1247,circuit_2,fire_stress,data,,,,,,summer,TX
TX_AUS_urban__TX,TX_AUS_urban,TX,194.3,-8.40774,192.2117781984512,-28.40989830656611,300.728,5.9997,299.08074513757805,31.43306971886619,285.219,3.64102,284.64329080648776,18.11283964079711,775.9358141425168,21.13601105309719,776.2236266903031,780.2470000000001,18.0,73,900.0,p2uhs0_1247_circuit_2_fire_stress,p2uhs0_1247,circuit_2,fire_stress,data,,,,,,summer,TX
TX_AUS_urban__TX,TX_AUS_urban,TX,201.856,-9.91457,198.8413964415745,-34.75548585712201,304.13,3.74773,303.479622149516,19.87903015710262,310.741,3.5822,310.1338702905603,19.41524091011732,812.4548888816507,4.538785210097927,812.4675667612084,816.727,18.0,74,1800.0,p2uhs0_1247_circuit_2_fire_stress,p2uhs0_1247,circuit_2,fire_stress,data,,,,,,summer,TX
TX_AUS_urban__TX,TX_AUS_urban,TX,230.069,-7.3373,228.18508283605024,-29.382183923338427,329.443,4.77177,328.3011396596321,27.405326985583432,335.738,3.80993,334.9960080406568,22.308725665626607,891.4822305363391,20.33186872787161,891.7140529609331,895.25,18.0,75,2700.0,p2uhs0_1247_circuit_2_fire_stress,p2uhs0_1247,circuit_2,fire_stress,data,,,,,,summer,TX
TX_AUS_urban__TX,TX_AUS_urban,TX,210.434,-9.44439,207.58163625125567,-34.530170101686025,326.587,5.11491,325.286497531057,29.11637156270724,344.799,3.4078,344.1893074304788,20.49563493838088,877.0574412127914,15.081836399402096,877.1871048846463,881.8199999999999,19.0,76,0.0,p2uhs0_1247_circuit_2_fire_stress,p2uhs0_1247,circuit_2,fire_stress,data,,,,,,summer,TX
TX_AUS_urban__TX,TX_AUS_urban,TX,236.929,-5.33551,235.9024479521904,-22.03147955004608,326.647,3.65632,325.982118235443,20.830775303229707,348.135,3.54967,347.46710303057466,21.554362355217503,909.351669218208,20.35365810840113,909.579424628952,911.711,19.0,77,900.0,p2uhs0_1247_circuit_2_fire_stress,p2uhs0_1247,circuit_2,fire_stress,data,,,,,,summer,TX
TX_AUS_urban__TX,TX_AUS_urban,TX,264.1,-3.11154,263.71065268917425,-14.335329024815902,360.928,2.89925,360.4660191470821,18.2556901884154,449.067,7.67776,445.0411742057168,59.99603112370765,1069.2178460419732,63.91639228730715,1071.1265599814344,1074.095,19.0,78,1800.0,p2uhs0_1247_circuit_2_fire_stress,p2uhs0_1247,circuit_2,fire_stress,data,,,,,,summer,TX
TX_AUS_urban__TX,TX_AUS_urban,TX,258.439,-4.29084,257.7146233407747,-19.336226036189405,380.943,3.26958,380.3229155837872,21.726691668254904,444.495,6.9133,441.26326708278896,53.50265552683584,1079.3008060073507,55.89312115890134,1080.7470892123654,1083.877,19.0,79,2700.0,p2uhs0_1247_circuit_2_fire_stress,p2uhs0_1247,circuit_2,fire_stress,data,,,,,,summer,TX
TX_AUS_urban__TX,TX_AUS_urban,TX,272.392,-4.1362,271.6825308233455,-19.646987286144267,391.45,3.09477,390.8791103061392,21.133471704409143,416.536,4.62959,415.17697939084354,33.62015883209135,1077.738620520328,35.10664325035623,1078.3102570973567,1080.378,20.0,80,0.0,p2uhs0_1247_circuit_2_fire_stress,p2uhs0_1247,circuit_2,fire_stress,data,,,,,,summer,TX
TX_AUS_urban__TX,TX_AUS_urban,TX,246.403,-5.11196,245.4229290595605,-21.95505182926993,392.989,3.40925,392.2935039125595,23.37008577234192,388.569,3.86514,387.6851905449147,26.192762228394177,1025.4016235170347,27.60779617146616,1025.7732107638683,1027.961,20.0,81,900.0,p2uhs0_1247_circuit_2_fire_stress,p2uhs0_1247,circuit_2,fire_stress,data,,,,,,summer,TX
TX_AUS_urban__TX,TX_AUS_urban,TX,262.739,-4.09927,262.06683318522363,-18.781828059807555,415.921,3.45989,415.1628970353919,25.100740351244266,394.147,3.35386,393.471929991784,23.058575791680124,1070.7016602123997,29.37748808311683,1071.1046083308868,1072.807,20.0,82,1800.0,p2uhs0_1247_circuit_2_fire_stress,p2uhs0_1247,circuit_2,fire_stress,data,,,,,,summer,TX
TX_AUS_urban__TX,TX_AUS_urban,TX,269.86,-3.98598,269.2072328033765,-18.75860885963157,425.526,3.18963,424.8667968221,23.67660520700574,434.471,4.83889,432.9224726489744,36.64945451842327,1126.996502274451,41.56745086579744,1127.7628159814133,1129.857,20.0,83,2700.0,p2uhs0_1247_circuit_2_fire_stress,p2uhs0_1247,circuit_2,fire_stress,data,,,,,,summer,TX
TX_AUS_urban__TX,TX_AUS_urban,TX,284.001,-3.73934,283.39638298855465,-18.521827933669083,439.371,3.46185,438.569247182519,26.53094545542045,484.918,5.08476,483.0096900754036,42.97797130231413,1204.9753202464772,50.98708882406551,1206.0535666502767,1208.29,21.0,84,0.0,p2uhs0_1247_circuit_2_fire_stress,p2uhs0_1247,circuit_2,fire_stress,data,,,,,,summer,TX
TX_AUS_urban__TX,TX_AUS_urban,TX,305.073,-2.16965,304.8542963774132,-11.549602124417088,494.13,4.96584,492.275274980171,42.772778062653686,512.191,5.35283,509.9573882817171,47.781613805836415,1307.0869596393013,79.00478974407301,1309.4724421925105,1311.394,21.0,85,900.0,p2uhs0_1247_circuit_2_fire_stress,p2uhs0_1247,circuit_2,fire_stress,data,,,,,,summer,TX
TX_AUS_urban__TX,TX_AUS_urban,TX,268.547,-3.68224,267.99260444096734,-17.24688881935613,383.354,4.30746,382.2711640022387,28.79316739043336,439.835,4.68003,438.3685396667088,35.88663616831612,1088.632308109915,47.43291473939336,1089.665170436036,1091.736,21.0,86,1800.0,p2uhs0_1247_circuit_2_fire_stress,p2uhs0_1247,circuit_2,fire_stress,data,,,,,,summer,TX
TX_AUS_urban__TX,TX_AUS_urban,TX,287.922,-2.9554,287.53905550234947,-14.844852468677956,389.672,3.62152,388.89385394376296,24.61377558943709,434.713,4.59982,433.31284611517486,34.86215369948923,1109.7457555612873,44.63107682024836,1110.6428656433295,1112.307,21.0,87,2700.0,p2uhs0_1247_circuit_2_fire_stress,p2uhs0_1247,circuit_2,fire_stress,data,,,,,,summer,TX
TX_AUS_urban__TX,TX_AUS_urban,TX,307.166,-1.53576,307.0556636575195,-8.232312666574801,379.276,3.13041,378.7100546324319,20.71180089466999,429.49,3.43591,428.7179752885376,25.74019744479164,1114.483693578489,38.219685672886826,1115.1388467923111,1115.932,22.0,88,0.0,p2uhs0_1247_circuit_2_fire_stress,p2uhs0_1247,circuit_2,fire_stress,data,,,,,,summer,TX
TX_AUS_urban__TX,TX_AUS_urban,TX,300.911,-1.40901,300.820015153411,-7.399216451865326,391.269,3.89377,390.3658214474897,26.569828878383788,440.608,4.95297,438.9627267204036,38.041217306867765,1130.1485633213042,57.211829733386224,1131.5957620275228,1132.788,22.0,89,900.0,p2uhs0_1247_circuit_2_fire_stress,p2uhs0_1247,circuit_2,fire_stress,data,,,,,,summer,TX
TX_AUS_urban__TX,TX_AUS_urban,TX,314.336,0.38835,314.32877955742737,2.13054874110588,368.124,3.90377,367.2698791898458,25.062226873844743,419.865,5.45895,417.9607494477456,39.94283597942035,1099.559408195019,67.13561159437097,1101.607045408811,1102.325,22.0,90,1800.0,p2uhs0_1247_circuit_2_fire_stress,p2uhs0_1247,circuit_2,fire_stress,data,,,,,,summer,TX
TX_AUS_urban__TX,TX_AUS_urban,TX,329.257,1.99137,329.0581525810715,11.4413403468412,371.995,4.47259,370.8621837413892,29.008976120643226,420.985,5.37964,419.1307054915888,39.469253085447214,1119.0510418140495,79.91956955293165,1121.9012308499512,1122.237,22.0,91,2700.0,p2uhs0_1247_circuit_2_fire_stress,p2uhs0_1247,circuit_2,fire_stress,data,,,,,,summer,TX
TX_AUS_urban__TX,TX_AUS_urban,TX,297.852,0.766946,297.82531615870806,3.986848249628081,381.253,5.13333,379.7238649209743,34.11211542073667,399.66,5.45276,397.8514922321269,37.97770041313504,1075.4006733118092,76.0766640834998,1078.0882463776172,1078.765,23.0,92,0.0,p2uhs0_1247_circuit_2_fire_stress,p2uhs0_1247,circuit_2,fire_stress,data,,,,,,summer,TX
TX_AUS_urban__TX,TX_AUS_urban,TX,301.404,1.58288,301.28898827625034,8.32566871028927,400.976,5.56261,399.0877513185109,38.867972979490006,409.275,4.80899,407.83423638094587,34.31124102347124,1108.2109759757072,81.50488271325051,1111.2041275927345,1111.655,23.0,93,900.0,p2uhs0_1247_circuit_2_fire_stress,p2uhs0_1247,circuit_2,fire_stress,data,,,,,,summer,TX
TX_AUS_urban__TX,TX_AUS_urban,TX,291.578,3.98345,290.8735936037624,20.255434530842383,377.247,6.40967,374.8888637185434,42.11459211270376,393.666,7.02605,390.7098203459643,48.15346136285832,1056.4722776682702,110.52348800640443,1062.2377864125738,1062.491,23.0,94,1800.0,p2uhs0_1247_circuit_2_fire_stress,p2uhs0_1247,circuit_2,fire_stress,data,,,,,,summer,TX
TX_AUS_urban__TX,TX_AUS_urban,TX,284.607,1.67199,284.48582672424743,8.304146074189251,395.423,6.02658,393.2376144048576,41.51538926923993,394.806,6.35345,392.3811624226623,43.689827326739895,1070.1046035517672,93.50936267016908,1074.1824162821072,1074.836,23.0,95,2700.0,p2uhs0_1247_circuit_2_fire_stress,p2uhs0_1247,circuit_2,fire_stress,data,,,,,,summer,TX
TX_AUS_urban__TX,TX_AUS_urban,TX,293.402,2.01694,293.2202271908628,10.326275714836132,370.658,5.29622,369.075583168557,34.21354808828771,385.264,5.03064,383.7799428340927,33.783208466049416,1046.0757531935124,78.32303226917325,1049.0038030451617,1049.324,24.0,96,0.0,p2uhs0_1247_circuit_2_fire_stress,p2uhs0_1247,circuit_2,fire_stress,data,,,,,,summer,TX
TX_AUS_urban__TX,TX_AUS_urban,TX,,,,,,,,,,,,,,,,,,0,,p2uhs0_1247_circuit_2_fire_stress,p2uhs0_1247,circuit_2,fire_stress,summary,588.0,136.0,0.0,0.0,75.0,summer,TX
TX_AUS_urban__NC,TX_AUS_urban,NC,626.601,5.28729,623.9349157437643,57.74109556305404,386.021,-0.263052,386.0169316517224,-1.7722638600198055,421.891,1.27623,421.7863438046164,9.396598370367991,1431.738191200103,65.36543007340222,1433.2295306717706,1434.513,0.0,1,900.0,p2uhs0_1247_circuit_1_fire_baseline,p2uhs0_1247,circuit_1,fire_baseline,data,,,,,,summer,NC
TX_AUS_urban__NC,TX_AUS_urban,NC,572.771,3.70278,571.5753325072781,36.9899676965868,358.356,-1.64528,358.2082630210714,-10.288976597646778,406.795,-0.604738,406.772341516874,-4.29350694417112,1336.5559370452231,22.407484154768905,1336.743755622962,1337.922,0.0,2,1800.0,p2uhs0_1247_circuit_1_fire_baseline,p2uhs0_1247,circuit_1,fire_baseline,data,,,,,,summer,NC
TX_AUS_urban__NC,TX_AUS_urban,NC,534.962,1.35939,534.8114379766913,12.691227415174176,365.082,-0.941819,365.0326780456806,-6.000890167174234,391.826,-0.551735,391.8078333142451,-3.773066338766844,1291.651949336617,2.9172709092331,1291.6552437452654,1291.87,0.0,3,2700.0,p2uhs0_1247_circuit_1_fire_baseline,p2uhs0_1247,circuit_1,fire_baseline,data,,,,,,summer,NC
TX_AUS_urban__NC,TX_AUS_urban,NC,518.277,0.906546,518.2121279969997,8.19994669624017,321.865,-4.20477,320.99866061082497,-23.599536246638326,381.888,-1.64021,381.7315303890005,-10.930839440389772,1220.9423189968252,-26.33042899078793,1221.2262025555233,1222.03,1.0,4,0.0,p2uhs0_1247_circuit_1_fire_baseline,p2uhs0_1247,circuit_1,fire_baseline,data,,,,,,summer,NC
TX_AUS_urban__NC,TX_AUS_urban,NC,561.247,2.52354,560.7027117607252,24.71161737258665,330.087,-2.58707,329.75056921219584,-14.899317878104624,377.734,-2.09025,377.48266144534864,-13.777338790066054,1267.9359424182696,-3.9650392955840257,1267.942142060402,1269.068,1.0,5,900.0,p2uhs0_1247_circuit_1_fire_baseline,p2uhs0_1247,circuit_1,fire_baseline,data,,,,,,summer,NC
TX_AUS_urban__NC,TX_AUS_urban,NC,515.89,0.651374,515.8566621175871,5.864831532233247,304.835,-5.67682,303.33998858043844,-30.15341693771133,351.864,-3.55241,351.187906728636,-21.8020334730237,1170.3845574266616,-46.09061887850179,1171.2917473505076,1172.589,1.0,6,1800.0,p2uhs0_1247_circuit_1_fire_baseline,p2uhs0_1247,circuit_1,fire_baseline,data,,,,,,summer,NC
TX_AUS_urban__NC,TX_AUS_urban,NC,548.487,0.638248,548.4529697207955,6.109760505953315,310.572,-5.72921,309.02063272825984,-31.00347935677441,368.249,-3.44665,367.5829149049384,-22.13880464227539,1225.0565173539935,-47.03252349309648,1225.9590241837711,1227.308,1.0,7,2700.0,p2uhs0_1247_circuit_1_fire_baseline,p2uhs0_1247,circuit_1,fire_baseline,data,,,,,,summer,NC
TX_AUS_urban__NC,TX_AUS_urban,NC,556.38,1.81034,556.1022971010976,17.57667655965035,315.141,-4.68256,314.08914806543373,-25.726580583708607,383.431,-2.03459,383.1892757975097,-13.61288635007617,1253.380720964041,-21.76279037413443,1253.5696433502242,1254.952,2.0,8,0.0,p2uhs0_1247_circuit_1_fire_baseline,p2uhs0_1247,circuit_1,fire_baseline,data,,,,,,summer,NC
TX_AUS_urban__NC,TX_AUS_urban,NC,536.102,1.27234,535.9698215418622,11.90398254301268,316.269,-5.10364,315.01512496627043,-28.13452333850768,349.278,-4.68536,348.1108145289273,-28.53037139622949,1199.09576103706,-44.76091219172449,1199.9309077598098,1201.649,2.0,9,900.0,p2uhs0_1247_circuit_1_fire_baseline,p2uhs0_1247,circuit_1,fire_baseline,data,,,,,,summer,NC
TX_AUS_urban__NC,TX_AUS_urban,NC,530.779,0.864718,530.7185523771303,8.010306094228138,307.277,-6.33619,305.39998160347284,-33.91173787346244,374.948,-3.52739,374.2376611570592,-23.06893312864953,1210.3561951376623,-48.97036490788384,1211.3464474490072,1213.004,2.0,10,1800.0,p2uhs0_1247_circuit_1_fire_baseline,p2uhs0_1247,circuit_1,fire_baseline,data,,,,,,summer,NC
TX_AUS_urban__NC,TX_AUS_urban,NC,522.309,0.234346,522.3046311540282,2.1362949362090906,310.26,-6.2039,308.442996558454,-33.52887522780213,382.27,-3.70967,381.46903453399017,-24.733147630364225,1212.2166622464724,-56.125727921957264,1213.5152794929068,1214.839,2.0,11,2700.0,p2uhs0_1247_circuit_1_fire_baseline,p2uhs0_1247,circuit_1,fire_baseline,data,,,,,,summer,NC
TX_AUS_urban__NC,TX_AUS_urban,NC,522.695,0.253844,522.6898701321181,2.3157474537432514,314.362,-5.72202,312.795636560717,-31.342571569286378,377.045,-3.72574,376.2481254134037,-24.500615255533067,1211.733632106239,-53.52743937107619,1212.915323484291,1214.102,3.0,12,0.0,p2uhs0_1247_circuit_1_fire_baseline,p2uhs0_1247,circuit_1,fire_baseline,data,,,,,,summer,NC
TX_AUS_urban__NC,TX_AUS_urban,NC,520.685,0.225423,520.6809700867597,2.048564011880369,313.996,-5.83402,312.36966719107767,-31.916751635079823,368.026,-4.07176,367.0970661272906,-26.131986467462152,1200.147703405128,-56.0001740906616,1201.453507001743,1202.707,3.0,13,900.0,p2uhs0_1247_circuit_1_fire_baseline,p2uhs0_1247,circuit_1,fire_baseline,data,,,,,,summer,NC
TX_AUS_urban__NC,TX_AUS_urban,NC,541.883,0.477385,541.8641910179815,4.51488443135761,322.287,-6.08926,320.46860701395525,-34.187458044363254,384.021,-3.47751,383.3138962101811,-23.29346288490665,1245.646694242118,-52.96603649791229,1246.7722678575326,1248.191,3.0,14,1800.0,p2uhs0_1247_circuit_1_fire_baseline,p2uhs0_1247,circuit_1,fire_baseline,data,,,,,,summer,NC
TX_AUS_urban__NC,TX_AUS_urban,NC,559.469,0.801075,559.4143185466174,7.821902966909445,337.578,-5.26922,336.1514551639316,-31.001697940133145,399.878,-2.98276,399.3362601461458,-20.807840264904115,1294.9020338566947,-43.987635238127815,1295.648945254866,1296.925,3.0,15,2700.0,p2uhs0_1247_circuit_1_fire_baseline,p2uhs0_1247,circuit_1,fire_baseline,data,,,,,,summer,NC
TX_AUS_urban__NC,TX_AUS_urban,NC,556.29,0.579367,556.2615599862886,5.625031699514334,330.971,-5.00844,329.70730265871094,-28.89459144056512,403.944,-2.72526,403.4871433990259,-19.206255431341106,1289.4560060440251,-42.47581517239189,1290.1554117227772,1291.205,4.0,16,0.0,p2uhs0_1247_circuit_1_fire_baseline,p2uhs0_1247,circuit_1,fire_baseline,data,,,,,,summer,NC
TX_AUS_urban__NC,TX_AUS_urban,NC,584.707,1.30069,584.5563420741579,13.27248243095704,334.23,-5.15556,332.8778377362096,-30.033948193099256,407.746,-2.94154,407.20875971278514,-20.92430474771422,1324.6429395231526,-37.68577050985644,1325.1789066112772,1326.683,4.0,17,900.0,p2uhs0_1247_circuit_1_fire_baseline,p2uhs0_1247,circuit_1,fire_baseline,data,,,,,,summer,NC
TX_AUS_urban__NC,TX_AUS_urban,NC,560.256,0.72762,560.2108232822189,7.114704031679833,335.348,-5.05978,334.04122304155027,-29.57604457843018,402.187,-3.35874,401.4961541248151,-23.56313204951167,1295.7482004485844,-46.024472596262015,1296.5653284904347,1297.7910000000002,4.0,18,1800.0,p2uhs0_1247_circuit_1_fire_baseline,p2uhs0_1247,circuit_1,fire_baseline,data,,,,,,summer,NC
TX_AUS_urban__NC,TX_AUS_urban,NC,572.347,0.679111,572.3067968024419,6.783711574678945,348.936,-5.01367,347.6009274403482,-30.494710010258625,404.739,-3.38061,404.0346898610807,-23.86687055020689,1323.9424141038708,-47.57786898578658,1324.7970295409082,1326.022,4.0,19,2700.0,p2uhs0_1247_circuit_1_fire_baseline,p2uhs0_1247,circuit_1,fire_baseline,data,,,,,,summer,NC
TX_AUS_urban__NC,TX_AUS_urban,NC,568.15,1.4741,567.9619740953281,14.615692995471312,337.452,-4.98339,336.1764053244688,-29.31342366763788,399.817,-3.37885,399.1219789564719,-23.564367228288067,1303.2603583762686,-38.26209790045464,1303.82190112407,1305.419,5.0,20,0.0,p2uhs0_1247_circuit_1_fire_baseline,p2uhs0_1247,circuit_1,fire_baseline,data,,,,,,summer,NC
TX_AUS_urban__NC,TX_AUS_urban,NC,630.429,2.98301,629.5747750758736,32.80741728882488,377.216,-3.02964,376.6887753534751,-19.936829705326225,420.213,-2.66541,419.7583848073798,-19.54133447079965,1426.0219352367285,-6.670746887301,1426.0375375986212,1427.858,5.0,21,900.0,p2uhs0_1247_circuit_1_fire_baseline,p2uhs0_1247,circuit_1,fire_baseline,data,,,,,,summer,NC
TX_AUS_urban__NC,TX_AUS_urban,NC,669.104,2.66683,668.3793461191302,31.13217784486045,409.54,-1.7179,409.3559294587275,-12.277402696879214,452.995,-1.66651,452.8033965264788,-13.173994044497404,1530.5386721043365,5.680781103483831,1530.5492145242672,1531.639,5.0,22,1800.0,p2uhs0_1247_circuit_1_fire_baseline,p2uhs0_1247,circuit_1,fire_baseline,data,,,,,,summer,NC
TX_AUS_urban__NC,TX_AUS_urban,NC,663.909,2.42242,663.3157093712053,28.061182839907698,404.703,-2.56449,404.29768686492383,-18.10797074969985,446.26,-1.38956,446.12876610416464,-10.821813820961648,1513.7421623402938,-0.8686017307537988,1513.7424115468375,1514.872,5.0,23,2700.0,p2uhs0_1247_circuit_1_fire_baseline,p2uhs0_1247,circuit_1,fire_baseline,data,,,,,,summer,NC
TX_AUS_urban__NC,TX_AUS_urban,NC,672.424,2.44644,671.8111261377728,28.7027276316644,397.026,-2.23504,396.7239636485406,-15.483583015291842,452.583,-1.06401,452.5049627575395,-8.404199473943835,1521.0400525438529,4.814945142428721,1521.047673526156,1522.033,6.0,24,0.0,p2uhs0_1247_circuit_1_fire_baseline,p2uhs0_1247,circuit_1,fire_baseline,data,,,,,,summer,NC
TX_AUS_urban__NC,TX_AUS_urban,NC,656.092,2.78269,655.3183691704685,31.85196213355608,402.501,-0.733103,402.4680530079076,-5.149884369966722,453.996,-1.29992,453.8791600430806,-10.299324957858568,1511.6655822214568,16.402752805730792,1511.7545709448152,1512.589,6.0,25,900.0,p2uhs0_1247_circuit_1_fire_baseline,p2uhs0_1247,circuit_1,fire_baseline,data,,,,,,summer,NC
TX_AUS_urban__NC,TX_AUS_urban,NC,721.187,2.47277,720.5154587971317,31.1153113974248,435.125,-0.606914,435.1005888057604,-4.6090395833207705,489.951,0.102348,489.9502183074132,0.8752037009693389,1645.5662659103054,27.38147551507337,1645.7940578041255,1646.263,6.0,26,1800.0,p2uhs0_1247_circuit_1_fire_baseline,p2uhs0_1247,circuit_1,fire_baseline,data,,,,,,summer,NC
TX_AUS_urban__NC,TX_AUS_urban,NC,732.619,2.43016,731.9601181481863,31.064201285292487,464.246,-0.277275,464.2405638242317,-2.246645534889198,495.655,0.125734,495.6538065354571,1.0877002857788511,1691.854488507875,29.90525603618214,1692.1187708381565,1692.52,6.0,27,2700.0,p2uhs0_1247_circuit_1_fire_baseline,p2uhs0_1247,circuit_1,fire_baseline,data,,,,,,summer,NC
TX_AUS_urban__NC,TX_AUS_urban,NC,702.945,2.37307,702.3421557831077,29.10617176711763,436.414,-0.293038,436.408292178932,-2.2320200420025205,501.572,0.329823,501.5636896617735,2.887281916992219,1640.3141376238132,29.761433642107328,1640.5841072681972,1640.931,7.0,28,0.0,p2uhs0_1247_circuit_1_fire_baseline,p2uhs0_1247,circuit_1,fire_baseline,data,,,,,,summer,NC
TX_AUS_urban__NC,TX_AUS_urban,NC,764.174,3.83932,762.4590040122242,51.168051327825935,473.395,2.0928,473.0792411194111,17.287499729054634,534.044,1.88504,533.7549960718936,17.56696058778629,1769.293241203529,86.02251164466685,1771.3832013085555,1771.6129999999998,7.0,29,900.0,p2uhs0_1247_circuit_1_fire_baseline,p2uhs0_1247,circuit_1,fire_baseline,data,,,,,,summer,NC
TX_AUS_urban__NC,TX_AUS_urban,NC,798.743,4.26765,796.5283321665867,59.43901164147832,503.22,2.83906,502.60234933582507,24.92482381300371,541.528,2.44919,541.0333198544015,23.14133944535084,1840.1640013568133,107.50517489983288,1843.3016341661944,1843.491,7.0,30,1800.0,p2uhs0_1247_circuit_1_fire_baseline,p2uhs0_1247,circuit_1,fire_baseline,data,,,,,,summer,NC
TX_AUS_urban__NC,TX_AUS_urban,NC,769.932,4.06821,767.9920016105837,54.62206592732783,499.535,2.99722,498.8516725499379,26.11943757299479,505.211,2.42688,504.7578633283149,21.392847618636363,1771.6015374888364,102.134351118959,1774.5431618620323,1774.678,7.0,31,2700.0,p2uhs0_1247_circuit_1_fire_baseline,p2uhs0_1247,circuit_1,fire_baseline,data,,,,,,summer,NC
TX_AUS_urban__NC,TX_AUS_urban,NC,768.148,3.73518,766.5163053088758,50.04101917058095,491.24,2.87473,490.6218107115391,24.636892136199627,548.595,3.9664,547.2809976078493,37.94711691759076,1804.419113628264,112.62502822437132,1807.9305115544544,1807.983,8.0,32,0.0,p2uhs0_1247_circuit_1_fire_baseline,p2uhs0_1247,circuit_1,fire_baseline,data,,,,,,summer,NC
TX_AUS_urban__NC,TX_AUS_urban,NC,712.281,2.90373,711.3664749499469,36.08270054037714,440.871,0.868515,440.8203496322561,6.682663473154222,548.085,3.52044,547.0507395593702,33.65494870811932,1699.237564141573,76.42031272165067,1700.9551327375632,1701.237,8.0,33,900.0,p2uhs0_1247_circuit_1_fire_baseline,p2uhs0_1247,circuit_1,fire_baseline,data,,,,,,summer,NC
TX_AUS_urban__NC,TX_AUS_urban,NC,730.888,3.83401,729.2522384636492,48.8716813682221,478.597,3.13379,477.8813079019555,26.163791141888435,542.241,3.50221,541.2283339861248,33.12389728887295,1748.3618803517293,108.15936979898348,1751.7042312965816,1751.726,8.0,34,1800.0,p2uhs0_1247_circuit_1_fire_baseline,p2uhs0_1247,circuit_1,fire_baseline,data,,,,,,summer,NC
TX_AUS_urban__NC,TX_AUS_urban,NC,705.781,3.05086,704.7806853146251,37.56335406279983,467.085,3.34693,466.288308066952,27.2692314717372,524.923,3.48059,523.9547388255565,31.86828503767968,1695.0237322071334,96.70087057221672,1697.77987710858,1697.789,8.0,35,2700.0,p2uhs0_1247_circuit_1_fire_baseline,p2uhs0_1247,circuit_1,fire_baseline,data,,,,,,summer,NC
TX_AUS_urban__NC,TX_AUS_urban,NC,707.5,3.86869,705.8878181090637,47.73508400773335,443.814,2.15862,443.4990607711342,16.716748820325023,493.644,2.24722,493.2643581240358,19.356439251136607,1642.6512370042335,83.80827207919498,1644.787801784911,1644.958,9.0,36,0.0,p2uhs0_1247_circuit_1_fire_baseline,p2uhs0_1247,circuit_1,fire_baseline,data,,,,,,summer,NC
TX_AUS_urban__NC,TX_AUS_urban,NC,676.599,3.75469,675.1467250785163,44.30695675347543,422.282,1.53011,422.1314271033579,11.275893564698864,482.475,1.70955,482.2602510994574,14.393603943709104,1579.5384032813315,69.9764542618834,1581.0876862437467,1581.3560000000002,9.0,37,900.0,p2uhs0_1247_circuit_1_fire_baseline,p2uhs0_1247,circuit_1,fire_baseline,data,,,,,,summer,NC
TX_AUS_urban__NC,TX_AUS_urban,NC,745.539,5.64258,741.9265693088776,73.30324873127607,470.099,3.88215,469.0203202313123,31.827802486461724,512.253,3.20323,511.4526639584451,28.623566144173303,1722.399553498635,133.7546173619111,1727.5851699866869,1727.891,9.0,38,1800.0,p2uhs0_1247_circuit_1_fire_baseline,p2uhs0_1247,circuit_1,fire_baseline,data,,,,,,summer,NC
TX_AUS_urban__NC,TX_AUS_urban,NC,689.122,4.38739,687.1026057565426,52.71754970186965,446.697,2.54313,446.257049723126,19.820579744585263,482.835,1.72238,482.6168532606951,14.512414469849023,1615.9765087403637,87.05054391630394,1618.3194598091004,1618.654,9.0,39,2700.0,p2uhs0_1247_circuit_1_fire_baseline,p2uhs0_1247,circuit_1,fire_baseline,data,,,,,,summer,NC
TX_AUS_urban__NC,TX_AUS_urban,NC,675.648,4.17785,673.8526113018783,49.22274012730191,446.204,2.37943,445.81928276168486,18.52502992863621,500.847,2.18477,500.4829268588667,19.093384503075324,1620.1548209224295,86.84115455901345,1622.4805175666463,1622.699,10.0,40,0.0,p2uhs0_1247_circuit_1_fire_baseline,p2uhs0_1247,circuit_1,fire_baseline,data,,,,,,summer,NC
TX_AUS_urban__NC,TX_AUS_urban,NC,748.583,6.0668,744.3904500003528,79.1161540854477,490.472,4.13937,489.19256405192624,35.40364473189175,554.685,4.85663,552.6934961540585,46.96113855097222,1786.2765102063374,161.4809373683117,1793.56066639751,1793.7399999999998,10.0,41,900.0,p2uhs0_1247_circuit_1_fire_baseline,p2uhs0_1247,circuit_1,fire_baseline,data,,,,,,summer,NC
TX_AUS_urban__NC,TX_AUS_urban,NC,741.082,5.95893,737.0776127457793,76.93584023706313,516.119,5.15714,514.0297077103274,46.39269071993375,544.727,4.85316,542.7740407394585,46.08519532735558,1793.8813611955652,169.41372628435244,1801.863299115225,1801.928,10.0,42,1800.0,p2uhs0_1247_circuit_1_fire_baseline,p2uhs0_1247,circuit_1,fire_baseline,data,,,,,,summer,NC
TX_AUS_urban__NC,TX_AUS_urban,NC,771.997,6.12325,767.5925575317815,82.34703170618003,498.489,4.07795,497.22693776678136,35.4493368071853,543.701,5.0717,541.5723297407384,48.06442614022332,1806.3918250393008,165.86079465358864,1813.9904158434624,1814.187,10.0,43,2700.0,p2uhs0_1247_circuit_1_fire_baseline,p2uhs0_1247,circuit_1,fire_baseline,data,,,,,,summer,NC
TX_AUS_urban__NC,TX_AUS_urban,NC,762.312,5.45291,758.8622603018867,72.44070149792525,495.011,3.26379,494.2080905586504,28.182500729580383,560.409,5.19792,558.1044234455771,50.77105288921887,1811.1747743061144,151.39425511672448,1817.491205911366,1817.732,11.0,44,0.0,p2uhs0_1247_circuit_1_fire_baseline,p2uhs0_1247,circuit_1,fire_baseline,data,,,,,,summer,NC
TX_AUS_urban__NC,TX_AUS_urban,NC,780.129,5.62083,776.3780287918889,76.4095088992253,491.071,3.1068,490.3492459871077,26.6147327785756,546.959,4.54758,545.2370830360247,43.366703395197725,1811.9643578150208,146.39094507299862,1817.868296327148,1818.159,11.0,45,900.0,p2uhs0_1247_circuit_1_fire_baseline,p2uhs0_1247,circuit_1,fire_baseline,data,,,,,,summer,NC
TX_AUS_urban__NC,TX_AUS_urban,NC,766.147,6.34412,761.4552391564513,84.65898871467623,468.338,3.58806,467.419960020892,29.30978024598237,543.881,5.10251,541.7256921626155,48.3716509118219,1770.6008913399587,162.34041987248048,1778.0275386894966,1778.366,11.0,46,1800.0,p2uhs0_1247_circuit_1_fire_baseline,p2uhs0_1247,circuit_1,fire_baseline,data,,,,,,summer,NC
TX_AUS_urban__NC,TX_AUS_urban,NC,743.694,5.76053,739.938411167697,74.64524977936742,481.756,3.55571,480.8286041452581,29.87803493743583,553.006,5.46593,550.491490287001,52.67594477175111,1771.2585055999562,157.19922948855435,1778.2205407125364,1778.4559999999997,11.0,47,2700.0,p2uhs0_1247_circuit_1_fire_baseline,p2uhs0_1247,circuit_1,fire_baseline,data,,,,,,summer,NC
TX_AUS_urban__NC,TX_AUS_urban,NC,734.402,4.9495,731.6635100071057,63.3624946485061,465.065,3.51205,464.19157867577655,28.48916480857913,527.663,4.6085,525.957049552599,42.39603277342084,1721.8121382354811,134.24769223050606,1727.037776727613,1727.13,12.0,48,0.0,p2uhs0_1247_circuit_1_fire_baseline,p2uhs0_1247,circuit_1,fire_baseline,data,,,,,,summer,NC
TX_AUS_urban__NC,TX_AUS_urban,NC,729.36,4.71277,726.8941065780964,59.92468124263188,444.973,2.81839,444.43476367432334,21.87947821014851,529.917,4.51211,528.274643291798,41.6884653582207,1699.6035135442175,123.49262481100108,1704.0840741097722,1704.25,12.0,49,900.0,p2uhs0_1247_circuit_1_fire_baseline,p2uhs0_1247,circuit_1,fire_baseline,data,,,,,,summer,NC
TX_AUS_urban__NC,TX_AUS_urban,NC,667.586,4.50856,665.52022241836,52.47762330952592,381.519,0.0386731,381.518913092178,0.2575149765647129,484.76,3.98428,483.5884085215315,33.68246938115317,1530.6275440320696,86.4176076672438,1533.065126295871,1533.865,12.0,50,1800.0,p2uhs0_1247_circuit_1_fire_baseline,p2uhs0_1247,circuit_1,fire_baseline,data,,,,,,summer,NC
TX_AUS_urban__NC,TX_AUS_urban,NC,727.697,6.21129,723.42517384943,78.7333579235754,405.412,1.27086,405.31227616886287,8.991581107648889,487.594,4.23573,486.26219136438834,36.01374856222232,1614.9996413826814,123.7386875934466,1619.7330349392575,1620.703,12.0,51,2700.0,p2uhs0_1247_circuit_1_fire_baseline,p2uhs0_1247,circuit_1,fire_baseline,data,,,,,,summer,NC
TX_AUS_urban__NC,TX_AUS_urban,NC,683.878,5.93532,680.2119089669902,70.71688471279808,418.447,3.06881,417.84693074908216,22.40165780855773,483.724,4.45865,482.2601048693176,37.60451339180933,1580.31894458539,130.72305591316513,1585.7163945557093,1586.049,13.0,52,0.0,p2uhs0_1247_circuit_1_fire_baseline,p2uhs0_1247,circuit_1,fire_baseline,data,,,,,,summer,NC
TX_AUS_urban__NC,TX_AUS_urban,NC,669.737,6.17488,665.8513320799964,72.03924441784727,416.421,3.05852,415.8278331383436,22.21851544252811,454.691,3.76266,453.7108896738117,29.83846632114738,1535.3900548921515,124.09622618152277,1540.3968625046662,1540.849,13.0,53,900.0,p2uhs0_1247_circuit_1_fire_baseline,p2uhs0_1247,circuit_1,fire_baseline,data,,,,,,summer,NC
TX_AUS_urban__NC,TX_AUS_urban,NC,692.887,5.50076,689.6962047381055,66.41942440922782,416.542,2.44228,416.1636369789372,17.75007099882521,466.608,3.40392,465.784795248394,27.70469598121715,1571.6446369654368,111.87419138927018,1575.621369365503,1576.0369999999998,13.0,54,1800.0,p2uhs0_1247_circuit_1_fire_baseline,p2uhs0_1247,circuit_1,fire_baseline,data,,,,,,summer,NC
TX_AUS_urban__NC,TX_AUS_urban,NC,639.592,4.43984,637.6726902283621,49.51228737317015,378.22,0.624517,378.1975325667723,4.122470182459896,428.529,1.45883,428.3901036394598,10.909763735887068,1444.2603264345942,64.54452129151711,1445.7018661334405,1446.341,13.0,55,2700.0,p2uhs0_1247_circuit_1_fire_baseline,p2uhs0_1247,circuit_1,fire_baseline,data,,,,,,summer,NC
TX_AUS_urban__NC,TX_AUS_urban,NC,639.239,4.47288,637.2921077210253,49.85246791777868,378.968,0.464736,378.9555337012732,3.073841437557953,414.908,0.638789,414.8822138260781,4.625701543816464,1431.1298552483763,57.55201089915309,1432.2865972080365,1433.1150000000002,14.0,56,0.0,p2uhs0_1247_circuit_1_fire_baseline,p2uhs0_1247,circuit_1,fire_baseline,data,,,,,,summer,NC
TX_AUS_urban__NC,TX_AUS_urban,NC,629.964,4.49914,628.0227730391368,49.41697927061952,380.589,1.44643,380.46773017581023,9.606935820899707,417.862,0.986853,417.80001996559696,7.196829909538717,1426.290523180544,66.22074500105794,1427.8269655609972,1428.4150000000002,14.0,57,900.0,p2uhs0_1247_circuit_1_fire_baseline,p2uhs0_1247,circuit_1,fire_baseline,data,,,,,,summer,NC
TX_AUS_urban__NC,TX_AUS_urban,NC,688.417,4.84071,685.9615216413906,58.0926563037708,402.488,0.940343,402.43379485385,6.605369295454881,437.326,1.85374,437.09712951202,14.146718642584377,1525.4924460072607,78.84474424181006,1527.5286237972014,1528.231,14.0,58,1800.0,p2uhs0_1247_circuit_1_fire_baseline,p2uhs0_1247,circuit_1,fire_baseline,data,,,,,,summer,NC
TX_AUS_urban__NC,TX_AUS_urban,NC,668.204,4.20837,666.4023667586733,49.03540755860518,393.678,1.38767,393.56254385440576,9.533716948229888,430.869,1.81526,430.6527722962679,13.648621708395725,1490.617682909347,72.21774621523079,1492.3660675150843,1492.7510000000002,14.0,59,2700.0,p2uhs0_1247_circuit_1_fire_baseline,p2uhs0_1247,circuit_1,fire_baseline,data,,,,,,summer,NC
TX_AUS_urban__NC,TX_AUS_urban,NC,629.977,4.64804,627.9051850700337,51.04996661278757,384.602,2.44299,384.2524463357048,16.393775923388635,401.098,0.672983,401.0703319577297,4.711096190539843,1413.227963363468,72.15483872671605,1415.0687605852,1415.677,15.0,60,0.0,p2uhs0_1247_circuit_1_fire_baseline,p2uhs0_1247,circuit_1,fire_baseline,data,,,,,,summer,NC
TX_AUS_urban__NC,TX_AUS_urban,NC,618.354,5.13864,615.868766650302,55.38349556172737,371.383,1.31723,371.2848589144396,8.537343256817037,415.164,2.27994,414.8353497584027,16.516037261514363,1401.988975323144,80.43687608005877,1404.294548149055,1404.901,15.0,61,900.0,p2uhs0_1247_circuit_1_fire_baseline,p2uhs0_1247,circuit_1,fire_baseline,data,,,,,,summer,NC
TX_AUS_urban__NC,TX_AUS_urban,NC,576.577,5.91767,573.5044607369454,59.44468389877676,341.249,0.0880563,341.24859698899314,0.5244559502435706,389.65,1.39471,389.53456279456697,9.48403334270543,1304.2876205205057,69.45317319172577,1306.1354984493155,1307.476,15.0,62,1800.0,p2uhs0_1247_circuit_1_fire_baseline,p2uhs0_1247,circuit_1,fire_baseline,data,,,,,,summer,NC
TX_AUS_urban__NC,TX_AUS_urban,NC,666.336,8.55642,658.9195695549383,99.13962756403122,388.597,3.68009,387.7957062551561,24.94230580889948,426.078,4.23063,424.91701499114095,31.432347271854457,1471.6322908012353,155.51428064478517,1479.826439422325,1481.011,15.0,63,2700.0,p2uhs0_1247_circuit_1_fire_baseline,p2uhs0_1247,circuit_1,fire_baseline,data,,,,,,summer,NC
TX_AUS_urban__NC,TX_AUS_urban,NC,571.866,6.24863,568.4685103854532,62.24367161522418,371.13,3.62205,370.3886640759741,23.445989508127607,409.982,3.78337,409.0885107080559,27.05237014874796,1347.945685169483,112.74203127209974,1352.6523336698112,1352.978,16.0,64,0.0,p2uhs0_1247_circuit_1_fire_baseline,p2uhs0_1247,circuit_1,fire_baseline,data,,,,,,summer,NC
TX_AUS_urban__NC,TX_AUS_urban,NC,599.708,7.51295,594.5597074235462,78.41198615280106,384.983,4.22619,383.9361910802448,28.370961700191824,400.804,3.92902,399.8619909567133,27.46333199255478,1378.3578894605043,134.24627984554766,1384.8799713658889,1385.495,16.0,65,900.0,p2uhs0_1247_circuit_1_fire_baseline,p2uhs0_1247,circuit_1,fire_baseline,data,,,,,,summer,NC
TX_AUS_urban__NC,TX_AUS_urban,NC,643.977,8.32632,637.1890777851281,93.25478904773657,420.643,5.17267,418.92993850069206,37.9241358082996,447.643,5.52962,445.5599006013744,43.13502550240708,1501.6789168871946,174.31395035844324,1511.7621911904876,1512.263,16.0,66,1800.0,p2uhs0_1247_circuit_1_fire_baseline,p2uhs0_1247,circuit_1,fire_baseline,data,,,,,,summer,NC
TX_AUS_urban__NC,TX_AUS_urban,NC,683.406,8.28083,676.2808311351664,98.42762963278392,442.231,5.57132,440.14195445856376,42.93387108560773,456.768,5.63338,454.56198421364434,44.83757722886632,1570.9847698073745,186.199077947258,1581.9807974798994,1582.405,16.0,67,2700.0,p2uhs0_1247_circuit_1_fire_baseline,p2uhs0_1247,circuit_1,fire_baseline,data,,,,,,summer,NC
TX_AUS_urban__NC,TX_AUS_urban,NC,630.157,7.26651,625.0959216401258,79.70529090268597,417.878,5.04891,416.2566063906265,36.77581433712921,471.053,5.63763,468.774561896329,46.274603487278426,1510.1270899270812,162.7557087270936,1518.8723608173575,1519.0880000000002,17.0,68,0.0,p2uhs0_1247_circuit_1_fire_baseline,p2uhs0_1247,circuit_1,fire_baseline,data,,,,,,summer,NC
TX_AUS_urban__NC,TX_AUS_urban,NC,650.313,8.43594,643.2769415196527,95.40322048086844,411.925,4.66301,410.561560543414,33.487469733567856,484.67,6.76499,481.2955686162736,57.092771261674976,1535.1340706793403,185.98346147611127,1546.359098949257,1546.908,17.0,69,900.0,p2uhs0_1247_circuit_1_fire_baseline,p2uhs0_1247,circuit_1,fire_baseline,data,,,,,,summer,NC
TX_AUS_urban__NC,TX_AUS_urban,NC,690.531,8.46422,683.0097186396281,101.64047522919208,441.146,4.9093,439.5276199743004,37.75267666970131,480.695,4.84059,478.98051926427286,40.56285480988189,1601.5178578782015,179.95600670877528,1611.5966038228526,1612.3719999999998,17.0,70,1800.0,p2uhs0_1247_circuit_1_fire_baseline,p2uhs0_1247,circuit_1,fire_baseline,data,,,,,,summer,NC
TX_AUS_urban__NC,TX_AUS_urban,NC,744.464,9.31942,734.637734234792,120.5572342680903,466.265,5.99456,463.7153769241685,48.69393626599002,494.972,5.85746,492.3876831819718,50.51386180733087,1690.7407943409323,219.7650323414112,1704.9636662077664,1705.701,17.0,71,2700.0,p2uhs0_1247_circuit_1_fire_baseline,p2uhs0_1247,circuit_1,fire_baseline,data,,,,,,summer,NC
TX_AUS_urban__NC,TX_AUS_urban,NC,731.975,6.98437,726.5432770745201,89.00711860754257,468.271,4.29208,466.9577285079867,35.0458161220624,533.328,5.87794,530.5239323255191,54.61787998327948,1724.024937908026,178.67081471288446,1733.2585630998449,1733.574,18.0,72,0.0,p2uhs0_1247_circuit_1_fire_baseline,p2uhs0_1247,circuit_1,fire_baseline,data,,,,,,summer,NC
TX_AUS_urban__NC,TX_AUS_urban,NC,797.645,7.89271,790.088863376812,109.53142924721324,536.421,6.35176,533.1281356166946,59.345431625924405,540.249,5.90554,537.3818301233629,55.58552558234162,1860.5988291168696,224.46238645547925,1874.089476477672,1874.315,18.0,73,900.0,p2uhs0_1247_circuit_1_fire_baseline,p2uhs0_1247,circuit_1,fire_baseline,data,,,,,,summer,NC
TX_AUS_urban__NC,TX_AUS_urban,NC,846.36,7.55384,839.0150933627722,111.26060717728744,543.982,5.72777,541.2660692264146,54.29050219132376,564.399,5.58398,561.7207266252738,54.91863509387738,1942.0018892144608,220.4697444624886,1954.476463387546,1954.741,18.0,74,1800.0,p2uhs0_1247_circuit_1_fire_baseline,p2uhs0_1247,circuit_1,fire_baseline,data,,,,,,summer,NC
TX_AUS_urban__NC,TX_AUS_urban,NC,876.637,7.28675,869.5571047304186,111.18844985812056,572.281,5.89453,569.2551363984306,58.7718695040761,591.306,5.57772,588.5063261917762,57.47251228421021,2027.318567320625,227.43283164640687,2040.0358492716875,2040.224,18.0,75,2700.0,p2uhs0_1247_circuit_1_fire_baseline,p2uhs0_1247,circuit_1,fire_baseline,data,,,,,,summer,NC
TX_AUS_urban__NC,TX_AUS_urban,NC,976.789,8.12466,966.984892993968,138.04697476744738,607.23,6.85883,602.8843039790534,72.5175076494799,657.562,6.22697,653.6823953040529,71.32397853145926,2223.551592277074,281.8884609483865,2241.348430729537,2241.581,19.0,76,0.0,p2uhs0_1247_circuit_1_fire_baseline,p2uhs0_1247,circuit_1,fire_baseline,data,,,,,,summer,NC
TX_AUS_urban__NC,TX_AUS_urban,NC,982.145,8.28686,971.8902955495236,141.5558350675085,614.331,6.12893,610.8195836052321,65.5897388722572,696.469,7.0342,691.2268385115034,85.29083000177735,2273.936717666259,292.43640394154306,2292.6637883259423,2292.945,19.0,77,900.0,p2uhs0_1247_circuit_1_fire_baseline,p2uhs0_1247,circuit_1,fire_baseline,data,,,,,,summer,NC
TX_AUS_urban__NC,TX_AUS_urban,NC,995.599,7.99666,985.9179745470908,138.50312727863587,631.702,6.14101,628.0770601392214,67.57679580205613,678.294,6.66294,673.712738989212,78.70130722963788,2287.7077736755245,284.7812303103299,2305.3648749975546,2305.595,19.0,78,1800.0,p2uhs0_1247_circuit_1_fire_baseline,p2uhs0_1247,circuit_1,fire_baseline,data,,,,,,summer,NC
TX_AUS_urban__NC,TX_AUS_urban,NC,1005.43,8.78412,993.6370549259932,153.5411605335789,614.03,6.68158,609.859573724578,71.44327285669314,690.102,7.36372,684.4103959331069,88.44874415551578,2287.9070245836783,313.4331775457878,2309.276707093758,2309.562,19.0,79,2700.0,p2uhs0_1247_circuit_1_fire_baseline,p2uhs0_1247,circuit_1,fire_baseline,data,,,,,,summer,NC
TX_AUS_urban__NC,TX_AUS_urban,NC,861.939,6.56114,856.2937232012841,98.48806692733132,506.693,2.74368,506.1121639442202,24.254355417093944,580.8,3.99826,579.3864304994249,40.49696473977979,1941.7923176449287,163.23938708420508,1948.6417070258176,1949.432,20.0,80,0.0,p2uhs0_1247_circuit_1_fire_baseline,p2uhs0_1247,circuit_1,fire_baseline,data,,,,,,summer,NC
TX_AUS_urban__NC,TX_AUS_urban,NC,758.323,6.01548,754.1473837972735,79.47009400225816,493.619,2.66673,493.08444019570857,22.96632312506175,564.155,3.72896,562.9606122833375,36.69077598756518,1810.1924362763195,139.1271931148851,1815.531060658568,1816.097,20.0,81,900.0,p2uhs0_1247_circuit_1_fire_baseline,p2uhs0_1247,circuit_1,fire_baseline,data,,,,,,summer,NC
TX_AUS_urban__NC,TX_AUS_urban,NC,777.821,7.6902,770.8253576680154,104.0854265350157,541.728,5.15485,539.5369861633416,48.67305769908142,570.811,5.26419,568.4034536514915,52.37090411723694,1878.7657974828485,205.1293883513341,1889.930947880572,1890.36,20.0,82,1800.0,p2uhs0_1247_circuit_1_fire_baseline,p2uhs0_1247,circuit_1,fire_baseline,data,,,,,,summer,NC
TX_AUS_urban__NC,TX_AUS_urban,NC,754.23,6.65215,749.1523272265914,87.37095347415037,569.433,5.74152,566.5763457289263,56.966533591716505,578.145,5.22751,575.7403605209319,52.67521516071246,1891.4690334764496,197.0127022265793,1901.7016352306568,1901.808,20.0,83,2700.0,p2uhs0_1247_circuit_1_fire_baseline,p2uhs0_1247,circuit_1,fire_baseline,data,,,,,,summer,NC
TX_AUS_urban__NC,TX_AUS_urban,NC,765.043,6.82053,759.6288047016856,90.85632017910694,559.191,4.95871,557.098086702185,48.33524877110621,589.512,4.9965,587.2718663520113,51.343481917622896,1903.9987577558816,190.53505086783605,1913.50852497321,1913.746,21.0,84,0.0,p2uhs0_1247_circuit_1_fire_baseline,p2uhs0_1247,circuit_1,fire_baseline,data,,,,,,summer,NC
TX_AUS_urban__NC,TX_AUS_urban,NC,800.889,7.3548,794.2996530745778,102.52439439765188,572.371,5.54622,569.6914775453841,55.31891225572963,597.786,5.4228,595.1105709656264,56.49345201849631,1959.101701585588,214.33675867187785,1970.7916488745109,1971.046,21.0,85,900.0,p2uhs0_1247_circuit_1_fire_baseline,p2uhs0_1247,circuit_1,fire_baseline,data,,,,,,summer,NC
TX_AUS_urban__NC,TX_AUS_urban,NC,791.183,7.79447,783.8732085805578,107.30019738388812,558.511,6.1592,555.2870609551627,59.923426610778144,587.302,5.56852,584.5304424008291,56.989482456775136,1923.6907119365496,224.2131064514414,1936.7130588436569,1936.996,21.0,86,1800.0,p2uhs0_1247_circuit_1_fire_baseline,p2uhs0_1247,circuit_1,fire_baseline,data,,,,,,summer,NC
TX_AUS_urban__NC,TX_AUS_urban,NC,740.906,6.93072,735.4920413421085,89.40446274330064,556.851,5.6996,554.0980752858023,55.302433631525766,581.975,5.43801,579.355713330747,55.15304212843839,1868.945829958658,199.8599385032648,1879.6016892784453,1879.732,21.0,87,2700.0,p2uhs0_1247_circuit_1_fire_baseline,p2uhs0_1247,circuit_1,fire_baseline,data,,,,,,summer,NC
TX_AUS_urban__NC,TX_AUS_urban,NC,747.141,7.14226,741.3435612558799,92.89455347569836,532.992,5.16856,530.8248447386223,48.01516710600401,589.659,6.14235,586.2738430128848,63.0929257516514,1858.442249007387,204.00264633335377,1869.6054858195744,1869.792,22.0,88,0.0,p2uhs0_1247_circuit_1_fire_baseline,p2uhs0_1247,circuit_1,fire_baseline,data,,,,,,summer,NC
TX_AUS_urban__NC,TX_AUS_urban,NC,730.158,7.43455,724.019793078339,94.47774444174225,522.009,4.84103,520.14682754607,44.05308019604193,582.866,5.90654,579.7716095379585,59.98045289729759,1823.9382301623675,198.51127753508177,1834.7090763269364,1835.033,22.0,89,900.0,p2uhs0_1247_circuit_1_fire_baseline,p2uhs0_1247,circuit_1,fire_baseline,data,,,,,,summer,NC
TX_AUS_urban__NC,TX_AUS_urban,NC,674.51,7.98014,667.9782136286512,93.64211775411772,438.106,3.05969,437.4814667221144,23.384471571270467,539.971,5.65356,537.3444432678257,53.19426783207429,1642.8041236185911,170.2208571574625,1651.5993850778914,1652.587,22.0,90,1800.0,p2uhs0_1247_circuit_1_fire_baseline,p2uhs0_1247,circuit_1,fire_baseline,data,,,,,,summer,NC
TX_AUS_urban__NC,TX_AUS_urban,NC,664.877,6.62216,660.4410986579962,76.67450901322287,451.391,3.59869,450.500930884997,28.33277523913204,499.919,4.23246,498.5556335300083,36.89562083082532,1609.4976630730016,141.90290508318023,1615.7410565769812,1616.187,22.0,91,2700.0,p2uhs0_1247_circuit_1_fire_baseline,p2uhs0_1247,circuit_1,fire_baseline,data,,,,,,summer,NC
TX_AUS_urban__NC,TX_AUS_urban,NC,578.813,4.36423,577.1347050448506,44.04567177139283,391.578,1.29254,391.47836484765423,8.83288968610595,466.902,3.36217,466.0983532644458,27.382525233656896,1434.7114231569508,80.26108669115568,1436.9546651769806,1437.293,23.0,92,0.0,p2uhs0_1247_circuit_1_fire_baseline,p2uhs0_1247,circuit_1,fire_baseline,data,,,,,,summer,NC
TX_AUS_urban__NC,TX_AUS_urban,NC,680.869,6.61242,676.3397418585218,78.40375465338413,436.04,2.73309,435.5440058150725,20.7918397108121,459.027,3.48826,458.1765544413682,27.929047410106413,1570.0603021149625,127.12464177430265,1575.1984087166834,1575.936,23.0,93,900.0,p2uhs0_1247_circuit_1_fire_baseline,p2uhs0_1247,circuit_1,fire_baseline,data,,,,,,summer,NC
TX_AUS_urban__NC,TX_AUS_urban,NC,596.245,5.77587,593.2179716087393,60.00448471083655,376.597,0.746905,376.5650017535598,4.909161164751479,421.708,2.45601,421.3206261138862,18.071172485561927,1391.1035994761853,82.98481836114996,1393.5765872581355,1394.55,23.0,94,1800.0,p2uhs0_1247_circuit_1_fire_baseline,p2uhs0_1247,circuit_1,fire_baseline,data,,,,,,summer,NC
TX_AUS_urban__NC,TX_AUS_urban,NC,628.203,6.58175,624.0627183728516,72.00508833469303,437.853,4.40366,436.56039202697735,33.61954375436808,449.384,3.36873,448.6074853738623,26.40650530721428,1509.2305957736912,132.0311373962754,1514.9947895823157,1515.44,23.0,95,2700.0,p2uhs0_1247_circuit_1_fire_baseline,p2uhs0_1247,circuit_1,fire_baseline,data,,,,,,summer,NC
TX_AUS_urban__NC,TX_AUS_urban,NC,521.083,3.92941,519.8580563547081,35.70846023150659,386.769,2.91464,386.2686745641529,19.66647938632036,408.412,0.955314,408.3552317564552,6.809290795065684,1314.481962675316,62.18423041289263,1315.9520161125915,1316.264,24.0,96,0.0,p2uhs0_1247_circuit_1_fire_baseline,p2uhs0_1247,circuit_1,fire_baseline,data,,,,,,summer,NC
TX_AUS_urban__NC,TX_AUS_urban,NC,,,,,,,,,,,,,,,,,,0,,p2uhs0_1247_circuit_1_fire_baseline,p2uhs0_1247,circuit_1,fire_baseline,summary,1025.0,94.0,1.0,1.0,100.0,summer,NC
TX_AUS_urban__NC,TX_AUS_urban,NC,940.197,10.9503,923.0782007597718,178.5974078510165,613.801,11.074,602.3719803588239,117.8968399898349,580.651,5.90681,577.568087217938,59.755237665097454,2103.0182683365338,356.2494855059489,2132.9790277638563,2134.649,0.0,1,900.0,p2uhs0_1247_circuit_1_fire_mixed,p2uhs0_1247,circuit_1,fire_mixed,data,,,,,,summer,NC
TX_AUS_urban__NC,TX_AUS_urban,NC,882.494,10.4295,867.9137837511355,159.75394834177723,615.139,11.4941,602.8025283595894,122.57691921518698,569.543,6.12352,566.2933236497023,60.75442731829087,2037.009635760427,343.0852948752551,2065.6998271144016,2067.176,0.0,2,1800.0,p2uhs0_1247_circuit_1_fire_mixed,p2uhs0_1247,circuit_1,fire_mixed,data,,,,,,summer,NC
TX_AUS_urban__NC,TX_AUS_urban,NC,846.562,9.99912,833.7030787257538,146.99114383934682,631.689,11.8365,618.2573443133991,129.57179061641102,583.664,6.36171,580.0699082372753,64.67276438810212,2032.030331276428,341.23569884385995,2060.482727273599,2061.915,0.0,3,2700.0,p2uhs0_1247_circuit_1_fire_mixed,p2uhs0_1247,circuit_1,fire_mixed,data,,,,,,summer,NC
TX_AUS_urban__NC,TX_AUS_urban,NC,850.946,9.9885,838.0478596954143,147.59701818104304,582.144,11.0417,571.3673806904902,111.49418378950764,565.644,5.74642,562.8015123869407,56.63561062593331,1972.2167527728448,315.726812596484,1997.328801201796,1998.734,1.0,4,0.0,p2uhs0_1247_circuit_1_fire_mixed,p2uhs0_1247,circuit_1,fire_mixed,data,,,,,,summer,NC
TX_AUS_urban__NC,TX_AUS_urban,NC,897.042,10.8754,880.9309556927682,169.24834139874517,608.561,11.7525,595.8034838157735,123.95442466482376,577.198,6.20373,573.8178886987545,62.374368239716446,2050.552328207296,355.57713430328533,2081.1535140771566,2082.801,1.0,5,900.0,p2uhs0_1247_circuit_1_fire_mixed,p2uhs0_1247,circuit_1,fire_mixed,data,,,,,,summer,NC
TX_AUS_urban__NC,TX_AUS_urban,NC,851.785,10.21,838.2967169465433,150.9844382101917,580.533,10.9944,569.8777975430559,110.7152200759943,566.446,5.86557,563.4803194506143,57.8878269399855,1971.6548339402127,319.5874852261716,1997.3880306322555,1998.764,1.0,6,1800.0,p2uhs0_1247_circuit_1_fire_mixed,p2uhs0_1247,circuit_1,fire_mixed,data,,,,,,summer,NC
TX_AUS_urban__NC,TX_AUS_urban,NC,876.832,10.2934,862.7199395600295,156.68012672173535,587.074,11.1604,575.9719411513773,113.63188145196872,555.356,6.67592,551.5904617627345,64.56197974329233,1990.2823424741407,334.8739879169964,2018.257761176156,2019.262,1.0,7,2700.0,p2uhs0_1247_circuit_1_fire_mixed,p2uhs0_1247,circuit_1,fire_mixed,data,,,,,,summer,NC
TX_AUS_urban__NC,TX_AUS_urban,NC,859.206,10.1973,845.633940608763,152.11242199930604,584.789,10.6478,574.7198354529887,108.05223393289748,547.996,5.92459,545.0689393018538,56.56383495089431,1965.4227153636057,316.72849088309783,1990.7795927737288,1991.991,2.0,8,0.0,p2uhs0_1247_circuit_1_fire_mixed,p2uhs0_1247,circuit_1,fire_mixed,data,,,,,,summer,NC
TX_AUS_urban__NC,TX_AUS_urban,NC,838.677,9.84013,826.338754630673,143.3295954240729,588.315,10.7266,578.0350740347494,109.49882378656778,524.694,5.3625,522.3975954402783,49.03616944883855,1926.7714241057008,301.86458865947924,1950.274429570584,1951.686,2.0,9,900.0,p2uhs0_1247_circuit_1_fire_mixed,p2uhs0_1247,circuit_1,fire_mixed,data,,,,,,summer,NC
TX_AUS_urban__NC,TX_AUS_urban,NC,815.7,9.84659,803.684059563226,139.49344932280158,555.447,9.93831,547.1120445418007,95.86334297472968,514.615,5.20572,512.4923909481212,46.69204905846502,1863.288495053148,282.0488413559963,1884.514676172007,1885.762,2.0,10,1800.0,p2uhs0_1247_circuit_1_fire_mixed,p2uhs0_1247,circuit_1,fire_mixed,data,,,,,,summer,NC
TX_AUS_urban__NC,TX_AUS_urban,NC,805.69,9.69477,794.1838160783259,135.67771511662437,554.215,10.1265,545.5814195634098,97.44321860537354,525.341,5.3077,523.0884825113862,48.59635526389917,1862.853718153122,281.7172889858971,1884.035192386404,1885.246,2.0,11,2700.0,p2uhs0_1247_circuit_1_fire_mixed,p2uhs0_1247,circuit_1,fire_mixed,data,,,,,,summer,NC
TX_AUS_urban__NC,TX_AUS_urban,NC,805.684,9.81814,793.8839201548601,137.3864228210039,553.541,10.1224,544.9248821740752,97.28572078455512,512.69,4.65466,510.99910497967807,41.604696970029885,1849.8079073086133,276.2768405755889,1870.3256899748503,1871.915,3.0,12,0.0,p2uhs0_1247_circuit_1_fire_mixed,p2uhs0_1247,circuit_1,fire_mixed,data,,,,,,summer,NC
TX_AUS_urban__NC,TX_AUS_urban,NC,803.141,9.73363,791.5793064289466,135.7853729768708,563.058,10.284,554.0124341357684,100.52131210325926,504.559,4.69732,502.8642965081707,41.31929063213267,1848.456037072886,277.62597571226274,1869.1885681710617,1870.758,3.0,13,900.0,p2uhs0_1247_circuit_1_fire_mixed,p2uhs0_1247,circuit_1,fire_mixed,data,,,,,,summer,NC
TX_AUS_urban__NC,TX_AUS_urban,NC,847.33,9.99735,834.4639577481811,147.09871555945628,588.878,10.1077,579.7383799427753,103.34751910581276,516.241,4.64384,514.5462955476522,41.79569139502372,1928.7486332386088,292.2419260602928,1950.7630900668669,1952.449,3.0,14,1800.0,p2uhs0_1247_circuit_1_fire_mixed,p2uhs0_1247,circuit_1,fire_mixed,data,,,,,,summer,NC
TX_AUS_urban__NC,TX_AUS_urban,NC,866.234,10.1693,852.6257683719423,152.93999432507863,636.9,10.825,625.5666171595443,119.61612556659772,534.602,4.76619,532.7533803361729,44.41997461031512,2010.94576586766,316.9760945019915,2035.774230543948,2037.736,3.0,15,2700.0,p2uhs0_1247_circuit_1_fire_mixed,p2uhs0_1247,circuit_1,fire_mixed,data,,,,,,summer,NC
TX_AUS_urban__NC,TX_AUS_urban,NC,852.533,10.3101,838.7675790738782,152.58264771442907,610.281,10.7515,599.567830852092,113.8477719075659,538.334,5.04811,536.2458907874693,47.36919008758258,1974.5813007134395,313.7996097095776,1999.3602747331613,2001.148,4.0,16,0.0,p2uhs0_1247_circuit_1_fire_mixed,p2uhs0_1247,circuit_1,fire_mixed,data,,,,,,summer,NC
TX_AUS_urban__NC,TX_AUS_urban,NC,870.349,10.2505,856.4574856013686,154.88046086702357,599.227,10.5328,589.1302781921692,109.53772339343796,542.426,4.96276,540.3925184069092,46.924316999167694,1985.980282200447,311.3425012596292,2010.2367607770905,2012.002,4.0,17,900.0,p2uhs0_1247_circuit_1_fire_mixed,p2uhs0_1247,circuit_1,fire_mixed,data,,,,,,summer,NC
TX_AUS_urban__NC,TX_AUS_urban,NC,857.394,9.61488,845.3499233853034,143.20606924450402,626.881,11.1154,615.1212655729756,120.8536999884602,535.889,5.0473,533.8110411124171,47.1465026006949,1994.282230070696,311.2062718336591,2018.4179341267147,2020.164,4.0,18,1800.0,p2uhs0_1247_circuit_1_fire_mixed,p2uhs0_1247,circuit_1,fire_mixed,data,,,,,,summer,NC
TX_AUS_urban__NC,TX_AUS_urban,NC,861.865,8.68627,851.9794994780431,130.16224757641186,631.002,10.5143,620.4070941705354,115.14582713616814,552.453,4.80425,550.512039019925,46.26891076224378,2022.8986326685035,291.57698547482374,2043.8042999540555,2045.32,4.0,19,2700.0,p2uhs0_1247_circuit_1_fire_mixed,p2uhs0_1247,circuit_1,fire_mixed,data,,,,,,summer,NC
TX_AUS_urban__NC,TX_AUS_urban,NC,845.101,8.93832,834.8382396050162,131.30427980152666,611.783,10.7005,601.1448132454589,113.59292494289602,563.342,5.17424,561.0464073095485,50.8048994590887,1997.0294601600235,295.7021042035114,2018.803209621339,2020.226,5.0,20,0.0,p2uhs0_1247_circuit_1_fire_mixed,p2uhs0_1247,circuit_1,fire_mixed,data,,,,,,summer,NC
TX_AUS_urban__NC,TX_AUS_urban,NC,917.939,9.59252,905.1041937113652,152.965375974759,663.826,11.037,651.5477147890713,127.08474978981194,576.225,5.08703,573.9553435469594,51.09319170781864,2130.607252047396,331.1433174723896,2156.1871809246004,2157.99,5.0,21,900.0,p2uhs0_1247_circuit_1_fire_mixed,p2uhs0_1247,circuit_1,fire_mixed,data,,,,,,summer,NC
TX_AUS_urban__NC,TX_AUS_urban,NC,998.015,10.0871,982.588321259288,174.7974002948954,703.645,10.8566,691.0509265253088,132.53264870782652,658.356,6.96665,653.4953047591401,79.85304874429366,2327.1345525437373,387.1830977470156,2359.1239850469738,2360.016,5.0,22,1800.0,p2uhs0_1247_circuit_1_fire_mixed,p2uhs0_1247,circuit_1,fire_mixed,data,,,,,,summer,NC
TX_AUS_urban__NC,TX_AUS_urban,NC,968.008,9.75137,954.0222295719342,163.95448620454306,687.474,10.7154,675.4864178605138,127.82253307602436,646.28,7.05116,641.3921440146923,79.33445655095899,2270.9007914471404,371.1114758315264,2301.024583112728,2301.762,5.0,23,2700.0,p2uhs0_1247_circuit_1_fire_mixed,p2uhs0_1247,circuit_1,fire_mixed,data,,,,,,summer,NC
TX_AUS_urban__NC,TX_AUS_urban,NC,1007.24,10.0848,991.6778079757428,176.37330514685482,706.146,10.5347,694.2434572955543,129.10536518021175,659.809,7.22395,654.5715843194404,82.96961782808008,2340.492849590737,388.4482881551466,2372.508978182387,2373.195,6.0,24,0.0,p2uhs0_1247_circuit_1_fire_mixed,p2uhs0_1247,circuit_1,fire_mixed,data,,,,,,summer,NC
TX_AUS_urban__NC,TX_AUS_urban,NC,989.233,10.7589,971.8436809456268,184.66669460152943,714.257,11.87,698.9839134484395,146.91681588335803,676.362,7.68639,670.2848865795797,90.46394788533138,2341.1124809736457,422.04745837021886,2378.850921282656,2379.852,6.0,25,900.0,p2uhs0_1247_circuit_1_fire_mixed,p2uhs0_1247,circuit_1,fire_mixed,data,,,,,,summer,NC
TX_AUS_urban__NC,TX_AUS_urban,NC,1029.87,9.49983,1015.7464567843034,169.97456406807805,741.159,10.4458,728.875665655835,134.37606667767693,698.504,7.81911,692.0096729055057,95.02868314995789,2436.631795345644,399.37931389571287,2469.1452655640064,2469.533,6.0,26,1800.0,p2uhs0_1247_circuit_1_fire_mixed,p2uhs0_1247,circuit_1,fire_mixed,data,,,,,,summer,NC
TX_AUS_urban__NC,TX_AUS_urban,NC,1085.21,9.87166,1069.1426480290802,186.0503756120011,765.541,10.5079,752.7027024266703,139.61255115707783,714.546,7.94696,707.6838432707693,98.79050606972908,2529.52919372652,424.453432838808,2564.8934984835896,2565.2970000000005,6.0,27,2700.0,p2uhs0_1247_circuit_1_fire_mixed,p2uhs0_1247,circuit_1,fire_mixed,data,,,,,,summer,NC
TX_AUS_urban__NC,TX_AUS_urban,NC,1067.57,9.85375,1051.8209820001505,182.69736375831727,755.415,11.2036,741.0190180519971,146.7741023145906,734.878,7.71933,728.2184915537457,98.70918621479588,2521.0584916058933,428.18065228770377,2557.1614319576515,2557.863,7.0,28,0.0,p2uhs0_1247_circuit_1_fire_mixed,p2uhs0_1247,circuit_1,fire_mixed,data,,,,,,summer,NC
TX_AUS_urban__NC,TX_AUS_urban,NC,1118.27,10.8675,1098.2147397280446,210.83685243349453,779.592,11.7744,763.1883402622905,159.08250611456427,717.648,7.82037,710.9735347079906,97.64878314052751,2572.3766146983257,467.5681416885863,2614.5250840198373,2615.51,7.0,29,900.0,p2uhs0_1247_circuit_1_fire_mixed,p2uhs0_1247,circuit_1,fire_mixed,data,,,,,,summer,NC
TX_AUS_urban__NC,TX_AUS_urban,NC,1129.07,10.0547,1111.729204571198,197.1224000551213,793.768,10.0444,781.6018327812722,138.44209192639508,722.621,6.80743,717.5266269989099,85.65424209323925,2610.85766435138,421.2187340747557,2644.6177352195687,2645.459,7.0,30,1800.0,p2uhs0_1247_circuit_1_fire_mixed,p2uhs0_1247,circuit_1,fire_mixed,data,,,,,,summer,NC
TX_AUS_urban__NC,TX_AUS_urban,NC,1125.62,10.4663,1106.891848930661,204.47694043794408,810.738,11.4351,794.6447726340622,160.73515474021175,679.03,7.68125,672.9370594149663,90.76042621064624,2574.4736809796896,455.9725213888021,2614.5411976709747,2615.388,7.0,31,2700.0,p2uhs0_1247_circuit_1_fire_mixed,p2uhs0_1247,circuit_1,fire_mixed,data,,,,,,summer,NC
TX_AUS_urban__NC,TX_AUS_urban,NC,1081.5,10.1913,1064.4366184094847,191.35552092631465,767.188,11.0885,752.8655865373266,147.54943562008978,702.041,8.0087,695.1939413157359,97.81078488026458,2512.496146262547,436.71574142666896,2550.168136377285,2550.7290000000003,8.0,32,0.0,p2uhs0_1247_circuit_1_fire_mixed,p2uhs0_1247,circuit_1,fire_mixed,data,,,,,,summer,NC
TX_AUS_urban__NC,TX_AUS_urban,NC,1059.21,10.0294,1043.0237033921744,184.4651139431886,725.813,10.8635,712.8056876447505,136.7938691253906,713.878,8.19151,706.5945558902524,101.71495696433732,2462.423946927177,422.9739400329166,2498.487272000277,2498.9010000000003,8.0,33,900.0,p2uhs0_1247_circuit_1_fire_mixed,p2uhs0_1247,circuit_1,fire_mixed,data,,,,,,summer,NC
TX_AUS_urban__NC,TX_AUS_urban,NC,1062.53,10.7245,1043.9711227783705,197.7227748765137,736.629,11.6145,721.5460283393713,148.30243635449517,696.61,9.32102,687.4122142149979,112.82703509369442,2452.9293653327395,458.85224632470334,2495.4774804171047,2495.769,8.0,34,1800.0,p2uhs0_1247_circuit_1_fire_mixed,p2uhs0_1247,circuit_1,fire_mixed,data,,,,,,summer,NC
TX_AUS_urban__NC,TX_AUS_urban,NC,1046.15,10.9803,1026.9978508009158,199.2617297684129,741.509,12.115,724.9943527201576,155.62385936892738,711.76,9.60387,701.7845202886259,118.74672493699838,2453.7767238096994,473.6323140743387,2499.0693826394004,2499.419,8.0,35,2700.0,p2uhs0_1247_circuit_1_fire_mixed,p2uhs0_1247,circuit_1,fire_mixed,data,,,,,,summer,NC
TX_AUS_urban__NC,TX_AUS_urban,NC,1046.13,11.0723,1026.6569441415231,200.90668467223645,762.283,11.7881,746.206329784824,155.72888453354602,719.944,9.30969,710.461165067379,116.46585794601928,2483.3244389937263,473.1014271518018,2527.988376096017,2528.357,9.0,36,0.0,p2uhs0_1247_circuit_1_fire_mixed,p2uhs0_1247,circuit_1,fire_mixed,data,,,,,,summer,NC
TX_AUS_urban__NC,TX_AUS_urban,NC,1028.85,11.5477,1008.0244163090352,205.95897315928903,745.246,12.1225,728.627643448707,156.50353899635627,720.077,10.6433,707.6888322803813,132.99399458107212,2444.3408920381235,495.4565067367174,2494.048826017141,2494.173,9.0,37,900.0,p2uhs0_1247_circuit_1_fire_mixed,p2uhs0_1247,circuit_1,fire_mixed,data,,,,,,summer,NC
TX_AUS_urban__NC,TX_AUS_urban,NC,1069.08,12.7075,1042.893695535272,235.16969662944163,742.507,12.0742,726.0809095377002,155.31631547878646,737.331,10.7681,724.3476517161424,137.7587856156912,2493.322256789115,528.2447977239193,2548.666012352805,2548.918,9.0,38,1800.0,p2uhs0_1247_circuit_1_fire_mixed,p2uhs0_1247,circuit_1,fire_mixed,data,,,,,,summer,NC
TX_AUS_urban__NC,TX_AUS_urban,NC,1033.04,12.5665,1008.2926386603452,224.7611986606196,734.355,11.9033,718.5642429891742,151.46846114751096,688.045,10.6238,676.2511195812064,126.84772481272528,2403.1080012307257,503.0773846208559,2455.201604857755,2455.44,9.0,39,2700.0,p2uhs0_1247_circuit_1_fire_mixed,p2uhs0_1247,circuit_1,fire_mixed,data,,,,,,summer,NC
TX_AUS_urban__NC,TX_AUS_urban,NC,1098.69,13.9211,1066.4192205213128,264.328890215799,767.883,13.3947,746.994517790234,177.88617731666432,781.623,12.7477,762.3569146503579,172.4715884248388,2575.7706529619045,614.686655957302,2648.1001003874017,2648.196,10.0,40,0.0,p2uhs0_1247_circuit_1_fire_mixed,p2uhs0_1247,circuit_1,fire_mixed,data,,,,,,summer,NC
TX_AUS_urban__NC,TX_AUS_urban,NC,1136.06,14.865,1098.0394487290628,291.4475812813961,776.881,13.104,756.6511288123947,176.13391901598297,870.057,13.8928,844.6049283777334,208.90595541784816,2699.295505919191,676.4874557152273,2782.7740666492496,2782.998,10.0,41,900.0,p2uhs0_1247_circuit_1_fire_mixed,p2uhs0_1247,circuit_1,fire_mixed,data,,,,,,summer,NC
TX_AUS_urban__NC,TX_AUS_urban,NC,1128.91,14.3625,1093.6267316823396,280.03278352686493,789.449,13.0997,768.9052902553861,178.92562202848518,865.499,14.0072,839.7636623017734,209.488688187485,2702.295684239499,668.4470937428351,2783.742711206024,2783.858,10.0,42,1800.0,p2uhs0_1247_circuit_1_fire_mixed,p2uhs0_1247,circuit_1,fire_mixed,data,,,,,,summer,NC
TX_AUS_urban__NC,TX_AUS_urban,NC,1165.07,14.7892,1126.4730039259764,297.3998593240869,783.5,13.1247,763.033544810177,177.91025685557216,850.202,14.2397,824.079666621138,209.13188151401977,2713.586215357292,684.4419976936788,2798.573028595828,2798.772,10.0,43,2700.0,p2uhs0_1247_circuit_1_fire_mixed,p2uhs0_1247,circuit_1,fire_mixed,data,,,,,,summer,NC
TX_AUS_urban__NC,TX_AUS_urban,NC,1076.96,12.8203,1050.112246680971,238.9709416867317,728.342,11.4102,713.9470278961727,144.08924429748936,730.476,10.8197,717.4901567606581,137.12425579585212,2481.5494313378017,520.1844417800731,2535.4840629834403,2535.778,11.0,44,0.0,p2uhs0_1247_circuit_1_fire_mixed,p2uhs0_1247,circuit_1,fire_mixed,data,,,,,,summer,NC
TX_AUS_urban__NC,TX_AUS_urban,NC,1083.12,12.8274,1056.0888924172066,240.4686792765278,759.337,12.2225,742.1249805535286,160.75818115238997,744.147,11.1847,730.0134069627424,144.34397550174896,2528.227279933478,545.5708359306668,2586.422377729113,2586.604,11.0,45,900.0,p2uhs0_1247_circuit_1_fire_mixed,p2uhs0_1247,circuit_1,fire_mixed,data,,,,,,summer,NC
TX_AUS_urban__NC,TX_AUS_urban,NC,1064.24,13.6104,1034.3543347043765,250.4353966161073,722.127,12.6524,704.5914820159576,158.1715764590987,751.128,11.5097,736.023520626214,149.87544651807767,2474.969337346548,558.4824195932837,2537.198422236696,2537.495,11.0,46,1800.0,p2uhs0_1247_circuit_1_fire_mixed,p2uhs0_1247,circuit_1,fire_mixed,data,,,,,,summer,NC
TX_AUS_urban__NC,TX_AUS_urban,NC,1024.83,13.1661,997.8911546901146,233.43044422531904,716.373,12.1021,700.4520063583935,150.19075177087674,758.603,11.8682,742.3865566390878,156.0151022515403,2440.729717687596,539.6362982477361,2499.6737565510207,2499.806,11.0,47,2700.0,p2uhs0_1247_circuit_1_fire_mixed,p2uhs0_1247,circuit_1,fire_mixed,data,,,,,,summer,NC
TX_AUS_urban__NC,TX_AUS_urban,NC,987.82,12.3069,965.1198100516842,210.55190487336145,733.053,12.7994,714.8378603024972,162.39930506977993,728.43,11.6269,713.483153144345,146.8061820197058,2393.4408234985267,519.7573919628472,2449.225739308104,2449.303,12.0,48,0.0,p2uhs0_1247_circuit_1_fire_mixed,p2uhs0_1247,circuit_1,fire_mixed,data,,,,,,summer,NC
TX_AUS_urban__NC,TX_AUS_urban,NC,992.85,12.5076,969.286977778008,215.0206436832884,711.774,12.9269,693.7349935393423,159.2293497285238,711.721,11.6287,697.1125029090407,143.46058737121038,2360.134474226391,517.7105807830226,2416.248948657108,2416.3450000000003,12.0,49,900.0,p2uhs0_1247_circuit_1_fire_mixed,p2uhs0_1247,circuit_1,fire_mixed,data,,,,,,summer,NC
TX_AUS_urban__NC,TX_AUS_urban,NC,955.714,12.5553,932.8596785581664,207.7548312707905,674.753,12.3242,659.2036610443594,144.02133270704547,693.93,11.2272,680.6501478043631,135.10818329730634,2272.713487406889,486.8843472751423,2324.2811713436745,2324.397,12.0,50,1800.0,p2uhs0_1247_circuit_1_fire_mixed,p2uhs0_1247,circuit_1,fire_mixed,data,,,,,,summer,NC
TX_AUS_urban__NC,TX_AUS_urban,NC,1013.55,13.0056,987.550490166122,228.0956638620124,683.276,12.08,668.1457739465927,142.9941150303346,698.006,10.5143,686.2860564207384,127.37277887551572,2341.9823205334533,498.4625577678627,2394.4406677108827,2394.832,12.0,51,2700.0,p2uhs0_1247_circuit_1_fire_mixed,p2uhs0_1247,circuit_1,fire_mixed,data,,,,,,summer,NC
TX_AUS_urban__NC,TX_AUS_urban,NC,933.036,12.4161,911.2140603332406,200.611847972669,667.329,12.2952,652.0227535360609,142.1067314107714,646.594,10.4797,635.8084320316847,117.60713666019905,2199.045245900986,460.3257160436395,2246.7086500859027,2246.959,13.0,52,0.0,p2uhs0_1247_circuit_1_fire_mixed,p2uhs0_1247,circuit_1,fire_mixed,data,,,,,,summer,NC
TX_AUS_urban__NC,TX_AUS_urban,NC,935.049,13.0211,911.0062320848732,210.67576392058524,665.553,12.6566,649.3805889564213,145.82745453312748,649.166,11.0349,637.1634242776864,124.25484424654432,2197.550245318981,480.7580627002571,2249.523370750528,2249.768,13.0,53,900.0,p2uhs0_1247_circuit_1_fire_mixed,p2uhs0_1247,circuit_1,fire_mixed,data,,,,,,summer,NC
TX_AUS_urban__NC,TX_AUS_urban,NC,951.124,12.2172,929.5833348012096,201.27515255456245,629.199,11.6018,616.343792487464,126.53738998086598,637.778,9.76278,628.5418652173691,108.14758875291967,2174.468992506043,435.96013128834807,2217.741336459958,2218.101,13.0,54,1800.0,p2uhs0_1247_circuit_1_fire_mixed,p2uhs0_1247,circuit_1,fire_mixed,data,,,,,,summer,NC
TX_AUS_urban__NC,TX_AUS_urban,NC,900.862,11.9739,881.2612332899622,186.8983192654628,616.997,11.7082,604.1596236200985,125.20561966709364,634.026,9.91685,624.5528408144298,109.19119793566472,2109.97369772449,421.2951368682212,2151.6223175636496,2151.885,13.0,55,2700.0,p2uhs0_1247_circuit_1_fire_mixed,p2uhs0_1247,circuit_1,fire_mixed,data,,,,,,summer,NC
TX_AUS_urban__NC,TX_AUS_urban,NC,917.753,12.6389,895.5144061065387,200.80965480935785,623.004,12.4832,608.2758294304867,134.66439524482118,626.149,9.98739,616.6603046783704,108.59391711776216,2120.450540215396,444.0679671719411,2166.450288598375,2166.906,14.0,56,0.0,p2uhs0_1247_circuit_1_fire_mixed,p2uhs0_1247,circuit_1,fire_mixed,data,,,,,,summer,NC
TX_AUS_urban__NC,TX_AUS_urban,NC,881.744,12.2035,861.8192161644063,186.3870172135616,629.466,12.7399,613.9693084273188,138.81330435257232,624.693,9.85553,615.4740754592684,106.9252387725124,2091.2626000509936,432.1255603386463,2135.441818985016,2135.903,14.0,57,900.0,p2uhs0_1247_circuit_1_fire_mixed,p2uhs0_1247,circuit_1,fire_mixed,data,,,,,,summer,NC
TX_AUS_urban__NC,TX_AUS_urban,NC,913.122,11.5762,894.5479027991698,183.23710454383104,669.163,12.5373,653.2067389183233,145.25865482197443,617.573,9.71915,608.7090363247096,104.25794658271046,2156.4636780422024,432.753705948516,2199.45706135116,2199.858,14.0,58,1800.0,p2uhs0_1247_circuit_1_fire_mixed,p2uhs0_1247,circuit_1,fire_mixed,data,,,,,,summer,NC
TX_AUS_urban__NC,TX_AUS_urban,NC,896.025,10.9991,879.5651825248506,170.9558139257811,625.641,11.8714,612.2596607422204,128.70419071973217,612.854,9.54485,604.3697125850524,101.62320515443908,2096.194555852124,401.2832097999524,2134.2586137699977,2134.52,14.0,59,2700.0,p2uhs0_1247_circuit_1_fire_mixed,p2uhs0_1247,circuit_1,fire_mixed,data,,,,,,summer,NC
TX_AUS_urban__NC,TX_AUS_urban,NC,815.043,10.8271,800.5340221827555,153.10248586126727,569.343,11.5495,557.8149983953406,113.99069792841075,552.14,8.61535,545.9098089609803,82.71070112256321,1904.2588295390765,349.80388491224124,1936.120979633564,1936.526,15.0,60,0.0,p2uhs0_1247_circuit_1_fire_mixed,p2uhs0_1247,circuit_1,fire_mixed,data,,,,,,summer,NC
TX_AUS_urban__NC,TX_AUS_urban,NC,790.157,11.1448,775.2560847034625,152.7288046809039,544.232,10.9828,534.2640749570227,103.68398157052434,540.659,8.81639,534.2708857392704,82.86600589129075,1843.791045399756,339.27879214271894,1874.746787674044,1875.048,15.0,61,900.0,p2uhs0_1247_circuit_1_fire_mixed,p2uhs0_1247,circuit_1,fire_mixed,data,,,,,,summer,NC
TX_AUS_urban__NC,TX_AUS_urban,NC,784.374,12.2668,766.4658401082994,166.6513961029997,561.729,11.9372,549.5815532071829,116.18771800573629,550.763,9.54849,543.1324908515917,91.361805752435,1859.1798841670736,374.200919861171,1896.464123076532,1896.866,15.0,62,1800.0,p2uhs0_1247_circuit_1_fire_mixed,p2uhs0_1247,circuit_1,fire_mixed,data,,,,,,summer,NC
TX_AUS_urban__NC,TX_AUS_urban,NC,855.174,13.4184,831.8289507996765,198.4519258851102,571.152,12.2899,558.062973516108,121.57435870429173,547.447,9.84515,539.3850024338994,93.60575280602266,1929.276926749684,413.6320373954246,1973.119591522165,1973.773,15.0,63,2700.0,p2uhs0_1247_circuit_1_fire_mixed,p2uhs0_1247,circuit_1,fire_mixed,data,,,,,,summer,NC
TX_AUS_urban__NC,TX_AUS_urban,NC,775.387,12.6062,756.6948625617478,169.22731677142892,558.097,12.5864,544.6850997398968,121.61580296301396,536.874,9.85889,528.9456769846886,91.92476638648333,1830.3256392863327,382.7678861209262,1869.920640154124,1870.358,16.0,64,0.0,p2uhs0_1247_circuit_1_fire_mixed,p2uhs0_1247,circuit_1,fire_mixed,data,,,,,,summer,NC
TX_AUS_urban__NC,TX_AUS_urban,NC,805.441,12.7457,785.5940324057847,177.6998050911114,562.602,11.8644,550.5830876478132,115.66881170047752,534.137,10.142,525.7907701727295,94.05530697503406,1861.9678902263272,387.423923766623,1901.846923635182,1902.18,16.0,65,900.0,p2uhs0_1247_circuit_1_fire_mixed,p2uhs0_1247,circuit_1,fire_mixed,data,,,,,,summer,NC
TX_AUS_urban__NC,TX_AUS_urban,NC,854.574,13.3474,831.4904375401287,197.28247199212908,605.808,12.7892,590.7785686302174,134.10449549225223,611.792,11.4753,599.562620734884,121.71324940826104,2021.8316269052305,453.1002168926424,2071.980437673679,2072.174,16.0,66,1800.0,p2uhs0_1247_circuit_1_fire_mixed,p2uhs0_1247,circuit_1,fire_mixed,data,,,,,,summer,NC
TX_AUS_urban__NC,TX_AUS_urban,NC,896.128,13.2348,872.3268661190051,205.1614755040416,609.322,12.9225,593.8899752414403,136.26443773678238,583.173,10.5558,573.3039418977561,106.83322579373112,2039.5207832582007,448.2591390345551,2088.20048871514,2088.623,16.0,67,2700.0,p2uhs0_1247_circuit_1_fire_mixed,p2uhs0_1247,circuit_1,fire_mixed,data,,,,,,summer,NC
TX_AUS_urban__NC,TX_AUS_urban,NC,851.718,12.7933,830.5743177258393,188.5997196664314,610.281,13.4789,593.4713127836984,142.24872535033,610.205,10.7345,599.5269137117835,113.65571591531902,2023.572544221321,444.5041609320804,2071.8179917194184,2072.204,17.0,68,0.0,p2uhs0_1247_circuit_1_fire_mixed,p2uhs0_1247,circuit_1,fire_mixed,data,,,,,,summer,NC
TX_AUS_urban__NC,TX_AUS_urban,NC,874.476,13.0321,851.9528937344651,197.1916363172417,624.542,12.471,609.8062013076914,134.86699600229645,631.075,10.8147,619.8665673029051,118.41070207170084,2081.6256623450613,450.469334391239,2129.809385686992,2130.093,17.0,69,900.0,p2uhs0_1247_circuit_1_fire_mixed,p2uhs0_1247,circuit_1,fire_mixed,data,,,,,,summer,NC
TX_AUS_urban__NC,TX_AUS_urban,NC,953.455,13.1009,928.6388612479944,216.11640938399,670.984,11.6933,657.05874514841,135.99019699962457,649.265,10.726,637.9213292447798,120.83632698643744,2223.618935641184,472.942933370052,2273.357910485435,2273.704,17.0,70,1800.0,p2uhs0_1247_circuit_1_fire_mixed,p2uhs0_1247,circuit_1,fire_mixed,data,,,,,,summer,NC
TX_AUS_urban__NC,TX_AUS_urban,NC,1024.19,13.9483,993.990350492492,246.8771743758691,697.644,12.5716,680.9178245528301,151.84882924224777,695.255,11.8465,680.4468345961656,142.72918521822533,2355.3550096414874,541.4551888363421,2416.7893873817493,2417.089,17.0,71,2700.0,p2uhs0_1247_circuit_1_fire_mixed,p2uhs0_1247,circuit_1,fire_mixed,data,,,,,,summer,NC
TX_AUS_urban__NC,TX_AUS_urban,NC,1018.79,12.3004,995.4027455768844,217.04017646049,702.905,11.9087,687.7768417294993,145.0463891504893,729.652,11.0801,716.0509011961242,140.22534721019048,2399.230488502508,502.31191282116976,2451.2495170263765,2451.347,18.0,72,0.0,p2uhs0_1247_circuit_1_fire_mixed,p2uhs0_1247,circuit_1,fire_mixed,data,,,,,,summer,NC
TX_AUS_urban__NC,TX_AUS_urban,NC,1106.74,12.5675,1080.2228889451694,240.8151527602696,781.778,12.8841,762.0952614501618,174.3205488724996,758.757,11.3631,743.8840485443026,149.49484061444244,2586.202198939634,564.6305422472116,2647.120976275656,2647.275,18.0,73,900.0,p2uhs0_1247_circuit_1_fire_mixed,p2uhs0_1247,circuit_1,fire_mixed,data,,,,,,summer,NC
TX_AUS_urban__NC,TX_AUS_urban,NC,1100.71,11.1717,1079.8526170468788,213.26234913131543,811.286,11.9074,793.8290275591708,167.3930966332278,753.845,10.3077,741.6786953611031,134.88883153342218,2615.360339967153,515.5442772979654,2665.688580785044,2665.8410000000003,18.0,74,1800.0,p2uhs0_1247_circuit_1_fire_mixed,p2uhs0_1247,circuit_1,fire_mixed,data,,,,,,summer,NC
TX_AUS_urban__NC,TX_AUS_urban,NC,1146.71,11.3094,1124.4437565557992,224.87788340048647,814.407,11.3912,798.364420851862,160.8509035314103,784.074,10.1514,771.799684150074,138.1929268155428,2694.607861557736,523.9217137474396,2745.0693050822606,2745.1910000000003,18.0,75,2700.0,p2uhs0_1247_circuit_1_fire_mixed,p2uhs0_1247,circuit_1,fire_mixed,data,,,,,,summer,NC
TX_AUS_urban__NC,TX_AUS_urban,NC,1281.18,11.2828,1256.419193673113,250.66511957152017,889.186,11.4325,871.5435710824959,176.24853559893918,898.21,9.71389,885.3319984476218,151.55347777184218,3013.294763203231,578.4671329423015,3068.317055625527,3068.576,19.0,76,0.0,p2uhs0_1247_circuit_1_fire_mixed,p2uhs0_1247,circuit_1,fire_mixed,data,,,,,,summer,NC
TX_AUS_urban__NC,TX_AUS_urban,NC,1259.8,11.9473,1232.5107436962255,260.7936093415188,878.198,11.3808,860.930304654569,173.29379022743677,886.187,10.8399,870.374342438156,166.66104222147288,2963.8153907889505,600.7484417904284,3024.0866986564865,3024.185,19.0,77,900.0,p2uhs0_1247_circuit_1_fire_mixed,p2uhs0_1247,circuit_1,fire_mixed,data,,,,,,summer,NC
TX_AUS_urban__NC,TX_AUS_urban,NC,1311.95,11.9088,1283.7132975019924,270.72674843199604,898.943,11.8896,879.6574346378535,185.2061417322611,892.336,10.1978,878.2392388828679,157.98536698834153,3041.609971022714,613.9182571525987,3102.9480888809726,3103.2290000000003,19.0,78,1800.0,p2uhs0_1247_circuit_1_fire_mixed,p2uhs0_1247,circuit_1,fire_mixed,data,,,,,,summer,NC
TX_AUS_urban__NC,TX_AUS_urban,NC,1329.47,12.5328,1297.7913122615705,288.49296476411894,889.562,11.3885,872.0472601074042,175.6534314585666,917.916,10.5701,902.3400770299992,168.38102161911124,3072.178649398974,632.5274178417968,3136.618017569961,3136.9480000000003,19.0,79,2700.0,p2uhs0_1247_circuit_1_fire_mixed,p2uhs0_1247,circuit_1,fire_mixed,data,,,,,,summer,NC
TX_AUS_urban__NC,TX_AUS_urban,NC,1190.94,11.2221,1168.1694210122696,231.7720591699075,771.805,9.20849,761.858411909063,123.50999242328724,815.832,9.30087,805.106470804351,131.85379362370514,2735.134303725684,487.1358452168999,2778.175838767618,2778.577,20.0,80,0.0,p2uhs0_1247_circuit_1_fire_mixed,p2uhs0_1247,circuit_1,fire_mixed,data,,,,,,summer,NC
TX_AUS_urban__NC,TX_AUS_urban,NC,1115.58,10.7398,1096.039040916487,207.8873665879364,749.891,9.38751,739.8482661490692,122.31539133410836,782.002,8.89758,772.5917002524675,120.95119968401043,2608.479007318024,451.1539576060552,2647.206570157008,2647.473,20.0,81,900.0,p2uhs0_1247_circuit_1_fire_mixed,p2uhs0_1247,circuit_1,fire_mixed,data,,,,,,summer,NC
TX_AUS_urban__NC,TX_AUS_urban,NC,1121.73,11.4942,1099.2335718530746,223.5257197978152,740.065,9.33985,730.2540175392429,120.1052625524597,778.983,8.5194,770.3875140832972,115.4018736137219,2599.875103475615,459.0328559639968,2640.087444863674,2640.778,20.0,82,1800.0,p2uhs0_1247_circuit_1_fire_mixed,p2uhs0_1247,circuit_1,fire_mixed,data,,,,,,summer,NC
TX_AUS_urban__NC,TX_AUS_urban,NC,1087.89,11.1147,1067.484705758959,209.7166065687429,774.359,9.5362,763.6582306225604,128.28861088740666,852.008,9.63374,839.9926937773605,142.5829809782838,2671.1356301588803,480.58819843443337,2714.0247919241147,2714.2570000000005,20.0,83,2700.0,p2uhs0_1247_circuit_1_fire_mixed,p2uhs0_1247,circuit_1,fire_mixed,data,,,,,,summer,NC
TX_AUS_urban__NC,TX_AUS_urban,NC,1123.16,10.9824,1102.590166352416,213.97034996221265,767.43,8.76883,758.4598656105205,116.99332099770068,823.086,8.93515,813.0976601314901,127.8387988237369,2674.1476920944265,458.8024697836502,2713.22051912732,2713.6760000000004,21.0,84,0.0,p2uhs0_1247_circuit_1_fire_mixed,p2uhs0_1247,circuit_1,fire_mixed,data,,,,,,summer,NC
TX_AUS_urban__NC,TX_AUS_urban,NC,1134.86,11.2712,1112.9719868826094,221.81202856151987,785.419,9.01661,775.7135372568301,123.09148499184016,803.623,8.31789,795.1694221686602,116.25625220588834,2683.8549463081,461.1597657592484,2723.186681514431,2723.902,21.0,85,900.0,p2uhs0_1247_circuit_1_fire_mixed,p2uhs0_1247,circuit_1,fire_mixed,data,,,,,,summer,NC
TX_AUS_urban__NC,TX_AUS_urban,NC,1156.03,12.2296,1129.7957369818134,244.8815093013785,811.147,10.6547,797.1622447589987,149.9727013152538,815.335,9.54432,804.0488371399994,135.1910859443582,2731.006818880812,530.0452965609904,2781.968055384518,2782.512,21.0,86,1800.0,p2uhs0_1247_circuit_1_fire_mixed,p2uhs0_1247,circuit_1,fire_mixed,data,,,,,,summer,NC
TX_AUS_urban__NC,TX_AUS_urban,NC,1109.66,11.9641,1085.5556110674654,230.0311519771656,806.907,10.6706,792.9539138817676,149.4088254039445,848.117,10.0039,835.2221705053007,147.3308236093667,2713.7316954545336,526.7708009904768,2764.3854998336765,2764.684,21.0,87,2700.0,p2uhs0_1247_circuit_1_fire_mixed,p2uhs0_1247,circuit_1,fire_mixed,data,,,,,,summer,NC
TX_AUS_urban__NC,TX_AUS_urban,NC,1087.12,12.1276,1062.8578164907128,228.39254875015928,784.309,11.055,769.7550231551515,150.39219330940068,795.882,9.58018,784.782364941813,132.45677634736185,2617.395204587677,511.2415184069218,2666.856866639375,2667.311,22.0,88,0.0,p2uhs0_1247_circuit_1_fire_mixed,p2uhs0_1247,circuit_1,fire_mixed,data,,,,,,summer,NC
TX_AUS_urban__NC,TX_AUS_urban,NC,1064.25,12.1705,1040.3305235969765,224.3668071984821,779.07,10.4936,766.0402547307242,141.88866421278055,805.828,9.47382,794.8372420549211,132.63681324024097,2601.2080203826217,498.8922846515036,2648.617880515737,2649.148,22.0,89,900.0,p2uhs0_1247_circuit_1_fire_mixed,p2uhs0_1247,circuit_1,fire_mixed,data,,,,,,summer,NC
TX_AUS_urban__NC,TX_AUS_urban,NC,1049.65,13.4154,1021.0087816487116,243.5286231559111,711.206,11.5285,696.8577134104106,142.13831888837737,774.24,11.0245,759.9517900095689,148.05692979814268,2477.818285068691,533.7238718424312,2534.6488169360314,2535.0960000000005,22.0,90,1800.0,p2uhs0_1247_circuit_1_fire_mixed,p2uhs0_1247,circuit_1,fire_mixed,data,,,,,,summer,NC
TX_AUS_urban__NC,TX_AUS_urban,NC,1053.08,13.0328,1025.9538469196598,237.47882093094304,749.117,11.9396,732.9107775908769,154.97764929219986,775.384,10.9048,761.3827884727084,146.68536693727543,2520.2474129832453,539.1418371604184,2577.2700563242206,2577.581,22.0,91,2700.0,p2uhs0_1247_circuit_1_fire_mixed,p2uhs0_1247,circuit_1,fire_mixed,data,,,,,,summer,NC
TX_AUS_urban__NC,TX_AUS_urban,NC,963.365,12.5528,940.3368542225996,209.37698969978945,685.303,11.8853,670.6113765227561,141.1402971771501,734.539,10.7415,721.6684504744426,136.9021187228926,2332.616681219798,487.4194055998322,2382.9977462138227,2383.2070000000003,23.0,92,0.0,p2uhs0_1247_circuit_1_fire_mixed,p2uhs0_1247,circuit_1,fire_mixed,data,,,,,,summer,NC
TX_AUS_urban__NC,TX_AUS_urban,NC,1062.79,13.2446,1034.520695498756,243.4943832715049,715.066,12.8224,697.2341593019854,158.69439643054065,771.802,10.9037,757.8682721284256,145.993182392448,2489.6231269291666,548.1819620944935,2549.260045131985,2549.658,23.0,93,900.0,p2uhs0_1247_circuit_1_fire_mixed,p2uhs0_1247,circuit_1,fire_mixed,data,,,,,,summer,NC
TX_AUS_urban__NC,TX_AUS_urban,NC,968.991,13.76,941.1815115987253,230.47976116296724,650.169,13.4013,632.465301082554,150.6896528881604,708.249,11.8557,693.1407213833083,145.5080285112373,2266.787534064588,526.677442562365,2327.168849287616,2327.409,23.0,94,1800.0,p2uhs0_1247_circuit_1_fire_mixed,p2uhs0_1247,circuit_1,fire_mixed,data,,,,,,summer,NC
TX_AUS_urban__NC,TX_AUS_urban,NC,1009.91,14.3305,978.4857517969896,249.96768117154733,712.476,14.6121,689.4316161771435,179.73896959583337,729.731,12.0139,713.7477985338483,151.8927662829447,2381.665166507981,581.5994170503254,2451.649821501996,2452.117,23.0,95,2700.0,p2uhs0_1247_circuit_1_fire_mixed,p2uhs0_1247,circuit_1,fire_mixed,data,,,,,,summer,NC
TX_AUS_urban__NC,TX_AUS_urban,NC,933.109,13.8001,906.1737483194216,222.5792976395814,655.93,14.3444,635.4807489302958,162.50656183363873,699.38,11.5432,685.2344144050821,139.95064028050777,2226.8889116548,525.0364997537279,2287.946142487788,2288.419,24.0,96,0.0,p2uhs0_1247_circuit_1_fire_mixed,p2uhs0_1247,circuit_1,fire_mixed,data,,,,,,summer,NC
TX_AUS_urban__NC,TX_AUS_urban,NC,,,,,,,,,,,,,,,,,,0,,p2uhs0_1247_circuit_1_fire_mixed,p2uhs0_1247,circuit_1,fire_mixed,summary,1117.0,186.0,1.0,1.0,100.0,summer,NC
TX_AUS_urban__NC,TX_AUS_urban,NC,1088.4,15.3979,1049.3320308132324,288.9928184391053,997.198,17.3329,951.9151246358232,297.0882809764884,896.683,13.3085,872.6023390712402,206.41114392493512,2873.849494520296,792.492243340529,2981.116380302766,2982.281,0.0,1,900.0,p2uhs0_1247_circuit_1_fire_stress,p2uhs0_1247,circuit_1,fire_stress,data,,,,,,summer,NC
TX_AUS_urban__NC,TX_AUS_urban,NC,1094.26,15.6061,1053.918935081849,294.3804101429667,962.818,17.5941,917.7791061707763,291.0326672392135,858.688,13.1733,836.0918050281092,195.6925520014448,2807.7898462807348,781.105629383625,2914.414147840348,2915.766,0.0,2,1800.0,p2uhs0_1247_circuit_1_fire_stress,p2uhs0_1247,circuit_1,fire_stress,data,,,,,,summer,NC
TX_AUS_urban__NC,TX_AUS_urban,NC,1074.05,15.348,1035.745100382609,284.280652759591,941.047,17.5842,897.0756507531737,284.2969099986316,864.612,13.3609,841.2102403765084,199.79800306734003,2774.030991512291,768.3755658255626,2878.480319895972,2879.709,0.0,3,2700.0,p2uhs0_1247_circuit_1_fire_stress,p2uhs0_1247,circuit_1,fire_stress,data,,,,,,summer,NC
TX_AUS_urban__NC,TX_AUS_urban,NC,1138.49,15.8526,1095.1905191759306,310.99390155942865,968.971,17.9838,921.6308082294948,299.1679330463881,918.13,13.2424,893.7166039636994,210.3172097085544,2910.537931369125,820.4790443143711,3023.9736956689108,3025.5910000000003,1.0,4,0.0,p2uhs0_1247_circuit_1_fire_stress,p2uhs0_1247,circuit_1,fire_stress,data,,,,,,summer,NC
TX_AUS_urban__NC,TX_AUS_urban,NC,1115.38,15.5521,1074.5426484697691,299.0495628145516,956.848,18.1437,909.2720816980049,297.9637168323968,908.232,13.5348,883.0085375471112,212.55890581886203,2866.8232677148853,809.5721854658104,2978.93987381272,2980.46,1.0,5,900.0,p2uhs0_1247_circuit_1_fire_stress,p2uhs0_1247,circuit_1,fire_stress,data,,,,,,summer,NC
TX_AUS_urban__NC,TX_AUS_urban,NC,1013.66,15.5053,976.7685831378104,270.97920694207204,920.216,18.5472,872.4217655648761,292.7076179819453,825.52,13.4781,802.7844184923573,192.40698486772183,2651.974767195044,756.0938097917392,2757.652627697077,2759.396,1.0,6,1800.0,p2uhs0_1247_circuit_1_fire_stress,p2uhs0_1247,circuit_1,fire_stress,data,,,,,,summer,NC
TX_AUS_urban__NC,TX_AUS_urban,NC,1014.12,15.8561,975.5336818530498,277.0801508052005,933.993,18.1352,887.596604792296,290.714965576574,856.473,13.519,832.7422345441619,200.21580990370344,2695.872521189508,768.0109262854779,2803.1356430609185,2804.586,1.0,7,2700.0,p2uhs0_1247_circuit_1_fire_stress,p2uhs0_1247,circuit_1,fire_stress,data,,,,,,summer,NC
TX_AUS_urban__NC,TX_AUS_urban,NC,1030.15,15.6801,991.8136615014402,278.4145889839592,946.835,18.1702,899.6204771222934,295.261772614162,829.131,13.9132,804.8052178315139,199.36593618812967,2696.239356455248,773.042297786251,2804.8709527293504,2806.116,2.0,8,0.0,p2uhs0_1247_circuit_1_fire_stress,p2uhs0_1247,circuit_1,fire_stress,data,,,,,,summer,NC
TX_AUS_urban__NC,TX_AUS_urban,NC,1010.66,15.8586,972.1932820399966,276.1772220084408,918.699,18.257,872.4524814451129,287.8098681790895,810.444,13.3878,788.4203482339808,187.6508236768717,2633.0661117190903,751.6379138644021,2738.2470126418325,2739.803,2.0,9,900.0,p2uhs0_1247_circuit_1_fire_stress,p2uhs0_1247,circuit_1,fire_stress,data,,,,,,summer,NC
TX_AUS_urban__NC,TX_AUS_urban,NC,1032.55,15.8214,993.4331128922717,281.5140364336586,895.464,17.6419,853.3496940584909,271.3854729831354,820.714,12.8122,800.2799923700422,181.9983615536283,2647.0627993208045,734.8978709704223,2747.183347413302,2748.728,2.0,10,1800.0,p2uhs0_1247_circuit_1_fire_stress,p2uhs0_1247,circuit_1,fire_stress,data,,,,,,summer,NC
TX_AUS_urban__NC,TX_AUS_urban,NC,1016.61,15.7427,978.4767683950532,275.82441119518967,890.63,17.6159,848.8654391235849,269.53527257396854,820.139,12.9212,799.3718689582424,183.3919148686944,2626.714076476881,728.7515986378526,2725.932085008542,2727.379,2.0,11,2700.0,p2uhs0_1247_circuit_1_fire_stress,p2uhs0_1247,circuit_1,fire_stress,data,,,,,,summer,NC
TX_AUS_urban__NC,TX_AUS_urban,NC,1047.58,15.6641,1008.6740399687365,282.84366263564743,900.754,17.5575,858.792098309946,271.7239415222736,813.888,12.6295,794.1954237217337,177.95309911169255,2661.661562000416,732.5207032696137,2760.6210988379235,2762.222,3.0,12,0.0,p2uhs0_1247_circuit_1_fire_stress,p2uhs0_1247,circuit_1,fire_stress,data,,,,,,summer,NC
TX_AUS_urban__NC,TX_AUS_urban,NC,1001.33,15.5492,964.68194265969,268.4222762855698,889.325,17.4719,848.295380559406,267.0091813900275,798.307,12.539,779.2661448167015,173.31572863279203,2592.2434680357974,708.7471863083894,2687.386978400081,2688.9620000000004,3.0,13,900.0,p2uhs0_1247_circuit_1_fire_stress,p2uhs0_1247,circuit_1,fire_stress,data,,,,,,summer,NC
TX_AUS_urban__NC,TX_AUS_urban,NC,1040.48,15.563,1002.3318691636478,279.1584755276264,881.528,17.237,841.9361119067348,261.2186789863431,814.218,12.0114,796.3916851031485,169.44390051745052,2640.659666173531,709.82105503142,2734.397447834097,2736.226,3.0,14,1800.0,p2uhs0_1247_circuit_1_fire_stress,p2uhs0_1247,circuit_1,fire_stress,data,,,,,,summer,NC
TX_AUS_urban__NC,TX_AUS_urban,NC,1052.05,15.6969,1012.815253297126,284.630401026802,905.346,17.1846,864.9293702528535,267.48563361422293,814.057,12.2578,795.4983014646933,172.83301656740196,2673.242925014673,724.9490512084269,2769.7976213053907,2771.453,3.0,15,2700.0,p2uhs0_1247_circuit_1_fire_stress,p2uhs0_1247,circuit_1,fire_stress,data,,,,,,summer,NC
TX_AUS_urban__NC,TX_AUS_urban,NC,1067.93,15.1729,1030.7023850971648,279.5122148583424,922.293,16.8214,882.8294449884496,266.9017589121247,831.307,11.911,813.4084438048641,171.57514912116287,2726.9402738904782,717.9891228916299,2819.877947351014,2821.53,4.0,16,0.0,p2uhs0_1247_circuit_1_fire_stress,p2uhs0_1247,circuit_1,fire_stress,data,,,,,,summer,NC
TX_AUS_urban__NC,TX_AUS_urban,NC,1039.51,15.3393,1002.4787007997204,274.9863533757716,884.442,17.0471,845.5832347276255,259.28101456058346,830.402,11.882,812.6095723825047,170.977087577029,2660.6715079098503,705.244455513384,2752.552018588504,2754.3540000000003,4.0,17,900.0,p2uhs0_1247_circuit_1_fire_stress,p2uhs0_1247,circuit_1,fire_stress,data,,,,,,summer,NC
TX_AUS_urban__NC,TX_AUS_urban,NC,1052.4,15.313,1015.0371929258498,277.9303095691642,917.766,17.2809,876.3379314447023,272.6284296753001,852.257,12.271,832.7857175386383,181.13515040614087,2724.1608419091904,731.6938896506052,2820.714136658201,2822.423,4.0,18,1800.0,p2uhs0_1247_circuit_1_fire_stress,p2uhs0_1247,circuit_1,fire_stress,data,,,,,,summer,NC
TX_AUS_urban__NC,TX_AUS_urban,NC,1107.08,15.1509,1068.59881239321,289.3487593749475,978.273,16.9153,935.948920793814,284.6360486549356,899.022,12.5831,877.4284473601326,195.8567748309644,2881.976180547156,769.8415828608477,2983.025773932044,2984.375,4.0,19,2700.0,p2uhs0_1247_circuit_1_fire_stress,p2uhs0_1247,circuit_1,fire_stress,data,,,,,,summer,NC
TX_AUS_urban__NC,TX_AUS_urban,NC,1102.51,14.8648,1065.6132547953566,282.83686341148393,958.367,16.5995,918.4271199934908,273.78628882663565,894.161,12.4898,873.0002534245651,193.37645006992184,2857.0406282134127,749.9996023080414,2953.841660401639,2955.038,5.0,20,0.0,p2uhs0_1247_circuit_1_fire_stress,p2uhs0_1247,circuit_1,fire_stress,data,,,,,,summer,NC
TX_AUS_urban__NC,TX_AUS_urban,NC,1149.02,15.2445,1108.5889375356303,302.1217105300811,983.454,16.8996,940.9841423771824,285.8856658013452,905.717,12.6398,883.7669442025524,198.1899907257748,2933.340024115365,786.1973670572011,3036.871745241277,3038.1910000000003,5.0,21,900.0,p2uhs0_1247_circuit_1_fire_stress,p2uhs0_1247,circuit_1,fire_stress,data,,,,,,summer,NC
TX_AUS_urban__NC,TX_AUS_urban,NC,1276.41,15.3986,1230.5892968693013,338.928415053561,1106.13,17.3733,1055.667883475832,330.2860831122882,1000.42,13.6481,972.171396070148,236.05709704014265,3258.428576415281,905.2715952059918,3381.844681336876,3382.96,5.0,22,1800.0,p2uhs0_1247_circuit_1_fire_stress,p2uhs0_1247,circuit_1,fire_stress,data,,,,,,summer,NC
TX_AUS_urban__NC,TX_AUS_urban,NC,1276.99,16.0555,1227.1800431553795,353.17502995138415,1111.61,18.3653,1054.9923722106946,350.23975599187906,1005.12,14.3595,973.718752244128,249.2749604917002,3255.8911676102025,952.6897464349636,3392.40991748999,3393.72,5.0,23,2700.0,p2uhs0_1247_circuit_1_fire_stress,p2uhs0_1247,circuit_1,fire_stress,data,,,,,,summer,NC
TX_AUS_urban__NC,TX_AUS_urban,NC,1309.0,16.1087,1257.6047783096071,363.19584465250153,1104.53,17.4466,1053.7180811380233,331.1566493108692,1034.06,14.5447,1000.9204541744828,259.68890622270885,3312.2433136221134,954.0414001860796,3446.9045188260457,3447.59,6.0,24,0.0,p2uhs0_1247_circuit_1_fire_stress,p2uhs0_1247,circuit_1,fire_stress,data,,,,,,summer,NC
TX_AUS_urban__NC,TX_AUS_urban,NC,1413.5,15.505,1362.0586762643234,377.8603080677816,1249.43,16.4311,1198.4040022434306,353.4164290280346,1106.7,14.0829,1073.4377765883398,269.2883766393966,3633.9004550960935,1000.5651137352128,3769.1329327010417,3769.63,6.0,25,900.0,p2uhs0_1247_circuit_1_fire_stress,p2uhs0_1247,circuit_1,fire_stress,data,,,,,,summer,NC
TX_AUS_urban__NC,TX_AUS_urban,NC,1421.54,14.5707,1375.820355949175,357.6231532715466,1290.2,16.4535,1237.36620640948,365.4324988774428,1186.43,14.078,1150.7961506478068,288.5903057176221,3763.9827130064623,1011.6459578666114,3897.562495698992,3898.17,6.0,26,1800.0,p2uhs0_1247_circuit_1_fire_stress,p2uhs0_1247,circuit_1,fire_stress,data,,,,,,summer,NC
TX_AUS_urban__NC,TX_AUS_urban,NC,1404.86,15.645,1352.811427026305,378.8573115396506,1230.08,17.3496,1174.1150617012406,366.8114342360275,1169.57,14.6823,1131.378976253843,296.4381840971349,3658.305464981389,1042.106929872813,3803.838288939428,3804.5099999999993,6.0,27,2700.0,p2uhs0_1247_circuit_1_fire_stress,p2uhs0_1247,circuit_1,fire_stress,data,,,,,,summer,NC
TX_AUS_urban__NC,TX_AUS_urban,NC,1485.16,15.4892,1431.220190793892,396.6219750138611,1318.09,17.2341,1258.910658995559,390.5191426388303,1222.72,15.0363,1180.8560925958532,317.21142315379154,3870.986942385304,1104.352540806483,4025.435931983425,4025.97,7.0,28,0.0,p2uhs0_1247_circuit_1_fire_stress,p2uhs0_1247,circuit_1,fire_stress,data,,,,,,summer,NC
TX_AUS_urban__NC,TX_AUS_urban,NC,1516.51,15.7903,1459.283093821562,412.6686711958764,1307.56,18.2242,1241.9728505394344,408.9212541834326,1223.91,15.1744,1181.236597541637,320.36820804857854,3882.492541902633,1141.9581334278876,4046.951533738905,4047.98,7.0,29,900.0,p2uhs0_1247_circuit_1_fire_stress,p2uhs0_1247,circuit_1,fire_stress,data,,,,,,summer,NC
TX_AUS_urban__NC,TX_AUS_urban,NC,1470.02,14.0856,1425.821219985832,357.76060297091607,1283.79,16.4874,1231.0033409207615,364.34535641602815,1204.19,13.9416,1168.7167379552034,290.1288378002929,3825.541298861797,1012.2347971872372,3957.1941466061394,3958.0,7.0,30,1800.0,p2uhs0_1247_circuit_1_fire_stress,p2uhs0_1247,circuit_1,fire_stress,data,,,,,,summer,NC
TX_AUS_urban__NC,TX_AUS_urban,NC,1462.45,14.5804,1415.3522992058809,368.1546843822939,1323.07,17.3579,1262.817129134536,394.724110315557,1168.59,14.6159,1130.773471834986,294.87954065050366,3808.9429001754015,1057.7583353483546,3953.087238196942,3954.11,7.0,31,2700.0,p2uhs0_1247_circuit_1_fire_stress,p2uhs0_1247,circuit_1,fire_stress,data,,,,,,summer,NC
TX_AUS_urban__NC,TX_AUS_urban,NC,1370.43,13.3657,1333.311135040617,316.7961522441544,1191.11,16.5087,1142.0083935123942,338.46692784855713,1100.92,13.3593,1071.1293851592775,254.375090463488,3546.4489137122887,909.6381705561996,3661.24862566091,3662.46,8.0,32,0.0,p2uhs0_1247_circuit_1_fire_stress,p2uhs0_1247,circuit_1,fire_stress,data,,,,,,summer,NC
TX_AUS_urban__NC,TX_AUS_urban,NC,1331.11,12.7594,1298.239702174313,293.9855571254324,1155.94,15.6542,1113.0635801683943,311.9082398762757,1084.63,12.5713,1058.626982244133,236.07445724745523,3469.93026458684,841.9682542491634,3570.619915681181,3571.6800000000003,8.0,33,900.0,p2uhs0_1247_circuit_1_fire_stress,p2uhs0_1247,circuit_1,fire_stress,data,,,,,,summer,NC
TX_AUS_urban__NC,TX_AUS_urban,NC,1305.25,13.2537,1270.48395530046,299.24585514940435,1129.94,15.8165,1087.1599547076023,307.9734346987802,1015.94,12.7708,990.807815245248,224.57505838569548,3348.4517252533105,831.79434823388,3450.218948719877,3451.13,8.0,34,1800.0,p2uhs0_1247_circuit_1_fire_stress,p2uhs0_1247,circuit_1,fire_stress,data,,,,,,summer,NC
TX_AUS_urban__NC,TX_AUS_urban,NC,1254.54,13.2254,1221.266558390843,287.0167328853591,1071.82,15.6698,1031.9849986824552,289.4910618557555,1019.62,13.1196,993.0062625302786,231.43791170775643,3246.257819603577,807.9457064488711,3345.290136282133,3345.98,8.0,35,2700.0,p2uhs0_1247_circuit_1_fire_stress,p2uhs0_1247,circuit_1,fire_stress,data,,,,,,summer,NC
TX_AUS_urban__NC,TX_AUS_urban,NC,1293.26,14.8223,1250.2253428150416,330.8444041887541,1100.08,16.6376,1054.0250263869652,314.9718243747481,1012.71,14.3273,981.2126253111338,250.60592177766367,3285.4629945131405,896.4221503411659,3405.5601242582006,3406.05,9.0,36,0.0,p2uhs0_1247_circuit_1_fire_stress,p2uhs0_1247,circuit_1,fire_stress,data,,,,,,summer,NC
TX_AUS_urban__NC,TX_AUS_urban,NC,1305.91,15.343,1259.3662083921936,345.53969563549464,1076.18,16.583,1031.418765666957,307.1460926498191,1020.38,14.7895,986.574999624778,260.4709475457274,3277.3599736839287,913.1567358310411,3402.1968816191584,3402.4700000000003,9.0,37,900.0,p2uhs0_1247_circuit_1_fire_stress,p2uhs0_1247,circuit_1,fire_stress,data,,,,,,summer,NC
TX_AUS_urban__NC,TX_AUS_urban,NC,1246.39,15.994,1198.1429352751609,343.4261765652433,1056.75,16.9743,1010.713534791008,308.51047484690974,1008.31,15.0098,973.9080187875368,261.1364146214293,3182.7644888537056,913.0730660335824,3311.1466617207034,3311.4500000000003,9.0,38,1800.0,p2uhs0_1247_circuit_1_fire_stress,p2uhs0_1247,circuit_1,fire_stress,data,,,,,,summer,NC
TX_AUS_urban__NC,TX_AUS_urban,NC,1263.42,16.2001,1213.253633157324,352.4850607196759,1076.25,16.796,1030.3368235237851,310.9985411395304,997.309,15.3712,961.634025889114,264.358169409033,3205.224482570223,927.8417712682394,3336.817995662595,3336.9790000000003,9.0,39,2700.0,p2uhs0_1247_circuit_1_fire_stress,p2uhs0_1247,circuit_1,fire_stress,data,,,,,,summer,NC
TX_AUS_urban__NC,TX_AUS_urban,NC,1300.63,16.9769,1243.951866470081,379.765915802882,1086.33,18.0777,1032.705033251274,337.09521384541364,1053.44,16.8233,1008.35474868959,304.8877406442474,3285.0116484109453,1021.7488702925432,3440.243055968529,3440.4,10.0,40,0.0,p2uhs0_1247_circuit_1_fire_stress,p2uhs0_1247,circuit_1,fire_stress,data,,,,,,summer,NC
TX_AUS_urban__NC,TX_AUS_urban,NC,1381.97,17.5019,1317.9944329973637,415.6101003199487,1062.83,17.4195,1014.0870197738632,318.1746772233205,1133.94,17.5646,1081.0726601472538,342.20144225607856,3413.1541129184807,1075.9862197993475,3578.738233474255,3578.74,10.0,41,900.0,p2uhs0_1247_circuit_1_fire_stress,p2uhs0_1247,circuit_1,fire_stress,data,,,,,,summer,NC
TX_AUS_urban__NC,TX_AUS_urban,NC,1351.75,17.3314,1290.377420395086,402.6837163761693,1061.98,16.8522,1016.3740913137782,307.8720950428792,1137.75,17.2332,1086.6728230623112,337.0715623095288,3393.4243347711754,1047.6273737285774,3551.457704943511,3551.48,10.0,42,1800.0,p2uhs0_1247_circuit_1_fire_stress,p2uhs0_1247,circuit_1,fire_stress,data,,,,,,summer,NC
TX_AUS_urban__NC,TX_AUS_urban,NC,1308.82,17.3327,1249.387695030235,389.9233000309633,970.569,16.5831,930.1999290816918,277.0059127481136,1067.25,17.0415,1020.3899734575216,312.7728641799968,3199.9775975694483,979.7020769590736,3346.591218619965,3346.639,10.0,43,2700.0,p2uhs0_1247_circuit_1_fire_stress,p2uhs0_1247,circuit_1,fire_stress,data,,,,,,summer,NC
TX_AUS_urban__NC,TX_AUS_urban,NC,1231.62,16.2011,1182.7103120773445,343.633732491311,947.944,15.7159,912.5066451966104,256.76730634570094,940.1,14.7672,909.0479937586182,239.62419544660187,3004.264951032573,840.0252342836138,3119.4951979825178,3119.664,11.0,44,0.0,p2uhs0_1247_circuit_1_fire_stress,p2uhs0_1247,circuit_1,fire_stress,data,,,,,,summer,NC
TX_AUS_urban__NC,TX_AUS_urban,NC,1245.57,15.9975,1197.3337098763689,343.27337807306213,973.327,15.5602,937.6537256163108,261.0956525238439,935.822,14.8313,904.6438710496012,239.545991943912,3039.631306542281,843.915022540818,3154.607906694904,3154.719,11.0,45,900.0,p2uhs0_1247_circuit_1_fire_stress,p2uhs0_1247,circuit_1,fire_stress,data,,,,,,summer,NC
TX_AUS_urban__NC,TX_AUS_urban,NC,1219.52,16.2167,1170.9981374545343,340.57655890858285,973.193,16.96,930.8675098280715,283.8842975500493,926.313,15.1138,894.2717026721059,241.52411011932656,2996.137349954712,865.9849665779587,3118.7768407073745,3119.026,11.0,46,1800.0,p2uhs0_1247_circuit_1_fire_stress,p2uhs0_1247,circuit_1,fire_stress,data,,,,,,summer,NC
TX_AUS_urban__NC,TX_AUS_urban,NC,1232.03,17.0804,1177.6895248863912,361.8636537051857,996.733,18.0646,947.6015391508344,309.07603641817553,935.3,16.0996,898.6185536226131,259.3661216990425,3023.9096176598387,930.3058118224036,3163.7791135422544,3164.063,11.0,47,2700.0,p2uhs0_1247_circuit_1_fire_stress,p2uhs0_1247,circuit_1,fire_stress,data,,,,,,summer,NC
TX_AUS_urban__NC,TX_AUS_urban,NC,1117.63,15.936,1074.6783458976734,306.8603424338849,958.194,17.5831,913.4269976595432,289.4596026782892,879.914,15.6408,847.3315116825338,237.2297551020785,2835.43685523975,833.5497002142527,2955.4199807775467,2955.7380000000003,12.0,48,0.0,p2uhs0_1247_circuit_1_fire_stress,p2uhs0_1247,circuit_1,fire_stress,data,,,,,,summer,NC
TX_AUS_urban__NC,TX_AUS_urban,NC,1108.93,16.0858,1065.513010085661,307.2584746401531,916.893,16.928,877.165315386682,266.9715020963525,874.498,15.6684,842.0023912208933,236.17520018473115,2784.6807166932367,810.4051769212367,2900.2074485636194,2900.321,12.0,49,900.0,p2uhs0_1247_circuit_1_fire_stress,p2uhs0_1247,circuit_1,fire_stress,data,,,,,,summer,NC
TX_AUS_urban__NC,TX_AUS_urban,NC,1070.71,16.5094,1026.5679738866083,304.26649353871375,859.498,17.3011,820.6100904643845,255.6088641499641,838.095,15.7422,806.6598838197397,227.3830707438972,2653.8379481707325,787.258428432575,2768.145893606255,2768.303,12.0,50,1800.0,p2uhs0_1247_circuit_1_fire_stress,p2uhs0_1247,circuit_1,fire_stress,data,,,,,,summer,NC
TX_AUS_urban__NC,TX_AUS_urban,NC,1014.35,15.1676,979.0147167346346,265.39801603818216,816.135,15.7991,785.3032726355165,222.2051039309124,789.861,14.6841,764.062666827098,200.22147857326115,2528.380656197249,687.8245985423557,2620.2693413068027,2620.346,12.0,51,2700.0,p2uhs0_1247_circuit_1_fire_stress,p2uhs0_1247,circuit_1,fire_stress,data,,,,,,summer,NC
TX_AUS_urban__NC,TX_AUS_urban,NC,1027.87,15.684,989.5995987373576,277.8657429026839,808.901,16.1831,776.8490544387397,225.4470545796416,779.584,14.398,755.0987021274746,193.8482991965713,2521.547355303572,697.1610966788967,2616.148822173723,2616.355,13.0,52,0.0,p2uhs0_1247_circuit_1_fire_stress,p2uhs0_1247,circuit_1,fire_stress,data,,,,,,summer,NC
TX_AUS_urban__NC,TX_AUS_urban,NC,978.556,15.4891,943.0160941662864,261.3283208520681,764.677,16.477,733.2745209638947,216.8856639664568,773.706,15.1146,746.9405835193575,201.7442418701508,2423.231198649539,679.9582266886756,2516.821930957788,2516.9390000000003,13.0,53,900.0,p2uhs0_1247_circuit_1_fire_stress,p2uhs0_1247,circuit_1,fire_stress,data,,,,,,summer,NC
TX_AUS_urban__NC,TX_AUS_urban,NC,990.758,15.5413,954.5334818148694,265.45667567115805,751.962,15.8618,723.3301059323688,205.5247121293885,746.691,14.1265,724.1104941545779,182.2400662209412,2401.974081901816,653.2214540214878,2489.212276629299,2489.411,13.0,54,1800.0,p2uhs0_1247_circuit_1_fire_stress,p2uhs0_1247,circuit_1,fire_stress,data,,,,,,summer,NC
TX_AUS_urban__NC,TX_AUS_urban,NC,920.464,14.2943,891.9667097823864,227.264964162944,721.235,14.9758,696.7382946556894,186.37508949771623,704.688,13.0536,686.4782965924694,159.16257616506934,2275.1833010305454,572.8026298257296,2346.180279949416,2346.387,13.0,55,2700.0,p2uhs0_1247_circuit_1_fire_stress,p2uhs0_1247,circuit_1,fire_stress,data,,,,,,summer,NC
TX_AUS_urban__NC,TX_AUS_urban,NC,860.553,14.7932,832.0288509843814,219.725867704761,704.263,15.2409,679.493427708257,185.13523400553424,702.246,14.4116,680.1482790318448,174.779183674772,2191.670557724483,579.6402853850673,2267.0250757408107,2267.062,14.0,56,0.0,p2uhs0_1247_circuit_1_fire_stress,p2uhs0_1247,circuit_1,fire_stress,data,,,,,,summer,NC
TX_AUS_urban__NC,TX_AUS_urban,NC,869.099,15.4403,837.7318110402588,231.38384682645483,698.77,15.2861,674.048499784426,184.2230518647564,689.179,14.6541,666.760509828215,174.35055656526785,2178.5408206529,589.9574552564791,2257.0090620694705,2257.048,14.0,57,900.0,p2uhs0_1247_circuit_1_fire_stress,p2uhs0_1247,circuit_1,fire_stress,data,,,,,,summer,NC
TX_AUS_urban__NC,TX_AUS_urban,NC,960.883,16.4363,921.6164233031228,271.8810548511224,710.018,14.4127,687.6723231081866,176.72672790211988,719.593,14.8589,695.5300114396736,184.53208077656168,2304.818757850984,633.139863529804,2390.199906562689,2390.494,14.0,58,1800.0,p2uhs0_1247_circuit_1_fire_stress,p2uhs0_1247,circuit_1,fire_stress,data,,,,,,summer,NC
TX_AUS_urban__NC,TX_AUS_urban,NC,892.063,15.2185,860.7799446867531,234.1672111848076,681.676,14.2133,660.8087939180568,167.37355483039462,690.586,13.8944,670.379423568629,165.83260189658915,2191.968162173439,567.3733679117913,2264.2078002245225,2264.325,14.0,59,2700.0,p2uhs0_1247_circuit_1_fire_stress,p2uhs0_1247,circuit_1,fire_stress,data,,,,,,summer,NC
TX_AUS_urban__NC,TX_AUS_urban,NC,892.897,16.0427,858.1240270285434,246.75535829099184,680.846,14.5095,659.1311742667373,170.5795146720499,699.885,14.3316,678.1041295735656,173.24492108075455,2195.359330868846,590.5797940437964,2273.408692858748,2273.628,15.0,60,0.0,p2uhs0_1247_circuit_1_fire_stress,p2uhs0_1247,circuit_1,fire_stress,data,,,,,,summer,NC
TX_AUS_urban__NC,TX_AUS_urban,NC,866.291,15.4737,834.8905673367426,231.12299161514025,664.302,14.2629,643.8251993182173,163.66508462973317,678.796,13.7832,659.2495124482433,161.72226177231605,2137.965279103203,556.5103380171895,2209.2078424111305,2209.389,15.0,61,900.0,p2uhs0_1247_circuit_1_fire_stress,p2uhs0_1247,circuit_1,fire_stress,data,,,,,,summer,NC
TX_AUS_urban__NC,TX_AUS_urban,NC,831.2,14.7269,803.8938402258252,211.3010498009312,640.056,13.8099,621.553933076566,152.78216981392785,640.864,12.8796,624.7402590802582,142.8505344068829,2050.188032382649,506.9337540217419,2111.931059265812,2112.12,15.0,62,1800.0,p2uhs0_1247_circuit_1_fire_stress,p2uhs0_1247,circuit_1,fire_stress,data,,,,,,summer,NC
TX_AUS_urban__NC,TX_AUS_urban,NC,795.834,14.1044,771.8422344429973,193.93638309002543,637.053,13.6976,618.9346009806701,150.8525257259509,618.344,12.2175,604.3393142320352,130.85601097983,1995.1161496557024,475.6449197958064,2051.030604438791,2051.231,15.0,63,2700.0,p2uhs0_1247_circuit_1_fire_stress,p2uhs0_1247,circuit_1,fire_stress,data,,,,,,summer,NC
TX_AUS_urban__NC,TX_AUS_urban,NC,776.028,13.8921,753.3288668919589,186.3198193732414,638.839,13.8198,620.3457549051976,152.59886071691545,607.75,11.9926,594.4855191176406,126.28155074843464,1968.160140914797,465.2002308385915,2022.39105888501,2022.617,16.0,64,0.0,p2uhs0_1247_circuit_1_fire_stress,p2uhs0_1247,circuit_1,fire_stress,data,,,,,,summer,NC
TX_AUS_urban__NC,TX_AUS_urban,NC,793.903,13.9337,770.5424179731697,191.17101117340263,672.914,14.3924,651.795361288087,167.2604507925654,614.215,11.9335,600.9407409992768,127.00508663923732,2023.2785202605328,485.43654860520536,2080.698107191283,2081.032,16.0,65,900.0,p2uhs0_1247_circuit_1_fire_stress,p2uhs0_1247,circuit_1,fire_stress,data,,,,,,summer,NC
TX_AUS_urban__NC,TX_AUS_urban,NC,926.498,15.018,894.8529681194942,240.0764658431383,731.407,14.2117,709.0224621455491,179.56432781057455,685.366,12.966,667.8914848146101,153.7774966246215,2271.766915079653,573.4182902783343,2343.0180221407286,2343.271,16.0,66,1800.0,p2uhs0_1247_circuit_1_fire_stress,p2uhs0_1247,circuit_1,fire_stress,data,,,,,,summer,NC
TX_AUS_urban__NC,TX_AUS_urban,NC,908.433,15.0745,877.1724352202369,236.26052226048927,726.217,14.847,701.9711706335812,186.0849448190785,675.078,13.5488,656.2910771209985,158.15286331698115,2235.4346829748165,580.498330396549,2309.577133035374,2309.728,16.0,67,2700.0,p2uhs0_1247_circuit_1_fire_stress,p2uhs0_1247,circuit_1,fire_stress,data,,,,,,summer,NC
TX_AUS_urban__NC,TX_AUS_urban,NC,898.314,14.9789,867.7902556505658,232.1812111130564,698.181,14.1678,676.9444694138109,170.88854288996117,700.428,13.6709,680.584372275636,165.5424277887044,2225.3190973400124,568.6121817917219,2296.816252613193,2296.923,17.0,68,0.0,p2uhs0_1247_circuit_1_fire_stress,p2uhs0_1247,circuit_1,fire_stress,data,,,,,,summer,NC
TX_AUS_urban__NC,TX_AUS_urban,NC,901.016,14.9069,870.6924023864854,231.78561793702949,712.157,13.2886,693.0887299374882,163.69363177179406,710.546,13.121,691.9956546557285,161.29982037680594,2255.7767869797017,556.7790700856294,2323.4740897117586,2323.719,17.0,69,900.0,p2uhs0_1247_circuit_1_fire_stress,p2uhs0_1247,circuit_1,fire_stress,data,,,,,,summer,NC
TX_AUS_urban__NC,TX_AUS_urban,NC,1036.86,15.7372,997.994187149059,281.2227978252985,790.785,13.5891,768.6475406287177,185.80063108187684,762.19,13.3277,741.6623483724518,175.70019096933288,2508.304076150229,642.7236198765082,2589.340261529762,2589.835,17.0,70,1800.0,p2uhs0_1247_circuit_1_fire_stress,p2uhs0_1247,circuit_1,fire_stress,data,,,,,,summer,NC
TX_AUS_urban__NC,TX_AUS_urban,NC,1058.91,14.9402,1023.1140042195924,272.99839279701274,833.026,13.8094,808.9474941081035,198.837291402342,837.874,13.8335,813.5711687909719,200.33669955375623,2645.632667118668,672.172383753111,2729.686414738106,2729.8100000000004,17.0,71,2700.0,p2uhs0_1247_circuit_1_fire_stress,p2uhs0_1247,circuit_1,fire_stress,data,,,,,,summer,NC
TX_AUS_urban__NC,TX_AUS_urban,NC,1093.67,14.8812,1056.988743697589,280.871615861398,867.199,15.0512,837.4490078961169,225.1960585241435,861.885,14.1229,835.8341549856102,210.3022077499212,2730.271906579316,716.3698821354626,2822.6885219391515,2822.754,18.0,72,0.0,p2uhs0_1247_circuit_1_fire_stress,p2uhs0_1247,circuit_1,fire_stress,data,,,,,,summer,NC
TX_AUS_urban__NC,TX_AUS_urban,NC,1168.65,14.2806,1132.537906541119,288.271942352114,904.742,15.3141,872.616830329849,238.9517817240277,878.665,14.045,852.3976806387318,213.23783966901928,2857.5524175097,740.461563745161,2951.9297325985685,2952.057,18.0,73,900.0,p2uhs0_1247_circuit_1_fire_stress,p2uhs0_1247,circuit_1,fire_stress,data,,,,,,summer,NC
TX_AUS_urban__NC,TX_AUS_urban,NC,1154.21,12.9487,1124.8596920265047,258.6337127174974,876.656,13.8437,851.1909542606662,209.7610586377182,839.409,12.7674,818.6548244490069,185.50403684924365,2794.7054707361776,653.8988082044593,2870.1850671226643,2870.275,18.0,74,1800.0,p2uhs0_1247_circuit_1_fire_stress,p2uhs0_1247,circuit_1,fire_stress,data,,,,,,summer,NC
TX_AUS_urban__NC,TX_AUS_urban,NC,1201.85,12.6749,1172.561828955559,263.7085129008822,944.14,14.3344,914.7463350651514,233.7508975060284,873.849,12.4885,853.1732342768893,188.9643011643,2940.4813982976,686.4237115712106,3019.5377734914,3019.839,18.0,75,2700.0,p2uhs0_1247_circuit_1_fire_stress,p2uhs0_1247,circuit_1,fire_stress,data,,,,,,summer,NC
TX_AUS_urban__NC,TX_AUS_urban,NC,1209.58,12.0376,1182.982484130849,252.26220216196828,923.495,13.6355,897.4664059785878,217.70867039435225,933.273,11.9485,913.0527873208924,193.2177530522221,2993.5016774303285,663.1886256085427,3066.0840572161,3066.348,19.0,76,0.0,p2uhs0_1247_circuit_1_fire_stress,p2uhs0_1247,circuit_1,fire_stress,data,,,,,,summer,NC
TX_AUS_urban__NC,TX_AUS_urban,NC,1245.13,13.5783,1210.3286012538338,292.3241247090945,962.89,14.554,931.9920469826948,241.96689124962268,915.08,13.369,890.2823600940623,211.58621341038872,3032.603008330591,745.877229369106,3122.9815637347406,3123.1,19.0,77,900.0,p2uhs0_1247_circuit_1_fire_stress,p2uhs0_1247,circuit_1,fire_stress,data,,,,,,summer,NC
TX_AUS_urban__NC,TX_AUS_urban,NC,1217.34,12.4547,1188.6921265837968,262.54086119629164,1000.88,13.6397,972.6530204057692,236.0230418741654,922.252,12.0347,901.982288064798,192.29327476901423,3063.3274350543643,690.8571778394713,3140.264099487345,3140.472,19.0,78,1800.0,p2uhs0_1247_circuit_1_fire_stress,p2uhs0_1247,circuit_1,fire_stress,data,,,,,,summer,NC
TX_AUS_urban__NC,TX_AUS_urban,NC,1346.89,12.8298,1313.2635351601382,299.0845354054548,1051.84,13.2105,1024.0051991463836,240.3762420065158,996.797,12.0367,974.8816456308282,207.8702389018891,3312.15037993735,747.3310163138598,3395.415112657632,3395.527,19.0,79,2700.0,p2uhs0_1247_circuit_1_fire_stress,p2uhs0_1247,circuit_1,fire_stress,data,,,,,,summer,NC
TX_AUS_urban__NC,TX_AUS_urban,NC,1378.2,13.0481,1342.616080943421,311.15478333480536,1075.43,13.1486,1047.235843657216,244.63600033429043,1031.05,12.3434,1007.2161754180228,220.40798187972,3397.06810001866,776.1987655488158,3484.617080800112,3484.6800000000003,20.0,80,0.0,p2uhs0_1247_circuit_1_fire_stress,p2uhs0_1247,circuit_1,fire_stress,data,,,,,,summer,NC
TX_AUS_urban__NC,TX_AUS_urban,NC,1429.51,13.6013,1389.4203428500562,336.1695271353914,1081.4,13.0819,1053.3349869037927,244.76798271911977,1033.26,12.0318,1010.5614022235242,215.3877432353674,3453.316731977373,796.3252530898785,3543.942770427246,3544.17,20.0,81,900.0,p2uhs0_1247_circuit_1_fire_stress,p2uhs0_1247,circuit_1,fire_stress,data,,,,,,summer,NC
TX_AUS_urban__NC,TX_AUS_urban,NC,1577.07,16.2947,1513.7210697956111,442.4910256229275,1187.69,15.1335,1146.5010921656462,310.0689951655607,1123.11,13.9571,1089.951965675693,270.8888787301776,3750.1741276369503,1023.4488995186656,3887.3195954955295,3887.87,20.0,82,1800.0,p2uhs0_1247_circuit_1_fire_stress,p2uhs0_1247,circuit_1,fire_stress,data,,,,,,summer,NC
TX_AUS_urban__NC,TX_AUS_urban,NC,1570.8,15.5432,1513.3537804909292,420.9192025481992,1198.99,14.851,1158.9384929464802,307.3086228320664,1122.33,13.2497,1092.454090030444,257.23275467123983,3764.746363467853,985.4605800515054,3891.5867889692345,3892.12,20.0,83,2700.0,p2uhs0_1247_circuit_1_fire_stress,p2uhs0_1247,circuit_1,fire_stress,data,,,,,,summer,NC
TX_AUS_urban__NC,TX_AUS_urban,NC,1476.17,14.0641,1431.9210182332722,358.7200390858992,1123.42,13.5073,1092.3463931712256,262.3963675926448,1050.79,11.6237,1029.2403895566888,211.71642497736343,3553.507800961186,832.8328316559075,3649.7983803185625,3650.38,21.0,84,0.0,p2uhs0_1247_circuit_1_fire_stress,p2uhs0_1247,circuit_1,fire_stress,data,,,,,,summer,NC
TX_AUS_urban__NC,TX_AUS_urban,NC,1293.07,12.5421,1262.2130921055311,280.7991008130081,1039.18,11.8098,1017.183050288493,212.68219155772624,1011.61,10.9007,993.3569162182096,191.30297724146564,3272.753058612234,684.7842696122,3343.6270842550675,3343.86,21.0,85,900.0,p2uhs0_1247_circuit_1_fire_stress,p2uhs0_1247,circuit_1,fire_stress,data,,,,,,summer,NC
TX_AUS_urban__NC,TX_AUS_urban,NC,1268.05,12.931,1235.8925837036752,283.7610333471711,989.353,12.6897,965.1871127885996,217.33199468970687,972.89,11.3451,953.879843265388,191.3849437965251,3154.9595397576627,692.4779718334031,3230.061212884732,3230.293,21.0,86,1800.0,p2uhs0_1247_circuit_1_fire_stress,p2uhs0_1247,circuit_1,fire_stress,data,,,,,,summer,NC
TX_AUS_urban__NC,TX_AUS_urban,NC,1357.37,13.7999,1318.1891026184271,323.77585863993096,1059.06,13.7067,1028.8994731574355,250.94612516704,1025.65,12.0649,1002.994896969971,214.38087403543616,3350.083472745834,789.102857842407,3441.7644594916487,3442.08,21.0,87,2700.0,p2uhs0_1247_circuit_1_fire_stress,p2uhs0_1247,circuit_1,fire_stress,data,,,,,,summer,NC
TX_AUS_urban__NC,TX_AUS_urban,NC,1327.15,13.085,1292.6909100062237,300.46186727650075,1051.26,12.7701,1025.2569129289873,232.3700714191117,960.742,11.2356,942.3286887702048,187.19463903815827,3260.2765117054155,720.0265777337708,3338.8383017781857,3339.152,22.0,88,0.0,p2uhs0_1247_circuit_1_fire_stress,p2uhs0_1247,circuit_1,fire_stress,data,,,,,,summer,NC
TX_AUS_urban__NC,TX_AUS_urban,NC,1373.61,13.4934,1335.69397520868,320.50902747229065,1084.22,13.3544,1054.9027034988,250.42622576504044,962.624,11.8642,942.060075915185,197.90851104153103,3332.656754622665,768.8437642788622,3420.1932369388965,3420.454,22.0,89,900.0,p2uhs0_1247_circuit_1_fire_stress,p2uhs0_1247,circuit_1,fire_stress,data,,,,,,summer,NC
TX_AUS_urban__NC,TX_AUS_urban,NC,1325.24,15.2015,1278.8693621207838,347.4970679427089,1067.94,15.0645,1031.2390159355284,277.5642909531468,949.33,13.3349,923.7347003161634,218.95582278580275,3233.843078372476,844.0171816816584,3342.170860161314,3342.51,22.0,90,1800.0,p2uhs0_1247_circuit_1_fire_stress,p2uhs0_1247,circuit_1,fire_stress,data,,,,,,summer,NC
TX_AUS_urban__NC,TX_AUS_urban,NC,1360.27,15.7727,1309.0525956952604,369.75096295141856,1080.59,14.99,1043.8185856243183,279.495095494085,957.613,13.5904,930.8002050395086,225.0191904425237,3283.671386359087,874.2652488880273,3398.063786777207,3398.473,22.0,91,2700.0,p2uhs0_1247_circuit_1_fire_stress,p2uhs0_1247,circuit_1,fire_stress,data,,,,,,summer,NC
TX_AUS_urban__NC,TX_AUS_urban,NC,1265.37,14.1912,1226.7547226530248,310.2161945297177,1047.95,14.3884,1015.0794664561772,260.4090614380437,964.25,12.9007,939.9108514226835,215.280407556949,3181.745040531885,785.9056635247105,3277.369252145608,3277.57,23.0,92,0.0,p2uhs0_1247_circuit_1_fire_stress,p2uhs0_1247,circuit_1,fire_stress,data,,,,,,summer,NC
TX_AUS_urban__NC,TX_AUS_urban,NC,1217.09,14.0174,1180.847753133835,294.7993419578361,1015.39,14.2413,984.1853141038812,249.7921528035752,938.965,12.8142,915.5795287864275,208.25320571895912,3080.612596024144,752.8447004803704,3171.269321553121,3171.445,23.0,93,900.0,p2uhs0_1247_circuit_1_fire_stress,p2uhs0_1247,circuit_1,fire_stress,data,,,,,,summer,NC
TX_AUS_urban__NC,TX_AUS_urban,NC,1174.01,15.897,1129.1107538286958,321.57174267711133,953.778,15.9564,917.0300472751636,262.1990954952196,930.785,13.6863,904.3560325271592,220.22915941522223,2950.4968336310185,803.9999975875533,3058.0790639529664,3058.573,23.0,94,1800.0,p2uhs0_1247_circuit_1_fire_stress,p2uhs0_1247,circuit_1,fire_stress,data,,,,,,summer,NC
TX_AUS_urban__NC,TX_AUS_urban,NC,1214.01,15.6362,1169.0824867518515,327.2100537424041,1091.19,16.4628,1046.4555019465454,309.23534491678646,998.822,13.7545,970.1791800470526,237.4820967720065,3185.7171687454493,873.9274954311971,3303.4138624323423,3304.022,23.0,95,2700.0,p2uhs0_1247_circuit_1_fire_stress,p2uhs0_1247,circuit_1,fire_stress,data,,,,,,summer,NC
TX_AUS_urban__NC,TX_AUS_urban,NC,1257.93,16.1081,1208.543592876653,349.0132791410534,1118.03,17.4819,1066.3903157640552,335.8612441837232,950.462,14.5093,920.148903115062,238.12603708991605,3195.0828117557703,923.0005604146926,3325.7306277723387,3326.422,24.0,96,0.0,p2uhs0_1247_circuit_1_fire_stress,p2uhs0_1247,circuit_1,fire_stress,data,,,,,,summer,NC
TX_AUS_urban__NC,TX_AUS_urban,NC,,,,,,,,,,,,,,,,,,0,,p2uhs0_1247_circuit_1_fire_stress,p2uhs0_1247,circuit_1,fire_stress,summary,1211.0,280.0,1.0,1.0,100.0,summer,NC
TX_AUS_urban__NC,TX_AUS_urban,NC,143.68,-32.6821,120.9325133589957,-77.5839520305348,233.616,-17.039,223.36154793890967,-68.45476140002336,219.036,-15.7721,210.7893965517299,-59.536540018358174,555.0834578496354,-205.5752534489164,591.9280615149903,596.3320000000001,0.0,1,900.0,p2uhs0_1247_circuit_2_fire_baseline,p2uhs0_1247,circuit_2,fire_baseline,data,,,,,,summer,NC
TX_AUS_urban__NC,TX_AUS_urban,NC,129.759,-37.1463,103.43040888644292,-78.35527167066188,235.632,-17.6688,224.5165078634163,-71.51766999012564,210.161,-16.3437,201.6685927671197,-59.13902782705875,529.6155095169789,-209.01196948784627,569.3668336934612,575.5519999999999,0.0,2,1800.0,p2uhs0_1247_circuit_2_fire_baseline,p2uhs0_1247,circuit_2,fire_baseline,data,,,,,,summer,NC
TX_AUS_urban__NC,TX_AUS_urban,NC,129.577,-37.0366,103.43495860656672,-78.04747444381418,239.574,-17.0726,229.0168174865968,-70.33490445227612,203.279,-16.5266,194.88109226837227,-57.82483650894458,527.3328683615358,-206.20721540503487,566.2167162310764,572.4300000000001,0.0,3,2700.0,p2uhs0_1247_circuit_2_fire_baseline,p2uhs0_1247,circuit_2,fire_baseline,data,,,,,,summer,NC
TX_AUS_urban__NC,TX_AUS_urban,NC,141.79,-31.8316,120.46505835667352,-74.78351298998493,229.26,-17.7605,218.3334487639117,-69.93320206351432,214.031,-16.7544,204.9452184106936,-61.69867430985142,543.7437255312789,-206.41538936335064,581.6051513016871,585.0809999999999,1.0,4,0.0,p2uhs0_1247_circuit_2_fire_baseline,p2uhs0_1247,circuit_2,fire_baseline,data,,,,,,summer,NC
TX_AUS_urban__NC,TX_AUS_urban,NC,143.979,-31.0648,123.33014492361666,-74.2941975804283,217.922,-18.6795,206.442943403558,-69.79476486725453,211.124,-17.8826,200.92411403717057,-64.82934346712203,530.6972023643452,-208.91830591480488,570.338828367537,573.025,1.0,5,900.0,p2uhs0_1247_circuit_2_fire_baseline,p2uhs0_1247,circuit_2,fire_baseline,data,,,,,,summer,NC
TX_AUS_urban__NC,TX_AUS_urban,NC,139.914,-33.1433,117.1507999421572,-76.4958656981713,233.641,-17.8272,222.42253179505565,-71.52855535293197,203.163,-20.2989,190.5456827924625,-70.48082957907256,530.1190145296753,-218.50525063017585,573.38531034451,576.718,1.0,6,1800.0,p2uhs0_1247_circuit_2_fire_baseline,p2uhs0_1247,circuit_2,fire_baseline,data,,,,,,summer,NC
TX_AUS_urban__NC,TX_AUS_urban,NC,153.015,-27.0428,136.2854330856103,-69.56918106221775,243.146,-15.6329,234.1515409005796,-65.52124243239156,221.577,-17.9041,210.8465593288172,-68.11824533999359,581.283533315007,-203.2086688346029,615.779432258589,617.7379999999999,1.0,7,2700.0,p2uhs0_1247_circuit_2_fire_baseline,p2uhs0_1247,circuit_2,fire_baseline,data,,,,,,summer,NC
TX_AUS_urban__NC,TX_AUS_urban,NC,142.4,-33.1886,119.17074997407748,-77.94929345809307,240.87,-16.9854,230.36306428909552,-70.36487413005192,209.63,-19.2674,197.8883834642324,-69.1731493421612,547.4221977274053,-217.4873169303061,589.0431186171738,592.9,2.0,8,0.0,p2uhs0_1247_circuit_2_fire_baseline,p2uhs0_1247,circuit_2,fire_baseline,data,,,,,,summer,NC
TX_AUS_urban__NC,TX_AUS_urban,NC,138.896,-34.5328,114.42277539004668,-78.73707695894561,250.705,-16.5531,240.31480862646345,-71.42681415145334,211.175,-18.7916,199.9186326611727,-68.02514931910923,554.6562166776828,-218.18904042950817,596.0285027267993,600.7760000000001,2.0,9,900.0,p2uhs0_1247_circuit_2_fire_baseline,p2uhs0_1247,circuit_2,fire_baseline,data,,,,,,summer,NC
TX_AUS_urban__NC,TX_AUS_urban,NC,140.131,-32.586,118.07214108158202,-75.46964066040724,234.625,-17.4745,223.79721769524124,-70.45350223281173,202.656,-19.7562,190.7275550899571,-68.50148951232654,532.5969138667804,-214.4246324055455,574.1405713261099,577.412,2.0,10,1800.0,p2uhs0_1247_circuit_2_fire_baseline,p2uhs0_1247,circuit_2,fire_baseline,data,,,,,,summer,NC
TX_AUS_urban__NC,TX_AUS_urban,NC,131.462,-37.395,104.4423023986651,-79.83772863543771,236.486,-17.2552,225.84248104565145,-70.14842800194856,188.381,-22.9048,173.52768621233383,-73.31809653007782,503.8124696566504,-223.30425316746408,551.0823840989767,556.329,2.0,11,2700.0,p2uhs0_1247_circuit_2_fire_baseline,p2uhs0_1247,circuit_2,fire_baseline,data,,,,,,summer,NC
TX_AUS_urban__NC,TX_AUS_urban,NC,132.322,-37.1133,105.51936980356072,-79.84218358899885,239.425,-16.9429,229.03291438617103,-69.77287977987471,192.905,-21.7722,179.14429656303645,-71.55179965545837,513.6965807527682,-221.16686302433192,559.2843269546438,564.652,3.0,12,0.0,p2uhs0_1247_circuit_2_fire_baseline,p2uhs0_1247,circuit_2,fire_baseline,data,,,,,,summer,NC
TX_AUS_urban__NC,TX_AUS_urban,NC,141.231,-33.1922,118.18758742628292,-77.31681278580186,253.899,-14.7998,245.4757179369015,-64.85656562263208,205.427,-19.6721,193.4371670020948,-69.1542822333056,557.1004723652792,-211.3276606417396,595.8358133428432,600.557,3.0,13,900.0,p2uhs0_1247_circuit_2_fire_baseline,p2uhs0_1247,circuit_2,fire_baseline,data,,,,,,summer,NC
TX_AUS_urban__NC,TX_AUS_urban,NC,142.243,-31.2984,121.54285094744776,-73.89456294319967,251.844,-15.0854,243.16519907799537,-65.54453671633418,203.913,-20.0767,191.5220078952384,-69.99880042383762,556.2300579206815,-209.43790008337143,594.3535238608222,598.0,3.0,14,1800.0,p2uhs0_1247_circuit_2_fire_baseline,p2uhs0_1247,circuit_2,fire_baseline,data,,,,,,summer,NC
TX_AUS_urban__NC,TX_AUS_urban,NC,140.401,-32.483,118.43537989887706,-75.4022651464044,253.651,-14.9296,245.08853136787505,-65.34861584561797,205.845,-19.3415,194.22737757094603,-68.17543418939977,557.7512888376981,-208.92631518142213,595.597771466113,599.897,3.0,15,2700.0,p2uhs0_1247_circuit_2_fire_baseline,p2uhs0_1247,circuit_2,fire_baseline,data,,,,,,summer,NC
TX_AUS_urban__NC,TX_AUS_urban,NC,150.033,-28.0285,132.43622350636872,-70.50211197099806,276.22,-12.6436,269.5217976791495,-60.46063988910159,205.851,-18.661,195.02906146763783,-65.86576792274069,596.987082653156,-196.82851978284032,628.5976798037279,632.104,4.0,16,0.0,p2uhs0_1247_circuit_2_fire_baseline,p2uhs0_1247,circuit_2,fire_baseline,data,,,,,,summer,NC
TX_AUS_urban__NC,TX_AUS_urban,NC,139.162,-33.3537,116.24096475525998,-76.51209287927243,265.42,-13.2975,258.3038004030403,-61.04853067311552,206.096,-19.2439,194.5802037255125,-67.92720761328299,569.1249688838128,-205.4878311656709,605.0855137616271,610.678,4.0,17,900.0,p2uhs0_1247_circuit_2_fire_baseline,p2uhs0_1247,circuit_2,fire_baseline,data,,,,,,summer,NC
TX_AUS_urban__NC,TX_AUS_urban,NC,137.62,-34.4766,113.44807146838929,-77.90249983218277,260.622,-13.7426,253.1611114260134,-61.91347628380779,201.325,-20.3741,188.7299997533464,-70.09096102994944,555.339182647749,-209.90693714594,593.6855481194228,599.567,4.0,18,1800.0,p2uhs0_1247_circuit_2_fire_baseline,p2uhs0_1247,circuit_2,fire_baseline,data,,,,,,summer,NC
TX_AUS_urban__NC,TX_AUS_urban,NC,153.09,-30.2227,132.2813095360986,-77.0597381738017,284.524,-12.9732,277.2615757303861,-63.87429216440192,205.575,-19.3794,193.9275360641568,-68.21430481273823,603.4704213306416,-209.14833515094188,638.6858190983988,643.1890000000001,4.0,19,2700.0,p2uhs0_1247_circuit_2_fire_baseline,p2uhs0_1247,circuit_2,fire_baseline,data,,,,,,summer,NC
TX_AUS_urban__NC,TX_AUS_urban,NC,145.467,-31.1178,124.53525479523104,-75.17724657159835,276.479,-13.2473,269.12190989931844,-63.35641288096349,207.064,-19.01,195.7710894903757,-67.44761386254736,589.4282541849252,-205.9812733151092,624.3828567377572,629.01,5.0,20,0.0,p2uhs0_1247_circuit_2_fire_baseline,p2uhs0_1247,circuit_2,fire_baseline,data,,,,,,summer,NC
TX_AUS_urban__NC,TX_AUS_urban,NC,146.704,-31.1051,125.61106079002964,-75.78868664387502,282.503,-12.5401,275.7636894848315,-61.337855935086544,231.002,-16.8666,221.064960032173,-67.02393191967892,622.4397103070341,-204.15047449864048,655.063820711482,660.2090000000001,5.0,21,900.0,p2uhs0_1247_circuit_2_fire_baseline,p2uhs0_1247,circuit_2,fire_baseline,data,,,,,,summer,NC
TX_AUS_urban__NC,TX_AUS_urban,NC,158.186,-29.578,137.57191634522513,-78.08187004101771,308.761,-11.439,302.6278969941157,-61.234884517886535,224.337,-17.602,213.8335669005882,-67.84021842219897,654.0333802399291,-207.1569729811032,686.0566113104378,691.284,5.0,22,1800.0,p2uhs0_1247_circuit_2_fire_baseline,p2uhs0_1247,circuit_2,fire_baseline,data,,,,,,summer,NC
TX_AUS_urban__NC,TX_AUS_urban,NC,159.84,-27.4398,141.85728028953022,-73.65689125165183,296.7,-11.9977,290.2188691947798,-61.67574858324189,238.016,-16.3471,228.39402364293545,-66.99094132933368,660.4701731272455,-202.3235811642274,690.7645627026992,694.5559999999999,5.0,23,2700.0,p2uhs0_1247_circuit_2_fire_baseline,p2uhs0_1247,circuit_2,fire_baseline,data,,,,,,summer,NC
TX_AUS_urban__NC,TX_AUS_urban,NC,162.8,-27.4757,144.437232512459,-75.11142299372226,323.353,-9.93791,318.5012023454636,-55.80454025878245,246.118,-14.9109,237.83050419023084,-63.330255017807886,700.7689390481535,-194.24621827031257,727.1923399259598,732.271,6.0,24,0.0,p2uhs0_1247_circuit_2_fire_baseline,p2uhs0_1247,circuit_2,fire_baseline,data,,,,,,summer,NC
TX_AUS_urban__NC,TX_AUS_urban,NC,167.141,-26.1461,150.03801495346752,-73.65261672081347,311.897,-11.1703,305.9883319750434,-60.42250660251198,248.025,-13.5244,241.1473702027621,-58.00298672733995,697.1737171312732,-192.0781100506654,723.1494950694995,727.063,6.0,25,900.0,p2uhs0_1247_circuit_2_fire_baseline,p2uhs0_1247,circuit_2,fire_baseline,data,,,,,,summer,NC
TX_AUS_urban__NC,TX_AUS_urban,NC,184.039,-21.6184,171.09336882161662,-67.80422307106143,337.622,-8.81784,333.63154390458084,-51.75526829073296,272.714,-10.8773,267.8142984551194,-51.46287340396216,772.5392111813169,-171.02236476575655,791.2429981129203,794.375,6.0,26,1800.0,p2uhs0_1247_circuit_2_fire_baseline,p2uhs0_1247,circuit_2,fire_baseline,data,,,,,,summer,NC
TX_AUS_urban__NC,TX_AUS_urban,NC,167.059,-23.6055,153.08022033025182,-66.89660398436946,327.738,-7.97591,324.56762531510253,-45.47585338743211,252.434,-11.9008,247.00821032485143,-52.05639622672673,724.6560559702058,-164.4288535985283,743.0768784924076,747.231,6.0,27,2700.0,p2uhs0_1247_circuit_2_fire_baseline,p2uhs0_1247,circuit_2,fire_baseline,data,,,,,,summer,NC
TX_AUS_urban__NC,TX_AUS_urban,NC,186.959,-18.8725,176.90821859251835,-60.47437370838784,351.24,-6.6645,348.86658250529536,-40.76328263371268,264.406,-10.6687,259.8354983416345,-48.94942938946748,785.6102994394482,-150.18708573156798,799.8372980212168,802.605,7.0,28,0.0,p2uhs0_1247_circuit_2_fire_baseline,p2uhs0_1247,circuit_2,fire_baseline,data,,,,,,summer,NC
TX_AUS_urban__NC,TX_AUS_urban,NC,193.743,-19.0923,183.08575526947527,-63.37157301508147,361.927,-6.75858,359.4119130636556,-42.593779791459006,285.459,-10.288,280.8695228229988,-50.98187746818459,823.3671911561296,-156.94723027472506,838.1920809475844,841.1290000000001,7.0,29,900.0,p2uhs0_1247_circuit_2_fire_baseline,p2uhs0_1247,circuit_2,fire_baseline,data,,,,,,summer,NC
TX_AUS_urban__NC,TX_AUS_urban,NC,205.885,-14.4713,199.35287355914164,-51.44963584626121,369.585,-3.18125,369.0154614816661,-20.51003199590425,298.575,-6.4885,296.66249485756964,-33.74010625179554,865.0308298983774,-105.699774093961,871.4647318843087,874.0450000000001,7.0,30,1800.0,p2uhs0_1247_circuit_2_fire_baseline,p2uhs0_1247,circuit_2,fire_baseline,data,,,,,,summer,NC
TX_AUS_urban__NC,TX_AUS_urban,NC,185.683,-20.4678,173.9606198765008,-64.92980225738864,353.854,-5.73426,352.08331594706186,-35.35522518272777,281.024,-8.38578,278.01944826833267,-40.98383779701332,804.0633840918953,-141.26886523712972,816.379089591776,820.561,7.0,31,2700.0,p2uhs0_1247_circuit_2_fire_baseline,p2uhs0_1247,circuit_2,fire_baseline,data,,,,,,summer,NC
TX_AUS_urban__NC,TX_AUS_urban,NC,181.794,-21.8115,168.77959839605964,-67.54632189294115,337.17,-8.44248,333.5163425307332,-49.50210263132908,288.434,-7.90055,285.69622595450454,-39.64642268039685,787.9921668812974,-156.6948472046671,803.4207678463238,807.3980000000001,8.0,32,0.0,p2uhs0_1247_circuit_2_fire_baseline,p2uhs0_1247,circuit_2,fire_baseline,data,,,,,,summer,NC
TX_AUS_urban__NC,TX_AUS_urban,NC,171.217,-23.8933,156.54392997096087,-69.34882175096348,342.422,-8.48545,338.6736320323049,-50.52719119490958,287.989,-8.18675,285.0541583166072,-41.00964456576874,780.2717203198729,-160.8856575116418,796.6857299612484,801.6279999999999,8.0,33,900.0,p2uhs0_1247_circuit_2_fire_baseline,p2uhs0_1247,circuit_2,fire_baseline,data,,,,,,summer,NC
TX_AUS_urban__NC,TX_AUS_urban,NC,190.96,-18.8465,180.7221387830954,-61.686547590731735,338.586,-8.02234,335.2725056352808,-47.25279209782882,297.623,-8.07944,294.6688402126715,-41.829711171834,810.6634846310477,-150.76905086039454,824.5644862662333,827.1690000000001,8.0,34,1800.0,p2uhs0_1247_circuit_2_fire_baseline,p2uhs0_1247,circuit_2,fire_baseline,data,,,,,,summer,NC
TX_AUS_urban__NC,TX_AUS_urban,NC,187.987,-17.6941,179.09385835432786,-57.13582123991875,321.472,-8.32924,318.08111022529096,-46.56881039758593,288.927,-6.88126,286.8457382058336,-34.61695830298184,784.0207067854524,-138.32158994048652,796.1289662561113,798.386,8.0,35,2700.0,p2uhs0_1247_circuit_2_fire_baseline,p2uhs0_1247,circuit_2,fire_baseline,data,,,,,,summer,NC
TX_AUS_urban__NC,TX_AUS_urban,NC,166.03,-23.4634,152.30174376566052,-66.10703249987165,326.172,-8.06853,322.94319046103413,-45.78066533863652,281.355,-6.87362,279.3327749626815,-33.67249406634339,754.5777091893763,-145.56019190485154,768.4889645745501,773.557,9.0,36,0.0,p2uhs0_1247_circuit_2_fire_baseline,p2uhs0_1247,circuit_2,fire_baseline,data,,,,,,summer,NC
TX_AUS_urban__NC,TX_AUS_urban,NC,166.648,-22.3057,154.17805746985977,-63.25094860016421,296.575,-9.99013,292.07822656159294,-51.44939449240178,276.045,-6.43171,274.3075935194465,-30.922259984841467,720.5638775508992,-145.62260307740746,735.1314468571096,739.268,9.0,37,900.0,p2uhs0_1247_circuit_2_fire_baseline,p2uhs0_1247,circuit_2,fire_baseline,data,,,,,,summer,NC
TX_AUS_urban__NC,TX_AUS_urban,NC,165.073,-24.4549,150.26387396546377,-68.33639959707583,322.74,-8.59321,319.1169514902832,-48.22321921593596,271.702,-9.09425,268.2866172737035,-42.94493911782084,737.6674427294504,-159.50455793083262,754.7151516060329,759.515,9.0,38,1800.0,p2uhs0_1247_circuit_2_fire_baseline,p2uhs0_1247,circuit_2,fire_baseline,data,,,,,,summer,NC
TX_AUS_urban__NC,TX_AUS_urban,NC,171.76,-23.2481,157.8138265414983,-67.79597150517044,325.052,-7.64608,322.1619148192263,-43.24931611031093,275.956,-7.63961,273.5065790160347,-36.68603509437302,753.4823203767593,-147.7313227098544,767.8282039818207,772.768,9.0,39,2700.0,p2uhs0_1247_circuit_2_fire_baseline,p2uhs0_1247,circuit_2,fire_baseline,data,,,,,,summer,NC
TX_AUS_urban__NC,TX_AUS_urban,NC,176.077,-20.1739,165.27471468003907,-60.723789542745735,316.635,-8.52768,313.13439114935625,-46.95291582555837,279.665,-5.26484,278.48514779517427,-25.66193060741797,756.8942536245696,-133.33863597572207,768.5493497582055,772.377,10.0,40,0.0,p2uhs0_1247_circuit_2_fire_baseline,p2uhs0_1247,circuit_2,fire_baseline,data,,,,,,summer,NC
TX_AUS_urban__NC,TX_AUS_urban,NC,177.072,-18.9998,167.42506645048914,-57.64841982265687,321.941,-7.17246,319.4217568925683,-40.19637676041209,266.792,-8.56503,263.8165927552269,-39.73382250706239,750.6634160982843,-137.57861909013135,763.166718809916,765.805,10.0,41,900.0,p2uhs0_1247_circuit_2_fire_baseline,p2uhs0_1247,circuit_2,fire_baseline,data,,,,,,summer,NC
TX_AUS_urban__NC,TX_AUS_urban,NC,178.641,-19.7327,168.1508438389923,-60.315011375567394,344.775,-6.9502,342.24149068551094,-41.720051274648704,272.956,-8.72676,269.7960245863036,-41.41356122608509,780.1883591108067,-143.4486238763012,793.2662752090357,796.372,10.0,42,1800.0,p2uhs0_1247_circuit_2_fire_baseline,p2uhs0_1247,circuit_2,fire_baseline,data,,,,,,summer,NC
TX_AUS_urban__NC,TX_AUS_urban,NC,162.902,-21.8197,151.23138870552748,-60.54856459238032,310.359,-6.97345,308.0631247263879,-37.68049979517179,248.535,-10.2824,244.54350692648487,-44.36349225541471,703.8380203584003,-142.59255664296683,718.136892320684,721.7959999999999,10.0,43,2700.0,p2uhs0_1247_circuit_2_fire_baseline,p2uhs0_1247,circuit_2,fire_baseline,data,,,,,,summer,NC
TX_AUS_urban__NC,TX_AUS_urban,NC,162.291,-24.0882,148.15841620784633,-66.23784709501491,314.979,-8.11354,311.8261649827831,-44.45462038000224,239.784,-11.5345,234.94143739747904,-47.94671677608845,694.9260185881085,-158.6391842511056,712.8033123454018,717.054,11.0,44,0.0,p2uhs0_1247_circuit_2_fire_baseline,p2uhs0_1247,circuit_2,fire_baseline,data,,,,,,summer,NC
TX_AUS_urban__NC,TX_AUS_urban,NC,175.231,-22.1106,162.34433907635096,-65.95618948106981,328.384,-7.12258,325.8499099493086,-40.71716642925302,270.243,-7.73239,267.7857607585417,-36.360217050631874,755.9800097842012,-143.0335729609547,769.3922134953652,773.858,11.0,45,900.0,p2uhs0_1247_circuit_2_fire_baseline,p2uhs0_1247,circuit_2,fire_baseline,data,,,,,,summer,NC
TX_AUS_urban__NC,TX_AUS_urban,NC,181.984,-19.8415,171.18055084122855,-61.76888593534427,330.767,-7.42288,327.99505716798603,-42.73231520020404,261.513,-8.87609,258.38120966036826,-40.35095616518662,757.5568176695829,-144.85215730073494,771.2810638621581,774.2639999999999,11.0,46,1800.0,p2uhs0_1247_circuit_2_fire_baseline,p2uhs0_1247,circuit_2,fire_baseline,data,,,,,,summer,NC
TX_AUS_urban__NC,TX_AUS_urban,NC,155.684,-25.7736,140.19643361093677,-67.69392778362177,296.732,-8.28246,293.6370658257917,-42.74521490435698,252.34,-8.30455,249.69404408029283,-36.44667269901012,683.5275435170214,-146.88581538698887,699.1318513043975,704.7560000000001,11.0,47,2700.0,p2uhs0_1247_circuit_2_fire_baseline,p2uhs0_1247,circuit_2,fire_baseline,data,,,,,,summer,NC
TX_AUS_urban__NC,TX_AUS_urban,NC,163.227,-22.7148,150.56684876352304,-63.02918040417771,306.578,-8.70603,303.045596676441,-46.40513354166594,241.093,-9.07042,238.0782109132182,-38.0078957239308,691.6906563531822,-147.44220966977446,707.2306337246724,710.8979999999999,12.0,48,0.0,p2uhs0_1247_circuit_2_fire_baseline,p2uhs0_1247,circuit_2,fire_baseline,data,,,,,,summer,NC
TX_AUS_urban__NC,TX_AUS_urban,NC,167.081,-22.5263,154.33335046878994,-64.00997964440896,314.595,-7.87442,311.6285979726808,-43.10024304550186,242.381,-9.32698,239.17660426838864,-39.28232594491588,705.1385527098594,-146.39254863482668,720.1743933336948,724.057,12.0,49,900.0,p2uhs0_1247_circuit_2_fire_baseline,p2uhs0_1247,circuit_2,fire_baseline,data,,,,,,summer,NC
TX_AUS_urban__NC,TX_AUS_urban,NC,146.057,-27.6415,129.3871897718573,-67.76136341560277,288.117,-8.80688,284.72010171928264,-44.11200931675369,236.473,-9.52422,233.2133957969812,-39.12788966760907,647.3206872881211,-151.00126239996553,664.6995211654275,670.6469999999999,12.0,50,1800.0,p2uhs0_1247_circuit_2_fire_baseline,p2uhs0_1247,circuit_2,fire_baseline,data,,,,,,summer,NC
TX_AUS_urban__NC,TX_AUS_urban,NC,165.232,-22.4148,152.74832071510818,-63.00447875123209,310.763,-7.1793,308.3265923958792,-38.83754099509082,262.162,-6.52704,260.4627498717244,-29.800506258443445,721.5376629827117,-131.64252600476635,733.4482624940009,738.1569999999999,12.0,51,2700.0,p2uhs0_1247_circuit_2_fire_baseline,p2uhs0_1247,circuit_2,fire_baseline,data,,,,,,summer,NC
TX_AUS_urban__NC,TX_AUS_urban,NC,151.742,-24.2188,138.38651320195953,-62.24795199686396,274.592,-9.52491,270.80640658352445,-45.43849268317366,233.338,-9.47146,230.15706455978253,-38.397237885349085,639.3499843452665,-146.0836825653867,655.8268405563753,659.6719999999999,13.0,52,0.0,p2uhs0_1247_circuit_2_fire_baseline,p2uhs0_1247,circuit_2,fire_baseline,data,,,,,,summer,NC
TX_AUS_urban__NC,TX_AUS_urban,NC,163.67,-19.1394,154.62292375352678,-53.66209416255615,284.353,-6.81169,282.34584589495046,-33.72613103907547,255.237,-6.56286,253.56444748641863,-29.17185527022966,690.533217134896,-116.56008047186128,700.3016323886987,703.26,13.0,53,900.0,p2uhs0_1247_circuit_2_fire_baseline,p2uhs0_1247,circuit_2,fire_baseline,data,,,,,,summer,NC
TX_AUS_urban__NC,TX_AUS_urban,NC,169.308,-17.9025,161.11027459543152,-52.04496405786684,302.725,-6.56201,300.7417747745881,-34.59494949311135,254.204,-7.03908,252.2880127917272,-31.15176106741515,714.1400621617468,-117.79167461839332,723.7892697420907,726.2370000000001,13.0,54,1800.0,p2uhs0_1247_circuit_2_fire_baseline,p2uhs0_1247,circuit_2,fire_baseline,data,,,,,,summer,NC
TX_AUS_urban__NC,TX_AUS_urban,NC,152.633,-24.3605,139.0438154752901,-62.95752589701633,271.325,-9.30897,267.75175943579046,-43.88907545208233,234.306,-10.2888,230.5383526862484,-41.84936769786309,637.333927597329,-148.69596904696175,654.4501711188196,658.264,13.0,55,2700.0,p2uhs0_1247_circuit_2_fire_baseline,p2uhs0_1247,circuit_2,fire_baseline,data,,,,,,summer,NC
TX_AUS_urban__NC,TX_AUS_urban,NC,145.587,-26.0878,130.7547757629482,-64.02158373690182,256.258,-11.6806,250.9512599439078,-51.88089914954448,243.724,-6.7336,242.04280634289427,-28.57740494964824,623.7488420497502,-144.47988783609455,640.2632708093872,645.569,14.0,56,0.0,p2uhs0_1247_circuit_2_fire_baseline,p2uhs0_1247,circuit_2,fire_baseline,data,,,,,,summer,NC
TX_AUS_urban__NC,TX_AUS_urban,NC,157.841,-22.0494,146.2965924314689,-59.2544371666855,259.222,-11.1502,254.3288239730585,-50.12877996202405,255.769,-5.42214,254.62456808773288,-24.168381971813524,655.2499844922603,-133.55159910052308,668.7215951346376,672.832,14.0,57,900.0,p2uhs0_1247_circuit_2_fire_baseline,p2uhs0_1247,circuit_2,fire_baseline,data,,,,,,summer,NC
TX_AUS_urban__NC,TX_AUS_urban,NC,148.553,-24.9236,134.7183354168257,-62.60162866507266,257.449,-11.1267,252.6096903801244,-49.68231000122364,239.151,-6.92443,237.4066391275296,-28.832074139245965,624.7346649244796,-141.11601280554228,640.4741451678091,645.153,14.0,58,1800.0,p2uhs0_1247_circuit_2_fire_baseline,p2uhs0_1247,circuit_2,fire_baseline,data,,,,,,summer,NC
TX_AUS_urban__NC,TX_AUS_urban,NC,142.889,-24.8286,129.6814825230441,-59.99982842996644,230.659,-14.1163,223.6937141351264,-56.255635605976046,221.951,-10.2306,218.4221770429245,-39.420793711306025,571.797373701095,-155.6762577472485,592.6106089141988,595.499,14.0,59,2700.0,p2uhs0_1247_circuit_2_fire_baseline,p2uhs0_1247,circuit_2,fire_baseline,data,,,,,,summer,NC
TX_AUS_urban__NC,TX_AUS_urban,NC,141.865,-27.7505,125.54819475049692,-66.05549954312129,218.402,-15.3687,210.5920166627873,-57.88295191073375,222.532,-11.2371,218.26587900304435,-43.36469862720617,554.4060904163287,-167.3031500810612,579.0996953183144,582.799,15.0,60,0.0,p2uhs0_1247_circuit_2_fire_baseline,p2uhs0_1247,circuit_2,fire_baseline,data,,,,,,summer,NC
TX_AUS_urban__NC,TX_AUS_urban,NC,147.666,-25.6813,133.07933242266,-63.99327181773998,242.467,-11.945,237.21679680917543,-50.18403531596856,220.198,-10.8349,216.27251502045945,-41.39273427457,586.5686442522949,-155.57004140827854,606.8482612677973,610.331,15.0,61,900.0,p2uhs0_1247_circuit_2_fire_baseline,p2uhs0_1247,circuit_2,fire_baseline,data,,,,,,summer,NC
TX_AUS_urban__NC,TX_AUS_urban,NC,150.249,-24.8806,136.30386781036657,-63.21406189238372,237.224,-13.1382,231.01457611880423,-53.921162790218204,221.76,-10.2868,218.19547519768616,-39.600911646778016,585.513919126857,-156.73613632937992,606.1293310200007,609.233,15.0,62,1800.0,p2uhs0_1247_circuit_2_fire_baseline,p2uhs0_1247,circuit_2,fire_baseline,data,,,,,,summer,NC
TX_AUS_urban__NC,TX_AUS_urban,NC,141.202,-28.5714,124.00667627809742,-67.53035645144448,241.618,-13.4056,235.0346882070138,-56.01743713730389,204.913,-12.9784,199.6784564514441,-46.02012166616615,558.7198209365554,-169.5679152549145,583.8845058667633,587.733,15.0,63,2700.0,p2uhs0_1247_circuit_2_fire_baseline,p2uhs0_1247,circuit_2,fire_baseline,data,,,,,,summer,NC
TX_AUS_urban__NC,TX_AUS_urban,NC,152.574,-25.7455,137.42833875826,-66.27425731115315,279.572,-9.70678,275.56951424983646,-47.13752221011615,235.044,-9.48374,231.8315128063305,-38.72765944293853,644.829365814427,-152.1394389642078,662.5340141494472,667.19,16.0,64,0.0,p2uhs0_1247_circuit_2_fire_baseline,p2uhs0_1247,circuit_2,fire_baseline,data,,,,,,summer,NC
TX_AUS_urban__NC,TX_AUS_urban,NC,144.888,-27.3859,128.6502003692336,-66.645768725074,252.784,-12.6713,246.6273305638553,-55.450071911105965,215.542,-11.3134,211.3537613665844,-42.28405515317691,586.6312922996733,-164.37989578935688,609.2265779206489,613.214,16.0,65,900.0,p2uhs0_1247_circuit_2_fire_baseline,p2uhs0_1247,circuit_2,fire_baseline,data,,,,,,summer,NC
TX_AUS_urban__NC,TX_AUS_urban,NC,150.031,-25.5174,135.39615138697098,-64.63113143521811,264.574,-9.35537,261.05492331565495,-43.00846996415384,229.648,-7.77341,227.53769955495684,-31.06121673789007,623.9887742575828,-138.70081813726202,639.2182001096546,644.253,16.0,66,1800.0,p2uhs0_1247_circuit_2_fire_baseline,p2uhs0_1247,circuit_2,fire_baseline,data,,,,,,summer,NC
TX_AUS_urban__NC,TX_AUS_urban,NC,172.943,-17.5975,164.84993520511014,-52.285563130476,274.676,-7.98626,272.0120315004282,-38.16228105092834,247.78,-7.34882,245.7446891480357,-31.69347181258815,682.606655853574,-122.14131599399248,693.4481578952705,695.399,16.0,67,2700.0,p2uhs0_1247_circuit_2_fire_baseline,p2uhs0_1247,circuit_2,fire_baseline,data,,,,,,summer,NC
TX_AUS_urban__NC,TX_AUS_urban,NC,161.799,-18.7396,153.22178579687247,-51.98077296671656,247.428,-9.73681,243.863804289425,-41.84567052263615,244.821,-7.93436,242.4772943673796,-33.794729726321954,639.562884453677,-127.62117321567465,652.171639235909,654.048,17.0,68,0.0,p2uhs0_1247_circuit_2_fire_baseline,p2uhs0_1247,circuit_2,fire_baseline,data,,,,,,summer,NC
TX_AUS_urban__NC,TX_AUS_urban,NC,174.972,-16.9921,167.33360772964105,-51.133790277883904,310.438,-5.36621,309.0774407521361,-29.0325242118176,255.426,-6.42107,253.8236770148378,-28.5654067478007,730.2347254966149,-108.7317212375022,738.2854065497885,740.836,17.0,69,900.0,p2uhs0_1247_circuit_2_fire_baseline,p2uhs0_1247,circuit_2,fire_baseline,data,,,,,,summer,NC
TX_AUS_urban__NC,TX_AUS_urban,NC,199.873,-12.3716,195.2316685106326,-42.82302814554882,336.409,-4.89372,335.1826722831623,-28.698283609272,285.812,-4.17541,285.05340278702494,-20.81001930652945,815.4677435808198,-92.33133106135028,820.6782046066255,822.0939999999999,17.0,70,1800.0,p2uhs0_1247_circuit_2_fire_baseline,p2uhs0_1247,circuit_2,fire_baseline,data,,,,,,summer,NC
TX_AUS_urban__NC,TX_AUS_urban,NC,210.144,-11.0603,206.2407487926781,-40.3144424919337,357.205,-3.67687,356.4697250503483,-22.907360116981867,276.778,-4.69442,275.8495100123671,-22.651911838452428,838.5599838553935,-85.873714447368,842.9455150580884,844.127,17.0,71,2700.0,p2uhs0_1247_circuit_2_fire_baseline,p2uhs0_1247,circuit_2,fire_baseline,data,,,,,,summer,NC
TX_AUS_urban__NC,TX_AUS_urban,NC,200.473,-11.782,196.24935159657807,-40.934285469794645,347.773,-3.89331,346.97041422529645,-23.61336869923894,278.908,-4.1261,278.1851011845266,-20.067933200872584,821.4048670064012,-84.61558736990618,825.7516292250097,827.1540000000001,18.0,72,0.0,p2uhs0_1247_circuit_2_fire_baseline,p2uhs0_1247,circuit_2,fire_baseline,data,,,,,,summer,NC
TX_AUS_urban__NC,TX_AUS_urban,NC,221.371,-8.61669,218.87233685074432,-33.1665464360447,356.041,-3.22214,355.4781416630286,-20.01210835468735,303.728,-2.53141,303.43160975460273,-13.414774904205396,877.7820882683757,-66.59342969493744,880.304537852285,881.1400000000001,18.0,73,900.0,p2uhs0_1247_circuit_2_fire_baseline,p2uhs0_1247,circuit_2,fire_baseline,data,,,,,,summer,NC
TX_AUS_urban__NC,TX_AUS_urban,NC,224.678,-8.77749,222.0466632195668,-34.28531809763885,332.639,-6.06425,330.7775703153365,-35.141190891639496,319.837,-2.02207,319.63784063284777,-11.285273792434252,872.4620741677511,-80.7117827817126,876.1874586758798,877.154,18.0,74,1800.0,p2uhs0_1247_circuit_2_fire_baseline,p2uhs0_1247,circuit_2,fire_baseline,data,,,,,,summer,NC
TX_AUS_urban__NC,TX_AUS_urban,NC,242.799,-8.38286,240.2049328987825,-35.39695766716971,365.637,-4.10229,364.70021040829,-26.156687426908764,328.803,-2.46809,328.4979891142752,-14.159235744826198,933.4031324213476,-75.71288083890468,936.4688184552168,937.239,18.0,75,2700.0,p2uhs0_1247_circuit_2_fire_baseline,p2uhs0_1247,circuit_2,fire_baseline,data,,,,,,summer,NC
TX_AUS_urban__NC,TX_AUS_urban,NC,187.074,-17.6806,178.2374418234369,-56.81633399152873,341.644,-6.52714,339.42950522026933,-38.83598488416566,300.445,-4.02154,299.7052308741099,-21.07065760000096,817.3721779178161,-116.72297647569536,825.6642964737301,829.163,19.0,76,0.0,p2uhs0_1247_circuit_2_fire_baseline,p2uhs0_1247,circuit_2,fire_baseline,data,,,,,,summer,NC
TX_AUS_urban__NC,TX_AUS_urban,NC,185.129,-17.7927,176.27397138622868,-56.57060767507298,329.305,-6.89965,326.9201981464155,-39.55966467133445,305.41,-4.02129,304.65809928340275,-21.41753116081138,807.852268816047,-117.5478035072188,816.3594639254244,819.844,19.0,77,900.0,p2uhs0_1247_circuit_2_fire_baseline,p2uhs0_1247,circuit_2,fire_baseline,data,,,,,,summer,NC
TX_AUS_urban__NC,TX_AUS_urban,NC,222.25,-11.3047,217.9380347810687,-43.56690826493995,344.301,-5.889,342.4839630188648,-35.32582165913232,345.557,-2.40039,345.25378929541256,-14.472775344033789,905.675787095346,-93.36550526810606,910.4755619481192,912.108,19.0,78,1800.0,p2uhs0_1247_circuit_2_fire_baseline,p2uhs0_1247,circuit_2,fire_baseline,data,,,,,,summer,NC
TX_AUS_urban__NC,TX_AUS_urban,NC,230.557,-11.3053,226.0833939027021,-45.19766863938458,365.513,-5.63871,363.7443718459834,-35.91357848183477,371.598,-1.53182,371.46520316951,-9.933601473516624,961.2929689181956,-91.04484859473598,965.594809714301,967.668,19.0,79,2700.0,p2uhs0_1247_circuit_2_fire_baseline,p2uhs0_1247,circuit_2,fire_baseline,data,,,,,,summer,NC
TX_AUS_urban__NC,TX_AUS_urban,NC,203.4,-15.4087,196.0888012606028,-54.04388975804585,344.058,-6.3721,341.9324374708524,-38.18527948361282,316.292,-5.09059,315.0444341480223,-28.064813848526622,853.0656728794775,-120.2939830901853,861.5054756721036,863.75,20.0,80,0.0,p2uhs0_1247_circuit_2_fire_baseline,p2uhs0_1247,circuit_2,fire_baseline,data,,,,,,summer,NC
TX_AUS_urban__NC,TX_AUS_urban,NC,214.811,-13.836,208.5780898289417,-51.37067416639515,368.792,-5.76301,366.9280305132376,-37.03187394227529,379.422,-1.93793,379.2049888659195,-12.830841874088708,954.7111092080988,-101.23338998275914,960.0632798377198,963.025,20.0,81,900.0,p2uhs0_1247_circuit_2_fire_baseline,p2uhs0_1247,circuit_2,fire_baseline,data,,,,,,summer,NC
TX_AUS_urban__NC,TX_AUS_urban,NC,242.944,-6.2336,241.5075836152909,-26.37942744456855,349.093,-7.43136,346.1608001453447,-45.15111395895689,471.388,6.79299,468.07885016557,55.75694191468732,1055.7472339262056,-15.773599488838116,1055.8650616360353,1063.425,20.0,82,1800.0,p2uhs0_1247_circuit_2_fire_baseline,p2uhs0_1247,circuit_2,fire_baseline,data,,,,,,summer,NC
TX_AUS_urban__NC,TX_AUS_urban,NC,262.325,-6.61156,260.5804221872831,-30.20346333944674,428.833,-4.69048,427.3968329576423,-35.066922687587684,528.372,6.24912,525.2324189549515,57.51414141522311,1213.2096740998768,-7.756244611811311,1213.2344673063023,1219.53,20.0,83,2700.0,p2uhs0_1247_circuit_2_fire_baseline,p2uhs0_1247,circuit_2,fire_baseline,data,,,,,,summer,NC
TX_AUS_urban__NC,TX_AUS_urban,NC,228.418,-13.1974,222.3853125282308,-52.14935757726216,404.793,-5.4676,402.95128847771326,-38.56983229352613,355.562,-3.59481,354.8624004974213,-22.293778441703903,980.1990015033653,-113.0129683124922,986.692461486858,988.773,21.0,84,0.0,p2uhs0_1247_circuit_2_fire_baseline,p2uhs0_1247,circuit_2,fire_baseline,data,,,,,,summer,NC
TX_AUS_urban__NC,TX_AUS_urban,NC,215.308,-15.5013,207.47604005751649,-57.54326777349207,416.071,-5.33434,414.2690619884949,-38.681020154238034,346.542,-4.39873,345.5212440822499,-26.578706737805973,967.2663461282614,-122.80299466553608,975.0306455958917,977.921,21.0,85,900.0,p2uhs0_1247_circuit_2_fire_baseline,p2uhs0_1247,circuit_2,fire_baseline,data,,,,,,summer,NC
TX_AUS_urban__NC,TX_AUS_urban,NC,193.048,-16.2606,185.3257070732604,-54.0547185895561,324.37,-7.38058,321.6825166291161,-41.66839803926267,315.7,-4.97513,314.5105798432294,-27.378553042037183,821.5188035456058,-123.10166967085596,830.6907761945814,833.1179999999999,21.0,86,1800.0,p2uhs0_1247_circuit_2_fire_baseline,p2uhs0_1247,circuit_2,fire_baseline,data,,,,,,summer,NC
TX_AUS_urban__NC,TX_AUS_urban,NC,192.787,-15.7805,185.5209746915108,-52.42895496299573,309.401,-8.72887,305.8173767000003,-46.95434920569249,295.878,-5.59206,294.46989096907936,-28.83182610689954,785.8082423605904,-128.21513027558777,796.1995437033522,798.066,21.0,87,2700.0,p2uhs0_1247_circuit_2_fire_baseline,p2uhs0_1247,circuit_2,fire_baseline,data,,,,,,summer,NC
TX_AUS_urban__NC,TX_AUS_urban,NC,210.361,-12.9721,204.99247967420507,-47.22111390067599,342.365,-5.4046,340.8429841742084,-32.24675742179864,302.306,-3.45617,301.7561680073872,-18.22450837464469,847.5916318558006,-97.69237969711932,853.2030095134834,855.0319999999999,22.0,88,0.0,p2uhs0_1247_circuit_2_fire_baseline,p2uhs0_1247,circuit_2,fire_baseline,data,,,,,,summer,NC
TX_AUS_urban__NC,TX_AUS_urban,NC,209.633,-13.6395,203.72106879650312,-49.43400466693402,346.969,-5.1339,345.57706282648275,-31.048037123483248,319.493,-3.52673,318.8879470449304,-19.653352855675497,868.1860786679163,-100.13539464609276,873.9417397365239,876.095,22.0,89,900.0,p2uhs0_1247_circuit_2_fire_baseline,p2uhs0_1247,circuit_2,fire_baseline,data,,,,,,summer,NC
TX_AUS_urban__NC,TX_AUS_urban,NC,178.032,-19.7675,167.54106570962628,-60.21116445380119,335.996,-4.9027,334.7666813236596,-28.71552004654149,281.27,-5.71831,279.87033847702185,-28.025105544086934,782.1780855103077,-116.9517900444296,790.873111597029,795.298,22.0,90,1800.0,p2uhs0_1247_circuit_2_fire_baseline,p2uhs0_1247,circuit_2,fire_baseline,data,,,,,,summer,NC
TX_AUS_urban__NC,TX_AUS_urban,NC,158.089,-23.8215,144.62110954006334,-63.8503453115251,306.635,-6.92898,304.395475995062,-36.99212644252407,279.765,-5.65682,278.40258306729066,-27.57638421657749,727.419168602416,-128.41885597062665,738.6677530656355,744.489,22.0,91,2700.0,p2uhs0_1247_circuit_2_fire_baseline,p2uhs0_1247,circuit_2,fire_baseline,data,,,,,,summer,NC
TX_AUS_urban__NC,TX_AUS_urban,NC,174.632,-19.0568,165.06135611117838,-57.01827902294803,299.978,-8.76269,296.4765948660103,-45.69933457563238,284.765,-6.51724,282.92477693596453,-32.32144521420271,744.4627279131532,-135.03905881278314,756.6110630019468,759.375,23.0,92,0.0,p2uhs0_1247_circuit_2_fire_baseline,p2uhs0_1247,circuit_2,fire_baseline,data,,,,,,summer,NC
TX_AUS_urban__NC,TX_AUS_urban,NC,163.059,-21.2846,151.93655464377926,-59.19054691399528,309.788,-8.89305,306.0639222598594,-47.89029583235761,259.685,-8.59709,256.76717272697715,-38.819044743459166,714.7676496306158,-145.89988748981204,729.5063879967156,732.5319999999999,23.0,93,900.0,p2uhs0_1247_circuit_2_fire_baseline,p2uhs0_1247,circuit_2,fire_baseline,data,,,,,,summer,NC
TX_AUS_urban__NC,TX_AUS_urban,NC,149.953,-25.4275,135.4269501327796,-64.38511774264005,296.513,-9.6125,292.349847861911,-49.51288341550615,241.144,-9.7031,237.6942786965172,-40.64306350341228,665.4710766912078,-154.5410646615585,683.1798405831977,687.61,23.0,94,1800.0,p2uhs0_1247_circuit_2_fire_baseline,p2uhs0_1247,circuit_2,fire_baseline,data,,,,,,summer,NC
TX_AUS_urban__NC,TX_AUS_urban,NC,172.934,-19.3739,163.14141679133672,-57.36764317379055,324.309,-8.08588,321.0848338911192,-45.61641071053702,244.137,-8.49138,241.4607921069941,-36.04941946915284,725.6870427894501,-139.03347335348042,738.8856412092673,741.3800000000001,23.0,95,2700.0,p2uhs0_1247_circuit_2_fire_baseline,p2uhs0_1247,circuit_2,fire_baseline,data,,,,,,summer,NC
TX_AUS_urban__NC,TX_AUS_urban,NC,182.473,-18.88,172.65565511344258,-59.04591845629951,295.448,-10.3029,290.684192512608,-52.84146976847872,229.747,-11.489,225.1435507355805,-45.76096121340865,688.4833983616311,-157.64834943818687,706.3019127116711,707.668,24.0,96,0.0,p2uhs0_1247_circuit_2_fire_baseline,p2uhs0_1247,circuit_2,fire_baseline,data,,,,,,summer,NC
TX_AUS_urban__NC,TX_AUS_urban,NC,,,,,,,,,,,,,,,,,,0,,p2uhs0_1247_circuit_2_fire_baseline,p2uhs0_1247,circuit_2,fire_baseline,summary,498.0,46.0,0.0,0.0,75.0,summer,NC
TX_AUS_urban__NC,TX_AUS_urban,NC,319.745,4.66802,318.68439498432883,26.021556803394773,430.864,5.08106,429.1708752594456,38.15948538753334,439.552,5.68194,437.392404874162,43.51832789063906,1185.2476751179363,107.69937008156715,1190.1307515094463,1190.161,0.0,1,900.0,p2uhs0_1247_circuit_2_fire_mixed,p2uhs0_1247,circuit_2,fire_mixed,data,,,,,,summer,NC
TX_AUS_urban__NC,TX_AUS_urban,NC,307.506,4.99096,306.34007160671496,26.7525805109107,403.076,5.04001,401.5175444586527,35.410778978919446,410.628,5.70584,408.5935195134739,40.825117214680304,1116.4511355788416,102.98847670451045,1121.1912256476146,1121.21,0.0,2,1800.0,p2uhs0_1247_circuit_2_fire_mixed,p2uhs0_1247,circuit_2,fire_mixed,data,,,,,,summer,NC
TX_AUS_urban__NC,TX_AUS_urban,NC,308.761,4.63148,307.7527916967079,24.931392337427216,409.131,5.02796,407.5566835473312,35.85700568787858,406.898,5.9406,404.7128471549458,42.11286919384023,1120.022322398985,102.90126721914604,1124.739380242073,1124.79,0.0,3,2700.0,p2uhs0_1247_circuit_2_fire_mixed,p2uhs0_1247,circuit_2,fire_mixed,data,,,,,,summer,NC
TX_AUS_urban__NC,TX_AUS_urban,NC,317.622,5.10884,316.3601952493011,28.283594994697285,399.019,5.40745,397.2432535501916,37.602657749927424,403.385,5.53991,401.5008671180784,38.94241811227402,1115.104315917571,104.82867085689873,1120.0208415969848,1120.026,1.0,4,0.0,p2uhs0_1247_circuit_2_fire_mixed,p2uhs0_1247,circuit_2,fire_mixed,data,,,,,,summer,NC
TX_AUS_urban__NC,TX_AUS_urban,NC,336.993,6.44239,334.86494900388743,37.81200837860702,450.732,7.35282,447.0255777694907,57.68421485859915,414.616,6.87172,411.6376134409303,49.60748589331286,1193.5281402143085,145.10370913051904,1202.3163094156462,1202.341,1.0,5,900.0,p2uhs0_1247_circuit_2_fire_mixed,p2uhs0_1247,circuit_2,fire_mixed,data,,,,,,summer,NC
TX_AUS_urban__NC,TX_AUS_urban,NC,307.399,5.28936,306.0900441876425,28.33778485003845,427.649,6.02194,425.2891455213052,44.86435002045732,377.14,5.20663,375.5838842939722,34.224632337719484,1106.96307400292,107.42676720821524,1112.1635480084765,1112.188,1.0,6,1800.0,p2uhs0_1247_circuit_2_fire_mixed,p2uhs0_1247,circuit_2,fire_mixed,data,,,,,,summer,NC
TX_AUS_urban__NC,TX_AUS_urban,NC,329.452,6.32057,327.4494244434574,36.26974959451013,445.155,6.60328,442.20192372250114,51.19016195636887,400.158,5.46735,398.337542983146,38.12645819047846,1167.9888911491046,125.58636974135746,1174.72123761875,1174.765,1.0,7,2700.0,p2uhs0_1247_circuit_2_fire_mixed,p2uhs0_1247,circuit_2,fire_mixed,data,,,,,,summer,NC
TX_AUS_urban__NC,TX_AUS_urban,NC,321.417,5.98777,319.6634082156304,33.5289924836285,447.157,6.16332,444.5723878266624,48.00806839584004,381.985,5.66576,380.1189061869449,37.71150201517521,1144.3547022292378,119.24856289464375,1150.551130661565,1150.559,2.0,8,0.0,p2uhs0_1247_circuit_2_fire_mixed,p2uhs0_1247,circuit_2,fire_mixed,data,,,,,,summer,NC
TX_AUS_urban__NC,TX_AUS_urban,NC,325.844,5.99823,324.0600445115855,34.04996163212535,444.643,6.1635,442.0727690220209,47.73954689985018,396.954,6.15937,394.6625033641932,42.590921031461846,1160.7953168977997,124.3804295634374,1167.4400451373288,1167.441,2.0,9,900.0,p2uhs0_1247_circuit_2_fire_mixed,p2uhs0_1247,circuit_2,fire_mixed,data,,,,,,summer,NC
TX_AUS_urban__NC,TX_AUS_urban,NC,332.676,6.58572,330.48079778569735,38.154465936886176,426.832,6.34785,424.2150782074576,47.19241088819895,381.37,5.50136,379.6133804321241,36.56170533352429,1134.309256425279,121.90858215860942,1140.8414401729942,1140.8780000000002,2.0,10,1800.0,p2uhs0_1247_circuit_2_fire_mixed,p2uhs0_1247,circuit_2,fire_mixed,data,,,,,,summer,NC
TX_AUS_urban__NC,TX_AUS_urban,NC,320.907,6.28378,318.9789845107347,35.124209450184814,431.277,6.48666,428.5160446488486,48.72217367386206,370.76,5.48729,369.06096837418255,35.45390278531561,1116.5559975337658,119.30028590936249,1122.9113294675935,1122.944,2.0,11,2700.0,p2uhs0_1247_circuit_2_fire_mixed,p2uhs0_1247,circuit_2,fire_mixed,data,,,,,,summer,NC
TX_AUS_urban__NC,TX_AUS_urban,NC,323.821,6.33587,321.8431212639037,35.73577109995232,438.236,6.67006,435.26979105151327,50.90187318726092,381.025,5.93948,378.97956298886015,39.427673806256685,1136.092475304277,126.06531809346993,1143.0654298284974,1143.082,3.0,12,0.0,p2uhs0_1247_circuit_2_fire_mixed,p2uhs0_1247,circuit_2,fire_mixed,data,,,,,,summer,NC
TX_AUS_urban__NC,TX_AUS_urban,NC,321.523,6.6575,319.35494422717767,37.27544938235149,433.467,6.76669,430.4475454775288,51.073972641364286,383.242,5.81786,381.26798164246,38.847866586014376,1131.0704713471664,127.19728860973017,1138.2001411804376,1138.232,3.0,13,900.0,p2uhs0_1247_circuit_2_fire_mixed,p2uhs0_1247,circuit_2,fire_mixed,data,,,,,,summer,NC
TX_AUS_urban__NC,TX_AUS_urban,NC,330.796,7.14789,328.2251462531706,41.1612315545196,439.347,6.93254,436.1349132128341,53.02946243206337,390.998,5.92911,388.90634189324953,40.3892713379545,1153.2664013592544,134.57996532453748,1161.092226987537,1161.141,3.0,14,1800.0,p2uhs0_1247_circuit_2_fire_mixed,p2uhs0_1247,circuit_2,fire_mixed,data,,,,,,summer,NC
TX_AUS_urban__NC,TX_AUS_urban,NC,336.83,6.98947,334.3268587727503,40.98780798170904,453.854,7.04472,450.4277331278004,55.66246981001658,395.741,6.36551,393.3011931774918,43.87608148138624,1178.0557850780426,140.52635927311186,1186.4076409086376,1186.425,3.0,15,2700.0,p2uhs0_1247_circuit_2_fire_mixed,p2uhs0_1247,circuit_2,fire_mixed,data,,,,,,summer,NC
TX_AUS_urban__NC,TX_AUS_urban,NC,353.286,7.3796,350.35971681155735,45.37693942660013,478.815,7.20677,475.032306515537,60.06756189099816,398.709,6.47419,396.1663328138611,44.95668388367859,1221.5583561409555,150.40118520127686,1230.7824072384778,1230.81,4.0,16,0.0,p2uhs0_1247_circuit_2_fire_mixed,p2uhs0_1247,circuit_2,fire_mixed,data,,,,,,summer,NC
TX_AUS_urban__NC,TX_AUS_urban,NC,349.852,7.50581,346.8543352765639,45.70002192398796,477.33,7.50828,473.2373669739239,62.37245705908747,407.065,6.58428,404.3801063301518,46.67594486901259,1224.4718085806396,154.74842385208802,1234.2116045044495,1234.247,4.0,17,900.0,p2uhs0_1247_circuit_2_fire_mixed,p2uhs0_1247,circuit_2,fire_mixed,data,,,,,,summer,NC
TX_AUS_urban__NC,TX_AUS_urban,NC,350.676,7.20455,347.9073236148349,43.97898533575458,479.692,7.98512,475.04099237446553,66.63685487688467,406.191,6.7666,403.3616204515102,47.85949882449452,1226.3099364408106,158.47533903713378,1236.5073769680469,1236.559,4.0,18,1800.0,p2uhs0_1247_circuit_2_fire_mixed,p2uhs0_1247,circuit_2,fire_mixed,data,,,,,,summer,NC
TX_AUS_urban__NC,TX_AUS_urban,NC,363.875,7.27761,360.9436306639495,46.094588707639545,505.639,7.75596,501.01334597124975,68.2380061233681,408.98,6.94342,405.98054662493286,49.44123948811082,1267.937523260132,163.77383431911846,1278.470739476905,1278.494,4.0,19,2700.0,p2uhs0_1247_circuit_2_fire_mixed,p2uhs0_1247,circuit_2,fire_mixed,data,,,,,,summer,NC
TX_AUS_urban__NC,TX_AUS_urban,NC,367.09,8.39882,363.15308504383273,53.61813987026037,501.13,8.12732,496.0968307321408,70.84639325700135,415.633,7.33746,412.2294460840695,53.08177154373458,1271.479361860043,177.5463046709963,1283.8155856424037,1283.853,5.0,20,0.0,p2uhs0_1247_circuit_2_fire_mixed,p2uhs0_1247,circuit_2,fire_mixed,data,,,,,,summer,NC
TX_AUS_urban__NC,TX_AUS_urban,NC,373.246,8.36909,369.27130262125854,54.325699041971625,516.707,8.49898,511.0327792692871,76.3650598199736,449.572,7.35089,445.877054416599,57.52073998808829,1326.1811363071447,188.2114988500335,1339.4700349751336,1339.525,5.0,21,900.0,p2uhs0_1247_circuit_2_fire_mixed,p2uhs0_1247,circuit_2,fire_mixed,data,,,,,,summer,NC
TX_AUS_urban__NC,TX_AUS_urban,NC,394.103,7.83595,390.4230598006165,53.73089413851419,552.886,8.1285,547.3314022245368,78.17458113045615,448.749,7.31488,445.0968157985269,57.13571183605144,1382.8512778236802,189.0411871050217,1395.7128024778813,1395.738,5.0,22,1800.0,p2uhs0_1247_circuit_2_fire_mixed,p2uhs0_1247,circuit_2,fire_mixed,data,,,,,,summer,NC
TX_AUS_urban__NC,TX_AUS_urban,NC,394.42,8.34714,390.24178484137343,57.25806287169712,536.477,8.25843,530.913875063889,77.05860622698304,466.381,7.39361,462.5032846630536,60.016238110085055,1383.658944568316,194.3329072087652,1397.2391898698363,1397.2779999999998,5.0,23,2700.0,p2uhs0_1247_circuit_2_fire_mixed,p2uhs0_1247,circuit_2,fire_mixed,data,,,,,,summer,NC
TX_AUS_urban__NC,TX_AUS_urban,NC,398.373,8.47376,394.0241422494466,58.702831733979245,571.689,8.5927,565.2720340431839,85.41569088687129,475.275,7.79093,470.8878847692301,64.42767730222974,1430.1840610618606,208.54619992308028,1445.3089517531373,1445.337,6.0,24,0.0,p2uhs0_1247_circuit_2_fire_mixed,p2uhs0_1247,circuit_2,fire_mixed,data,,,,,,summer,NC
TX_AUS_urban__NC,TX_AUS_urban,NC,423.181,9.05686,417.9050372641104,66.61485262524067,567.182,8.36386,561.1496109356793,82.50172889543414,477.163,8.07364,472.4335403288542,67.0155097074173,1451.4881885286438,216.1320912280921,1467.4914113196005,1467.526,6.0,25,900.0,p2uhs0_1247_circuit_2_fire_mixed,p2uhs0_1247,circuit_2,fire_mixed,data,,,,,,summer,NC
TX_AUS_urban__NC,TX_AUS_urban,NC,457.767,8.63575,452.5772429809935,68.73474685137603,599.472,8.16135,593.4006787901071,85.10178138817083,522.46,8.20284,517.1147953093084,74.54354480578553,1563.092717080409,228.3800730453324,1579.6886718445528,1579.699,6.0,26,1800.0,p2uhs0_1247_circuit_2_fire_mixed,p2uhs0_1247,circuit_2,fire_mixed,data,,,,,,summer,NC
TX_AUS_urban__NC,TX_AUS_urban,NC,431.549,3.34064,430.8156839798566,25.14728291422989,586.592,6.16436,583.2002963435607,62.98879907398573,495.817,5.83681,493.2464760922906,50.42232949336423,1507.262456415708,138.55841148157984,1513.6177013739673,1513.958,6.0,27,2700.0,p2uhs0_1247_circuit_2_fire_mixed,p2uhs0_1247,circuit_2,fire_mixed,data,,,,,,summer,NC
TX_AUS_urban__NC,TX_AUS_urban,NC,470.412,7.67419,466.1987341549764,62.81870753444123,622.169,7.67143,616.6005174306955,83.05459930189667,512.372,6.89747,508.6637823659143,61.53229146717825,1591.463033951586,207.40559830351617,1604.9210792565557,1604.953,7.0,28,0.0,p2uhs0_1247_circuit_2_fire_mixed,p2uhs0_1247,circuit_2,fire_mixed,data,,,,,,summer,NC
TX_AUS_urban__NC,TX_AUS_urban,NC,479.977,7.81937,475.514127034278,65.3011142311407,637.635,7.84858,631.6618991168228,87.07260435480713,558.06,7.54422,553.2293366545761,73.26844248882077,1660.4053628056768,225.64216107476847,1675.667136900507,1675.672,7.0,29,900.0,p2uhs0_1247_circuit_2_fire_mixed,p2uhs0_1247,circuit_2,fire_mixed,data,,,,,,summer,NC
TX_AUS_urban__NC,TX_AUS_urban,NC,440.692,7.18738,437.2291670747324,55.13705036666186,588.588,8.95401,581.4152245679685,91.60878988709936,516.734,7.76268,511.9986649019626,69.79537158442393,1530.6430565446635,216.54121183818512,1545.8842980549157,1546.014,7.0,30,1800.0,p2uhs0_1247_circuit_2_fire_mixed,p2uhs0_1247,circuit_2,fire_mixed,data,,,,,,summer,NC
TX_AUS_urban__NC,TX_AUS_urban,NC,449.382,6.7912,446.22899295696783,53.14007685928169,616.653,8.56935,609.768829290381,91.88523948294568,534.679,7.80731,529.7228022760221,72.63185106988826,1585.7206245233708,217.65716741211563,1600.588810895745,1600.714,7.0,31,2700.0,p2uhs0_1247_circuit_2_fire_mixed,p2uhs0_1247,circuit_2,fire_mixed,data,,,,,,summer,NC
TX_AUS_urban__NC,TX_AUS_urban,NC,435.376,6.37742,432.6817937742279,48.3603837072921,586.969,7.16361,582.3871807471966,73.19684871859039,538.257,7.77081,533.3141072583044,72.77816326534855,1548.3830817797289,194.33539569123104,1560.530811602308,1560.602,8.0,32,0.0,p2uhs0_1247_circuit_2_fire_mixed,p2uhs0_1247,circuit_2,fire_mixed,data,,,,,,summer,NC
TX_AUS_urban__NC,TX_AUS_urban,NC,405.918,6.75094,403.1035791122428,47.71715866331317,583.823,7.08222,579.3685741646143,71.9815990337928,531.097,8.277,525.5649118179664,76.45617617153799,1508.0370650948234,196.154933868644,1520.740789148769,1520.838,8.0,33,900.0,p2uhs0_1247_circuit_2_fire_mixed,p2uhs0_1247,circuit_2,fire_mixed,data,,,,,,summer,NC
TX_AUS_urban__NC,TX_AUS_urban,NC,410.979,6.92258,407.98292999327526,49.53450590348351,558.999,6.95787,554.8822489114903,67.71685051689126,520.138,7.6882,515.4623614463803,69.58514910612197,1478.327540351146,186.83650552649675,1490.0873116559385,1490.116,8.0,34,1800.0,p2uhs0_1247_circuit_2_fire_mixed,p2uhs0_1247,circuit_2,fire_mixed,data,,,,,,summer,NC
TX_AUS_urban__NC,TX_AUS_urban,NC,401.947,6.5449,399.3274465204423,45.81464028521128,538.113,6.75386,534.3787843382776,63.28440264508042,510.091,8.22343,504.8461539551974,72.96018858010915,1438.5523848139171,182.0592315104008,1450.0270782409432,1450.151,8.0,35,2700.0,p2uhs0_1247_circuit_2_fire_mixed,p2uhs0_1247,circuit_2,fire_mixed,data,,,,,,summer,NC
TX_AUS_urban__NC,TX_AUS_urban,NC,370.854,4.5611,369.67954188220256,29.491111029679253,526.518,6.00865,523.6253644815537,55.11517028514151,479.617,7.16544,475.8712488095815,59.824921608051085,1369.1761551733375,144.43120292287185,1376.772935626275,1376.989,9.0,36,0.0,p2uhs0_1247_circuit_2_fire_mixed,p2uhs0_1247,circuit_2,fire_mixed,data,,,,,,summer,NC
TX_AUS_urban__NC,TX_AUS_urban,NC,355.122,4.44989,354.0515101443945,27.552913611335565,493.413,5.52698,491.119100868128,47.52280853949479,463.686,7.1137,460.11670985275407,57.422294540330746,1305.2873208652768,132.4980166911611,1311.994936895239,1312.221,9.0,37,900.0,p2uhs0_1247_circuit_2_fire_mixed,p2uhs0_1247,circuit_2,fire_mixed,data,,,,,,summer,NC
TX_AUS_urban__NC,TX_AUS_urban,NC,358.531,3.90238,357.6997289175709,24.400448628996383,524.195,6.01525,521.3088025441107,54.9320527108301,479.993,6.78045,476.63585750709456,56.670445449781305,1355.6443889687762,136.0029467896078,1362.4494525955756,1362.719,9.0,38,1800.0,p2uhs0_1247_circuit_2_fire_mixed,p2uhs0_1247,circuit_2,fire_mixed,data,,,,,,summer,NC
TX_AUS_urban__NC,TX_AUS_urban,NC,344.646,3.68496,343.933452481142,22.15052099617665,510.741,5.40168,508.4729038061134,48.07988327750961,460.508,6.65994,457.4004830328641,53.40801611464871,1309.8068393201197,123.63842038833496,1315.6292849149734,1315.895,9.0,39,2700.0,p2uhs0_1247_circuit_2_fire_mixed,p2uhs0_1247,circuit_2,fire_mixed,data,,,,,,summer,NC
TX_AUS_urban__NC,TX_AUS_urban,NC,340.841,4.02643,339.9997246979913,23.932707458415404,495.232,4.78137,493.50859998296266,41.27948118443557,460.933,7.64507,456.8358578678229,61.32070983909324,1290.344182548777,126.53289848194422,1296.53333309858,1297.006,10.0,40,0.0,p2uhs0_1247_circuit_2_fire_mixed,p2uhs0_1247,circuit_2,fire_mixed,data,,,,,,summer,NC
TX_AUS_urban__NC,TX_AUS_urban,NC,357.407,6.91698,354.8056828278304,43.04289816075365,490.031,5.59617,487.6954734413758,47.78604551322817,443.284,6.7811,440.1830119516733,52.34138558686668,1282.6841682208794,143.17032926084852,1290.6496110816247,1290.722,10.0,41,900.0,p2uhs0_1247_circuit_2_fire_mixed,p2uhs0_1247,circuit_2,fire_mixed,data,,,,,,summer,NC
TX_AUS_urban__NC,TX_AUS_urban,NC,359.412,6.24153,357.28155700660164,39.07524493766388,506.038,4.82353,504.2458212535995,42.55125370988458,442.689,5.93587,440.31542064922735,45.78079356557695,1301.8427989094284,127.4072922131254,1308.06241868705,1308.139,10.0,42,1800.0,p2uhs0_1247_circuit_2_fire_mixed,p2uhs0_1247,circuit_2,fire_mixed,data,,,,,,summer,NC
TX_AUS_urban__NC,TX_AUS_urban,NC,329.205,4.49273,328.1934455496961,25.78748384815068,481.312,5.69107,478.9396312701323,47.72914144241155,419.322,5.70134,417.24771757865,41.65671445766118,1224.3807943984784,115.1733397482234,1229.785846349115,1229.839,10.0,43,2700.0,p2uhs0_1247_circuit_2_fire_mixed,p2uhs0_1247,circuit_2,fire_mixed,data,,,,,,summer,NC
TX_AUS_urban__NC,TX_AUS_urban,NC,302.132,2.99015,301.7206525178668,15.760497079491463,457.197,3.93789,456.11759528806624,31.398026651873863,392.975,4.55045,391.7362888000714,31.177406276774807,1149.5745366060046,78.33593000814014,1152.2404840757638,1152.304,11.0,44,0.0,p2uhs0_1247_circuit_2_fire_mixed,p2uhs0_1247,circuit_2,fire_mixed,data,,,,,,summer,NC
TX_AUS_urban__NC,TX_AUS_urban,NC,301.536,-2.45768,301.2586373432287,-12.930302475232452,465.346,1.72263,465.135693826068,13.988782825619705,399.35,2.27642,399.0348436349,15.862410449578856,1165.4291748041967,16.92089079996611,1165.552005716714,1166.232,11.0,45,900.0,p2uhs0_1247_circuit_2_fire_mixed,p2uhs0_1247,circuit_2,fire_mixed,data,,,,,,summer,NC
TX_AUS_urban__NC,TX_AUS_urban,NC,319.868,-0.882387,319.83006805144305,-4.925951096925978,463.762,1.70767,463.5560339460788,13.820131554433315,397.737,2.34964,397.402602884743,16.306207082926885,1180.7887048822647,25.200387540434225,1181.0575875501263,1181.367,11.0,46,1800.0,p2uhs0_1247_circuit_2_fire_mixed,p2uhs0_1247,circuit_2,fire_mixed,data,,,,,,summer,NC
TX_AUS_urban__NC,TX_AUS_urban,NC,290.359,-2.38623,290.10721963483724,-12.08925128964996,428.175,2.02596,427.90735290845095,15.136973009238536,386.064,3.17198,385.4725282573695,21.36216409616681,1103.4871008006576,24.409885815755388,1103.7570494266297,1104.598,11.0,47,2700.0,p2uhs0_1247_circuit_2_fire_mixed,p2uhs0_1247,circuit_2,fire_mixed,data,,,,,,summer,NC
TX_AUS_urban__NC,TX_AUS_urban,NC,289.671,-3.03115,289.2657310592589,-15.317476154788638,435.485,1.68004,435.2977999041168,12.767561381700869,356.184,1.73544,356.0206251696646,10.78685819880934,1080.5841561330403,8.23694342572157,1080.6155494544548,1081.34,12.0,48,0.0,p2uhs0_1247_circuit_2_fire_mixed,p2uhs0_1247,circuit_2,fire_mixed,data,,,,,,summer,NC
TX_AUS_urban__NC,TX_AUS_urban,NC,302.479,-2.97898,302.0702504324702,-15.719708797072432,455.95,2.43496,455.5383195375371,19.37116240489166,379.205,2.26999,378.9074295002486,15.0197168586532,1136.5159994702558,18.671170466472425,1136.6693581065967,1137.634,12.0,49,900.0,p2uhs0_1247_circuit_2_fire_mixed,p2uhs0_1247,circuit_2,fire_mixed,data,,,,,,summer,NC
TX_AUS_urban__NC,TX_AUS_urban,NC,265.542,-4.07478,264.8707516409916,-18.86898749631648,411.034,2.25148,410.716690709274,16.147728286746727,344.622,1.75939,344.4595357348804,10.580695880266155,1020.0469780851458,7.859436670696404,1020.0772560181013,1021.198,12.0,50,1800.0,p2uhs0_1247_circuit_2_fire_mixed,p2uhs0_1247,circuit_2,fire_mixed,data,,,,,,summer,NC
TX_AUS_urban__NC,TX_AUS_urban,NC,289.356,-2.4377,289.0941502076947,-12.307195118743955,431.298,2.71619,430.8134471647639,20.43865323384103,368.432,2.82253,367.9850371925512,18.142519846942832,1087.8926345650098,26.273977962039908,1088.2098631508295,1089.086,12.0,51,2700.0,p2uhs0_1247_circuit_2_fire_mixed,p2uhs0_1247,circuit_2,fire_mixed,data,,,,,,summer,NC
TX_AUS_urban__NC,TX_AUS_urban,NC,265.645,-3.91635,265.02467357425064,-18.1435504205178,381.577,1.12972,381.502828938712,7.523193521362759,333.142,1.14891,333.07502517385507,6.679803098580029,979.6025276868176,-3.940553800575005,979.6104533000132,980.364,13.0,52,0.0,p2uhs0_1247_circuit_2_fire_mixed,p2uhs0_1247,circuit_2,fire_mixed,data,,,,,,summer,NC
TX_AUS_urban__NC,TX_AUS_urban,NC,270.756,-1.69038,270.63817430263015,-7.986873364412398,377.38,1.50701,377.2494698460063,9.924812386496946,335.545,1.61137,335.412310232382,9.435526989857753,983.2999543810186,11.3734660119423,983.3657285134752,983.681,13.0,53,900.0,p2uhs0_1247_circuit_2_fire_mixed,p2uhs0_1247,circuit_2,fire_mixed,data,,,,,,summer,NC
TX_AUS_urban__NC,TX_AUS_urban,NC,302.181,0.244572,302.178247009554,1.2898818678293034,416.695,2.19479,416.3893137757317,15.9581452047302,370.302,2.84264,369.84634573807153,18.3644152696154,1088.4139065233571,35.6124423421749,1088.996362695032,1089.178,13.0,54,1800.0,p2uhs0_1247_circuit_2_fire_mixed,p2uhs0_1247,circuit_2,fire_mixed,data,,,,,,summer,NC
TX_AUS_urban__NC,TX_AUS_urban,NC,275.378,-1.84369,275.2354417660508,-8.859711047593427,376.095,1.31167,375.9964509361593,8.60917582654478,329.499,0.174032,329.49748002400605,1.0008290711894232,980.7293727262164,0.7502938501407761,980.7296597272968,980.972,13.0,55,2700.0,p2uhs0_1247_circuit_2_fire_mixed,p2uhs0_1247,circuit_2,fire_mixed,data,,,,,,summer,NC
TX_AUS_urban__NC,TX_AUS_urban,NC,256.517,-1.27681,256.4533093809848,-5.715889829315426,358.932,1.15479,358.8590998795973,7.233744369636224,333.123,2.26684,332.8623159601196,13.176180883151911,948.1747252207016,14.69403542347271,948.2885764493736,948.572,14.0,56,0.0,p2uhs0_1247_circuit_2_fire_mixed,p2uhs0_1247,circuit_2,fire_mixed,data,,,,,,summer,NC
TX_AUS_urban__NC,TX_AUS_urban,NC,254.358,-0.798426,254.33330366799845,-3.5444053551604804,346.69,0.910631,346.6462133445644,5.509888735243783,319.7,2.08055,319.489245930975,11.606538435595713,920.468762943538,13.572021815679015,920.56881509802,920.748,14.0,57,900.0,p2uhs0_1247_circuit_2_fire_mixed,p2uhs0_1247,circuit_2,fire_mixed,data,,,,,,summer,NC
TX_AUS_urban__NC,TX_AUS_urban,NC,250.207,-1.61115,250.10808377609624,-7.034861679466083,355.536,1.1973,355.4583755595506,7.429033622584359,307.662,1.13011,307.6021552641675,6.067975019639867,913.1686145998144,6.462146962758143,913.1914793916512,913.405,14.0,58,1800.0,p2uhs0_1247_circuit_2_fire_mixed,p2uhs0_1247,circuit_2,fire_mixed,data,,,,,,summer,NC
TX_AUS_urban__NC,TX_AUS_urban,NC,246.789,-1.02934,246.74917492922668,-4.433417727429752,323.221,-0.364311,323.2144661762539,-2.0551631076960937,307.566,0.779093,307.5375661952432,4.1820730154308805,877.5012073007238,-2.306507819694964,877.5042386179967,877.576,14.0,59,2700.0,p2uhs0_1247_circuit_2_fire_mixed,p2uhs0_1247,circuit_2,fire_mixed,data,,,,,,summer,NC
TX_AUS_urban__NC,TX_AUS_urban,NC,236.802,-3.04427,236.46782475984867,-12.57597142750812,305.5,-1.40959,305.4075515425481,-7.515148753407043,313.349,0.55982,313.3340429337484,3.0615910556341945,855.2094192361451,-17.029529125280966,855.3789543894877,855.6510000000001,15.0,60,0.0,p2uhs0_1247_circuit_2_fire_mixed,p2uhs0_1247,circuit_2,fire_mixed,data,,,,,,summer,NC
TX_AUS_urban__NC,TX_AUS_urban,NC,230.061,-3.87081,229.53618497067944,-15.530727932265073,316.138,-1.72429,315.9948506823921,-9.5125909305873,299.161,-0.327966,299.156098983371,-1.7124141004848803,844.6871346364426,-26.75573296333725,845.1107765652555,845.3599999999999,15.0,61,900.0,p2uhs0_1247_circuit_2_fire_mixed,p2uhs0_1247,circuit_2,fire_mixed,data,,,,,,summer,NC
TX_AUS_urban__NC,TX_AUS_urban,NC,233.72,-3.13947,233.369228234175,-12.80006692894724,307.014,-1.93044,306.8397573565978,-10.342122671107358,285.975,-1.09725,285.92256144518814,-5.47626529878115,826.1315470359609,-28.61845489883575,826.6270918430068,826.7090000000001,15.0,62,1800.0,p2uhs0_1247_circuit_2_fire_mixed,p2uhs0_1247,circuit_2,fire_mixed,data,,,,,,summer,NC
TX_AUS_urban__NC,TX_AUS_urban,NC,261.431,-0.0872186,261.4306970995195,-0.3979636406763214,360.275,2.774,359.85283041260067,17.436056579400937,324.348,3.12977,323.8642145328248,17.708632048705702,945.147742044945,34.74672498743032,945.7862280610824,946.054,15.0,63,2700.0,p2uhs0_1247_circuit_2_fire_mixed,p2uhs0_1247,circuit_2,fire_mixed,data,,,,,,summer,NC
TX_AUS_urban__NC,TX_AUS_urban,NC,250.683,-1.59222,250.5862105942354,-6.965453970955488,365.978,1.63267,365.8294245147557,10.427302776972452,320.537,2.04839,320.33217548115294,11.457125316231854,936.747810590144,14.91897412224882,936.8666054643472,937.198,16.0,64,0.0,p2uhs0_1247_circuit_2_fire_mixed,p2uhs0_1247,circuit_2,fire_mixed,data,,,,,,summer,NC
TX_AUS_urban__NC,TX_AUS_urban,NC,248.155,-2.0966,247.9888767299556,-9.07860359388402,343.579,0.498051,343.56601935571155,2.9865674395245474,309.403,1.92132,309.22905659386794,10.373377804092836,900.7839526795352,4.281341649733363,900.7941270297496,901.137,16.0,65,900.0,p2uhs0_1247_circuit_2_fire_mixed,p2uhs0_1247,circuit_2,fire_mixed,data,,,,,,summer,NC
TX_AUS_urban__NC,TX_AUS_urban,NC,251.795,-2.27646,251.59628312165853,-10.001617087563115,365.909,1.62212,365.7623659666527,10.35798838947117,321.087,2.45407,320.7925205730528,13.748465855777146,938.151169661364,14.104837157685202,938.2571947862858,938.791,16.0,66,1800.0,p2uhs0_1247_circuit_2_fire_mixed,p2uhs0_1247,circuit_2,fire_mixed,data,,,,,,summer,NC
TX_AUS_urban__NC,TX_AUS_urban,NC,270.062,-0.419771,270.0547521175625,-1.97856077032716,372.824,2.16638,372.5575313413869,14.093289779591752,327.281,1.96644,327.08826335196824,11.230357892493604,969.7005468109176,23.3450869017582,969.981517126921,970.167,16.0,67,2700.0,p2uhs0_1247_circuit_2_fire_mixed,p2uhs0_1247,circuit_2,fire_mixed,data,,,,,,summer,NC
TX_AUS_urban__NC,TX_AUS_urban,NC,268.344,0.283833,268.3407073807293,1.3293225379079228,352.486,1.98499,352.27448565855855,12.209297686518337,330.857,2.10798,330.6331025999244,12.169877326739314,951.2482956392124,25.70849755116557,951.5956319797,951.687,17.0,68,0.0,p2uhs0_1247_circuit_2_fire_mixed,p2uhs0_1247,circuit_2,fire_mixed,data,,,,,,summer,NC
TX_AUS_urban__NC,TX_AUS_urban,NC,276.41,0.115505,276.4094383317015,0.5572263035105693,438.453,5.90883,436.1234832874725,45.13690877986275,330.918,2.44599,330.6164991604668,14.122790336086856,1043.1494207796409,59.816925419460176,1044.8630430058945,1045.781,17.0,69,900.0,p2uhs0_1247_circuit_2_fire_mixed,p2uhs0_1247,circuit_2,fire_mixed,data,,,,,,summer,NC
TX_AUS_urban__NC,TX_AUS_urban,NC,291.65,0.932331,291.6113884365934,4.7455910150618354,459.277,5.79702,456.92824065985576,46.389067855357176,383.41,3.96421,382.4926644489744,26.50640946496292,1131.0322935454235,77.64106833538193,1133.6940436179775,1134.337,17.0,70,1800.0,p2uhs0_1247_circuit_2_fire_mixed,p2uhs0_1247,circuit_2,fire_mixed,data,,,,,,summer,NC
TX_AUS_urban__NC,TX_AUS_urban,NC,342.582,2.49649,342.2568526409886,14.92224997393463,535.786,6.89058,531.9160606981753,64.28018487321768,415.664,4.83439,414.18525650878286,35.030475114587475,1288.3581698479468,114.23290996173978,1293.4125140620365,1294.032,17.0,71,2700.0,p2uhs0_1247_circuit_2_fire_mixed,p2uhs0_1247,circuit_2,fire_mixed,data,,,,,,summer,NC
TX_AUS_urban__NC,TX_AUS_urban,NC,327.56,1.68501,327.4183589082322,9.631814462500778,496.844,5.18164,494.8135923467258,44.8716967021333,413.608,4.12114,412.5385483351234,29.72412827231453,1234.7704995900815,84.2276394369486,1237.6398837719555,1238.012,18.0,72,0.0,p2uhs0_1247_circuit_2_fire_mixed,p2uhs0_1247,circuit_2,fire_mixed,data,,,,,,summer,NC
TX_AUS_urban__NC,TX_AUS_urban,NC,348.574,0.860012,348.53473364415873,5.231913569176771,501.649,3.92642,500.4715343988887,34.3505816169386,437.783,4.05297,436.6881633956798,30.94193011284384,1285.6944314387272,70.5244252989592,1287.627223072074,1288.006,18.0,73,900.0,p2uhs0_1247_circuit_2_fire_mixed,p2uhs0_1247,circuit_2,fire_mixed,data,,,,,,summer,NC
TX_AUS_urban__NC,TX_AUS_urban,NC,346.993,0.162728,346.9916005102084,0.9855071607678992,470.005,1.99795,469.7192722372657,16.38613175503669,460.661,3.71246,459.69433097422143,29.827487174801803,1276.4052037216957,47.19912609060639,1277.277574214603,1277.659,18.0,74,1800.0,p2uhs0_1247_circuit_2_fire_mixed,p2uhs0_1247,circuit_2,fire_mixed,data,,,,,,summer,NC
TX_AUS_urban__NC,TX_AUS_urban,NC,365.188,-0.36109,365.18074778412927,-2.301476009901557,479.906,2.65039,479.3926387967112,22.191590829095333,476.267,3.33445,475.46069181254376,27.7017297318646,1320.034078393384,47.59184455105837,1320.8917259895463,1321.361,18.0,75,2700.0,p2uhs0_1247_circuit_2_fire_mixed,p2uhs0_1247,circuit_2,fire_mixed,data,,,,,,summer,NC
TX_AUS_urban__NC,TX_AUS_urban,NC,339.666,-0.763421,339.6358492169529,-4.525647211084264,478.353,2.70044,477.821795298644,22.537181424943142,455.424,3.3559,454.6430297087035,26.659619526371845,1272.1006742243003,44.67115374023072,1272.8847698587658,1273.443,19.0,76,0.0,p2uhs0_1247_circuit_2_fire_mixed,p2uhs0_1247,circuit_2,fire_mixed,data,,,,,,summer,NC
TX_AUS_urban__NC,TX_AUS_urban,NC,336.286,-0.456052,336.2753472934572,-2.676676794972683,479.369,2.88315,478.7622112544316,24.11188992524422,472.482,3.69595,471.4993212106869,30.45702582100793,1286.5368797585757,51.892238951279474,1287.5829866235065,1288.137,19.0,77,900.0,p2uhs0_1247_circuit_2_fire_mixed,p2uhs0_1247,circuit_2,fire_mixed,data,,,,,,summer,NC
TX_AUS_urban__NC,TX_AUS_urban,NC,371.523,-0.20557,371.5206087254026,-1.33297460826735,489.38,2.58723,488.8811531472811,22.09077855994844,504.341,3.2893,503.5101230666773,28.937868794703554,1363.911884939361,49.695672746384645,1364.8169436845942,1365.244,19.0,78,1800.0,p2uhs0_1247_circuit_2_fire_mixed,p2uhs0_1247,circuit_2,fire_mixed,data,,,,,,summer,NC
TX_AUS_urban__NC,TX_AUS_urban,NC,370.252,-1.13253,370.1796718357625,-7.318064195345674,504.433,2.20079,504.060923671984,19.371027746257543,528.68,4.19917,527.2607786644088,38.71193203911686,1401.5013741721557,50.76489559002873,1402.4204706259484,1403.3649999999998,19.0,79,2700.0,p2uhs0_1247_circuit_2_fire_mixed,p2uhs0_1247,circuit_2,fire_mixed,data,,,,,,summer,NC
TX_AUS_urban__NC,TX_AUS_urban,NC,375.713,-1.7516,375.53744346100177,-11.484203401843216,508.318,2.05487,507.9911244925096,18.226534526222984,485.091,2.25326,484.7159280408227,19.072162554991746,1368.244495994334,25.81449367937151,1368.4879937006067,1369.1219999999998,20.0,80,0.0,p2uhs0_1247_circuit_2_fire_mixed,p2uhs0_1247,circuit_2,fire_mixed,data,,,,,,summer,NC
TX_AUS_urban__NC,TX_AUS_urban,NC,395.207,-1.0855,395.1360755407767,-7.486965689357826,542.972,2.01291,542.6369526253116,19.07171805358133,550.482,3.37861,549.5252066669758,32.441941397171355,1487.298234833064,44.02669376139485,1487.94972667127,1488.661,20.0,81,900.0,p2uhs0_1247_circuit_2_fire_mixed,p2uhs0_1247,circuit_2,fire_mixed,data,,,,,,summer,NC
TX_AUS_urban__NC,TX_AUS_urban,NC,436.212,2.35778,435.8427099385872,17.94550465683746,531.163,0.901958,531.0971863138576,8.361295264704806,680.804,9.60739,671.2553964770256,113.62340919225758,1638.1952927294703,139.93020911379983,1644.1606614147008,1648.179,20.0,82,1800.0,p2uhs0_1247_circuit_2_fire_mixed,p2uhs0_1247,circuit_2,fire_mixed,data,,,,,,summer,NC
TX_AUS_urban__NC,TX_AUS_urban,NC,444.164,1.91223,443.9166522084876,14.821092672563216,614.873,1.88015,614.5419785101008,20.173318465013,710.88,8.66678,702.7627608681763,107.12084921684637,1761.2213915867646,142.11526035442256,1766.9458218656353,1769.917,20.0,83,2700.0,p2uhs0_1247_circuit_2_fire_mixed,p2uhs0_1247,circuit_2,fire_mixed,data,,,,,,summer,NC
TX_AUS_urban__NC,TX_AUS_urban,NC,424.164,-0.341346,424.15647256702925,-2.526989413304858,581.973,1.38764,581.8023289075494,14.09336037826658,541.669,2.84565,541.0010677515731,26.891453152586863,1546.9598692261518,38.45782411754858,1547.4378311363753,1547.806,21.0,84,0.0,p2uhs0_1247_circuit_2_fire_mixed,p2uhs0_1247,circuit_2,fire_mixed,data,,,,,,summer,NC
TX_AUS_urban__NC,TX_AUS_urban,NC,412.598,-0.913456,412.5455654041791,-6.577694835293988,598.938,1.72891,598.6653418860433,18.07031456469293,546.078,3.08287,545.2877125906701,29.36822401226716,1556.4986198808924,40.8608437416661,1557.034862243747,1557.614,21.0,85,900.0,p2uhs0_1247_circuit_2_fire_mixed,p2uhs0_1247,circuit_2,fire_mixed,data,,,,,,summer,NC
TX_AUS_urban__NC,TX_AUS_urban,NC,390.925,0.0322544,390.9249380564477,0.2200694494633228,514.539,2.21017,514.1562276632797,19.84328793485872,510.071,3.32311,509.2133243914572,29.567132143659947,1414.2944901111846,49.63048952798199,1415.1650399333791,1415.535,21.0,86,1800.0,p2uhs0_1247_circuit_2_fire_mixed,p2uhs0_1247,circuit_2,fire_mixed,data,,,,,,summer,NC
TX_AUS_urban__NC,TX_AUS_urban,NC,383.655,1.16648,383.57549303140775,7.810260604642326,502.69,2.59231,502.1755717982372,22.736120801788964,485.485,3.92275,484.3476027682632,33.212722225627644,1370.0986675979082,63.75910363205894,1371.58141655883,1371.83,21.0,87,2700.0,p2uhs0_1247_circuit_2_fire_mixed,p2uhs0_1247,circuit_2,fire_mixed,data,,,,,,summer,NC
TX_AUS_urban__NC,TX_AUS_urban,NC,386.231,0.905471,386.18277059320087,6.103528320503339,523.632,3.0242,522.9027589512576,27.62564216742983,490.593,4.35886,489.1739998018159,37.28658695688118,1398.2595293462743,71.01575744481434,1400.061766213593,1400.456,22.0,88,0.0,p2uhs0_1247_circuit_2_fire_mixed,p2uhs0_1247,circuit_2,fire_mixed,data,,,,,,summer,NC
TX_AUS_urban__NC,TX_AUS_urban,NC,401.758,1.81344,401.5567854416049,12.713718173880858,552.085,3.83074,550.851513914194,36.884371262644,525.64,4.9531,523.6771059610064,45.383899042555065,1476.0854053168057,94.98198847907992,1479.1381618783007,1479.4830000000002,22.0,89,900.0,p2uhs0_1247_circuit_2_fire_mixed,p2uhs0_1247,circuit_2,fire_mixed,data,,,,,,summer,NC
TX_AUS_urban__NC,TX_AUS_urban,NC,380.412,2.20759,380.1296667314049,14.653539322329165,541.756,5.01389,539.6829923254729,47.34798127294921,490.917,5.66491,488.51946463120566,48.45857576776422,1408.3321236880834,110.4600963630426,1412.6573553060628,1413.0849999999998,22.0,90,1800.0,p2uhs0_1247_circuit_2_fire_mixed,p2uhs0_1247,circuit_2,fire_mixed,data,,,,,,summer,NC
TX_AUS_urban__NC,TX_AUS_urban,NC,361.267,4.00011,360.386923362658,25.20140389338868,525.172,6.29523,522.0052588629388,57.5859297349296,485.667,6.65781,482.39180321964267,56.307930840171295,1364.7839854452395,139.09526446848955,1371.853789412469,1372.106,22.0,91,2700.0,p2uhs0_1247_circuit_2_fire_mixed,p2uhs0_1247,circuit_2,fire_mixed,data,,,,,,summer,NC
TX_AUS_urban__NC,TX_AUS_urban,NC,380.788,5.58582,378.9798358240007,37.06460552620967,532.657,6.43141,529.3048092920379,59.66488506080817,503.736,6.57838,500.4194350618607,57.7091561917884,1408.7040801778992,154.43864677880623,1417.144481388094,1417.181,23.0,92,0.0,p2uhs0_1247_circuit_2_fire_mixed,p2uhs0_1247,circuit_2,fire_mixed,data,,,,,,summer,NC
TX_AUS_urban__NC,TX_AUS_urban,NC,372.516,6.16471,370.3618498942973,40.00337984313329,558.843,6.78447,554.9297382076453,66.01881778549347,515.284,6.62603,511.8421327390738,59.457815374569,1437.1337208410164,165.48001300319575,1446.6295193593562,1446.643,23.0,93,900.0,p2uhs0_1247_circuit_2_fire_mixed,p2uhs0_1247,circuit_2,fire_mixed,data,,,,,,summer,NC
TX_AUS_urban__NC,TX_AUS_urban,NC,356.318,7.28282,353.4434038270341,45.16943009558636,522.242,7.20103,518.1227890957043,65.46359281072408,481.952,7.59704,477.7216044011276,63.716551950121406,1349.287797323866,174.34957485643184,1360.505543634317,1360.512,23.0,94,1800.0,p2uhs0_1247_circuit_2_fire_mixed,p2uhs0_1247,circuit_2,fire_mixed,data,,,,,,summer,NC
TX_AUS_urban__NC,TX_AUS_urban,NC,382.447,8.07409,378.6559077211871,53.71602514002542,549.6,7.7576,544.5700615502982,74.18630643929131,482.225,8.42167,477.0251734818304,70.62531054536792,1400.2511427533157,198.52764212468463,1414.2547463132494,1414.272,23.0,95,2700.0,p2uhs0_1247_circuit_2_fire_mixed,p2uhs0_1247,circuit_2,fire_mixed,data,,,,,,summer,NC
TX_AUS_urban__NC,TX_AUS_urban,NC,379.206,6.86678,376.4858909743655,45.33833183122417,527.066,7.21445,522.8932504772314,66.19076190342103,467.725,7.47084,463.7545585787543,60.8143488201983,1363.133700030351,172.3434425548435,1373.985351577698,1373.997,24.0,96,0.0,p2uhs0_1247_circuit_2_fire_mixed,p2uhs0_1247,circuit_2,fire_mixed,data,,,,,,summer,NC
TX_AUS_urban__NC,TX_AUS_urban,NC,,,,,,,,,,,,,,,,,,0,,p2uhs0_1247_circuit_2_fire_mixed,p2uhs0_1247,circuit_2,fire_mixed,summary,542.0,90.0,0.0,0.0,75.0,summer,NC
TX_AUS_urban__NC,TX_AUS_urban,NC,399.046,8.30243,394.86386456516607,57.62151140556941,601.044,11.6449,588.6729358669975,121.31803045602852,545.581,9.34085,538.3467309194357,88.55182024869269,1521.8835313515992,267.49136211029065,1545.2123193279403,1545.6709999999998,0.0,1,900.0,p2uhs0_1247_circuit_2_fire_stress,p2uhs0_1247,circuit_2,fire_stress,data,,,,,,summer,NC
TX_AUS_urban__NC,TX_AUS_urban,NC,377.645,8.50237,373.4945864656753,55.83493445714945,565.155,12.6584,551.4182903891332,123.84685320719936,522.732,9.93161,514.8985071950787,90.15692492692668,1439.8113840498872,269.83871259127545,1464.878750085675,1465.532,0.0,2,1800.0,p2uhs0_1247_circuit_2_fire_stress,p2uhs0_1247,circuit_2,fire_stress,data,,,,,,summer,NC
TX_AUS_urban__NC,TX_AUS_urban,NC,379.479,8.34336,375.4626931542638,55.06430323128736,561.913,12.8579,547.8230155462212,125.04464485472651,505.942,10.6988,497.1470508020999,93.92612651852708,1420.4327595025848,274.03507460454097,1446.6251920873092,1447.334,0.0,3,2700.0,p2uhs0_1247_circuit_2_fire_stress,p2uhs0_1247,circuit_2,fire_stress,data,,,,,,summer,NC
TX_AUS_urban__NC,TX_AUS_urban,NC,376.022,9.40713,370.9651919806101,61.46031909117523,560.33,12.7979,546.409987309549,124.12024278246676,509.89,10.178,501.8661318594416,90.1010421273891,1419.2413111496007,275.6816040010311,1445.768392951727,1446.2420000000002,1.0,4,0.0,p2uhs0_1247_circuit_2_fire_stress,p2uhs0_1247,circuit_2,fire_stress,data,,,,,,summer,NC
TX_AUS_urban__NC,TX_AUS_urban,NC,391.089,9.88135,385.2872875920456,67.11417094000598,608.941,13.4378,592.2698848921133,141.51157172077092,504.946,11.634,494.5722657113041,101.82699497278318,1472.129438195463,310.4527376335601,1504.5085526861792,1504.976,1.0,5,900.0,p2uhs0_1247_circuit_2_fire_stress,p2uhs0_1247,circuit_2,fire_stress,data,,,,,,summer,NC
TX_AUS_urban__NC,TX_AUS_urban,NC,354.695,8.42328,350.8688681193084,51.95748656041229,579.133,12.2925,565.8554792899591,123.2988574421134,448.104,9.76803,441.60771033856224,76.02516021379034,1358.3320577478298,251.281504216316,1381.3791563023774,1381.932,1.0,6,1800.0,p2uhs0_1247_circuit_2_fire_stress,p2uhs0_1247,circuit_2,fire_stress,data,,,,,,summer,NC
TX_AUS_urban__NC,TX_AUS_urban,NC,363.696,8.45767,359.7407313393937,53.491930525998,583.851,12.1333,570.8084940590994,122.71777911526536,489.199,9.68628,482.2248749327126,82.30936518482979,1412.7741003312058,258.5190748260932,1436.2321437064368,1436.746,1.0,7,2700.0,p2uhs0_1247_circuit_2_fire_stress,p2uhs0_1247,circuit_2,fire_stress,data,,,,,,summer,NC
TX_AUS_urban__NC,TX_AUS_urban,NC,347.186,8.92274,342.9844887929719,53.84941079922539,559.203,12.6176,545.6980837614227,122.15398719694429,483.705,10.0475,476.286636409856,84.38937730772547,1364.9692089642506,260.3927753038951,1389.5845921896791,1390.0939999999998,2.0,8,0.0,p2uhs0_1247_circuit_2_fire_stress,p2uhs0_1247,circuit_2,fire_stress,data,,,,,,summer,NC
TX_AUS_urban__NC,TX_AUS_urban,NC,342.314,8.2197,338.7974535719292,48.940372384939,559.427,12.8978,545.3125256948427,124.87120424385884,467.703,9.86008,460.7945010554859,80.09072359534375,1344.9044803222578,253.9023002241416,1368.661550292837,1369.444,2.0,9,900.0,p2uhs0_1247_circuit_2_fire_stress,p2uhs0_1247,circuit_2,fire_stress,data,,,,,,summer,NC
TX_AUS_urban__NC,TX_AUS_urban,NC,342.794,8.39177,339.12380960921604,50.02767426267376,541.951,13.1671,527.7030347612377,123.45198866271843,465.992,9.92994,459.0111368702459,80.3574532516084,1325.8379812406995,253.8371161770006,1349.918380513974,1350.737,2.0,10,1800.0,p2uhs0_1247_circuit_2_fire_stress,p2uhs0_1247,circuit_2,fire_stress,data,,,,,,summer,NC
TX_AUS_urban__NC,TX_AUS_urban,NC,336.911,7.99971,333.6324426298131,46.88725995261875,531.814,13.1007,517.972582394703,120.5426666511182,462.944,10.104,455.7641712590338,81.2167921834278,1307.36919628355,248.6467187871648,1330.8040449873597,1331.669,2.0,11,2700.0,p2uhs0_1247_circuit_2_fire_stress,p2uhs0_1247,circuit_2,fire_stress,data,,,,,,summer,NC
TX_AUS_urban__NC,TX_AUS_urban,NC,339.967,7.88803,336.75028527231655,46.65625850851528,546.369,13.0949,532.16129595547,123.78788005291432,480.56,10.0631,473.1670248876152,83.96951922574624,1342.0786061154015,254.41365778717585,1365.9799757907542,1366.896,3.0,12,0.0,p2uhs0_1247_circuit_2_fire_stress,p2uhs0_1247,circuit_2,fire_stress,data,,,,,,summer,NC
TX_AUS_urban__NC,TX_AUS_urban,NC,343.854,7.90635,340.5854010351186,47.29860376107765,555.444,13.2953,540.5568458253754,127.7354045177818,481.404,9.78304,474.4035379229677,81.79911015513179,1355.5457847834616,256.8331184339912,1379.6621417465724,1380.702,3.0,13,900.0,p2uhs0_1247_circuit_2_fire_stress,p2uhs0_1247,circuit_2,fire_stress,data,,,,,,summer,NC
TX_AUS_urban__NC,TX_AUS_urban,NC,343.26,8.24213,339.7144974124967,49.20861558482156,573.703,13.8483,557.0270903295392,137.31697945996103,497.812,10.4555,489.5464032943618,90.3388419538023,1386.2879910363977,276.8644369985849,1413.664850863271,1414.775,3.0,14,1800.0,p2uhs0_1247_circuit_2_fire_stress,p2uhs0_1247,circuit_2,fire_stress,data,,,,,,summer,NC
TX_AUS_urban__NC,TX_AUS_urban,NC,350.525,8.61463,346.5704352107676,52.50437184481979,578.464,13.9333,561.4436792559484,139.28960592787914,502.124,10.9389,493.0004587582677,95.2840964701749,1401.0145732249837,287.0780742428738,1430.1243495234182,1431.113,3.0,15,2700.0,p2uhs0_1247_circuit_2_fire_stress,p2uhs0_1247,circuit_2,fire_stress,data,,,,,,summer,NC
TX_AUS_urban__NC,TX_AUS_urban,NC,352.813,8.60196,348.84430009219426,52.76994658124164,583.149,14.0241,565.7675922135356,141.31449961662952,507.321,10.666,498.5559137796787,93.89674049885676,1413.1678060854088,287.98118669672795,1442.212332511237,1443.283,4.0,16,0.0,p2uhs0_1247_circuit_2_fire_stress,p2uhs0_1247,circuit_2,fire_stress,data,,,,,,summer,NC
TX_AUS_urban__NC,TX_AUS_urban,NC,362.216,8.61319,358.13090276929705,54.24654032883865,600.45,14.0337,582.5285284521027,145.60465665433873,520.761,10.8536,511.44538058298207,98.0593789564702,1452.1048118043818,297.9105759396476,1482.349181442123,1483.427,4.0,17,900.0,p2uhs0_1247_circuit_2_fire_stress,p2uhs0_1247,circuit_2,fire_stress,data,,,,,,summer,NC
TX_AUS_urban__NC,TX_AUS_urban,NC,354.479,8.06422,350.9737182805373,49.72736185777431,577.008,13.5626,560.9177183498484,135.31276844851004,515.202,10.6903,506.26026498589,95.5701046374672,1418.1517016162757,280.61023494375155,1445.647381885474,1446.689,4.0,18,1800.0,p2uhs0_1247_circuit_2_fire_stress,p2uhs0_1247,circuit_2,fire_stress,data,,,,,,summer,NC
TX_AUS_urban__NC,TX_AUS_urban,NC,365.038,7.61378,361.8197166048441,48.36562953162437,586.496,12.9898,571.4876236271446,131.83115738321922,534.609,10.4373,525.7632221042184,96.849456186343,1459.0705623362069,277.0462431011866,1485.1402380558466,1486.143,4.0,19,2700.0,p2uhs0_1247_circuit_2_fire_stress,p2uhs0_1247,circuit_2,fire_stress,data,,,,,,summer,NC
TX_AUS_urban__NC,TX_AUS_urban,NC,361.864,7.92918,358.4043399020416,49.91877037129239,595.09,13.2277,579.3013050713386,136.16940200589846,528.855,10.8328,519.4307086911656,99.39491885198927,1457.1363536645458,285.48309122918016,1484.8390311911176,1485.809,5.0,20,0.0,p2uhs0_1247_circuit_2_fire_stress,p2uhs0_1247,circuit_2,fire_stress,data,,,,,,summer,NC
TX_AUS_urban__NC,TX_AUS_urban,NC,383.642,8.30494,379.6188764411045,55.41383233086672,622.233,13.3442,605.4334025896368,143.61163364342977,531.98,10.9632,522.2711170920606,101.17114534990222,1507.323396122802,300.19661132419867,1536.9260964502196,1537.855,5.0,21,900.0,p2uhs0_1247_circuit_2_fire_stress,p2uhs0_1247,circuit_2,fire_stress,data,,,,,,summer,NC
TX_AUS_urban__NC,TX_AUS_urban,NC,392.683,7.67241,389.1675462958796,52.4267050179999,666.448,12.9217,649.5712516076408,149.03062030630832,564.836,10.3958,555.5640481261756,101.92298722886972,1594.302846029696,303.380312553178,1622.91132810861,1623.967,5.0,22,1800.0,p2uhs0_1247_circuit_2_fire_stress,p2uhs0_1247,circuit_2,fire_stress,data,,,,,,summer,NC
TX_AUS_urban__NC,TX_AUS_urban,NC,399.41,8.16084,395.3653676263793,56.69721493740223,681.407,12.9898,663.9698602426986,153.1650232210062,557.459,8.79037,550.9111315250892,85.19073801033628,1610.246359394167,295.05297616874475,1637.0551599406183,1638.2759999999998,5.0,23,2700.0,p2uhs0_1247_circuit_2_fire_stress,p2uhs0_1247,circuit_2,fire_stress,data,,,,,,summer,NC
TX_AUS_urban__NC,TX_AUS_urban,NC,398.447,8.36087,394.2122531925252,57.937131805712,666.948,13.3812,648.8416072612572,154.35090991189008,563.349,10.2373,554.380549196201,100.12143863288534,1597.4344096499833,312.40948035048746,1627.696647581069,1628.744,6.0,24,0.0,p2uhs0_1247_circuit_2_fire_stress,p2uhs0_1247,circuit_2,fire_stress,data,,,,,,summer,NC
TX_AUS_urban__NC,TX_AUS_urban,NC,398.569,9.06096,393.5953940481395,62.76873063150016,645.029,13.5038,627.1968092253268,150.6206272014861,592.297,11.1283,581.1603073879625,114.3172485923665,1601.9525106614287,327.7066064253528,1635.1279663406397,1635.895,6.0,25,900.0,p2uhs0_1247_circuit_2_fire_stress,p2uhs0_1247,circuit_2,fire_stress,data,,,,,,summer,NC
TX_AUS_urban__NC,TX_AUS_urban,NC,423.334,8.53692,418.6436342299528,62.84252600538491,670.157,13.2821,652.2307666976914,153.96568326072432,646.531,11.1503,634.3266093390421,125.0283433683507,1705.2010102666864,341.83655263446,1739.1269977007255,1740.022,6.0,26,1800.0,p2uhs0_1247_circuit_2_fire_stress,p2uhs0_1247,circuit_2,fire_stress,data,,,,,,summer,NC
TX_AUS_urban__NC,TX_AUS_urban,NC,426.968,8.12679,422.6802454990955,60.35795795770735,702.806,12.9635,684.8937036909637,157.66067448946973,666.397,11.3071,653.4624805899597,130.65889969771172,1761.0364297800188,348.6775321448888,1795.2229188696886,1796.1710000000005,6.0,27,2700.0,p2uhs0_1247_circuit_2_fire_stress,p2uhs0_1247,circuit_2,fire_stress,data,,,,,,summer,NC
TX_AUS_urban__NC,TX_AUS_urban,NC,418.312,7.51432,414.7196234890533,54.704325579407815,710.848,11.9932,695.3318012881409,147.7110869954904,670.202,10.4039,659.1833302154427,121.0291616515566,1769.2347549926371,323.44457422645485,1798.5572025572023,1799.362,7.0,28,0.0,p2uhs0_1247_circuit_2_fire_stress,p2uhs0_1247,circuit_2,fire_stress,data,,,,,,summer,NC
TX_AUS_urban__NC,TX_AUS_urban,NC,425.148,8.62809,420.33657907240826,63.78073531800241,686.269,13.0625,668.5111730755134,155.10625981629804,648.351,11.1543,636.1034989452993,125.4247098085048,1724.951251093221,344.31170494280525,1758.9790700314456,1759.768,7.0,29,900.0,p2uhs0_1247_circuit_2_fire_stress,p2uhs0_1247,circuit_2,fire_stress,data,,,,,,summer,NC
TX_AUS_urban__NC,TX_AUS_urban,NC,421.003,7.2973,417.5930564228255,53.47490286520273,672.343,12.3987,656.6620452458608,144.36089492145362,621.533,10.6876,610.751239486497,115.26575187239096,1685.0063411551832,313.1015496590473,1713.8491620128284,1714.879,7.0,30,1800.0,p2uhs0_1247_circuit_2_fire_stress,p2uhs0_1247,circuit_2,fire_stress,data,,,,,,summer,NC
TX_AUS_urban__NC,TX_AUS_urban,NC,426.806,8.58972,422.0186002144365,63.74686430756918,680.569,13.2942,662.3312177786468,156.4976731994911,649.846,11.336,637.1683807895487,127.73518793983378,1721.5181987826318,347.97972544689407,1756.3356165784182,1757.221,7.0,31,2700.0,p2uhs0_1247_circuit_2_fire_stress,p2uhs0_1247,circuit_2,fire_stress,data,,,,,,summer,NC
TX_AUS_urban__NC,TX_AUS_urban,NC,416.206,8.79696,411.3099595450746,63.651799778396814,663.802,12.4296,648.2432856389468,142.8766524944606,639.366,11.3213,626.9250544860889,125.514373733108,1686.47829967011,332.0428260059654,1718.8547040282997,1719.374,8.0,32,0.0,p2uhs0_1247_circuit_2_fire_stress,p2uhs0_1247,circuit_2,fire_stress,data,,,,,,summer,NC
TX_AUS_urban__NC,TX_AUS_urban,NC,403.498,8.49771,399.0683062420064,59.62485184162856,643.068,11.9763,629.0706721287058,133.441155913527,621.846,11.1721,610.0617825286115,120.4868009950183,1638.2007608993238,313.5528087501739,1667.937977529814,1668.412,8.0,33,900.0,p2uhs0_1247_circuit_2_fire_stress,p2uhs0_1247,circuit_2,fire_stress,data,,,,,,summer,NC
TX_AUS_urban__NC,TX_AUS_urban,NC,393.509,7.22929,390.3808003866154,49.51932724205328,638.945,12.0157,624.9460937772863,133.01538594279728,597.193,10.441,587.3047035125273,108.22506401505288,1602.631597676429,290.7597771999034,1628.793813196821,1629.6470000000002,8.0,34,1800.0,p2uhs0_1247_circuit_2_fire_stress,p2uhs0_1247,circuit_2,fire_stress,data,,,,,,summer,NC
TX_AUS_urban__NC,TX_AUS_urban,NC,376.873,5.85111,374.9095545990456,38.41983861685597,623.035,11.4013,610.7404569964327,123.16129835621425,588.164,10.6008,578.1256759737324,108.20163434955576,1563.7756875692107,269.782771322626,1586.8765373320869,1588.072,8.0,35,2700.0,p2uhs0_1247_circuit_2_fire_stress,p2uhs0_1247,circuit_2,fire_stress,data,,,,,,summer,NC
TX_AUS_urban__NC,TX_AUS_urban,NC,370.226,6.01209,368.18968911707873,38.77684752360515,595.226,11.3312,583.6237429739504,116.95006504092365,558.146,9.90002,549.8347964590524,95.96173153310797,1501.6482285500815,251.6886440976368,1522.5946853563178,1523.598,9.0,36,0.0,p2uhs0_1247_circuit_2_fire_stress,p2uhs0_1247,circuit_2,fire_stress,data,,,,,,summer,NC
TX_AUS_urban__NC,TX_AUS_urban,NC,364.451,6.31417,362.2401623579482,40.08236739374738,582.556,11.5315,570.7970770132978,116.45681606962953,545.578,9.66928,537.827336455669,91.63574763704749,1470.864575826915,248.1749311004244,1491.6545836249056,1492.585,9.0,37,900.0,p2uhs0_1247_circuit_2_fire_stress,p2uhs0_1247,circuit_2,fire_stress,data,,,,,,summer,NC
TX_AUS_urban__NC,TX_AUS_urban,NC,369.354,6.33713,367.0971120405867,40.76870917089358,591.791,11.7999,579.2851220796505,121.01791197242046,529.588,9.32042,522.5964103322907,85.76970124585982,1468.978644452528,247.55632238917389,1489.6920455625852,1490.733,9.0,38,1800.0,p2uhs0_1247_circuit_2_fire_stress,p2uhs0_1247,circuit_2,fire_stress,data,,,,,,summer,NC
TX_AUS_urban__NC,TX_AUS_urban,NC,357.408,6.97994,354.7591631248451,43.43287514037696,589.193,12.4621,575.3110024849849,127.14417670000324,532.735,10.4805,523.8473140770843,96.90496251082604,1453.9174796869142,267.48201435120626,1478.317511815553,1479.336,9.0,39,2700.0,p2uhs0_1247_circuit_2_fire_stress,p2uhs0_1247,circuit_2,fire_stress,data,,,,,,summer,NC
TX_AUS_urban__NC,TX_AUS_urban,NC,363.934,7.88883,360.4898158516351,49.95046569606948,547.622,11.9224,535.8088592298789,113.1314335398246,519.407,10.6916,510.3900976644686,96.3617136369744,1406.6887727459823,259.4436128728685,1430.4140280457702,1430.9630000000002,10.0,40,0.0,p2uhs0_1247_circuit_2_fire_stress,p2uhs0_1247,circuit_2,fire_stress,data,,,,,,summer,NC
TX_AUS_urban__NC,TX_AUS_urban,NC,402.334,10.2043,395.9700075783088,71.27692932803754,548.888,12.0061,536.8813274086618,114.1773919123802,490.261,10.513,482.0312505522079,89.45234268634132,1414.8825855391783,274.90666392675905,1441.34187642397,1441.483,10.0,41,900.0,p2uhs0_1247_circuit_2_fire_stress,p2uhs0_1247,circuit_2,fire_stress,data,,,,,,summer,NC
TX_AUS_urban__NC,TX_AUS_urban,NC,404.823,9.51739,399.2507984558196,66.93624773910251,536.227,11.8641,524.7721161617901,110.24346523978916,529.129,9.93839,521.188841044973,91.32190652410834,1445.2117556625826,268.501619503,1469.9422228036915,1470.179,10.0,42,1800.0,p2uhs0_1247_circuit_2_fire_stress,p2uhs0_1247,circuit_2,fire_stress,data,,,,,,summer,NC
TX_AUS_urban__NC,TX_AUS_urban,NC,386.935,7.78298,383.3705980210837,52.39922516561312,541.66,11.8697,530.0781696612913,111.41225089071293,506.879,9.33714,500.1632359524156,82.23781394594772,1413.6120036347909,246.0492900022737,1434.865551168816,1435.4740000000002,10.0,43,2700.0,p2uhs0_1247_circuit_2_fire_stress,p2uhs0_1247,circuit_2,fire_stress,data,,,,,,summer,NC
TX_AUS_urban__NC,TX_AUS_urban,NC,360.151,6.08204,358.12378382968234,38.15885554508904,553.294,10.4244,544.1616090272552,100.11190586972508,476.468,7.98374,471.8498457613635,66.17762521409708,1374.135238618301,204.4483866289112,1389.261241382534,1389.913,11.0,44,0.0,p2uhs0_1247_circuit_2_fire_stress,p2uhs0_1247,circuit_2,fire_stress,data,,,,,,summer,NC
TX_AUS_urban__NC,TX_AUS_urban,NC,350.993,5.98045,349.0827219403987,36.56964987092853,518.779,10.6585,509.8285159097148,95.95069153631844,498.718,8.52538,493.20731172641325,73.93369450801607,1352.118549576527,206.45403591526303,1367.7893993793894,1368.49,11.0,45,900.0,p2uhs0_1247_circuit_2_fire_stress,p2uhs0_1247,circuit_2,fire_stress,data,,,,,,summer,NC
TX_AUS_urban__NC,TX_AUS_urban,NC,337.945,6.00652,336.08967994387314,35.36311723003073,486.56,10.6218,478.2229344643222,89.68533075332128,460.69,8.2293,455.9463504842061,65.94089459609664,1270.2589648924013,190.98934257944865,1284.536790780414,1285.195,11.0,46,1800.0,p2uhs0_1247_circuit_2_fire_stress,p2uhs0_1247,circuit_2,fire_stress,data,,,,,,summer,NC
TX_AUS_urban__NC,TX_AUS_urban,NC,335.438,4.85039,334.236756809328,28.362691014467146,499.943,9.05911,493.70692458633846,78.7176972764034,462.414,8.68981,457.1058446190522,69.86382619856187,1285.0495260147188,176.9442144894324,1297.1744444568494,1297.795,11.0,47,2700.0,p2uhs0_1247_circuit_2_fire_stress,p2uhs0_1247,circuit_2,fire_stress,data,,,,,,summer,NC
TX_AUS_urban__NC,TX_AUS_urban,NC,339.908,5.92371,338.09295742341783,35.07991739851981,490.849,9.30523,484.389898857239,79.36728977402312,460.593,8.4211,455.62710215065687,67.45261621905321,1278.1099584313138,181.89982339159616,1290.9890052170035,1291.35,12.0,48,0.0,p2uhs0_1247_circuit_2_fire_stress,p2uhs0_1247,circuit_2,fire_stress,data,,,,,,summer,NC
TX_AUS_urban__NC,TX_AUS_urban,NC,341.73,6.21166,339.7236911873316,36.97575619314034,496.86,9.67516,489.7928736815094,83.50329628708704,453.46,7.78916,449.2761509788902,61.45658436321869,1278.7927158477312,181.93563684344608,1291.6699989002016,1292.05,12.0,49,900.0,p2uhs0_1247_circuit_2_fire_stress,p2uhs0_1247,circuit_2,fire_stress,data,,,,,,summer,NC
TX_AUS_urban__NC,TX_AUS_urban,NC,328.734,6.5952,326.55856694490467,37.75639165611831,455.945,10.0073,449.0080798174001,79.23122669561086,433.804,8.65,428.8697008999015,65.24331433970085,1204.4363476622063,182.23093269143,1218.1440918050146,1218.483,12.0,50,1800.0,p2uhs0_1247_circuit_2_fire_stress,p2uhs0_1247,circuit_2,fire_stress,data,,,,,,summer,NC
TX_AUS_urban__NC,TX_AUS_urban,NC,345.236,6.72116,342.86336349956736,40.4055647870874,466.034,8.88654,460.43981327639545,71.99213502875237,453.415,8.27423,448.695229272542,65.25146322544046,1251.9984060485049,177.64916304128025,1264.539138926615,1264.685,12.0,51,2700.0,p2uhs0_1247_circuit_2_fire_stress,p2uhs0_1247,circuit_2,fire_stress,data,,,,,,summer,NC
TX_AUS_urban__NC,TX_AUS_urban,NC,316.006,5.93849,314.31016612200693,32.6942121537803,412.833,8.62989,408.1590026445614,61.9460608045172,420.693,7.54999,417.04584461713375,55.27534474412202,1139.515013383702,149.91561770241952,1149.334223869609,1149.532,13.0,52,0.0,p2uhs0_1247_circuit_2_fire_stress,p2uhs0_1247,circuit_2,fire_stress,data,,,,,,summer,NC
TX_AUS_urban__NC,TX_AUS_urban,NC,351.085,8.53178,347.1997973428775,52.08625490534677,423.322,9.52477,417.4861490781142,70.04877594881025,414.648,8.37185,410.2295049583652,60.37149298812037,1174.915451379357,182.5065238422773,1189.005865895938,1189.0549999999998,13.0,53,900.0,p2uhs0_1247_circuit_2_fire_stress,p2uhs0_1247,circuit_2,fire_stress,data,,,,,,summer,NC
TX_AUS_urban__NC,TX_AUS_urban,NC,356.411,8.3999,352.5876323347464,52.06498291152838,414.234,9.37625,408.6997418092237,67.48575998737705,435.477,8.47812,430.7182102969924,64.20312178979925,1192.0055844409626,183.7538646887047,1206.0857333234962,1206.1219999999998,13.0,54,1800.0,p2uhs0_1247_circuit_2_fire_stress,p2uhs0_1247,circuit_2,fire_stress,data,,,,,,summer,NC
TX_AUS_urban__NC,TX_AUS_urban,NC,326.055,7.10153,323.5537137158439,40.30951954173769,416.281,9.82728,410.1728030081287,71.05028243050751,401.595,7.60589,398.0617427213442,53.1544260306364,1131.7882594453167,164.51422800288162,1143.6824714201243,1143.931,13.0,55,2700.0,p2uhs0_1247_circuit_2_fire_stress,p2uhs0_1247,circuit_2,fire_stress,data,,,,,,summer,NC
TX_AUS_urban__NC,TX_AUS_urban,NC,321.549,7.78408,318.5860904915568,43.55068709338115,420.717,9.78279,414.5993457118028,71.48549939914429,419.976,8.40274,415.46770288704136,61.371234579118095,1148.653139090401,176.40742107164354,1162.120308811175,1162.242,14.0,56,0.0,p2uhs0_1247_circuit_2_fire_stress,p2uhs0_1247,circuit_2,fire_stress,data,,,,,,summer,NC
TX_AUS_urban__NC,TX_AUS_urban,NC,295.208,6.39099,293.37341093963744,32.86038675430732,413.56,9.55555,407.8219043551556,68.65251581795356,417.302,8.14674,413.0907491906257,59.13537128595313,1114.2860644854188,160.648273858214,1125.806955654488,1126.0700000000002,14.0,57,900.0,p2uhs0_1247_circuit_2_fire_stress,p2uhs0_1247,circuit_2,fire_stress,data,,,,,,summer,NC
TX_AUS_urban__NC,TX_AUS_urban,NC,313.917,6.1176,312.1293228098929,33.45397930347958,484.526,8.93722,478.64344525815176,75.2721528017281,429.26,8.1063,424.9709022602821,60.52999117860295,1215.7436703283267,169.25612328381064,1227.4690656845312,1227.703,14.0,58,1800.0,p2uhs0_1247_circuit_2_fire_stress,p2uhs0_1247,circuit_2,fire_stress,data,,,,,,summer,NC
TX_AUS_urban__NC,TX_AUS_urban,NC,313.811,6.14639,312.00708277356426,33.59946458100464,468.252,8.15192,463.52058048443456,66.39734159868792,429.062,7.55154,425.3407651736987,56.38646402686105,1200.8684284316976,156.38327020655362,1211.0081377119277,1211.125,14.0,59,2700.0,p2uhs0_1247_circuit_2_fire_stress,p2uhs0_1247,circuit_2,fire_stress,data,,,,,,summer,NC
TX_AUS_urban__NC,TX_AUS_urban,NC,278.122,4.31342,277.33423178806333,20.91819214283944,408.409,8.23927,404.1935010871343,58.5279844170697,383.953,6.74189,381.2979972489458,45.074865534385005,1062.8257301241435,124.52104209429416,1070.0953333877164,1070.484,15.0,60,0.0,p2uhs0_1247_circuit_2_fire_stress,p2uhs0_1247,circuit_2,fire_stress,data,,,,,,summer,NC
TX_AUS_urban__NC,TX_AUS_urban,NC,279.374,4.18317,278.629732887114,20.379004569789583,417.071,8.22726,412.7786134372896,59.68278922594563,375.298,5.71193,373.4345959857861,37.35225997088617,1064.8429423101898,117.41405376662138,1071.2966684395751,1071.743,15.0,61,900.0,p2uhs0_1247_circuit_2_fire_stress,p2uhs0_1247,circuit_2,fire_stress,data,,,,,,summer,NC
TX_AUS_urban__NC,TX_AUS_urban,NC,270.954,5.29101,269.79951359991526,24.98584753914021,360.445,9.0577,355.95035958837207,56.74451104652002,361.24,7.47013,358.17407442225004,46.96456123253439,983.9239476105374,128.69491981819462,992.304750098736,992.639,15.0,62,1800.0,p2uhs0_1247_circuit_2_fire_stress,p2uhs0_1247,circuit_2,fire_stress,data,,,,,,summer,NC
TX_AUS_urban__NC,TX_AUS_urban,NC,299.048,6.70762,297.00105359277285,34.929650281427975,408.364,10.265,401.8277578370513,72.77093875750141,434.793,10.3718,427.6885693842091,78.27796923201686,1126.5173808140332,185.97855827094625,1141.7659275931514,1142.205,15.0,63,2700.0,p2uhs0_1247_circuit_2_fire_stress,p2uhs0_1247,circuit_2,fire_stress,data,,,,,,summer,NC
TX_AUS_urban__NC,TX_AUS_urban,NC,279.475,5.00109,278.4110498128844,24.363147725357702,360.323,8.75865,356.1211052216996,54.86731945953954,381.13,8.71159,376.73300571114186,57.72624453269716,1011.2651607457258,136.9567117175944,1020.4971172044412,1020.928,16.0,64,0.0,p2uhs0_1247_circuit_2_fire_stress,p2uhs0_1247,circuit_2,fire_stress,data,,,,,,summer,NC
TX_AUS_urban__NC,TX_AUS_urban,NC,275.276,3.30076,274.819331696828,15.849640428377628,380.07,8.01607,376.3563342430743,53.00108088629279,400.715,9.06712,395.7078278179576,63.149237751485664,1046.88349375786,131.9999590661561,1055.1725160826215,1056.061,16.0,65,900.0,p2uhs0_1247_circuit_2_fire_stress,p2uhs0_1247,circuit_2,fire_stress,data,,,,,,summer,NC
TX_AUS_urban__NC,TX_AUS_urban,NC,288.848,4.41573,287.9905986711234,22.239203696354824,382.209,8.70023,377.811027902969,57.81476347700429,422.434,9.84195,416.217044241348,72.20703870811913,1082.0186708154404,152.26100588147824,1092.6791925836476,1093.491,16.0,66,1800.0,p2uhs0_1247_circuit_2_fire_stress,p2uhs0_1247,circuit_2,fire_stress,data,,,,,,summer,NC
TX_AUS_urban__NC,TX_AUS_urban,NC,311.754,6.65228,309.65510894552307,36.11467873228628,420.324,9.66605,414.35671591420254,70.57461974957346,428.755,9.66658,422.6673561799551,71.99413896177278,1146.6791810396808,178.6834374436325,1160.5175203530991,1160.833,16.0,67,2700.0,p2uhs0_1247_circuit_2_fire_stress,p2uhs0_1247,circuit_2,fire_stress,data,,,,,,summer,NC
TX_AUS_urban__NC,TX_AUS_urban,NC,313.653,7.89906,310.67697189629274,43.10479720808491,393.242,9.26174,388.1154650485181,63.29025481203698,402.966,9.18336,397.801046392359,64.31115490445052,1096.5934833371698,170.70620692457243,1109.800827527229,1109.861,17.0,68,0.0,p2uhs0_1247_circuit_2_fire_stress,p2uhs0_1247,circuit_2,fire_stress,data,,,,,,summer,NC
TX_AUS_urban__NC,TX_AUS_urban,NC,314.276,6.05528,312.52252268808786,33.15233006401797,453.339,11.3058,444.541874229552,88.87503011238384,421.206,9.10325,415.9008404805783,66.64071821002996,1172.965237398218,188.66807838643177,1188.0417046327484,1188.821,17.0,69,900.0,p2uhs0_1247_circuit_2_fire_stress,p2uhs0_1247,circuit_2,fire_stress,data,,,,,,summer,NC
TX_AUS_urban__NC,TX_AUS_urban,NC,345.02,5.10667,343.6505156224397,30.710316058799,504.043,10.6223,495.4055574989338,92.91221366521478,469.175,9.25207,463.0712953114332,75.43312325226475,1302.1273684328066,199.0556529762785,1317.2542794022568,1318.238,17.0,70,1800.0,p2uhs0_1247_circuit_2_fire_stress,p2uhs0_1247,circuit_2,fire_stress,data,,,,,,summer,NC
TX_AUS_urban__NC,TX_AUS_urban,NC,356.371,6.05844,354.38058319377615,37.61239019577291,519.936,10.9064,510.54469988611226,98.37455725033594,481.979,8.87739,476.2052966797192,74.37924344318543,1341.1305797596076,210.36619088929427,1357.5290664422666,1358.286,17.0,71,2700.0,p2uhs0_1247_circuit_2_fire_stress,p2uhs0_1247,circuit_2,fire_stress,data,,,,,,summer,NC
TX_AUS_urban__NC,TX_AUS_urban,NC,364.904,5.08885,363.465674599303,32.367153166035294,505.105,8.80348,499.1544022689438,77.3042283483476,484.982,7.70665,480.6014689594997,65.03666933331625,1343.2215458277465,174.70805084769916,1354.5357227503755,1354.991,18.0,72,0.0,p2uhs0_1247_circuit_2_fire_stress,p2uhs0_1247,circuit_2,fire_stress,data,,,,,,summer,NC
TX_AUS_urban__NC,TX_AUS_urban,NC,387.956,5.73416,386.0147373231915,38.76184341988235,513.993,8.58368,508.2357306092068,76.71535818286914,538.936,8.77551,532.6270438458216,82.22192080012024,1426.87751177822,197.69912240287167,1440.5083743655466,1440.8850000000002,18.0,73,900.0,p2uhs0_1247_circuit_2_fire_stress,p2uhs0_1247,circuit_2,fire_stress,data,,,,,,summer,NC
TX_AUS_urban__NC,TX_AUS_urban,NC,420.892,5.28238,419.1044958986813,38.749157171637,528.496,6.50573,525.0927656265195,59.87995910730909,550.367,8.06316,544.9260991562002,77.19702809957823,1489.123360681401,175.8261443785243,1499.4676443238404,1499.755,18.0,74,1800.0,p2uhs0_1247_circuit_2_fire_stress,p2uhs0_1247,circuit_2,fire_stress,data,,,,,,summer,NC
TX_AUS_urban__NC,TX_AUS_urban,NC,386.164,4.32761,385.0630026420348,29.13964468383748,544.438,7.21535,540.1266433501772,68.38088173803044,540.399,7.48152,535.7985343038888,70.36341264325166,1460.9881802961008,167.8839390651196,1470.6024207653586,1471.001,18.0,75,2700.0,p2uhs0_1247_circuit_2_fire_stress,p2uhs0_1247,circuit_2,fire_stress,data,,,,,,summer,NC
TX_AUS_urban__NC,TX_AUS_urban,NC,397.932,4.19471,396.8660336477747,29.10718056912046,550.047,6.46798,546.545931392634,61.961658202135446,553.329,7.25191,548.9027786732307,69.8478475388201,1492.3147437136397,160.91668631007602,1500.965514006941,1501.308,19.0,76,0.0,p2uhs0_1247_circuit_2_fire_stress,p2uhs0_1247,circuit_2,fire_stress,data,,,,,,summer,NC
TX_AUS_urban__NC,TX_AUS_urban,NC,384.954,4.27236,383.8842851688006,28.678174914715232,540.423,6.43908,537.0138268199426,60.60667234884878,559.93,8.25648,554.1264105793854,80.40849456622315,1475.0245225681283,169.6933418297872,1484.7535729671426,1485.3069999999998,19.0,77,900.0,p2uhs0_1247_circuit_2_fire_stress,p2uhs0_1247,circuit_2,fire_stress,data,,,,,,summer,NC
TX_AUS_urban__NC,TX_AUS_urban,NC,404.993,4.20624,403.90214934749787,29.70494574092908,550.134,6.42201,546.6819231149649,61.53286028882157,585.515,7.33702,580.7208830756816,74.7734657803189,1531.3049555381444,166.01127181006956,1540.2774455349515,1540.6419999999998,19.0,78,1800.0,p2uhs0_1247_circuit_2_fire_stress,p2uhs0_1247,circuit_2,fire_stress,data,,,,,,summer,NC
TX_AUS_urban__NC,TX_AUS_urban,NC,422.975,5.04673,421.3352457165765,37.20835043309693,543.876,6.74711,540.1093238245494,63.89852653847361,598.865,7.31755,593.9875293343671,76.27649192414641,1555.432098875493,177.38336889571696,1565.513932794281,1565.716,19.0,79,2700.0,p2uhs0_1247_circuit_2_fire_stress,p2uhs0_1247,circuit_2,fire_stress,data,,,,,,summer,NC
TX_AUS_urban__NC,TX_AUS_urban,NC,415.271,5.09146,413.6324669349046,36.853571581938624,543.386,6.7696,539.5976166624333,64.05276799812518,596.27,7.18911,591.5824263913079,74.62000861010976,1544.8125099886456,175.52634819017356,1554.7524529411096,1554.927,20.0,80,0.0,p2uhs0_1247_circuit_2_fire_stress,p2uhs0_1247,circuit_2,fire_stress,data,,,,,,summer,NC
TX_AUS_urban__NC,TX_AUS_urban,NC,408.024,4.59931,406.7100991503969,32.718187985802395,530.26,6.52335,526.8269053191513,60.24184120564427,621.172,7.70726,615.5604652373578,83.30646566004147,1549.097469706906,176.26649485148812,1559.0935981715686,1559.456,20.0,81,900.0,p2uhs0_1247_circuit_2_fire_stress,p2uhs0_1247,circuit_2,fire_stress,data,,,,,,summer,NC
TX_AUS_urban__NC,TX_AUS_urban,NC,480.711,7.06455,477.0615490706449,59.1214336710188,515.987,5.31068,513.7721066600162,47.75779085268622,732.209,12.9466,713.5957326681845,164.04618251808492,1704.4293883988455,270.9254070417899,1725.8273714999489,1728.907,20.0,82,1800.0,p2uhs0_1247_circuit_2_fire_stress,p2uhs0_1247,circuit_2,fire_stress,data,,,,,,summer,NC
TX_AUS_urban__NC,TX_AUS_urban,NC,448.624,5.48739,446.5680766947948,42.90042252836087,516.223,4.834,514.3868094338497,43.5016782373316,707.326,12.6601,690.129069633702,155.02237748957708,1651.0839557623467,241.42447825526955,1668.6413658053273,1672.173,20.0,83,2700.0,p2uhs0_1247_circuit_2_fire_stress,p2uhs0_1247,circuit_2,fire_stress,data,,,,,,summer,NC
TX_AUS_urban__NC,TX_AUS_urban,NC,436.644,3.22083,435.9542789610189,24.53261893027529,532.47,5.01941,530.4280389525487,46.587513272908815,575.042,7.53023,570.0827550203832,75.35883619304256,1536.465072933951,146.47896839622666,1543.431569110971,1544.156,21.0,84,0.0,p2uhs0_1247_circuit_2_fire_stress,p2uhs0_1247,circuit_2,fire_stress,data,,,,,,summer,NC
TX_AUS_urban__NC,TX_AUS_urban,NC,444.358,3.60805,443.4772364850687,27.963778063174907,558.915,6.37112,555.4631291963533,62.02168434019911,581.319,8.11304,575.5009061285667,82.03954416132841,1574.4412718099888,172.02500656470244,1583.8112012680808,1584.592,21.0,85,900.0,p2uhs0_1247_circuit_2_fire_stress,p2uhs0_1247,circuit_2,fire_stress,data,,,,,,summer,NC
TX_AUS_urban__NC,TX_AUS_urban,NC,453.008,5.24399,451.1119441184989,41.40364642912878,560.432,7.27807,555.9166016188681,70.99830046225547,562.501,8.23949,556.6946912084254,80.61262792736522,1563.7232369457925,193.01457481874948,1575.5903616919882,1575.941,21.0,86,1800.0,p2uhs0_1247_circuit_2_fire_stress,p2uhs0_1247,circuit_2,fire_stress,data,,,,,,summer,NC
TX_AUS_urban__NC,TX_AUS_urban,NC,432.905,4.54405,431.5442576708653,34.297123732199616,554.292,6.79835,550.394727210207,65.6145221974675,575.408,8.59882,568.9401036476966,86.03211566239882,1550.8790885287688,185.94376159206595,1561.986245045337,1562.605,21.0,87,2700.0,p2uhs0_1247_circuit_2_fire_stress,p2uhs0_1247,circuit_2,fire_stress,data,,,,,,summer,NC
TX_AUS_urban__NC,TX_AUS_urban,NC,443.001,4.67137,441.5294419638661,36.078218914976034,578.56,7.82903,573.1672135554047,78.81001779680668,577.354,8.66395,570.7657344751631,86.9719360772644,1585.462389994434,201.8601727890471,1598.2610923892526,1598.915,22.0,88,0.0,p2uhs0_1247_circuit_2_fire_stress,p2uhs0_1247,circuit_2,fire_stress,data,,,,,,summer,NC
TX_AUS_urban__NC,TX_AUS_urban,NC,430.537,4.81388,429.0183060953723,36.130339107977626,551.294,7.21056,546.9341380959966,69.19626450314635,551.055,8.26412,545.3328417806968,79.20672130816612,1521.2852859720656,184.5333249192901,1532.4364487054197,1532.886,22.0,89,900.0,p2uhs0_1247_circuit_2_fire_stress,p2uhs0_1247,circuit_2,fire_stress,data,,,,,,summer,NC
TX_AUS_urban__NC,TX_AUS_urban,NC,404.816,5.93539,402.6458361949038,41.86077460949188,540.808,9.63668,533.1766971867416,90.53122356975832,526.139,9.92081,518.2715467297924,90.64684865624774,1454.0940801114375,223.038846835498,1471.1002416602469,1471.763,22.0,90,1800.0,p2uhs0_1247_circuit_2_fire_stress,p2uhs0_1247,circuit_2,fire_stress,data,,,,,,summer,NC
TX_AUS_urban__NC,TX_AUS_urban,NC,395.625,5.74622,393.6370341593636,39.61093236999111,537.386,9.44345,530.1033559001631,88.1711123860015,546.803,10.5847,537.4988383511112,100.44162274777366,1461.239228410638,228.22366750376628,1478.954402628758,1479.814,22.0,91,2700.0,p2uhs0_1247_circuit_2_fire_stress,p2uhs0_1247,circuit_2,fire_stress,data,,,,,,summer,NC
TX_AUS_urban__NC,TX_AUS_urban,NC,386.774,6.02086,384.6404668898858,40.56893277781271,533.914,9.43038,526.6983778331537,87.48130191031913,534.451,9.47315,527.16260512969,87.96282825079399,1438.5014498527294,216.01306293892583,1454.62987202541,1455.139,23.0,92,0.0,p2uhs0_1247_circuit_2_fire_stress,p2uhs0_1247,circuit_2,fire_stress,data,,,,,,summer,NC
TX_AUS_urban__NC,TX_AUS_urban,NC,413.9,6.98287,410.8299146121781,50.31889565312834,560.844,9.75545,552.7341654741208,95.0312298859026,561.831,9.47701,554.1629887549091,92.50651033968646,1517.727068841208,237.8566358787174,1536.2523343269054,1536.575,23.0,93,900.0,p2uhs0_1247_circuit_2_fire_stress,p2uhs0_1247,circuit_2,fire_stress,data,,,,,,summer,NC
TX_AUS_urban__NC,TX_AUS_urban,NC,390.486,8.25402,386.4410791619047,56.05897369897653,552.834,10.5335,543.5177459568806,101.06379859253134,520.509,11.0322,510.889886735785,99.6049331714886,1440.8487118545704,256.7277054629965,1463.5416376739236,1463.829,23.0,94,1800.0,p2uhs0_1247_circuit_2_fire_stress,p2uhs0_1247,circuit_2,fire_stress,data,,,,,,summer,NC
TX_AUS_urban__NC,TX_AUS_urban,NC,402.753,9.04925,397.7401382589243,63.34636080132599,554.502,11.6061,543.164561319328,111.55593812425192,555.231,11.6548,543.7835151566304,112.16484299859152,1484.6882147348826,287.0671419241694,1512.1860464060512,1512.486,23.0,95,2700.0,p2uhs0_1247_circuit_2_fire_stress,p2uhs0_1247,circuit_2,fire_stress,data,,,,,,summer,NC
TX_AUS_urban__NC,TX_AUS_urban,NC,376.08,8.25813,372.1804324719719,54.017516464346656,535.217,11.6727,524.1483498389679,108.285476635082,507.303,11.1693,497.69421873141135,98.26901063066676,1394.023001042351,260.5720037300954,1418.1670904949951,1418.6,24.0,96,0.0,p2uhs0_1247_circuit_2_fire_stress,p2uhs0_1247,circuit_2,fire_stress,data,,,,,,summer,NC
TX_AUS_urban__NC,TX_AUS_urban,NC,,,,,,,,,,,,,,,,,,0,,p2uhs0_1247_circuit_2_fire_stress,p2uhs0_1247,circuit_2,fire_stress,summary,588.0,136.0,0.0,0.0,75.0,summer,NC
