Source_File,State,Matched_Buildings,Tolerance
res_100.parquet,MI,"[1390, 13670, 15193, 44109, 57835, 65311, 73600, 74825, 82653, 85618, 93049, 104568, 108007, 121987, 136293, 136430, 140738, 143077, 150189, 150759, 154942, 168264, 169804, 175004, 176840, 178848, 201781, 205825, 211460, 227999, 255504, 259226, 263372, 273239, 276751, 294609, 301184, 306096, 306813, 315672, 333072, 339739, 350765, 352167, 360032, 365351, 369631, 378338, 378589, 379043, 391878, 408984, 416831, 419373, 427485, 431431, 434078, 435710, 436774, 438940, 443920, 455736, 455974, 458826, 501529, 505818, 507794, 508981, 511301, 514933, 519511, 530429, 531535, 542100, 543355]",15
res_1003.parquet,MI,"[2375, 10005, 46762, 72626, 77267, 86215, 97656, 113646, 140734, 146147, 153588, 159091, 162892, 163628, 169995, 181066, 230388, 259210, 275743, 278844, 283704, 289847, 289938, 303835, 309562, 326637, 336337, 346162, 426357, 446645, 451507, 462308, 473915, 476396, 506925, 507857, 530149, 546138]",10
res_1006.parquet,MI,"[5319, 72106, 88164, 100275, 118243, 137015, 139712, 154581, 180151, 354862, 384882]",50
res_1009.parquet,MI,[277511],35
res_101.parquet,MI,"[2305, 22364, 26631, 34166, 34692, 46148, 50840, 60783, 61271, 65379, 69250, 87608, 93494, 95747, 97647, 100562, 102878, 110982, 127167, 128265, 152166, 158438, 161518, 173597, 174198, 181347, 190074, 191809, 197974, 206690, 207524, 209727, 210283, 223527, 227233, 228292, 236712, 247692, 247994, 248045, 256012, 261528, 265142, 271802, 295037, 298388, 306536, 307631, 320264, 322874, 327451, 347458, 358172, 363546, 365744, 365844, 367507, 372296, 391060, 401617, 403840, 411359, 413028, 413766, 415290, 424454, 425636, 425860, 429247, 432381, 433587, 438591, 441684, 448384, 451739, 455005, 456302, 459997, 471379, 473221, 481224, 481825, 498810, 501536, 513345, 518497, 522078, 526981, 527750, 532471, 533308, 540693, 543347]",5
res_1012.parquet,MI,[277511],65
res_1013.parquet,MI,[274968],10
res_1014.parquet,MI,[277511],80
res_1015.parquet,MI,"[16235, 42984, 71880, 75186, 77953, 91348, 105539, 120739, 135578, 172916, 187222, 200241, 208131, 240642, 259822, 291300, 293001, 304916, 331973, 381973, 397265, 416094, 456904, 467554, 491979, 519366, 525611]",10
res_1019.parquet,MI,"[232, 695, 1197, 2671, 4786, 5306, 5933, 6840, 7901, 9001, 9964, 11596, 12641, 14071, 15946, 16612, 20958, 21429, 27043, 28115, 28290, 29260, 33990, 34849, 35549, 38595, 43361, 44030, 46439, 47883, 48370, 49048, 52604, 53642, 54275, 58527, 59001, 59810, 60282, 62970, 69349, 70525, 70734, 74523, 74879, 78411, 80957, 83529, 88877, 92436, 93633, 94664, 102294, 108101, 108753, 109919, 110028, 112070, 113436, 114431, 114784, 119409, 121458, 124887, 129104, 129365, 130296, 132478, 132533, 134014, 136008, 140480, 141851, 141925, 143462, 145409, 146058, 147088, 153612, 153882, 158060, 163080, 165388, 166430, 167996, 174524, 178145, 178970, 181096, 181840, 183739, 186703, 187457, 194691, 194926, 199124, 202573, 204688, 214127, 215444, 216114, 216176, 216605, 222611, 224813, 227557, 230820, 233401, 233684, 244419, 251015, 251078, 262151, 263197, 264697, 268500, 269063, 272248, 273850, 280534, 282475, 283113, 291896, 293740, 295418, 295987, 298832, 299834, 300087, 303707, 304779, 305094, 308178, 309808, 311309, 314151, 325152, 327970, 330773, 335089, 335156, 335546, 335873, 341556, 342752, 343191, 344801, 348388, 350110, 354636, 355446, 355994, 356723, 359727, 360872, 363339, 363691, 364154, 374947, 376265, 376689, 379996, 380938, 381638, 382560, 386890, 388661, 394670, 395241, 398667, 399613, 404886, 406208, 407684, 408918, 409910, 413146, 417936, 418933, 419613, 422953, 423666, 424185, 431280, 434476, 437184, 441583, 445496, 446994, 449250, 450529, 450853, 451852, 452959, 458438, 460880, 461117, 464525, 465693, 465947, 466258, 466691, 472182, 473383, 479701, 482717, 485727, 487043, 496926, 498123, 509755, 510772, 513105, 515043, 517368, 517454, 518052, 518203, 524703, 526066, 531486, 535767, 536408, 536637, 538250, 542809, 543342, 549841]",25
res_1020.parquet,MI,"[232, 1052, 3386, 3764, 5231, 7845, 7901, 8458, 16555, 16953, 17056, 18347, 18840, 25294, 30779, 33935, 36566, 42221, 43361, 48370, 54275, 54517, 61112, 64159, 66893, 69349, 73137, 74675, 78411, 79414, 84014, 88472, 92980, 93633, 96526, 102294, 103694, 104513, 109919, 110094, 112070, 113662, 118907, 119319, 121288, 132533, 140279, 141662, 142197, 143761, 144387, 145104, 148941, 151852, 153882, 158060, 159011, 163888, 176585, 178400, 189061, 189120, 194925, 196692, 207537, 210423, 219919, 222611, 224482, 233061, 233684, 233785, 235223, 237854, 238726, 239631, 259822, 259927, 260897, 265187, 268500, 273850, 276581, 280194, 281816, 282314, 289729, 289884, 291896, 292113, 294291, 295014, 297971, 298832, 299338, 299476, 300398, 301203, 305094, 311309, 313613, 314343, 320414, 323420, 325144, 330711, 337014, 339907, 346092, 350110, 355031, 363691, 364154, 367700, 367776, 372251, 379659, 379996, 386749, 389176, 391290, 397137, 397445, 419311, 422953, 423231, 423452, 425423, 432165, 433423, 438095, 438628, 443854, 445852, 445889, 450853, 451310, 451750, 454368, 469357, 472432, 473145, 474312, 474740, 483601, 485537, 485564, 487959, 488736, 489048, 500422, 505657, 509036, 510025, 513581, 515043, 517454, 520757, 529949, 530649, 538250, 539831, 542809, 545186, 548362, 548747]",15
res_1023.parquet,MI,"[78412, 179402, 188732, 413721, 426106, 473989, 483794, 491611, 498108, 508784]",5
res_1032.parquet,MI,[108207],15
res_1034.parquet,MI,"[3894, 4786, 5933, 6747, 9964, 12641, 14175, 15309, 15946, 17548, 19705, 23845, 25756, 38409, 39049, 46439, 49431, 58586, 59631, 59810, 70525, 74330, 74879, 77410, 78127, 83529, 84089, 88877, 90727, 94664, 96025, 97184, 101196, 104868, 106125, 108101, 108753, 109236, 110028, 112169, 114431, 129365, 134014, 136008, 139933, 141925, 142046, 146058, 147088, 148652, 152369, 153106, 159712, 160350, 164363, 167404, 167996, 177767, 183038, 183739, 193328, 202489, 202573, 204688, 207213, 214005, 218225, 218723, 219580, 224813, 226004, 226425, 233401, 236684, 271131, 272142, 275199, 276133, 276247, 279270, 282475, 283113, 283568, 283940, 285753, 299675, 299834, 300889, 314919, 320602, 327970, 335089, 335156, 335546, 343511, 344801, 348388, 354250, 354636, 355994, 360066, 363339, 365362, 372425, 380643, 383928, 388661, 394532, 395173, 395249, 398667, 399613, 399673, 400586, 402675, 403643, 404392, 404886, 413146, 416058, 418933, 419613, 423797, 424185, 427180, 427291, 429539, 430965, 433709, 438274, 445496, 445718, 447070, 449250, 450529, 451636, 458438, 459832, 460212, 460880, 464661, 465947, 466258, 466691, 470442, 476781, 480114, 482717, 498012, 498123, 501708, 503727, 518203, 524703, 529847, 531617, 534430, 536435, 538248]",20
res_1036.parquet,MI,"[48924, 73789, 126936, 173237, 173521, 195229, 195480, 252372, 280955, 301511, 313482, 385967, 394042, 436344, 454698, 466844, 515467, 526149, 530276, 542905]",25
res_1037.parquet,MI,"[1390, 57835, 82653, 93049, 108007, 136293, 150189, 168264, 169804, 178848, 205825, 259226, 276751, 301184, 306813, 369631, 378338, 427485, 435710, 455736, 455974, 508981, 514933, 519511]",10
res_104.parquet,MI,"[90485, 91068, 194377, 194725, 231761, 305196, 340913, 432489, 462151, 483378, 548574]",10
res_1040.parquet,MI,"[12064, 215098, 299137, 341763, 356343, 404137]",20
res_1041.parquet,MI,[144380],10
res_1042.parquet,MI,"[109870, 116413, 131485, 303038, 334968, 346222, 384015, 443929, 461063, 475543, 478342, 494108, 515651]",10
res_1043.parquet,MI,"[34117, 35437, 48724, 58228, 66663, 74431, 88332, 97632, 103165, 110815, 138622, 154528, 170826, 178427, 185211, 185574, 202828, 236785, 237783, 265228, 268561, 273531, 285576, 317538, 321349, 336114, 340373, 357327, 369220, 380556, 387641, 402744, 409590, 421637, 433000, 438903, 443294, 449288, 455253, 457999, 467753, 492596, 501213, 515683, 522326, 523472, 546250]",15
res_105.parquet,MI,[129325],20
res_1052.parquet,MI,"[336890, 451774]",15
res_1054.parquet,MI,"[1522, 6655, 18987, 22411, 29447, 30743, 31921, 45426, 49415, 59416, 66129, 69289, 69395, 94516, 101437, 107139, 107823, 111997, 112136, 112170, 119111, 128625, 139258, 147233, 149032, 149907, 153115, 159966, 163502, 165889, 166792, 167248, 168950, 185735, 192894, 193304, 196684, 198579, 200579, 205005, 207370, 216469, 218101, 235801, 245888, 249348, 253843, 255244, 259401, 268224, 275846, 283048, 291975, 292614, 295148, 297600, 298710, 298976, 313313, 317913, 322129, 329560, 330187, 331638, 337413, 345535, 360136, 362997, 367722, 373299, 379310, 384283, 386900, 386921, 388460, 395416, 400912, 412777, 413841, 417412, 421174, 423245, 431180, 433078, 442858, 451590, 452428, 462068, 466837, 471691, 489019, 493220, 495003, 502947, 509393, 515289, 517086, 526065, 533111, 536568, 540134, 540990, 544291, 546965, 549641]",10
res_106.parquet,MI,"[40706, 106520, 116626, 303733, 353696, 359438, 379150, 441477, 499831, 510991]",20
res_1066.parquet,MI,"[18936, 22618, 36297, 48165, 48407, 48732, 51119, 75884, 106337, 116475, 125134, 128362, 137668, 143570, 155446, 163080, 173223, 181840, 194218, 195816, 198195, 199124, 214127, 219941, 221320, 230065, 235285, 236819, 263197, 281403, 293740, 300087, 311873, 333143, 338060, 341111, 352274, 358541, 376265, 394670, 413006, 435145, 436927, 437562, 444943, 485867, 491827, 499002, 502281, 509755, 526150, 536408, 544611]",10
res_1067.parquet,MI,"[245364, 462196]",10
res_1069.parquet,MI,"[11769, 275600, 317050, 337756, 389263, 494010]",25
res_1070.parquet,MI,"[965, 8060, 11214, 23184, 30633, 36535, 38239, 38453, 41326, 42117, 46212, 59750, 68291, 88483, 95337, 95848, 96865, 96994, 97602, 100048, 100482, 100483, 103976, 105449, 111173, 112634, 113003, 117208, 124364, 126870, 130186, 136262, 139383, 141950, 142529, 142956, 148134, 164708, 165027, 172571, 178339, 179740, 184547, 186524, 190966, 192153, 195838, 198254, 199505, 201653, 204917, 208056, 212277, 213517, 214718, 221900, 223921, 224180, 227796, 235144, 235545, 235761, 236701, 238099, 239420, 246004, 256521, 261163, 261922, 264671, 267896, 269026, 269049, 276957, 280042, 280799, 289560, 289635, 298413, 299101, 304942, 308500, 313110, 313466, 315016, 319915, 330334, 335418, 336771, 336927, 345679, 364773, 378408, 385663, 388998, 390930, 392276, 393824, 395807, 397121, 403631, 403998, 406283, 409437, 418984, 419815, 420622, 422083, 422718, 427404, 430332, 435914, 438783, 440165, 446888, 447435, 450252, 451873, 452393, 455994, 458058, 459668, 464411, 469545, 469958, 472110, 472147, 477058, 485249, 486240, 488685, 488920, 492921, 505208, 507114, 507905, 509345, 510655, 513694, 518423, 519350, 520462, 523413, 523936, 531567, 534122, 540857, 541209, 545120, 545945, 549563]",15
res_1074.parquet,MI,[129325],10
res_1075.parquet,MI,"[1566, 43095, 57877, 140105, 223601, 260192, 260314, 265059, 336228, 377503, 482834, 485283, 511999]",10
res_1077.parquet,MI,"[129325, 277511]",20
res_1078.parquet,MI,[277511],10
res_1079.parquet,MI,"[28, 16731, 22709, 30525, 30822, 31578, 36068, 41114, 42487, 52045, 53056, 56388, 57364, 57960, 62487, 68075, 69593, 76116, 83708, 88872, 90485, 91068, 94117, 94948, 97427, 97447, 97476, 99723, 102785, 108607, 113045, 114083, 115738, 126899, 129445, 133625, 137743, 141684, 145888, 147835, 150826, 165599, 166577, 172666, 179859, 184853, 192803, 194725, 196436, 196625, 201188, 204149, 205412, 207908, 213861, 223173, 224123, 227076, 231761, 243272, 246974, 258998, 261722, 266996, 271413, 271445, 271931, 279369, 281426, 281566, 285087, 285228, 285956, 286308, 286363, 297392, 305196, 306408, 325705, 326195, 330570, 332038, 339266, 340669, 340913, 341440, 344977, 346149, 348232, 352558, 352992, 353259, 359597, 364684, 364854, 366103, 366735, 375616, 379264, 388282, 389386, 390822, 392655, 402860, 415429, 416113, 417984, 419088, 421470, 422070, 422515, 424856, 429199, 430592, 432489, 432773, 437157, 439096, 439391, 442917, 445082, 450317, 450642, 452029, 452522, 452862, 457741, 462151, 465222, 467961, 468807, 471750, 480038, 480503, 482534, 483378, 485759, 486701, 489220, 507778, 511940, 516869, 517432, 518459, 521561, 531292, 533319, 534379, 539499, 540993, 544225, 548196, 548574]",20
res_1080.parquet,MI,"[4743, 8321, 78412, 85988, 139093, 139709, 144227, 150206, 176833, 179402, 188732, 194190, 209116, 230544, 247718, 255752, 258502, 302121, 340433, 366374, 380578, 381794, 389310, 413721, 426106, 435567, 445302, 473989, 483794, 483886, 491611, 498108, 508784, 517949, 530502, 549421]",10
res_1081.parquet,MI,"[27043, 38595, 58527, 140480, 145409, 147088, 163080, 181096, 181840, 199124, 293740, 300087, 376265, 394670, 409910, 509755, 517368, 549841]",15
res_1083.parquet,MI,"[12388, 17765, 121098, 167153, 201745, 236823, 498993]",5
res_1084.parquet,MI,"[1746, 20007, 31214, 51800, 64378, 67390, 71538, 72055, 78412, 81408, 122831, 133381, 143185, 145496, 153201, 156628, 179402, 188732, 189516, 194190, 195183, 209826, 218749, 253736, 255746, 258502, 265444, 271589, 292923, 293268, 305049, 305188, 311860, 312927, 327079, 330707, 332520, 346477, 353914, 359230, 377504, 397813, 402602, 407781, 409169, 413721, 426106, 435310, 446275, 462196, 464850, 471954, 473989, 483794, 491611, 493820, 498108, 508784, 520560, 521688, 523409]",15
res_1088.parquet,MI,[277511],35
res_1089.parquet,MI,"[17270, 52934, 147776, 231959, 264349, 267186, 337050, 420875, 434221, 443272, 449575, 500824, 528321]",20
res_1091.parquet,MI,"[522, 1710, 2305, 2934, 4494, 4772, 5460, 7927, 9921, 10202, 11576, 14412, 16386, 18193, 18504, 19299, 20949, 21593, 22364, 23907, 24725, 29950, 30415, 32654, 34166, 35437, 37299, 38319, 40681, 41197, 41571, 42378, 42629, 43666, 44579, 46248, 48724, 50563, 52244, 53762, 54415, 56122, 58182, 58228, 61271, 62437, 64029, 64141, 65716, 67623, 69564, 69825, 70951, 71847, 72571, 74431, 77743, 80160, 81062, 82041, 82218, 82988, 85713, 87608, 88332, 89314, 89404, 91014, 93384, 93494, 93522, 93760, 95747, 97245, 97632, 99724, 101651, 101889, 102878, 105166, 105250, 108923, 109556, 112961, 113637, 115847, 116219, 117839, 118463, 119488, 120773, 122731, 123460, 124253, 125354, 125797, 127167, 127646, 129857, 137803, 141838, 143428, 148584, 148795, 150338, 151630, 155874, 156208, 157442, 158438, 159169, 162258, 163480, 163905, 165503, 169046, 170826, 171465, 177184, 177342, 178427, 180222, 185211, 185574, 186267, 186976, 187548, 188086, 188781, 189172, 190747, 194642, 195186, 196051, 196643, 198396, 199649, 201891, 204922, 205717, 207738, 207844, 209876, 210721, 211618, 213723, 221439, 224800, 225705, 225974, 230157, 231798, 231813, 232243, 232459, 232505, 233474, 236785, 237783, 238096, 238349, 242257, 243183, 243278, 247692, 248211, 248403, 248797, 250098, 256251, 257407, 260634, 265228, 267941, 268932, 269862, 270182, 271354, 271458, 273203, 273531, 273883, 275222, 276474, 278280, 278750, 279231, 281627, 282201, 283939, 285067, 285521, 285576, 291570, 293949, 297594, 298388, 303896, 304294, 304341, 305466, 306536, 310789, 311393, 312450, 312544, 312615, 313312, 316032, 319274, 320679, 321195, 321980, 322281, 323121, 325237, 327451, 328407, 329186, 329743, 330024, 331201, 335536, 336114, 338199, 338667, 345430, 345526, 345608, 346396, 348042, 350694, 354907, 357327, 361695, 366008, 367507, 368387, 368958, 369220, 369346, 377452, 380082, 382671, 387449, 387641, 391060, 391256, 391947, 392237, 393350, 393728, 398925, 402744, 405426, 409040, 409590, 410831, 411089, 411539, 412619, 413029, 417597, 420347, 420392, 422397, 425758, 425860, 426204, 427909, 429247, 429913, 431715, 436936, 437225, 438903, 442446, 443294, 443418, 445909, 446782, 447182, 447806, 449288, 451547, 451739, 452619, 452785, 455005, 455253, 456895, 457992, 457999, 458168, 461234, 463421, 466307, 467666, 467893, 473133, 477490, 478353, 481469, 488785, 488964, 489365, 492596, 495921, 499126, 500175, 501213, 510178, 513345, 515683, 516028, 517800, 518497, 524461, 524572, 528374, 529060, 529899, 533164, 533184, 536798, 536970, 537318, 539186, 540528, 542472, 543507, 546250, 547410, 548034, 549360]",10
res_1094.parquet,MI,"[4418, 15058, 18582, 21352, 26293, 29181, 41078, 48705, 56471, 64089, 67760, 74525, 87142, 87539, 95310, 98181, 99394, 102541, 109937, 111641, 119153, 125232, 126171, 130240, 136657, 138575, 145693, 145922, 154992, 155821, 157278, 158302, 160790, 161941, 166504, 186531, 199710, 201953, 203056, 203079, 203150, 204013, 205659, 206295, 209752, 219834, 224802, 225969, 226465, 229011, 232935, 238265, 238838, 240452, 242965, 243027, 245220, 250145, 253634, 255338, 260605, 267709, 284177, 285086, 290920, 300936, 308453, 308580, 314033, 316302, 325784, 329848, 332975, 333439, 336095, 337376, 339190, 339212, 344792, 346745, 347999, 351211, 359036, 378223, 386198, 394937, 402476, 402924, 403411, 406999, 422114, 423176, 424963, 442718, 447441, 449723, 453011, 453457, 454456, 457532, 457872, 458579, 469482, 471771, 478193, 478878, 484757, 485317, 489189, 491857, 496114, 496506, 497599, 498321, 499583, 512515, 522999, 525205, 529049, 531964, 533696, 534479, 537479, 544233, 545254, 545847, 546715, 547271, 549305, 549854, 549867]",35
res_1099.parquet,MI,"[72211, 493083]",15
res_11.parquet,MI,"[1118, 17586, 46650, 49849, 82803, 109435, 240521, 331828, 332998, 333798, 412603, 434834, 452771, 506559]",20
res_1102.parquet,MI,[277511],50
res_1103.parquet,MI,"[2907, 3386, 3764, 3894, 4446, 4640, 6747, 7661, 11276, 14175, 15309, 16588, 17548, 17637, 18347, 19705, 21573, 22305, 22585, 23845, 25211, 25345, 25756, 26747, 28724, 31437, 31585, 34775, 35679, 38091, 38409, 39049, 40703, 42984, 44468, 47149, 48912, 49431, 50885, 57556, 58586, 59631, 61074, 61640, 64328, 66722, 68298, 71089, 71502, 72715, 73325, 74146, 74330, 74675, 76057, 77410, 77674, 77795, 77945, 78127, 80088, 81056, 81374, 84089, 85081, 86405, 87394, 90625, 90727, 91348, 95193, 95492, 95782, 96025, 96294, 96531, 97184, 98103, 100038, 100282, 101196, 102992, 104063, 104513, 105236, 106125, 109236, 111525, 112169, 113347, 115704, 116616, 119062, 120412, 120739, 125657, 130257, 131071, 132623, 133318, 134306, 139933, 140279, 140711, 142046, 142411, 142491, 142595, 143999, 145104, 148031, 148652, 152369, 153106, 154858, 157488, 159712, 160054, 160350, 162707, 163521, 164363, 167404, 169489, 169785, 169943, 170162, 172916, 173382, 173486, 177767, 180267, 182084, 183038, 186787, 188481, 189061, 189088, 190497, 191683, 193050, 193524, 194805, 199645, 200264, 200783, 202489, 203782, 203992, 204524, 204853, 207213, 207537, 210277, 210572, 213431, 214005, 218225, 219580, 219919, 225421, 225504, 226004, 226154, 226290, 226425, 228797, 229671, 234837, 236684, 238045, 238726, 240070, 241571, 245870, 246103, 252236, 255651, 256678, 256713, 257170, 258185, 259822, 259927, 262328, 262937, 262973, 264215, 265187, 271131, 272106, 272142, 273291, 273734, 273737, 275199, 276133, 276247, 277988, 278448, 279270, 279653, 279955, 281165, 281816, 281826, 283280, 283568, 283940, 285425, 285458, 285753, 287250, 287626, 289707, 290006, 291300, 291867, 293001, 294291, 294383, 295658, 296525, 299675, 300889, 301203, 303323, 303378, 303685, 304916, 313028, 314919, 317226, 318718, 318724, 318854, 319685, 320602, 324955, 326459, 328604, 328798, 329340, 332639, 333288, 333299, 335666, 337521, 338268, 338300, 339907, 341403, 343511, 344794, 344992, 352581, 354250, 355486, 356148, 356589, 357689, 360066, 360182, 364776, 365362, 367023, 367776, 369465, 369825, 372425, 372657, 373264, 376769, 377227, 380643, 381065, 381968, 383928, 385791, 391700, 392351, 392488, 394532, 395173, 395249, 396633, 397708, 399673, 400586, 400849, 401691, 402069, 402486, 402675, 404392, 405133, 408830, 416058, 416563, 416629, 423505, 423797, 425357, 425945, 426047, 427180, 427291, 427587, 428854, 429539, 430965, 432110, 433709, 438274, 442814, 443116, 443708, 443854, 445718, 447070, 451636, 451927, 454148, 457273, 458420, 459604, 459832, 460212, 462773, 464661, 466133, 466386, 467038, 467749, 470442, 470870, 472119, 472696, 472710, 472973, 476781, 476971, 477518, 477798, 480114, 485564, 486566, 486629, 487184, 489442, 490601, 495770, 496380, 498012, 501708, 503727, 509440, 510092, 512021, 525399, 525611, 529847, 531617, 532575, 533853, 534430, 534930, 535917, 536435, 536977, 536984, 538248, 539522, 539831, 540613, 540836, 542132, 542307, 543272, 545186]",15
res_1104.parquet,MI,"[256638, 269142, 299185, 345199, 411901, 486722]",10
res_1105.parquet,MI,"[3768, 112338, 226331, 371071, 403054, 485286]",15
res_1106.parquet,MI,"[2313, 6432, 8945, 20221, 42945, 45070, 54070, 67725, 68877, 82639, 89069, 92621, 94145, 105675, 113255, 129196, 129199, 132527, 139991, 159627, 161993, 163081, 163589, 175925, 176781, 181799, 209691, 211600, 237415, 237534, 249357, 259251, 289613, 294541, 302063, 307854, 317912, 318446, 348643, 359679, 372712, 377911, 379329, 407194, 408391, 409851, 420240, 437284, 441427, 456818, 485105, 489243, 491042, 499133, 499516, 502642, 506516, 512566, 516996, 518756, 521418, 522093, 529142, 534408, 541827, 542202, 548572, 548880]",5
res_1108.parquet,MI,"[4446, 7661, 8508, 8806, 10552, 11809, 17071, 22305, 28724, 29950, 31585, 34775, 42327, 45672, 46751, 52129, 56695, 57556, 58182, 59631, 61074, 64328, 65190, 68434, 68579, 71502, 74146, 77795, 77945, 80088, 81056, 81211, 81353, 81374, 82988, 84089, 84894, 85081, 93760, 95492, 95782, 97619, 100282, 101108, 102870, 102992, 112961, 113347, 113729, 115704, 116219, 117764, 119488, 120412, 122731, 131071, 131782, 137803, 141479, 142411, 144269, 150438, 153160, 158506, 160054, 163905, 169785, 169943, 170162, 173382, 176485, 180222, 182084, 187548, 189088, 189998, 194805, 196051, 197116, 200135, 200264, 201891, 203992, 204606, 207387, 207844, 210277, 211618, 217582, 228797, 229671, 233679, 238045, 248403, 251401, 252094, 252236, 257170, 257407, 257588, 262328, 262377, 262973, 271131, 273737, 277090, 279270, 280682, 281165, 285458, 287250, 288064, 288925, 290054, 290817, 292061, 295658, 300211, 303378, 304533, 318718, 318854, 321560, 323121, 323756, 323802, 324955, 326459, 328604, 333299, 337521, 338704, 344062, 345608, 352149, 354250, 356148, 356589, 360182, 369837, 373264, 376769, 387449, 392351, 392488, 393882, 395173, 397708, 398729, 404386, 409040, 423505, 425357, 426047, 431187, 443116, 447106, 454148, 457965, 458420, 466386, 467038, 472105, 472696, 476924, 476971, 477518, 482738, 485025, 485719, 485972, 486299, 489442, 500175, 504871, 507422, 510092, 526798, 533334, 537440, 539522, 539983, 540836, 542132, 544308]",10
res_1109.parquet,MI,"[113407, 163582, 169868, 203467, 226821, 291129, 342439, 358355, 394754, 434158, 450253, 480333, 499765, 531930, 547960]",20
res_1110.parquet,MI,"[50449, 122878, 258446, 290396, 368438, 384180, 401230, 444610, 456704, 507055]",20
res_1112.parquet,MI,"[1177, 17724, 25887, 33380, 44425, 48396, 52120, 61384, 65476, 65899, 72541, 76132, 82749, 92806, 102278, 103679, 110279, 113673, 125528, 126970, 133427, 145848, 146184, 161125, 161797, 186454, 189100, 189461, 194414, 199098, 211573, 212814, 246429, 254093, 258478, 263590, 266529, 270072, 271251, 282645, 290565, 293659, 295990, 299184, 299589, 303564, 307892, 311010, 321862, 328703, 330420, 334825, 345472, 346171, 347927, 348642, 351438, 352424, 354440, 362899, 363488, 374549, 381875, 393357, 397690, 411887, 418963, 419344, 426294, 446057, 449907, 450895, 452581, 453694, 455315, 457449, 461662, 474759, 480089, 488617, 501757, 504327, 548284]",5
res_1113.parquet,MI,"[2745, 3805, 10381, 11921, 15012, 15283, 16273, 23817, 37197, 42830, 54854, 57808, 69122, 69138, 74095, 76866, 84790, 87423, 87659, 100019, 115448, 126990, 133522, 138309, 138562, 153154, 161409, 170202, 183140, 190552, 191340, 197999, 224216, 235588, 247748, 270233, 271043, 272304, 286580, 294743, 296140, 312053, 313565, 318973, 320394, 328383, 334073, 334917, 347667, 355593, 368563, 374232, 381253, 382840, 386923, 393159, 401086, 403706, 405240, 410251, 410311, 419006, 420329, 443207, 448692, 455352, 456359, 467997, 475325, 480153, 482779, 483588, 493155, 495884, 498779, 506125, 509169, 513589, 531208, 538461, 539338, 539519, 544080]",5
res_1115.parquet,MI,"[7555, 71880, 95279, 317135, 519366, 521841, 527997]",5
res_1117.parquet,MI,"[2934, 4494, 4772, 7927, 9921, 10308, 15928, 21290, 25870, 35437, 38319, 40681, 41197, 42378, 43666, 44579, 48724, 50209, 58228, 65716, 66663, 67623, 68294, 71747, 74431, 80160, 81062, 82041, 82218, 84719, 85713, 88332, 89404, 91177, 93522, 97245, 97632, 101889, 103165, 105250, 113637, 118463, 122781, 123460, 125797, 127646, 129857, 136653, 141137, 141838, 148584, 148795, 149017, 150338, 151630, 151842, 154528, 156208, 162258, 165503, 165540, 169046, 170826, 178427, 185211, 185574, 186267, 186976, 188283, 191490, 195186, 196643, 199649, 204922, 206604, 207738, 209876, 213723, 219978, 227197, 230157, 231813, 233474, 236785, 237783, 238096, 238349, 243183, 243278, 245482, 250098, 257407, 260991, 265228, 267941, 270182, 271458, 273531, 275222, 278280, 281627, 282201, 285067, 285521, 285576, 297594, 299441, 303896, 304446, 310789, 311393, 312450, 313312, 316411, 317538, 319274, 320679, 321349, 321980, 323756, 326204, 327091, 329186, 329743, 331201, 332354, 336114, 340373, 345430, 345526, 348042, 348303, 351015, 354907, 357327, 361695, 368958, 369220, 369853, 375522, 377452, 382671, 385261, 385979, 386871, 387641, 390037, 391256, 391947, 392237, 393728, 395859, 397857, 402744, 409590, 409748, 410204, 411089, 412619, 420392, 421637, 425317, 425758, 431715, 438903, 443294, 443418, 444859, 444867, 446782, 447182, 449288, 450944, 452619, 454707, 455253, 457999, 461234, 463421, 467666, 468075, 472709, 474179, 478353, 481469, 484428, 488288, 488964, 492596, 501213, 510178, 515683, 517800, 524461, 524572, 527396, 529060, 539186, 540314, 543507, 544323, 546196, 546250]",15
res_112.parquet,MI,[277511],35
res_1120.parquet,MI,"[4786, 5306, 6840, 12641, 16612, 17637, 21429, 28290, 35549, 40703, 47607, 58586, 60282, 62970, 66810, 70525, 74330, 77674, 94664, 95193, 96025, 96531, 97813, 98103, 104868, 114431, 116616, 123878, 129365, 139933, 142491, 146058, 153106, 160350, 162707, 164363, 166430, 167404, 171877, 173486, 183739, 188481, 193328, 194926, 204524, 204853, 218723, 224813, 225504, 247272, 280534, 283280, 283568, 299834, 304779, 309808, 313028, 320602, 327970, 335654, 338300, 350655, 355994, 357597, 357689, 365362, 367535, 372425, 372977, 374947, 381065, 381638, 386501, 388661, 391700, 401691, 402069, 406208, 417936, 419613, 424185, 445496, 449250, 458438, 459832, 460880, 461117, 465693, 466258, 482717, 484255, 485727, 486566, 487043, 497629, 503727, 524703, 535767, 536435, 538248, 543342]",20
res_1121.parquet,MI,[277511],45
res_1124.parquet,MI,"[32711, 330545]",15
res_1128.parquet,MI,[219061],15
res_1135.parquet,MI,"[2067, 4514, 49825, 99663, 100589, 143462, 166704, 180172, 231997, 256265, 271112, 278226, 390143, 391974, 459060, 490708, 500352, 508367]",15
res_1138.parquet,MI,"[10685, 24371, 25619, 28569, 34037, 46040, 66062, 89587, 89735, 100249, 120967, 143495, 146281, 166509, 172095, 178766, 182155, 188923, 189680, 191136, 210793, 214830, 225030, 253322, 263673, 283270, 300299, 317244, 338015, 357286, 359359, 364946, 402635, 427898, 428271, 506442, 508633, 526654, 531471, 539600]",30
res_114.parquet,MI,"[28, 16731, 16835, 18072, 19402, 22709, 30525, 30822, 31578, 41114, 52045, 53056, 57364, 57960, 62487, 68075, 69593, 76116, 82501, 83708, 88872, 90485, 94117, 97427, 97447, 97476, 99723, 102785, 108607, 108950, 113045, 114083, 115738, 126899, 129445, 133625, 137743, 141684, 145888, 147835, 150826, 163073, 172666, 179859, 184853, 192803, 194725, 196436, 196625, 201188, 204149, 207908, 223173, 224123, 224700, 227076, 231761, 231865, 243272, 246974, 258998, 261722, 271413, 271445, 271931, 277883, 279369, 281426, 281566, 285087, 285956, 286363, 297392, 305196, 306408, 320720, 325705, 326195, 330570, 339266, 340669, 340913, 341440, 346149, 352992, 359597, 364684, 364854, 366103, 366735, 379264, 388282, 388448, 390822, 392655, 402860, 415429, 416113, 417984, 421470, 421569, 422070, 422515, 424856, 429199, 430592, 432489, 432773, 432811, 439096, 442917, 443574, 445082, 450317, 450642, 452029, 452522, 452862, 457741, 460934, 462151, 465222, 467961, 480038, 480503, 482534, 483378, 485759, 486701, 489220, 507778, 511940, 515035, 518459, 521561, 531292, 534379, 539499, 540993, 544225, 548196, 548338, 548574]",15
res_1142.parquet,MI,"[28, 2196, 2948, 3393, 8791, 10371, 14920, 16545, 16583, 16731, 18072, 21437, 22667, 22709, 23183, 24374, 26186, 27049, 30525, 30822, 30905, 33385, 33863, 36004, 36068, 36770, 38612, 40670, 40812, 41041, 41114, 41708, 42487, 43674, 52045, 53056, 56388, 56512, 57960, 58087, 58207, 60907, 62487, 64801, 67787, 68404, 73256, 75126, 75787, 76366, 77799, 83453, 85683, 85739, 86820, 86925, 91347, 91470, 92795, 94773, 94948, 95606, 97447, 97476, 97511, 105115, 105328, 108607, 114083, 115738, 116035, 117500, 120942, 121551, 123221, 124822, 126899, 128272, 129445, 130342, 131624, 137743, 141684, 145888, 147835, 148525, 149933, 150128, 150826, 151970, 154742, 158242, 160610, 163073, 165599, 166577, 166840, 166983, 170469, 170982, 173505, 174016, 175743, 177512, 178215, 179859, 184853, 185204, 185870, 192803, 193851, 194516, 194553, 199278, 200339, 201188, 202659, 203006, 205412, 207365, 207908, 208160, 213861, 213914, 215736, 222142, 224123, 224700, 231865, 233361, 239781, 240185, 242379, 246974, 258815, 258998, 266996, 270054, 272681, 277474, 279369, 279382, 279620, 280914, 281426, 281566, 285087, 285228, 285956, 286308, 286363, 286898, 289571, 292700, 295389, 295642, 295851, 295885, 298576, 301833, 306175, 306408, 313089, 313718, 315908, 317096, 317506, 317809, 320269, 320720, 322306, 322729, 325705, 327583, 328552, 330570, 332038, 333885, 334418, 336942, 340669, 341440, 342678, 344977, 346149, 348232, 352558, 352992, 353259, 353732, 358302, 359597, 361988, 362693, 364684, 364854, 365602, 366103, 371806, 375616, 376599, 379264, 385841, 386991, 387472, 388448, 389386, 392655, 399003, 400112, 400364, 401825, 402771, 407911, 413166, 413421, 415429, 416113, 417984, 419088, 419590, 420235, 421470, 422070, 422597, 424009, 428096, 429199, 431913, 432773, 432811, 434215, 436011, 437157, 439096, 439391, 441612, 442917, 443111, 445408, 448572, 450317, 450884, 452029, 452862, 457741, 458234, 459517, 460117, 465222, 468132, 468807, 469928, 469985, 471750, 472107, 478382, 480038, 482851, 483366, 485759, 486336, 488193, 494772, 499234, 502638, 507778, 508421, 509719, 510117, 511530, 511572, 511791, 511940, 512208, 515035, 517432, 518459, 521561, 522821, 524498, 524621, 527197, 530706, 532002, 532310, 533319, 534379, 534693, 535610, 538421, 539967, 540993, 541999, 542210, 544225, 545397, 545746, 546258, 548338]",10
res_1144.parquet,MI,"[47853, 60658, 119500, 266797, 311240, 346606, 373366, 382626, 471064, 503946]",25
res_1146.parquet,MI,"[1705, 2893, 10817, 14004, 18623, 20832, 21333, 22983, 28964, 34026, 40628, 45725, 48532, 51752, 54483, 59283, 61953, 63928, 66147, 71864, 75636, 90428, 90697, 93276, 98785, 109715, 111193, 113495, 119340, 131014, 154178, 157110, 161710, 162097, 172160, 175997, 178965, 181803, 181825, 185123, 188268, 189496, 193878, 194936, 196859, 197043, 201524, 207365, 208017, 209698, 209794, 211470, 213519, 216961, 217174, 230728, 246168, 247341, 248806, 250903, 255062, 260680, 266118, 272221, 275045, 278082, 293677, 301348, 303177, 307858, 308604, 313637, 317093, 318785, 324121, 325857, 326839, 336665, 336999, 352233, 361061, 369287, 386999, 399411, 406221, 407541, 408698, 410372, 410898, 422495, 423419, 425877, 427894, 428618, 437545, 440279, 452517, 458044, 461580, 462499, 464301, 465871, 470163, 472003, 474414, 474857, 476238, 477904, 483366, 485039, 485226, 489418, 498879, 504644, 510333, 523774, 527196, 528344, 529221, 529907]",5
res_1148.parquet,MI,"[13808, 15984, 20918, 46032, 47082, 50762, 63351, 64293, 92081, 100618, 106461, 115600, 119976, 124117, 126483, 133084, 138780, 140678, 142034, 154119, 154624, 164920, 176315, 181826, 193816, 201692, 212336, 230012, 235299, 238228, 246938, 255715, 265106, 278039, 281255, 286055, 290080, 292503, 292981, 313440, 314074, 317280, 319068, 325751, 332958, 336105, 346271, 356526, 357308, 365860, 377768, 383321, 385614, 388899, 395231, 401220, 406113, 410732, 417795, 434446, 438239, 439047, 444461, 455512, 466899, 474767, 481153, 481992, 485366, 485864, 489196, 490973, 497656, 501668, 514085, 515280, 520323, 521820, 539609]",10
res_1149.parquet,MI,[275115],35
res_1153.parquet,MI,"[10552, 14412, 21420, 52129, 68434, 68579, 69564, 71880, 75194, 77953, 81211, 81353, 93760, 95279, 97619, 101651, 105539, 116219, 117764, 120773, 122731, 129174, 135578, 141479, 157770, 163905, 164324, 180222, 187222, 188781, 189998, 196051, 197116, 200135, 200241, 201891, 207387, 207844, 211618, 217516, 219987, 232243, 232459, 240642, 248403, 248797, 251401, 252094, 255853, 262377, 268932, 272923, 277090, 289428, 290054, 290817, 300191, 304533, 321560, 323121, 323267, 323802, 331973, 336985, 338704, 345608, 352149, 357854, 357996, 369837, 378934, 381973, 387449, 388336, 392142, 395435, 397265, 398729, 404386, 409040, 410831, 416094, 431187, 443140, 447337, 456904, 457965, 457992, 472105, 476924, 486299, 491979, 504340, 504871, 507422, 510753, 511477, 516028, 519366, 520649, 521841, 529961, 532609, 533334, 537160, 537440, 539983, 548034]",10
res_1155.parquet,MI,"[434158, 455768]",20
res_1157.parquet,MI,"[15283, 16273, 18226, 22065, 31760, 32745, 32889, 36855, 41729, 49299, 50285, 57808, 69138, 72484, 76866, 82147, 88361, 98574, 112559, 114189, 114669, 115448, 126811, 133342, 134294, 137278, 138562, 143774, 145185, 147228, 151461, 151994, 160709, 164026, 164264, 164715, 166632, 169156, 169807, 176115, 183140, 191340, 196284, 211203, 221459, 221553, 232638, 234400, 236587, 237484, 244574, 245487, 247029, 250392, 253338, 254628, 256982, 257444, 263925, 265059, 281200, 299299, 300110, 304951, 305387, 310606, 313565, 313809, 314498, 316377, 318973, 321806, 324749, 330643, 332362, 332869, 342830, 347667, 354587, 354977, 362796, 364696, 373790, 381253, 386923, 390896, 392860, 394940, 405240, 406509, 407581, 413370, 420329, 438431, 443207, 449004, 454203, 454836, 455352, 469000, 471413, 472423, 473692, 475299, 475325, 477653, 480153, 483588, 487480, 488756, 489462, 492975, 498074, 498779, 502493, 506125, 510217, 511999, 516127, 517676, 520460, 521072, 524135, 531438, 534728, 539466, 539519, 540831]",15
res_1159.parquet,MI,"[65064, 219061, 445859]",10
res_116.parquet,MI,"[1076, 8656, 21338, 30604, 30934, 33956, 54241, 122180, 129466, 136028, 138961, 142755, 158377, 159997, 181826, 181958, 188491, 195098, 199370, 201848, 214923, 220740, 243678, 254852, 265964, 291587, 320432, 339219, 343275, 343804, 343869, 357512, 359723, 364252, 384985, 412179, 414828, 434186, 436377, 441075, 497386, 500486, 509230, 528421, 549434]",10
res_1160.parquet,MI,"[36068, 94948, 121551, 165599, 177512, 199278, 205412, 226660, 286308, 348232, 353259, 364939, 375616, 419088, 439391, 457317, 468807, 471750, 511530, 524888, 533319]",10
res_1161.parquet,MI,"[119264, 130096, 144006, 182491, 282205, 343063, 365198, 412456, 414715]",25
res_1162.parquet,MI,"[4342, 21420, 23028, 47521, 64141, 70441, 97810, 136300, 149825, 155874, 165775, 209004, 210096, 225557, 225705, 232243, 254102, 268932, 289229, 295899, 300191, 317135, 323267, 335536, 350694, 357854, 380296, 381884, 405426, 417396, 418555, 422118, 426204, 430122, 430476, 464383, 466307, 467460, 484434, 486897, 495809, 504340, 516028, 527997, 530245, 542377]",10
res_1166.parquet,MI,"[305602, 380578, 473989, 483794]",5
res_1173.parquet,MI,"[6526, 47605, 307880, 432831, 453085, 456429]",15
res_1174.parquet,MI,"[18047, 21290, 26631, 34117, 39459, 41484, 50840, 60159, 60783, 61208, 62189, 65379, 69250, 76435, 84719, 85449, 87045, 100562, 103165, 104017, 125994, 129356, 138622, 145397, 153194, 155511, 161518, 168075, 174198, 174203, 175423, 175715, 184787, 187050, 188283, 190074, 192011, 192816, 197974, 203218, 203773, 206604, 206690, 207524, 225106, 228292, 236712, 238150, 247994, 248045, 254041, 256012, 256552, 265142, 271802, 274553, 275296, 281377, 282391, 287248, 291766, 295037, 299441, 304348, 317538, 317587, 320264, 332651, 343835, 347458, 358172, 363004, 363546, 365744, 365844, 372296, 385261, 389118, 392307, 395774, 397857, 401238, 404407, 411359, 412369, 415290, 416417, 420157, 421637, 425636, 432381, 433587, 435581, 436322, 437592, 438591, 440280, 440459, 441684, 456302, 463962, 467753, 468075, 471228, 471379, 473221, 475652, 479061, 481224, 481825, 484428, 516279, 522078, 522326, 523472, 526981, 527750, 532471]",10
res_1176.parquet,MI,"[87112, 101732, 181657, 191052, 327466, 361475, 363377, 506610, 529225, 530891, 543567]",25
res_1177.parquet,MI,"[4680, 45997, 53291, 59304, 65871, 87611, 159521, 168257, 196295, 207757, 215878, 219892, 219912, 222149, 242464, 269616, 273565, 296853, 298976, 310274, 329121, 334998, 347364, 355468, 371866, 384283, 389658, 412777, 423245, 434926, 439440, 439570, 443014, 483124, 512892, 523793, 538004, 539421, 540990, 544291, 548020]",10
res_1178.parquet,MI,[277511],60
res_1179.parquet,MI,[277511],20
res_1180.parquet,MI,"[11769, 129325, 144803, 178522, 275600, 277511, 317050, 337756]",90
res_1181.parquet,MI,[463711],15
res_1183.parquet,MI,"[4514, 99663, 139458]",10
res_1184.parquet,MI,"[3386, 26747, 111525, 163521, 191683, 203782, 281816, 294291, 301203, 367776, 402486, 408830, 427587, 442814, 443854, 477798, 539831, 545186]",5
res_1186.parquet,MI,"[13942, 21702, 32453, 32956, 52381, 53708, 75050, 90110, 90276, 94007, 95434, 105819, 119899, 124083, 128122, 129893, 132363, 142331, 158673, 185353, 201650, 202389, 203104, 209590, 214641, 219251, 229042, 241179, 242011, 244304, 256339, 264110, 271429, 274011, 289968, 326867, 329508, 333973, 342960, 377967, 379770, 381131, 402337, 408930, 411661, 443726, 446875, 453782, 463678, 464078, 485960, 486833, 491904, 503377, 512942, 524478, 525496]",10
res_1187.parquet,MI,"[173310, 215616, 366819]",5
res_1189.parquet,MI,[277511],30
res_119.parquet,MI,"[1104, 2375, 10005, 27037, 31800, 44284, 46117, 46762, 66704, 72626, 75469, 77016, 77267, 79099, 83518, 86215, 97656, 113646, 115134, 119615, 146147, 150618, 153588, 156288, 159091, 162892, 163628, 169995, 192585, 193506, 204709, 206353, 207185, 217051, 230388, 236483, 241914, 255025, 264045, 275743, 278844, 283704, 289938, 297756, 306900, 309562, 312271, 333390, 336337, 346162, 347159, 359122, 373024, 374622, 374998, 401552, 404378, 426357, 429718, 433379, 438042, 444633, 444938, 446645, 450644, 451507, 462308, 466395, 473915, 476396, 500425, 506925, 507300, 507857, 516273, 530149, 536885, 546138, 548990, 549801]",20
res_1190.parquet,MI,"[187454, 215616, 349018, 366819, 412754, 465000]",5
res_1194.parquet,MI,"[3977, 6892, 25790, 50628, 70910, 84191, 112740, 114381, 134235, 137927, 161025, 162005, 164972, 165018, 192268, 193191, 195144, 197720, 215503, 222634, 236172, 239389, 241207, 262750, 286289, 290574, 342567, 342901, 347001, 348527, 370309, 384143, 396905, 406000, 413525, 414868, 425009, 427744, 434341, 438971, 445081, 477960, 506868, 509832, 510168, 518767, 527524, 534617, 535113, 544550]",10
res_1195.parquet,MI,"[63410, 87112, 101732, 149743, 181657, 208113, 226705, 231438, 256463, 278458, 318734, 329219, 344912, 394765, 406875, 414068, 506610, 538951]",15
res_1198.parquet,MI,[277511],70
res_1200.parquet,MI,"[14516, 36706, 44963, 62433, 82803, 87320, 91068, 97649, 108950, 111578, 112449, 127838, 170371, 171209, 171376, 175419, 177358, 180829, 194377, 194725, 195068, 203805, 207027, 227076, 231761, 234995, 235125, 244566, 270429, 273711, 297392, 297515, 305196, 312983, 322402, 323675, 329529, 332998, 333619, 336471, 338962, 344956, 352326, 381274, 387392, 416992, 421569, 424856, 428265, 428974, 443152, 450642, 456928, 464268, 482534, 483378, 489220, 493083, 495099, 504392, 516869, 529659, 531292, 548574]",45
res_1204.parquet,MI,"[21420, 23028, 47521, 69564, 97810, 120773, 124083, 136300, 149825, 155874, 165775, 210096, 219251, 225557, 232459, 255853, 262377, 289229, 289428, 326867, 357996, 380296, 381884, 395435, 405426, 410831, 430476, 464383, 484434, 485960, 486897, 495809, 504340, 510753, 520649, 525496, 530245]",10
res_1205.parquet,MI,"[2754, 4152, 6699, 14564, 25983, 33332, 39646, 40952, 46598, 50669, 62791, 64310, 75597, 88288, 100752, 108265, 116589, 133000, 133472, 137139, 158781, 163527, 164271, 167909, 175456, 176330, 180484, 186882, 188248, 189346, 203228, 208292, 212678, 219953, 223190, 225214, 230291, 231142, 232078, 240874, 242395, 252776, 253624, 254957, 259190, 265562, 270141, 271079, 280728, 283007, 287500, 294036, 297862, 299846, 301861, 303812, 315230, 315959, 317368, 317653, 321464, 324719, 326895, 333815, 334961, 348307, 350750, 358964, 365117, 368096, 368434, 370557, 378341, 383112, 383841, 384208, 387906, 391967, 392151, 398725, 400603, 402978, 411616, 413572, 421521, 422239, 425194, 426947, 428277, 432747, 435431, 440846, 444000, 444323, 444381, 451245, 451260, 463471, 468107, 469251, 470204, 472995, 473074, 475188, 475398, 479546, 479728, 487922, 494765, 497051, 499031, 504379, 520865, 526483, 529999, 538695, 542958, 546238]",10
res_1209.parquet,MI,"[173310, 307579, 349018, 350997]",5
res_121.parquet,MI,"[50528, 53216, 83652, 101924, 121765, 129256, 137278, 143802, 152020, 160709, 167295, 177888, 187522, 199787, 200320, 210984, 218608, 228491, 232638, 243449, 249515, 252603, 272941, 286674, 316550, 330643, 338113, 348833, 360662, 362796, 367229, 374007, 376875, 381380, 382081, 383089, 407114, 463066, 466464, 473692, 475299, 476589, 492975, 500288]",5
res_1212.parquet,MI,"[6610, 13505, 21104, 23929, 48327, 125993, 149043, 178256, 191651, 201132, 223932, 240247, 247399, 247435, 277455, 287175, 301543, 303787, 311403, 338014, 354316, 358823, 392836, 400889, 402685, 408712, 409482, 414667, 444811, 449031, 456176, 473500, 510909, 513587, 522830, 529989]",30
res_1213.parquet,MI,"[1566, 81408, 122691, 140105, 194190, 218749, 260192, 330707, 407516, 467658, 508330]",5
res_1220.parquet,MI,"[1207, 53721, 55854, 86428, 92879, 133897, 169275, 208677, 235229, 265157, 268603, 272862, 294358, 354369, 408734, 420593, 422011, 455463, 473667, 492169, 521610, 522284, 528414]",15
res_1223.parquet,MI,[8111],15
res_1224.parquet,MI,"[28, 8791, 10343, 10371, 14251, 15211, 15615, 16055, 16360, 16731, 18072, 19031, 21437, 22667, 23183, 24374, 26186, 26623, 27542, 29749, 29842, 30822, 32645, 33863, 36517, 36770, 37859, 38612, 40812, 41041, 41114, 42487, 53895, 56388, 57314, 57960, 60726, 60907, 62487, 66539, 67787, 73256, 73577, 75567, 75787, 76366, 80934, 86820, 86925, 87872, 91347, 93436, 94773, 95606, 97476, 97610, 101718, 101993, 105115, 105328, 105569, 112684, 114083, 116035, 117500, 123225, 126899, 129445, 130342, 132157, 140494, 145888, 146200, 148525, 148571, 148870, 150826, 154742, 160610, 162860, 163073, 166100, 166557, 166577, 166840, 169446, 170982, 173505, 174016, 175469, 175743, 179492, 180624, 180767, 184853, 185870, 190390, 192261, 193851, 194516, 194553, 198194, 199946, 200104, 200339, 201188, 202659, 203006, 203267, 205412, 206919, 207908, 208160, 213861, 215736, 217146, 222142, 225663, 227500, 229037, 229312, 230190, 233361, 239752, 239781, 240185, 242379, 242506, 257720, 259400, 269159, 269831, 272681, 277474, 279369, 279620, 280914, 281566, 282901, 285087, 285228, 285956, 286363, 289571, 291095, 291224, 291910, 292700, 293105, 295642, 295851, 301833, 305365, 305901, 306175, 306408, 311456, 312458, 312620, 313089, 313718, 314313, 315108, 315680, 317096, 322306, 322549, 322729, 325945, 327583, 328552, 337831, 338572, 341440, 342678, 342872, 346506, 347762, 349089, 350285, 350469, 352558, 352992, 353057, 353161, 353453, 353732, 356696, 359597, 361988, 364854, 366103, 370400, 375167, 376599, 379264, 383253, 384034, 385454, 385841, 387500, 388671, 389386, 398173, 399003, 399227, 400364, 401825, 405237, 407451, 411019, 411517, 413166, 413421, 413617, 415556, 417984, 419590, 420484, 424009, 428096, 430996, 431913, 432773, 432811, 434215, 436011, 436041, 437030, 437157, 439096, 441612, 443111, 447209, 450038, 450884, 453991, 455223, 455711, 459517, 460724, 468132, 468807, 470187, 472107, 474559, 478382, 479373, 480038, 484950, 487427, 488193, 494772, 497282, 498441, 499234, 502638, 505052, 508421, 509719, 510117, 511164, 511572, 511791, 511940, 512208, 513111, 515832, 516575, 517432, 518459, 519249, 520777, 523202, 524498, 527197, 532002, 532310, 534599, 535463, 535610, 538421, 539967, 540975, 541999, 542210, 544225, 545397, 545746, 545971, 546258, 547264, 548338, 549512]",10
res_1226.parquet,MI,"[26004, 98936, 140096, 248652, 264077, 368957, 390967, 512487, 515159]",15
res_1228.parquet,MI,"[5460, 23028, 53762, 64141, 97810, 108923, 136300, 171465, 248211, 271354, 273883, 405426, 420347, 426204, 429913]",5
res_1229.parquet,MI,[224704],5
res_123.parquet,MI,"[68924, 134946, 263274, 295436, 297634, 415940, 439442, 536090]",60
res_1231.parquet,MI,"[1104, 3123, 3863, 27037, 45311, 69703, 71172, 77016, 83518, 95500, 99266, 115134, 132432, 153588, 171127, 173703, 190287, 193506, 205760, 233440, 235094, 245961, 255025, 279820, 282902, 297756, 314007, 349856, 373024, 376440, 404378, 426838, 429718, 432696, 434807, 436716, 438042, 444938, 454983, 460802, 462308, 473915, 473954, 475001, 486524, 491546, 492313, 504042, 516898, 525203, 527449, 530149, 536885, 539098, 545049, 545679]",15
res_1232.parquet,MI,"[191028, 456195, 521335]",30
res_1234.parquet,MI,"[6570, 14071, 16612, 18241, 19418, 28115, 32618, 33990, 34849, 38164, 47607, 60282, 66810, 72211, 76562, 77178, 78371, 105567, 114028, 116616, 123878, 127838, 134444, 143999, 162707, 169489, 171877, 178448, 202438, 204853, 207001, 225143, 225421, 235125, 240418, 247272, 249844, 251015, 256456, 258386, 272248, 283280, 284104, 286039, 291867, 309808, 313028, 325152, 347590, 357597, 367023, 367535, 377227, 386501, 386563, 391700, 397934, 399401, 409405, 416992, 417156, 417936, 421704, 428974, 434498, 437184, 441583, 451546, 452039, 457273, 461117, 465693, 472316, 477827, 484255, 485727, 486629, 493083, 496380, 497629, 504283, 517920, 526066, 528354, 533543, 534930, 535767, 540162, 546609]",30
res_1239.parquet,MI,"[209691, 211600, 261088]",5
res_1248.parquet,MI,"[295899, 418555]",5
res_1252.parquet,MI,"[52230, 81163, 85102, 146562, 192328, 205761, 244559, 285504, 324582, 364939, 404810, 457317, 470151, 480734, 495631, 520386, 523313, 548233]",10
res_1253.parquet,MI,"[20918, 22797, 31747, 70020, 80193, 137807, 140678, 140710, 154119, 164409, 167642, 170359, 184051, 190042, 201692, 235219, 237304, 332404, 332958, 341903, 357308, 361578, 380682, 385614, 389181, 395231, 406113, 432877, 440981, 441582, 481992, 487443, 489196, 495271, 500915, 539701]",5
res_1255.parquet,MI,"[2928, 13942, 21702, 32453, 53708, 75050, 90110, 90276, 95434, 108891, 109123, 127837, 128122, 132363, 142331, 158673, 199093, 202389, 203104, 223133, 236654, 241179, 242011, 244304, 247797, 256339, 264110, 271429, 289968, 329508, 333249, 333973, 356732, 357439, 359336, 360791, 372625, 375576, 381131, 386752, 408930, 411661, 418092, 433700, 443118, 443726, 446875, 463678, 464078, 491904, 503377, 512942, 516372, 523023, 524478]",5
res_1256.parquet,MI,"[18662, 29133, 45636, 49919, 50962, 57924, 59073, 94875, 101361, 101535, 102800, 105774, 116791, 126201, 137176, 145313, 153028, 156951, 156976, 159521, 178070, 185413, 196295, 200698, 203578, 207196, 208615, 210163, 217509, 219277, 219912, 242464, 244588, 246054, 254002, 262130, 268651, 274267, 275482, 282194, 289943, 298976, 310760, 330413, 332559, 342465, 346683, 355468, 360849, 365854, 371866, 389658, 421925, 423245, 424341, 443014, 457839, 459553, 459960, 462225, 466257, 474345, 475349, 476639, 494937, 503303, 508373, 512892, 515507, 516355, 523793, 524532, 526490, 528235, 538004, 542007, 543961]",10
res_1258.parquet,MI,"[1390, 13670, 54987, 57835, 75934, 82653, 92185, 92348, 92536, 93049, 140738, 153793, 169804, 178404, 178848, 205825, 215256, 227999, 252854, 259226, 272279, 273239, 276751, 294609, 297580, 306813, 315672, 362072, 363845, 378338, 416831, 427485, 443920, 451777, 455736, 461524, 462691, 467728, 481354, 504047, 533718]",20
res_1261.parquet,MI,"[10685, 28569, 34037, 57688, 100249, 120967, 242825, 253322, 263673, 270345, 283270, 317244, 357286, 357987, 394553, 402635, 531471]",20
res_1264.parquet,MI,"[123079, 338871, 521688, 531760]",15
res_1266.parquet,MI,"[248341, 331355, 379029, 440702, 444345, 452296, 457661, 463543]",5
res_1267.parquet,MI,"[10868, 38560, 170524, 197227, 227841, 242004, 307880, 453790]",30
res_1268.parquet,MI,"[695, 3386, 6747, 7901, 15946, 16588, 26747, 44030, 49048, 49431, 69349, 78411, 83529, 92436, 105236, 111525, 119409, 152369, 153882, 158060, 163521, 167996, 171140, 178970, 187457, 194691, 203782, 204688, 215444, 216114, 216176, 222611, 227557, 244419, 276247, 281816, 294291, 295418, 303707, 335089, 341556, 344801, 348388, 350110, 355446, 356723, 364154, 379996, 386890, 399613, 402486, 403643, 408830, 423666, 427587, 442814, 443854, 446488, 446994, 451927, 452959, 473383, 477798, 479701, 531486, 538250]",10
res_1270.parquet,MI,"[64705, 145683, 381828, 490394, 501327]",10
res_1273.parquet,MI,"[25223, 28101, 66053, 102871, 119832, 121673, 197431, 229456, 244977, 245821, 277177, 283175, 320297, 320902, 358640, 366580, 420122, 475845, 484772, 503377, 511199, 523591]",5
res_1275.parquet,MI,[277511],20
res_1276.parquet,MI,"[6013, 9420, 28308, 36867, 40326, 41301, 47316, 59142, 62847, 66066, 71885, 72552, 84266, 95067, 98808, 105842, 110579, 111010, 114032, 127038, 132365, 154017, 156995, 166689, 181246, 202569, 206514, 208372, 222818, 236536, 255918, 260963, 261241, 267195, 269837, 271579, 272089, 303097, 326294, 327393, 329472, 340275, 345236, 356873, 377900, 385761, 397339, 411402, 412153, 416468, 420827, 421923, 452974, 474223, 489592, 507053, 515363, 516540, 523762]",15
res_1277.parquet,MI,"[113152, 161564, 184937, 248364, 384180, 445779, 524781]",15
res_128.parquet,MI,"[53642, 113436, 147088, 263197, 268500, 413146, 434476, 498123, 510772, 518052, 536408]",10
res_1283.parquet,MI,"[32956, 69745, 94007, 105819, 119899, 185353, 484939]",10
res_13.parquet,MI,"[368438, 444610, 507055]",10
res_131.parquet,MI,"[6526, 24228, 47605, 48368, 55789, 72106, 77208, 88642, 99619, 107207, 123803, 129003, 131729, 137015, 149545, 151224, 153874, 156029, 165137, 174065, 212715, 264314, 307880, 308003, 323697, 326875, 340895, 341862, 343317, 356642, 395102, 408750, 428279, 432831, 445871, 453085, 456429, 459453, 476401, 477180, 511473, 530178, 538683, 540677, 542758]",30
res_132.parquet,MI,"[6526, 18936, 29813, 48368, 48407, 72106, 77208, 82822, 88642, 123803, 137015, 139458, 153852, 178698, 218792, 307880, 323697, 326875, 340895, 395102, 413006, 426813, 428279, 437562, 456429, 459453, 491827, 511473, 530178, 530709, 540677, 542758, 544611]",20
res_134.parquet,MI,"[3150, 4363, 20243, 28560, 84350, 85407, 105108, 114139, 114952, 121903, 141241, 143394, 149549, 158152, 158275, 161034, 164230, 173362, 173655, 198624, 201381, 204337, 206298, 206886, 217242, 229179, 232951, 233498, 241687, 253585, 254749, 255889, 256040, 266056, 275144, 291862, 297691, 320362, 325764, 326463, 328796, 341386, 341430, 342961, 348007, 354337, 365257, 366287, 370841, 376937, 379704, 390239, 394807, 416949, 421485, 421804, 434806, 442542, 449456, 453119, 467927, 472891, 490395, 493397, 518180, 520133, 531063, 531254, 532145, 547128]",10
res_137.parquet,MI,"[18208, 31012, 40518, 53838, 79753, 98434, 103801, 122170, 164851, 165764, 189948, 201180, 246409, 280039, 333520, 340255, 350105, 356150, 381401, 381472, 417504, 436580, 459424, 461155, 469338, 495758, 511503, 512760, 535324]",25
res_138.parquet,MI,[277511],15
res_140.parquet,MI,[277511],20
res_141.parquet,MI,"[9838, 12244, 16306, 20797, 41301, 62847, 71885, 73803, 98808, 145665, 148239, 163988, 177551, 186912, 199021, 202569, 204914, 230436, 230595, 255918, 271579, 302368, 314359, 320485, 323630, 327393, 331240, 345236, 346804, 357393, 361077, 395299, 408831, 411402, 423423, 444065, 454875, 455260, 465519, 498686, 508733, 512818, 515363, 517780, 524174, 544147]",10
res_142.parquet,MI,"[26747, 160350, 164363, 214005, 276247, 372425, 381065, 427587, 459832, 536435, 538248]",10
res_145.parquet,MI,"[28298, 78742, 100860, 184831, 264446, 342405, 342696, 429211, 440216]",30
res_146.parquet,MI,"[55336, 57540, 83376, 83885, 86647, 110702, 138303, 167806, 219061, 220900, 225222, 293209, 382340, 417744, 445859, 462075, 488358, 521065, 549730]",30
res_148.parquet,MI,"[21420, 23028, 47521, 97810, 136300, 165775, 210096, 225557, 289229, 357996, 381884, 430476, 464383, 484434, 486897, 504340, 520649, 530245]",10
res_156.parquet,MI,"[2623, 10345, 44967, 50626, 63268, 95395, 144399, 197227, 213713, 284080, 294506, 310406, 346611, 353696, 359620, 372770, 379150, 395391, 473814, 510132, 546943]",25
res_160.parquet,MI,"[4772, 6862, 7927, 8508, 8611, 8806, 9921, 10308, 15928, 25211, 25870, 26197, 29950, 34117, 35437, 38319, 40681, 41484, 42327, 42378, 43666, 44416, 44579, 45672, 46751, 48724, 50209, 50885, 58182, 58228, 60026, 60384, 64408, 65716, 66663, 67623, 68294, 71747, 74431, 76057, 80160, 82041, 82988, 84894, 85449, 88332, 89404, 90625, 91177, 97632, 99065, 99083, 100038, 101889, 102870, 103165, 105250, 109435, 110815, 112961, 113637, 113729, 117027, 119062, 119488, 122781, 136653, 137803, 138622, 141137, 144269, 144584, 148257, 148795, 149017, 151630, 151842, 153160, 154528, 156208, 165540, 169046, 169896, 170826, 172761, 176485, 178427, 185211, 185574, 186976, 191490, 192621, 193050, 195186, 195910, 199649, 200264, 202828, 203134, 203956, 204922, 206604, 207511, 207738, 208038, 210572, 215777, 217582, 219978, 222324, 223121, 226154, 227197, 231813, 233474, 236785, 237783, 238096, 238349, 243183, 243278, 250098, 250341, 255651, 257170, 257407, 257588, 260991, 265228, 268561, 273531, 285521, 285576, 285946, 299065, 304446, 310789, 311393, 312450, 313312, 316411, 317538, 321195, 321349, 323756, 326204, 327091, 328714, 329743, 331201, 332354, 333299, 333798, 336114, 340373, 344992, 345526, 348303, 351015, 356148, 357327, 359350, 369220, 369853, 375522, 377452, 380556, 382671, 385979, 386871, 387641, 390037, 391947, 392237, 393728, 393882, 395859, 397857, 402744, 409590, 409748, 410204, 412619, 421637, 425317, 431284, 431715, 433000, 434687, 438903, 443294, 444822, 444867, 446782, 447106, 449288, 450944, 451583, 453697, 454707, 455253, 457999, 459604, 467753, 469975, 472709, 474179, 482738, 485719, 488288, 492596, 501213, 508335, 510178, 512186, 513844, 515683, 517303, 518823, 522326, 523472, 524572, 527396, 532575, 534909, 535041, 539186, 540314, 542472, 543507, 544323, 546196, 546250, 547401]",20
res_162.parquet,MI,"[152552, 415782, 439217, 504904, 505391]",5
res_163.parquet,MI,[277511],50
res_165.parquet,MI,"[14071, 16612, 18241, 19418, 28115, 33990, 41657, 66810, 114028, 144826, 171877, 178448, 202438, 230820, 251015, 258386, 264697, 272248, 286039, 325152, 330773, 359727, 386563, 399401, 408918, 409405, 437184, 441583, 451546, 452039, 472316, 477827, 485727, 486313, 504283, 517920, 535767, 540162]",15
res_169.parquet,MI,"[55336, 64155, 65064, 83885, 157467, 216155, 219061, 220900, 293209, 445859, 521065]",10
res_170.parquet,MI,"[47543, 417744]",10
res_171.parquet,MI,"[2623, 4514, 6526, 18936, 24228, 47605, 48368, 48407, 56618, 88642, 95395, 106520, 116146, 123803, 153874, 165137, 174065, 178698, 264077, 284080, 294506, 307880, 310406, 326875, 335848, 336705, 340895, 341862, 343317, 351964, 359438, 379150, 426813, 428279, 432831, 437562, 453085, 456429, 458184, 459453, 480431, 490708, 511473, 540677, 542758, 546943]",30
res_173.parquet,MI,"[143057, 301727, 307918, 341848, 357286, 448709, 466072, 492876, 526686]",20
res_178.parquet,MI,"[113152, 184937]",10
res_181.parquet,MI,"[2196, 2948, 9066, 14920, 16583, 16710, 18079, 30525, 31578, 33251, 34268, 36706, 41441, 41708, 52230, 57364, 64801, 66561, 69901, 76388, 81163, 83708, 85102, 87320, 88474, 89569, 91068, 92795, 94117, 94948, 97447, 97511, 97649, 103441, 103669, 104018, 108711, 111472, 111578, 112743, 115738, 121551, 123221, 128272, 138826, 138976, 146562, 149746, 149846, 151970, 153522, 155183, 165465, 165599, 166827, 167216, 167284, 171209, 177048, 177358, 177512, 178215, 179859, 192328, 192803, 192826, 196625, 199278, 200188, 204149, 205761, 210632, 218223, 221929, 224700, 226214, 226660, 227076, 231761, 231865, 234465, 239465, 244559, 248980, 252514, 255629, 261722, 264759, 268473, 271445, 271931, 273711, 279382, 281426, 285504, 286308, 296845, 305196, 305710, 310233, 312046, 312983, 314185, 316800, 317809, 320720, 322402, 324582, 325705, 329529, 330570, 332038, 336942, 338144, 344956, 344977, 346149, 348232, 353259, 358302, 364684, 364939, 366735, 371587, 371806, 375616, 384622, 387392, 388448, 389555, 392655, 398301, 400112, 404810, 415429, 416113, 419011, 421470, 421569, 422070, 424633, 424856, 425955, 432489, 437529, 439391, 443574, 445082, 450317, 452029, 457317, 457741, 460117, 462151, 465222, 467425, 470151, 471750, 480734, 482534, 483378, 485759, 489220, 495631, 507778, 511485, 511530, 515035, 515572, 516869, 519114, 520386, 521561, 523313, 524888, 526106, 532961, 533319, 534207, 534379, 540993, 544332, 548196, 548233]",25
res_182.parquet,MI,"[541, 4743, 6643, 8321, 10381, 15498, 22706, 28549, 31043, 31214, 32292, 37197, 42830, 54854, 56138, 63536, 67390, 69122, 69290, 74095, 78412, 80626, 84790, 85988, 86579, 87423, 94049, 95087, 96231, 96968, 97486, 99787, 100019, 100059, 100481, 103197, 105728, 106969, 107973, 108780, 109005, 119823, 128401, 133522, 137463, 139093, 139709, 144227, 147844, 150206, 153154, 153269, 156649, 161041, 167110, 168704, 168860, 176833, 179182, 179402, 188732, 190552, 197999, 202545, 206291, 208124, 209116, 209246, 209388, 209826, 211342, 224216, 226207, 230544, 231521, 232002, 235205, 235588, 238412, 241919, 246742, 247718, 250735, 255752, 258502, 260314, 263056, 269706, 270233, 270854, 271043, 271589, 272304, 282553, 282860, 288980, 293694, 294743, 295598, 296140, 297282, 302121, 304848, 308645, 312006, 312053, 320394, 325971, 326434, 328383, 331557, 331881, 332520, 334917, 340433, 342245, 343120, 343795, 349291, 353266, 355593, 366374, 368563, 376661, 377503, 379859, 381794, 383981, 384079, 389310, 393061, 393159, 395597, 396361, 401084, 403706, 405744, 407891, 409169, 410251, 413721, 421751, 426106, 428451, 435567, 444619, 445302, 450216, 450992, 452924, 456359, 460805, 461875, 467997, 470219, 474901, 475859, 482834, 483886, 488245, 491611, 492131, 493155, 494583, 495884, 496840, 497675, 497974, 498108, 502032, 508029, 508784, 509169, 512725, 513589, 516853, 517949, 518427, 524691, 530502, 530536, 531092, 531096, 531208, 538461, 539494, 544080, 544131, 549421]",10
res_184.parquet,MI,"[28072, 34826, 190976, 311719, 364923, 373869]",10
res_186.parquet,MI,"[129325, 277511]",25
res_188.parquet,MI,"[386644, 457563, 515159]",5
res_192.parquet,MI,[277511],40
res_196.parquet,MI,"[24768, 53944, 68462, 69461, 83616, 115205, 117581, 154411, 164872, 212860, 235730, 241801, 284517, 303400, 305935, 311485, 361717, 375438, 380762, 388943, 399312, 400377, 427514, 443591, 496382, 502379, 514180]",15
res_197.parquet,MI,"[2948, 13822, 14920, 16583, 20988, 24374, 30525, 30905, 36068, 41708, 42487, 56388, 60726, 64801, 65253, 66242, 77799, 80934, 85739, 86820, 89072, 92795, 94948, 95606, 97511, 97610, 101718, 108360, 121551, 123221, 125994, 128272, 130342, 140494, 141684, 150826, 151970, 152222, 160610, 163040, 165599, 169556, 174016, 177512, 178215, 180624, 190390, 192261, 199278, 199498, 200339, 205412, 207908, 213914, 224123, 225626, 226232, 238118, 245125, 258892, 259314, 265763, 266996, 270054, 279369, 279382, 280914, 281323, 281377, 285228, 286308, 287064, 287248, 291700, 291910, 298502, 305365, 312458, 312780, 314931, 322549, 325464, 327363, 331207, 332038, 332667, 333727, 334921, 336942, 340669, 343835, 344977, 346149, 348232, 353259, 353732, 358302, 362798, 366654, 371806, 375616, 379264, 383253, 389118, 389386, 392307, 402771, 405565, 411019, 415556, 416113, 419088, 420235, 421470, 422597, 429199, 432773, 437592, 439391, 445364, 447295, 452862, 458234, 460117, 468807, 471750, 480038, 485759, 494250, 507778, 515035, 516575, 517199, 517432, 520777, 521561, 533319]",5
res_198.parquet,MI,[433000],5
res_199.parquet,MI,"[8452, 16235, 42984, 71880, 75186, 75194, 77953, 86405, 95279, 105539, 135578, 172916, 187222, 200241, 208131, 240642, 300191, 303685, 327809, 331973, 336985, 381973, 388336, 392142, 397265, 416094, 443140, 454998, 456904, 467554, 491979, 504056, 511477, 519366, 537160]",10
res_2.parquet,MI,"[4342, 10552, 21420, 68434, 71880, 75194, 81211, 95279, 105539, 129174, 135578, 157770, 164324, 187222, 200135, 200241, 217516, 219987, 240642, 251401, 255853, 262377, 272923, 289428, 300191, 317135, 321560, 323267, 323802, 336985, 338704, 357854, 369837, 378934, 381973, 388336, 392142, 397265, 416094, 430122, 431187, 443140, 447337, 456904, 457965, 467460, 476924, 486299, 491979, 507422, 510753, 511477, 519366, 520649, 521841, 529961, 530245, 532609, 537160, 537440, 539983]",10
res_20.parquet,MI,"[103570, 219251, 234832, 245364, 313512, 335327]",5
res_203.parquet,MI,"[22411, 69395, 119111, 147233, 193304, 218101, 245888, 253843, 255244, 330187, 362997, 379310, 388460, 413841, 417412, 431180, 442858, 462068, 471691, 489019, 493220, 533111, 536568, 549641]",10
res_205.parquet,MI,"[809, 2585, 9583, 25105, 34295, 40387, 49417, 53856, 62576, 65027, 72357, 78734, 87084, 89331, 109329, 114829, 118932, 121918, 125169, 131245, 132021, 150443, 154295, 157314, 164402, 166033, 167339, 176072, 194845, 199311, 206161, 209968, 216862, 226674, 227301, 232431, 238656, 246556, 258805, 264852, 265960, 274249, 279372, 295462, 303071, 311349, 331688, 333890, 349158, 366254, 367083, 368333, 369522, 371024, 375552, 376189, 378547, 388732, 397938, 424652, 430902, 435123, 454041, 460555, 463771, 464526, 468460, 474389, 484310, 485820, 492209, 496031, 500094, 507891, 525329, 543410]",5
res_206.parquet,MI,"[4342, 5460, 7555, 21420, 23028, 47521, 64141, 69564, 70441, 77743, 95279, 97810, 101651, 120773, 136300, 149825, 155874, 157770, 163929, 164324, 165775, 171465, 188781, 209004, 225557, 225705, 232243, 232459, 248797, 254102, 255853, 268932, 283939, 300191, 317135, 323267, 335536, 350694, 357854, 357996, 392142, 395435, 405426, 410831, 422118, 426204, 429913, 430122, 447337, 457992, 464383, 466307, 467460, 484434, 486897, 504340, 516028, 520649, 527997, 529961, 530245, 542377, 548034]",15
res_207.parquet,MI,"[1746, 2324, 4743, 6639, 9087, 9115, 10343, 12688, 14251, 15211, 15615, 19614, 20007, 26623, 27542, 28165, 29842, 31125, 31214, 32645, 37859, 40563, 43457, 51800, 52516, 52529, 53895, 59069, 66539, 67390, 70821, 71538, 73577, 75567, 78145, 78412, 83523, 84000, 87872, 88004, 91581, 93436, 101993, 105569, 114837, 123225, 123604, 132157, 141697, 145496, 146140, 146200, 151051, 153201, 155917, 156628, 162860, 166100, 166557, 169446, 176833, 179402, 179492, 179991, 180767, 182390, 185433, 187940, 188500, 188732, 194190, 195183, 197652, 198194, 203267, 206919, 215020, 217146, 229037, 230081, 230190, 235265, 237352, 238004, 239752, 240921, 247718, 249869, 255225, 257050, 258502, 265444, 267119, 269159, 269831, 270309, 271589, 273750, 282901, 287261, 287273, 291224, 292923, 293268, 293485, 296537, 302121, 303383, 304327, 305188, 305602, 305901, 306969, 308953, 311860, 312022, 312927, 315222, 315680, 319140, 321934, 325198, 327079, 328760, 330529, 332520, 335219, 336575, 338139, 338572, 340028, 342872, 346477, 349089, 350469, 350936, 353453, 353914, 356696, 356914, 370400, 371881, 375167, 380578, 384034, 385454, 388671, 390765, 397813, 398173, 399227, 405237, 407781, 409169, 411469, 411517, 413617, 413705, 413721, 420615, 421099, 421491, 422051, 426106, 430182, 430996, 434300, 435310, 437030, 447414, 450038, 454555, 459666, 467372, 471954, 473989, 474702, 476500, 483794, 484950, 487110, 487339, 490538, 491611, 493820, 496805, 498108, 498441, 505052, 505577, 505722, 508784, 510235, 512126, 513111, 516534, 523202, 523409, 525736, 526776, 529716, 534599, 534697, 539071, 540975, 542214, 545971, 547264, 548814, 549512]",10
res_208.parquet,MI,"[10202, 24725, 52244, 56122, 69564, 70951, 77743, 101651, 120773, 143428, 150338, 155874, 165503, 165775, 188781, 190747, 224800, 232243, 232459, 268932, 283939, 285067, 304341, 305466, 338667, 346396, 393350, 398925, 445909, 452619, 458168, 466307, 486897, 504340, 516028, 529899, 533184]",5
res_209.parquet,MI,"[265059, 511999]",5
res_21.parquet,MI,"[1079, 1923, 6581, 23257, 25983, 29681, 33489, 50669, 53640, 71331, 81537, 83566, 105510, 129493, 144984, 146328, 148349, 156310, 162327, 164271, 167890, 172333, 191923, 197591, 202964, 215144, 219953, 224419, 224614, 232193, 250369, 254957, 255865, 263776, 265851, 269089, 281247, 282523, 292388, 311981, 312565, 314994, 319594, 322220, 333815, 350750, 363913, 379541, 389459, 411616, 412125, 419452, 425351, 426947, 430331, 456423, 460235, 482046, 487207, 515775, 526483, 529884, 530578, 533238, 546238]",10
res_210.parquet,MI,[277511],30
res_211.parquet,MI,"[27517, 75442, 101795, 103863, 118573, 213050, 231380, 237898, 256903, 285039, 313507, 316181, 335128, 339919, 350887, 438792, 514020]",10
res_216.parquet,MI,"[13942, 21702, 25223, 28101, 32956, 69745, 90276, 94007, 95434, 105819, 119832, 119899, 121673, 128122, 158673, 185353, 193666, 197431, 201650, 203104, 229456, 244304, 244977, 264110, 274011, 342960, 377967, 443726, 453782, 484772, 484939, 492934, 503377, 511199]",5
res_217.parquet,MI,"[11769, 275600, 317050, 337756, 389263, 494010]",15
res_220.parquet,MI,"[4743, 10343, 14251, 15211, 26623, 27542, 28165, 29842, 31125, 31214, 37859, 53895, 66539, 67390, 71538, 73577, 78412, 87872, 93436, 101993, 123225, 132157, 146200, 153201, 156628, 166100, 166557, 179402, 188732, 195183, 203267, 217146, 230081, 239752, 269159, 269831, 271589, 291224, 305901, 311860, 315222, 315680, 327079, 332520, 338572, 342872, 346477, 350469, 350936, 353453, 370400, 375167, 385454, 388671, 405237, 411517, 413617, 413721, 422051, 430182, 430996, 434300, 435310, 437030, 467372, 484950, 491611, 493820, 496805, 498108, 498441, 508784, 523409, 526776, 534599, 540975, 545971, 547264]",10
res_222.parquet,MI,"[4268, 18214, 240169, 244774, 274224, 455616]",5
res_224.parquet,MI,"[28, 3393, 5144, 7705, 8791, 10343, 10371, 14251, 15211, 15615, 16055, 16360, 16545, 16731, 16835, 18072, 19031, 19402, 20861, 21437, 22667, 22709, 23183, 23716, 24374, 26186, 26623, 27049, 27542, 28165, 28461, 29749, 29842, 30822, 31125, 32039, 32645, 33114, 33385, 33863, 36004, 36517, 36770, 37325, 37859, 38612, 40373, 40604, 40670, 40812, 41041, 41114, 42487, 42791, 43674, 47274, 49911, 50168, 53056, 53895, 56388, 56512, 57314, 57960, 58087, 58207, 60726, 60907, 62487, 63762, 66539, 67787, 68075, 68404, 68756, 69593, 71510, 73256, 73577, 75126, 75567, 75787, 76116, 76366, 78042, 80934, 82501, 83453, 85374, 85406, 85683, 86689, 86820, 86925, 87872, 88872, 89585, 91347, 91470, 93436, 94773, 95606, 96881, 97427, 97476, 97610, 99723, 101002, 101718, 101993, 105115, 105328, 105569, 106830, 108950, 109715, 112684, 113045, 113253, 114083, 115249, 116035, 116934, 117500, 120942, 123225, 124822, 124845, 126899, 128757, 129445, 130342, 130768, 131624, 132157, 133370, 133625, 137743, 137760, 140494, 145888, 146200, 146592, 148525, 148571, 148870, 150128, 150826, 152842, 154276, 154742, 155917, 157358, 158242, 160610, 160703, 162860, 163073, 164018, 164635, 166100, 166557, 166577, 166840, 166983, 169446, 170371, 170469, 170982, 172666, 173505, 174016, 175469, 175743, 176081, 179492, 180469, 180624, 181568, 182436, 184853, 185204, 185288, 185870, 190390, 192261, 193851, 194516, 194553, 195068, 195183, 196436, 198194, 198487, 198531, 199946, 200104, 200339, 201177, 201188, 201970, 202659, 203006, 203267, 205270, 205412, 206919, 207365, 207908, 208160, 210596, 211021, 213861, 215295, 215736, 217146, 220392, 220771, 222142, 222556, 223173, 224830, 224979, 225663, 227500, 229037, 229312, 229743, 230081, 230190, 230522, 233361, 239752, 239781, 240185, 242379, 242506, 243799, 245222, 246974, 249819, 249930, 254984, 256087, 257720, 258815, 258998, 259400, 261070, 266253, 266658, 269159, 269831, 270429, 271413, 271915, 272681, 277474, 277883, 278850, 279369, 279620, 280914, 281566, 282215, 285087, 285228, 285325, 285956, 286363, 286898, 287166, 287336, 289571, 290572, 291095, 291224, 291910, 291971, 292700, 293105, 295389, 295642, 295851, 295885, 297392, 298576, 299505, 301833, 304588, 305365, 305901, 306175, 306408, 307686, 307826, 307829, 309831, 311456, 312458, 312570, 312595, 312620, 313089, 313718, 314313, 315108, 315222, 315680, 315908, 316989, 317096, 317506, 318913, 319623, 320269, 321257, 321718, 322306, 322549, 322729, 325884, 325945, 326195, 327079, 327478, 327583, 328552, 332263, 332557, 333885, 334418, 336259, 336471, 336999, 337831, 338197, 338572, 339266, 340669, 341440, 342678, 342872, 345358, 346506, 347762, 349089, 350285, 350469, 350936, 352326, 352558, 352992, 353057, 353161, 353453, 353732, 356696, 356886, 357591, 359364, 359597, 361988, 362290, 362693, 362773, 363285, 364854, 365056, 365602, 365679, 366103, 366777, 370400, 374579, 375167, 376599, 378891, 379264, 380200, 383253, 384034, 385454, 385841, 386238, 386913, 386991, 387472, 387500, 388282, 388671, 389386, 389512, 390822, 391117, 398173, 399003, 399227, 400364, 401825, 402860, 403007, 403491, 405237, 406054, 407451, 407911, 411019, 411517, 413166, 413421, 413617, 415556, 417984, 419590, 419691, 420219, 420484, 421426, 421491, 422051, 422515, 423280, 424009, 427884, 428096, 430182, 430596, 430996, 431893, 431913, 432773, 432811, 433315, 434215, 434300, 435703, 436011, 436041, 437030, 437157, 439031, 439096, 441300, 441612, 442917, 443111, 443500, 445408, 446426, 447209, 447414, 447864, 448435, 448572, 450038, 450422, 450642, 450751, 450884, 452500, 452522, 453382, 453991, 455223, 455711, 456758, 459517, 460724, 460934, 462966, 464268, 466342, 467372, 467961, 468132, 468807, 469343, 469928, 469985, 470187, 472107, 474106, 474559, 478382, 479373, 480038, 480503, 481611, 481856, 482399, 482851, 483366, 483993, 484950, 486336, 486701, 487339, 487427, 488193, 493337, 494387, 494772, 496805, 497282, 498441, 498772, 499234, 502638, 503224, 508421, 509719, 510117, 511164, 511572, 511791, 511940, 512208, 513111, 515832, 516575, 517432, 518126, 518459, 519249, 520571, 520777, 522821, 523202, 523600, 524273, 524498, 524621, 526776, 527197, 529122, 530706, 531292, 532002, 532310, 534599, 534693, 535463, 535610, 538421, 539499, 539595, 539773, 539967, 540179, 540975, 541999, 542210, 542214, 543745, 544225, 545397, 545746, 545971, 546258, 547264, 548338, 549512, 549654, 549706]",25
res_225.parquet,MI,"[49416, 78782, 88483, 97944, 105449, 111631, 112634, 118774, 126106, 130215, 135407, 139383, 165027, 192153, 207372, 244458, 256521, 261922, 264671, 288786, 293277, 298413, 315817, 322110, 335251, 336927, 338612, 345679, 354973, 372790, 380841, 401836, 406283, 420622, 426869, 431738, 437389, 446888, 448794, 450698, 451199, 459668, 469958, 473654, 481142, 486240, 513694, 518278, 519350, 523256, 534333, 548981]",10
res_227.parquet,MI,"[4446, 6570, 6862, 7661, 12395, 14289, 15309, 22305, 25756, 28724, 31585, 34775, 35679, 36134, 38164, 38409, 39049, 57556, 59631, 61074, 61640, 64328, 72715, 73325, 74146, 76057, 77795, 80088, 81056, 81374, 84089, 85081, 90625, 90727, 95492, 95782, 99065, 99083, 100038, 100282, 102992, 106306, 109236, 113347, 115704, 119062, 120412, 123721, 126199, 131071, 132511, 133318, 134306, 134444, 142411, 143999, 154858, 160054, 167953, 169785, 169943, 170162, 173049, 173382, 177767, 182084, 189088, 190497, 193050, 193524, 194805, 200264, 200783, 203134, 203992, 206597, 208038, 210277, 210572, 213431, 219580, 223121, 225143, 225421, 226154, 228797, 229671, 238045, 240070, 241571, 248433, 252236, 255651, 262328, 262937, 262973, 264215, 268343, 271131, 272142, 273737, 277988, 278448, 279270, 279955, 281165, 284104, 285458, 287250, 287626, 289707, 296525, 303323, 305377, 317226, 317868, 318718, 318724, 318854, 324955, 326459, 328604, 328714, 332639, 333299, 337521, 344992, 347590, 354250, 356148, 356589, 359350, 360066, 360182, 367023, 373264, 376769, 392488, 395173, 396633, 397934, 400849, 404854, 405133, 416058, 416629, 423505, 425357, 426047, 428854, 431284, 443116, 447070, 451583, 451636, 454148, 458420, 459604, 466133, 466386, 467038, 470870, 472696, 472710, 472973, 476971, 477518, 480860, 487184, 489442, 494039, 494447, 496380, 508335, 509440, 510092, 521637, 525399, 528992, 529847, 532575, 533853, 535041, 536984, 537873, 539522, 540613, 540836, 542307, 543272, 546840, 547096, 547401]",20
res_229.parquet,MI,"[2893, 10817, 20832, 23716, 40628, 45725, 66147, 71864, 75636, 90428, 106830, 109715, 113495, 119340, 133878, 172160, 175997, 181803, 193878, 197043, 201524, 210596, 211021, 211470, 213519, 250903, 255062, 266118, 286898, 301348, 303177, 308604, 336999, 359364, 369287, 399411, 404574, 408698, 410898, 412916, 419691, 420432, 422495, 437545, 440279, 445408, 447864, 465871, 485226, 504644, 520571]",5
res_231.parquet,MI,"[104889, 131708, 164338, 195848, 266815, 299388, 308529, 486896]",10
res_236.parquet,MI,"[1380, 6571, 24439, 48924, 53797, 73107, 73789, 77901, 90406, 96493, 126936, 134793, 156400, 173237, 173521, 180563, 184098, 195229, 195480, 231401, 234943, 245242, 246809, 252372, 265500, 273819, 279518, 280955, 301511, 313482, 342172, 370059, 376607, 383497, 385967, 393008, 394042, 417289, 433579, 436344, 447852, 454698, 466388, 466844, 471355, 471584, 482426, 488487, 500128, 504611, 515467, 526149, 530276, 542905]",35
res_239.parquet,MI,"[6442, 27300, 236841, 284784, 333202, 342243, 363455]",20
res_24.parquet,MI,"[14344, 16068, 31597, 45758, 51665, 83968, 118404, 131681, 143522, 157079, 166152, 185727, 204711, 209616, 215110, 256377, 293847, 312358, 328150, 330455, 336441, 338081, 355886, 362387, 365318, 371157, 387598, 409846, 415298, 455153, 457820, 458760, 462448, 469477, 482115, 502179, 511629, 525849, 529102, 537085]",15
res_240.parquet,MI,"[15283, 16273, 18226, 18662, 22065, 23817, 29406, 31760, 32530, 32889, 36855, 37631, 41729, 49299, 49919, 50204, 53721, 54792, 55854, 60779, 68207, 69138, 72484, 76866, 80565, 82147, 83404, 86428, 86813, 88361, 98574, 102800, 112559, 114189, 114669, 115448, 126201, 126811, 126990, 137278, 138562, 143774, 145185, 147757, 151461, 151994, 152826, 156951, 163160, 164026, 164264, 166632, 167295, 169275, 169747, 169807, 191340, 192724, 196284, 208677, 210984, 221459, 221553, 224191, 229663, 232638, 235543, 236587, 237484, 244574, 245190, 245487, 247748, 250392, 253338, 254002, 254628, 256982, 261850, 262130, 265157, 267934, 271679, 272862, 272941, 281200, 289491, 294358, 299299, 300110, 304951, 305387, 310606, 313565, 313809, 314498, 316377, 321806, 324749, 328799, 330643, 342465, 346683, 347667, 354587, 354977, 358254, 360849, 362796, 364696, 373790, 386923, 394940, 402481, 405240, 406509, 408734, 408988, 410311, 413370, 420329, 422011, 438431, 443207, 443919, 449004, 454836, 455463, 469000, 471413, 472423, 473667, 475148, 475299, 477653, 481633, 482779, 483588, 489462, 494544, 498074, 498779, 502493, 510166, 510217, 516127, 521072, 521100, 521610, 524135, 528235, 528414, 531438, 539338, 539466, 539519, 540831]",15
res_241.parquet,MI,"[46040, 143057, 169884, 171249, 188923, 362707, 408712, 456176, 466072, 492876]",20
res_245.parquet,MI,"[116219, 387449]",5
res_247.parquet,MI,"[18662, 53291, 87611, 94875, 101361, 124195, 124449, 126201, 156951, 159521, 168257, 215568, 215878, 219892, 219912, 229663, 242464, 273565, 298976, 310760, 346683, 360849, 384283, 386921, 409000, 421925, 423245, 439440, 442978, 459553, 461338, 462225, 512892, 520699, 523793, 538004, 539421]",10
res_250.parquet,MI,"[3155, 3501, 6306, 7034, 7977, 8786, 12307, 13811, 16707, 18308, 21074, 21535, 22256, 23163, 24015, 24663, 25437, 34351, 35571, 38712, 39016, 47802, 52355, 57518, 59685, 61269, 68007, 69227, 69979, 72036, 73776, 74518, 78183, 78806, 81170, 82524, 84893, 93150, 105074, 108850, 111108, 112416, 113080, 115232, 122915, 127906, 131850, 132270, 138217, 140800, 143454, 143559, 147570, 147980, 155768, 156596, 160845, 165448, 170696, 179023, 179238, 179956, 181465, 181474, 181663, 182204, 192734, 193579, 193643, 193826, 196639, 197634, 198674, 199230, 200686, 204944, 206830, 211789, 214294, 215980, 217960, 220024, 224855, 230035, 230660, 231552, 233699, 235832, 236213, 239739, 245990, 248736, 250579, 252217, 252970, 270011, 275128, 279203, 279355, 283851, 285668, 298316, 300656, 301018, 310995, 315104, 316423, 318100, 323720, 332784, 340725, 341077, 347897, 349705, 351395, 352822, 364943, 369341, 370130, 371171, 373207, 382715, 384038, 386099, 386523, 386704, 389594, 396219, 400136, 407887, 416255, 418347, 419809, 436629, 440190, 441370, 443199, 447181, 450864, 457933, 463861, 468937, 475016, 476570, 480816, 481063, 485882, 492837, 493864, 494574, 495772, 497645, 499455, 501670, 502518, 505256, 511607, 512983, 513711, 513771, 522670, 522985, 528741, 529633, 531923, 532858, 533224, 536549, 542360, 545383]",5
res_251.parquet,MI,"[1566, 122691, 140105, 194190, 223601, 260192, 407516, 467658, 473989]",15
res_257.parquet,MI,"[597, 1987, 1990, 11278, 29735, 37780, 37902, 38033, 40538, 41109, 43173, 56788, 58592, 59132, 60207, 60757, 63676, 68865, 86647, 88009, 88519, 90350, 94336, 102820, 118243, 121032, 121956, 133311, 145391, 151884, 155816, 159927, 181332, 187822, 194327, 194396, 200835, 215404, 218100, 222809, 223732, 234705, 240337, 243375, 244548, 247079, 250748, 255242, 264837, 271475, 274555, 289697, 301130, 307329, 338115, 340873, 344632, 345323, 347492, 349479, 354862, 354968, 375569, 377290, 381579, 382340, 396010, 403436, 410450, 411562, 418825, 443178, 446574, 451175, 460992, 468150, 468466, 472040, 488358, 497434, 500062, 506689, 510689, 515610, 526094, 529038, 529744, 540717, 543654, 547003, 547076, 548885, 549244, 549730]",15
res_259.parquet,MI,"[12404, 20528, 20861, 20943, 42791, 60317, 78481, 106830, 114347, 121483, 123553, 130441, 131014, 133878, 139396, 151980, 155758, 165338, 166385, 174128, 185123, 187002, 201524, 231655, 246034, 265893, 271102, 283250, 299505, 323765, 336999, 341309, 341433, 359364, 367169, 367590, 383003, 404574, 412916, 420432, 427894, 437634, 450751, 464892, 468155, 472616, 505610, 518207, 520571, 527314, 539773]",5
res_26.parquet,MI,"[1424, 3155, 7034, 8786, 11159, 12307, 17295, 20211, 21074, 21535, 24015, 24663, 25437, 34295, 35571, 38712, 47802, 51325, 52355, 53326, 56825, 58333, 58684, 58875, 61052, 61269, 62347, 64074, 64104, 65027, 67854, 71072, 78183, 81170, 83240, 84763, 88763, 89587, 92169, 96168, 102858, 108850, 110088, 112416, 114829, 115232, 115902, 121918, 130335, 131245, 131850, 131933, 140800, 143325, 143495, 147424, 147980, 150443, 154295, 156596, 158449, 160691, 160845, 164402, 165842, 167325, 167339, 170696, 173907, 176072, 176719, 179023, 183358, 188766, 192383, 193826, 194845, 197528, 198674, 207474, 210258, 211789, 211973, 215011, 215980, 217960, 219773, 220610, 227301, 230035, 230660, 237717, 241400, 243703, 245990, 246825, 248296, 252217, 252970, 254879, 255026, 258805, 264852, 265196, 275128, 290506, 292967, 293561, 300678, 305519, 311003, 315104, 316423, 319750, 325549, 332961, 338015, 343145, 345166, 345929, 349158, 349705, 350860, 351395, 368247, 371171, 373224, 382715, 384038, 386099, 386222, 386523, 388561, 388732, 393618, 393747, 393898, 394209, 396506, 399576, 400136, 405865, 409037, 424337, 428271, 440380, 442441, 442979, 443038, 451721, 454041, 462288, 463771, 465575, 468937, 474389, 481063, 481732, 484310, 485820, 488946, 494574, 497645, 499014, 499455, 502518, 502626, 508130, 509634, 511023, 513771, 522985, 530062, 534505, 539480, 540982, 543410, 547417]",30
res_261.parquet,MI,"[1128, 2345, 3189, 3665, 8820, 18679, 21584, 33159, 36838, 38045, 42604, 46116, 47918, 51422, 59460, 63130, 63358, 78363, 83120, 85223, 85667, 89094, 93673, 109872, 125237, 127570, 129876, 130260, 135038, 136667, 138577, 158877, 161940, 165106, 166916, 169960, 176145, 179659, 179915, 193970, 195012, 200498, 217491, 224139, 228361, 230106, 230907, 233992, 239595, 240934, 242713, 250083, 251116, 254831, 257120, 258317, 259563, 280361, 290373, 304476, 305814, 308012, 310737, 311507, 317681, 318249, 323911, 328655, 332738, 333226, 335700, 342401, 343323, 343737, 352671, 353107, 357659, 359401, 360737, 363712, 364158, 367350, 382107, 382198, 386592, 388534, 393076, 394295, 401256, 402244, 427351, 427484, 427488, 436428, 438964, 443155, 446759, 452665, 467579, 471414, 472805, 476478, 491182, 495250, 495997, 500106, 501821, 503489, 504838, 506184, 506672, 514097, 517236, 524451, 532087, 532988, 533538, 538623, 542704, 543673]",10
res_263.parquet,MI,"[108495, 126307, 168613, 180097, 332188, 361783, 411830]",10
res_264.parquet,MI,"[32711, 144803, 178522, 317050]",20
res_267.parquet,MI,"[92876, 177011, 245959, 360098, 417396, 505228, 506247, 532538]",15
res_268.parquet,MI,"[41371, 111086, 321161, 367384, 480279]",15
res_271.parquet,MI,"[4268, 189827, 239834, 244774, 281019, 445170, 461968, 490605]",15
res_272.parquet,MI,"[1990, 6432, 8945, 20221, 27578, 38033, 39950, 45070, 47178, 60848, 62727, 67725, 73137, 79547, 82639, 87858, 90203, 90350, 92621, 92980, 96526, 97130, 102230, 103604, 105675, 110094, 113255, 118907, 121288, 129196, 129199, 132527, 141662, 142197, 145391, 163589, 175925, 176404, 182989, 193674, 195282, 196692, 204458, 249357, 251478, 259251, 289613, 289697, 289960, 291241, 292113, 293319, 294541, 299338, 301130, 307854, 311324, 317912, 320726, 330711, 355031, 358791, 372413, 379329, 382340, 392570, 394260, 399648, 404844, 405272, 407194, 418825, 419311, 420240, 423231, 437284, 441427, 451175, 459270, 487440, 487959, 489243, 491042, 498808, 499133, 499516, 509036, 510037, 511358, 512566, 518756, 518829, 522093, 529744, 530649, 541827, 542202, 546177]",15
res_273.parquet,MI,"[12932, 77763, 109304, 133859, 157798, 368307, 542380]",20
res_278.parquet,MI,"[32530, 49919, 50204, 54792, 59073, 60779, 68207, 86813, 90324, 142481, 159428, 178070, 261850, 271679, 282194, 377534, 402481, 452808, 471508, 483652, 543961]",5
res_280.parquet,MI,"[1207, 29406, 55854, 63684, 92879, 106774, 111979, 131759, 133897, 163689, 169275, 171558, 192724, 204544, 208677, 224191, 235229, 265157, 267934, 268603, 272862, 294358, 354369, 364575, 408734, 420593, 422011, 440362, 455463, 473667, 492169, 517110, 521610, 522284]",15
res_282.parquet,MI,"[81019, 86165, 110645, 138225, 153842, 154768, 189233, 192113, 195241, 233102, 241368, 272971, 274793, 304491, 309168, 310590, 370787, 374421, 396717, 400659, 401146, 404057, 414647, 415016, 428651, 439352, 447640, 496059, 511308, 520924, 527244, 543470, 547031]",10
res_283.parquet,MI,"[2324, 6639, 14251, 15211, 19614, 26623, 38971, 70821, 88004, 114837, 141697, 166557, 180767, 191109, 230081, 255225, 257050, 267119, 269159, 269831, 287261, 330529, 338572, 343175, 362476, 385454, 388671, 390765, 413705, 421099, 430182, 459666, 516534, 526776, 534599, 534697, 539071, 548814]",10
res_287.parquet,MI,"[10552, 68434, 75194, 81211, 97619, 116219, 120773, 129174, 157770, 164324, 189998, 197116, 200135, 219987, 232459, 251401, 252094, 255853, 262377, 277090, 289428, 290054, 300191, 336985, 338704, 357996, 369837, 378934, 387449, 388336, 392142, 395435, 404386, 431187, 443140, 447337, 457965, 472105, 476924, 486299, 504340, 507422, 510753, 511477, 520649, 529961, 532609, 537160, 537440, 539983]",10
res_289.parquet,MI,"[30889, 76782, 178668, 460301, 514790]",10
res_290.parquet,MI,"[26063, 69138, 85091, 112559, 114669, 134294, 151994, 163160, 169156, 169747, 176115, 183140, 187454, 253338, 299299, 313809, 324749, 335760, 358254, 373790, 381253, 392860, 394940, 405240, 406509, 413370, 454203, 477653, 534728, 539466, 539519]",5
res_292.parquet,MI,"[235029, 379713, 385892, 433601, 445225, 479702, 505432]",10
res_298.parquet,MI,"[232, 695, 1052, 3386, 3764, 3894, 4786, 5231, 5933, 6747, 7845, 7901, 8458, 9964, 12641, 14175, 15309, 15946, 16555, 16588, 16953, 17056, 17548, 18347, 18840, 19705, 20958, 22585, 23845, 24927, 25294, 25756, 26747, 27043, 29260, 30779, 33935, 34775, 35549, 36566, 38409, 39049, 41980, 42221, 43361, 44030, 46439, 47178, 48370, 48732, 49048, 49431, 51119, 51312, 52604, 53642, 54275, 54517, 55336, 57540, 57556, 58586, 59631, 59810, 61112, 62727, 64155, 64159, 64703, 65064, 66893, 68298, 69349, 70525, 70734, 71089, 71260, 73137, 74330, 74523, 74675, 74879, 77410, 77795, 78127, 78411, 79414, 83376, 83529, 83885, 84014, 84089, 86647, 87858, 88472, 88877, 90350, 90727, 91348, 92436, 92980, 93633, 94664, 95782, 96025, 96526, 96531, 97184, 97813, 101196, 102294, 103694, 104513, 104868, 105236, 106125, 106337, 108101, 108753, 108806, 109236, 109919, 110028, 110094, 110164, 110702, 111525, 112070, 112169, 113436, 113662, 114431, 114784, 116475, 118291, 118907, 119319, 119409, 121288, 121458, 124887, 128362, 129104, 129365, 130296, 132478, 132533, 132623, 134014, 135285, 136008, 139933, 140279, 141662, 141925, 142046, 142197, 142595, 143570, 143761, 144387, 145104, 146058, 147088, 148031, 148652, 148941, 151852, 152369, 153106, 153882, 154499, 155446, 157467, 157488, 158060, 159011, 159712, 160350, 163080, 163521, 163888, 164363, 164454, 165388, 167404, 167806, 167996, 171140, 175377, 176585, 177767, 178045, 178400, 178970, 180267, 181096, 181840, 182097, 183038, 183739, 184254, 186787, 187457, 189061, 189120, 191108, 191683, 191955, 193328, 194691, 194925, 196692, 198195, 202489, 202573, 203782, 204688, 207213, 207537, 210423, 214005, 214127, 215444, 216114, 216155, 216176, 217736, 218225, 218723, 219061, 219580, 219919, 220900, 222611, 224482, 224813, 226004, 226290, 226393, 226425, 227557, 233061, 233401, 233684, 233785, 235223, 235285, 236684, 236819, 237854, 238045, 238726, 239631, 241571, 244419, 245477, 251078, 251477, 258185, 259822, 259927, 260897, 262151, 263197, 265187, 268500, 271131, 272142, 273291, 273850, 274968, 275199, 276133, 276247, 276581, 277988, 279270, 279955, 280194, 281816, 282314, 282475, 283113, 283568, 283940, 285753, 289729, 289884, 291241, 291896, 292113, 293209, 293319, 293740, 294291, 295014, 295418, 297971, 298832, 299338, 299476, 299675, 299834, 300398, 300889, 301203, 303707, 304916, 305094, 308178, 309351, 311309, 313451, 313613, 314151, 314343, 314919, 319685, 320414, 320602, 323420, 324955, 325144, 326459, 327970, 328604, 328798, 330711, 333288, 335089, 335156, 335546, 335666, 336519, 337014, 339907, 341556, 343511, 344801, 346092, 348388, 348920, 350110, 352581, 354250, 354636, 355031, 355446, 355994, 356723, 357689, 360066, 360872, 363339, 363691, 364154, 365362, 367700, 367776, 369825, 371114, 371989, 372251, 372413, 372425, 372657, 373264, 376347, 379659, 379996, 380643, 381065, 382340, 383928, 386749, 386890, 388661, 389176, 391290, 394532, 394670, 395173, 395249, 397137, 397445, 398667, 399613, 399673, 400586, 402486, 402675, 403643, 404392, 404886, 407684, 408830, 413146, 416058, 418933, 419311, 419613, 422953, 423231, 423452, 423666, 423797, 424185, 425357, 425423, 427180, 427291, 427587, 427743, 429539, 430484, 430965, 432165, 433423, 433709, 434476, 435145, 436927, 437568, 438095, 438274, 438628, 440879, 442781, 442814, 443854, 444943, 445496, 445718, 445852, 445859, 445889, 446488, 446994, 447070, 448464, 449250, 450529, 450853, 451310, 451636, 451750, 451927, 452959, 454368, 458438, 459832, 460212, 460880, 462075, 464087, 464661, 465947, 466258, 466691, 467038, 467749, 469357, 470442, 472432, 473145, 473383, 474312, 474740, 476781, 477798, 479701, 480114, 480571, 482717, 483601, 485537, 485564, 485867, 487184, 487959, 488358, 488736, 489048, 489152, 490601, 498012, 498123, 500422, 501708, 502281, 503727, 505389, 505657, 509036, 509755, 510025, 510092, 510772, 512021, 513581, 515043, 517368, 517454, 518052, 518203, 518829, 520757, 521065, 524703, 526150, 529744, 529847, 529949, 530649, 531486, 531617, 534430, 536408, 536435, 538248, 538250, 539831, 542342, 542809, 545186, 548362, 548747, 549730, 549841]",75
res_30.parquet,MI,"[1052, 3386, 3764, 7901, 18347, 33935, 42221, 74675, 75186, 78411, 106913, 112070, 118291, 140279, 144387, 145104, 151852, 178400, 184254, 189061, 191108, 191955, 207537, 217736, 219919, 222611, 224482, 226393, 237854, 238726, 240642, 251477, 259822, 265187, 274968, 289729, 289884, 294383, 295014, 300398, 313451, 314343, 320414, 336519, 338268, 339907, 344794, 348920, 364154, 367776, 372251, 386749, 391290, 392574, 397445, 416094, 425982, 432165, 438628, 442781, 443854, 445852, 451310, 485537, 485564, 489152, 513581, 539831, 545186]",10
res_303.parquet,MI,"[1104, 10005, 27037, 37841, 73189, 75469, 77016, 77267, 83518, 86215, 97656, 99266, 103863, 115134, 140734, 153588, 156288, 162892, 169995, 181066, 193506, 204709, 205760, 207185, 217051, 255025, 282902, 283704, 289938, 297756, 309562, 314007, 326637, 336337, 339919, 372701, 373024, 374622, 404378, 419306, 429718, 433379, 436716, 438042, 444938, 446645, 450644, 462308, 473915, 476396, 506925, 530149, 536885, 548990]",25
res_304.parquet,MI,"[207185, 208956]",10
res_305.parquet,MI,"[10381, 37197, 42830, 69122, 80626, 97486, 100059, 103197, 133522, 202545, 209388, 296140, 328383, 343120, 349291, 368563, 421751, 450992, 475859, 495884, 509169]",5
res_307.parquet,MI,"[4680, 6655, 22411, 29447, 48962, 59304, 65871, 69289, 69395, 71371, 72159, 92879, 107139, 111979, 112170, 119111, 122082, 124449, 124643, 128625, 131759, 143449, 163689, 165889, 166792, 167248, 171558, 193304, 198579, 204544, 207370, 207506, 207757, 209635, 218101, 220474, 231608, 235229, 245888, 249348, 253843, 268603, 269616, 276927, 292614, 310274, 313313, 329121, 331638, 334998, 354369, 362997, 364575, 379310, 386900, 386921, 388460, 409000, 409238, 412777, 413841, 414476, 417412, 420593, 431180, 433078, 434926, 439440, 439570, 440362, 442858, 442978, 450271, 450537, 451590, 461338, 462068, 471691, 481131, 483124, 489019, 503821, 522284, 531186, 533111, 540990, 543271, 544291, 549641]",20
res_308.parquet,MI,"[41374, 77110, 81590, 83151, 84260, 124284, 140434, 157441, 171859, 184590, 207733, 229559, 244582, 261491, 265549, 273297, 274916, 301831, 339917, 379982, 394341, 394743, 416876, 496110, 526754, 549984]",30
res_310.parquet,MI,"[144803, 178522]",10
res_312.parquet,MI,"[102972, 126904, 145237, 157441, 170985, 229559, 261491, 339917, 351510, 360436, 444081, 534600]",15
res_314.parquet,MI,"[1705, 2196, 2893, 3069, 5620, 7623, 7705, 10687, 10817, 12404, 14004, 14742, 16835, 18135, 18241, 18623, 20832, 20943, 21333, 21437, 22983, 23716, 29212, 30822, 31578, 31677, 32039, 33863, 34026, 34268, 35394, 35548, 36004, 36255, 37325, 40628, 40670, 40845, 41657, 41835, 42791, 43674, 45725, 48532, 49911, 51752, 51793, 52045, 53056, 53219, 54483, 55995, 57364, 59283, 60026, 61953, 62487, 63928, 66147, 69593, 69857, 70979, 71510, 71864, 72211, 75636, 75787, 76116, 76366, 78042, 81901, 82501, 83131, 83708, 85406, 88872, 90428, 90697, 91470, 91652, 94117, 96541, 97476, 98785, 99723, 101002, 102307, 102785, 106830, 108607, 109435, 109715, 110503, 111193, 111472, 113045, 113253, 113495, 114028, 114704, 115623, 117344, 119340, 121483, 124822, 124845, 129445, 130441, 131014, 131624, 133878, 140476, 144826, 145888, 146290, 146592, 147598, 147835, 148525, 150520, 152842, 154178, 154276, 154554, 155166, 155724, 157110, 159881, 160703, 160837, 161710, 162097, 165465, 167216, 168663, 172160, 172666, 173794, 174543, 175997, 177048, 177728, 178375, 178965, 181803, 181825, 184853, 185123, 185204, 185288, 186884, 188268, 188434, 189496, 191500, 193878, 196625, 196859, 197043, 201524, 202438, 202659, 204149, 205270, 205931, 207365, 208017, 208160, 208668, 209698, 209794, 210596, 211021, 211470, 213519, 215777, 216961, 217174, 218223, 222778, 223173, 224293, 225323, 227288, 227630, 229743, 229797, 230522, 230728, 234465, 240942, 242415, 242829, 243272, 245222, 245653, 246168, 246974, 247341, 248980, 250903, 251175, 255062, 256456, 257096, 258998, 260062, 260680, 261722, 262218, 265887, 266118, 267695, 269554, 271445, 271915, 271931, 272221, 274468, 275045, 275768, 276981, 277883, 278082, 279245, 281566, 285325, 285504, 286363, 286898, 287166, 287336, 291498, 293677, 294712, 295389, 296649, 296845, 297315, 299505, 301348, 303177, 305651, 306408, 306589, 307826, 307829, 307858, 308451, 308604, 309831, 310552, 311490, 313637, 313718, 317093, 317809, 318785, 318913, 321257, 321718, 323765, 324121, 325705, 326195, 326839, 327478, 328222, 330570, 332263, 333798, 334640, 336665, 336999, 339358, 341309, 341433, 344185, 345358, 347738, 349117, 349680, 352233, 352992, 353294, 353773, 358322, 359364, 361061, 362290, 362773, 362952, 364177, 364854, 365205, 365602, 366551, 366735, 367169, 369287, 369293, 374087, 377649, 383347, 386991, 386999, 387472, 388282, 390822, 391117, 392198, 398301, 399411, 400775, 402215, 402860, 404574, 406221, 407541, 407911, 408698, 409405, 410372, 410898, 412916, 413166, 414172, 415429, 415983, 417984, 419032, 419590, 419691, 420219, 420432, 421426, 422495, 423419, 424009, 424073, 424633, 425877, 425955, 427793, 427894, 428745, 430592, 431913, 431939, 432489, 433179, 434834, 436011, 437529, 437545, 439031, 440279, 441300, 442465, 443500, 443574, 445082, 445408, 446426, 446632, 447864, 450317, 450422, 450884, 451066, 451367, 451546, 451726, 452029, 452500, 452517, 453528, 455100, 456758, 458044, 459710, 459904, 462499, 462966, 464301, 465871, 467961, 470163, 471637, 472003, 474051, 474414, 474857, 476166, 476238, 477904, 478348, 479485, 480503, 480734, 481246, 482399, 485039, 485226, 486313, 486701, 489418, 489438, 492236, 493337, 494772, 496761, 497145, 498879, 499039, 502227, 504644, 505610, 506559, 508555, 508998, 509719, 510333, 511940, 513269, 518126, 518207, 519218, 519411, 520386, 520518, 520571, 522524, 523774, 524172, 524498, 527196, 528344, 529221, 529907, 531702, 532002, 532025, 532834, 533543, 534207, 534379, 534693, 539499, 540179, 542570, 543102, 543745, 544332, 548196, 548233, 548338, 549654, 549706]",35
res_317.parquet,MI,"[32956, 53708, 95434, 214641, 242011, 244304, 256339, 271429, 274011, 326867, 357439, 360791, 402337, 408930, 430476, 443726, 463678, 503377, 512942, 524478]",10
res_318.parquet,MI,"[1207, 92879, 420593, 492169]",5
res_319.parquet,MI,"[27517, 37841, 53893, 73189, 75442, 103863, 118573, 140734, 181066, 204709, 213050, 237898, 250630, 283704, 289847, 326637, 335128, 339919, 350887, 372701, 419306, 443071, 446645, 476396, 514020]",10
res_324.parquet,MI,"[522, 1710, 2928, 4494, 9115, 11576, 12688, 14378, 16386, 18193, 18504, 18746, 19299, 20949, 21593, 23907, 30415, 32453, 32654, 37299, 41197, 41571, 43236, 43457, 46248, 51183, 52516, 53708, 59069, 62437, 63464, 64029, 66053, 66681, 71847, 72571, 72582, 73662, 81062, 85713, 89314, 90110, 91014, 93384, 97245, 99651, 99724, 102871, 105166, 108891, 109123, 109556, 110328, 115847, 117418, 117839, 123460, 123604, 124253, 125354, 125797, 127167, 127646, 127837, 128216, 132363, 134132, 141838, 145358, 146804, 148584, 157442, 159169, 163480, 167608, 171725, 175998, 177184, 177342, 182390, 188086, 189172, 194642, 195180, 198396, 199093, 202389, 205687, 205717, 209590, 209876, 210721, 213381, 215173, 219560, 221439, 223088, 223133, 225974, 230157, 231798, 232505, 235265, 236654, 236823, 240921, 241179, 242011, 242257, 242328, 245821, 247797, 256251, 259496, 259798, 260634, 261528, 263955, 267941, 269862, 270182, 271429, 273454, 273750, 276474, 277177, 278280, 280680, 281627, 283175, 284300, 289968, 290516, 291570, 292996, 296537, 297594, 298388, 306362, 312544, 315320, 316032, 318816, 319274, 320297, 320679, 320802, 320902, 321934, 322281, 322874, 325237, 327451, 328097, 329508, 330024, 330854, 332539, 332893, 333249, 333973, 336575, 338021, 338139, 338199, 339901, 341182, 348042, 354907, 356732, 357439, 359336, 360791, 366008, 366580, 368387, 369346, 372625, 375576, 380082, 381131, 381193, 381343, 386752, 391256, 398253, 401227, 401617, 408930, 410791, 411539, 411661, 414064, 415257, 417597, 418092, 418232, 420392, 422397, 427909, 430016, 433700, 436760, 436788, 436936, 437225, 440371, 442446, 442607, 443118, 443411, 447182, 447806, 452785, 459428, 463678, 464078, 467001, 473133, 474349, 474702, 475845, 477490, 481469, 487110, 488785, 489365, 502181, 502634, 505722, 508492, 510235, 512126, 512942, 516372, 517800, 523023, 524461, 524478, 526649, 527285, 529060, 533164, 536970, 540528, 547410, 549360]",15
res_325.parquet,MI,"[37798, 79633, 81590, 83151, 130583, 191148, 204468, 305511, 333245, 369121, 382354, 405450, 414060, 450369, 501560, 504096, 517813, 540671]",25
res_327.parquet,MI,"[1380, 11203, 24439, 53797, 73107, 77901, 96493, 156400, 180563, 184098, 231401, 234943, 273819, 279518, 370059, 376607, 383497, 417289, 433579, 447852, 466388, 471584, 500128]",10
res_33.parquet,MI,"[14564, 14731, 100380, 102045, 105341, 179061, 198156, 200853, 353666, 375241, 453845, 471088, 538032]",5
res_331.parquet,MI,"[5236, 5359, 9229, 23335, 23795, 23982, 24094, 26430, 29067, 31334, 46770, 49876, 50654, 63204, 75048, 78163, 83746, 87011, 91828, 95883, 99346, 104675, 105241, 106600, 106989, 116236, 123820, 125365, 130023, 132995, 134138, 135718, 140716, 141935, 145772, 155786, 157754, 159511, 161473, 165935, 166608, 169133, 172093, 173150, 174119, 178222, 182291, 191924, 202794, 205994, 217882, 218042, 220243, 225377, 225889, 239297, 244569, 252654, 260933, 261109, 282185, 290301, 292762, 295763, 296259, 299652, 307768, 310089, 311721, 325442, 326715, 327053, 330684, 333919, 335262, 342833, 344216, 346243, 352064, 352831, 362199, 364053, 364057, 366765, 371602, 372102, 379909, 380792, 384152, 384874, 385686, 386277, 390364, 390536, 392914, 396813, 398206, 398331, 411455, 411611, 412766, 422421, 423913, 424282, 429162, 430234, 442482, 443043, 443225, 443769, 447513, 454923, 463317, 463894, 464872, 469145, 471582, 476405, 476831, 487201, 488737, 490090, 500329, 503074, 509006, 509623, 509753, 513485, 515606, 515900, 517989, 527410, 531019, 532019, 533190, 534656, 534751, 540414]",10
res_332.parquet,MI,"[404805, 421729]",10
res_334.parquet,MI,"[10381, 23817, 23906, 37197, 42830, 54854, 68198, 69122, 69290, 74095, 80626, 87659, 97486, 103197, 122613, 126990, 128401, 133522, 138309, 161409, 170202, 197999, 202545, 208509, 209388, 210182, 211342, 237463, 247748, 270233, 270854, 271043, 282860, 284129, 296140, 312006, 312053, 313565, 325857, 328383, 330633, 334917, 342245, 343120, 349291, 359545, 368563, 374232, 376661, 382840, 387312, 401086, 405701, 405744, 410311, 414023, 414059, 419006, 420329, 421751, 434039, 446307, 448692, 448823, 450992, 452924, 460805, 470219, 482779, 485143, 495884, 496840, 509169, 516853, 531208, 538461, 539338, 544131]",5
res_339.parquet,MI,"[8806, 24725, 29950, 42327, 42629, 82988, 112961, 119488, 137803, 143428, 144269, 190747, 207738, 224800, 321195, 328407, 338667, 393350, 398925, 445909, 452619, 458168, 467893, 482738, 495921, 499126, 529899, 536798]",5
res_340.parquet,MI,"[12395, 14289, 36134, 123721, 167953, 173049, 208038, 223121, 317868, 359350, 385979, 409748, 451583, 494447, 513844, 521637, 528992, 544323]",5
res_344.parquet,MI,"[24374, 80934, 86820, 90110, 113045, 130342, 145888, 174016, 180624, 190390, 205412, 287273, 305365, 353453, 353732, 383253, 386752, 417984, 422515, 486701, 520777, 523023]",25
res_35.parquet,MI,"[1522, 3608, 6931, 16216, 16438, 18365, 18987, 20168, 23656, 24378, 30322, 30743, 31097, 31883, 31921, 33590, 35211, 44540, 45426, 48927, 51202, 59416, 61403, 65476, 65744, 66375, 67763, 71485, 73098, 77460, 77748, 80194, 80472, 81303, 81406, 84274, 84319, 90162, 100100, 100385, 103176, 103804, 112110, 113936, 117974, 127228, 127278, 133674, 140604, 141491, 141893, 142095, 144707, 149032, 153439, 160361, 163396, 166175, 167274, 168950, 170551, 170596, 171570, 173016, 178989, 179070, 181108, 184474, 185619, 185910, 191243, 191997, 194919, 196684, 198360, 199590, 206555, 207663, 211643, 212070, 215908, 216882, 219514, 221224, 221248, 223045, 227604, 230464, 233947, 236982, 238651, 241907, 245215, 245687, 246030, 248206, 249183, 259401, 260470, 265744, 271156, 274743, 275537, 275563, 275846, 277985, 279983, 289030, 291416, 291923, 291975, 295999, 297600, 298710, 298993, 303479, 304672, 307685, 308056, 312978, 315087, 317086, 317336, 317913, 322129, 322238, 322564, 326145, 328846, 330420, 334341, 334825, 336164, 336321, 337413, 340869, 342304, 342615, 342783, 345527, 347927, 348642, 357022, 358085, 358243, 360136, 363138, 365400, 365946, 367664, 369719, 371576, 376846, 381147, 385571, 387779, 387804, 396039, 396815, 397690, 398000, 401911, 406903, 411743, 421632, 421985, 427224, 433003, 433380, 434513, 435116, 460342, 461300, 465992, 466837, 468477, 470356, 472008, 475171, 476456, 477218, 479891, 480339, 483147, 486839, 487825, 492312, 501757, 507036, 515289, 516651, 517086, 517761, 524333, 530361, 530831, 532781, 532790, 540469, 543646, 546101, 549441]",15
res_350.parquet,MI,"[157798, 379436, 542380]",10
res_354.parquet,MI,"[44377, 82860, 203212, 308094, 458329]",10
res_355.parquet,MI,"[68355, 258760, 292175, 387606, 463589]",5
res_356.parquet,MI,"[232, 5231, 7845, 16555, 18840, 30779, 43361, 61112, 79414, 103694, 112070, 113662, 151852, 189120, 260897, 273850, 276581, 289729, 298832, 299476, 300398, 305094, 323420, 325144, 367700, 379659, 432165, 433423, 483601, 505657, 515043, 517454, 548747]",10
res_357.parquet,MI,"[2015, 24938, 31010, 33066, 46762, 47535, 72626, 99223, 119615, 140734, 146147, 150699, 162421, 172904, 188987, 206353, 210698, 222508, 229482, 233730, 237170, 237520, 259210, 264645, 275743, 283704, 289847, 303835, 334578, 381867, 395930, 401943, 411916, 414964, 426316, 429572, 442135, 446645, 502939, 507300, 514196, 543700, 549801]",10
res_362.parquet,MI,"[103570, 129893]",10
res_363.parquet,MI,"[28, 2948, 8791, 9087, 9115, 10343, 11287, 12388, 12688, 13822, 14920, 15615, 16055, 16731, 17765, 18072, 19031, 20988, 22667, 22709, 23183, 24374, 26186, 26623, 27542, 29749, 29842, 30822, 30905, 32645, 36068, 36770, 37859, 38612, 40670, 40812, 41041, 41114, 41708, 42487, 49911, 50473, 52045, 52529, 53056, 53895, 55589, 56388, 57314, 57960, 60726, 62487, 62718, 64686, 64801, 66539, 70821, 73256, 73577, 75567, 75787, 76518, 77799, 78145, 80934, 83523, 84000, 85739, 86820, 87872, 91347, 91470, 91581, 93436, 93608, 94773, 94948, 95606, 97447, 97476, 97511, 97610, 101718, 101993, 102785, 105328, 105569, 105998, 108360, 108607, 112684, 113045, 114083, 114837, 116035, 117500, 121098, 126899, 128272, 129445, 130342, 131058, 131624, 132157, 137743, 140494, 141684, 141697, 143949, 145358, 145888, 146140, 146200, 146592, 147835, 148571, 148610, 148870, 150826, 151051, 151970, 152222, 154276, 154742, 155635, 156237, 160610, 162860, 163073, 165599, 166100, 166557, 166577, 167153, 169446, 170982, 174016, 175743, 178215, 179492, 179991, 180624, 180767, 182390, 184853, 185870, 187940, 188500, 190390, 192261, 193851, 194553, 197652, 198194, 199498, 199946, 200339, 201188, 201745, 202659, 203267, 204149, 205412, 206919, 207908, 208160, 213861, 215020, 217146, 217862, 221901, 223271, 224123, 225626, 225663, 229037, 229312, 230190, 231797, 233361, 235265, 236823, 237352, 238004, 238118, 239752, 239781, 240185, 240921, 242506, 243272, 245222, 246974, 249506, 249869, 257050, 258892, 258998, 259314, 264615, 265763, 266996, 267119, 268001, 268335, 269831, 270309, 271931, 272099, 277474, 277883, 279279, 279369, 279382, 279620, 280914, 281323, 281566, 282901, 285087, 285228, 285325, 285678, 285956, 286308, 286363, 287064, 287273, 289571, 291095, 291224, 291700, 291910, 292700, 293105, 293485, 295642, 301833, 303383, 303656, 304327, 305365, 305901, 306408, 306969, 308953, 309831, 311456, 312022, 312458, 312620, 314931, 315108, 315680, 319140, 321257, 321934, 322549, 322729, 325198, 325464, 325945, 327363, 327583, 327878, 328097, 328552, 328760, 331207, 332667, 333727, 335219, 335853, 336575, 336942, 337831, 340028, 340669, 341440, 342872, 344977, 346149, 346506, 348232, 349089, 350285, 350469, 352558, 352992, 353057, 353161, 353259, 353453, 353732, 356696, 356914, 358302, 359597, 360225, 361988, 362798, 364854, 365602, 366103, 366654, 370400, 371881, 375167, 375616, 379264, 383253, 384034, 385454, 385841, 386166, 388671, 389386, 392655, 398173, 399003, 399227, 400364, 401825, 402860, 405237, 405565, 405983, 407451, 407911, 411019, 411469, 411517, 413166, 413421, 413617, 413705, 415429, 415556, 416113, 417984, 419088, 419590, 420235, 420615, 421099, 421470, 421491, 422597, 424009, 428096, 429199, 430996, 431913, 432773, 432811, 436011, 436041, 437030, 437157, 438408, 439096, 439391, 441300, 442917, 445364, 447209, 447414, 450038, 452029, 452862, 453991, 454555, 455223, 457741, 458234, 460724, 465222, 468132, 468807, 470187, 472107, 472739, 474559, 476500, 479373, 480038, 482399, 484950, 487110, 487427, 488193, 490538, 494250, 494772, 497282, 498441, 498993, 499234, 502638, 505052, 505577, 508421, 509719, 510117, 510235, 511164, 511572, 511940, 512208, 513111, 514719, 515832, 516575, 517432, 518459, 519249, 520777, 523202, 525736, 525946, 527285, 529716, 532310, 533049, 533319, 534379, 534599, 534697, 538421, 539967, 540975, 541999, 543745, 544225, 545397, 545746, 545971, 546258, 547264, 548196, 548338, 548814, 549512]",15
res_371.parquet,MI,"[143057, 169884, 171249, 302284, 362707, 408712, 456176, 466072, 492876]",25
res_373.parquet,MI,"[19418, 99083, 105567, 132511, 203134, 206597, 258386, 272248, 286039, 305377, 328714, 452039, 477827, 504283, 517920, 535041, 537873, 540162, 547096, 547401]",15
res_377.parquet,MI,"[1390, 8487, 13670, 15193, 44109, 53654, 54261, 57835, 72497, 74825, 75934, 79826, 82653, 82738, 85618, 93049, 102310, 108007, 117978, 121987, 136293, 136430, 139443, 140738, 150189, 154942, 168264, 169804, 175004, 176840, 177304, 178848, 205825, 211460, 220407, 225160, 227999, 236009, 255504, 259226, 261855, 273239, 276751, 282448, 294609, 297982, 301184, 304471, 306096, 306214, 306813, 315672, 362072, 365197, 369631, 372086, 377581, 378338, 385548, 391878, 401359, 410743, 416831, 423809, 426122, 427485, 431431, 434815, 435710, 443920, 451777, 452222, 455736, 455974, 458826, 459391, 462416, 481354, 495584, 500350, 507794, 508981, 519511, 525111, 526374, 530429, 531535, 541892, 542100, 543355]",10
res_38.parquet,MI,"[21420, 23028, 47521, 64141, 69564, 97810, 101651, 120773, 136300, 149825, 155874, 165775, 188781, 210096, 225557, 225705, 232243, 232459, 254102, 335536, 350694, 357854, 381884, 405426, 464383, 466307, 467460, 484434, 486897, 504340, 516028, 520649, 530245]",5
res_380.parquet,MI,"[8945, 39950, 42945, 60848, 79547, 82056, 90203, 92621, 97130, 102230, 103604, 105675, 113255, 129199, 163589, 175925, 176404, 176781, 182989, 195282, 204458, 209691, 211600, 249357, 251478, 259251, 261088, 282705, 289613, 289960, 294541, 294791, 301130, 307854, 311324, 317912, 320726, 358791, 379329, 392570, 394260, 399648, 404844, 410583, 418327, 418825, 420240, 437284, 439953, 459270, 469924, 487440, 489243, 491042, 498808, 499133, 499516, 511358, 518756, 522093, 541827, 542202, 546177]",15
res_384.parquet,MI,"[6643, 32292, 32745, 43095, 50285, 95087, 109005, 235205, 260314, 265059, 282553, 294551, 331881, 336228, 353266, 377503, 379859, 482834, 485283, 494583, 508029, 520460, 524691]",10
res_39.parquet,MI,"[45828, 119804, 133525, 149279, 157252, 176435, 190433, 224291, 284379, 284599, 289768, 296284, 306610, 308739, 326876, 329392, 349060, 356537, 372260, 373538, 398371, 425672, 427303, 433741, 502832, 508354, 527264]",5
res_391.parquet,MI,"[14516, 40518, 44963, 73016, 122170, 203805, 207943, 215777, 323675, 353294, 471636, 495758, 529659, 532834, 539110]",25
res_393.parquet,MI,"[1424, 3155, 3501, 6306, 6946, 7034, 7977, 8786, 9386, 10117, 12307, 13811, 20211, 21074, 21535, 22256, 23163, 24015, 24663, 24896, 25437, 28670, 28912, 29133, 32530, 35571, 38712, 39016, 45636, 47802, 50962, 52355, 53216, 53806, 57924, 59073, 61269, 62347, 64104, 67854, 68007, 69979, 71072, 72036, 72355, 73710, 73776, 74518, 78183, 79339, 81170, 81704, 82524, 83652, 84893, 85270, 90324, 96168, 101535, 101924, 105338, 108850, 113080, 114748, 115232, 116476, 121765, 126985, 127906, 129256, 131850, 132270, 135006, 137176, 137278, 138217, 140800, 142481, 143325, 143454, 143559, 144568, 145313, 147570, 147980, 152020, 153028, 155768, 156596, 156976, 159428, 160845, 160997, 161869, 165448, 170696, 173907, 174096, 177888, 178070, 179023, 181465, 181663, 182204, 183358, 184494, 185413, 187865, 192734, 193579, 193826, 197634, 198674, 199787, 200320, 200686, 207196, 208615, 211789, 215980, 217509, 217960, 224855, 228491, 229269, 230035, 230381, 230660, 233699, 236213, 237672, 237717, 239739, 244588, 245990, 246054, 248736, 249515, 250579, 251955, 252217, 252970, 254403, 255026, 257603, 261123, 261850, 270011, 272421, 272941, 274267, 275128, 275482, 279203, 282194, 283544, 285668, 286674, 289943, 292841, 292967, 293561, 296921, 298316, 300385, 300678, 301018, 302950, 305882, 306763, 310995, 311003, 315104, 316423, 316795, 318100, 319750, 323720, 332559, 332784, 332961, 335164, 338113, 340725, 340927, 342692, 345862, 345929, 347336, 347897, 348833, 349705, 350860, 351395, 352822, 357209, 364943, 365854, 365891, 367229, 369341, 370130, 371171, 373207, 374007, 376434, 377534, 382309, 382715, 383278, 384038, 386099, 386523, 386704, 388561, 395365, 399576, 400136, 406726, 418347, 419809, 424341, 427320, 432442, 436629, 440127, 440190, 443199, 443882, 445757, 450864, 452808, 457933, 459960, 463861, 466257, 468937, 471508, 472575, 472878, 475349, 476589, 476639, 481063, 481732, 483652, 485882, 492975, 493864, 494574, 494790, 494937, 495772, 497645, 499455, 500288, 501670, 502518, 503303, 510526, 511607, 513771, 514141, 515507, 517772, 522985, 524532, 526490, 528741, 530062, 532534, 533224, 536549, 538669, 541636, 542007, 543961]",10
res_394.parquet,MI,"[5319, 72106, 99619, 100275, 107207, 137015, 154581, 180151, 183770, 218850]",10
res_396.parquet,MI,"[1746, 4743, 6639, 14251, 15211, 19614, 20007, 31125, 31214, 38971, 40563, 51800, 64378, 67390, 71538, 78412, 81408, 88004, 104079, 122691, 122831, 143185, 145496, 147101, 153201, 155917, 156628, 176833, 179402, 185433, 188732, 191109, 194190, 195183, 199073, 208625, 218749, 230081, 265444, 269159, 271589, 285101, 287261, 292923, 293268, 302121, 305602, 309818, 311860, 312927, 315222, 327079, 330529, 330707, 332520, 338572, 343175, 346477, 353914, 380578, 397813, 407781, 407891, 413721, 430182, 434300, 435310, 456346, 459666, 464850, 467372, 471954, 473989, 474235, 477339, 483794, 490059, 491611, 493820, 496805, 498108, 508029, 508784, 519325, 523409, 526776, 539071]",10
res_4.parquet,MI,"[18164, 61269, 64074, 67854, 78183, 80361, 81170, 83240, 101212, 102236, 108257, 108850, 110088, 120638, 134456, 147424, 147980, 154346, 158449, 181474, 183358, 193643, 198674, 206830, 209484, 215011, 215980, 223335, 243817, 246877, 252217, 255026, 279355, 290733, 292967, 315104, 323794, 335471, 341077, 362194, 372952, 386099, 386523, 388561, 427944, 441370, 447181, 462288, 476570, 488946, 490558, 492336, 497645, 500244, 512983, 513771, 528272, 529633, 532858, 534505, 542360, 542507]",5
res_40.parquet,MI,[163929],5
res_401.parquet,MI,"[1987, 11278, 29735, 60207, 88164, 118243, 139712, 163006, 168244, 204990, 249145, 259490, 264315, 340873, 383645, 387189, 414844, 436048, 444568, 467060, 492327, 526524, 547003, 548885, 549244]",5
res_406.parquet,MI,"[11789, 23929, 62367, 134407, 156294, 178256, 197766, 223932, 253425, 357271, 378767, 388568, 418703, 423218, 424833, 513587, 539080]",30
res_407.parquet,MI,"[303528, 549574]",5
res_408.parquet,MI,"[244600, 258446, 278143, 368438, 384180, 418081, 423578, 444610, 507055, 516731, 546747]",10
res_409.parquet,MI,"[16068, 46837, 122263, 145696, 178924, 197718, 199948, 312550, 431805, 499468, 504197, 534235, 537085]",10
res_41.parquet,MI,"[11203, 96493, 148902, 152691, 184098, 279518, 310987, 370059, 376607, 395039, 417289, 446161, 467669, 500128, 545827]",10
res_411.parquet,MI,"[11596, 227630, 269063, 431280]",20
res_414.parquet,MI,"[2671, 27043, 58527, 141851, 147088, 174524, 181096, 181840, 199124, 300087, 394670, 418933, 509755, 517368, 549841]",10
res_416.parquet,MI,"[33114, 40604, 115249, 120289, 123880, 136872, 137760, 160769, 164635, 170371, 181568, 195068, 198487, 198531, 209007, 215295, 220392, 220771, 249819, 270429, 278077, 278850, 282215, 304588, 320181, 325884, 332557, 336471, 338197, 372805, 374579, 403007, 427884, 449638, 453382, 469343, 478933, 480730, 494387, 503224, 529122]",15
res_418.parquet,MI,[144803],10
res_419.parquet,MI,[129325],25
res_421.parquet,MI,"[2907, 4640, 6862, 7927, 8508, 8806, 11276, 14412, 15928, 17637, 21573, 25211, 25870, 29950, 31437, 32618, 35679, 38319, 40681, 42327, 44416, 44468, 44579, 45672, 46751, 47149, 48912, 50885, 52129, 56695, 58182, 60384, 61640, 65716, 66722, 68579, 71747, 72715, 73325, 74146, 76057, 77945, 80160, 82041, 82988, 84894, 90625, 91177, 95492, 96294, 100038, 101889, 102870, 102992, 104063, 112961, 113637, 113729, 119062, 119488, 122781, 123878, 126199, 130257, 131071, 133318, 134306, 136653, 137803, 140711, 142411, 143999, 144269, 148257, 148795, 151630, 153160, 158506, 160054, 162707, 163905, 165540, 169046, 169489, 170162, 173382, 176485, 180222, 186976, 187548, 189088, 190497, 193050, 193524, 194805, 195910, 196051, 199645, 200264, 201891, 203956, 203992, 207387, 207511, 207738, 207844, 210277, 210572, 211618, 213431, 217582, 219978, 222324, 225421, 225504, 226154, 227197, 228797, 231813, 233474, 234837, 238349, 240070, 243183, 246103, 250098, 252236, 255651, 256678, 257170, 257407, 257588, 260991, 262937, 272106, 273734, 273737, 278448, 279653, 281826, 283280, 285458, 287626, 289707, 290817, 291867, 296525, 303323, 303378, 304446, 310789, 311393, 312450, 312615, 316411, 317226, 318724, 318854, 321195, 323756, 326204, 327091, 329340, 329743, 331201, 332354, 332639, 333299, 344992, 345526, 345608, 351015, 356148, 367023, 369853, 377227, 382671, 391947, 392237, 392351, 392488, 393882, 396633, 398729, 405133, 409040, 410204, 412619, 413029, 416563, 416629, 425317, 426047, 428854, 432110, 443708, 444867, 446782, 447106, 450944, 453697, 457273, 459604, 466133, 466386, 472119, 472710, 472973, 474179, 477518, 482738, 485719, 486629, 488288, 496380, 500175, 509440, 524572, 525399, 526798, 527396, 528354, 532575, 533853, 534930, 535917, 536977, 536984, 539186, 539522, 540314, 540613, 540836, 542132, 542307, 542472, 543272, 544308, 546840]",15
res_426.parquet,MI,"[14009, 434096]",20
res_427.parquet,MI,"[1252, 16953, 24927, 27578, 36297, 39950, 47178, 48165, 48732, 51119, 54275, 54517, 60848, 62727, 64703, 66893, 71260, 73137, 75884, 87858, 90203, 92980, 96256, 96526, 97130, 102230, 105675, 106337, 108806, 110094, 110164, 116475, 118907, 119319, 121288, 125134, 128362, 129199, 141662, 142197, 143462, 143570, 143761, 148941, 154499, 155446, 159011, 163888, 164454, 166704, 167806, 175925, 176404, 178045, 182097, 182989, 194218, 194925, 195282, 195816, 196692, 198195, 210423, 221320, 230065, 233061, 233785, 235285, 236819, 251478, 256265, 259251, 281403, 282314, 282705, 289960, 291241, 292113, 293319, 294791, 299338, 301130, 311324, 317912, 330711, 338060, 346092, 348139, 355031, 358541, 358791, 363691, 371114, 372413, 376265, 376347, 382340, 389176, 390143, 392570, 394260, 397137, 404844, 410583, 418327, 418825, 419311, 423231, 435145, 436927, 440879, 444943, 445889, 451750, 459270, 469924, 474740, 485867, 487959, 489048, 499002, 502281, 509036, 510025, 511358, 518829, 520757, 526150, 530649, 542202, 546177, 548362]",30
res_430.parquet,MI,"[9386, 29133, 45636, 45997, 50962, 57924, 101535, 105774, 116791, 143454, 156976, 185413, 196295, 200698, 203578, 208615, 210163, 217509, 219277, 222149, 237672, 244588, 246054, 254002, 257603, 268651, 275482, 289943, 296853, 319912, 330413, 332559, 340927, 347336, 355468, 365854, 371866, 389658, 440127, 443014, 457839, 459960, 466257, 474345, 475349, 476639, 494937, 508373, 515507, 516355, 524532, 526490, 542007]",15
res_431.parquet,MI,"[14197, 217834, 316285, 330999, 359313]",20
res_433.parquet,MI,"[41374, 77289, 124284, 157441, 207733, 208113, 211350, 216111, 223852, 225510, 256463, 261491, 265549, 273297, 301831, 329219, 333168, 394341, 394765, 416876, 421534, 450125, 526754, 538951, 545711, 549984]",20
res_436.parquet,MI,"[10343, 19031, 24374, 29749, 32645, 37859, 53895, 60726, 80934, 86820, 87872, 95606, 97610, 101718, 130342, 140494, 146140, 160610, 169446, 170982, 174016, 180624, 188500, 190390, 192261, 199498, 217146, 223271, 225626, 225663, 230190, 233361, 239752, 265763, 279279, 279620, 280914, 281323, 291910, 303383, 304327, 305365, 312458, 312620, 314931, 322549, 325198, 325464, 342872, 349089, 353732, 366654, 375167, 383253, 405565, 411019, 415556, 421491, 445364, 447414, 450038, 490538, 502638, 513111, 516575, 519249, 520777, 529716, 545971]",5
res_439.parquet,MI,[144803],10
res_450.parquet,MI,"[2671, 5231, 9964, 27043, 29260, 43361, 52604, 53642, 59810, 74523, 74879, 84014, 88877, 102294, 103694, 108753, 110028, 113436, 114784, 121458, 124887, 129104, 130296, 132478, 141851, 165388, 174524, 181096, 233684, 251078, 276581, 291896, 308178, 314151, 363339, 398667, 404886, 407684, 418933, 433423, 450853, 466691, 472182, 498123, 510772, 513105, 515043, 517454, 518203, 542809, 548747]",15
res_451.parquet,MI,"[2623, 22637, 24228, 48368, 50626, 55789, 72106, 95395, 99619, 107207, 123803, 137015, 151224, 153874, 156029, 161884, 165137, 248652, 264077, 284080, 294506, 308003, 310406, 326875, 336705, 340895, 341862, 343317, 351964, 356642, 368957, 372770, 428279, 445871, 528932, 538683, 546943]",30
res_452.parquet,MI,"[201719, 538350]",10
res_453.parquet,MI,"[16731, 94773, 154742, 163073, 185870, 277474, 385841, 432811, 472107, 488193, 532310, 545397]",5
res_454.parquet,MI,[508330],10
res_455.parquet,MI,"[4446, 7661, 22305, 25756, 28724, 34775, 39049, 57556, 61074, 64328, 77795, 81056, 81374, 84089, 85081, 90727, 113347, 115704, 120412, 154858, 160054, 169785, 182084, 219580, 241571, 262328, 262973, 277988, 285458, 287250, 318718, 318854, 324955, 326459, 328604, 337521, 356589, 360066, 360182, 373264, 400849, 423505, 443116, 458420, 467038, 470870, 472696, 476971, 487184, 510092, 525399, 542307]",5
res_457.parquet,MI,"[22065, 41729, 69138, 98574, 112559, 114669, 126811, 134294, 143774, 151994, 169156, 169747, 176115, 183140, 187454, 211203, 236587, 250392, 253338, 281200, 299299, 300110, 304951, 313809, 314498, 316377, 321806, 324749, 332869, 342830, 354587, 358254, 373790, 386923, 392860, 394940, 406509, 407581, 413370, 454203, 469000, 472423, 477653, 498074, 524135, 534728, 539466, 539519]",10
res_46.parquet,MI,"[2015, 33066, 37841, 99223, 140734, 150699, 162421, 172904, 181066, 210698, 222508, 237520, 259210, 264645, 334578, 381867, 401943, 411916, 419306, 429572, 442135, 502939, 514196]",5
res_460.parquet,MI,"[507422, 510753]",5
res_461.parquet,MI,"[18936, 48368, 48407, 137668, 139458, 178698, 219941, 307880, 426813, 428279, 456429]",10
res_462.parquet,MI,"[2313, 6432, 8945, 20221, 39950, 45070, 54070, 60848, 67725, 68877, 82639, 89069, 92621, 94145, 105675, 113255, 129196, 129199, 132527, 139991, 159627, 161993, 163589, 175925, 237415, 237534, 249357, 259251, 289613, 294541, 302063, 307854, 317912, 318446, 348643, 358791, 359679, 372712, 377911, 379329, 392570, 404844, 407194, 408391, 409851, 420240, 437284, 441427, 456818, 459270, 485105, 489243, 491042, 499133, 499516, 502642, 506516, 512566, 516996, 518756, 521418, 522093, 529142, 534408, 541827, 542202, 548572]",5
res_464.parquet,MI,"[809, 1916, 2585, 3155, 4996, 8786, 9583, 11744, 13504, 14908, 15420, 16707, 16911, 17834, 18164, 19907, 23340, 25105, 34351, 39516, 40387, 45367, 49417, 53856, 54384, 56994, 57518, 59685, 61269, 62576, 62661, 64074, 67854, 68767, 69227, 78734, 78806, 80361, 81170, 83240, 87084, 87215, 89331, 90159, 90265, 95737, 97404, 100858, 101212, 101722, 102236, 103416, 105074, 108257, 111108, 112416, 118932, 120638, 120880, 121918, 121953, 125521, 125767, 131245, 132021, 133232, 134456, 134514, 135949, 136801, 149143, 149452, 150093, 151353, 154346, 157314, 159384, 159505, 167339, 169420, 170003, 170512, 170615, 172024, 172195, 173869, 175640, 177829, 179681, 179956, 180510, 181474, 183358, 193643, 195333, 196639, 199311, 202829, 204944, 206024, 206161, 206830, 209440, 209484, 209968, 210266, 212147, 214294, 215011, 215980, 216862, 218761, 220024, 220520, 223335, 224428, 224608, 231552, 232431, 238656, 243817, 246461, 246513, 246556, 246877, 250867, 252217, 255026, 258784, 258805, 260418, 264852, 265283, 268160, 274249, 275128, 278865, 279355, 279372, 283851, 285601, 287322, 288081, 288929, 290035, 290733, 293053, 293978, 295379, 297329, 301619, 302055, 306656, 308083, 311349, 311634, 314518, 315104, 323794, 331540, 331688, 333775, 333890, 335425, 335471, 337052, 341077, 343389, 348565, 348792, 352057, 357150, 359796, 360029, 362194, 363740, 366169, 366254, 367083, 368333, 369522, 371024, 372729, 372952, 375552, 376834, 379893, 386099, 386144, 388561, 389594, 394640, 396219, 420672, 424652, 427944, 428679, 430897, 430902, 432854, 433505, 433932, 435123, 435793, 441370, 443038, 447181, 455368, 460555, 462288, 463771, 464526, 468460, 469283, 470254, 473691, 474389, 475016, 476570, 479984, 481063, 481554, 481969, 483226, 484310, 485820, 486969, 488235, 488946, 490558, 492336, 493339, 496031, 500094, 500244, 501755, 502518, 505256, 506456, 507891, 507915, 510749, 512983, 513711, 513771, 515793, 520253, 525329, 527077, 528272, 529633, 530289, 531404, 531923, 532858, 536948, 542360, 542507, 545383, 546570, 548842]",10
res_466.parquet,MI,"[25071, 96303, 133657, 170524, 176552, 189602, 191860, 216530, 226944, 227841, 254563, 298607, 329846, 345242, 407964, 409065, 453790, 473086, 476369, 513488, 533235, 549011]",15
res_469.parquet,MI,"[14251, 26623, 29842, 37859, 53895, 64686, 66539, 87872, 88306, 101993, 105998, 132157, 148610, 167153, 217146, 230081, 249506, 264615, 268001, 285678, 303656, 304327, 327878, 342872, 349151, 385454, 411517, 421491, 437030, 498993, 513111, 526776, 529716, 533049, 547264]",10
res_470.parquet,MI,"[16545, 22667, 23183, 26186, 26225, 28964, 33863, 36004, 36770, 40812, 41041, 56512, 60907, 68404, 70110, 75126, 76366, 86689, 105115, 105328, 116035, 120942, 123713, 150128, 154742, 164142, 173505, 175743, 181825, 189496, 194553, 194936, 203006, 207365, 222142, 226207, 231521, 239781, 240185, 242379, 253865, 272681, 274689, 289571, 295885, 298576, 304827, 306175, 310664, 313089, 313718, 317096, 317506, 326434, 327583, 328552, 350056, 352665, 361988, 362693, 365426, 367509, 370010, 376599, 385841, 399003, 413421, 424009, 424149, 432898, 434215, 443111, 450884, 452517, 458601, 459517, 469928, 472107, 472418, 475184, 476732, 479017, 482851, 483366, 486336, 489418, 494772, 497589, 499234, 508421, 509719, 511791, 512208, 518427, 524498, 527197, 529609, 530706, 534693, 538421, 542210]",5
res_473.parquet,MI,"[6442, 27300, 87871, 135030, 223824, 239834, 249351, 252216, 259689, 277321, 291369, 333202, 342243, 363455, 408691, 412081, 415591, 481581, 509351, 541321]",20
res_475.parquet,MI,"[832, 2196, 2928, 2948, 6635, 6873, 9087, 11287, 12388, 13822, 13942, 14920, 16583, 17765, 20988, 21702, 24272, 30525, 30905, 32453, 32956, 36068, 41708, 41775, 43457, 50473, 52045, 52529, 53708, 55589, 59069, 60159, 62718, 64686, 64801, 65253, 66242, 66681, 67189, 72582, 73105, 73662, 75050, 76435, 76518, 77799, 83235, 84000, 85739, 88306, 89072, 90276, 92795, 93608, 94948, 95434, 97447, 97511, 99651, 102785, 103669, 104017, 104018, 105998, 107089, 108360, 108607, 108891, 109123, 110328, 115738, 119832, 121098, 121551, 123221, 125994, 128122, 128216, 128272, 131058, 132363, 134132, 137743, 141684, 142331, 143949, 145358, 146140, 147835, 148610, 149933, 151970, 152222, 153194, 155511, 155635, 156237, 158673, 163016, 163040, 165599, 165700, 167153, 167608, 169556, 173597, 175715, 177512, 178215, 179859, 180894, 185353, 188500, 192803, 192816, 195180, 199093, 199278, 199498, 201745, 202389, 203104, 203218, 204149, 213381, 213914, 217862, 221901, 223088, 223271, 224123, 224700, 225626, 226232, 226660, 231797, 231865, 235265, 236654, 236823, 238004, 238118, 241179, 241372, 242011, 244304, 244977, 245125, 247797, 249506, 256339, 258892, 258998, 259314, 260350, 263955, 264110, 264615, 265763, 266996, 268001, 268335, 270054, 270309, 271429, 272099, 274011, 274553, 278404, 279279, 279382, 280680, 281323, 281377, 281426, 285678, 286308, 287064, 287248, 288792, 289968, 291700, 292996, 293485, 298502, 303383, 303656, 304327, 306362, 306969, 312780, 314931, 315320, 315632, 317809, 320720, 320902, 321934, 325198, 325464, 325705, 327363, 327878, 328097, 328760, 329508, 330570, 331207, 332038, 332539, 332651, 332667, 332893, 333727, 333973, 334921, 335853, 336942, 338021, 338144, 340028, 340669, 341182, 343835, 344578, 344977, 346149, 348232, 349151, 350033, 353246, 353259, 356732, 357439, 358302, 359336, 360225, 360791, 362798, 363004, 364684, 366654, 371806, 371881, 372296, 372625, 373491, 375576, 375616, 381131, 381193, 381343, 383136, 384963, 386166, 388448, 389118, 392307, 392655, 394946, 398253, 400112, 401227, 402771, 405565, 405983, 408930, 410791, 411469, 411661, 412369, 414064, 415429, 416113, 418092, 419088, 420157, 420235, 420615, 421470, 421491, 422070, 422597, 429199, 430016, 432309, 433700, 435581, 436760, 436788, 437592, 438408, 439391, 440280, 440459, 442917, 443726, 445364, 447295, 447414, 448384, 450317, 452029, 452862, 453782, 454555, 457741, 458234, 460117, 463678, 464078, 465222, 467001, 471077, 471750, 472739, 473801, 474349, 475845, 476500, 485759, 487110, 490538, 494250, 498810, 498993, 501536, 502634, 503377, 507778, 510235, 511199, 511530, 512942, 514719, 515035, 516372, 517199, 521561, 524478, 524888, 525736, 525946, 526649, 527285, 529716, 533049, 533319, 533869, 534379, 540993]",20
res_477.parquet,MI,"[87871, 223824, 277321, 326962, 327184, 408691, 415591, 509351, 541321]",20
res_488.parquet,MI,"[7956, 445170]",10
res_491.parquet,MI,"[3393, 8791, 10371, 15211, 16055, 16360, 19031, 24374, 27049, 28165, 29071, 29749, 32645, 33385, 35401, 36517, 38612, 47274, 56388, 57314, 58087, 58207, 60726, 67787, 68697, 73256, 73577, 75567, 80934, 83453, 85683, 86820, 86925, 89585, 91347, 95606, 97610, 101718, 105569, 112684, 113830, 117500, 118644, 123225, 130342, 133370, 140494, 146200, 148571, 148870, 149333, 158242, 160610, 162860, 164018, 166100, 166557, 166840, 169446, 170546, 170982, 171027, 174016, 175469, 180624, 188500, 190390, 192261, 194516, 198194, 199498, 199946, 200104, 200339, 206919, 215736, 222556, 223271, 225626, 225663, 227500, 229037, 229312, 230190, 233361, 242506, 255746, 257720, 258815, 259400, 265763, 269159, 269831, 279279, 279620, 280914, 281323, 285577, 291095, 291910, 292700, 293105, 295642, 295851, 301833, 302892, 305188, 305365, 305901, 307686, 311456, 312458, 312620, 314313, 314931, 315108, 315222, 315680, 315908, 320269, 322306, 322549, 322729, 325198, 325945, 334418, 337831, 338572, 342678, 346506, 347762, 349089, 350285, 350469, 350936, 352558, 353057, 353161, 353732, 355359, 356696, 357591, 366654, 370400, 375167, 383253, 384034, 387500, 388671, 389386, 399227, 400364, 401825, 405565, 407451, 410343, 411019, 413617, 415556, 420484, 422051, 428096, 430996, 436041, 441612, 445364, 447209, 447414, 448572, 450038, 453991, 455223, 455711, 460724, 466342, 468132, 470187, 474559, 478382, 479373, 481856, 484950, 487339, 487427, 490538, 497282, 498441, 498772, 502638, 510117, 511164, 511572, 515832, 516575, 519249, 520777, 522821, 523202, 524621, 532310, 535463, 541999, 542214, 545746, 546258, 549512]",10
res_496.parquet,MI,[277511],40
res_497.parquet,MI,[54618],15
res_501.parquet,MI,"[11769, 275600, 337756, 494010]",10
res_504.parquet,MI,"[26343, 438792]",10
res_505.parquet,MI,"[8511, 24938, 31010, 34113, 47535, 56144, 67061, 72758, 80988, 103704, 127319, 135759, 138402, 188987, 203306, 221180, 222508, 229482, 237520, 268391, 287288, 296743, 322880, 365825, 381868, 414964, 426316, 439189, 475509, 502939, 520671, 549801]",15
res_507.parquet,MI,"[4191, 8451, 15848, 68696, 109958, 111567, 138060, 142223, 144557, 171117, 177551, 238130, 255453, 272776, 287301, 300742, 303362, 328440, 355362, 361077, 362436, 408831, 467574, 500334, 544644, 546514]",5
res_512.parquet,MI,"[541, 28549, 56138, 84790, 85988, 90851, 94049, 99787, 100481, 105728, 106969, 107973, 108780, 127869, 139093, 139709, 144227, 150206, 153154, 153269, 156649, 161041, 185214, 209116, 209246, 209826, 216020, 230544, 235588, 255752, 258502, 263056, 288980, 290159, 295598, 304848, 308645, 320394, 325971, 331557, 340433, 355833, 366374, 377504, 381794, 383981, 393159, 395597, 401084, 409169, 426106, 428451, 435567, 444619, 445302, 450216, 475521, 483886, 488245, 494583, 502032, 512725, 513589, 517949, 530502, 531092, 531096, 539494, 544080, 549421]",10
res_513.parquet,MI,"[64378, 68355, 72055, 81408, 122831, 123079, 133381, 143185, 158553, 189516, 208625, 218749, 253736, 258760, 305049, 330707, 338871, 345270, 359230, 364480, 402602, 446275, 456346, 462196, 464850, 477339, 508330, 520560, 521688]",10
res_514.parquet,MI,"[6862, 8611, 10308, 12395, 14289, 15928, 25211, 36134, 44416, 45672, 46751, 50209, 50885, 60384, 64408, 68294, 72715, 76057, 90625, 91177, 99065, 100038, 113729, 117027, 119062, 122781, 123721, 126199, 133318, 148257, 149017, 151842, 165540, 167953, 169896, 172761, 173049, 190497, 193050, 194805, 195910, 200264, 203134, 203956, 206597, 207511, 208038, 210572, 222324, 223121, 226154, 227197, 248433, 255651, 260991, 262937, 268343, 278448, 285946, 289707, 303323, 304446, 316411, 317226, 317868, 318724, 323756, 326204, 327091, 332354, 332639, 333299, 344992, 348303, 351015, 356148, 359350, 369853, 375522, 385979, 386871, 390037, 395859, 396633, 397857, 404854, 405133, 409748, 410204, 425317, 431284, 444822, 444867, 447106, 450944, 451583, 453697, 454707, 459604, 466133, 469975, 472710, 472973, 474179, 477518, 480860, 485719, 488288, 494447, 508335, 513844, 521637, 528992, 532575, 533853, 535041, 536984, 540314, 540613, 543272, 544323, 546840]",10
res_517.parquet,MI,"[33644, 69951, 82192, 85222, 88052, 108495, 126307, 136832, 168613, 180097, 197411, 217717, 311886, 361783, 376491, 411830]",15
res_520.parquet,MI,"[1390, 15193, 53654, 57835, 70159, 72497, 74825, 75934, 82653, 85618, 93049, 102310, 108007, 119001, 136293, 140738, 147852, 150189, 154942, 168264, 169804, 175004, 176840, 178848, 205825, 227999, 236009, 238968, 259226, 261855, 273239, 275713, 276751, 294609, 297982, 301184, 304471, 306096, 306813, 315672, 362072, 369631, 378338, 385548, 401359, 416831, 427485, 435710, 443920, 451777, 455736, 455974, 458826, 481354, 507794, 508981, 519511, 530429, 531535, 542100, 543355]",10
res_522.parquet,MI,"[26983, 29447, 32736, 52980, 53291, 59304, 65871, 69395, 87611, 107139, 112136, 128625, 147233, 165889, 166792, 167248, 168257, 198579, 199713, 207370, 207757, 215568, 215878, 219892, 219912, 222149, 232858, 242464, 245888, 255244, 266777, 269616, 283048, 296853, 298976, 310274, 313313, 316670, 330187, 331638, 332977, 334998, 362997, 367722, 384283, 386921, 389658, 400912, 410549, 412777, 413841, 416241, 417412, 423245, 433078, 434926, 439440, 439570, 442860, 450537, 451590, 471691, 474634, 483124, 486415, 489019, 493220, 494417, 495003, 503821, 512386, 520699, 525608, 533111, 538004, 538608, 539421, 540990, 544291]",10
res_523.parquet,MI,"[92185, 117165, 131344, 153793, 177941, 272279, 326416, 342800, 360950, 370373, 508840, 513814, 525816, 533718]",5
res_526.parquet,MI,"[68724, 207027, 271112, 328222, 479407, 500352]",20
res_53.parquet,MI,"[22637, 55789, 151224, 156029, 161884, 248652, 290353, 299404, 308003, 325960, 356642, 368957, 445871, 528932, 538683]",10
res_531.parquet,MI,"[7927, 8508, 8806, 15928, 25211, 25870, 29950, 42327, 44416, 44579, 45672, 46751, 50885, 56695, 58182, 60384, 71747, 74146, 76057, 77945, 82041, 82988, 84894, 90625, 91177, 100038, 101889, 102870, 102992, 113637, 113729, 119062, 122781, 131071, 136653, 137803, 142411, 144269, 148257, 148795, 151630, 153160, 158506, 165540, 169046, 170162, 176485, 186976, 193050, 194805, 195910, 196051, 200264, 203956, 207387, 207511, 210572, 217582, 219978, 222324, 226154, 227197, 228797, 231813, 233474, 243183, 250098, 252236, 255651, 257170, 257588, 260991, 262937, 273737, 290817, 304446, 310789, 311393, 312450, 316411, 323756, 326204, 327091, 329743, 331201, 332354, 332639, 333299, 344992, 345608, 351015, 356148, 369853, 382671, 392237, 392351, 393882, 398729, 405133, 409040, 410204, 412619, 425317, 426047, 444867, 446782, 447106, 450944, 453697, 459604, 466386, 472710, 472973, 474179, 477518, 482738, 485719, 488288, 524572, 527396, 532575, 533853, 536984, 540314, 540836, 542132, 543272, 544308]",5
res_532.parquet,MI,"[17738, 59597, 61338, 65167, 173183, 188827, 200105, 270502, 447026, 449958, 451551, 487431, 526170]",5
res_534.parquet,MI,"[9420, 36867, 40326, 47316, 66066, 105842, 110579, 114032, 132239, 132365, 154017, 156995, 162183, 166689, 181246, 202569, 206514, 222818, 228117, 236536, 255918, 267195, 269837, 271579, 272045, 317082, 326294, 329472, 340275, 345236, 356873, 377900, 385761, 397339, 412153, 452974, 453567, 457121, 479899, 489592, 515363]",20
res_536.parquet,MI,"[15283, 76866, 115448, 126990, 161409, 191340, 247748, 313565, 347667, 443207, 482779, 483588, 498779, 539338]",5
res_537.parquet,MI,"[80988, 138402, 287288, 322880, 365825, 434581, 523994]",10
res_538.parquet,MI,"[129325, 144803]",15
res_540.parquet,MI,"[3069, 7623, 10687, 23906, 35548, 36255, 40845, 41835, 53219, 68198, 74095, 87659, 102307, 114704, 117344, 122613, 138309, 154554, 155724, 170202, 178375, 205931, 208509, 210182, 211342, 224293, 229797, 242415, 251175, 265887, 267695, 284129, 297315, 308451, 339358, 347738, 349117, 359545, 365205, 374087, 377649, 382840, 383347, 387312, 401086, 414059, 414172, 419006, 419032, 442465, 446307, 446632, 448692, 451726, 453528, 459904, 474051, 476166, 478348, 499039, 519218, 532025]",5
res_546.parquet,MI,"[24228, 153874, 174065, 294506, 341862, 343317, 432831]",10
res_548.parquet,MI,"[209004, 388336, 430122, 519366]",10
res_549.parquet,MI,"[1746, 2324, 6639, 12688, 14251, 19614, 20007, 29842, 40563, 51800, 66539, 67390, 70821, 71538, 88004, 101993, 114837, 141697, 145496, 155917, 180767, 185433, 195183, 215020, 255225, 257050, 265444, 267119, 271589, 287261, 292923, 293268, 312022, 312927, 319140, 327079, 330529, 346477, 353914, 356914, 390765, 397813, 407781, 413705, 421099, 430182, 434300, 459666, 467372, 471954, 493820, 496805, 505577, 516534, 534599, 534697, 539071, 548814]",5
res_552.parquet,MI,"[82230, 103356, 303561]",10
res_553.parquet,MI,"[2907, 4446, 4640, 6570, 6862, 7661, 8611, 11276, 12395, 14289, 17637, 21573, 22305, 25211, 25345, 28724, 31437, 32618, 34775, 35679, 36134, 38091, 38164, 39049, 44416, 44468, 47149, 47607, 48912, 50885, 57556, 61074, 61640, 64328, 65190, 66722, 71089, 71502, 72715, 73325, 74146, 74330, 76057, 76562, 77674, 77795, 77945, 80088, 81056, 81374, 84894, 85081, 90625, 90727, 95492, 96294, 99065, 100038, 102870, 102992, 104063, 105567, 106306, 113347, 115704, 119062, 120412, 123721, 123878, 126199, 130257, 131071, 133318, 134306, 134444, 140711, 142046, 142411, 142595, 143999, 148257, 150438, 154858, 159712, 160054, 162707, 167953, 169489, 169785, 170162, 171877, 173049, 173382, 173486, 178448, 182084, 189088, 190497, 193050, 193524, 194805, 195910, 199645, 200264, 200783, 203992, 206597, 208038, 210277, 210572, 213431, 219580, 222324, 223121, 225143, 225421, 225504, 226154, 226290, 228797, 233679, 234837, 240070, 240418, 241571, 246103, 248433, 249844, 252236, 255651, 256678, 256713, 257170, 262328, 262937, 262973, 264215, 268343, 272106, 273734, 273737, 275199, 277988, 278448, 279653, 279955, 281165, 281826, 283280, 284104, 285458, 287250, 287626, 289707, 290006, 291867, 292061, 295658, 296525, 303323, 303378, 317226, 317868, 318718, 318724, 318854, 319685, 324955, 326459, 328604, 329340, 332639, 333299, 337521, 338300, 341403, 344992, 347590, 352581, 355486, 356148, 356589, 357689, 359350, 360066, 360182, 367023, 367535, 369465, 372657, 373264, 376769, 377227, 381968, 385791, 386563, 392351, 392488, 396633, 397708, 397934, 399401, 400849, 401691, 404854, 405133, 416563, 416629, 423505, 426047, 428854, 431284, 432110, 434498, 443116, 443708, 444822, 451583, 453697, 457273, 458420, 459604, 466133, 466386, 467038, 467749, 470870, 472119, 472316, 472696, 472710, 472973, 477518, 480860, 485972, 486629, 487184, 489442, 494039, 494447, 496380, 508335, 509440, 510092, 512021, 513844, 521637, 525399, 526798, 528354, 528992, 532575, 533853, 534930, 535041, 535917, 536977, 536984, 539522, 540613, 540836, 542132, 542307, 543272, 546840]",15
res_556.parquet,MI,"[284080, 353696, 361171, 372770, 396164, 441477, 546943]",30
res_557.parquet,MI,[277511],30
res_558.parquet,MI,[189827],15
res_560.parquet,MI,"[597, 1987, 3717, 11278, 26343, 29735, 37780, 37902, 41109, 43173, 44358, 56649, 56788, 59132, 60207, 60757, 63089, 63676, 68540, 68865, 82519, 88164, 88519, 89939, 94336, 101795, 101855, 102820, 118243, 121032, 121956, 121980, 132123, 133311, 139712, 141755, 143248, 144917, 151884, 163006, 166030, 168244, 170670, 180151, 181155, 183770, 186111, 188563, 190736, 197691, 200835, 202933, 204990, 213050, 213794, 214558, 215404, 218100, 222809, 223732, 223823, 231380, 233292, 234350, 240337, 242014, 243375, 244548, 247079, 249145, 250748, 255242, 256903, 258936, 259490, 264315, 264837, 271475, 274555, 275245, 285039, 295978, 307329, 312970, 313507, 316181, 316683, 326200, 338115, 340873, 344632, 347492, 349479, 354862, 354968, 371394, 375569, 377669, 381245, 381579, 383645, 383955, 384882, 387189, 388735, 396010, 410450, 413999, 414844, 416502, 422990, 424365, 426499, 436048, 438792, 443178, 444568, 446574, 463896, 465405, 467060, 468466, 492327, 493437, 497434, 500062, 506689, 510689, 515610, 523627, 526524, 528408, 535138, 543654, 546307, 547003, 548885, 549244]",50
res_561.parquet,MI,"[28, 2324, 2928, 2948, 7705, 8791, 9087, 9115, 10343, 10371, 11287, 12388, 12688, 13822, 13942, 14920, 15615, 16055, 16731, 16835, 17765, 18072, 19031, 19402, 20988, 21702, 22667, 22709, 23183, 24374, 26186, 26623, 27542, 28461, 29749, 29842, 30822, 30905, 32039, 32453, 32645, 36068, 36651, 36770, 37859, 38612, 40670, 40812, 41041, 41114, 41708, 42487, 43457, 43674, 49911, 50473, 51183, 52045, 52381, 52516, 52529, 53056, 53708, 53895, 55589, 56388, 57314, 57364, 57960, 59069, 60726, 62487, 62718, 64686, 64801, 66539, 68075, 68756, 69593, 70821, 71510, 73256, 73577, 75050, 75567, 75787, 76116, 76518, 77799, 78145, 80934, 82501, 83523, 84000, 85739, 86820, 86925, 87872, 88004, 88306, 88872, 90110, 90276, 90485, 91347, 91470, 91581, 92506, 93436, 93608, 94773, 94948, 95606, 97427, 97447, 97476, 97511, 97610, 99651, 99723, 101718, 101993, 102785, 104079, 105328, 105569, 105998, 108360, 108607, 108891, 109123, 111465, 112684, 113045, 113253, 114083, 114837, 116035, 116934, 117418, 117500, 121098, 123221, 123225, 123604, 126899, 127837, 128122, 128272, 129445, 130342, 131058, 131624, 132157, 132363, 133625, 134132, 137743, 140494, 141684, 141697, 142331, 143949, 145358, 145888, 146140, 146200, 146592, 146804, 147835, 148571, 148610, 148870, 150826, 151051, 151970, 152222, 154276, 154742, 155635, 156237, 158673, 160610, 160703, 162860, 163016, 163073, 165599, 166100, 166557, 166577, 167153, 169446, 170982, 171725, 172666, 174016, 175743, 175998, 178215, 179492, 179991, 180624, 180767, 182390, 182436, 184853, 185353, 185870, 187940, 188500, 190390, 192261, 193851, 194516, 194553, 195180, 196436, 197652, 198194, 199498, 199946, 200339, 201188, 201745, 201970, 202389, 202659, 203104, 203267, 204149, 205412, 206919, 207908, 208160, 209590, 213861, 215020, 217146, 217862, 219560, 221901, 222142, 223133, 223173, 223271, 224123, 225626, 225663, 229037, 229042, 229312, 230190, 230522, 231797, 233361, 235265, 236405, 236654, 236823, 237352, 238004, 238118, 239752, 239781, 240185, 240921, 241179, 242011, 242328, 242506, 243272, 244304, 245222, 246974, 247797, 249506, 249869, 255225, 256339, 257050, 257720, 258892, 258998, 259314, 260350, 261722, 264110, 264615, 265763, 266996, 267119, 268001, 268335, 269831, 270309, 271413, 271429, 271445, 271931, 272099, 273750, 274011, 277474, 277883, 278404, 279279, 279369, 279382, 279620, 280680, 280914, 281323, 281566, 282901, 284300, 285087, 285228, 285325, 285678, 285956, 286308, 286363, 287064, 287166, 287273, 287336, 289571, 289968, 291095, 291224, 291700, 291910, 292700, 293105, 293485, 295642, 296537, 298502, 301833, 303383, 303656, 304327, 305365, 305901, 306362, 306408, 306969, 307826, 307829, 308953, 309831, 311456, 312022, 312458, 312595, 312620, 314931, 315108, 315680, 318816, 319140, 320802, 321257, 321934, 322549, 322729, 325198, 325464, 325945, 326195, 327363, 327478, 327583, 327878, 328097, 328552, 328760, 329508, 331207, 332263, 332667, 333249, 333727, 333973, 335219, 335853, 336575, 336942, 337831, 338139, 338572, 339266, 340028, 340669, 340913, 341440, 342872, 342960, 344977, 345358, 346149, 346506, 348232, 349089, 350285, 350469, 352558, 352992, 353057, 353161, 353259, 353453, 353732, 356696, 356732, 356914, 358302, 359336, 359597, 360225, 360791, 361988, 362290, 362476, 362798, 363285, 363632, 364854, 365056, 365602, 366103, 366654, 366735, 367161, 370400, 371806, 371881, 372625, 375167, 375576, 375616, 377967, 378891, 379264, 379770, 381131, 381193, 383253, 384034, 385454, 385841, 386166, 386752, 386913, 388282, 388671, 389386, 390765, 390822, 392655, 394946, 398173, 399003, 399227, 400364, 401825, 402860, 403438, 403491, 405237, 405565, 405983, 407451, 407911, 408930, 411019, 411469, 411517, 411661, 413166, 413421, 413617, 413705, 415429, 415556, 416113, 417984, 418092, 418232, 419088, 419590, 420219, 420235, 420484, 420615, 421099, 421426, 421470, 421491, 422515, 422597, 423280, 423300, 424009, 428096, 429199, 430592, 430996, 431902, 431913, 432489, 432773, 432811, 436011, 436041, 437030, 437157, 438408, 439096, 439391, 440371, 441300, 442917, 443111, 443118, 443500, 443726, 445364, 446875, 447209, 447414, 450038, 450422, 452029, 452500, 452522, 452862, 453782, 453991, 454555, 455223, 457741, 458234, 459428, 460724, 460934, 462151, 462966, 463678, 464078, 465222, 467961, 468132, 468807, 470187, 472107, 472739, 474106, 474559, 474702, 476500, 479373, 480038, 480503, 482399, 484950, 485759, 486701, 486833, 487110, 487427, 488193, 490538, 491904, 493337, 494250, 494772, 497282, 498441, 498993, 499234, 502638, 505052, 505577, 505722, 508421, 508492, 509719, 510117, 510235, 511164, 511572, 511940, 512126, 512208, 512942, 513111, 514719, 515832, 516372, 516534, 516575, 517432, 518459, 519249, 520777, 523023, 523202, 524478, 524498, 525736, 525946, 527197, 527285, 529716, 532002, 532310, 533049, 533319, 534379, 534599, 534697, 535123, 538421, 539499, 539967, 540179, 540975, 541999, 543745, 544225, 545397, 545746, 545971, 546258, 547264, 548196, 548338, 548814, 549512, 549706]",25
res_564.parquet,MI,"[695, 3386, 6747, 7901, 15946, 16588, 19705, 26747, 29260, 44030, 49048, 49431, 52604, 53642, 59810, 68298, 69349, 74523, 77410, 78411, 83529, 88877, 92436, 102294, 105236, 108101, 108753, 111525, 113436, 114784, 119409, 121458, 124887, 129104, 130296, 132478, 152369, 153882, 158060, 163521, 165388, 167996, 171140, 178970, 180267, 187457, 191683, 194691, 202489, 203782, 204688, 214005, 215444, 216114, 216176, 222611, 226004, 227557, 244419, 251078, 276247, 281816, 291896, 294291, 295418, 300889, 301203, 303707, 308178, 311309, 314151, 335089, 335666, 341556, 344801, 348388, 350110, 354636, 355446, 356723, 369825, 379996, 386890, 399613, 402486, 403643, 408830, 423666, 427291, 427587, 442814, 443854, 446488, 446994, 450853, 451927, 452959, 464661, 473383, 477798, 479701, 498123, 510772, 518052, 531486, 538250, 539831, 542809]",10
res_568.parquet,MI,[377543],10
res_577.parquet,MI,"[2671, 9964, 27043, 29260, 52604, 53642, 58527, 59810, 74523, 74879, 88877, 108753, 110028, 113436, 114784, 121458, 124887, 129104, 130296, 132478, 140480, 141851, 145409, 147088, 153612, 165388, 174524, 181096, 181840, 199124, 216605, 251078, 268500, 300087, 308178, 314151, 363339, 376689, 380938, 398667, 407684, 409910, 413146, 418933, 434476, 466691, 472182, 498123, 509755, 510772, 513105, 517368, 518052, 518203, 536408, 549841]",20
res_579.parquet,MI,"[92876, 177011, 225222, 417396, 506247, 532538]",10
res_58.parquet,MI,"[26197, 109435, 250341, 299065, 305377, 328714, 333798, 434834, 506559, 537873, 547401]",15
res_581.parquet,MI,"[56641, 92876, 177011, 217201, 234832, 245364, 245959, 313512, 335327, 360098, 425885, 462196, 505228]",10
res_582.parquet,MI,"[7555, 71880, 95279, 209004, 300191, 317135, 388336, 392142, 430122, 519366, 521841, 527997, 537160]",15
res_584.parquet,MI,"[522, 2305, 4494, 9066, 18079, 18193, 19299, 21290, 21593, 22364, 23907, 26482, 32654, 33251, 34166, 37299, 41197, 46248, 60783, 61208, 62437, 64029, 72571, 81163, 84719, 85102, 87045, 87608, 88474, 89314, 91014, 95747, 97647, 99724, 109556, 110982, 115847, 117839, 124253, 125354, 125790, 129857, 143439, 148584, 149746, 153522, 154471, 158438, 159169, 174198, 175423, 177184, 177342, 181347, 189172, 190074, 192328, 196643, 198396, 203057, 203773, 205717, 225106, 230157, 231798, 232505, 239465, 242257, 247994, 254041, 256251, 256552, 260634, 265142, 268473, 276474, 282654, 291570, 291766, 297594, 299441, 306536, 307631, 316800, 319274, 320679, 325237, 327451, 347458, 363546, 365844, 366008, 367507, 368387, 369346, 380611, 391256, 395774, 411539, 413028, 413766, 417793, 419011, 420129, 420392, 422397, 424454, 425860, 429247, 432381, 436683, 438591, 441684, 442446, 444859, 447806, 451739, 452785, 456302, 459997, 473133, 475652, 477490, 478353, 481469, 481825, 484428, 489365, 513345, 522078, 524461, 526981, 527750, 529060, 532471, 536970, 540528]",15
res_585.parquet,MI,"[9543, 18590, 86086, 110204, 110717, 111587, 149405, 167663, 193078, 206430, 212034, 245365, 256400, 290700, 299517, 314587, 322379, 328213, 332445, 335881, 345199, 345461, 382564, 428505, 445136, 482112, 498593, 522580, 529120]",25
res_59.parquet,MI,"[42786, 59565, 71593, 108096, 133253, 186625, 195273, 273229, 284445, 328830, 340841, 345406, 417730, 492869, 542433]",10
res_595.parquet,MI,"[1710, 4772, 7927, 8806, 9921, 10202, 10308, 10552, 14412, 15928, 21420, 21593, 24725, 25870, 29950, 35437, 38319, 40681, 41197, 42327, 42378, 42629, 43666, 44579, 45672, 46248, 48724, 52129, 52244, 56122, 56695, 58182, 65716, 67623, 68579, 69564, 70951, 71747, 72571, 77743, 80160, 81062, 81211, 82041, 82218, 82988, 85713, 89314, 89404, 91177, 93522, 93760, 97619, 99724, 101651, 101889, 112961, 113637, 113729, 116219, 119488, 120773, 122731, 122781, 127646, 136653, 137803, 141137, 143428, 144269, 148795, 149017, 150338, 151630, 155874, 156208, 162258, 163905, 165503, 165540, 165775, 169046, 176485, 177184, 180222, 185211, 185574, 186267, 186976, 187548, 188781, 189998, 190747, 195186, 196051, 197116, 199649, 201891, 204922, 207387, 207738, 207844, 209876, 211618, 213723, 219978, 224800, 225705, 230157, 231813, 232243, 232459, 233474, 238096, 238349, 243183, 243278, 248403, 248797, 250098, 251401, 252094, 255853, 257407, 257588, 260634, 260991, 262377, 267941, 268932, 270182, 271458, 273203, 275222, 277090, 279231, 281627, 283939, 285067, 289428, 290054, 293949, 304341, 304446, 305466, 310789, 311393, 312450, 312615, 316411, 321195, 321980, 323121, 323756, 326204, 327091, 328407, 329186, 329743, 331201, 335536, 336114, 338667, 345430, 345526, 345608, 346396, 348042, 348303, 350694, 352149, 357854, 357996, 368958, 369837, 369853, 375522, 382671, 386871, 387449, 391256, 391947, 392237, 393350, 393728, 395435, 398729, 398925, 404386, 409040, 410831, 412619, 413029, 425317, 425758, 429913, 431187, 444867, 445909, 446782, 447182, 447337, 452619, 452785, 457965, 457992, 458168, 463421, 464383, 466307, 467460, 467893, 472105, 476924, 477490, 482738, 486897, 488288, 488964, 495921, 499126, 500175, 504340, 504871, 510753, 516028, 517800, 520649, 524461, 524572, 527396, 529899, 530245, 533184, 533334, 536798, 536970, 537318, 539186, 539983, 540314, 542472, 543507, 548034]",15
res_596.parquet,MI,"[22709, 52045, 57364, 62487, 69593, 90485, 91068, 97427, 97447, 97476, 99723, 102785, 108607, 137037, 147835, 184853, 194377, 194725, 204149, 231761, 243272, 246974, 252514, 258998, 261722, 271445, 271931, 305196, 312046, 314185, 322402, 335534, 340913, 352326, 366197, 384622, 388282, 390872, 415429, 430592, 432489, 452029, 462151, 467961, 483378, 526106, 534379, 539499, 548196, 548574]",20
res_597.parquet,MI,"[21429, 25345, 28290, 38091, 44468, 66722, 71089, 77674, 96531, 97813, 98103, 142595, 194926, 226290, 246103, 256678, 256713, 272106, 281826, 290006, 304779, 319685, 335654, 338300, 341403, 350655, 352581, 355486, 357689, 369465, 372657, 381968, 385791, 401691, 406208, 467749, 487043, 535917, 543342]",10
res_598.parquet,MI,"[19135, 42749, 114014, 293152, 313292, 354403, 479277, 509125]",25
res_599.parquet,MI,"[72055, 158553, 345270, 364480, 446275]",5
res_601.parquet,MI,"[14009, 43378, 94953, 151275, 275669, 340321, 434096]",10
res_604.parquet,MI,"[41374, 63410, 81590, 83151, 84260, 124284, 140434, 149743, 157441, 171859, 184590, 194625, 207733, 208113, 211350, 223852, 226705, 231438, 244582, 256463, 261491, 265549, 273297, 274916, 301831, 327466, 329219, 354092, 394341, 394743, 394765, 405450, 416876, 496110, 526754, 531211, 538951, 549984]",25
res_605.parquet,MI,"[129325, 277511]",80
res_606.parquet,MI,"[229902, 400000, 490322, 517287]",20
res_608.parquet,MI,"[8956, 234183, 462458, 482685, 496803, 534326]",15
res_61.parquet,MI,"[54614, 161736, 330569, 386762]",10
res_616.parquet,MI,"[2928, 32453, 75050, 94007, 132363, 158673, 185353, 247797, 289968, 381131, 411661, 453782, 464078, 525496]",10
res_617.parquet,MI,"[368438, 384180, 444610, 456704, 507055]",10
res_618.parquet,MI,"[522, 832, 2196, 2305, 6635, 6873, 9066, 11576, 12759, 14378, 16386, 16583, 18079, 18193, 18746, 20949, 21593, 22364, 23907, 24272, 26482, 26631, 30415, 30525, 31578, 32654, 33251, 34166, 34268, 34692, 37299, 39459, 41708, 41775, 43236, 46148, 46248, 50840, 52230, 55166, 60159, 60783, 61208, 61271, 62189, 62437, 63464, 64029, 65253, 65379, 66242, 66561, 66681, 67189, 69250, 71847, 72571, 72582, 73105, 73662, 76435, 81163, 83235, 83708, 85102, 87045, 87608, 88306, 88474, 89072, 89314, 89569, 91014, 92795, 93494, 94117, 95747, 97511, 97647, 100562, 102878, 103441, 103669, 104017, 104018, 105166, 105998, 107089, 108711, 108891, 109556, 110328, 110982, 111472, 112743, 115738, 115847, 117839, 121551, 123221, 125354, 125994, 127167, 128216, 128265, 129356, 129857, 131058, 134132, 138826, 138976, 139171, 143439, 143949, 146562, 149746, 149933, 152166, 153194, 153522, 154149, 154471, 155511, 157442, 158438, 159169, 161518, 163016, 163040, 163480, 165465, 165700, 167216, 167608, 168075, 169556, 173597, 174198, 174203, 175423, 175715, 177048, 177342, 177512, 179859, 180894, 181347, 184787, 187050, 188086, 190074, 190989, 191809, 192011, 192328, 192803, 192816, 192826, 196625, 197974, 198396, 199093, 199278, 200188, 203057, 203218, 203773, 205687, 205717, 205761, 206690, 207524, 209727, 210283, 213381, 213914, 215173, 218223, 221439, 221901, 221929, 223088, 223527, 224700, 225106, 225974, 226214, 226232, 226660, 227233, 228292, 230157, 231798, 231865, 234465, 236712, 238150, 239465, 241372, 244559, 245125, 247692, 247994, 248045, 248980, 255629, 256012, 256251, 256552, 259496, 259798, 260350, 260634, 261528, 261722, 263955, 264759, 265142, 268473, 269862, 270054, 271802, 273454, 274553, 275296, 276474, 278404, 281377, 281426, 282391, 282654, 285504, 287248, 288792, 290516, 291570, 291766, 292996, 295037, 296845, 297594, 298388, 298502, 305710, 306536, 307580, 307631, 312544, 312780, 315320, 315632, 316800, 317809, 320264, 320679, 320720, 322281, 322874, 324582, 325237, 325705, 327451, 328097, 330570, 330854, 332038, 332539, 332651, 332893, 334921, 338021, 338144, 339901, 341182, 343835, 344578, 347458, 349151, 350033, 353246, 353259, 357439, 358172, 359336, 363004, 363546, 364684, 364939, 365744, 365844, 366008, 366735, 367507, 368387, 369346, 371044, 371806, 372296, 373491, 380082, 380611, 381193, 381343, 383136, 384963, 386166, 388448, 389118, 389555, 391060, 392307, 394946, 395634, 395774, 398253, 398301, 400112, 401227, 401617, 402771, 403840, 404407, 404810, 410791, 411359, 411539, 412369, 413028, 413766, 414064, 415257, 415290, 416417, 417793, 419011, 420129, 420157, 420392, 422070, 424454, 424633, 425636, 425860, 425955, 427909, 429247, 430016, 432309, 432381, 433587, 433700, 435581, 436322, 436683, 436760, 436788, 436936, 437529, 437592, 438591, 440280, 440459, 441684, 442446, 442607, 443411, 443574, 445082, 447295, 447806, 448384, 450317, 451739, 452785, 453869, 455005, 456302, 457317, 457741, 459997, 460117, 463962, 467001, 467425, 470151, 471077, 471228, 471379, 471636, 471750, 473133, 473221, 473801, 474349, 477490, 478353, 479061, 480734, 481224, 481825, 484428, 485759, 488785, 489365, 495631, 497120, 498810, 501536, 502181, 502634, 507778, 508555, 511485, 511530, 513345, 515035, 515572, 516279, 516372, 517199, 518497, 519114, 520386, 521561, 522078, 523313, 524888, 526649, 526981, 527285, 527750, 532471, 533164, 533308, 533319, 533869, 534207, 536970, 540528, 540693, 540993, 543347, 544332, 548196, 548233, 549360]",20
res_62.parquet,MI,"[579, 7837, 25664, 38011, 38776, 46707, 50771, 64337, 78171, 84520, 117148, 117619, 118271, 119910, 122596, 126711, 128412, 131483, 139830, 142504, 146860, 146909, 157915, 160051, 162550, 171485, 184593, 186690, 204257, 232639, 241010, 258631, 259337, 273198, 293675, 297239, 299208, 301210, 326976, 334860, 336936, 355959, 363136, 370555, 379161, 395628, 406738, 411313, 413389, 439154, 440417, 442041, 466508, 477849, 479539, 480022, 486060, 492894, 502993, 503699, 528265]",10
res_621.parquet,MI,"[4152, 46598, 62791, 158781, 163527, 167909, 175456, 186882, 240874, 242395, 315959, 317368, 358964, 368096, 368434, 378341, 383841, 398725, 444000, 451245, 463471, 479728, 497051]",10
res_624.parquet,MI,"[2893, 10817, 45725, 51748, 61953, 66147, 75636, 106830, 109715, 113495, 121813, 123553, 129340, 133878, 160769, 175997, 181215, 181447, 181803, 181825, 189496, 193878, 195048, 199049, 201524, 207365, 209007, 213519, 250903, 255062, 266118, 266253, 283612, 314196, 320181, 336999, 361061, 367590, 369287, 383003, 386238, 399411, 408698, 410372, 410898, 419691, 420432, 422495, 437545, 440279, 452517, 464746, 465871, 483366, 485226, 495624, 502719, 509503, 517299, 520571, 520957, 538679, 541756]",15
res_625.parquet,MI,"[16678, 21847, 33524, 34470, 54204, 57381, 78750, 107890, 153609, 180922, 251815, 261548, 263525, 269543, 278148, 299368, 364663, 383480, 385673, 390287, 401787, 419255, 426990, 436765, 440929, 447715, 457712, 476549, 481936]",5
res_626.parquet,MI,"[1113, 24647, 35027, 36128, 51325, 52686, 63443, 74153, 78382, 95912, 121954, 125675, 130335, 141664, 155184, 166333, 174149, 180258, 204812, 207474, 210249, 249312, 254091, 287689, 315694, 322947, 335063, 338520, 343145, 350605, 363650, 368247, 387104, 393618, 393849, 395217, 408714, 409037, 415901, 424754, 442441, 442979, 447123, 454857, 458424, 483186, 509994, 516384, 539480, 548807]",5
res_627.parquet,MI,"[8916, 10381, 15498, 23906, 26225, 28964, 37197, 37878, 42830, 54854, 63536, 68198, 69122, 69290, 70110, 74095, 80626, 86579, 86689, 87659, 93276, 96231, 96968, 97486, 100059, 103197, 118644, 119823, 122613, 123713, 128401, 133522, 138309, 143150, 147844, 164042, 164142, 167110, 168704, 170202, 194936, 197999, 202545, 206291, 208509, 209388, 210182, 211342, 226207, 231521, 232002, 234598, 238412, 241919, 248806, 249581, 250735, 253865, 269706, 270854, 274689, 282860, 284129, 293694, 296140, 297282, 301751, 304827, 310664, 312006, 312053, 325857, 326434, 328383, 330633, 334917, 342245, 343120, 349291, 350056, 352665, 355593, 365426, 367509, 368563, 370010, 376661, 380540, 382840, 387312, 393061, 396361, 401086, 405701, 405744, 414023, 414059, 419006, 421751, 424149, 428618, 432898, 434039, 448692, 448823, 450992, 452924, 458601, 460805, 461580, 461875, 470219, 472418, 474901, 475184, 475859, 476732, 479017, 485143, 492131, 495884, 496840, 497589, 497974, 509169, 516853, 518427, 529609, 530536, 531208, 538461, 544131]",10
res_63.parquet,MI,"[4772, 9921, 35437, 38319, 40681, 42378, 43666, 48724, 58228, 67623, 74431, 80160, 82218, 85713, 88332, 93522, 97245, 97632, 113637, 118463, 125797, 141838, 154528, 156208, 162258, 169046, 170826, 178427, 185211, 185574, 186267, 186976, 195186, 213723, 236785, 237783, 238096, 245482, 265228, 267941, 270182, 271458, 273531, 275222, 278280, 282201, 285576, 303896, 310789, 313312, 317538, 321349, 329186, 336114, 340373, 345430, 345526, 357327, 361695, 368958, 369220, 387641, 391947, 393728, 402744, 409590, 411089, 425758, 438903, 443294, 443418, 449288, 455253, 457999, 461234, 463421, 488964, 492596, 501213, 515683, 517800, 524572, 543507, 546250]",10
res_630.parquet,MI,"[209871, 284313, 478155]",15
res_635.parquet,MI,"[5144, 7705, 16835, 19402, 28461, 30822, 32039, 40373, 40604, 40670, 49911, 68075, 68756, 71510, 76116, 82501, 85374, 88872, 91470, 108950, 113253, 116934, 131624, 133625, 146592, 154276, 160703, 164635, 170371, 180469, 182436, 195068, 196436, 202659, 208160, 215295, 220392, 220771, 224979, 245222, 249930, 256087, 266658, 270429, 271413, 277883, 282215, 285325, 287336, 304588, 307826, 307829, 309831, 312595, 319623, 321257, 325884, 327478, 332557, 336471, 345358, 352992, 356886, 362290, 363285, 365056, 365602, 378891, 389512, 390822, 402860, 403007, 403491, 407911, 413166, 419590, 420219, 423280, 427884, 441300, 450422, 450642, 452500, 460934, 462966, 469343, 480503, 482399, 493337, 494387, 531292, 539595, 540179, 543745, 548338, 549706]",15
res_636.parquet,MI,"[13579, 212006]",25
res_640.parquet,MI,"[49849, 72211, 82803, 85502, 109435, 145792, 175419, 180829, 240521, 256456, 332998, 333798, 412603, 434834, 452771, 493083, 506559]",20
res_642.parquet,MI,"[2623, 3233, 6526, 48368, 54070, 55789, 72106, 77208, 88642, 89069, 99619, 100275, 107207, 123803, 129003, 131729, 137015, 149545, 151224, 154581, 156029, 161884, 165137, 212715, 264314, 299404, 307880, 308003, 323697, 325960, 326875, 336705, 340895, 351964, 356642, 395102, 408750, 428279, 445871, 456429, 459453, 476401, 477180, 511473, 528932, 530178, 538683, 540677]",20
res_644.parquet,MI,"[541, 3393, 3805, 6643, 7057, 8321, 8791, 8916, 10371, 11921, 15211, 16055, 16360, 22706, 27049, 28165, 28549, 29071, 29749, 31043, 31214, 33385, 35401, 36517, 38612, 39539, 47274, 56138, 57314, 58087, 58207, 67787, 68697, 73256, 73577, 75567, 78412, 83453, 84790, 85683, 85988, 86925, 87423, 89585, 90851, 91347, 94049, 96231, 98129, 99787, 100019, 100481, 105569, 105728, 106540, 106969, 107973, 108780, 109005, 112684, 113830, 117500, 118644, 123225, 127869, 133370, 137463, 139093, 139709, 143150, 144227, 146200, 147844, 148571, 148870, 149333, 150206, 153154, 153269, 156628, 156649, 158242, 161041, 162860, 164018, 166100, 166557, 166577, 166840, 166983, 168860, 170469, 170546, 170982, 171027, 175469, 179182, 179402, 185214, 187911, 188732, 190552, 193851, 194516, 197999, 198194, 199946, 200104, 206919, 208124, 209116, 209246, 209826, 213861, 215736, 216020, 222556, 224216, 225663, 227500, 229037, 229312, 230544, 233361, 235205, 235588, 238412, 241919, 242506, 246742, 247718, 249581, 250735, 255746, 255752, 257720, 258502, 258815, 259400, 263056, 264097, 269159, 269706, 269831, 272304, 279620, 282553, 282860, 285577, 286580, 288980, 290159, 291095, 292700, 293105, 294743, 295598, 295642, 295851, 301751, 301833, 302892, 304848, 305188, 305901, 307686, 308645, 311456, 312006, 314313, 315108, 315222, 315680, 315908, 316546, 320269, 320394, 322306, 322729, 325945, 325971, 331557, 332520, 333885, 334418, 334917, 337831, 338572, 340433, 342245, 342678, 343795, 346506, 347762, 350285, 350469, 350936, 352558, 353057, 353161, 353266, 355359, 355593, 355833, 356696, 357591, 366374, 370400, 376661, 377485, 377504, 379859, 381794, 383981, 384034, 384079, 387500, 388671, 389310, 393061, 393159, 395597, 399227, 400364, 401084, 401825, 403706, 407451, 409169, 410251, 410343, 413617, 413721, 420484, 422051, 426106, 428096, 428451, 430996, 435310, 435567, 436041, 441612, 444619, 445302, 447209, 448572, 448695, 450216, 452924, 453991, 455223, 455711, 456359, 460724, 460805, 465660, 466342, 467997, 468132, 469985, 470187, 474559, 475521, 478382, 479373, 481856, 483886, 484950, 487339, 487427, 488245, 493155, 494583, 497282, 497675, 498108, 498441, 498772, 502032, 502638, 510117, 511164, 511572, 512725, 513589, 515832, 517949, 519249, 522821, 523202, 524621, 530502, 531092, 531096, 532310, 535463, 535610, 538461, 539494, 539967, 540708, 541999, 542214, 544080, 545746, 546258, 549421, 549512]",10
res_645.parquet,MI,"[541, 1566, 4743, 6643, 20007, 28549, 31214, 32292, 43095, 56138, 67390, 78412, 85988, 94049, 95087, 106969, 109005, 122691, 140105, 144227, 150206, 153269, 156649, 161041, 176833, 179402, 185214, 188732, 194190, 209116, 209826, 223601, 235205, 247718, 258502, 260192, 260314, 271589, 282553, 288980, 302121, 304848, 305602, 311860, 325971, 331557, 331881, 332520, 340433, 353266, 366374, 377503, 379859, 380578, 383981, 407516, 407891, 409169, 413721, 426106, 445302, 450216, 467658, 473989, 482834, 483794, 483886, 485283, 488245, 491611, 494583, 498108, 502032, 508029, 508784, 512725, 524691, 530502, 539494, 549421]",10
res_649.parquet,MI,"[275600, 337756, 389263]",15
res_651.parquet,MI,"[270072, 282645, 290565, 362899, 397690]",10
res_652.parquet,MI,"[5460, 7555, 23028, 47521, 64141, 69745, 70441, 92876, 94007, 97810, 105819, 108923, 119899, 124083, 136300, 149825, 163929, 171465, 209004, 210096, 214641, 217201, 225222, 225557, 225705, 248211, 254102, 271354, 289229, 295899, 317135, 326867, 335536, 350694, 380296, 381884, 402337, 405426, 409422, 417396, 418555, 420347, 422118, 425885, 426204, 429913, 430122, 430476, 453077, 464383, 467460, 484434, 484939, 485960, 495809, 506247, 525496, 527997, 532538, 542377]",20
res_653.parquet,MI,[463711],25
res_654.parquet,MI,"[16059, 25783, 29488, 34065, 43670, 75308, 278648, 339622, 394146, 531497]",20
res_655.parquet,MI,"[361102, 429096]",35
res_656.parquet,MI,"[153748, 261108, 326574, 370675, 466754, 520334]",10
res_658.parquet,MI,"[22378, 33945, 115249, 123880, 129340, 137760, 181215, 198531, 209007, 215295, 304588, 335489, 338197, 374579, 427884, 464746, 503224, 520957]",10
res_663.parquet,MI,"[21, 4436, 7744, 8922, 9802, 12230, 18452, 22297, 22337, 26844, 30632, 31902, 34888, 39504, 40568, 41242, 42982, 46214, 48047, 51723, 52794, 57349, 57353, 57818, 60595, 68657, 70593, 79495, 83264, 87438, 87751, 88039, 89203, 89441, 96003, 99997, 100504, 101100, 106262, 108764, 109186, 110645, 113120, 116003, 118606, 120548, 123442, 126037, 127723, 127865, 131216, 135866, 141080, 152198, 153842, 156114, 165021, 169064, 174865, 176551, 180665, 181664, 189233, 191651, 196984, 198563, 200163, 200311, 200341, 201132, 204006, 205080, 206457, 206806, 212287, 212768, 214201, 214430, 214518, 220083, 222323, 225525, 235215, 235795, 237005, 239015, 242579, 246035, 259983, 259994, 261524, 262794, 265707, 267499, 268998, 271792, 274793, 276433, 279608, 285188, 289094, 290667, 291260, 292425, 293002, 299648, 304491, 305642, 305663, 311158, 312473, 312959, 327160, 329167, 329803, 331373, 345210, 348227, 348287, 352305, 352881, 353312, 359460, 360450, 366433, 368724, 369074, 373293, 374895, 378924, 380597, 384836, 393731, 394857, 398377, 400039, 400299, 400688, 405253, 408566, 408776, 410128, 412110, 414667, 417320, 423907, 425552, 434779, 435216, 436148, 438352, 439352, 439588, 445486, 447640, 448342, 449043, 455013, 458312, 459821, 461426, 462384, 467144, 469890, 475014, 479908, 484888, 487734, 488963, 490177, 493232, 496984, 502964, 512639, 514931, 515168, 517593, 520657, 521014, 521228, 526654, 527244, 539562, 545083, 547098]",20
res_664.parquet,MI,"[1705, 2893, 3069, 3634, 7623, 7705, 10687, 10817, 14004, 14742, 16835, 18226, 18623, 18662, 20832, 21333, 22983, 23716, 29133, 29212, 32530, 34026, 35548, 36255, 36750, 37325, 40628, 40670, 40845, 43674, 45636, 45725, 48532, 49911, 49919, 50204, 50962, 51752, 51793, 53056, 53219, 54792, 59073, 59283, 62133, 63928, 66147, 69593, 69857, 75636, 76116, 78042, 82147, 82501, 83131, 85406, 86813, 88872, 90324, 90428, 91470, 91652, 98785, 101002, 101361, 102307, 102785, 102800, 109715, 111193, 112010, 113045, 113253, 113495, 114189, 114704, 114769, 115623, 119340, 121765, 124195, 124845, 126201, 129256, 131624, 137278, 140476, 142481, 143802, 146290, 146592, 147598, 147757, 150520, 152842, 154178, 154276, 155724, 156951, 160703, 160709, 160837, 161710, 164026, 164264, 164715, 166632, 167295, 168046, 168663, 172160, 172666, 173794, 174543, 175997, 177728, 178965, 181803, 185413, 186884, 188268, 191500, 193878, 197043, 199787, 201524, 202105, 203578, 205931, 208017, 208668, 209794, 210596, 210984, 211021, 211470, 213519, 216961, 218608, 221459, 221553, 222778, 223173, 224293, 227288, 228491, 229663, 229743, 229797, 230522, 230728, 232638, 234400, 237484, 240942, 242829, 243272, 244574, 244588, 245190, 245222, 245653, 246168, 246974, 247029, 247285, 247341, 248469, 249515, 250903, 254002, 254628, 255062, 256982, 260062, 260680, 261850, 262130, 262218, 263925, 266118, 267695, 268651, 269554, 271915, 272221, 272941, 274468, 275045, 275768, 276505, 276981, 277883, 279245, 282194, 285325, 287166, 287336, 289491, 291498, 294712, 295334, 301348, 303177, 305387, 305651, 306589, 307826, 307829, 307858, 308604, 309831, 310552, 310606, 311490, 313637, 318913, 321257, 321718, 323352, 326839, 327478, 328799, 330413, 330643, 332263, 332362, 336665, 336999, 338113, 342465, 345358, 346683, 349117, 349680, 352233, 360849, 362290, 362773, 362796, 362952, 364177, 364696, 365205, 365602, 374007, 374087, 377534, 382081, 383347, 388282, 390822, 392198, 399411, 402215, 402481, 402860, 406221, 407541, 407911, 408698, 408988, 410898, 414172, 415983, 419691, 421426, 421925, 423419, 424073, 425877, 427793, 427894, 428745, 430592, 431939, 436370, 438431, 439031, 440279, 441300, 442465, 443919, 446426, 447864, 450422, 451066, 451367, 451726, 452500, 454836, 455100, 456758, 458044, 459553, 459710, 462225, 463066, 465871, 466257, 466478, 470163, 471508, 473692, 474051, 474414, 475148, 475299, 476238, 477904, 479485, 482399, 483652, 485039, 485226, 488756, 489438, 489462, 492236, 492975, 497145, 502227, 504644, 508998, 510217, 510333, 515507, 516127, 519411, 520518, 523774, 524172, 525485, 528235, 528344, 529221, 530114, 531438, 531702, 539499, 540179, 540831, 542007, 543102, 543745, 549654]",25
res_667.parquet,MI,"[3386, 4786, 6747, 16588, 19705, 21429, 23845, 25345, 26747, 28290, 35549, 38091, 49431, 58586, 68298, 69349, 70525, 71089, 74330, 77410, 77674, 92436, 96025, 96531, 97813, 98103, 104868, 105236, 111525, 112169, 114431, 139933, 142046, 152369, 153106, 160350, 163521, 164363, 167404, 171140, 180267, 183739, 187457, 191683, 193328, 194691, 194926, 202489, 203782, 204688, 214005, 218225, 218723, 222611, 226004, 236684, 244419, 272106, 276247, 281816, 283568, 285753, 290006, 294291, 299834, 300889, 301203, 303707, 314919, 319685, 320602, 335654, 338300, 341556, 350110, 350655, 352581, 355446, 355994, 357689, 364154, 365362, 369825, 372425, 380643, 381065, 381968, 383928, 385791, 386890, 388661, 395249, 401691, 402486, 403643, 408830, 419613, 423666, 424185, 427291, 427587, 430965, 438274, 442814, 443854, 445496, 446488, 446994, 451927, 458438, 459832, 460880, 464661, 467749, 473383, 477798, 479701, 480114, 482717, 501708, 503727, 512021, 524703, 531617, 534430, 536435, 538248, 539831, 543342]",10
res_670.parquet,MI,"[29447, 59304, 107139, 109989, 112136, 124643, 165889, 166792, 167248, 176572, 198579, 207370, 207757, 219892, 283048, 310274, 313313, 331638, 347364, 367722, 384283, 386921, 400912, 433078, 450537, 451590, 485677, 495003, 503821, 540990]",10
res_672.parquet,MI,[277511],20
res_675.parquet,MI,"[5460, 23028, 25223, 28101, 32956, 41571, 47521, 50563, 53762, 54415, 64141, 69745, 69825, 93384, 95434, 97810, 108923, 119832, 121673, 136300, 149825, 171465, 193666, 194642, 197431, 210096, 210721, 225557, 229456, 244304, 244977, 248211, 254102, 271354, 271429, 273883, 274011, 277177, 278750, 283175, 289229, 304294, 320902, 338199, 358640, 380296, 381884, 402337, 405426, 409422, 420122, 420347, 426204, 430476, 443726, 451547, 453077, 456895, 467460, 484434, 484772, 484939, 492934, 495809, 503377, 511199, 523591, 528374]",10
res_678.parquet,MI,"[3764, 3894, 17548, 18347, 19705, 22585, 38409, 68298, 74675, 77410, 78127, 101196, 104513, 106125, 112169, 140279, 145104, 148031, 148652, 157488, 180267, 186787, 189061, 191683, 202489, 218225, 219919, 226425, 238726, 258185, 265187, 276133, 299675, 301203, 328798, 333288, 335666, 343511, 369825, 394532, 400586, 402675, 404392, 416058, 423797, 427180, 427291, 429539, 438274, 447070, 451310, 464661, 470442, 476781, 490601, 498012, 534430, 539831]",10
res_68.parquet,MI,"[79150, 170914, 281221, 309768, 309836, 353118, 444935, 532144]",15
res_681.parquet,MI,"[1207, 18662, 92879, 101361, 106774, 111979, 124195, 126201, 131759, 133897, 156951, 161048, 163689, 192724, 204544, 229663, 268603, 346683, 360849, 422011, 440362, 455463, 473667, 492169, 521100]",10
res_684.parquet,MI,"[4772, 7927, 9921, 10202, 24725, 29950, 38319, 40681, 41197, 42378, 42629, 43666, 48724, 52244, 56122, 58182, 65716, 67623, 70951, 80160, 81062, 82041, 82218, 82988, 85713, 89404, 93522, 101889, 112961, 113637, 119488, 127646, 137803, 143428, 150338, 156208, 162258, 165503, 169046, 186267, 186976, 187548, 190747, 196051, 207738, 209876, 230157, 233474, 238096, 238349, 243183, 243278, 248797, 257407, 267941, 270182, 271458, 273203, 275222, 281627, 285067, 293949, 304341, 310789, 311393, 312450, 312615, 321195, 321980, 328407, 329186, 331201, 338667, 345430, 345526, 345608, 346396, 348042, 368958, 391256, 391947, 393350, 393728, 398925, 409040, 412619, 413029, 425758, 447182, 452619, 458168, 463421, 467893, 488964, 495921, 500175, 517800, 524461, 524572, 536798, 539186, 542472, 543507, 548034]",15
res_686.parquet,MI,"[400439, 480020]",10
res_689.parquet,MI,"[106125, 148031, 157488, 226425, 258185, 276133, 328798, 343511, 400586, 402675, 404392, 423797, 427180, 429539, 470442, 490601, 498012]",5
res_691.parquet,MI,"[6639, 14251, 19614, 26623, 40563, 88004, 141697, 155917, 185433, 230081, 287261, 330529, 390765, 413705, 430182, 434300, 459666, 526776, 534599, 539071]",10
res_692.parquet,MI,"[11769, 178522, 317050]",20
res_695.parquet,MI,[445859],5
res_696.parquet,MI,"[17424, 20070, 44823, 114374, 122263, 143394, 178924, 197249, 197718, 199948, 206886, 211291, 249697, 254749, 293557, 312550, 320362, 324096, 365733, 370841, 384780, 386720, 431805, 449456, 453061, 457637, 472891, 504197, 523939]",10
res_697.parquet,MI,"[87112, 101732, 124284, 149743, 157441, 181657, 184590, 191052, 207733, 208113, 256463, 261491, 327466, 329219, 344912, 361475, 363377, 394765, 506610, 526754, 529225, 530891, 538951, 543567]",15
res_7.parquet,MI,"[92876, 177011, 217201, 219251, 234832, 289229, 295899, 417396, 418555, 425885, 430476, 485960, 525496]",10
res_70.parquet,MI,[144803],15
res_701.parquet,MI,"[66548, 117701, 153038, 447175, 533974]",20
res_703.parquet,MI,"[11769, 178522, 275600, 317050, 337756]",15
res_707.parquet,MI,"[145104, 184254, 189061, 217736, 219919, 237854, 274968, 338268, 386749, 442781, 451310]",5
res_709.parquet,MI,"[62727, 79547, 83376, 103604, 110702, 167806, 195282, 223853, 289960, 445859, 462075, 487440, 492920, 511358, 546177]",10
res_710.parquet,MI,"[92876, 217201, 425885, 485960, 525496]",10
res_715.parquet,MI,"[4191, 7355, 8451, 13243, 15848, 41127, 41933, 46182, 51653, 54046, 56337, 57141, 60341, 64249, 64576, 65510, 71896, 79193, 82165, 82863, 85168, 100315, 101103, 102585, 104423, 109958, 111567, 111877, 113458, 116413, 116558, 120692, 125574, 131485, 138937, 142223, 144557, 148807, 152368, 153583, 156598, 158554, 163891, 175422, 180013, 181390, 184183, 192547, 193358, 197197, 204426, 205032, 208407, 208931, 210692, 211865, 226510, 229388, 236694, 238130, 238775, 246717, 249961, 251318, 256444, 263254, 271899, 272776, 275761, 287301, 291812, 292288, 294282, 303362, 305042, 307167, 309964, 314096, 314599, 323962, 328440, 337372, 340638, 344633, 355362, 366181, 366359, 369949, 375333, 377723, 378785, 384015, 392003, 393783, 398593, 401000, 403115, 411347, 412053, 413746, 415744, 416610, 417517, 419097, 421810, 422598, 423126, 429570, 431456, 432066, 432801, 434051, 437086, 437719, 439160, 443185, 443929, 461063, 467574, 474922, 481081, 483262, 485847, 487517, 500590, 502287, 504286, 505996, 506467, 510956, 512952, 514523, 519165, 519838, 521512, 534467, 539855, 541479, 544644, 546514, 549293]",20
res_717.parquet,MI,[144803],10
res_719.parquet,MI,"[116626, 353696, 359438, 379150, 499831]",20
res_730.parquet,MI,"[19402, 20861, 28461, 51748, 68075, 68756, 90485, 96881, 97427, 108950, 116934, 121813, 123553, 133625, 180469, 181447, 182436, 196436, 201970, 224830, 249930, 266253, 271413, 290572, 291971, 297392, 312570, 312595, 314196, 316989, 336259, 339266, 340913, 363285, 365056, 365679, 367590, 378891, 383003, 386238, 386913, 389512, 403491, 406054, 422515, 423280, 430596, 431893, 433315, 435703, 450642, 450751, 452522, 460934, 474106, 483993, 495624, 509503, 517299, 523600, 524273, 539595, 539773, 541756]",15
res_735.parquet,MI,[278648],15
res_736.parquet,MI,[292202],50
res_739.parquet,MI,"[26983, 32736, 53291, 87611, 112136, 168257, 199713, 215568, 215878, 219892, 219912, 222149, 232858, 242464, 245888, 255244, 266777, 283048, 296853, 298976, 313313, 316670, 330187, 332977, 367722, 384283, 386921, 389658, 400912, 410549, 416241, 423245, 442860, 474634, 486415, 493220, 494417, 495003, 512386, 520699, 525608, 533111, 538004, 538608, 539421]",5
res_740.parquet,MI,"[3894, 5933, 6747, 9964, 12641, 14175, 15309, 15946, 17548, 19705, 22585, 23845, 25756, 26747, 29260, 38409, 44030, 46439, 49048, 49431, 52604, 58586, 59631, 59810, 70525, 74879, 77410, 78127, 83529, 84089, 88877, 91348, 94664, 95782, 96025, 97184, 100282, 101196, 106125, 108101, 108753, 109236, 112169, 114431, 114784, 120739, 124887, 125657, 129104, 129365, 130296, 132478, 132623, 134014, 136008, 139933, 148031, 148652, 152369, 153106, 157488, 160350, 164363, 165388, 167404, 167996, 169943, 177767, 180267, 183038, 183739, 187457, 191683, 194691, 202489, 202573, 203782, 204688, 207213, 214005, 215444, 216114, 218225, 218723, 224813, 226004, 226425, 229671, 233401, 236684, 238045, 245870, 258185, 271131, 272142, 273291, 276133, 276247, 279270, 282475, 283113, 283568, 283940, 285425, 285753, 293001, 295418, 299675, 300889, 303685, 303707, 304916, 308178, 314151, 314919, 327970, 333288, 335089, 335546, 335666, 343511, 344801, 348388, 354250, 354636, 355446, 355994, 356723, 364776, 365362, 369825, 372425, 380643, 383928, 386890, 394532, 395173, 395249, 398667, 399613, 399673, 400586, 402675, 403643, 404392, 404886, 408830, 416058, 418933, 419613, 423797, 424185, 425357, 425945, 427180, 427291, 427587, 429539, 430965, 433709, 438274, 445496, 445718, 446994, 447070, 449250, 450529, 451636, 451927, 452959, 454148, 458438, 460212, 460880, 462773, 464661, 465947, 466258, 466691, 470442, 473383, 476781, 477798, 479701, 480114, 482717, 495770, 498012, 501708, 503727, 518203, 524703, 525611, 529847, 531617, 534430, 536435, 538248]",10
res_742.parquet,MI,[450644],5
res_744.parquet,MI,"[25071, 31492, 75469, 88647, 96303, 133657, 158492, 170524, 176552, 189602, 191860, 216530, 226944, 227841, 241914, 252046, 254563, 329846, 345242, 359122, 374735, 407964, 409065, 429211, 433379, 453790, 460301, 460383, 473086, 500425, 513488, 521726, 533235, 549011]",20
res_747.parquet,MI,"[6513, 119507, 142916, 306457, 387488, 434974]",20
res_748.parquet,MI,"[5306, 40703, 116616, 162707, 169489, 204853, 283280, 313028, 391700, 461117, 465693, 484255, 526066, 534930]",5
res_75.parquet,MI,"[522, 2928, 6635, 11576, 12388, 14378, 16386, 18746, 20949, 23907, 30415, 32654, 43236, 43457, 59069, 61271, 62437, 63464, 66681, 67189, 71847, 72571, 72582, 73105, 73662, 91014, 99651, 105166, 108891, 109556, 110328, 125354, 127167, 128216, 128265, 134132, 145358, 152166, 157442, 159169, 163480, 167608, 177342, 188086, 195180, 198396, 199093, 201745, 205687, 205717, 210283, 213381, 215173, 221439, 221901, 223088, 225974, 231798, 235265, 236654, 236823, 238004, 241372, 247797, 256251, 259496, 259798, 261528, 263955, 269862, 273454, 276474, 280680, 290516, 291570, 292996, 298388, 306362, 312544, 315320, 321934, 322281, 322874, 327451, 328097, 328760, 330854, 332539, 332893, 335853, 338021, 339901, 341182, 344578, 356732, 357439, 359336, 367507, 368387, 372625, 375576, 380082, 381193, 381343, 383136, 398253, 401227, 401617, 403840, 405983, 410791, 414064, 415257, 418092, 430016, 433700, 436760, 436788, 436936, 442607, 443411, 447806, 455005, 467001, 473133, 474349, 488785, 502181, 502634, 513345, 516372, 518497, 526649, 527285, 533164, 533308, 540528, 543347, 549360]",10
res_752.parquet,MI,"[2745, 11921, 15012, 15283, 16273, 18226, 22065, 23817, 31760, 32889, 36855, 41729, 49299, 57808, 69138, 72484, 76866, 83404, 88361, 98574, 112559, 114669, 115448, 126811, 126990, 134294, 138562, 143774, 145185, 147228, 151461, 151994, 161409, 164026, 169156, 169807, 176115, 183140, 187454, 191340, 196284, 232638, 235543, 236587, 237463, 245190, 245487, 247748, 250392, 253338, 254628, 256982, 281200, 289491, 299299, 300110, 304951, 313565, 313809, 314498, 316377, 318973, 321806, 324749, 334073, 347667, 354587, 354977, 358254, 364696, 373790, 374232, 381253, 386923, 390896, 392860, 394940, 400522, 405240, 406509, 410311, 413370, 420329, 443207, 449004, 454203, 455352, 455633, 469000, 471413, 472423, 475325, 477653, 480153, 482779, 483588, 494544, 498074, 498779, 502493, 506125, 510217, 516127, 521072, 524135, 531438, 534728, 539338, 539466, 539519]",15
res_754.parquet,MI,"[522, 4772, 6862, 8611, 9921, 10308, 18504, 21593, 37299, 38319, 41197, 42378, 43666, 48724, 67623, 81062, 89314, 99724, 102871, 117027, 125354, 127646, 141137, 149017, 156208, 157442, 159169, 177342, 185574, 188086, 189172, 199649, 204922, 205687, 205717, 213723, 221439, 225974, 230157, 238096, 242257, 245821, 256251, 260634, 267941, 271458, 285946, 291570, 312544, 322281, 329186, 330024, 330854, 332539, 348303, 366580, 368387, 368958, 369346, 375522, 386871, 393728, 395859, 410791, 422397, 427909, 436936, 442607, 443411, 473133, 475845, 488964, 517800, 524461, 526649, 536970, 540528, 543507, 547410, 549360]",55
res_76.parquet,MI,[387495],20
res_760.parquet,MI,"[113152, 141942, 451116]",25
res_763.parquet,MI,"[232, 695, 1197, 2671, 5231, 5306, 5933, 7845, 9001, 9964, 16555, 20958, 29260, 30779, 34849, 44030, 46439, 47883, 49048, 59001, 59810, 70734, 74523, 74879, 79414, 80957, 83529, 88877, 94664, 103694, 108101, 108753, 110028, 113662, 114784, 119409, 121458, 124887, 129104, 132478, 134014, 136008, 141851, 141925, 153882, 165388, 167996, 174524, 175377, 178145, 186703, 189120, 191955, 202573, 215444, 216114, 216176, 216605, 227557, 233401, 233684, 239631, 260897, 262151, 273850, 282475, 283113, 295987, 298832, 299476, 305094, 308178, 311309, 313613, 314151, 323420, 325144, 325152, 335089, 335156, 335546, 335873, 337014, 342752, 343191, 344801, 348388, 354636, 359727, 363339, 367700, 374947, 379659, 379996, 380938, 382560, 395241, 398667, 404886, 407684, 418933, 432165, 433423, 438095, 438628, 441583, 448464, 449250, 450529, 450853, 451852, 464525, 465947, 466691, 469357, 472182, 483601, 485727, 496926, 513105, 515043, 526066, 529949, 531486, 536637, 542809, 548747]",20
res_764.parquet,MI,"[83768, 134946, 167368, 191566, 210420, 303561, 348393, 363981, 415940, 473325, 505567, 522435, 548004]",25
res_766.parquet,MI,"[74514, 318734]",10
res_769.parquet,MI,"[209298, 248463, 249510, 327516, 343494, 356068]",25
res_772.parquet,MI,"[4342, 21420, 23028, 47521, 70441, 97810, 136300, 149825, 155874, 165775, 209004, 225557, 254102, 300191, 323267, 357854, 405426, 422118, 430122, 464383, 467460, 484434, 486897, 504340, 520649, 530245, 542377]",5
res_775.parquet,MI,[277511],30
res_779.parquet,MI,"[22637, 72106, 77208, 151224, 323697, 368957, 530178]",10
res_78.parquet,MI,"[36706, 50168, 76388, 91068, 97649, 111578, 137037, 194377, 194725, 201177, 210632, 227076, 252514, 261070, 273711, 305196, 312046, 312983, 314185, 322402, 329529, 335534, 344956, 352326, 366197, 366777, 384622, 387392, 390872, 464268, 482534, 483378, 489220, 516869, 526106, 548574]",20
res_780.parquet,MI,"[5460, 13942, 18504, 19299, 21702, 23028, 25223, 28101, 32453, 32956, 37299, 50563, 53708, 53762, 54415, 66053, 69745, 69825, 75050, 94007, 95434, 97810, 102871, 105819, 108923, 119832, 119899, 121673, 124083, 124253, 132363, 142331, 157442, 158673, 159169, 171465, 177342, 185353, 188086, 189172, 193666, 194642, 197431, 203104, 210096, 210721, 214641, 221439, 225557, 225974, 229456, 232505, 236654, 241179, 242011, 242257, 244304, 244977, 245821, 248211, 256339, 271429, 273883, 274011, 277177, 278750, 283175, 289229, 289968, 291570, 304294, 312544, 316032, 320297, 320902, 322281, 326867, 329508, 330024, 332539, 333973, 338199, 357439, 358640, 360791, 366580, 372625, 380296, 381131, 381884, 402337, 405426, 408930, 409422, 411661, 417597, 420122, 427909, 430476, 436936, 437225, 443411, 443726, 453077, 453782, 456895, 463678, 464078, 475845, 484434, 484772, 484939, 485960, 492934, 495809, 503377, 511199, 512942, 516372, 523591, 524478, 525496, 528374, 547410]",10
res_79.parquet,MI,"[361102, 429096]",40
res_790.parquet,MI,[277511],70
res_793.parquet,MI,[328714],5
res_794.parquet,MI,"[22637, 30889, 31800, 72106, 75469, 76782, 98936, 137015, 150618, 151224, 241361, 241914, 248652, 336705, 340895, 368957, 433379, 460301, 488018, 500425]",25
res_795.parquet,MI,"[110204, 110717, 167663, 199438, 245365, 320231, 325947, 328213, 345461, 382564, 415593, 434262, 445136, 506018, 529120]",5
res_796.parquet,MI,"[178522, 317050]",10
res_798.parquet,MI,"[1987, 3717, 5319, 11278, 28541, 29735, 41109, 43173, 44358, 47405, 48999, 56649, 59132, 60207, 60757, 63089, 63676, 68540, 68865, 82519, 88164, 89939, 99717, 101855, 118243, 121956, 132123, 139712, 141755, 155172, 163006, 164040, 166030, 168244, 170670, 180151, 181726, 183770, 197691, 200835, 202933, 204990, 213794, 214558, 218850, 223732, 234350, 240337, 249145, 258936, 259490, 264315, 265541, 293812, 295978, 307329, 316819, 318446, 326200, 340873, 344632, 354862, 359679, 371394, 377669, 381245, 383645, 387189, 408391, 414844, 436048, 443178, 444568, 446574, 465405, 467060, 492327, 497434, 500062, 510689, 516996, 519810, 523627, 526524, 528408, 535138, 547003, 548572, 548885, 549244]",10
res_805.parquet,MI,"[47607, 66810, 123878, 171877, 247272, 283280, 357597, 367535, 386501, 386563, 399401, 472316, 497629, 540162]",15
res_806.parquet,MI,"[14959, 34826, 35417, 43717, 45355, 115330, 137047, 141124, 156166, 157563, 169701, 190976, 193653, 230708, 308072, 311719, 363448, 365242, 379240, 379447, 453207, 462360, 502074, 548677]",35
res_807.parquet,MI,"[832, 11287, 13822, 17765, 20988, 24272, 26631, 34692, 39459, 41775, 50473, 50840, 55589, 60159, 60783, 62189, 62718, 64686, 65253, 65379, 66242, 69250, 76435, 76518, 84000, 88306, 93608, 100562, 104017, 105998, 107089, 108360, 121098, 125994, 129356, 131058, 143949, 146140, 148610, 152222, 153194, 155511, 155635, 156237, 161518, 163016, 163040, 165700, 167153, 174203, 175715, 187050, 191809, 192011, 192816, 197974, 203218, 206690, 207524, 209727, 217862, 223527, 227233, 228292, 231797, 236712, 238150, 245125, 248045, 249506, 256012, 258892, 260350, 264615, 268001, 268335, 271802, 272099, 274553, 278404, 281377, 285678, 287248, 288792, 293485, 295037, 303656, 306969, 315632, 320264, 327363, 327878, 331207, 332651, 333727, 334921, 340028, 343835, 349151, 350033, 353246, 358172, 362798, 363004, 365744, 372296, 384963, 386166, 392307, 394946, 404407, 411359, 412369, 415290, 416417, 420157, 425636, 432309, 433587, 435581, 436322, 438408, 440280, 440459, 451739, 471077, 471228, 471379, 472739, 473221, 473801, 476500, 479061, 481224, 494250, 498810, 498993, 501536, 514719, 516279, 517199, 525946, 533049, 533869, 540693]",5
res_809.parquet,MI,"[101732, 170758, 231438, 293661, 525113]",20
res_815.parquet,MI,"[186075, 485468, 547187]",20
res_817.parquet,MI,[140239],5
res_819.parquet,MI,[494010],15
res_82.parquet,MI,"[2313, 4514, 6432, 6526, 18936, 29813, 47605, 48407, 54070, 56618, 67725, 68877, 82639, 82822, 88642, 89069, 94145, 99663, 100589, 102078, 116146, 129003, 131729, 132527, 139458, 139991, 153852, 159627, 161993, 163081, 178698, 181799, 218792, 231997, 237415, 237534, 278226, 302063, 307880, 311873, 323697, 348643, 377911, 395102, 408391, 408804, 409851, 413006, 426813, 437562, 453085, 456818, 458184, 480431, 485105, 490708, 491827, 506516, 506539, 512566, 516996, 529142, 530709, 534408, 540677, 542758, 544611, 548572, 548880]",35
res_822.parquet,MI,"[7555, 163929, 209004, 317135, 430122]",10
res_823.parquet,MI,"[32956, 69745, 105819, 119899, 124083, 185353, 214641, 380296, 402337, 409422, 484939]",10
res_825.parquet,MI,"[13670, 54987, 92185, 92348, 92536, 117165, 153793, 176572, 178848, 215256, 252854, 259226, 272279, 294609, 326416, 363845, 370373, 431431, 435710, 455736, 461524, 485677, 504047, 508840, 513814, 519511, 525816, 530429, 533718, 542100]",10
res_826.parquet,MI,"[7774, 28298, 78742, 138616, 184831, 286042, 342405, 374735]",15
res_827.parquet,MI,"[181982, 290396, 451596]",20
res_828.parquet,MI,"[15012, 26063, 57808, 85091, 147228, 169156, 176115, 187454, 211203, 215616, 257444, 332869, 334073, 335760, 366819, 381253, 390896, 392860, 407581, 454203, 455352, 475325, 487480, 506125, 534728]",10
res_829.parquet,MI,"[58013, 63135, 97500, 143000, 160516, 162150, 186525, 186712, 191508, 196793, 202225, 214675, 231218, 245800, 252847, 259811, 268576, 276153, 278556, 295109, 300468, 325619, 348699, 348896, 349784, 352312, 362591, 372392, 374931, 379665, 381598, 385934, 392273, 393592, 403188, 404738, 429782, 434372, 437695, 441086, 442596, 448795, 450855, 460136, 460988, 466138, 498853, 500084, 513019, 535887, 545244]",25
res_832.parquet,MI,[2623],15
res_835.parquet,MI,"[131935, 291009, 294722]",15
res_842.parquet,MI,"[2745, 15012, 57808, 105728, 147228, 169156, 235588, 286580, 334073, 390896, 392860, 393159, 395597, 401084, 450216, 454203]",10
res_843.parquet,MI,"[7057, 29071, 35401, 39539, 47274, 58087, 98129, 99787, 100481, 106540, 127869, 139093, 139709, 149333, 171027, 216020, 264097, 290159, 295598, 316546, 355833, 381794, 383981, 410343, 435567, 465660, 466342, 475521, 481856, 512725, 549421]",10
res_844.parquet,MI,[470858],10
res_846.parquet,MI,[277511],50
res_847.parquet,MI,"[29779, 170020, 293795, 301913, 349928, 513740, 515788]",5
res_85.parquet,MI,"[28, 16731, 22709, 30822, 31578, 36068, 41114, 42487, 52045, 53056, 57364, 57960, 62487, 76116, 82501, 94948, 97447, 97476, 102785, 108607, 113045, 114083, 115738, 126899, 129445, 137743, 141684, 145888, 147835, 150826, 163073, 165599, 166577, 172666, 184853, 201188, 204149, 205412, 207908, 213861, 223173, 224123, 243272, 246974, 258998, 266996, 271931, 277883, 279369, 281426, 281566, 285087, 285228, 285956, 286308, 286363, 306408, 325705, 330570, 340669, 341440, 346149, 348232, 352558, 352992, 353259, 359597, 364854, 366103, 366735, 379264, 390822, 392655, 402860, 415429, 416113, 417984, 419088, 421470, 429199, 430592, 432773, 432811, 437157, 439096, 442917, 450317, 452029, 452862, 457741, 465222, 468807, 471750, 480038, 485759, 507778, 511940, 517432, 518459, 533319, 534379, 544225, 548196, 548338]",10
res_850.parquet,MI,"[28, 832, 2948, 9087, 10343, 11287, 13822, 14920, 15615, 16583, 17765, 19031, 20988, 22709, 24374, 27542, 29749, 30525, 30822, 30905, 31578, 32645, 36068, 37859, 41114, 41708, 42487, 50473, 52045, 52529, 53056, 53895, 55589, 56388, 57364, 57960, 60726, 62487, 62718, 64686, 64801, 65253, 66242, 69593, 76116, 76518, 77799, 80934, 83708, 84000, 85739, 86820, 87872, 88306, 88872, 89072, 90485, 92795, 93436, 93608, 94117, 94948, 95606, 97427, 97447, 97476, 97511, 97610, 99723, 101718, 102785, 104017, 105998, 107089, 108360, 108607, 113045, 114083, 115738, 121098, 121551, 123221, 125994, 126899, 128272, 129445, 130342, 131058, 133625, 137743, 140494, 141684, 143949, 145888, 146140, 147835, 148610, 150826, 151970, 152222, 155635, 156237, 160610, 163016, 163040, 165599, 165700, 166100, 166577, 167153, 169446, 169556, 170982, 172666, 174016, 177512, 178215, 179492, 179859, 180624, 184853, 188500, 190390, 192261, 192803, 196625, 199278, 199498, 200339, 201188, 203218, 203267, 204149, 205412, 207908, 213861, 213914, 217146, 217862, 223173, 223271, 224123, 224700, 225626, 225663, 226232, 230190, 231797, 231865, 233361, 238118, 239752, 243272, 245125, 246974, 249506, 258892, 258998, 259314, 260350, 261722, 264615, 265763, 266996, 268001, 268335, 270054, 270309, 271413, 271445, 271931, 272099, 278404, 279279, 279369, 279382, 279620, 280914, 281323, 281426, 281566, 282901, 285087, 285228, 285678, 285956, 286308, 286363, 287064, 288792, 291224, 291700, 291910, 293485, 298502, 303383, 303656, 304327, 305365, 305901, 306408, 306969, 311456, 312458, 312620, 312780, 314931, 320720, 322549, 325198, 325464, 325705, 326195, 327363, 327878, 330570, 331207, 332038, 332667, 333727, 334921, 335219, 336942, 339266, 340028, 340669, 340913, 341440, 342872, 344977, 346149, 348232, 349089, 349151, 352558, 352992, 353246, 353259, 353453, 353732, 356696, 358302, 359597, 360225, 362798, 363004, 364684, 364854, 366103, 366654, 366735, 370400, 371806, 371881, 375167, 375616, 379264, 383253, 384034, 386166, 388282, 388448, 389118, 389386, 390822, 392307, 392655, 394946, 398173, 402771, 402860, 405565, 411019, 411469, 413617, 415429, 415556, 416113, 417984, 419088, 420235, 420615, 421470, 421491, 422070, 422515, 422597, 429199, 430592, 432309, 432489, 432773, 435581, 437030, 437157, 437592, 438408, 439096, 439391, 440280, 440459, 442917, 443574, 445082, 445364, 447295, 447414, 450038, 450317, 452029, 452522, 452862, 454555, 457741, 458234, 460117, 462151, 465222, 467961, 468807, 471077, 471750, 472739, 473801, 476500, 479373, 480038, 484950, 485759, 486701, 490538, 494250, 498993, 502638, 505052, 507778, 511940, 513111, 514719, 515035, 515832, 516575, 517199, 517432, 518459, 519249, 520777, 521561, 525736, 525946, 529716, 533049, 533319, 533869, 534379, 539499, 540975, 540993, 545971, 548196, 549512]",20
res_852.parquet,MI,"[832, 6635, 16583, 30525, 60159, 65253, 66242, 67189, 76435, 89072, 92795, 104017, 115738, 121551, 125994, 149933, 153194, 163040, 165700, 169556, 177512, 179859, 180894, 192803, 199278, 203218, 213914, 224700, 226232, 231865, 241372, 245125, 270054, 274553, 281377, 281426, 287248, 288792, 317809, 320720, 330570, 332038, 334921, 343835, 349151, 353246, 363004, 364684, 388448, 389118, 392307, 402771, 412369, 420157, 422070, 432309, 435581, 437592, 440280, 440459, 447295, 450317, 460117, 471077, 471750, 473801, 507778, 511530, 515035, 517199, 521561, 533869, 540993]",10
res_853.parquet,MI,"[109870, 475543, 494108]",5
res_860.parquet,MI,[108207],15
res_861.parquet,MI,"[54070, 100275, 121288, 129196, 154581, 196692, 279513, 290353, 292113, 299338, 299404, 307854, 325960, 355031, 392570, 419311, 423231, 425269, 456818, 509036, 529142, 548362]",25
res_863.parquet,MI,"[24927, 27578, 41980, 47178, 51312, 62727, 64155, 83376, 83885, 87858, 97130, 102230, 105675, 110702, 135285, 142197, 157467, 163888, 167806, 175377, 182097, 182989, 191955, 195282, 216155, 245477, 251478, 291241, 293319, 309351, 313451, 358791, 371114, 371989, 372413, 394260, 427743, 430484, 440879, 445859, 448464, 462075, 464087, 480571, 489152, 505389, 511358, 518829, 529949, 542202, 542342]",10
res_871.parquet,MI,"[695, 44030, 49048, 119409, 158060, 215444, 216114, 216176, 227557, 379996, 531486]",5
res_872.parquet,MI,"[30348, 40518, 43070, 44963, 64119, 69901, 76388, 87320, 97649, 111578, 122170, 149846, 154620, 171209, 181386, 203805, 210632, 245343, 312983, 323675, 344956, 371587, 381472, 387392, 417504, 428265, 450460, 495758, 529659, 538349]",20
res_873.parquet,MI,"[9694, 132915, 151275, 204217, 206802, 214761, 340321, 434096, 462899, 463369, 479758]",30
res_876.parquet,MI,[129325],10
res_877.parquet,MI,"[13504, 30110, 62133, 97404, 102165, 160281, 168046, 170512, 179681, 180070, 204880, 205512, 209440, 216162, 262638, 263925, 278865, 291815, 294502, 329563, 340455, 343350, 352057, 365309, 385178, 406917, 412959, 455368, 468926, 469283, 481969, 548842]",15
res_879.parquet,MI,"[3386, 6747, 7901, 15946, 16588, 19705, 26747, 44030, 49431, 69349, 77410, 78411, 83529, 92436, 105236, 111525, 129365, 139933, 152369, 153106, 153882, 158060, 160350, 163521, 164363, 167996, 171140, 178970, 187457, 191683, 194691, 202489, 202573, 203782, 204688, 214005, 215444, 216176, 218723, 222611, 226004, 227557, 244419, 276247, 281816, 294291, 295418, 300889, 301203, 303707, 335089, 341556, 350110, 355446, 356723, 364154, 369825, 379996, 383928, 386890, 399613, 402486, 403643, 408830, 419613, 423666, 427291, 427587, 438274, 442814, 443854, 446488, 446994, 451927, 452959, 464661, 473383, 477798, 479701, 531486, 538250, 539831]",5
res_88.parquet,MI,"[2196, 2305, 2934, 4494, 6873, 9066, 11576, 12759, 14378, 16386, 18047, 18079, 18193, 21290, 22364, 24272, 26482, 26631, 32654, 33251, 34166, 34268, 34692, 39459, 41775, 43236, 46148, 50840, 52230, 55166, 60159, 60783, 61208, 61271, 62189, 62437, 64029, 65379, 66561, 66681, 69250, 71847, 72582, 73105, 73662, 76435, 81163, 83235, 84719, 85102, 87045, 87608, 88474, 89569, 91014, 93494, 95747, 97245, 97647, 100562, 102878, 103441, 103669, 104018, 109556, 110328, 110982, 111472, 112743, 117839, 118463, 123460, 125790, 125797, 127167, 128216, 128265, 129356, 129857, 138976, 139171, 141838, 143439, 145397, 146562, 149746, 149933, 152166, 153194, 153522, 154149, 154471, 155511, 158438, 161518, 163480, 165465, 167216, 167608, 168075, 173597, 174198, 174203, 175423, 175715, 177048, 181347, 184787, 187050, 188283, 190074, 190989, 191809, 192011, 192328, 192816, 196643, 197974, 198396, 203057, 203773, 205761, 206690, 207524, 207943, 209727, 210283, 218223, 221929, 223088, 223527, 225106, 226214, 226660, 227233, 228292, 231798, 234465, 236712, 238150, 239465, 241372, 244559, 245482, 247692, 247994, 248045, 248980, 254041, 254536, 255629, 256012, 256552, 259798, 261528, 263955, 264759, 265142, 268473, 271802, 273454, 274553, 275296, 276474, 278280, 281377, 282391, 282654, 285504, 287248, 291766, 295037, 296845, 297594, 298388, 299441, 303896, 304348, 305710, 306536, 307631, 315632, 316800, 317587, 317809, 320264, 322874, 324582, 325237, 327451, 332651, 338144, 339901, 341182, 343835, 347458, 350033, 353294, 354907, 358172, 361695, 363546, 364939, 365744, 365844, 366008, 367507, 371044, 372296, 373491, 380082, 380611, 384963, 385261, 389555, 391060, 395634, 395774, 398301, 400112, 401238, 401617, 403840, 404407, 404810, 411089, 411359, 411539, 412369, 413028, 413766, 414064, 415257, 415290, 416417, 417793, 419011, 420129, 420157, 420392, 424454, 424633, 425636, 425860, 425955, 429247, 430016, 432381, 433587, 436322, 436683, 436760, 437529, 438591, 441684, 442446, 443418, 444859, 447806, 448384, 451739, 453869, 455005, 456302, 457317, 459997, 461234, 463962, 467001, 467666, 468075, 470151, 471228, 471379, 471636, 473221, 475652, 478353, 479061, 480734, 481224, 481469, 481825, 484428, 488785, 489365, 495631, 497120, 498810, 501536, 501854, 502181, 502634, 508555, 511530, 513345, 515572, 516279, 518497, 519114, 520386, 522078, 523313, 524888, 526981, 527750, 529060, 532471, 532834, 533164, 533308, 534207, 539110, 540693, 543347, 544332, 548233]",15
res_881.parquet,MI,"[1104, 3123, 3863, 10345, 26004, 27037, 30889, 40538, 45311, 69703, 71172, 74125, 76782, 77016, 77267, 83518, 86215, 88009, 88519, 95500, 97656, 98936, 99266, 109022, 111386, 115134, 132432, 132856, 140096, 143248, 153588, 155816, 156288, 158492, 159927, 171127, 173703, 178668, 181155, 181332, 185822, 186111, 187822, 190287, 191860, 193506, 194327, 194396, 205760, 207185, 208956, 213713, 215404, 217051, 218100, 223823, 225559, 233292, 233440, 234705, 235094, 244548, 245961, 248652, 255025, 255242, 264077, 275245, 279820, 281024, 282902, 297756, 299118, 308004, 312970, 314007, 336337, 338115, 345323, 347492, 349479, 349856, 368957, 373024, 373861, 374622, 376440, 377290, 383955, 386644, 390967, 396010, 396262, 397579, 403436, 404378, 409065, 410450, 411562, 413999, 422990, 425269, 426499, 426838, 429718, 432696, 434807, 436716, 438042, 444938, 450644, 454983, 460301, 460802, 462308, 468150, 468466, 472040, 473915, 473954, 475001, 486524, 491546, 492313, 493437, 504042, 510132, 512487, 514790, 515159, 515610, 516898, 521726, 525203, 526094, 527449, 529038, 530149, 536885, 539098, 540717, 542707, 545049, 545679, 546307, 547076, 548990]",25
res_884.parquet,MI,"[6862, 8611, 9921, 10308, 35437, 41484, 42378, 50209, 64408, 66663, 67623, 68294, 74431, 76057, 99065, 103165, 105250, 117027, 141137, 149017, 151842, 169046, 169896, 170826, 172761, 185211, 185574, 191490, 199649, 203134, 204922, 206604, 208038, 222324, 223121, 227197, 237783, 273531, 285521, 285946, 321349, 340373, 348303, 357327, 359350, 369220, 375522, 377452, 385979, 386871, 390037, 395859, 397857, 402744, 409590, 409748, 421637, 431284, 431715, 438903, 443294, 444822, 451583, 454707, 455253, 457999, 459604, 469975, 472709, 492596, 508335, 510178, 513844, 522326, 535041, 543507, 544323, 546196]",10
res_887.parquet,MI,"[1705, 2893, 5620, 12404, 20528, 20861, 20943, 31677, 37325, 42791, 45518, 51752, 60317, 70979, 78481, 90428, 96541, 96881, 103412, 106830, 108973, 110503, 111193, 114347, 115623, 121483, 123553, 124845, 130441, 131014, 133754, 133878, 139396, 146290, 150520, 154178, 155166, 155758, 159881, 165338, 166385, 174128, 175639, 175997, 177728, 178965, 182436, 185123, 185288, 187002, 188434, 201524, 201970, 205270, 208017, 210596, 211470, 213841, 230522, 231655, 240942, 242829, 246034, 246168, 248297, 257096, 260062, 265893, 271102, 280750, 283250, 290572, 291498, 293720, 296649, 299505, 307858, 318913, 321718, 323765, 334640, 336999, 341309, 341433, 343296, 344185, 353773, 358322, 359348, 359364, 361495, 362952, 365056, 366551, 367169, 367590, 376133, 383003, 386913, 391117, 400775, 402215, 404574, 406831, 412916, 420432, 427793, 427894, 428745, 429645, 430596, 433179, 437634, 443500, 446426, 450751, 455100, 460632, 462966, 464892, 465871, 468155, 471637, 472616, 474106, 474448, 485039, 492236, 502227, 505610, 513269, 518126, 518207, 519411, 520518, 520571, 522524, 523600, 524273, 527314, 529221, 542570]",10
res_888.parquet,MI,"[4514, 24228, 47605, 49825, 56618, 99663, 100589, 102078, 106520, 116146, 139458, 153874, 174065, 178698, 180172, 231997, 278226, 341862, 343317, 359438, 391974, 426813, 428279, 432831, 453085, 458184, 480431, 490708]",20
res_889.parquet,MI,[144803],5
res_890.parquet,MI,[351510],10
res_892.parquet,MI,"[7927, 25870, 101889, 113637, 136653, 151630, 169046, 231813, 243183, 250098, 311393, 527396]",10
res_894.parquet,MI,"[8321, 10381, 22706, 23906, 31043, 37197, 37878, 54854, 63536, 68198, 69122, 69290, 74095, 80626, 84790, 86579, 87423, 93276, 96231, 97486, 100019, 100059, 103197, 122613, 128401, 133522, 137463, 138309, 139093, 147844, 153154, 170202, 190552, 196859, 197999, 202545, 208124, 208509, 209246, 209388, 210182, 211342, 224216, 232002, 235588, 238412, 246742, 250735, 255752, 263056, 269706, 270854, 282860, 284129, 293677, 294743, 296140, 297282, 312006, 312053, 320394, 325857, 328383, 330633, 334917, 342245, 343120, 343795, 349291, 355593, 359545, 368563, 369293, 376661, 377649, 380540, 382840, 384079, 387312, 389310, 393061, 393159, 401086, 403706, 405701, 405744, 410251, 414023, 414059, 419006, 421751, 428451, 434039, 446307, 448692, 448823, 450992, 452924, 460805, 461875, 470219, 475859, 485143, 493155, 495884, 496840, 497675, 497974, 509169, 513589, 516853, 530536, 531208, 538461, 544080, 544131]",5
res_897.parquet,MI,[135030],10
res_898.parquet,MI,"[55589, 62718, 76518, 108360, 131058, 152222, 156237, 231797, 258892, 268001, 268335, 272099, 285678, 327363, 327878, 386166, 472739, 514719, 525946]",5
res_899.parquet,MI,"[95193, 142491, 188481, 204524]",5
res_9.parquet,MI,[212006],15
res_90.parquet,MI,[409398],15
res_904.parquet,MI,"[9066, 12759, 26482, 61208, 66561, 87045, 88474, 97647, 139171, 154471, 174198, 181347, 190074, 203057, 203773, 239465, 265142, 268473, 282654, 291766, 347458, 363546, 365844, 380611, 389555, 413766, 417793, 419011, 420129, 432381, 453869, 459997, 471636, 481825, 515572, 522078, 532471]",10
res_905.parquet,MI,[277511],15
res_906.parquet,MI,"[8321, 15498, 22706, 31043, 96231, 119823, 137463, 139093, 147844, 168860, 208124, 209246, 238412, 246742, 250735, 255752, 263056, 269706, 270854, 282860, 293694, 312006, 342245, 343795, 376661, 384079, 389310, 393061, 428451, 444619, 452924, 460805, 493155, 497675, 517949, 544131]",5
res_907.parquet,MI,"[232, 5231, 7845, 16555, 18840, 25294, 30779, 43361, 61112, 64159, 74523, 79414, 84014, 88472, 102294, 103694, 113662, 121458, 132533, 153882, 189120, 227557, 233684, 235223, 239631, 260897, 273850, 276581, 280194, 291896, 298832, 299476, 305094, 311309, 323420, 325144, 337014, 367700, 379659, 379996, 432165, 433423, 438095, 450853, 469357, 483601, 505657, 510772, 515043, 517454, 531486, 542809, 548747]",10
res_910.parquet,MI,"[4268, 7956, 18214, 151345, 240169, 244774, 274224, 281019, 445170, 455616, 461968, 490605]",15
res_911.parquet,MI,"[56007, 65159, 77110, 118734, 145237, 153080, 223852, 229559, 273297, 339917, 360436, 379982, 488509]",15
res_914.parquet,MI,"[2623, 294506, 351964]",20
res_916.parquet,MI,"[113152, 141942]",5
res_917.parquet,MI,"[21, 18135, 41242, 46214, 51723, 53692, 67864, 72483, 81901, 87751, 96003, 100504, 152198, 172786, 198002, 200311, 204006, 214201, 214430, 225323, 239015, 246035, 247337, 292425, 305642, 311158, 312473, 329167, 341272, 359460, 368724, 371136, 376439, 388619, 392997, 394857, 410128, 417962, 422352, 426305, 431884, 449043, 459821, 469890, 481246, 484888, 492264, 515168]",15
res_924.parquet,MI,"[2324, 6639, 8791, 10343, 12688, 14251, 15211, 15615, 16055, 16360, 19614, 24374, 26623, 27542, 28165, 29071, 29749, 29842, 31125, 35401, 36517, 37859, 38612, 38971, 40563, 47274, 53895, 57314, 58087, 66539, 67787, 70821, 73256, 73577, 75567, 78145, 83453, 83523, 86820, 87872, 88004, 89585, 91347, 93436, 97610, 101718, 101993, 105569, 111465, 112684, 113830, 114837, 117500, 123225, 123604, 132157, 133370, 141697, 143185, 145496, 146200, 148571, 148870, 151051, 155917, 162860, 164018, 166100, 166557, 166840, 169446, 170546, 170982, 171027, 175469, 175998, 179991, 180624, 180767, 185433, 187940, 192261, 195183, 198194, 199946, 200104, 206919, 208625, 215020, 215736, 217146, 222556, 225663, 227500, 229037, 229312, 230081, 233361, 237352, 240921, 242328, 242506, 249869, 255225, 255746, 257050, 257720, 258815, 259400, 267119, 269159, 269831, 273750, 279620, 282901, 285577, 287261, 291095, 291224, 292700, 293105, 295642, 301833, 305188, 305901, 307686, 308953, 311456, 312022, 312927, 314313, 315108, 315222, 315680, 315908, 319140, 322729, 325945, 327079, 330529, 335219, 337831, 338572, 342678, 342872, 343175, 346506, 347762, 350285, 350469, 350936, 353057, 353161, 353732, 355359, 356696, 356914, 357591, 362476, 370400, 375167, 384034, 385454, 387500, 388671, 390765, 397813, 398173, 399227, 400364, 401825, 405237, 407451, 407781, 410343, 411517, 413617, 413705, 415556, 418232, 420484, 421099, 422051, 428096, 430182, 430996, 434300, 436041, 437030, 447209, 448572, 453991, 455223, 455711, 459428, 459666, 460724, 466342, 467372, 468132, 470187, 474559, 478382, 479373, 481856, 484950, 487339, 487427, 496805, 497282, 498441, 498772, 502638, 505052, 505577, 505722, 508492, 510117, 511164, 511572, 515832, 516534, 519249, 522821, 523202, 524621, 526776, 534599, 534697, 535463, 539071, 540975, 541999, 542214, 545746, 545971, 546258, 547264, 548814, 549512]",10
res_929.parquet,MI,"[4494, 4772, 7927, 9921, 18193, 21593, 32654, 35437, 38319, 40681, 41197, 42378, 43666, 46248, 48724, 58228, 64029, 67623, 72571, 74431, 80160, 81062, 85713, 88332, 89314, 91014, 93522, 97245, 99724, 101889, 109556, 115847, 117839, 123460, 125354, 125797, 127646, 141838, 148584, 156208, 169046, 170826, 177184, 178427, 185211, 185574, 186267, 195186, 213723, 230157, 236785, 238096, 243183, 260634, 267941, 271458, 273531, 276474, 278280, 282201, 285576, 297594, 303896, 313312, 319274, 320679, 325237, 327451, 329186, 336114, 345430, 345526, 354907, 357327, 366008, 368958, 369220, 387641, 391256, 391947, 393728, 402744, 409590, 411539, 420392, 431715, 442446, 452785, 455253, 461234, 463421, 477490, 481469, 488964, 489365, 492596, 515683, 517800, 524461, 529060, 536970, 543507, 546250]",5
res_93.parquet,MI,"[1079, 12838, 13452, 63904, 64900, 71585, 98218, 107047, 183917, 193182, 199494, 224992, 238879, 281247, 339519, 350563, 361952, 362450, 384298, 411849, 437871, 464936, 519195]",5
res_931.parquet,MI,"[36881, 42962, 49315, 71632, 122608, 138126, 144898, 147739, 155214, 167743, 184486, 214009, 214594, 220663, 233936, 255538, 287817, 290000, 295984, 354001, 383298, 387539, 395863, 406919, 414793, 423093, 447951, 467635, 484418, 497893, 507598, 514891, 534987]",10
res_932.parquet,MI,"[8945, 17056, 20221, 24927, 27578, 41980, 45070, 47178, 51312, 60848, 62727, 64159, 67725, 79547, 82639, 83376, 87858, 96526, 97130, 102230, 103604, 105675, 110702, 119319, 121288, 129196, 135285, 142197, 163589, 163888, 167806, 182097, 182989, 193674, 195282, 204458, 235223, 245477, 251478, 259251, 289613, 289960, 291241, 292113, 293209, 293319, 294541, 299338, 301130, 307854, 311324, 320726, 355031, 358791, 371114, 372413, 379329, 392570, 394260, 399648, 405272, 419311, 420240, 423231, 427743, 437284, 440879, 462075, 464087, 480571, 487440, 489243, 498808, 499516, 505389, 509036, 510037, 511358, 518756, 518829, 522093, 541827, 542202, 546177, 548362, 549730]",15
res_933.parquet,MI,"[1710, 41571, 50563, 54415, 69825, 82218, 93384, 124253, 150338, 177184, 194642, 209876, 210721, 229456, 232505, 270182, 278750, 281627, 285067, 304294, 305466, 338199, 348042, 391256, 417597, 437225, 447182, 451547, 456895, 528374, 533184, 537318]",5
res_938.parquet,MI,"[2313, 6432, 8945, 20221, 39950, 45070, 54070, 60848, 67725, 76686, 82519, 82639, 89069, 90203, 92621, 94145, 97130, 102230, 105675, 113255, 129196, 129199, 132527, 139991, 141755, 159627, 161993, 163589, 163649, 176404, 181726, 182989, 188563, 193674, 204458, 237415, 237534, 249357, 251478, 259251, 289613, 289960, 293812, 294541, 302063, 307854, 311324, 317912, 318446, 320726, 358791, 359679, 371394, 372712, 377911, 379329, 392570, 394260, 399648, 404844, 405272, 407194, 408391, 409851, 420240, 437284, 441427, 456818, 459270, 485105, 487440, 489243, 491042, 498808, 499133, 499516, 502642, 506516, 510037, 511358, 512566, 516996, 518756, 521418, 522093, 529142, 534408, 541827, 542202, 546008, 546177, 548572]",5
res_940.parquet,MI,"[186075, 308592, 400759]",35
res_943.parquet,MI,"[1197, 2671, 5306, 6840, 9001, 11596, 16612, 20958, 27043, 28115, 33990, 34849, 38595, 47883, 58527, 59001, 62970, 80957, 140480, 141851, 145409, 153612, 163080, 174524, 178145, 186703, 199124, 216605, 230820, 262151, 264697, 269063, 280534, 295987, 300087, 304779, 325152, 330773, 335873, 342752, 343191, 359727, 374947, 376689, 380938, 382560, 394670, 395241, 406208, 407684, 409910, 417936, 431280, 441583, 451852, 461117, 464525, 465693, 472182, 485727, 496926, 513105, 526066, 535767, 536637, 549841]",20
res_944.parquet,MI,"[809, 1113, 1916, 2585, 9583, 14087, 14930, 19382, 19907, 20217, 24595, 25105, 30642, 33634, 34295, 35027, 40387, 44799, 49417, 51325, 52686, 53856, 58684, 62576, 65027, 66393, 78382, 78734, 87084, 87626, 88763, 89331, 114829, 115902, 118178, 118932, 119708, 121918, 121954, 125272, 125911, 127442, 130335, 130708, 131245, 131933, 132021, 144290, 150443, 152228, 154295, 156022, 157314, 159505, 160691, 164402, 166333, 167339, 167505, 173869, 174149, 176072, 177829, 180460, 182929, 183125, 188766, 192022, 192383, 194845, 198813, 199311, 199685, 206161, 207135, 209968, 210249, 211465, 212147, 216862, 227301, 232431, 234988, 238656, 244016, 246556, 247685, 258805, 264852, 265196, 268414, 274249, 274372, 279372, 287689, 287999, 288665, 290035, 293978, 295379, 298025, 305519, 308083, 311349, 312746, 322947, 331688, 333775, 333890, 336751, 343145, 345166, 349158, 350605, 352663, 360029, 366254, 367083, 368247, 368333, 369522, 371024, 373224, 375552, 393898, 394640, 395217, 415901, 423001, 423174, 424337, 424652, 430902, 431327, 435123, 442979, 447123, 451721, 454041, 455277, 460555, 463771, 464526, 468460, 470254, 474389, 475744, 484310, 485006, 485820, 486200, 496031, 500094, 501593, 502626, 507891, 511023, 515085, 515793, 516384, 517366, 525329, 526657, 533924, 539075, 539227, 543410, 544849, 548807]",10
res_945.parquet,MI,[145077],20
res_947.parquet,MI,"[4446, 6862, 7927, 8508, 8611, 8806, 9921, 10308, 15928, 22305, 25211, 25870, 29950, 42327, 42378, 44416, 44579, 45672, 46751, 50209, 50885, 52129, 56695, 58182, 60384, 64328, 64408, 65190, 67623, 68294, 68579, 71747, 74431, 76057, 77945, 80088, 81211, 81353, 81374, 82041, 84894, 90625, 91177, 93760, 95492, 97619, 100038, 101889, 102870, 105250, 113637, 113729, 115704, 116219, 117027, 117764, 119062, 122731, 122781, 131071, 131782, 136653, 141137, 141479, 144269, 148257, 148795, 149017, 150438, 151630, 151842, 153160, 158506, 160054, 165540, 169046, 170162, 172761, 176485, 185574, 186976, 189998, 191490, 193050, 195910, 196051, 197116, 199649, 200264, 201891, 203956, 204606, 204922, 207387, 207511, 207844, 210277, 210572, 217582, 219978, 222324, 226154, 227197, 228797, 231813, 233474, 233679, 243183, 248403, 250098, 251401, 252094, 252236, 255651, 257170, 257588, 260991, 262328, 262973, 273531, 277090, 285458, 285521, 285946, 288925, 290054, 290817, 292061, 295658, 300211, 303378, 304446, 304533, 311393, 316411, 318718, 318854, 323121, 323756, 326204, 327091, 329743, 331201, 332354, 332639, 333299, 344062, 344992, 345608, 348303, 351015, 352149, 356148, 356589, 357327, 359350, 360182, 369853, 375522, 376769, 377452, 382671, 386871, 387449, 390037, 392237, 392351, 393882, 395859, 397708, 398729, 402744, 404386, 404854, 409590, 410204, 412619, 425317, 431187, 431284, 431715, 443116, 444867, 446782, 447106, 450944, 451583, 453697, 455253, 457965, 458420, 459604, 469975, 472105, 472696, 472710, 474179, 482738, 485025, 485719, 485972, 488288, 492596, 504871, 508335, 524572, 526798, 527396, 532575, 533334, 539522, 539983, 540314, 540836, 542132, 544308]",15
res_953.parquet,MI,"[72055, 171546, 253736, 305049, 345270, 359230, 402602, 446275, 456346, 477339]",5
res_955.parquet,MI,"[2623, 310406, 428279]",15
res_958.parquet,MI,"[832, 2196, 6635, 6873, 16583, 24272, 26631, 30525, 33251, 34166, 34692, 39459, 41775, 46148, 50840, 55166, 60159, 60783, 61271, 62189, 65253, 65379, 66242, 67189, 69250, 73105, 76435, 81163, 83235, 85102, 89072, 92795, 93494, 100562, 102878, 103441, 103669, 104017, 104018, 112743, 115738, 121551, 125994, 128265, 129356, 138976, 146562, 149933, 152166, 153194, 154149, 155511, 158438, 161518, 163040, 165700, 168075, 169556, 173597, 174203, 175423, 175715, 177512, 179859, 180894, 184787, 187050, 190989, 191809, 192011, 192328, 192803, 192816, 197974, 199278, 203218, 205761, 206690, 207524, 209727, 210283, 213914, 221929, 223527, 224700, 225106, 226214, 226232, 226660, 227233, 228292, 231865, 236712, 238150, 241372, 244559, 245125, 247692, 247994, 248045, 255629, 256012, 264759, 270054, 271802, 274553, 275296, 281377, 281426, 282391, 285504, 287248, 288792, 295037, 305710, 315632, 316800, 317809, 320264, 320720, 324582, 325705, 330570, 332038, 332651, 334921, 338144, 343835, 344578, 349151, 350033, 353246, 358172, 363004, 364684, 364939, 365744, 371044, 372296, 373491, 384963, 388448, 389118, 391060, 392307, 395634, 400112, 402771, 403840, 404407, 404810, 411359, 412369, 415290, 416417, 420157, 422070, 424454, 425636, 432309, 433587, 435581, 436322, 436683, 437592, 440280, 440459, 447295, 448384, 450317, 451739, 456302, 457317, 460117, 463962, 470151, 471077, 471228, 471379, 471750, 473221, 473801, 479061, 480734, 481224, 495631, 497120, 498810, 501536, 507778, 511530, 515035, 516279, 517199, 518497, 519114, 520386, 521561, 524888, 527750, 533308, 533869, 540693, 540993, 548233]",15
res_959.parquet,MI,[527997],5
res_963.parquet,MI,"[4680, 9582, 29971, 71371, 106774, 111979, 114839, 124449, 143449, 148147, 163689, 171558, 231608, 234176, 273565, 310760, 409000, 409238, 442978, 459553, 461338, 483124, 512892, 543271]",10
res_966.parquet,MI,"[2305, 2934, 4494, 9066, 12759, 14516, 16710, 18047, 18079, 18193, 21290, 22364, 26482, 32654, 34166, 35437, 41441, 46248, 48724, 52230, 58228, 61208, 62437, 64029, 66561, 72571, 73016, 84719, 85102, 87045, 87608, 88332, 88474, 89314, 89569, 91014, 95747, 97245, 97632, 97647, 103165, 109556, 110815, 110982, 115847, 117839, 118463, 123460, 125790, 125797, 129857, 138622, 139171, 141838, 143439, 145397, 148584, 149746, 153522, 154471, 154528, 155183, 156208, 158438, 166827, 170826, 174198, 178427, 181347, 185211, 188283, 190074, 192826, 195186, 196643, 198396, 200188, 202828, 203057, 203773, 203805, 207943, 213723, 215777, 217131, 218223, 225106, 231798, 236785, 239465, 245482, 247994, 248980, 254041, 254536, 256552, 265142, 265228, 268473, 268561, 271458, 276474, 278280, 282201, 282654, 285576, 291766, 296845, 297594, 299441, 303896, 304348, 306536, 307580, 307631, 313312, 316800, 317538, 317587, 319274, 320679, 325237, 327451, 336114, 347458, 353294, 354907, 361695, 363546, 365844, 366008, 367507, 368958, 369220, 380556, 380611, 385261, 387641, 389555, 395774, 401238, 409590, 411089, 411539, 413028, 413766, 417793, 419011, 420129, 420392, 424633, 425860, 425955, 429247, 432381, 433000, 438591, 441684, 442446, 443418, 444859, 447806, 449288, 452785, 453869, 456302, 457999, 459997, 461234, 467666, 468075, 471636, 475652, 477490, 478353, 481469, 481825, 484428, 489365, 501213, 501854, 508555, 513345, 515572, 515683, 522078, 523313, 523472, 526981, 527750, 529060, 532471, 532834, 536970, 539110, 546250]",20
res_967.parquet,MI,"[2907, 3894, 4446, 4640, 6570, 6747, 6862, 7661, 11276, 12395, 14175, 14289, 15309, 17548, 17637, 19418, 19705, 21573, 22305, 22585, 23845, 25211, 25345, 25756, 26747, 28724, 31437, 31585, 32618, 34775, 35679, 36134, 38091, 38164, 38409, 39049, 40703, 42984, 44468, 47149, 47607, 48912, 49431, 50885, 57556, 58586, 59631, 61074, 61640, 64328, 66722, 66810, 68298, 71089, 72715, 73325, 74146, 74330, 76057, 76562, 77410, 77674, 77795, 77945, 78127, 80088, 81056, 81374, 84089, 85081, 87394, 90625, 90727, 91348, 95193, 95492, 95782, 96025, 96294, 96531, 97184, 97813, 98103, 99065, 99083, 100038, 100282, 101196, 102992, 104063, 104868, 105236, 105567, 106125, 106306, 109236, 111525, 112169, 113347, 115704, 116616, 119062, 120412, 120739, 123721, 123878, 125657, 126199, 130257, 131071, 132511, 132623, 133318, 134306, 134444, 139933, 140711, 142046, 142411, 142491, 142595, 143999, 148031, 148652, 152369, 153106, 154858, 157488, 159712, 160054, 160350, 162707, 164363, 167404, 167953, 169489, 169785, 169943, 170162, 171140, 171877, 172916, 173049, 173382, 173486, 177767, 178448, 180267, 182084, 183038, 186787, 188481, 189088, 190497, 191683, 193050, 193524, 194805, 199645, 200264, 200783, 202489, 203134, 203782, 203992, 204524, 204853, 206597, 207213, 208038, 210277, 210572, 213431, 214005, 218225, 218723, 219580, 223121, 225143, 225421, 225504, 226004, 226154, 226290, 226425, 228797, 229671, 234837, 236684, 238045, 240070, 240418, 241571, 245870, 246103, 247272, 248433, 249844, 252236, 255651, 256456, 256678, 256713, 257170, 258185, 258386, 262328, 262937, 262973, 264215, 268343, 271131, 272106, 272142, 273291, 273734, 273737, 275199, 276133, 276247, 277988, 278448, 279270, 279653, 279955, 281165, 281826, 283280, 283568, 283940, 284104, 285425, 285458, 285753, 286039, 287250, 287626, 289707, 290006, 291867, 293001, 295658, 296525, 299675, 300889, 303323, 303378, 303685, 304916, 305377, 313028, 314919, 317226, 317868, 318718, 318724, 318854, 319685, 320602, 324955, 326459, 328604, 328714, 328798, 329340, 332639, 333288, 333299, 335654, 335666, 337521, 338300, 341403, 343511, 344992, 347590, 350655, 352581, 354250, 355486, 356148, 356589, 357597, 357689, 359350, 360066, 360182, 364776, 365362, 367023, 367535, 369465, 369825, 372425, 372657, 372977, 373264, 376769, 377227, 380643, 381065, 381968, 383928, 385791, 386501, 386563, 391700, 392351, 392488, 394532, 395173, 395249, 396633, 397708, 397934, 399401, 399673, 400586, 400849, 401691, 402069, 402486, 402675, 403643, 404392, 404854, 405133, 408830, 416058, 416563, 416629, 423505, 423797, 425357, 425945, 426047, 427180, 427291, 427587, 428854, 429539, 430965, 431284, 432110, 433709, 434498, 438274, 443116, 443708, 445718, 446488, 447070, 451583, 451636, 451927, 452039, 454148, 457273, 458420, 459604, 459832, 460212, 462773, 464661, 466133, 466386, 467038, 467749, 470442, 470870, 472119, 472316, 472696, 472710, 472973, 476781, 476971, 477518, 477798, 477827, 480114, 480860, 484255, 486566, 486629, 487184, 489442, 490601, 494039, 494447, 495770, 496380, 497629, 498012, 501708, 503727, 504283, 508335, 509440, 510092, 512021, 513844, 517920, 521637, 525399, 525611, 528354, 528992, 529847, 531617, 532575, 533543, 533853, 534430, 534930, 535041, 535917, 536435, 536977, 536984, 537873, 538248, 539522, 540162, 540613, 540836, 542132, 542307, 543272, 546609, 546840, 547096, 547401]",25
res_968.parquet,MI,"[53721, 68207, 528414]",5
res_97.parquet,MI,"[1052, 17056, 18840, 25294, 30779, 41980, 51312, 57540, 61112, 64155, 64159, 79414, 83376, 83885, 88472, 135285, 157467, 175377, 178400, 189120, 191955, 216155, 219061, 235223, 239631, 276581, 280194, 293209, 295014, 299476, 309351, 313451, 313613, 323420, 325144, 337014, 367700, 371989, 430484, 438095, 438628, 445859, 448464, 464087, 469357, 474312, 480571, 485537, 488358, 488736, 489152, 505389, 505657, 529949, 542342, 549730]",15
res_977.parquet,MI,"[3894, 4446, 7661, 14175, 15309, 17548, 22305, 22585, 25756, 28724, 31585, 34775, 35679, 38409, 39049, 42984, 44468, 50885, 57556, 59631, 61074, 61640, 64328, 66722, 72715, 73325, 74146, 77795, 78127, 80088, 81056, 81374, 84089, 85081, 87394, 90625, 90727, 95492, 95782, 97184, 100038, 100282, 101196, 102992, 104063, 106125, 109236, 113347, 115704, 119062, 120412, 120739, 125657, 130257, 131071, 133318, 134306, 140711, 142411, 142595, 143999, 148652, 154858, 159712, 160054, 169785, 169943, 170162, 173382, 177767, 182084, 183038, 189088, 190497, 193050, 193524, 194805, 200264, 200783, 203992, 207213, 210277, 210572, 213431, 219580, 226154, 226290, 226425, 228797, 229671, 234837, 236684, 238045, 240070, 241571, 245870, 246103, 252236, 255651, 256678, 256713, 262328, 262937, 262973, 264215, 271131, 272142, 273734, 273737, 275199, 276133, 277988, 278448, 279270, 279955, 281165, 281826, 283940, 285425, 285458, 287250, 287626, 289707, 293001, 296525, 299675, 303323, 303685, 304916, 317226, 318718, 318724, 318854, 324955, 326459, 328604, 329340, 332639, 333288, 333299, 337521, 341403, 343511, 344992, 354250, 355486, 356148, 356589, 360066, 360182, 364776, 367023, 369465, 372657, 373264, 376769, 392488, 394532, 395173, 396633, 399673, 400586, 400849, 402675, 404392, 416058, 416629, 423505, 423797, 425357, 425945, 426047, 427180, 428854, 429539, 432110, 433709, 443116, 443708, 445718, 447070, 451636, 454148, 458420, 460212, 462773, 466133, 466386, 467038, 470442, 470870, 472119, 472696, 472710, 472973, 476781, 476971, 477518, 486629, 487184, 489442, 495770, 496380, 498012, 509440, 510092, 525399, 529847, 532575, 533853, 535917, 536977, 536984, 539522, 540613, 540836, 542132, 542307, 543272]",15
res_979.parquet,MI,"[92145, 145301, 389065]",30
res_98.parquet,MI,"[32654, 34166, 95747, 127167, 158438, 181347, 247994, 327451, 367507, 413028, 424454, 425860, 438591, 441684, 451739, 513345, 526981, 527750]",5
res_984.parquet,MI,"[144803, 178522]",15
res_988.parquet,MI,"[258446, 368438, 444610, 507055, 546747]",10
res_991.parquet,MI,"[156758, 192585, 214235, 236483, 252210, 256149, 444081, 444633, 516273, 534600, 543567]",15
res_993.parquet,MI,"[2623, 24228, 44967, 50626, 95395, 197227, 284080, 294506, 310406, 341862, 343317, 346611, 372770, 395391, 546943]",25
res_995.parquet,MI,"[5460, 23028, 25223, 28101, 47521, 50563, 53762, 54415, 64141, 69825, 70441, 97810, 108923, 121673, 136300, 149825, 171465, 193666, 197431, 210096, 225557, 229456, 248211, 254102, 271354, 273883, 278750, 283175, 304294, 335536, 358640, 381884, 405426, 420122, 420347, 422118, 426204, 429913, 451547, 453077, 456895, 467460, 484434, 484772, 492934, 523591, 528374, 542377]",10
res_996.parquet,MI,"[15865, 21352, 46825, 48737, 66417, 67574, 68153, 71685, 99394, 102541, 118893, 135863, 145693, 154656, 159925, 160790, 204013, 207179, 229011, 258893, 264598, 310674, 333439, 337376, 339212, 341689, 351300, 384750, 394937, 399230, 403411, 436304, 442718, 449723, 454456, 469482, 476683, 491544, 491857, 496506, 510400, 522999, 523294, 527009, 530754, 541731, 543926, 548424]",15
res_999.parquet,MI,"[18214, 27300, 87871, 135030, 151345, 223824, 274224, 277321, 291369, 326962, 327184, 333202, 363455, 408691, 415591, 447479]",40
