bldg_id,Occurrence_Count,Unique_Source_Files
333602,2,"['com_12774.parquet', 'com_14360.parquet']"
333840,5,"['com_12845.parquet', 'com_12774.parquet', 'com_14868.parquet', 'com_15142.parquet', 'com_14481.parquet']"
334629,4,"['com_14691.parquet', 'com_14071.parquet', 'com_12774.parquet', 'com_13248.parquet']"
333529,2,"['com_12775.parquet', 'com_14010.parquet']"
333560,6,"['com_14039.parquet', 'com_14090.parquet', 'com_13456.parquet', 'com_14010.parquet', 'com_12775.parquet', 'com_14975.parquet']"
333580,4,"['com_13382.parquet', 'com_12775.parquet', 'com_14795.parquet', 'com_14383.parquet']"
334296,8,"['com_14039.parquet', 'com_13649.parquet', 'com_14749.parquet', 'com_14090.parquet', 'com_13456.parquet', 'com_14010.parquet', 'com_12775.parquet', 'com_14975.parquet']"
335230,8,"['com_14124.parquet', 'com_12805.parquet', 'com_13360.parquet', 'com_13649.parquet', 'com_14166.parquet', 'com_14749.parquet', 'com_13545.parquet', 'com_12775.parquet']"
335344,7,"['com_13576.parquet', 'com_14383.parquet', 'com_14393.parquet', 'com_13382.parquet', 'com_15073.parquet', 'com_13719.parquet', 'com_12775.parquet']"
335419,3,"['com_13382.parquet', 'com_15266.parquet', 'com_12775.parquet']"
336047,3,"['com_13382.parquet', 'com_12775.parquet', 'com_14795.parquet']"
336372,12,"['com_13576.parquet', 'com_14291.parquet', 'com_14795.parquet', 'com_15139.parquet', 'com_14383.parquet', 'com_14393.parquet', 'com_13382.parquet', 'com_14862.parquet', 'com_15073.parquet', 'com_15118.parquet', 'com_13719.parquet', 'com_12775.parquet']"
336800,6,"['com_13811.parquet', 'com_14795.parquet', 'com_13382.parquet', 'com_13513.parquet', 'com_14010.parquet', 'com_12775.parquet']"
336974,7,"['com_13811.parquet', 'com_14795.parquet', 'com_14507.parquet', 'com_13382.parquet', 'com_14090.parquet', 'com_13513.parquet', 'com_12775.parquet']"
337341,10,"['com_14039.parquet', 'com_12805.parquet', 'com_13360.parquet', 'com_13649.parquet', 'com_14166.parquet', 'com_14749.parquet', 'com_13456.parquet', 'com_13545.parquet', 'com_12775.parquet', 'com_14975.parquet']"
337662,11,"['com_14677.parquet', 'com_13576.parquet', 'com_14795.parquet', 'com_15139.parquet', 'com_14383.parquet', 'com_14393.parquet', 'com_13382.parquet', 'com_14862.parquet', 'com_15118.parquet', 'com_13719.parquet', 'com_12775.parquet']"
337980,11,"['com_15266.parquet', 'com_13576.parquet', 'com_14795.parquet', 'com_14626.parquet', 'com_14383.parquet', 'com_14393.parquet', 'com_13382.parquet', 'com_13513.parquet', 'com_15073.parquet', 'com_13719.parquet', 'com_12775.parquet']"
336068,9,"['com_15076.parquet', 'com_15075.parquet', 'com_13182.parquet', 'com_15133.parquet', 'com_13939.parquet', 'com_12871.parquet', 'com_13011.parquet', 'com_12779.parquet', 'com_15263.parquet']"
335070,1,['com_12783.parquet']
335402,1,['com_12783.parquet']
335845,4,"['com_14101.parquet', 'com_14918.parquet', 'com_13663.parquet', 'com_12783.parquet']"
338605,2,"['com_13663.parquet', 'com_12783.parquet']"
339522,3,"['com_14101.parquet', 'com_13663.parquet', 'com_12783.parquet']"
339827,3,"['com_14012.parquet', 'com_13663.parquet', 'com_12783.parquet']"
334965,1,['com_12785.parquet']
335124,7,"['com_14463.parquet', 'com_13270.parquet', 'com_13894.parquet', 'com_15026.parquet', 'com_12786.parquet', 'com_13401.parquet', 'com_14859.parquet']"
335510,15,"['com_13009.parquet', 'com_14463.parquet', 'com_13270.parquet', 'com_13894.parquet', 'com_13680.parquet', 'com_15026.parquet', 'com_14660.parquet', 'com_15082.parquet', 'com_12786.parquet', 'com_13188.parquet', 'com_14781.parquet', 'com_13401.parquet', 'com_14594.parquet', 'com_14859.parquet', 'com_13193.parquet']"
334400,3,"['com_14553.parquet', 'com_12789.parquet', 'com_13144.parquet']"
334809,3,"['com_14520.parquet', 'com_12789.parquet', 'com_13304.parquet']"
336391,2,"['com_14520.parquet', 'com_12789.parquet']"
336711,1,['com_12789.parquet']
337831,1,['com_12789.parquet']
338205,2,"['com_14002.parquet', 'com_12789.parquet']"
339226,1,['com_12789.parquet']
339316,3,"['com_13076.parquet', 'com_12789.parquet', 'com_14553.parquet']"
339725,3,"['com_14520.parquet', 'com_12789.parquet', 'com_13304.parquet']"
336488,2,"['com_12790.parquet', 'com_14617.parquet']"
335847,3,"['com_12790.parquet', 'com_13074.parquet', 'com_14007.parquet']"
336574,2,"['com_12790.parquet', 'com_13074.parquet']"
337480,1,['com_12790.parquet']
337531,3,"['com_12790.parquet', 'com_13949.parquet', 'com_14617.parquet']"
340125,3,"['com_12790.parquet', 'com_12942.parquet', 'com_14617.parquet']"
340292,1,['com_12790.parquet']
333976,24,"['com_14610.parquet', 'com_12894.parquet', 'com_13391.parquet', 'com_12792.parquet', 'com_13712.parquet', 'com_13126.parquet', 'com_14323.parquet', 'com_14766.parquet', 'com_13085.parquet', 'com_13747.parquet', 'com_15233.parquet', 'com_13123.parquet', 'com_14719.parquet', 'com_14450.parquet', 'com_13223.parquet', 'com_13495.parquet', 'com_14004.parquet', 'com_13221.parquet', 'com_13734.parquet', 'com_14041.parquet', 'com_13618.parquet', 'com_14583.parquet', 'com_15030.parquet', 'com_13316.parquet']"
338976,22,"['com_14610.parquet', 'com_12894.parquet', 'com_13391.parquet', 'com_12792.parquet', 'com_13712.parquet', 'com_14766.parquet', 'com_14323.parquet', 'com_13085.parquet', 'com_13747.parquet', 'com_15233.parquet', 'com_13123.parquet', 'com_14719.parquet', 'com_14450.parquet', 'com_13223.parquet', 'com_13495.parquet', 'com_14004.parquet', 'com_13221.parquet', 'com_14041.parquet', 'com_13618.parquet', 'com_14583.parquet', 'com_15030.parquet', 'com_13316.parquet']"
339486,17,"['com_13618.parquet', 'com_15233.parquet', 'com_12894.parquet', 'com_14583.parquet', 'com_13747.parquet', 'com_13123.parquet', 'com_14766.parquet', 'com_14323.parquet', 'com_14719.parquet', 'com_14450.parquet', 'com_13495.parquet', 'com_13221.parquet', 'com_13085.parquet', 'com_14004.parquet', 'com_12792.parquet', 'com_13316.parquet', 'com_14041.parquet']"
334988,9,"['com_14872.parquet', 'com_13393.parquet', 'com_15212.parquet', 'com_13291.parquet', 'com_14162.parquet', 'com_13636.parquet', 'com_13828.parquet', 'com_12794.parquet', 'com_14337.parquet']"
335264,4,"['com_12794.parquet', 'com_14337.parquet', 'com_13058.parquet', 'com_13520.parquet']"
339222,4,"['com_13445.parquet', 'com_12794.parquet', 'com_14337.parquet', 'com_13058.parquet']"
333637,3,"['com_14014.parquet', 'com_12795.parquet', 'com_14221.parquet']"
335646,9,"['com_13568.parquet', 'com_13255.parquet', 'com_13400.parquet', 'com_13534.parquet', 'com_14950.parquet', 'com_14278.parquet', 'com_14221.parquet', 'com_13860.parquet', 'com_12795.parquet']"
337305,1,['com_12797.parquet']
338207,2,"['com_13404.parquet', 'com_12797.parquet']"
336617,7,"['com_13597.parquet', 'com_13379.parquet', 'com_14590.parquet', 'com_13360.parquet', 'com_14166.parquet', 'com_14460.parquet', 'com_12801.parquet']"
337277,1,['com_12801.parquet']
337294,2,"['com_14013.parquet', 'com_12801.parquet']"
337320,6,"['com_13597.parquet', 'com_13154.parquet', 'com_13738.parquet', 'com_12801.parquet', 'com_14356.parquet', 'com_12992.parquet']"
337742,2,"['com_13597.parquet', 'com_12801.parquet']"
334298,7,"['com_13569.parquet', 'com_14242.parquet', 'com_14971.parquet', 'com_13051.parquet', 'com_12806.parquet', 'com_13932.parquet', 'com_14592.parquet']"
334990,12,"['com_13569.parquet', 'com_14155.parquet', 'com_14242.parquet', 'com_14255.parquet', 'com_13009.parquet', 'com_13831.parquet', 'com_13894.parquet', 'com_12806.parquet', 'com_13932.parquet', 'com_14592.parquet', 'com_14838.parquet', 'com_14074.parquet']"
336684,9,"['com_14255.parquet', 'com_13009.parquet', 'com_12855.parquet', 'com_13894.parquet', 'com_12806.parquet', 'com_13932.parquet', 'com_14592.parquet', 'com_14838.parquet', 'com_14480.parquet']"
337035,6,"['com_14242.parquet', 'com_13051.parquet', 'com_12806.parquet', 'com_13932.parquet', 'com_14592.parquet', 'com_14074.parquet']"
337581,7,"['com_14242.parquet', 'com_13831.parquet', 'com_13051.parquet', 'com_13932.parquet', 'com_12806.parquet', 'com_14592.parquet', 'com_14074.parquet']"
334675,1,['com_12809.parquet']
337175,1,['com_12809.parquet']
337728,1,['com_12809.parquet']
338120,1,['com_12809.parquet']
338695,1,['com_12809.parquet']
335027,12,"['com_14619.parquet', 'com_15266.parquet', 'com_14626.parquet', 'com_13167.parquet', 'com_13540.parquet', 'com_14393.parquet', 'com_13187.parquet', 'com_13513.parquet', 'com_13100.parquet', 'com_12812.parquet', 'com_15073.parquet', 'com_15003.parquet']"
337019,1,['com_12813.parquet']
338885,1,['com_12813.parquet']
339840,1,['com_12813.parquet']
339867,2,"['com_12813.parquet', 'com_13645.parquet']"
333488,4,"['com_12814.parquet', 'com_13858.parquet', 'com_13269.parquet', 'com_14897.parquet']"
333721,1,['com_12814.parquet']
337163,1,['com_12814.parquet']
338493,3,"['com_12814.parquet', 'com_12976.parquet', 'com_13172.parquet']"
338709,2,"['com_12814.parquet', 'com_13172.parquet']"
339770,1,['com_12814.parquet']
334357,1,['com_12815.parquet']
335722,1,['com_12815.parquet']
337603,2,"['com_14498.parquet', 'com_12815.parquet']"
337784,3,"['com_14498.parquet', 'com_12815.parquet', 'com_14244.parquet']"
338265,5,"['com_13925.parquet', 'com_12815.parquet', 'com_13842.parquet', 'com_13132.parquet', 'com_14244.parquet']"
338280,1,['com_12815.parquet']
338696,4,"['com_14498.parquet', 'com_12815.parquet', 'com_14244.parquet', 'com_13303.parquet']"
334215,1,['com_12816.parquet']
335246,2,"['com_12967.parquet', 'com_12816.parquet']"
333684,14,"['com_13564.parquet', 'com_15030.parquet', 'com_13837.parquet', 'com_12852.parquet', 'com_14766.parquet', 'com_13368.parquet', 'com_12821.parquet', 'com_14045.parquet', 'com_14925.parquet', 'com_13948.parquet', 'com_12817.parquet', 'com_13477.parquet', 'com_13316.parquet', 'com_14414.parquet']"
335881,3,"['com_15066.parquet', 'com_12863.parquet', 'com_12819.parquet']"
334915,12,"['com_12863.parquet', 'com_14800.parquet', 'com_13740.parquet', 'com_13321.parquet', 'com_13116.parquet', 'com_14472.parquet', 'com_15115.parquet', 'com_13486.parquet', 'com_14346.parquet', 'com_14620.parquet', 'com_12819.parquet', 'com_13601.parquet']"
335272,12,"['com_12863.parquet', 'com_12982.parquet', 'com_13740.parquet', 'com_13116.parquet', 'com_14472.parquet', 'com_13537.parquet', 'com_15115.parquet', 'com_13486.parquet', 'com_14346.parquet', 'com_14620.parquet', 'com_12819.parquet', 'com_13601.parquet']"
338361,4,"['com_12977.parquet', 'com_12863.parquet', 'com_15189.parquet', 'com_12819.parquet']"
339188,3,"['com_15066.parquet', 'com_12863.parquet', 'com_12819.parquet']"
339207,1,['com_12819.parquet']
339943,2,"['com_15066.parquet', 'com_12819.parquet']"
335912,17,"['com_14137.parquet', 'com_13564.parquet', 'com_15030.parquet', 'com_12852.parquet', 'com_14606.parquet', 'com_14766.parquet', 'com_13368.parquet', 'com_12821.parquet', 'com_14045.parquet', 'com_13397.parquet', 'com_13948.parquet', 'com_14925.parquet', 'com_13571.parquet', 'com_13714.parquet', 'com_13477.parquet', 'com_13316.parquet', 'com_14414.parquet']"
336306,13,"['com_13169.parquet', 'com_13016.parquet', 'com_12848.parquet', 'com_13137.parquet', 'com_13339.parquet', 'com_12821.parquet', 'com_13427.parquet', 'com_13397.parquet', 'com_14233.parquet', 'com_14069.parquet', 'com_14818.parquet', 'com_13948.parquet', 'com_12972.parquet']"
340195,14,"['com_14137.parquet', 'com_13564.parquet', 'com_15030.parquet', 'com_13137.parquet', 'com_12852.parquet', 'com_14606.parquet', 'com_15008.parquet', 'com_13368.parquet', 'com_12821.parquet', 'com_13397.parquet', 'com_13948.parquet', 'com_13571.parquet', 'com_13477.parquet', 'com_13316.parquet']"
335643,3,"['com_12824.parquet', 'com_13450.parquet', 'com_15207.parquet']"
334544,5,"['com_14629.parquet', 'com_14093.parquet', 'com_12826.parquet', 'com_13592.parquet', 'com_13809.parquet']"
335056,3,"['com_13592.parquet', 'com_14505.parquet', 'com_12826.parquet']"
335075,6,"['com_13517.parquet', 'com_13289.parquet', 'com_14247.parquet', 'com_14992.parquet', 'com_12826.parquet', 'com_14870.parquet']"
335885,5,"['com_13809.parquet', 'com_14505.parquet', 'com_12826.parquet', 'com_13592.parquet', 'com_14804.parquet']"
336027,1,['com_12826.parquet']
336046,2,"['com_13289.parquet', 'com_12826.parquet']"
336381,1,['com_12826.parquet']
336483,12,"['com_14629.parquet', 'com_14804.parquet', 'com_14564.parquet', 'com_13289.parquet', 'com_13501.parquet', 'com_14093.parquet', 'com_14505.parquet', 'com_12826.parquet', 'com_13592.parquet', 'com_14125.parquet', 'com_13809.parquet', 'com_13676.parquet']"
336609,5,"['com_14111.parquet', 'com_13289.parquet', 'com_12826.parquet', 'com_13592.parquet', 'com_14804.parquet']"
336987,5,"['com_14167.parquet', 'com_14505.parquet', 'com_12826.parquet', 'com_13592.parquet', 'com_13809.parquet']"
337582,3,"['com_14167.parquet', 'com_14804.parquet', 'com_12826.parquet']"
338041,4,"['com_13592.parquet', 'com_14629.parquet', 'com_14125.parquet', 'com_12826.parquet']"
339298,1,['com_12826.parquet']
339478,3,"['com_14167.parquet', 'com_13557.parquet', 'com_12826.parquet']"
339863,4,"['com_14167.parquet', 'com_14804.parquet', 'com_13289.parquet', 'com_12826.parquet']"
339886,4,"['com_14576.parquet', 'com_14870.parquet', 'com_13395.parquet', 'com_12826.parquet']"
336467,4,"['com_12831.parquet', 'com_13492.parquet', 'com_14178.parquet', 'com_13683.parquet']"
338256,3,"['com_12831.parquet', 'com_14826.parquet', 'com_13683.parquet']"
338201,6,"['com_14727.parquet', 'com_12832.parquet', 'com_15225.parquet', 'com_14101.parquet', 'com_14910.parquet', 'com_15077.parquet']"
336895,1,['com_12841.parquet']
336376,5,"['com_13509.parquet', 'com_12920.parquet', 'com_12842.parquet', 'com_12843.parquet', 'com_13292.parquet']"
336528,3,"['com_13292.parquet', 'com_12842.parquet', 'com_13509.parquet']"
337272,4,"['com_15000.parquet', 'com_12842.parquet', 'com_13509.parquet', 'com_12920.parquet']"
338068,7,"['com_15069.parquet', 'com_14901.parquet', 'com_14635.parquet', 'com_12842.parquet', 'com_14998.parquet', 'com_13233.parquet', 'com_13292.parquet']"
334160,2,"['com_15000.parquet', 'com_12843.parquet']"
335443,1,['com_12843.parquet']
337230,1,['com_12843.parquet']
336199,11,"['com_15057.parquet', 'com_12845.parquet', 'com_14071.parquet', 'com_13333.parquet', 'com_14868.parquet', 'com_13791.parquet', 'com_15170.parquet', 'com_13810.parquet', 'com_13666.parquet', 'com_13248.parquet', 'com_14481.parquet']"
334520,3,"['com_13581.parquet', 'com_12846.parquet', 'com_13226.parquet']"
335479,5,"['com_13255.parquet', 'com_13226.parquet', 'com_13979.parquet', 'com_14278.parquet', 'com_12846.parquet']"
337828,1,['com_12846.parquet']
338112,1,['com_12846.parquet']
338947,4,"['com_14262.parquet', 'com_13501.parquet', 'com_12846.parquet', 'com_14567.parquet']"
339689,6,"['com_14094.parquet', 'com_14522.parquet', 'com_13398.parquet', 'com_13501.parquet', 'com_12846.parquet', 'com_15235.parquet']"
337732,3,"['com_12847.parquet', 'com_13230.parquet', 'com_14942.parquet']"
336547,7,"['com_13169.parquet', 'com_14818.parquet', 'com_12848.parquet', 'com_14587.parquet', 'com_13427.parquet', 'com_14069.parquet', 'com_12903.parquet']"
339594,9,"['com_13169.parquet', 'com_14818.parquet', 'com_12848.parquet', 'com_12923.parquet', 'com_13423.parquet', 'com_12893.parquet', 'com_14587.parquet', 'com_14069.parquet', 'com_12903.parquet']"
334408,17,"['com_13169.parquet', 'com_14233.parquet', 'com_14137.parquet', 'com_13564.parquet', 'com_15030.parquet', 'com_12852.parquet', 'com_13339.parquet', 'com_13112.parquet', 'com_13368.parquet', 'com_13397.parquet', 'com_13948.parquet', 'com_14158.parquet', 'com_13571.parquet', 'com_14413.parquet', 'com_15008.parquet', 'com_13316.parquet', 'com_12972.parquet']"
336174,5,"['com_13564.parquet', 'com_14766.parquet', 'com_12852.parquet', 'com_15030.parquet', 'com_13316.parquet']"
337628,10,"['com_13587.parquet', 'com_13564.parquet', 'com_13611.parquet', 'com_15012.parquet', 'com_12852.parquet', 'com_14766.parquet', 'com_14045.parquet', 'com_14714.parquet', 'com_15030.parquet', 'com_13316.parquet']"
334644,5,"['com_14248.parquet', 'com_15264.parquet', 'com_14850.parquet', 'com_13666.parquet', 'com_12854.parquet']"
337589,7,"['com_14256.parquet', 'com_15061.parquet', 'com_14850.parquet', 'com_14691.parquet', 'com_14802.parquet', 'com_13666.parquet', 'com_12854.parquet']"
337943,14,"['com_14256.parquet', 'com_15264.parquet', 'com_13964.parquet', 'com_13769.parquet', 'com_15061.parquet', 'com_14071.parquet', 'com_13893.parquet', 'com_14294.parquet', 'com_14691.parquet', 'com_15142.parquet', 'com_13810.parquet', 'com_13666.parquet', 'com_12854.parquet', 'com_13248.parquet']"
333622,4,"['com_12855.parquet', 'com_13730.parquet', 'com_13009.parquet', 'com_14838.parquet']"
334080,3,"['com_12855.parquet', 'com_13730.parquet', 'com_13440.parquet']"
334606,4,"['com_12855.parquet', 'com_15041.parquet', 'com_14775.parquet', 'com_14037.parquet']"
334782,1,['com_12855.parquet']
335519,3,"['com_12855.parquet', 'com_15041.parquet', 'com_14775.parquet']"
335520,1,['com_12855.parquet']
335581,2,"['com_12855.parquet', 'com_13430.parquet']"
335872,1,['com_12855.parquet']
335955,2,"['com_12855.parquet', 'com_12935.parquet']"
336465,1,['com_12855.parquet']
336561,2,"['com_12855.parquet', 'com_14480.parquet']"
336792,1,['com_12855.parquet']
337260,2,"['com_12855.parquet', 'com_12935.parquet']"
337745,2,"['com_12855.parquet', 'com_13051.parquet']"
337782,4,"['com_12855.parquet', 'com_15041.parquet', 'com_14775.parquet', 'com_14037.parquet']"
338220,3,"['com_12855.parquet', 'com_14242.parquet', 'com_13051.parquet']"
338889,1,['com_12855.parquet']
339365,1,['com_12855.parquet']
339381,1,['com_12855.parquet']
339474,3,"['com_12855.parquet', 'com_14183.parquet', 'com_13305.parquet']"
339634,7,"['com_14037.parquet', 'com_12855.parquet', 'com_14775.parquet', 'com_13932.parquet', 'com_14592.parquet', 'com_15041.parquet', 'com_14480.parquet']"
339670,1,['com_12855.parquet']
339910,2,"['com_12855.parquet', 'com_13352.parquet']"
336187,12,"['com_13786.parquet', 'com_15271.parquet', 'com_13135.parquet', 'com_12857.parquet', 'com_14268.parquet', 'com_13462.parquet', 'com_13468.parquet', 'com_15001.parquet', 'com_14164.parquet', 'com_13085.parquet', 'com_13824.parquet', 'com_14545.parquet']"
337802,1,['com_12863.parquet']
333472,5,"['com_12863.parquet', 'com_12977.parquet', 'com_14876.parquet', 'com_12866.parquet', 'com_13414.parquet']"
334273,8,"['com_12863.parquet', 'com_13740.parquet', 'com_13116.parquet', 'com_13486.parquet', 'com_14346.parquet', 'com_14620.parquet', 'com_13537.parquet', 'com_13601.parquet']"
334302,2,"['com_12863.parquet', 'com_14807.parquet']"
334840,3,"['com_12863.parquet', 'com_14346.parquet', 'com_13601.parquet']"
335918,4,"['com_12977.parquet', 'com_13613.parquet', 'com_12863.parquet', 'com_13414.parquet']"
336551,1,['com_12863.parquet']
336620,1,['com_12863.parquet']
337266,5,"['com_12863.parquet', 'com_14346.parquet', 'com_14620.parquet', 'com_13537.parquet', 'com_13601.parquet']"
337727,1,['com_12863.parquet']
337762,2,"['com_12977.parquet', 'com_12863.parquet']"
338474,6,"['com_12863.parquet', 'com_13740.parquet', 'com_13116.parquet', 'com_13939.parquet', 'com_14346.parquet', 'com_13601.parquet']"
338774,1,['com_12863.parquet']
339029,9,"['com_12863.parquet', 'com_12982.parquet', 'com_13740.parquet', 'com_15115.parquet', 'com_13486.parquet', 'com_14346.parquet', 'com_14620.parquet', 'com_15183.parquet', 'com_13601.parquet']"
339431,9,"['com_12863.parquet', 'com_13740.parquet', 'com_13116.parquet', 'com_15115.parquet', 'com_13486.parquet', 'com_14346.parquet', 'com_14620.parquet', 'com_13537.parquet', 'com_13601.parquet']"
339476,4,"['com_13116.parquet', 'com_12863.parquet', 'com_14472.parquet', 'com_14346.parquet']"
333563,8,"['com_15076.parquet', 'com_15075.parquet', 'com_13182.parquet', 'com_15133.parquet', 'com_13939.parquet', 'com_12871.parquet', 'com_13011.parquet', 'com_14859.parquet']"
333779,6,"['com_15076.parquet', 'com_13740.parquet', 'com_15075.parquet', 'com_13182.parquet', 'com_13939.parquet', 'com_12871.parquet']"
337332,9,"['com_15076.parquet', 'com_15075.parquet', 'com_13182.parquet', 'com_15135.parquet', 'com_15133.parquet', 'com_13939.parquet', 'com_12871.parquet', 'com_15263.parquet', 'com_14859.parquet']"
335651,2,"['com_12878.parquet', 'com_13689.parquet']"
333708,5,"['com_13786.parquet', 'com_12884.parquet', 'com_14583.parquet', 'com_14164.parquet', 'com_13085.parquet']"
333974,6,"['com_13786.parquet', 'com_12884.parquet', 'com_15131.parquet', 'com_13126.parquet', 'com_15001.parquet', 'com_14164.parquet']"
337204,7,"['com_13786.parquet', 'com_12884.parquet', 'com_14583.parquet', 'com_15131.parquet', 'com_15001.parquet', 'com_14164.parquet', 'com_13085.parquet']"
338999,12,"['com_12884.parquet', 'com_13786.parquet', 'com_15271.parquet', 'com_13135.parquet', 'com_13123.parquet', 'com_13462.parquet', 'com_14268.parquet', 'com_13468.parquet', 'com_15001.parquet', 'com_13085.parquet', 'com_13221.parquet', 'com_13824.parquet']"
334671,3,"['com_12885.parquet', 'com_13080.parquet', 'com_14646.parquet']"
339253,2,"['com_12885.parquet', 'com_14646.parquet']"
335310,5,"['com_15233.parquet', 'com_13786.parquet', 'com_12891.parquet', 'com_14348.parquet', 'com_13641.parquet']"
335951,4,"['com_14735.parquet', 'com_13063.parquet', 'com_14348.parquet', 'com_12891.parquet']"
336108,4,"['com_13641.parquet', 'com_13063.parquet', 'com_14348.parquet', 'com_12891.parquet']"
334370,3,"['com_15044.parquet', 'com_12903.parquet', 'com_12893.parquet']"
339786,12,"['com_15044.parquet', 'com_14494.parquet', 'com_13141.parquet', 'com_13793.parquet', 'com_13423.parquet', 'com_12893.parquet', 'com_14395.parquet', 'com_14237.parquet', 'com_13991.parquet', 'com_14185.parquet', 'com_14187.parquet', 'com_12903.parquet']"
337508,4,"['com_13372.parquet', 'com_13261.parquet', 'com_12896.parquet', 'com_15226.parquet']"
333826,1,['com_12903.parquet']
334973,1,['com_12903.parquet']
335654,2,"['com_12903.parquet', 'com_14231.parquet']"
336144,1,['com_12903.parquet']
337023,1,['com_12903.parquet']
337180,3,"['com_13423.parquet', 'com_12903.parquet', 'com_13991.parquet']"
337618,1,['com_12903.parquet']
338315,5,"['com_14187.parquet', 'com_13423.parquet', 'com_13991.parquet', 'com_13418.parquet', 'com_12903.parquet']"
338579,3,"['com_13294.parquet', 'com_12903.parquet', 'com_13239.parquet']"
338610,3,"['com_13423.parquet', 'com_12903.parquet', 'com_13991.parquet']"
339229,2,"['com_13423.parquet', 'com_12903.parquet']"
335055,5,"['com_13766.parquet', 'com_12982.parquet', 'com_13740.parquet', 'com_15115.parquet', 'com_12907.parquet']"
335982,6,"['com_14971.parquet', 'com_15076.parquet', 'com_14781.parquet', 'com_15133.parquet', 'com_13011.parquet', 'com_12907.parquet']"
340201,2,"['com_12907.parquet', 'com_15076.parquet']"
335043,7,"['com_14798.parquet', 'com_13167.parquet', 'com_14342.parquet', 'com_12909.parquet', 'com_13788.parquet', 'com_13100.parquet', 'com_13231.parquet']"
335789,8,"['com_13049.parquet', 'com_13167.parquet', 'com_14489.parquet', 'com_12909.parquet', 'com_13995.parquet', 'com_13100.parquet', 'com_14046.parquet', 'com_13231.parquet']"
338231,4,"['com_14342.parquet', 'com_12909.parquet', 'com_13231.parquet', 'com_14507.parquet']"
338506,7,"['com_14039.parquet', 'com_14342.parquet', 'com_12909.parquet', 'com_14507.parquet', 'com_13788.parquet', 'com_13382.parquet', 'com_14339.parquet']"
333471,1,['com_12911.parquet']
333542,3,"['com_14855.parquet', 'com_12911.parquet', 'com_12961.parquet']"
333845,4,"['com_13348.parquet', 'com_12911.parquet', 'com_14212.parquet', 'com_12961.parquet']"
334308,2,"['com_12911.parquet', 'com_13274.parquet']"
334732,2,"['com_12911.parquet', 'com_12961.parquet']"
334841,1,['com_12911.parquet']
335889,3,"['com_14349.parquet', 'com_12911.parquet', 'com_13274.parquet']"
335950,1,['com_12911.parquet']
336460,2,"['com_12911.parquet', 'com_14349.parquet']"
338721,3,"['com_14477.parquet', 'com_12911.parquet', 'com_14349.parquet']"
334315,18,"['com_13969.parquet', 'com_14665.parquet', 'com_13047.parquet', 'com_14070.parquet', 'com_14369.parquet', 'com_14579.parquet', 'com_13420.parquet', 'com_13010.parquet', 'com_14552.parquet', 'com_13043.parquet', 'com_12914.parquet', 'com_14644.parquet', 'com_13551.parquet', 'com_14981.parquet', 'com_14748.parquet', 'com_14847.parquet', 'com_13585.parquet', 'com_13652.parquet']"
334280,4,"['com_12916.parquet', 'com_14883.parquet', 'com_12928.parquet', 'com_13393.parquet']"
336525,4,"['com_15212.parquet', 'com_12916.parquet', 'com_14056.parquet', 'com_13393.parquet']"
333533,1,['com_12917.parquet']
335019,2,"['com_12917.parquet', 'com_14178.parquet']"
335471,2,"['com_12917.parquet', 'com_14178.parquet']"
337495,1,['com_12917.parquet']
338114,4,"['com_14178.parquet', 'com_14287.parquet', 'com_12917.parquet', 'com_13941.parquet']"
338292,1,['com_12917.parquet']
339686,1,['com_12917.parquet']
338286,2,"['com_13509.parquet', 'com_12920.parquet']"
339024,1,['com_12920.parquet']
339760,1,['com_12920.parquet']
333665,7,"['com_13853.parquet', 'com_14553.parquet', 'com_12921.parquet', 'com_14459.parquet', 'com_14034.parquet', 'com_13231.parquet', 'com_14547.parquet']"
333670,6,"['com_13169.parquet', 'com_12923.parquet', 'com_13423.parquet', 'com_14069.parquet', 'com_14413.parquet', 'com_12972.parquet']"
333639,1,['com_12926.parquet']
334281,1,['com_12926.parquet']
336980,1,['com_12926.parquet']
337494,3,"['com_13962.parquet', 'com_14434.parquet', 'com_12926.parquet']"
338811,1,['com_12926.parquet']
336088,3,"['com_14549.parquet', 'com_14726.parquet', 'com_12928.parquet']"
336956,1,['com_12928.parquet']
337886,1,['com_12928.parquet']
334740,1,['com_12935.parquet']
336396,1,['com_12935.parquet']
338508,2,"['com_14176.parquet', 'com_12935.parquet']"
334086,1,['com_12939.parquet']
336871,2,"['com_12939.parquet', 'com_12970.parquet']"
336623,3,"['com_12941.parquet', 'com_13291.parquet', 'com_13828.parquet']"
338229,7,"['com_12941.parquet', 'com_14277.parquet', 'com_14872.parquet', 'com_15157.parquet', 'com_14056.parquet', 'com_13828.parquet', 'com_13515.parquet']"
338772,5,"['com_12941.parquet', 'com_14056.parquet', 'com_13291.parquet', 'com_13828.parquet', 'com_14883.parquet']"
339284,1,['com_12953.parquet']
339369,4,"['com_13076.parquet', 'com_13797.parquet', 'com_13100.parquet', 'com_12955.parquet']"
339855,5,"['com_14677.parquet', 'com_14626.parquet', 'com_14709.parquet', 'com_15003.parquet', 'com_12955.parquet']"
339987,9,"['com_14630.parquet', 'com_14677.parquet', 'com_14351.parquet', 'com_13167.parquet', 'com_14626.parquet', 'com_14709.parquet', 'com_14785.parquet', 'com_15003.parquet', 'com_12955.parquet']"
334634,2,"['com_14349.parquet', 'com_12961.parquet']"
337379,2,"['com_13267.parquet', 'com_12965.parquet']"
337600,1,['com_12965.parquet']
335174,1,['com_12966.parquet']
339199,3,"['com_12966.parquet', 'com_15165.parquet', 'com_13466.parquet']"
333489,2,"['com_12970.parquet', 'com_15225.parquet']"
333760,1,['com_12970.parquet']
334024,1,['com_12970.parquet']
335302,2,"['com_12970.parquet', 'com_14822.parquet']"
336340,1,['com_12970.parquet']
336414,4,"['com_12970.parquet', 'com_15050.parquet', 'com_15225.parquet', 'com_14822.parquet']"
337225,1,['com_12970.parquet']
338358,1,['com_12970.parquet']
333898,6,"['com_14671.parquet', 'com_13135.parquet', 'com_12975.parquet', 'com_14420.parquet', 'com_14828.parquet', 'com_14545.parquet']"
333921,5,"['com_14671.parquet', 'com_13135.parquet', 'com_12975.parquet', 'com_14828.parquet', 'com_14545.parquet']"
338057,8,"['com_14420.parquet', 'com_14671.parquet', 'com_13425.parquet', 'com_12975.parquet', 'com_14032.parquet', 'com_14097.parquet', 'com_15238.parquet', 'com_14194.parquet']"
338210,2,"['com_12975.parquet', 'com_14545.parquet']"
334982,2,"['com_12976.parquet', 'com_13172.parquet']"
336383,2,"['com_12976.parquet', 'com_13172.parquet']"
336893,2,"['com_12976.parquet', 'com_13172.parquet']"
334025,1,['com_12977.parquet']
334339,3,"['com_12977.parquet', 'com_14196.parquet', 'com_13414.parquet']"
334953,2,"['com_12977.parquet', 'com_14196.parquet']"
337226,1,['com_12977.parquet']
338817,1,['com_12977.parquet']
339834,5,"['com_13613.parquet', 'com_13190.parquet', 'com_12977.parquet', 'com_13562.parquet', 'com_13414.parquet']"
334747,2,"['com_15115.parquet', 'com_12982.parquet']"
338821,5,"['com_15076.parquet', 'com_12982.parquet', 'com_15075.parquet', 'com_15115.parquet', 'com_13939.parquet']"
336499,9,"['com_14696.parquet', 'com_14579.parquet', 'com_13065.parquet', 'com_14780.parquet', 'com_13440.parquet', 'com_14757.parquet', 'com_12983.parquet', 'com_13922.parquet', 'com_13755.parquet']"
337835,10,"['com_14353.parquet', 'com_13755.parquet', 'com_14696.parquet', 'com_13065.parquet', 'com_13010.parquet', 'com_14087.parquet', 'com_14847.parquet', 'com_14780.parquet', 'com_12983.parquet', 'com_13440.parquet']"
338001,11,"['com_13313.parquet', 'com_14353.parquet', 'com_14696.parquet', 'com_13065.parquet', 'com_14780.parquet', 'com_14087.parquet', 'com_14847.parquet', 'com_13440.parquet', 'com_12983.parquet', 'com_14554.parquet', 'com_13755.parquet']"
339214,14,"['com_14353.parquet', 'com_14696.parquet', 'com_14579.parquet', 'com_13065.parquet', 'com_13010.parquet', 'com_14087.parquet', 'com_13538.parquet', 'com_14847.parquet', 'com_14780.parquet', 'com_14757.parquet', 'com_14369.parquet', 'com_12983.parquet', 'com_13922.parquet', 'com_13440.parquet']"
337864,3,"['com_12986.parquet', 'com_14576.parquet', 'com_14199.parquet']"
334190,2,"['com_12995.parquet', 'com_14531.parquet']"
337547,5,"['com_13261.parquet', 'com_13655.parquet', 'com_14531.parquet', 'com_14518.parquet', 'com_12995.parquet']"
333520,7,"['com_15045.parquet', 'com_14316.parquet', 'com_13090.parquet', 'com_14797.parquet', 'com_12998.parquet', 'com_14192.parquet', 'com_13508.parquet']"
336111,10,"['com_13044.parquet', 'com_14264.parquet', 'com_14682.parquet', 'com_13372.parquet', 'com_15045.parquet', 'com_14797.parquet', 'com_12998.parquet', 'com_15265.parquet', 'com_14192.parquet', 'com_13508.parquet']"
338592,1,['com_12998.parquet']
339151,4,"['com_12998.parquet', 'com_15265.parquet', 'com_14113.parquet', 'com_13508.parquet']"
333694,1,['com_13000.parquet']
334797,1,['com_13000.parquet']
335525,3,"['com_14196.parquet', 'com_13000.parquet', 'com_13414.parquet']"
338472,1,['com_13000.parquet']
338933,1,['com_13000.parquet']
339561,1,['com_13000.parquet']
333709,1,['com_13002.parquet']
334455,1,['com_13002.parquet']
336689,1,['com_13002.parquet']
337677,2,"['com_13625.parquet', 'com_13002.parquet']"
339323,1,['com_13002.parquet']
333903,1,['com_13004.parquet']
334804,2,"['com_14217.parquet', 'com_13004.parquet']"
333659,12,"['com_13569.parquet', 'com_14155.parquet', 'com_14255.parquet', 'com_13009.parquet', 'com_13831.parquet', 'com_13894.parquet', 'com_14775.parquet', 'com_13781.parquet', 'com_13932.parquet', 'com_14592.parquet', 'com_15041.parquet', 'com_14838.parquet']"
335900,6,"['com_14242.parquet', 'com_13009.parquet', 'com_13894.parquet', 'com_13932.parquet', 'com_14781.parquet', 'com_14074.parquet']"
336380,3,"['com_14781.parquet', 'com_14971.parquet', 'com_13009.parquet']"
336454,5,"['com_13009.parquet', 'com_13894.parquet', 'com_14775.parquet', 'com_15041.parquet', 'com_14838.parquet']"
337184,11,"['com_14037.parquet', 'com_13009.parquet', 'com_14775.parquet', 'com_13932.parquet', 'com_14592.parquet', 'com_15041.parquet', 'com_13759.parquet', 'com_14838.parquet', 'com_13685.parquet', 'com_14480.parquet', 'com_13193.parquet']"
337302,5,"['com_13009.parquet', 'com_13894.parquet', 'com_14775.parquet', 'com_15041.parquet', 'com_13193.parquet']"
338067,5,"['com_13009.parquet', 'com_13894.parquet', 'com_13760.parquet', 'com_14781.parquet', 'com_14859.parquet']"
338095,9,"['com_14037.parquet', 'com_13009.parquet', 'com_13831.parquet', 'com_14775.parquet', 'com_13781.parquet', 'com_13932.parquet', 'com_14592.parquet', 'com_15041.parquet', 'com_14838.parquet']"
338225,4,"['com_14242.parquet', 'com_14781.parquet', 'com_15076.parquet', 'com_13009.parquet']"
338278,4,"['com_14781.parquet', 'com_13894.parquet', 'com_15133.parquet', 'com_13009.parquet']"
339223,7,"['com_14242.parquet', 'com_14971.parquet', 'com_13009.parquet', 'com_13831.parquet', 'com_13932.parquet', 'com_14781.parquet', 'com_14074.parquet']"
339870,5,"['com_14242.parquet', 'com_13009.parquet', 'com_13932.parquet', 'com_14781.parquet', 'com_14074.parquet']"
340003,11,"['com_13569.parquet', 'com_13009.parquet', 'com_13894.parquet', 'com_14775.parquet', 'com_13065.parquet', 'com_13932.parquet', 'com_15041.parquet', 'com_14838.parquet', 'com_13685.parquet', 'com_14554.parquet', 'com_13193.parquet']"
333594,2,"['com_13969.parquet', 'com_13010.parquet']"
333719,10,"['com_13969.parquet', 'com_14580.parquet', 'com_14696.parquet', 'com_14579.parquet', 'com_14552.parquet', 'com_13010.parquet', 'com_14847.parquet', 'com_14757.parquet', 'com_14369.parquet', 'com_13440.parquet']"
334550,11,"['com_13969.parquet', 'com_14696.parquet', 'com_13010.parquet', 'com_14552.parquet', 'com_13043.parquet', 'com_14644.parquet', 'com_14748.parquet', 'com_14847.parquet', 'com_15174.parquet', 'com_14369.parquet', 'com_14512.parquet']"
334778,10,"['com_13969.parquet', 'com_14696.parquet', 'com_13010.parquet', 'com_13043.parquet', 'com_14644.parquet', 'com_14748.parquet', 'com_14847.parquet', 'com_15174.parquet', 'com_14369.parquet', 'com_14512.parquet']"
334847,7,"['com_13969.parquet', 'com_14070.parquet', 'com_13882.parquet', 'com_13010.parquet', 'com_14552.parquet', 'com_13043.parquet', 'com_14748.parquet']"
335104,12,"['com_13969.parquet', 'com_15171.parquet', 'com_14070.parquet', 'com_14579.parquet', 'com_13882.parquet', 'com_13479.parquet', 'com_13010.parquet', 'com_13043.parquet', 'com_13551.parquet', 'com_14801.parquet', 'com_14748.parquet', 'com_14369.parquet']"
335703,8,"['com_13969.parquet', 'com_15171.parquet', 'com_14070.parquet', 'com_13010.parquet', 'com_13043.parquet', 'com_13551.parquet', 'com_14801.parquet', 'com_14748.parquet']"
337054,3,"['com_13969.parquet', 'com_14552.parquet', 'com_13010.parquet']"
337825,2,"['com_14801.parquet', 'com_13010.parquet']"
337963,5,"['com_13969.parquet', 'com_14070.parquet', 'com_13010.parquet', 'com_13043.parquet', 'com_14748.parquet']"
338397,6,"['com_14580.parquet', 'com_14696.parquet', 'com_14353.parquet', 'com_13010.parquet', 'com_14847.parquet', 'com_14369.parquet']"
338689,2,"['com_14070.parquet', 'com_13010.parquet']"
338809,9,"['com_14353.parquet', 'com_14696.parquet', 'com_14579.parquet', 'com_13010.parquet', 'com_14552.parquet', 'com_13538.parquet', 'com_14847.parquet', 'com_14369.parquet', 'com_13440.parquet']"
339399,1,['com_13010.parquet']
339571,5,"['com_13969.parquet', 'com_15171.parquet', 'com_13010.parquet', 'com_14108.parquet', 'com_14801.parquet']"
334650,5,"['com_14971.parquet', 'com_15076.parquet', 'com_15222.parquet', 'com_13011.parquet', 'com_15263.parquet']"
338410,4,"['com_14242.parquet', 'com_15133.parquet', 'com_14971.parquet', 'com_13011.parquet']"
338645,6,"['com_14242.parquet', 'com_14971.parquet', 'com_15075.parquet', 'com_13011.parquet', 'com_14781.parquet', 'com_14074.parquet']"
339200,3,"['com_14971.parquet', 'com_15076.parquet', 'com_13011.parquet']"
340250,3,"['com_14971.parquet', 'com_15076.parquet', 'com_13011.parquet']"
338673,3,"['com_14932.parquet', 'com_13833.parquet', 'com_13018.parquet']"
338708,11,"['com_13025.parquet', 'com_13018.parquet', 'com_13578.parquet', 'com_14772.parquet', 'com_14612.parquet', 'com_14904.parquet', 'com_13833.parquet', 'com_13342.parquet', 'com_13386.parquet', 'com_14402.parquet', 'com_13875.parquet']"
333949,1,['com_13023.parquet']
334107,1,['com_13023.parquet']
334561,1,['com_13023.parquet']
335219,2,"['com_14059.parquet', 'com_13023.parquet']"
335233,4,"['com_14278.parquet', 'com_13720.parquet', 'com_13023.parquet', 'com_14221.parquet']"
335695,1,['com_13023.parquet']
335796,1,['com_13023.parquet']
336016,1,['com_13023.parquet']
336140,1,['com_13023.parquet']
336155,1,['com_13023.parquet']
336707,1,['com_13023.parquet']
337113,1,['com_13023.parquet']
337330,1,['com_13023.parquet']
337529,1,['com_13023.parquet']
337838,1,['com_13023.parquet']
337917,4,"['com_14059.parquet', 'com_13023.parquet', 'com_14971.parquet', 'com_14761.parquet']"
338572,1,['com_13023.parquet']
338855,1,['com_13023.parquet']
339622,1,['com_13023.parquet']
340071,1,['com_13023.parquet']
340183,1,['com_13023.parquet']
339783,3,"['com_14994.parquet', 'com_15247.parquet', 'com_13024.parquet']"
335256,5,"['com_13025.parquet', 'com_14904.parquet', 'com_13833.parquet', 'com_13386.parquet', 'com_14932.parquet']"
339763,1,['com_13028.parquet']
335368,1,['com_13031.parquet']
337285,4,"['com_13090.parquet', 'com_15045.parquet', 'com_13973.parquet', 'com_13037.parquet']"
337317,6,"['com_15205.parquet', 'com_15192.parquet', 'com_13037.parquet', 'com_14639.parquet', 'com_13081.parquet', 'com_14989.parquet']"
338015,12,"['com_15205.parquet', 'com_14464.parquet', 'com_15045.parquet', 'com_13037.parquet', 'com_13090.parquet', 'com_14639.parquet', 'com_13973.parquet', 'com_13081.parquet', 'com_14989.parquet', 'com_14330.parquet', 'com_13448.parquet', 'com_13413.parquet']"
334000,10,"['com_13969.parquet', 'com_15171.parquet', 'com_14070.parquet', 'com_13882.parquet', 'com_13479.parquet', 'com_14552.parquet', 'com_13043.parquet', 'com_14108.parquet', 'com_13551.parquet', 'com_14748.parquet']"
334771,4,"['com_15171.parquet', 'com_13043.parquet', 'com_13551.parquet', 'com_13479.parquet']"
335620,1,['com_13043.parquet']
336243,1,['com_13043.parquet']
336530,3,"['com_13043.parquet', 'com_13585.parquet', 'com_13551.parquet']"
336933,7,"['com_13882.parquet', 'com_13479.parquet', 'com_13420.parquet', 'com_13043.parquet', 'com_13443.parquet', 'com_14748.parquet', 'com_13585.parquet']"
337740,5,"['com_15171.parquet', 'com_13043.parquet', 'com_14108.parquet', 'com_13551.parquet', 'com_14748.parquet']"
338243,4,"['com_15171.parquet', 'com_13043.parquet', 'com_13551.parquet', 'com_14748.parquet']"
338244,7,"['com_13882.parquet', 'com_13479.parquet', 'com_13420.parquet', 'com_13043.parquet', 'com_13551.parquet', 'com_14748.parquet', 'com_13585.parquet']"
333509,11,"['com_14619.parquet', 'com_13049.parquet', 'com_13167.parquet', 'com_13736.parquet', 'com_14489.parquet', 'com_14507.parquet', 'com_13187.parquet', 'com_13513.parquet', 'com_13100.parquet', 'com_13231.parquet', 'com_15003.parquet']"
334596,8,"['com_13049.parquet', 'com_13167.parquet', 'com_14342.parquet', 'com_13788.parquet', 'com_13100.parquet', 'com_15221.parquet', 'com_13231.parquet', 'com_14339.parquet']"
336149,1,['com_13049.parquet']
337234,8,"['com_13049.parquet', 'com_13167.parquet', 'com_14342.parquet', 'com_14489.parquet', 'com_13788.parquet', 'com_13100.parquet', 'com_15221.parquet', 'com_13231.parquet']"
337774,10,"['com_14677.parquet', 'com_13049.parquet', 'com_13167.parquet', 'com_13540.parquet', 'com_14489.parquet', 'com_13533.parquet', 'com_13513.parquet', 'com_13100.parquet', 'com_14046.parquet', 'com_15003.parquet']"
339050,4,"['com_13788.parquet', 'com_14342.parquet', 'com_13231.parquet', 'com_13049.parquet']"
339880,3,"['com_13231.parquet', 'com_13049.parquet', 'com_13100.parquet']"
339909,10,"['com_13049.parquet', 'com_14351.parquet', 'com_13167.parquet', 'com_14489.parquet', 'com_14553.parquet', 'com_14034.parquet', 'com_13788.parquet', 'com_13069.parquet', 'com_13100.parquet', 'com_13231.parquet']"
333544,4,"['com_13051.parquet', 'com_14242.parquet', 'com_13319.parquet', 'com_14971.parquet']"
334161,2,"['com_13051.parquet', 'com_14059.parquet']"
335339,5,"['com_14242.parquet', 'com_13051.parquet', 'com_15133.parquet', 'com_14309.parquet', 'com_15068.parquet']"
338370,4,"['com_13051.parquet', 'com_14781.parquet', 'com_14242.parquet', 'com_13932.parquet']"
339040,2,"['com_13051.parquet', 'com_14971.parquet']"
335665,3,"['com_14328.parquet', 'com_13056.parquet', 'com_14605.parquet']"
334033,3,"['com_14337.parquet', 'com_13058.parquet', 'com_15086.parquet']"
338829,6,"['com_13059.parquet', 'com_14868.parquet', 'com_13146.parquet', 'com_14691.parquet', 'com_13868.parquet', 'com_14481.parquet']"
335356,1,['com_13063.parquet']
336568,2,"['com_13063.parquet', 'com_13210.parquet']"
338505,2,"['com_13063.parquet', 'com_15059.parquet']"
333892,8,"['com_13313.parquet', 'com_13989.parquet', 'com_14463.parquet', 'com_13065.parquet', 'com_15104.parquet', 'com_14087.parquet', 'com_13849.parquet', 'com_13193.parquet']"
334346,10,"['com_14037.parquet', 'com_14463.parquet', 'com_13680.parquet', 'com_15026.parquet', 'com_15117.parquet', 'com_13065.parquet', 'com_14087.parquet', 'com_13685.parquet', 'com_14474.parquet', 'com_13193.parquet']"
334425,7,"['com_14037.parquet', 'com_13313.parquet', 'com_13065.parquet', 'com_15041.parquet', 'com_13759.parquet', 'com_14554.parquet', 'com_13755.parquet']"
334654,9,"['com_14037.parquet', 'com_13313.parquet', 'com_14775.parquet', 'com_13065.parquet', 'com_15041.parquet', 'com_13759.parquet', 'com_14838.parquet', 'com_14554.parquet', 'com_13755.parquet']"
334665,2,"['com_14087.parquet', 'com_13065.parquet']"
334891,9,"['com_13313.parquet', 'com_14948.parquet', 'com_13065.parquet', 'com_15041.parquet', 'com_13759.parquet', 'com_14780.parquet', 'com_14554.parquet', 'com_13922.parquet', 'com_13755.parquet']"
334911,2,"['com_14087.parquet', 'com_13065.parquet']"
335869,7,"['com_13313.parquet', 'com_14463.parquet', 'com_13065.parquet', 'com_14087.parquet', 'com_13849.parquet', 'com_14474.parquet', 'com_13193.parquet']"
336192,5,"['com_13313.parquet', 'com_13065.parquet', 'com_13759.parquet', 'com_14554.parquet', 'com_13755.parquet']"
336197,9,"['com_13313.parquet', 'com_14070.parquet', 'com_13065.parquet', 'com_15104.parquet', 'com_14087.parquet', 'com_13849.parquet', 'com_14437.parquet', 'com_14847.parquet', 'com_13755.parquet']"
337253,3,"['com_15041.parquet', 'com_13065.parquet', 'com_14463.parquet']"
337351,4,"['com_14847.parquet', 'com_14087.parquet', 'com_13065.parquet', 'com_13755.parquet']"
337467,4,"['com_14087.parquet', 'com_13065.parquet', 'com_13849.parquet', 'com_14554.parquet']"
338127,9,"['com_14037.parquet', 'com_13313.parquet', 'com_14070.parquet', 'com_13065.parquet', 'com_14087.parquet', 'com_13849.parquet', 'com_14437.parquet', 'com_14847.parquet', 'com_13755.parquet']"
338771,2,"['com_15104.parquet', 'com_13065.parquet']"
339203,3,"['com_14087.parquet', 'com_13065.parquet', 'com_14554.parquet']"
339559,3,"['com_14554.parquet', 'com_13065.parquet', 'com_13440.parquet']"
340025,2,"['com_15104.parquet', 'com_13065.parquet']"
336839,1,['com_13066.parquet']
337017,2,"['com_15019.parquet', 'com_13066.parquet']"
337360,1,['com_13066.parquet']
338835,1,['com_13066.parquet']
339037,2,"['com_13432.parquet', 'com_13066.parquet']"
336239,3,"['com_14553.parquet', 'com_14034.parquet', 'com_13069.parquet']"
336320,2,"['com_14553.parquet', 'com_13069.parquet']"
338495,6,"['com_14452.parquet', 'com_14075.parquet', 'com_14553.parquet', 'com_13069.parquet', 'com_13076.parquet', 'com_13650.parquet']"
338700,7,"['com_14534.parquet', 'com_14075.parquet', 'com_14553.parquet', 'com_14034.parquet', 'com_13069.parquet', 'com_13076.parquet', 'com_13650.parquet']"
334112,6,"['com_14075.parquet', 'com_14553.parquet', 'com_14034.parquet', 'com_14527.parquet', 'com_13076.parquet', 'com_13650.parquet']"
334279,2,"['com_13076.parquet', 'com_13650.parquet']"
334586,3,"['com_13076.parquet', 'com_14002.parquet', 'com_14295.parquet']"
337875,1,['com_13076.parquet']
334126,1,['com_13079.parquet']
334987,1,['com_13079.parquet']
336714,1,['com_13079.parquet']
336739,1,['com_13079.parquet']
334713,6,"['com_13080.parquet', 'com_14012.parquet', 'com_14033.parquet', 'com_15137.parquet', 'com_15077.parquet', 'com_14918.parquet']"
336452,1,['com_13080.parquet']
337188,2,"['com_13080.parquet', 'com_13190.parquet']"
337291,2,"['com_13080.parquet', 'com_13190.parquet']"
339344,1,['com_13080.parquet']
333894,3,"['com_13083.parquet', 'com_15086.parquet', 'com_14650.parquet']"
334438,1,['com_13083.parquet']
334476,2,"['com_13083.parquet', 'com_14650.parquet']"
334878,2,"['com_13083.parquet', 'com_14650.parquet']"
335334,3,"['com_13083.parquet', 'com_14703.parquet', 'com_14650.parquet']"
336422,3,"['com_14842.parquet', 'com_13083.parquet', 'com_14703.parquet']"
336594,2,"['com_13083.parquet', 'com_14650.parquet']"
337257,1,['com_13083.parquet']
337765,1,['com_13083.parquet']
333926,6,"['com_15233.parquet', 'com_14583.parquet', 'com_13391.parquet', 'com_13126.parquet', 'com_13085.parquet', 'com_13212.parquet']"
335571,5,"['com_15233.parquet', 'com_13786.parquet', 'com_14300.parquet', 'com_13126.parquet', 'com_13085.parquet']"
337372,6,"['com_15233.parquet', 'com_13786.parquet', 'com_13712.parquet', 'com_14300.parquet', 'com_13126.parquet', 'com_13085.parquet']"
338642,5,"['com_15233.parquet', 'com_14583.parquet', 'com_13391.parquet', 'com_13126.parquet', 'com_13085.parquet']"
339593,5,"['com_13786.parquet', 'com_15131.parquet', 'com_15001.parquet', 'com_14164.parquet', 'com_13085.parquet']"
338099,2,"['com_13842.parquet', 'com_13088.parquet']"
335014,3,"['com_13090.parquet', 'com_13245.parquet', 'com_14682.parquet']"
335564,7,"['com_13264.parquet', 'com_14682.parquet', 'com_14316.parquet', 'com_13090.parquet', 'com_14797.parquet', 'com_14113.parquet', 'com_14192.parquet']"
335996,1,['com_13090.parquet']
336462,1,['com_13090.parquet']
336786,1,['com_13090.parquet']
338759,6,"['com_14264.parquet', 'com_14682.parquet', 'com_14464.parquet', 'com_14316.parquet', 'com_13090.parquet', 'com_14192.parquet']"
340141,5,"['com_13264.parquet', 'com_14682.parquet', 'com_13090.parquet', 'com_15040.parquet', 'com_13413.parquet']"
333699,2,"['com_13096.parquet', 'com_14897.parquet']"
333856,1,['com_13096.parquet']
336397,2,"['com_13096.parquet', 'com_13880.parquet']"
336406,2,"['com_13096.parquet', 'com_14897.parquet']"
337744,1,['com_13096.parquet']
334518,8,"['com_14677.parquet', 'com_15139.parquet', 'com_14393.parquet', 'com_14862.parquet', 'com_14785.parquet', 'com_13100.parquet', 'com_13719.parquet', 'com_15118.parquet']"
334589,9,"['com_14619.parquet', 'com_14677.parquet', 'com_13167.parquet', 'com_14489.parquet', 'com_13187.parquet', 'com_13513.parquet', 'com_13100.parquet', 'com_15032.parquet', 'com_15003.parquet']"
334741,9,"['com_14677.parquet', 'com_13576.parquet', 'com_14626.parquet', 'com_14393.parquet', 'com_14862.parquet', 'com_13100.parquet', 'com_14785.parquet', 'com_13719.parquet', 'com_15118.parquet']"
335128,5,"['com_14677.parquet', 'com_13167.parquet', 'com_14489.parquet', 'com_13100.parquet', 'com_15003.parquet']"
335179,6,"['com_14677.parquet', 'com_14351.parquet', 'com_14489.parquet', 'com_13354.parquet', 'com_13100.parquet', 'com_14785.parquet']"
337772,5,"['com_14677.parquet', 'com_14630.parquet', 'com_14351.parquet', 'com_13230.parquet', 'com_13100.parquet']"
338749,9,"['com_14677.parquet', 'com_13576.parquet', 'com_14351.parquet', 'com_14393.parquet', 'com_14862.parquet', 'com_13100.parquet', 'com_14785.parquet', 'com_13719.parquet', 'com_15118.parquet']"
339916,3,"['com_13797.parquet', 'com_13100.parquet', 'com_14605.parquet']"
334084,9,"['com_14198.parquet', 'com_14599.parquet', 'com_14805.parquet', 'com_15097.parquet', 'com_13102.parquet', 'com_13252.parquet', 'com_14833.parquet', 'com_14986.parquet', 'com_14207.parquet']"
340087,12,"['com_14886.parquet', 'com_13801.parquet', 'com_14890.parquet', 'com_15078.parquet', 'com_15132.parquet', 'com_13732.parquet', 'com_13102.parquet', 'com_13604.parquet', 'com_14789.parquet', 'com_14986.parquet', 'com_13202.parquet', 'com_13410.parquet']"
334446,2,"['com_13103.parquet', 'com_14205.parquet']"
335524,3,"['com_13107.parquet', 'com_14203.parquet', 'com_14131.parquet']"
335533,4,"['com_14165.parquet', 'com_15013.parquet', 'com_13107.parquet', 'com_14203.parquet']"
340140,1,['com_13109.parquet']
336209,2,"['com_13114.parquet', 'com_13694.parquet']"
336663,7,"['com_13682.parquet', 'com_14951.parquet', 'com_14502.parquet', 'com_14926.parquet', 'com_14919.parquet', 'com_13997.parquet', 'com_13114.parquet']"
337812,8,"['com_14951.parquet', 'com_15139.parquet', 'com_14502.parquet', 'com_14926.parquet', 'com_14919.parquet', 'com_13230.parquet', 'com_13997.parquet', 'com_13114.parquet']"
339658,7,"['com_13366.parquet', 'com_14701.parquet', 'com_14951.parquet', 'com_14121.parquet', 'com_13694.parquet', 'com_13114.parquet', 'com_14340.parquet']"
339681,2,"['com_13114.parquet', 'com_14951.parquet']"
333897,5,"['com_13567.parquet', 'com_13164.parquet', 'com_13833.parquet', 'com_13842.parquet', 'com_13121.parquet']"
336394,5,"['com_13567.parquet', 'com_13842.parquet', 'com_13910.parquet', 'com_13132.parquet', 'com_13121.parquet']"
340013,6,"['com_13567.parquet', 'com_14407.parquet', 'com_13833.parquet', 'com_13842.parquet', 'com_13661.parquet', 'com_13121.parquet']"
340030,10,"['com_13567.parquet', 'com_13164.parquet', 'com_15224.parquet', 'com_14904.parquet', 'com_14612.parquet', 'com_13833.parquet', 'com_13842.parquet', 'com_13661.parquet', 'com_15124.parquet', 'com_13121.parquet']"
338570,1,['com_13123.parquet']
334393,1,['com_13132.parquet']
339433,3,"['com_14412.parquet', 'com_13134.parquet', 'com_14716.parquet']"
334723,3,"['com_14545.parquet', 'com_15001.parquet', 'com_13135.parquet']"
336554,4,"['com_14545.parquet', 'com_13468.parquet', 'com_15271.parquet', 'com_13135.parquet']"
333556,4,"['com_13466.parquet', 'com_14822.parquet', 'com_14916.parquet', 'com_13138.parquet']"
336965,6,"['com_13190.parquet', 'com_15050.parquet', 'com_14916.parquet', 'com_14822.parquet', 'com_13466.parquet', 'com_13138.parquet']"
338058,3,"['com_13466.parquet', 'com_15165.parquet', 'com_13138.parquet']"
338697,4,"['com_13466.parquet', 'com_13190.parquet', 'com_15165.parquet', 'com_13138.parquet']"
338000,11,"['com_14013.parquet', 'com_14886.parquet', 'com_14890.parquet', 'com_13993.parquet', 'com_13431.parquet', 'com_14433.parquet', 'com_13145.parquet', 'com_14833.parquet', 'com_14986.parquet', 'com_14207.parquet', 'com_13202.parquet']"
336444,1,['com_13146.parquet']
333572,2,"['com_13147.parquet', 'com_13219.parquet']"
340274,6,"['com_14805.parquet', 'com_13147.parquet', 'com_13732.parquet', 'com_13252.parquet', 'com_14814.parquet', 'com_13410.parquet']"
338376,2,"['com_13153.parquet', 'com_13609.parquet']"
339013,1,['com_13153.parquet']
333513,8,"['com_13597.parquet', 'com_14890.parquet', 'com_13154.parquet', 'com_13738.parquet', 'com_13732.parquet', 'com_14031.parquet', 'com_14356.parquet', 'com_13202.parquet']"
334507,6,"['com_13597.parquet', 'com_14013.parquet', 'com_14890.parquet', 'com_13431.parquet', 'com_13154.parquet', 'com_13202.parquet']"
335527,4,"['com_13431.parquet', 'com_13154.parquet', 'com_13202.parquet', 'com_14890.parquet']"
336308,8,"['com_14013.parquet', 'com_14886.parquet', 'com_14890.parquet', 'com_13431.parquet', 'com_13154.parquet', 'com_14986.parquet', 'com_14207.parquet', 'com_13202.parquet']"
337912,4,"['com_13431.parquet', 'com_13154.parquet', 'com_13202.parquet', 'com_14890.parquet']"
338413,2,"['com_13597.parquet', 'com_13154.parquet']"
338529,1,['com_13154.parquet']
340145,5,"['com_13597.parquet', 'com_13379.parquet', 'com_13154.parquet', 'com_14356.parquet', 'com_13202.parquet']"
334851,6,"['com_13158.parquet', 'com_14027.parquet', 'com_14511.parquet', 'com_14557.parquet', 'com_14108.parquet', 'com_14160.parquet']"
339715,4,"['com_13158.parquet', 'com_14027.parquet', 'com_14511.parquet', 'com_14496.parquet']"
335360,5,"['com_14619.parquet', 'com_13167.parquet', 'com_13187.parquet', 'com_13513.parquet', 'com_14046.parquet']"
339845,2,"['com_13167.parquet', 'com_13231.parquet']"
334056,3,"['com_13169.parquet', 'com_14413.parquet', 'com_13948.parquet']"
338986,1,['com_13169.parquet']
339920,3,"['com_13169.parquet', 'com_14069.parquet', 'com_14818.parquet']"
334005,2,"['com_13968.parquet', 'com_13171.parquet']"
334860,5,"['com_14493.parquet', 'com_14099.parquet', 'com_13171.parquet', 'com_13647.parquet', 'com_14834.parquet']"
338317,3,"['com_14493.parquet', 'com_13647.parquet', 'com_13171.parquet']"
339251,1,['com_13171.parquet']
334758,1,['com_13172.parquet']
339629,1,['com_13172.parquet']
333598,5,"['com_13956.parquet', 'com_13172.parquet', 'com_15060.parquet', 'com_13299.parquet', 'com_13858.parquet']"
337591,1,['com_13172.parquet']
339923,1,['com_13172.parquet']
336074,10,"['com_13597.parquet', 'com_13960.parquet', 'com_13175.parquet', 'com_14991.parquet', 'com_14590.parquet', 'com_13360.parquet', 'com_13649.parquet', 'com_14166.parquet', 'com_14507.parquet', 'com_14749.parquet']"
335621,4,"['com_13178.parquet', 'com_13557.parquet', 'com_13517.parquet', 'com_13395.parquet']"
338380,2,"['com_13178.parquet', 'com_13557.parquet']"
335226,8,"['com_15266.parquet', 'com_13811.parquet', 'com_14795.parquet', 'com_14626.parquet', 'com_13187.parquet', 'com_13382.parquet', 'com_13513.parquet', 'com_13456.parquet']"
335376,11,"['com_13960.parquet', 'com_14039.parquet', 'com_14259.parquet', 'com_13899.parquet', 'com_14507.parquet', 'com_13480.parquet', 'com_13187.parquet', 'com_13382.parquet', 'com_13513.parquet', 'com_14046.parquet', 'com_13231.parquet']"
337402,10,"['com_14039.parquet', 'com_13811.parquet', 'com_14795.parquet', 'com_13736.parquet', 'com_14507.parquet', 'com_13187.parquet', 'com_13382.parquet', 'com_13513.parquet', 'com_14046.parquet', 'com_15003.parquet']"
338823,14,"['com_14677.parquet', 'com_13811.parquet', 'com_15266.parquet', 'com_14626.parquet', 'com_14393.parquet', 'com_14026.parquet', 'com_13187.parquet', 'com_13382.parquet', 'com_14862.parquet', 'com_13513.parquet', 'com_15073.parquet', 'com_15118.parquet', 'com_13719.parquet', 'com_15003.parquet']"
339054,5,"['com_14619.parquet', 'com_14507.parquet', 'com_13187.parquet', 'com_13513.parquet', 'com_13231.parquet']"
338808,3,"['com_15133.parquet', 'com_13188.parquet', 'com_14859.parquet']"
338973,3,"['com_13613.parquet', 'com_14196.parquet', 'com_13190.parquet']"
333596,2,"['com_13613.parquet', 'com_13190.parquet']"
333729,2,"['com_13613.parquet', 'com_13190.parquet']"
333821,2,"['com_13613.parquet', 'com_13190.parquet']"
334048,5,"['com_14115.parquet', 'com_13613.parquet', 'com_13190.parquet', 'com_14196.parquet', 'com_13414.parquet']"
334788,3,"['com_13613.parquet', 'com_14196.parquet', 'com_13190.parquet']"
334955,2,"['com_13613.parquet', 'com_13190.parquet']"
336940,2,"['com_13613.parquet', 'com_13190.parquet']"
337027,3,"['com_14196.parquet', 'com_13190.parquet', 'com_13414.parquet']"
338048,3,"['com_14115.parquet', 'com_13613.parquet', 'com_13190.parquet']"
338080,3,"['com_13613.parquet', 'com_14196.parquet', 'com_13190.parquet']"
338181,3,"['com_13613.parquet', 'com_14196.parquet', 'com_13190.parquet']"
338412,4,"['com_13613.parquet', 'com_14196.parquet', 'com_13190.parquet', 'com_13414.parquet']"
338512,2,"['com_13613.parquet', 'com_13190.parquet']"
338775,2,"['com_13613.parquet', 'com_13190.parquet']"
340347,5,"['com_13613.parquet', 'com_13190.parquet', 'com_14196.parquet', 'com_13414.parquet', 'com_15083.parquet']"
334053,4,"['com_13894.parquet', 'com_14463.parquet', 'com_14838.parquet', 'com_13193.parquet']"
336297,3,"['com_14087.parquet', 'com_14463.parquet', 'com_13193.parquet']"
336785,8,"['com_14037.parquet', 'com_14775.parquet', 'com_13932.parquet', 'com_14592.parquet', 'com_15041.parquet', 'com_13759.parquet', 'com_14838.parquet', 'com_13193.parquet']"
337121,5,"['com_14463.parquet', 'com_14775.parquet', 'com_15041.parquet', 'com_14838.parquet', 'com_13193.parquet']"
338870,8,"['com_14037.parquet', 'com_13894.parquet', 'com_14775.parquet', 'com_15041.parquet', 'com_13759.parquet', 'com_14838.parquet', 'com_13685.parquet', 'com_13193.parquet']"
339238,2,"['com_14838.parquet', 'com_13193.parquet']"
336777,1,['com_13194.parquet']
334164,1,['com_13196.parquet']
333744,8,"['com_14886.parquet', 'com_14890.parquet', 'com_15132.parquet', 'com_13431.parquet', 'com_13732.parquet', 'com_14986.parquet', 'com_14207.parquet', 'com_13202.parquet']"
334331,5,"['com_14886.parquet', 'com_14890.parquet', 'com_14986.parquet', 'com_14207.parquet', 'com_13202.parquet']"
335012,4,"['com_14986.parquet', 'com_13431.parquet', 'com_13202.parquet', 'com_14890.parquet']"
338396,6,"['com_14886.parquet', 'com_14890.parquet', 'com_13431.parquet', 'com_14986.parquet', 'com_14207.parquet', 'com_13202.parquet']"
333648,12,"['com_13587.parquet', 'com_13837.parquet', 'com_14687.parquet', 'com_13611.parquet', 'com_15012.parquet', 'com_14766.parquet', 'com_13795.parquet', 'com_14048.parquet', 'com_14045.parquet', 'com_14714.parquet', 'com_15030.parquet', 'com_13217.parquet']"
335930,3,"['com_14250.parquet', 'com_15059.parquet', 'com_13217.parquet']"
337007,3,"['com_13837.parquet', 'com_13712.parquet', 'com_13217.parquet']"
339070,9,"['com_13837.parquet', 'com_13611.parquet', 'com_14289.parquet', 'com_15012.parquet', 'com_14048.parquet', 'com_14045.parquet', 'com_14714.parquet', 'com_14052.parquet', 'com_13217.parquet']"
336258,6,"['com_15132.parquet', 'com_13604.parquet', 'com_14789.parquet', 'com_15207.parquet', 'com_13410.parquet', 'com_13219.parquet']"
336368,2,"['com_13732.parquet', 'com_13219.parquet']"
339736,1,['com_13219.parquet']
335728,1,['com_13224.parquet']
334110,3,"['com_14278.parquet', 'com_13255.parquet', 'com_13226.parquet']"
334391,4,"['com_15071.parquet', 'com_13860.parquet', 'com_13255.parquet', 'com_13226.parquet']"
338049,6,"['com_14543.parquet', 'com_13226.parquet', 'com_13335.parquet', 'com_14484.parquet', 'com_13501.parquet', 'com_13441.parquet']"
339294,2,"['com_13534.parquet', 'com_13226.parquet']"
339325,2,"['com_13978.parquet', 'com_13226.parquet']"
340147,3,"['com_13400.parquet', 'com_13484.parquet', 'com_13226.parquet']"
334626,10,"['com_14677.parquet', 'com_14291.parquet', 'com_15139.parquet', 'com_14393.parquet', 'com_13354.parquet', 'com_13229.parquet', 'com_14862.parquet', 'com_15073.parquet', 'com_15118.parquet', 'com_13980.parquet']"
333879,5,"['com_14630.parquet', 'com_14502.parquet', 'com_13354.parquet', 'com_13230.parquet', 'com_15118.parquet']"
334328,4,"['com_14502.parquet', 'com_13354.parquet', 'com_14630.parquet', 'com_13230.parquet']"
334514,2,"['com_14951.parquet', 'com_13230.parquet']"
334587,2,"['com_14951.parquet', 'com_13230.parquet']"
335289,2,"['com_13230.parquet', 'com_14605.parquet']"
335593,2,"['com_14677.parquet', 'com_13230.parquet']"
335660,4,"['com_14951.parquet', 'com_14630.parquet', 'com_13230.parquet', 'com_14677.parquet']"
336195,3,"['com_14951.parquet', 'com_14630.parquet', 'com_13230.parquet']"
336405,2,"['com_14951.parquet', 'com_13230.parquet']"
336645,3,"['com_14951.parquet', 'com_14630.parquet', 'com_13230.parquet']"
337321,2,"['com_13230.parquet', 'com_14605.parquet']"
337924,7,"['com_15139.parquet', 'com_14502.parquet', 'com_14926.parquet', 'com_14919.parquet', 'com_13230.parquet', 'com_13997.parquet', 'com_14951.parquet']"
337968,5,"['com_14502.parquet', 'com_14926.parquet', 'com_14919.parquet', 'com_13230.parquet', 'com_14951.parquet']"
338456,2,"['com_14951.parquet', 'com_13230.parquet']"
338591,3,"['com_14630.parquet', 'com_13230.parquet', 'com_14677.parquet']"
339357,8,"['com_13576.parquet', 'com_15139.parquet', 'com_14502.parquet', 'com_14393.parquet', 'com_13354.parquet', 'com_13230.parquet', 'com_15118.parquet', 'com_15003.parquet']"
339936,6,"['com_14502.parquet', 'com_14926.parquet', 'com_14919.parquet', 'com_13230.parquet', 'com_13997.parquet', 'com_14951.parquet']"
333950,4,"['com_13788.parquet', 'com_14342.parquet', 'com_15221.parquet', 'com_13231.parquet']"
338846,1,['com_13231.parquet']
335436,2,"['com_13233.parquet', 'com_14901.parquet']"
334267,1,['com_13234.parquet']
335131,2,"['com_14484.parquet', 'com_13234.parquet']"
336299,2,"['com_13501.parquet', 'com_13234.parquet']"
336573,1,['com_13234.parquet']
338150,3,"['com_13501.parquet', 'com_13234.parquet', 'com_13979.parquet']"
340167,1,['com_13234.parquet']
340304,3,"['com_14278.parquet', 'com_13687.parquet', 'com_13234.parquet']"
333478,1,['com_13245.parquet']
336640,1,['com_13245.parquet']
337200,2,"['com_13245.parquet', 'com_13413.parquet']"
338693,3,"['com_13245.parquet', 'com_15045.parquet', 'com_13413.parquet']"
337028,1,['com_13250.parquet']
335323,1,['com_13252.parquet']
337632,6,"['com_14325.parquet', 'com_14599.parquet', 'com_14805.parquet', 'com_13252.parquet', 'com_14833.parquet', 'com_14814.parquet']"
338190,8,"['com_14325.parquet', 'com_14809.parquet', 'com_14599.parquet', 'com_14805.parquet', 'com_14153.parquet', 'com_13252.parquet', 'com_14833.parquet', 'com_14814.parquet']"
339490,4,"['com_14986.parquet', 'com_14207.parquet', 'com_13252.parquet', 'com_14833.parquet']"
339772,4,"['com_14833.parquet', 'com_13252.parquet', 'com_14599.parquet', 'com_14805.parquet']"
335106,2,"['com_13255.parquet', 'com_13534.parquet']"
336633,3,"['com_13400.parquet', 'com_14278.parquet', 'com_13255.parquet']"
334574,1,['com_13257.parquet']
335152,3,"['com_15153.parquet', 'com_13257.parquet', 'com_14805.parquet']"
336698,2,"['com_13448.parquet', 'com_13257.parquet']"
336743,4,"['com_14814.parquet', 'com_15153.parquet', 'com_13257.parquet', 'com_14805.parquet']"
337353,2,"['com_14989.parquet', 'com_13257.parquet']"
338059,1,['com_13257.parquet']
338754,3,"['com_14585.parquet', 'com_13257.parquet', 'com_14805.parquet']"
339261,3,"['com_13448.parquet', 'com_14989.parquet', 'com_13257.parquet']"
339329,2,"['com_13257.parquet', 'com_14814.parquet']"
333802,2,"['com_13261.parquet', 'com_15226.parquet']"
334754,2,"['com_13261.parquet', 'com_15226.parquet']"
335039,4,"['com_13372.parquet', 'com_13261.parquet', 'com_14531.parquet', 'com_13623.parquet']"
338992,2,"['com_13261.parquet', 'com_14531.parquet']"
335438,1,['com_13262.parquet']
336798,1,['com_13262.parquet']
337206,1,['com_13262.parquet']
338402,1,['com_13262.parquet']
337962,2,"['com_13270.parquet', 'com_14859.parquet']"
334584,2,"['com_15022.parquet', 'com_13274.parquet']"
335373,2,"['com_14855.parquet', 'com_13274.parquet']"
335783,3,"['com_15022.parquet', 'com_13348.parquet', 'com_13274.parquet']"
333961,1,['com_13289.parquet']
334452,1,['com_13289.parquet']
336326,1,['com_13289.parquet']
336672,2,"['com_14567.parquet', 'com_13289.parquet']"
338177,3,"['com_14567.parquet', 'com_14543.parquet', 'com_13289.parquet']"
340160,1,['com_13289.parquet']
337296,3,"['com_14231.parquet', 'com_13294.parquet', 'com_14206.parquet']"
335020,1,['com_13304.parquet']
335972,2,"['com_14841.parquet', 'com_13304.parquet']"
337797,2,"['com_14059.parquet', 'com_13305.parquet']"
340246,3,"['com_14825.parquet', 'com_14595.parquet', 'com_13311.parquet']"
337663,4,"['com_13592.parquet', 'com_14629.parquet', 'com_13315.parquet', 'com_14093.parquet']"
336019,2,"['com_13316.parquet', 'com_14766.parquet']"
336618,2,"['com_13316.parquet', 'com_14766.parquet']"
337854,1,['com_13316.parquet']
337890,1,['com_13316.parquet']
340186,1,['com_13316.parquet']
338604,3,"['com_14242.parquet', 'com_14971.parquet', 'com_13319.parquet']"
339995,3,"['com_13324.parquet', 'com_13557.parquet', 'com_13395.parquet']"
335281,4,"['com_14287.parquet', 'com_13325.parquet', 'com_13723.parquet', 'com_13941.parquet']"
333657,2,"['com_13325.parquet', 'com_13941.parquet']"
337685,5,"['com_13325.parquet', 'com_13941.parquet', 'com_13469.parquet', 'com_13406.parquet', 'com_14287.parquet']"
339527,5,"['com_13723.parquet', 'com_13325.parquet', 'com_14178.parquet', 'com_13941.parquet', 'com_14287.parquet']"
334597,2,"['com_13335.parquet', 'com_14484.parquet']"
336529,3,"['com_13335.parquet', 'com_13400.parquet', 'com_13501.parquet']"
339617,3,"['com_13335.parquet', 'com_13400.parquet', 'com_14014.parquet']"
334212,2,"['com_13666.parquet', 'com_13337.parquet']"
336630,3,"['com_13337.parquet', 'com_14744.parquet', 'com_13769.parquet']"
336757,2,"['com_13337.parquet', 'com_13769.parquet']"
337442,4,"['com_13637.parquet', 'com_13337.parquet', 'com_15092.parquet', 'com_13769.parquet']"
337937,6,"['com_13769.parquet', 'com_14478.parquet', 'com_13337.parquet', 'com_14841.parquet', 'com_13666.parquet', 'com_13893.parquet']"
337997,2,"['com_13337.parquet', 'com_13769.parquet']"
335535,3,"['com_13448.parquet', 'com_13346.parquet', 'com_15205.parquet']"
338556,3,"['com_13448.parquet', 'com_13346.parquet', 'com_15205.parquet']"
334625,1,['com_13347.parquet']
334873,1,['com_13347.parquet']
336294,1,['com_13347.parquet']
337016,2,"['com_14131.parquet', 'com_13347.parquet']"
338528,1,['com_13347.parquet']
337707,1,['com_13352.parquet']
338247,2,"['com_14978.parquet', 'com_13352.parquet']"
334030,7,"['com_14630.parquet', 'com_14677.parquet', 'com_15139.parquet', 'com_14502.parquet', 'com_13354.parquet', 'com_14862.parquet', 'com_15118.parquet']"
334256,1,['com_13354.parquet']
334373,5,"['com_14630.parquet', 'com_15139.parquet', 'com_14502.parquet', 'com_13354.parquet', 'com_15118.parquet']"
333687,10,"['com_13597.parquet', 'com_13379.parquet', 'com_13960.parquet', 'com_14039.parquet', 'com_14991.parquet', 'com_13360.parquet', 'com_14507.parquet', 'com_14749.parquet', 'com_13456.parquet', 'com_13628.parquet']"
336120,8,"['com_13597.parquet', 'com_13960.parquet', 'com_13379.parquet', 'com_13360.parquet', 'com_14342.parquet', 'com_13788.parquet', 'com_15221.parquet', 'com_14339.parquet']"
337199,4,"['com_13597.parquet', 'com_13360.parquet', 'com_13960.parquet', 'com_14166.parquet']"
337429,2,"['com_13360.parquet', 'com_14749.parquet']"
337867,4,"['com_13360.parquet', 'com_14124.parquet', 'com_14166.parquet', 'com_14749.parquet']"
337958,1,['com_13360.parquet']
338054,1,['com_13360.parquet']
338270,7,"['com_13960.parquet', 'com_14991.parquet', 'com_13360.parquet', 'com_13649.parquet', 'com_14166.parquet', 'com_14507.parquet', 'com_14749.parquet']"
339579,2,"['com_13360.parquet', 'com_14124.parquet']"
333973,1,['com_13363.parquet']
334416,1,['com_13363.parquet']
335118,1,['com_13363.parquet']
336526,4,"['com_15083.parquet', 'com_13363.parquet', 'com_14142.parquet', 'com_14030.parquet']"
336869,1,['com_13363.parquet']
338070,1,['com_13363.parquet']
338239,1,['com_13363.parquet']
338487,3,"['com_14755.parquet', 'com_13363.parquet', 'com_14142.parquet']"
338919,2,"['com_13363.parquet', 'com_14142.parquet']"
339371,2,"['com_13363.parquet', 'com_14142.parquet']"
340247,5,"['com_14755.parquet', 'com_13363.parquet', 'com_14030.parquet', 'com_14142.parquet', 'com_15083.parquet']"
334448,3,"['com_14121.parquet', 'com_13366.parquet', 'com_13694.parquet']"
334986,6,"['com_13366.parquet', 'com_14701.parquet', 'com_14121.parquet', 'com_14141.parquet', 'com_13694.parquet', 'com_14340.parquet']"
335143,1,['com_13366.parquet']
335315,3,"['com_14141.parquet', 'com_13366.parquet', 'com_14340.parquet']"
335508,1,['com_13366.parquet']
335747,3,"['com_14121.parquet', 'com_13366.parquet', 'com_13694.parquet']"
337796,6,"['com_13366.parquet', 'com_14701.parquet', 'com_14121.parquet', 'com_14141.parquet', 'com_13694.parquet', 'com_14340.parquet']"
338390,2,"['com_14121.parquet', 'com_13366.parquet']"
339164,4,"['com_14121.parquet', 'com_13366.parquet', 'com_14141.parquet', 'com_13694.parquet']"
339377,3,"['com_14121.parquet', 'com_13366.parquet', 'com_13694.parquet']"
339500,4,"['com_14121.parquet', 'com_13366.parquet', 'com_14141.parquet', 'com_14340.parquet']"
339904,2,"['com_14141.parquet', 'com_13366.parquet']"
339908,3,"['com_14121.parquet', 'com_13366.parquet', 'com_13694.parquet']"
340099,3,"['com_14121.parquet', 'com_13366.parquet', 'com_13694.parquet']"
333536,1,['com_13372.parquet']
338432,1,['com_13372.parquet']
339875,1,['com_13372.parquet']
333918,10,"['com_13597.parquet', 'com_13379.parquet', 'com_14895.parquet', 'com_14886.parquet', 'com_15132.parquet', 'com_13732.parquet', 'com_14356.parquet', 'com_14986.parquet', 'com_13444.parquet', 'com_14339.parquet']"
336682,2,"['com_13597.parquet', 'com_13379.parquet']"
338459,5,"['com_13597.parquet', 'com_13379.parquet', 'com_15132.parquet', 'com_13459.parquet', 'com_14356.parquet']"
339367,2,"['com_13597.parquet', 'com_13379.parquet']"
334082,7,"['com_14677.parquet', 'com_13576.parquet', 'com_14393.parquet', 'com_13382.parquet', 'com_14862.parquet', 'com_15073.parquet', 'com_13719.parquet']"
336173,5,"['com_13811.parquet', 'com_14795.parquet', 'com_13382.parquet', 'com_13513.parquet', 'com_15003.parquet']"
336642,1,['com_13382.parquet']
339633,1,['com_13382.parquet']
333792,2,"['com_13517.parquet', 'com_13395.parquet']"
335591,4,"['com_14576.parquet', 'com_13977.parquet', 'com_13395.parquet', 'com_13940.parquet']"
334376,4,"['com_14137.parquet', 'com_15008.parquet', 'com_13948.parquet', 'com_13397.parquet']"
337428,1,['com_13398.parquet']
339076,1,['com_13398.parquet']
335249,2,"['com_13400.parquet', 'com_14278.parquet']"
335726,2,"['com_13400.parquet', 'com_14278.parquet']"
337139,2,"['com_13400.parquet', 'com_14278.parquet']"
338865,2,"['com_13400.parquet', 'com_14278.parquet']"
337278,1,['com_13404.parquet']
338760,1,['com_13404.parquet']
335599,2,"['com_15207.parquet', 'com_13410.parquet']"
333629,1,['com_13413.parquet']
336480,2,"['com_15192.parquet', 'com_13413.parquet']"
333669,2,"['com_14196.parquet', 'com_13414.parquet']"
335998,2,"['com_14196.parquet', 'com_13414.parquet']"
336794,2,"['com_13613.parquet', 'com_13414.parquet']"
337700,3,"['com_13613.parquet', 'com_14196.parquet', 'com_13414.parquet']"
338334,3,"['com_14876.parquet', 'com_14196.parquet', 'com_13414.parquet']"
338661,2,"['com_13613.parquet', 'com_13414.parquet']"
339121,1,['com_13414.parquet']
339639,2,"['com_14196.parquet', 'com_13414.parquet']"
337264,2,"['com_13461.parquet', 'com_13419.parquet']"
337999,1,['com_13419.parquet']
338148,2,"['com_14065.parquet', 'com_13419.parquet']"
339462,4,"['com_14314.parquet', 'com_13419.parquet', 'com_13577.parquet', 'com_14421.parquet']"
333935,2,"['com_13420.parquet', 'com_13440.parquet']"
334677,2,"['com_14579.parquet', 'com_13420.parquet']"
337143,3,"['com_13443.parquet', 'com_13585.parquet', 'com_13420.parquet']"
337191,3,"['com_13443.parquet', 'com_13585.parquet', 'com_13420.parquet']"
337301,3,"['com_14067.parquet', 'com_13585.parquet', 'com_13420.parquet']"
334512,3,"['com_14069.parquet', 'com_13423.parquet', 'com_14818.parquet']"
336235,3,"['com_14069.parquet', 'com_13423.parquet', 'com_14818.parquet']"
336999,6,"['com_15044.parquet', 'com_13793.parquet', 'com_13423.parquet', 'com_14395.parquet', 'com_14185.parquet', 'com_14187.parquet']"
337938,2,"['com_13428.parquet', 'com_14877.parquet']"
339502,3,"['com_13428.parquet', 'com_14877.parquet', 'com_13510.parquet']"
335676,7,"['com_13430.parquet', 'com_14708.parquet', 'com_13884.parquet', 'com_14978.parquet', 'com_14094.parquet', 'com_13596.parquet', 'com_14432.parquet']"
338309,1,['com_13430.parquet']
337513,2,"['com_13432.parquet', 'com_14673.parquet']"
334103,1,['com_13439.parquet']
333585,5,"['com_14696.parquet', 'com_14579.parquet', 'com_14847.parquet', 'com_14757.parquet', 'com_13440.parquet']"
335480,5,"['com_14579.parquet', 'com_13440.parquet', 'com_13730.parquet', 'com_14780.parquet', 'com_13755.parquet']"
336301,1,['com_13440.parquet']
339483,1,['com_13440.parquet']
339859,2,"['com_13730.parquet', 'com_13440.parquet']"
339163,1,['com_13448.parquet']
333927,3,"['com_14749.parquet', 'com_13649.parquet', 'com_13456.parquet']"
336625,13,"['com_13597.parquet', 'com_13960.parquet', 'com_14039.parquet', 'com_14991.parquet', 'com_14342.parquet', 'com_13899.parquet', 'com_14507.parquet', 'com_13480.parquet', 'com_14749.parquet', 'com_13788.parquet', 'com_13456.parquet', 'com_15221.parquet', 'com_14339.parquet']"
337829,3,"['com_14749.parquet', 'com_14507.parquet', 'com_13456.parquet']"
333633,3,"['com_13597.parquet', 'com_13459.parquet', 'com_14339.parquet']"
336602,6,"['com_14342.parquet', 'com_13899.parquet', 'com_13905.parquet', 'com_13788.parquet', 'com_13459.parquet', 'com_14849.parquet']"
338463,3,"['com_13786.parquet', 'com_13462.parquet', 'com_15131.parquet']"
339479,2,"['com_13462.parquet', 'com_13824.parquet']"
334227,1,['com_13466.parquet']
334449,2,"['com_13466.parquet', 'com_14822.parquet']"
336028,1,['com_13466.parquet']
337925,1,['com_13466.parquet']
338937,3,"['com_13466.parquet', 'com_15225.parquet', 'com_14916.parquet']"
333752,4,"['com_13468.parquet', 'com_14097.parquet', 'com_14420.parquet', 'com_14545.parquet']"
339313,5,"['com_14504.parquet', 'com_15093.parquet', 'com_13497.parquet', 'com_14128.parquet', 'com_13469.parquet']"
339651,5,"['com_13723.parquet', 'com_14128.parquet', 'com_14101.parquet', 'com_14910.parquet', 'com_13469.parquet']"
336260,2,"['com_14507.parquet', 'com_13480.parquet']"
337545,2,"['com_13490.parquet', 'com_15253.parquet']"
339143,3,"['com_13490.parquet', 'com_14280.parquet', 'com_14382.parquet']"
333758,2,"['com_13852.parquet', 'com_13492.parquet']"
333866,1,['com_13492.parquet']
334859,2,"['com_13852.parquet', 'com_13492.parquet']"
334874,1,['com_13492.parquet']
336269,1,['com_13492.parquet']
338379,1,['com_13492.parquet']
339320,3,"['com_13852.parquet', 'com_14007.parquet', 'com_13492.parquet']"
339695,1,['com_13492.parquet']
333591,6,"['com_15233.parquet', 'com_13712.parquet', 'com_14766.parquet', 'com_14719.parquet', 'com_13495.parquet', 'com_15030.parquet']"
333554,1,['com_13497.parquet']
335917,3,"['com_14504.parquet', 'com_13723.parquet', 'com_13497.parquet']"
336077,1,['com_13497.parquet']
338779,1,['com_13497.parquet']
339982,1,['com_13497.parquet']
334573,1,['com_13499.parquet']
335059,5,"['com_14543.parquet', 'com_14732.parquet', 'com_14567.parquet', 'com_14262.parquet', 'com_13501.parquet']"
336185,3,"['com_14262.parquet', 'com_13501.parquet', 'com_14543.parquet']"
336646,2,"['com_13501.parquet', 'com_14278.parquet']"
337275,2,"['com_13501.parquet', 'com_14278.parquet']"
337324,2,"['com_13501.parquet', 'com_14694.parquet']"
337340,3,"['com_13501.parquet', 'com_14278.parquet', 'com_13800.parquet']"
337453,4,"['com_14262.parquet', 'com_13501.parquet', 'com_13800.parquet', 'com_14543.parquet']"
337735,3,"['com_14891.parquet', 'com_13501.parquet', 'com_14278.parquet']"
339650,1,['com_13501.parquet']
339981,4,"['com_14262.parquet', 'com_14484.parquet', 'com_13501.parquet', 'com_14543.parquet']"
337709,3,"['com_14123.parquet', 'com_14382.parquet', 'com_13502.parquet']"
333775,2,"['com_14113.parquet', 'com_13508.parquet']"
334011,1,['com_13509.parquet']
334047,1,['com_13509.parquet']
334555,1,['com_13509.parquet']
334752,1,['com_13509.parquet']
335697,2,"['com_13510.parquet', 'com_14877.parquet']"
336964,2,"['com_13510.parquet', 'com_14877.parquet']"
338381,2,"['com_13510.parquet', 'com_14272.parquet']"
338923,7,"['com_15266.parquet', 'com_14626.parquet', 'com_13540.parquet', 'com_14425.parquet', 'com_13513.parquet', 'com_15073.parquet', 'com_15003.parquet']"
339798,6,"['com_15266.parquet', 'com_14626.parquet', 'com_13736.parquet', 'com_13540.parquet', 'com_13513.parquet', 'com_15003.parquet']"
337229,3,"['com_13517.parquet', 'com_14384.parquet', 'com_13940.parquet']"
339852,1,['com_13517.parquet']
333523,3,"['com_14127.parquet', 'com_13526.parquet', 'com_15238.parquet']"
333778,1,['com_13526.parquet']
335543,2,"['com_13526.parquet', 'com_15238.parquet']"
335698,3,"['com_13526.parquet', 'com_14814.parquet', 'com_14805.parquet']"
337349,1,['com_13526.parquet']
338122,1,['com_13526.parquet']
338250,1,['com_13526.parquet']
340335,1,['com_13527.parquet']
335669,1,['com_13532.parquet']
337816,2,"['com_13532.parquet', 'com_14689.parquet']"
337906,1,['com_13532.parquet']
338997,5,"['com_14899.parquet', 'com_14978.parquet', 'com_14094.parquet', 'com_13854.parquet', 'com_13532.parquet']"
338856,1,['com_13534.parquet']
339135,2,"['com_14484.parquet', 'com_13534.parquet']"
336717,2,"['com_13537.parquet', 'com_13601.parquet']"
338032,2,"['com_13766.parquet', 'com_13537.parquet']"
338944,2,"['com_13537.parquet', 'com_13601.parquet']"
339378,2,"['com_13537.parquet', 'com_13601.parquet']"
333461,1,['com_13539.parquet']
335724,1,['com_13539.parquet']
335760,1,['com_13540.parquet']
338745,1,['com_13557.parquet']
339158,5,"['com_14167.parquet', 'com_13557.parquet', 'com_14564.parquet', 'com_13977.parquet', 'com_13592.parquet']"
339436,2,"['com_13567.parquet', 'com_13842.parquet']"
337959,9,"['com_13569.parquet', 'com_14155.parquet', 'com_14037.parquet', 'com_13831.parquet', 'com_14775.parquet', 'com_13932.parquet', 'com_14592.parquet', 'com_15041.parquet', 'com_14838.parquet']"
338594,4,"['com_13719.parquet', 'com_14393.parquet', 'com_13576.parquet', 'com_14785.parquet']"
334905,1,['com_13580.parquet']
335072,1,['com_13580.parquet']
336753,1,['com_13580.parquet']
336811,1,['com_13580.parquet']
337423,1,['com_13580.parquet']
338005,1,['com_13580.parquet']
339608,1,['com_13580.parquet']
339437,5,"['com_14106.parquet', 'com_14178.parquet', 'com_14826.parquet', 'com_13683.parquet', 'com_13584.parquet']"
335556,2,"['com_13592.parquet', 'com_14167.parquet']"
336586,2,"['com_13592.parquet', 'com_14167.parquet']"
337378,3,"['com_13592.parquet', 'com_14629.parquet', 'com_14093.parquet']"
337487,1,['com_13592.parquet']
339258,2,"['com_13592.parquet', 'com_15083.parquet']"
335482,5,"['com_13597.parquet', 'com_13960.parquet', 'com_14039.parquet', 'com_14507.parquet', 'com_15003.parquet']"
337541,1,['com_13597.parquet']
334895,1,['com_13609.parquet']
337985,1,['com_13609.parquet']
338455,1,['com_13609.parquet']
338799,2,"['com_13941.parquet', 'com_13609.parquet']"
333830,1,['com_13613.parquet']
333863,1,['com_13613.parquet']
334136,1,['com_13613.parquet']
335541,2,"['com_13613.parquet', 'com_14196.parquet']"
337310,2,"['com_14883.parquet', 'com_13616.parquet']"
339972,2,"['com_15215.parquet', 'com_13623.parquet']"
340279,3,"['com_15215.parquet', 'com_13824.parquet', 'com_13623.parquet']"
334819,1,['com_13625.parquet']
334929,1,['com_13625.parquet']
338716,1,['com_13625.parquet']
339130,1,['com_13625.parquet']
340221,1,['com_13638.parquet']
333491,1,['com_13647.parquet']
336031,2,"['com_14493.parquet', 'com_13647.parquet']"
340069,1,['com_13653.parquet']
335375,2,"['com_14716.parquet', 'com_13657.parquet']"
335928,2,"['com_14716.parquet', 'com_13657.parquet']"
338888,1,['com_13657.parquet']
340143,2,"['com_14716.parquet', 'com_13657.parquet']"
335441,3,"['com_15077.parquet', 'com_13663.parquet', 'com_14012.parquet']"
338877,6,"['com_14918.parquet', 'com_14012.parquet', 'com_15137.parquet', 'com_13663.parquet', 'com_14101.parquet', 'com_15090.parquet']"
339853,3,"['com_15077.parquet', 'com_15090.parquet', 'com_13663.parquet']"
340350,1,['com_13666.parquet']
333868,3,"['com_13949.parquet', 'com_14617.parquet', 'com_13683.parquet']"
333964,2,"['com_13852.parquet', 'com_13683.parquet']"
334352,3,"['com_14826.parquet', 'com_14106.parquet', 'com_13683.parquet']"
336385,1,['com_13683.parquet']
336923,2,"['com_14617.parquet', 'com_13683.parquet']"
337342,1,['com_13683.parquet']
339202,3,"['com_14826.parquet', 'com_14106.parquet', 'com_13683.parquet']"
335393,1,['com_13686.parquet']
338204,1,['com_13686.parquet']
334880,2,"['com_14121.parquet', 'com_13694.parquet']"
336206,5,"['com_13996.parquet', 'com_14686.parquet', 'com_14949.parquet', 'com_15043.parquet', 'com_13697.parquet']"
334058,4,"['com_14328.parquet', 'com_13705.parquet', 'com_14802.parquet', 'com_14605.parquet']"
339116,2,"['com_13705.parquet', 'com_14802.parquet']"
334862,3,"['com_15233.parquet', 'com_13712.parquet', 'com_13837.parquet']"
339729,1,['com_13712.parquet']
338155,1,['com_13718.parquet']
336003,2,"['com_13723.parquet', 'com_14910.parquet']"
337956,2,"['com_13723.parquet', 'com_14910.parquet']"
335221,2,"['com_13730.parquet', 'com_13759.parquet']"
337878,1,['com_13740.parquet']
340114,1,['com_13740.parquet']
334750,1,['com_13750.parquet']
339074,2,"['com_14554.parquet', 'com_13755.parquet']"
335412,3,"['com_15041.parquet', 'com_13759.parquet', 'com_14948.parquet']"
338706,1,['com_13759.parquet']
334554,2,"['com_13766.parquet', 'com_15068.parquet']"
339582,2,"['com_14071.parquet', 'com_13769.parquet']"
340257,2,"['com_14002.parquet', 'com_13769.parquet']"
338427,1,['com_13777.parquet']
339159,1,['com_13777.parquet']
339213,2,"['com_13777.parquet', 'com_14983.parquet']"
335521,1,['com_13779.parquet']
335668,2,"['com_14459.parquet', 'com_13779.parquet']"
335720,1,['com_13779.parquet']
339432,1,['com_13787.parquet']
339901,6,"['com_13960.parquet', 'com_14039.parquet', 'com_14259.parquet', 'com_13788.parquet', 'com_15221.parquet', 'com_14339.parquet']"
335779,5,"['com_14868.parquet', 'com_13957.parquet', 'com_15170.parquet', 'com_13791.parquet', 'com_14481.parquet']"
335177,1,['com_13797.parquet']
336507,3,"['com_14754.parquet', 'com_13797.parquet', 'com_14452.parquet']"
337070,1,['com_13797.parquet']
333638,1,['com_13800.parquet']
334767,1,['com_13800.parquet']
336775,1,['com_13800.parquet']
337133,1,['com_13800.parquet']
337295,1,['com_13800.parquet']
338079,1,['com_13800.parquet']
338468,2,"['com_14278.parquet', 'com_13800.parquet']"
339289,2,"['com_14205.parquet', 'com_13800.parquet']"
339504,1,['com_13800.parquet']
339659,1,['com_13800.parquet']
338617,2,"['com_15215.parquet', 'com_13802.parquet']"
333506,2,"['com_14014.parquet', 'com_13804.parquet']"
334475,3,"['com_14014.parquet', 'com_13804.parquet', 'com_14533.parquet']"
334885,1,['com_13804.parquet']
339312,1,['com_13804.parquet']
339991,3,"['com_14014.parquet', 'com_13804.parquet', 'com_14533.parquet']"
334456,2,"['com_14549.parquet', 'com_13807.parquet']"
339623,3,"['com_14826.parquet', 'com_14178.parquet', 'com_13815.parquet']"
336112,2,"['com_15271.parquet', 'com_13824.parquet']"
336433,1,['com_13828.parquet']
334817,2,"['com_14904.parquet', 'com_13833.parquet']"
339285,1,['com_13833.parquet']
339049,2,"['com_14045.parquet', 'com_13837.parquet']"
336469,1,['com_13842.parquet']
333867,3,"['com_14328.parquet', 'com_13847.parquet', 'com_14605.parquet']"
336424,8,"['com_14070.parquet', 'com_14748.parquet', 'com_15104.parquet', 'com_14087.parquet', 'com_13849.parquet', 'com_14437.parquet', 'com_14847.parquet', 'com_14512.parquet']"
339959,1,['com_13852.parquet']
335133,1,['com_13853.parquet']
335464,2,"['com_14553.parquet', 'com_13853.parquet']"
335780,3,"['com_14362.parquet', 'com_14547.parquet', 'com_13853.parquet']"
335088,1,['com_13860.parquet']
335280,1,['com_13860.parquet']
337145,1,['com_13860.parquet']
339620,1,['com_13860.parquet']
340284,1,['com_13860.parquet']
334989,1,['com_13880.parquet']
336769,1,['com_13880.parquet']
338002,2,"['com_14094.parquet', 'com_13886.parquet']"
340091,2,"['com_13887.parquet', 'com_14872.parquet']"
336083,2,"['com_14412.parquet', 'com_13891.parquet']"
338019,2,"['com_14412.parquet', 'com_13891.parquet']"
335792,3,"['com_13894.parquet', 'com_15026.parquet', 'com_14859.parquet']"
333647,1,['com_13898.parquet']
334428,3,"['com_15215.parquet', 'com_14671.parquet', 'com_13898.parquet']"
340234,3,"['com_14894.parquet', 'com_15215.parquet', 'com_13898.parquet']"
334073,1,['com_13899.parquet']
335345,1,['com_13899.parquet']
335635,1,['com_13899.parquet']
336073,1,['com_13899.parquet']
336177,1,['com_13904.parquet']
337060,1,['com_13904.parquet']
337682,1,['com_13904.parquet']
336293,4,"['com_14242.parquet', 'com_14971.parquet', 'com_13932.parquet', 'com_15068.parquet']"
339732,1,['com_13941.parquet']
334404,2,"['com_14287.parquet', 'com_13941.parquet']"
336435,1,['com_13941.parquet']
337619,1,['com_13941.parquet']
338125,1,['com_13941.parquet']
339430,1,['com_13941.parquet']
337382,4,"['com_14158.parquet', 'com_14282.parquet', 'com_13948.parquet', 'com_15059.parquet']"
337792,3,"['com_14045.parquet', 'com_13948.parquet', 'com_15059.parquet']"
338226,2,"['com_13949.parquet', 'com_14617.parquet']"
337022,1,['com_13957.parquet']
334657,1,['com_13962.parquet']
337596,1,['com_13962.parquet']
339878,1,['com_13965.parquet']
340316,1,['com_13965.parquet']
337586,1,['com_13968.parquet']
338647,1,['com_13968.parquet']
335927,2,"['com_14493.parquet', 'com_13968.parquet']"
333664,2,"['com_13969.parquet', 'com_14748.parquet']"
337024,1,['com_13969.parquet']
335512,1,['com_13977.parquet']
335860,2,"['com_14384.parquet', 'com_13977.parquet']"
338117,2,"['com_15019.parquet', 'com_13977.parquet']"
338469,3,"['com_14804.parquet', 'com_13977.parquet', 'com_14992.parquet']"
336766,3,"['com_14863.parquet', 'com_13983.parquet', 'com_15010.parquet']"
337240,2,"['com_13990.parquet', 'com_14165.parquet']"
338115,3,"['com_13990.parquet', 'com_14165.parquet', 'com_14600.parquet']"
338581,2,"['com_13996.parquet', 'com_14949.parquet']"
333712,4,"['com_13996.parquet', 'com_14949.parquet', 'com_14962.parquet', 'com_15043.parquet']"
336597,3,"['com_13996.parquet', 'com_14949.parquet', 'com_15043.parquet']"
336982,2,"['com_13996.parquet', 'com_14204.parquet']"
337331,2,"['com_13996.parquet', 'com_14949.parquet']"
336818,4,"['com_14951.parquet', 'com_14926.parquet', 'com_14919.parquet', 'com_13997.parquet']"
338263,6,"['com_15139.parquet', 'com_14502.parquet', 'com_14926.parquet', 'com_14919.parquet', 'com_13997.parquet', 'com_14951.parquet']"
335957,3,"['com_14002.parquet', 'com_14744.parquet', 'com_14295.parquet']"
337839,2,"['com_14071.parquet', 'com_14002.parquet']"
334414,1,['com_14007.parquet']
338345,1,['com_14007.parquet']
339073,1,['com_14007.parquet']
338214,3,"['com_15090.parquet', 'com_15137.parquet', 'com_14012.parquet']"
336205,1,['com_14013.parquet']
334557,2,"['com_14014.parquet', 'com_14533.parquet']"
334892,1,['com_14014.parquet']
335068,1,['com_14014.parquet']
335329,1,['com_14014.parquet']
336492,2,"['com_14014.parquet', 'com_14533.parquet']"
339647,1,['com_14014.parquet']
340208,1,['com_14014.parquet']
334494,1,['com_14018.parquet']
337987,1,['com_14018.parquet']
339356,1,['com_14018.parquet']
339468,2,"['com_15242.parquet', 'com_14018.parquet']"
337208,4,"['com_14557.parquet', 'com_14027.parquet', 'com_14511.parquet', 'com_14496.parquet']"
334436,3,"['com_14755.parquet', 'com_14142.parquet', 'com_14030.parquet']"
337940,2,"['com_15083.parquet', 'com_14030.parquet']"
338601,4,"['com_14755.parquet', 'com_15083.parquet', 'com_14142.parquet', 'com_14030.parquet']"
339234,2,"['com_15083.parquet', 'com_14030.parquet']"
339803,3,"['com_14755.parquet', 'com_14142.parquet', 'com_14030.parquet']"
337201,3,"['com_15041.parquet', 'com_14775.parquet', 'com_14037.parquet']"
337286,5,"['com_14037.parquet', 'com_14775.parquet', 'com_14592.parquet', 'com_15041.parquet', 'com_14838.parquet']"
334101,1,['com_14039.parquet']
335066,1,['com_14059.parquet']
335939,1,['com_14059.parquet']
336163,1,['com_14059.parquet']
336941,1,['com_14059.parquet']
337195,1,['com_14059.parquet']
337807,1,['com_14059.parquet']
333786,1,['com_14067.parquet']
334867,2,"['com_14067.parquet', 'com_14802.parquet']"
334918,2,"['com_14067.parquet', 'com_14176.parquet']"
335446,2,"['com_14067.parquet', 'com_14802.parquet']"
339211,1,['com_14067.parquet']
338010,2,"['com_14069.parquet', 'com_14818.parquet']"
339592,2,"['com_14069.parquet', 'com_14818.parquet']"
334827,1,['com_14070.parquet']
335743,2,"['com_14070.parquet', 'com_14847.parquet']"
338336,1,['com_14087.parquet']
337681,4,"['com_14092.parquet', 'com_14971.parquet', 'com_15068.parquet', 'com_14761.parquet']"
335663,2,"['com_14978.parquet', 'com_14094.parquet']"
336652,1,['com_14094.parquet']
335001,1,['com_14097.parquet']
338961,2,"['com_14097.parquet', 'com_14671.parquet']"
339407,2,"['com_14097.parquet', 'com_15238.parquet']"
339932,1,['com_14099.parquet']
334810,3,"['com_14910.parquet', 'com_15225.parquet', 'com_14101.parquet']"
335069,2,"['com_15077.parquet', 'com_14101.parquet']"
336054,4,"['com_15077.parquet', 'com_14910.parquet', 'com_15225.parquet', 'com_14101.parquet']"
337067,2,"['com_15077.parquet', 'com_14101.parquet']"
338046,4,"['com_15077.parquet', 'com_14910.parquet', 'com_15093.parquet', 'com_14101.parquet']"
338254,4,"['com_14910.parquet', 'com_15077.parquet', 'com_14128.parquet', 'com_14101.parquet']"
338615,2,"['com_15077.parquet', 'com_14101.parquet']"
338665,4,"['com_14910.parquet', 'com_14128.parquet', 'com_15093.parquet', 'com_14101.parquet']"
339363,5,"['com_14727.parquet', 'com_14128.parquet', 'com_14101.parquet', 'com_14910.parquet', 'com_15077.parquet']"
339496,5,"['com_15093.parquet', 'com_14128.parquet', 'com_14101.parquet', 'com_14910.parquet', 'com_15077.parquet']"
335406,2,"['com_14102.parquet', 'com_14837.parquet']"
336251,1,['com_14102.parquet']
337819,1,['com_14102.parquet']
338836,1,['com_14102.parquet']
340338,1,['com_14102.parquet']
339528,1,['com_14117.parquet']
336949,1,['com_14121.parquet']
336837,2,"['com_14125.parquet', 'com_14167.parquet']"
335749,1,['com_14129.parquet']
335820,1,['com_14129.parquet']
335905,1,['com_14129.parquet']
337766,2,"['com_14129.parquet', 'com_14787.parquet']"
337304,2,"['com_14203.parquet', 'com_14131.parquet']"
339825,1,['com_14131.parquet']
333820,2,"['com_14203.parquet', 'com_14136.parquet']"
334440,1,['com_14136.parquet']
335099,1,['com_14136.parquet']
335450,2,"['com_14141.parquet', 'com_14340.parquet']"
338153,2,"['com_14141.parquet', 'com_14340.parquet']"
333725,1,['com_14142.parquet']
339719,1,['com_14155.parquet']
333957,1,['com_14165.parquet']
335340,1,['com_14165.parquet']
336200,1,['com_14165.parquet']
336977,1,['com_14165.parquet']
337160,2,"['com_14165.parquet', 'com_14429.parquet']"
337318,1,['com_14165.parquet']
339787,1,['com_14165.parquet']
340166,1,['com_14165.parquet']
340233,1,['com_14165.parquet']
335911,1,['com_14166.parquet']
335734,1,['com_14167.parquet']
337805,1,['com_14167.parquet']
339889,1,['com_14167.parquet']
335677,1,['com_14176.parquet']
335925,3,"['com_14176.parquet', 'com_14937.parquet', 'com_14748.parquet']"
336687,2,"['com_14176.parquet', 'com_15027.parquet']"
337450,2,"['com_15184.parquet', 'com_14177.parquet']"
337753,2,"['com_15184.parquet', 'com_14177.parquet']"
335164,1,['com_14177.parquet']
338687,2,"['com_15184.parquet', 'com_14177.parquet']"
335024,3,"['com_14412.parquet', 'com_14195.parquet', 'com_14824.parquet']"
339018,1,['com_14196.parquet']
333508,2,"['com_14673.parquet', 'com_14199.parquet']"
335846,4,"['com_14536.parquet', 'com_14673.parquet', 'com_14199.parquet', 'com_14777.parquet']"
335910,2,"['com_14199.parquet', 'com_14973.parquet']"
336247,1,['com_14199.parquet']
336436,1,['com_14199.parquet']
336567,2,"['com_14673.parquet', 'com_14199.parquet']"
338062,1,['com_14199.parquet']
333640,1,['com_14203.parquet']
334927,1,['com_14203.parquet']
335067,1,['com_14203.parquet']
335220,1,['com_14203.parquet']
335758,1,['com_14203.parquet']
336482,1,['com_14203.parquet']
337073,1,['com_14203.parquet']
337203,1,['com_14203.parquet']
337669,1,['com_14203.parquet']
339506,1,['com_14203.parquet']
339656,2,"['com_14716.parquet', 'com_14203.parquet']"
333569,2,"['com_14962.parquet', 'com_14204.parquet']"
336972,2,"['com_14962.parquet', 'com_14204.parquet']"
337287,4,"['com_14986.parquet', 'com_14207.parquet', 'com_14833.parquet', 'com_14809.parquet']"
338165,3,"['com_14986.parquet', 'com_14207.parquet', 'com_14833.parquet']"
339837,3,"['com_14986.parquet', 'com_14207.parquet', 'com_14886.parquet']"
334489,1,['com_14219.parquet']
335867,1,['com_14219.parquet']
336902,1,['com_14219.parquet']
339217,1,['com_14219.parquet']
334043,1,['com_14231.parquet']
334431,1,['com_14231.parquet']
334676,1,['com_14231.parquet']
335711,1,['com_14231.parquet']
336114,1,['com_14231.parquet']
336217,2,"['com_15086.parquet', 'com_14231.parquet']"
335288,2,"['com_15044.parquet', 'com_14237.parquet']"
334558,1,['com_14244.parquet']
339129,1,['com_14256.parquet']
337165,1,['com_14257.parquet']
333766,2,"['com_14266.parquet', 'com_14364.parquet']"
336270,1,['com_14278.parquet']
337097,1,['com_14278.parquet']
339360,1,['com_14278.parquet']
336005,1,['com_14282.parquet']
339114,2,"['com_14478.parquet', 'com_14295.parquet']"
334018,2,"['com_14348.parquet', 'com_14300.parquet']"
334937,2,"['com_14314.parquet', 'com_14994.parquet']"
339337,2,"['com_15045.parquet', 'com_14316.parquet']"
333913,3,"['com_14814.parquet', 'com_14325.parquet', 'com_14805.parquet']"
336904,3,"['com_14814.parquet', 'com_14325.parquet', 'com_14805.parquet']"
333503,2,"['com_14328.parquet', 'com_14605.parquet']"
335791,2,"['com_14328.parquet', 'com_14605.parquet']"
339472,2,"['com_14328.parquet', 'com_14605.parquet']"
337427,1,['com_14339.parquet']
334094,1,['com_14340.parquet']
335078,1,['com_14360.parquet']
337376,1,['com_14360.parquet']
337779,1,['com_14360.parquet']
339603,1,['com_14360.parquet']
337505,2,"['com_14362.parquet', 'com_14547.parquet']"
336461,1,['com_14364.parquet']
334268,1,['com_14364.parquet']
335886,1,['com_14364.parquet']
336864,2,"['com_15247.parquet', 'com_14364.parquet']"
337425,1,['com_14364.parquet']
338209,3,"['com_15234.parquet', 'com_14364.parquet', 'com_14455.parquet']"
337843,1,['com_14369.parquet']
335611,1,['com_14382.parquet']
338021,4,"['com_14723.parquet', 'com_14382.parquet', 'com_14741.parquet', 'com_14883.parquet']"
338145,1,['com_14382.parquet']
334265,2,"['com_14383.parquet', 'com_14393.parquet']"
336808,1,['com_14384.parquet']
334382,1,['com_14388.parquet']
334834,1,['com_14388.parquet']
335626,2,"['com_14388.parquet', 'com_14790.parquet']"
338104,1,['com_14388.parquet']
338255,1,['com_14388.parquet']
340213,2,"['com_14388.parquet', 'com_14790.parquet']"
336288,3,"['com_14393.parquet', 'com_15073.parquet', 'com_14677.parquet']"
336804,3,"['com_14393.parquet', 'com_15139.parquet', 'com_15118.parquet']"
339541,5,"['com_14677.parquet', 'com_15139.parquet', 'com_14393.parquet', 'com_14862.parquet', 'com_15118.parquet']"
333801,3,"['com_15020.parquet', 'com_14420.parquet', 'com_14545.parquet']"
335386,2,"['com_14420.parquet', 'com_14671.parquet']"
335574,1,['com_14427.parquet']
336985,3,"['com_14427.parquet', 'com_14893.parquet', 'com_14682.parquet']"
333941,1,['com_14429.parquet']
334155,1,['com_14429.parquet']
337420,1,['com_14430.parquet']
336176,1,['com_14452.parquet']
336236,1,['com_14452.parquet']
337000,1,['com_14459.parquet']
339048,1,['com_14459.parquet']
339697,1,['com_14459.parquet']
340282,1,['com_14459.parquet']
335803,1,['com_14463.parquet']
338467,2,"['com_15041.parquet', 'com_14463.parquet']"
339709,2,"['com_15041.parquet', 'com_14463.parquet']"
340333,1,['com_14463.parquet']
334021,1,['com_14481.parquet']
334260,2,"['com_15170.parquet', 'com_14481.parquet']"
337399,1,['com_14481.parquet']
340034,2,"['com_14868.parquet', 'com_14481.parquet']"
335030,1,['com_14484.parquet']
333476,2,"['com_14490.parquet', 'com_14712.parquet']"
337333,1,['com_14490.parquet']
339300,1,['com_14490.parquet']
337274,1,['com_14493.parquet']
337346,1,['com_14493.parquet']
337557,1,['com_14511.parquet']
336321,1,['com_14512.parquet']
337923,1,['com_14512.parquet']
334610,1,['com_14520.parquet']
337594,4,"['com_14825.parquet', 'com_15060.parquet', 'com_14595.parquet', 'com_14523.parquet']"
335741,1,['com_14531.parquet']
335561,1,['com_14533.parquet']
334067,1,['com_14536.parquet']
335367,1,['com_14536.parquet']
337443,1,['com_14536.parquet']
339065,1,['com_14536.parquet']
333545,1,['com_14543.parquet']
335136,2,"['com_14567.parquet', 'com_14543.parquet']"
335496,2,"['com_14804.parquet', 'com_14543.parquet']"
335576,1,['com_14543.parquet']
335710,1,['com_14543.parquet']
335775,1,['com_14543.parquet']
335831,2,"['com_14567.parquet', 'com_14543.parquet']"
335926,1,['com_14543.parquet']
338029,1,['com_14543.parquet']
339733,1,['com_14543.parquet']
340028,1,['com_14543.parquet']
334815,1,['com_14545.parquet']
335089,1,['com_14547.parquet']
334276,1,['com_14549.parquet']
338845,1,['com_14549.parquet']
340349,1,['com_14549.parquet']
335583,1,['com_14553.parquet']
336441,1,['com_14553.parquet']
338782,1,['com_14553.parquet']
336353,1,['com_14557.parquet']
338949,1,['com_14557.parquet']
339774,1,['com_14557.parquet']
336821,2,"['com_14569.parquet', 'com_15021.parquet']"
333643,1,['com_14574.parquet']
333975,2,"['com_14576.parquet', 'com_14870.parquet']"
335890,1,['com_14579.parquet']
333849,2,"['com_14585.parquet', 'com_14814.parquet']"
334075,1,['com_14585.parquet']
334383,2,"['com_14585.parquet', 'com_14814.parquet']"
336084,3,"['com_14814.parquet', 'com_14585.parquet', 'com_14805.parquet']"
337569,2,"['com_14585.parquet', 'com_14814.parquet']"
338235,2,"['com_14585.parquet', 'com_14814.parquet']"
339334,3,"['com_14814.parquet', 'com_14585.parquet', 'com_14805.parquet']"
335463,1,['com_14595.parquet']
335286,3,"['com_14814.parquet', 'com_14599.parquet', 'com_14805.parquet']"
335685,1,['com_14599.parquet']
336751,1,['com_14605.parquet']
338869,1,['com_14605.parquet']
339632,1,['com_14605.parquet']
333490,1,['com_14617.parquet']
334482,1,['com_14617.parquet']
335229,1,['com_14617.parquet']
338071,2,"['com_14617.parquet', 'com_14983.parquet']"
338262,1,['com_14617.parquet']
338313,1,['com_14617.parquet']
338686,1,['com_14617.parquet']
338704,1,['com_14617.parquet']
338928,1,['com_14617.parquet']
339586,1,['com_14617.parquet']
339793,1,['com_14617.parquet']
335180,2,"['com_14810.parquet', 'com_14646.parquet']"
335962,2,"['com_14810.parquet', 'com_14646.parquet']"
334441,1,['com_14650.parquet']
335328,2,"['com_14703.parquet', 'com_14650.parquet']"
335708,1,['com_14650.parquet']
336364,2,"['com_15086.parquet', 'com_14650.parquet']"
336745,2,"['com_14703.parquet', 'com_14650.parquet']"
336879,1,['com_14650.parquet']
337866,2,"['com_14703.parquet', 'com_14650.parquet']"
338124,1,['com_14650.parquet']
338383,1,['com_14650.parquet']
339877,1,['com_14650.parquet']
339900,1,['com_14650.parquet']
333791,2,"['com_14668.parquet', 'com_15000.parquet']"
336365,1,['com_14668.parquet']
338319,1,['com_14668.parquet']
335592,2,"['com_15215.parquet', 'com_14671.parquet']"
336055,1,['com_14671.parquet']
338342,1,['com_14671.parquet']
334961,1,['com_14673.parquet']
336048,1,['com_14673.parquet']
338758,1,['com_14673.parquet']
340161,1,['com_14673.parquet']
340317,1,['com_14673.parquet']
335523,1,['com_14682.parquet']
337430,1,['com_14682.parquet']
339974,2,"['com_15045.parquet', 'com_14682.parquet']"
336418,3,"['com_14686.parquet', 'com_14949.parquet', 'com_15043.parquet']"
338154,3,"['com_14686.parquet', 'com_14949.parquet', 'com_15043.parquet']"
336797,2,"['com_14899.parquet', 'com_14689.parquet']"
336883,1,['com_14693.parquet']
338428,1,['com_14693.parquet']
339956,1,['com_14693.parquet']
333748,1,['com_14712.parquet']
337846,1,['com_14712.parquet']
338972,1,['com_14712.parquet']
336339,1,['com_14716.parquet']
336928,1,['com_14716.parquet']
338486,1,['com_14716.parquet']
340308,1,['com_14716.parquet']
333746,3,"['com_14842.parquet', 'com_14746.parquet', 'com_15111.parquet']"
338366,1,['com_14748.parquet']
337514,1,['com_14749.parquet']
339366,1,['com_14755.parquet']
334533,3,"['com_14971.parquet', 'com_15068.parquet', 'com_14761.parquet']"
335514,1,['com_14761.parquet']
338108,2,"['com_14971.parquet', 'com_14761.parquet']"
338843,1,['com_14766.parquet']
334388,1,['com_14777.parquet']
336049,1,['com_14784.parquet']
337047,1,['com_14784.parquet']
334349,2,"['com_14787.parquet', 'com_15067.parquet']"
335077,2,"['com_14787.parquet', 'com_15067.parquet']"
335082,2,"['com_14787.parquet', 'com_14983.parquet']"
335395,2,"['com_14787.parquet', 'com_15067.parquet']"
338682,1,['com_14787.parquet']
339619,2,"['com_14787.parquet', 'com_15067.parquet']"
339979,1,['com_14787.parquet']
334240,1,['com_14790.parquet']
334983,1,['com_14790.parquet']
335359,1,['com_14790.parquet']
336955,1,['com_14790.parquet']
335943,1,['com_14797.parquet']
335658,1,['com_14802.parquet']
336665,2,"['com_15061.parquet', 'com_14802.parquet']"
339600,1,['com_14804.parquet']
337764,1,['com_14805.parquet']
340334,1,['com_14810.parquet']
333730,1,['com_14814.parquet']
335838,1,['com_14814.parquet']
336575,1,['com_14814.parquet']
339331,1,['com_14814.parquet']
340255,1,['com_14814.parquet']
337026,1,['com_14818.parquet']
333783,1,['com_14822.parquet']
333933,1,['com_14822.parquet']
334369,1,['com_14822.parquet']
334529,1,['com_14822.parquet']
335271,2,"['com_15050.parquet', 'com_14822.parquet']"
336559,2,"['com_15050.parquet', 'com_14822.parquet']"
336611,2,"['com_15050.parquet', 'com_14822.parquet']"
338196,1,['com_14822.parquet']
339000,2,"['com_15050.parquet', 'com_14822.parquet']"
339355,2,"['com_15050.parquet', 'com_14822.parquet']"
339373,2,"['com_15050.parquet', 'com_14822.parquet']"
339573,3,"['com_15050.parquet', 'com_14916.parquet', 'com_14822.parquet']"
333656,1,['com_14826.parquet']
335505,1,['com_14826.parquet']
335963,1,['com_14826.parquet']
338168,1,['com_14833.parquet']
340340,1,['com_14833.parquet']
335612,1,['com_14842.parquet']
338965,1,['com_14842.parquet']
338258,1,['com_14847.parquet']
339384,1,['com_14847.parquet']
339232,1,['com_14859.parquet']
338699,2,"['com_14863.parquet', 'com_15010.parquet']"
335160,1,['com_14870.parquet']
338024,1,['com_14870.parquet']
340278,1,['com_14870.parquet']
334785,1,['com_14872.parquet']
335737,1,['com_14877.parquet']
337698,1,['com_14883.parquet']
334344,1,['com_14893.parquet']
334679,1,['com_14893.parquet']
334831,1,['com_14893.parquet']
336231,1,['com_14893.parquet']
336521,1,['com_14893.parquet']
338053,1,['com_14893.parquet']
338404,1,['com_14897.parquet']
340193,1,['com_14897.parquet']
335689,1,['com_14899.parquet']
334185,2,"['com_15225.parquet', 'com_14910.parquet']"
336107,2,"['com_15225.parquet', 'com_14910.parquet']"
337768,1,['com_14910.parquet']
338938,2,"['com_15077.parquet', 'com_14910.parquet']"
339113,1,['com_14910.parquet']
333807,3,"['com_15050.parquet', 'com_15225.parquet', 'com_14916.parquet']"
335379,2,"['com_15077.parquet', 'com_14918.parquet']"
339241,2,"['com_14951.parquet', 'com_14919.parquet']"
336264,2,"['com_14951.parquet', 'com_14926.parquet']"
335517,1,['com_14932.parquet']
335427,1,['com_14942.parquet']
339898,1,['com_14946.parquet']
335227,1,['com_14949.parquet']
335042,1,['com_14951.parquet']
335073,1,['com_14951.parquet']
336485,1,['com_14951.parquet']
336789,1,['com_14951.parquet']
338274,1,['com_14951.parquet']
339782,1,['com_14951.parquet']
333795,1,['com_14962.parquet']
336316,2,"['com_15133.parquet', 'com_14971.parquet']"
337577,1,['com_14971.parquet']
333515,1,['com_14976.parquet']
333770,1,['com_14976.parquet']
335870,1,['com_14976.parquet']
339677,1,['com_14983.parquet']
335261,3,"['com_15084.parquet', 'com_15210.parquet', 'com_14983.parquet']"
335569,1,['com_14983.parquet']
337574,1,['com_14983.parquet']
338955,1,['com_14983.parquet']
340320,1,['com_14983.parquet']
334081,1,['com_14987.parquet']
334354,1,['com_14987.parquet']
337927,1,['com_14987.parquet']
333574,1,['com_14989.parquet']
333517,1,['com_14994.parquet']
333539,1,['com_14994.parquet']
333671,1,['com_14994.parquet']
333678,1,['com_14994.parquet']
334460,1,['com_14994.parquet']
335584,1,['com_14994.parquet']
337241,1,['com_14994.parquet']
337297,1,['com_14994.parquet']
338337,1,['com_14994.parquet']
338634,1,['com_14994.parquet']
339225,1,['com_14994.parquet']
339349,1,['com_14994.parquet']
338036,1,['com_15014.parquet']
339696,1,['com_15014.parquet']
336945,1,['com_15017.parquet']
339796,1,['com_15019.parquet']
333816,1,['com_15042.parquet']
334341,1,['com_15042.parquet']
335828,1,['com_15042.parquet']
335609,1,['com_15044.parquet']
338500,1,['com_15044.parquet']
333576,1,['com_15045.parquet']
334466,1,['com_15045.parquet']
337127,1,['com_15045.parquet']
335965,1,['com_15057.parquet']
337146,1,['com_15059.parquet']
333479,1,['com_15068.parquet']
336180,1,['com_15068.parquet']
336608,1,['com_15068.parquet']
338323,1,['com_15068.parquet']
339351,1,['com_15068.parquet']
339978,1,['com_15068.parquet']
333809,1,['com_15076.parquet']
335173,1,['com_15076.parquet']
337041,1,['com_15076.parquet']
337140,1,['com_15076.parquet']
336571,1,['com_15077.parquet']
336577,1,['com_15077.parquet']
338558,1,['com_15077.parquet']
338974,1,['com_15077.parquet']
340211,1,['com_15077.parquet']
337396,1,['com_15083.parquet']
338385,1,['com_15083.parquet']
340010,1,['com_15083.parquet']
334531,1,['com_15084.parquet']
337561,1,['com_15084.parquet']
338780,1,['com_15086.parquet']
339030,1,['com_15086.parquet']
336266,1,['com_15092.parquet']
338416,1,['com_15092.parquet']
340154,1,['com_15092.parquet']
335291,1,['com_15096.parquet']
334360,1,['com_15104.parquet']
337916,1,['com_15104.parquet']
338033,1,['com_15105.parquet']
333932,2,"['com_15139.parquet', 'com_15118.parquet']"
335390,2,"['com_15139.parquet', 'com_15118.parquet']"
339489,2,"['com_15139.parquet', 'com_15118.parquet']"
333502,1,['com_15133.parquet']
334150,1,['com_15133.parquet']
339767,1,['com_15137.parquet']
334681,1,['com_15139.parquet']
339595,1,['com_15139.parquet']
339776,1,['com_15149.parquet']
335772,1,['com_15177.parquet']
334188,1,['com_15225.parquet']
334592,1,['com_15225.parquet']
334856,1,['com_15225.parquet']
336560,1,['com_15225.parquet']
336882,1,['com_15225.parquet']
337461,1,['com_15225.parquet']
338457,1,['com_15225.parquet']
338727,1,['com_15225.parquet']
339789,1,['com_15234.parquet']
334926,1,['com_15238.parquet']
336400,1,['com_15238.parquet']
339262,1,['com_15238.parquet']
335165,1,['com_15242.parquet']
337377,1,['com_15242.parquet']
337507,1,['com_15242.parquet']
338433,1,['com_15242.parquet']
339563,1,['com_15242.parquet']
339973,1,['com_15242.parquet']
333860,1,['com_15247.parquet']
336579,1,['com_15247.parquet']
336752,1,['com_15247.parquet']
339560,1,['com_15253.parquet']
333641,1,['com_15271.parquet']
335759,1,['com_15271.parquet']
