Feeder,Parquet_Folder,Parquet_File,REAL_LOAD_COUNT
uhs0_1247--udt12274,parquet_commercial_202512_comm_MI,157810-1.parquet,1
uhs0_1247--udt12274,parquet_commercial_202512_comm_MI,157823-1.parquet,1
uhs0_1247--udt12274,parquet_commercial_202512_comm_MI,158456-1.parquet,2
uhs0_1247--udt12274,parquet_commercial_202512_comm_MI,158460-1.parquet,6
uhs0_1247--udt12274,parquet_commercial_202512_comm_MI,158603-1.parquet,1
uhs0_1247--udt12274,parquet_commercial_202512_comm_MI,158634-1.parquet,3
uhs0_1247--udt12274,parquet_commercial_202512_comm_MI,158745-1.parquet,1
uhs0_1247--udt12274,parquet_commercial_202512_comm_MI,159485-1.parquet,1
uhs0_1247--udt12274,parquet_commercial_202512_comm_MI,160529-1.parquet,4
uhs0_1247--udt12274,parquet_commercial_202512_comm_MI,160963-1.parquet,1
uhs0_1247--udt12274,parquet_commercial_202512_comm_MI,161214-1.parquet,2
uhs0_1247--udt12274,parquet_commercial_202512_comm_MI,161642-1.parquet,2
uhs0_1247--udt12274,parquet_commercial_202512_comm_MI,161940-1.parquet,1
uhs0_1247--udt12274,parquet_commercial_202512_comm_MI,162590-8.parquet,1
uhs0_1247--udt12274,parquet_commercial_202512_comm_MI,163378-1.parquet,1
uhs0_1247--udt12274,parquet_commercial_202512_comm_MI,163471-1.parquet,1
uhs0_1247--udt12274,parquet_commercial_202512_comm_MI,163559-1.parquet,1
uhs0_1247--udt12274,parquet_commercial_202512_comm_MI,163839-1.parquet,1
uhs0_1247--udt12274,parquet_commercial_202512_comm_MI,163891-1.parquet,1
uhs0_1247--udt12274,parquet_commercial_202512_comm_MI,164079-1.parquet,4
uhs0_1247--udt12274,parquet_commercial_202512_comm_MI,164249-1.parquet,1
uhs0_1247--udt12274,parquet_commercial_202512_comm_MI,164283-8.parquet,1
uhs0_1247--udt12274,parquet_commercial_202512_comm_MI,164928-8.parquet,1
uhs0_1247--udt12274,parquet_commercial_202512_comm_MI,165018-8.parquet,1
uhs0_1247--udt12274,parquet_commercial_202512_comm_MI,165234-1.parquet,1
uhs0_1247--udt12274,parquet_commercial_202512_comm_MI,165799-1.parquet,2
uhs0_1247--udt12274,parquet_commercial_202512_comm_MI,166308-1.parquet,1
uhs0_1247--udt12274,parquet_commercial_202512_comm_MI,166339-1.parquet,1
uhs0_1247--udt12274,parquet_commercial_202512_comm_MI,166911-1.parquet,2
uhs0_1247--udt12274,parquet_commercial_202512_comm_MI,167812-8.parquet,1
uhs0_1247--udt12274,parquet_commercial_202512_comm_MI,168033-1.parquet,2
uhs0_1247--udt12274,parquet_commercial_202512_comm_MI,168193-1.parquet,1
uhs0_1247--udt12274,parquet_commercial_202512_comm_MI,169293-1.parquet,3
uhs0_1247--udt12274,parquet_commercial_202512_comm_MI,169446-1.parquet,1
uhs0_1247--udt12274,parquet_commercial_202512_comm_MI,169655-1.parquet,1
uhs0_1247--udt12274,parquet_commercial_202512_comm_MI,169680-1.parquet,1
uhs0_1247--udt12274,parquet_commercial_202512_comm_MI,169748-1.parquet,1
uhs0_1247--udt12274,parquet_commercial_202512_comm_MI,169773-1.parquet,1
uhs0_1247--udt12274,parquet_residential_short_202512_res_MI,10381-1.parquet,5
uhs0_1247--udt12274,parquet_residential_short_202512_res_MI,109870-1.parquet,1
uhs0_1247--udt12274,parquet_residential_short_202512_res_MI,113255-1.parquet,9
uhs0_1247--udt12274,parquet_residential_short_202512_res_MI,113495-1.parquet,4
uhs0_1247--udt12274,parquet_residential_short_202512_res_MI,11596-1.parquet,1
uhs0_1247--udt12274,parquet_residential_short_202512_res_MI,116219-1.parquet,3
uhs0_1247--udt12274,parquet_residential_short_202512_res_MI,118404-1.parquet,122
uhs0_1247--udt12274,parquet_residential_short_202512_res_MI,121458-1.parquet,1
uhs0_1247--udt12274,parquet_residential_short_202512_res_MI,123079-1.parquet,1
uhs0_1247--udt12274,parquet_residential_short_202512_res_MI,129893-1.parquet,3
uhs0_1247--udt12274,parquet_residential_short_202512_res_MI,134138-1.parquet,3
uhs0_1247--udt12274,parquet_residential_short_202512_res_MI,138616-1.parquet,1
uhs0_1247--udt12274,parquet_residential_short_202512_res_MI,141664-1.parquet,1
uhs0_1247--udt12274,parquet_residential_short_202512_res_MI,14251-1.parquet,1
uhs0_1247--udt12274,parquet_residential_short_202512_res_MI,144380-1.parquet,2
uhs0_1247--udt12274,parquet_residential_short_202512_res_MI,145077-1.parquet,2
uhs0_1247--udt12274,parquet_residential_short_202512_res_MI,145104-1.parquet,6
uhs0_1247--udt12274,parquet_residential_short_202512_res_MI,15283-1.parquet,11
uhs0_1247--udt12274,parquet_residential_short_202512_res_MI,158553-1.parquet,3
uhs0_1247--udt12274,parquet_residential_short_202512_res_MI,161034-1.parquet,1
uhs0_1247--udt12274,parquet_residential_short_202512_res_MI,163888-1.parquet,3
uhs0_1247--udt12274,parquet_residential_short_202512_res_MI,163929-1.parquet,8
uhs0_1247--udt12274,parquet_residential_short_202512_res_MI,178522-1.parquet,1
uhs0_1247--udt12274,parquet_residential_short_202512_res_MI,178848-1.parquet,112
uhs0_1247--udt12274,parquet_residential_short_202512_res_MI,178924-1.parquet,29
uhs0_1247--udt12274,parquet_residential_short_202512_res_MI,179061-1.parquet,292
uhs0_1247--udt12274,parquet_residential_short_202512_res_MI,179991-1.parquet,3
uhs0_1247--udt12274,parquet_residential_short_202512_res_MI,181066-1.parquet,2
uhs0_1247--udt12274,parquet_residential_short_202512_res_MI,181982-1.parquet,1
uhs0_1247--udt12274,parquet_residential_short_202512_res_MI,185204-1.parquet,1
uhs0_1247--udt12274,parquet_residential_short_202512_res_MI,189827-1.parquet,1
uhs0_1247--udt12274,parquet_residential_short_202512_res_MI,193304-1.parquet,6
uhs0_1247--udt12274,parquet_residential_short_202512_res_MI,202225-1.parquet,3
uhs0_1247--udt12274,parquet_residential_short_202512_res_MI,204257-1.parquet,1
uhs0_1247--udt12274,parquet_residential_short_202512_res_MI,205005-1.parquet,1
uhs0_1247--udt12274,parquet_residential_short_202512_res_MI,211618-1.parquet,3
uhs0_1247--udt12274,parquet_residential_short_202512_res_MI,215616-1.parquet,1
uhs0_1247--udt12274,parquet_residential_short_202512_res_MI,219061-1.parquet,11
uhs0_1247--udt12274,parquet_residential_short_202512_res_MI,224704-1.parquet,7
uhs0_1247--udt12274,parquet_residential_short_202512_res_MI,229456-1.parquet,7
uhs0_1247--udt12274,parquet_residential_short_202512_res_MI,231438-1.parquet,1
uhs0_1247--udt12274,parquet_residential_short_202512_res_MI,242004-1.parquet,2
uhs0_1247--udt12274,parquet_residential_short_202512_res_MI,245364-1.parquet,1
uhs0_1247--udt12274,parquet_residential_short_202512_res_MI,255062-1.parquet,8
uhs0_1247--udt12274,parquet_residential_short_202512_res_MI,256339-1.parquet,1
uhs0_1247--udt12274,parquet_residential_short_202512_res_MI,261491-1.parquet,3
uhs0_1247--udt12274,parquet_residential_short_202512_res_MI,263197-1.parquet,3
uhs0_1247--udt12274,parquet_residential_short_202512_res_MI,26343-1.parquet,14
uhs0_1247--udt12274,parquet_residential_short_202512_res_MI,274249-1.parquet,1
uhs0_1247--udt12274,parquet_residential_short_202512_res_MI,275115-1.parquet,22
uhs0_1247--udt12274,parquet_residential_short_202512_res_MI,277511-1.parquet,2
uhs0_1247--udt12274,parquet_residential_short_202512_res_MI,278143-1.parquet,1
uhs0_1247--udt12274,parquet_residential_short_202512_res_MI,280750-1.parquet,3
uhs0_1247--udt12274,parquet_residential_short_202512_res_MI,281826-1.parquet,2
uhs0_1247--udt12274,parquet_residential_short_202512_res_MI,282194-1.parquet,4
uhs0_1247--udt12274,parquet_residential_short_202512_res_MI,292113-1.parquet,4
uhs0_1247--udt12274,parquet_residential_short_202512_res_MI,29488-1.parquet,2
uhs0_1247--udt12274,parquet_residential_short_202512_res_MI,300299-1.parquet,1
uhs0_1247--udt12274,parquet_residential_short_202512_res_MI,305049-1.parquet,2
uhs0_1247--udt12274,parquet_residential_short_202512_res_MI,31043-1.parquet,5
uhs0_1247--udt12274,parquet_residential_short_202512_res_MI,31214-1.parquet,1
uhs0_1247--udt12274,parquet_residential_short_202512_res_MI,316181-1.parquet,1
uhs0_1247--udt12274,parquet_residential_short_202512_res_MI,316670-1.parquet,7
uhs0_1247--udt12274,parquet_residential_short_202512_res_MI,317135-1.parquet,9
uhs0_1247--udt12274,parquet_residential_short_202512_res_MI,317368-1.parquet,3
uhs0_1247--udt12274,parquet_residential_short_202512_res_MI,329472-1.parquet,7
uhs0_1247--udt12274,parquet_residential_short_202512_res_MI,331207-1.parquet,3
uhs0_1247--udt12274,parquet_residential_short_202512_res_MI,334073-1.parquet,117
uhs0_1247--udt12274,parquet_residential_short_202512_res_MI,335327-1.parquet,2
uhs0_1247--udt12274,parquet_residential_short_202512_res_MI,344633-1.parquet,2
uhs0_1247--udt12274,parquet_residential_short_202512_res_MI,346477-1.parquet,2
uhs0_1247--udt12274,parquet_residential_short_202512_res_MI,354403-1.parquet,11
uhs0_1247--udt12274,parquet_residential_short_202512_res_MI,361783-1.parquet,63
uhs0_1247--udt12274,parquet_residential_short_202512_res_MI,363455-1.parquet,1
uhs0_1247--udt12274,parquet_residential_short_202512_res_MI,368387-1.parquet,5
uhs0_1247--udt12274,parquet_residential_short_202512_res_MI,368438-1.parquet,1
uhs0_1247--udt12274,parquet_residential_short_202512_res_MI,370010-1.parquet,7
uhs0_1247--udt12274,parquet_residential_short_202512_res_MI,378338-1.parquet,57
uhs0_1247--udt12274,parquet_residential_short_202512_res_MI,380296-1.parquet,11
uhs0_1247--udt12274,parquet_residential_short_202512_res_MI,381828-1.parquet,2
uhs0_1247--udt12274,parquet_residential_short_202512_res_MI,381867-1.parquet,1
uhs0_1247--udt12274,parquet_residential_short_202512_res_MI,384283-1.parquet,1
uhs0_1247--udt12274,parquet_residential_short_202512_res_MI,387495-1.parquet,3
uhs0_1247--udt12274,parquet_residential_short_202512_res_MI,392142-1.parquet,25
uhs0_1247--udt12274,parquet_residential_short_202512_res_MI,39539-1.parquet,1
uhs0_1247--udt12274,parquet_residential_short_202512_res_MI,395863-1.parquet,3
uhs0_1247--udt12274,parquet_residential_short_202512_res_MI,400912-1.parquet,34
uhs0_1247--udt12274,parquet_residential_short_202512_res_MI,411616-1.parquet,51
uhs0_1247--udt12274,parquet_residential_short_202512_res_MI,414172-1.parquet,1
uhs0_1247--udt12274,parquet_residential_short_202512_res_MI,418555-1.parquet,1
uhs0_1247--udt12274,parquet_residential_short_202512_res_MI,426204-1.parquet,5
uhs0_1247--udt12274,parquet_residential_short_202512_res_MI,42984-1.parquet,1
uhs0_1247--udt12274,parquet_residential_short_202512_res_MI,432811-1.parquet,1
uhs0_1247--udt12274,parquet_residential_short_202512_res_MI,433741-1.parquet,3
uhs0_1247--udt12274,parquet_residential_short_202512_res_MI,436629-1.parquet,9
uhs0_1247--udt12274,parquet_residential_short_202512_res_MI,437871-1.parquet,36
uhs0_1247--udt12274,parquet_residential_short_202512_res_MI,439442-1.parquet,4
uhs0_1247--udt12274,parquet_residential_short_202512_res_MI,441370-1.parquet,2
uhs0_1247--udt12274,parquet_residential_short_202512_res_MI,444065-1.parquet,9
uhs0_1247--udt12274,parquet_residential_short_202512_res_MI,449958-1.parquet,10
uhs0_1247--udt12274,parquet_residential_short_202512_res_MI,451852-1.parquet,1
uhs0_1247--udt12274,parquet_residential_short_202512_res_MI,453782-1.parquet,1
uhs0_1247--udt12274,parquet_residential_short_202512_res_MI,457273-1.parquet,3
uhs0_1247--udt12274,parquet_residential_short_202512_res_MI,459710-1.parquet,6
uhs0_1247--udt12274,parquet_residential_short_202512_res_MI,459832-1.parquet,1
uhs0_1247--udt12274,parquet_residential_short_202512_res_MI,464078-1.parquet,2
uhs0_1247--udt12274,parquet_residential_short_202512_res_MI,473383-1.parquet,8
uhs0_1247--udt12274,parquet_residential_short_202512_res_MI,474345-1.parquet,8
uhs0_1247--udt12274,parquet_residential_short_202512_res_MI,482834-1.parquet,1
uhs0_1247--udt12274,parquet_residential_short_202512_res_MI,48368-1.parquet,2
uhs0_1247--udt12274,parquet_residential_short_202512_res_MI,485286-1.parquet,9
uhs0_1247--udt12274,parquet_residential_short_202512_res_MI,485537-1.parquet,4
uhs0_1247--udt12274,parquet_residential_short_202512_res_MI,491904-1.parquet,59
uhs0_1247--udt12274,parquet_residential_short_202512_res_MI,494108-1.parquet,10
uhs0_1247--udt12274,parquet_residential_short_202512_res_MI,498993-1.parquet,6
uhs0_1247--udt12274,parquet_residential_short_202512_res_MI,502032-1.parquet,17
uhs0_1247--udt12274,parquet_residential_short_202512_res_MI,505391-1.parquet,13
uhs0_1247--udt12274,parquet_residential_short_202512_res_MI,505432-1.parquet,3
uhs0_1247--udt12274,parquet_residential_short_202512_res_MI,508330-1.parquet,19
uhs0_1247--udt12274,parquet_residential_short_202512_res_MI,509345-1.parquet,1
uhs0_1247--udt12274,parquet_residential_short_202512_res_MI,513814-1.parquet,24
uhs0_1247--udt12274,parquet_residential_short_202512_res_MI,515788-1.parquet,1
uhs0_1247--udt12274,parquet_residential_short_202512_res_MI,519249-1.parquet,1
uhs0_1247--udt12274,parquet_residential_short_202512_res_MI,520323-1.parquet,1
uhs0_1247--udt12274,parquet_residential_short_202512_res_MI,521610-1.parquet,10
uhs0_1247--udt12274,parquet_residential_short_202512_res_MI,525496-1.parquet,2
uhs0_1247--udt12274,parquet_residential_short_202512_res_MI,526776-1.parquet,4
uhs0_1247--udt12274,parquet_residential_short_202512_res_MI,530245-1.parquet,2
uhs0_1247--udt12274,parquet_residential_short_202512_res_MI,533319-1.parquet,5
uhs0_1247--udt12274,parquet_residential_short_202512_res_MI,53721-1.parquet,1
uhs0_1247--udt12274,parquet_residential_short_202512_res_MI,538350-1.parquet,16
uhs0_1247--udt12274,parquet_residential_short_202512_res_MI,540993-1.parquet,1
uhs0_1247--udt12274,parquet_residential_short_202512_res_MI,546177-1.parquet,1
uhs0_1247--udt12274,parquet_residential_short_202512_res_MI,549574-1.parquet,7
uhs0_1247--udt12274,parquet_residential_short_202512_res_MI,55789-1.parquet,1
uhs0_1247--udt12274,parquet_residential_short_202512_res_MI,60207-1.parquet,1
uhs0_1247--udt12274,parquet_residential_short_202512_res_MI,63130-1.parquet,1
uhs0_1247--udt12274,parquet_residential_short_202512_res_MI,74525-1.parquet,3
uhs0_1247--udt12274,parquet_residential_short_202512_res_MI,78734-1.parquet,4
uhs0_1247--udt12274,parquet_residential_short_202512_res_MI,8111-1.parquet,5
uhs0_1247--udt12274,parquet_residential_short_202512_res_MI,82218-1.parquet,1
uhs0_1247--udt12274,parquet_residential_short_202512_res_MI,83885-1.parquet,2
uhs0_1247--udt12274,parquet_residential_short_202512_res_MI,90350-1.parquet,5
uhs0_1247--udt12274,parquet_residential_short_202512_res_MI,95747-1.parquet,1
uhs0_1247--udt14717,parquet_commercial_202512_comm_MI,157688-1.parquet,1
uhs0_1247--udt14717,parquet_commercial_202512_comm_MI,157810-1.parquet,1
uhs0_1247--udt14717,parquet_commercial_202512_comm_MI,157823-1.parquet,4
uhs0_1247--udt14717,parquet_commercial_202512_comm_MI,158073-1.parquet,1
uhs0_1247--udt14717,parquet_commercial_202512_comm_MI,158374-1.parquet,2
uhs0_1247--udt14717,parquet_commercial_202512_comm_MI,158456-1.parquet,12
uhs0_1247--udt14717,parquet_commercial_202512_comm_MI,158460-1.parquet,4
uhs0_1247--udt14717,parquet_commercial_202512_comm_MI,158634-1.parquet,11
uhs0_1247--udt14717,parquet_commercial_202512_comm_MI,158712-1.parquet,2
uhs0_1247--udt14717,parquet_commercial_202512_comm_MI,158935-1.parquet,2
uhs0_1247--udt14717,parquet_commercial_202512_comm_MI,159114-1.parquet,6
uhs0_1247--udt14717,parquet_commercial_202512_comm_MI,159307-1.parquet,1
uhs0_1247--udt14717,parquet_commercial_202512_comm_MI,159409-1.parquet,2
uhs0_1247--udt14717,parquet_commercial_202512_comm_MI,159476-1.parquet,1
uhs0_1247--udt14717,parquet_commercial_202512_comm_MI,159485-1.parquet,4
uhs0_1247--udt14717,parquet_commercial_202512_comm_MI,159533-1.parquet,1
uhs0_1247--udt14717,parquet_commercial_202512_comm_MI,159799-8.parquet,2
uhs0_1247--udt14717,parquet_commercial_202512_comm_MI,159841-1.parquet,1
uhs0_1247--udt14717,parquet_commercial_202512_comm_MI,160078-1.parquet,1
uhs0_1247--udt14717,parquet_commercial_202512_comm_MI,160467-1.parquet,1
uhs0_1247--udt14717,parquet_commercial_202512_comm_MI,160529-1.parquet,4
uhs0_1247--udt14717,parquet_commercial_202512_comm_MI,160562-1.parquet,1
uhs0_1247--udt14717,parquet_commercial_202512_comm_MI,160627-1.parquet,3
uhs0_1247--udt14717,parquet_commercial_202512_comm_MI,160638-1.parquet,1
uhs0_1247--udt14717,parquet_commercial_202512_comm_MI,160699-1.parquet,1
uhs0_1247--udt14717,parquet_commercial_202512_comm_MI,160747-1.parquet,1
uhs0_1247--udt14717,parquet_commercial_202512_comm_MI,161434-1.parquet,1
uhs0_1247--udt14717,parquet_commercial_202512_comm_MI,161642-1.parquet,2
uhs0_1247--udt14717,parquet_commercial_202512_comm_MI,161940-1.parquet,2
uhs0_1247--udt14717,parquet_commercial_202512_comm_MI,162221-1.parquet,1
uhs0_1247--udt14717,parquet_commercial_202512_comm_MI,162262-1.parquet,1
uhs0_1247--udt14717,parquet_commercial_202512_comm_MI,162590-8.parquet,2
uhs0_1247--udt14717,parquet_commercial_202512_comm_MI,162954-1.parquet,1
uhs0_1247--udt14717,parquet_commercial_202512_comm_MI,163035-1.parquet,1
uhs0_1247--udt14717,parquet_commercial_202512_comm_MI,163365-1.parquet,1
uhs0_1247--udt14717,parquet_commercial_202512_comm_MI,163559-1.parquet,11
uhs0_1247--udt14717,parquet_commercial_202512_comm_MI,163772-1.parquet,1
uhs0_1247--udt14717,parquet_commercial_202512_comm_MI,163787-1.parquet,1
uhs0_1247--udt14717,parquet_commercial_202512_comm_MI,163839-1.parquet,2
uhs0_1247--udt14717,parquet_commercial_202512_comm_MI,163891-1.parquet,1
uhs0_1247--udt14717,parquet_commercial_202512_comm_MI,164079-1.parquet,4
uhs0_1247--udt14717,parquet_commercial_202512_comm_MI,164450-1.parquet,1
uhs0_1247--udt14717,parquet_commercial_202512_comm_MI,164675-8.parquet,1
uhs0_1247--udt14717,parquet_commercial_202512_comm_MI,164833-1.parquet,2
uhs0_1247--udt14717,parquet_commercial_202512_comm_MI,164928-8.parquet,3
uhs0_1247--udt14717,parquet_commercial_202512_comm_MI,165018-8.parquet,1
uhs0_1247--udt14717,parquet_commercial_202512_comm_MI,165075-1.parquet,1
uhs0_1247--udt14717,parquet_commercial_202512_comm_MI,165166-1.parquet,1
uhs0_1247--udt14717,parquet_commercial_202512_comm_MI,165179-8.parquet,2
uhs0_1247--udt14717,parquet_commercial_202512_comm_MI,165234-1.parquet,1
uhs0_1247--udt14717,parquet_commercial_202512_comm_MI,165352-8.parquet,1
uhs0_1247--udt14717,parquet_commercial_202512_comm_MI,165376-1.parquet,2
uhs0_1247--udt14717,parquet_commercial_202512_comm_MI,165460-1.parquet,1
uhs0_1247--udt14717,parquet_commercial_202512_comm_MI,165554-1.parquet,1
uhs0_1247--udt14717,parquet_commercial_202512_comm_MI,165564-1.parquet,1
uhs0_1247--udt14717,parquet_commercial_202512_comm_MI,165583-1.parquet,3
uhs0_1247--udt14717,parquet_commercial_202512_comm_MI,165773-1.parquet,1
uhs0_1247--udt14717,parquet_commercial_202512_comm_MI,165799-1.parquet,3
uhs0_1247--udt14717,parquet_commercial_202512_comm_MI,166044-1.parquet,1
uhs0_1247--udt14717,parquet_commercial_202512_comm_MI,166101-8.parquet,1
uhs0_1247--udt14717,parquet_commercial_202512_comm_MI,166198-1.parquet,1
uhs0_1247--udt14717,parquet_commercial_202512_comm_MI,166339-1.parquet,4
uhs0_1247--udt14717,parquet_commercial_202512_comm_MI,166350-1.parquet,1
uhs0_1247--udt14717,parquet_commercial_202512_comm_MI,166567-1.parquet,1
uhs0_1247--udt14717,parquet_commercial_202512_comm_MI,166814-1.parquet,1
uhs0_1247--udt14717,parquet_commercial_202512_comm_MI,166998-1.parquet,1
uhs0_1247--udt14717,parquet_commercial_202512_comm_MI,167090-1.parquet,1
uhs0_1247--udt14717,parquet_commercial_202512_comm_MI,167209-1.parquet,1
uhs0_1247--udt14717,parquet_commercial_202512_comm_MI,167451-1.parquet,1
uhs0_1247--udt14717,parquet_commercial_202512_comm_MI,167455-1.parquet,4
uhs0_1247--udt14717,parquet_commercial_202512_comm_MI,167614-1.parquet,1
uhs0_1247--udt14717,parquet_commercial_202512_comm_MI,167931-1.parquet,2
uhs0_1247--udt14717,parquet_commercial_202512_comm_MI,168033-1.parquet,2
uhs0_1247--udt14717,parquet_commercial_202512_comm_MI,168053-1.parquet,1
uhs0_1247--udt14717,parquet_commercial_202512_comm_MI,168064-1.parquet,2
uhs0_1247--udt14717,parquet_commercial_202512_comm_MI,168103-1.parquet,1
uhs0_1247--udt14717,parquet_commercial_202512_comm_MI,168193-1.parquet,1
uhs0_1247--udt14717,parquet_commercial_202512_comm_MI,168278-1.parquet,1
uhs0_1247--udt14717,parquet_commercial_202512_comm_MI,168324-1.parquet,1
uhs0_1247--udt14717,parquet_commercial_202512_comm_MI,168388-1.parquet,1
uhs0_1247--udt14717,parquet_commercial_202512_comm_MI,168555-1.parquet,1
uhs0_1247--udt14717,parquet_commercial_202512_comm_MI,168680-1.parquet,1
uhs0_1247--udt14717,parquet_commercial_202512_comm_MI,169085-1.parquet,1
uhs0_1247--udt14717,parquet_commercial_202512_comm_MI,169100-1.parquet,2
uhs0_1247--udt14717,parquet_commercial_202512_comm_MI,169293-1.parquet,3
uhs0_1247--udt14717,parquet_commercial_202512_comm_MI,169316-1.parquet,1
uhs0_1247--udt14717,parquet_commercial_202512_comm_MI,169331-1.parquet,3
uhs0_1247--udt14717,parquet_commercial_202512_comm_MI,169333-1.parquet,1
uhs0_1247--udt14717,parquet_commercial_202512_comm_MI,169433-1.parquet,1
uhs0_1247--udt14717,parquet_commercial_202512_comm_MI,169446-1.parquet,2
uhs0_1247--udt14717,parquet_commercial_202512_comm_MI,169471-1.parquet,1
uhs0_1247--udt14717,parquet_commercial_202512_comm_MI,169593-1.parquet,2
uhs0_1247--udt14717,parquet_commercial_202512_comm_MI,169601-8.parquet,1
uhs0_1247--udt14717,parquet_commercial_202512_comm_MI,169612-8.parquet,1
uhs0_1247--udt14717,parquet_commercial_202512_comm_MI,169749-1.parquet,3
uhs0_1247--udt14717,parquet_commercial_202512_comm_MI,170028-1.parquet,1
uhs0_1247--udt14717,parquet_residential_short_202512_res_MI,10381-1.parquet,2
uhs0_1247--udt14717,parquet_residential_short_202512_res_MI,104079-1.parquet,1
uhs0_1247--udt14717,parquet_residential_short_202512_res_MI,109870-1.parquet,1
uhs0_1247--udt14717,parquet_residential_short_202512_res_MI,113255-1.parquet,2
uhs0_1247--udt14717,parquet_residential_short_202512_res_MI,113495-1.parquet,3
uhs0_1247--udt14717,parquet_residential_short_202512_res_MI,11596-1.parquet,4
uhs0_1247--udt14717,parquet_residential_short_202512_res_MI,116219-1.parquet,1
uhs0_1247--udt14717,parquet_residential_short_202512_res_MI,118404-1.parquet,58
uhs0_1247--udt14717,parquet_residential_short_202512_res_MI,129893-1.parquet,3
uhs0_1247--udt14717,parquet_residential_short_202512_res_MI,134138-1.parquet,3
uhs0_1247--udt14717,parquet_residential_short_202512_res_MI,141664-1.parquet,2
uhs0_1247--udt14717,parquet_residential_short_202512_res_MI,14251-1.parquet,3
uhs0_1247--udt14717,parquet_residential_short_202512_res_MI,144380-1.parquet,5
uhs0_1247--udt14717,parquet_residential_short_202512_res_MI,144557-1.parquet,1
uhs0_1247--udt14717,parquet_residential_short_202512_res_MI,144707-1.parquet,1
uhs0_1247--udt14717,parquet_residential_short_202512_res_MI,145104-1.parquet,8
uhs0_1247--udt14717,parquet_residential_short_202512_res_MI,15283-1.parquet,8
uhs0_1247--udt14717,parquet_residential_short_202512_res_MI,158553-1.parquet,3
uhs0_1247--udt14717,parquet_residential_short_202512_res_MI,163888-1.parquet,7
uhs0_1247--udt14717,parquet_residential_short_202512_res_MI,163929-1.parquet,16
uhs0_1247--udt14717,parquet_residential_short_202512_res_MI,165775-1.parquet,1
uhs0_1247--udt14717,parquet_residential_short_202512_res_MI,169556-1.parquet,1
uhs0_1247--udt14717,parquet_residential_short_202512_res_MI,174128-1.parquet,1
uhs0_1247--udt14717,parquet_residential_short_202512_res_MI,178848-1.parquet,166
uhs0_1247--udt14717,parquet_residential_short_202512_res_MI,178924-1.parquet,32
uhs0_1247--udt14717,parquet_residential_short_202512_res_MI,179061-1.parquet,253
uhs0_1247--udt14717,parquet_residential_short_202512_res_MI,179402-1.parquet,3
uhs0_1247--udt14717,parquet_residential_short_202512_res_MI,179991-1.parquet,1
uhs0_1247--udt14717,parquet_residential_short_202512_res_MI,181066-1.parquet,2
uhs0_1247--udt14717,parquet_residential_short_202512_res_MI,189827-1.parquet,2
uhs0_1247--udt14717,parquet_residential_short_202512_res_MI,193304-1.parquet,7
uhs0_1247--udt14717,parquet_residential_short_202512_res_MI,195848-1.parquet,1
uhs0_1247--udt14717,parquet_residential_short_202512_res_MI,20070-1.parquet,3
uhs0_1247--udt14717,parquet_residential_short_202512_res_MI,205005-1.parquet,1
uhs0_1247--udt14717,parquet_residential_short_202512_res_MI,205512-1.parquet,1
uhs0_1247--udt14717,parquet_residential_short_202512_res_MI,206690-1.parquet,2
uhs0_1247--udt14717,parquet_residential_short_202512_res_MI,211618-1.parquet,4
uhs0_1247--udt14717,parquet_residential_short_202512_res_MI,213050-1.parquet,2
uhs0_1247--udt14717,parquet_residential_short_202512_res_MI,215616-1.parquet,1
uhs0_1247--udt14717,parquet_residential_short_202512_res_MI,219061-1.parquet,8
uhs0_1247--udt14717,parquet_residential_short_202512_res_MI,229456-1.parquet,4
uhs0_1247--udt14717,parquet_residential_short_202512_res_MI,242004-1.parquet,7
uhs0_1247--udt14717,parquet_residential_short_202512_res_MI,252372-1.parquet,1
uhs0_1247--udt14717,parquet_residential_short_202512_res_MI,255062-1.parquet,15
uhs0_1247--udt14717,parquet_residential_short_202512_res_MI,256339-1.parquet,3
uhs0_1247--udt14717,parquet_residential_short_202512_res_MI,258760-1.parquet,1
uhs0_1247--udt14717,parquet_residential_short_202512_res_MI,263197-1.parquet,9
uhs0_1247--udt14717,parquet_residential_short_202512_res_MI,26343-1.parquet,9
uhs0_1247--udt14717,parquet_residential_short_202512_res_MI,275115-1.parquet,26
uhs0_1247--udt14717,parquet_residential_short_202512_res_MI,277988-1.parquet,1
uhs0_1247--udt14717,parquet_residential_short_202512_res_MI,278143-1.parquet,1
uhs0_1247--udt14717,parquet_residential_short_202512_res_MI,280750-1.parquet,2
uhs0_1247--udt14717,parquet_residential_short_202512_res_MI,281826-1.parquet,1
uhs0_1247--udt14717,parquet_residential_short_202512_res_MI,282194-1.parquet,8
uhs0_1247--udt14717,parquet_residential_short_202512_res_MI,285678-1.parquet,5
uhs0_1247--udt14717,parquet_residential_short_202512_res_MI,285946-1.parquet,2
uhs0_1247--udt14717,parquet_residential_short_202512_res_MI,292113-1.parquet,5
uhs0_1247--udt14717,parquet_residential_short_202512_res_MI,305049-1.parquet,1
uhs0_1247--udt14717,parquet_residential_short_202512_res_MI,307579-1.parquet,1
uhs0_1247--udt14717,parquet_residential_short_202512_res_MI,31043-1.parquet,9
uhs0_1247--udt14717,parquet_residential_short_202512_res_MI,316181-1.parquet,1
uhs0_1247--udt14717,parquet_residential_short_202512_res_MI,317135-1.parquet,4
uhs0_1247--udt14717,parquet_residential_short_202512_res_MI,317368-1.parquet,2
uhs0_1247--udt14717,parquet_residential_short_202512_res_MI,320231-1.parquet,1
uhs0_1247--udt14717,parquet_residential_short_202512_res_MI,329472-1.parquet,4
uhs0_1247--udt14717,parquet_residential_short_202512_res_MI,32956-1.parquet,4
uhs0_1247--udt14717,parquet_residential_short_202512_res_MI,331207-1.parquet,2
uhs0_1247--udt14717,parquet_residential_short_202512_res_MI,334073-1.parquet,136
uhs0_1247--udt14717,parquet_residential_short_202512_res_MI,344633-1.parquet,1
uhs0_1247--udt14717,parquet_residential_short_202512_res_MI,345199-1.parquet,2
uhs0_1247--udt14717,parquet_residential_short_202512_res_MI,346477-1.parquet,1
uhs0_1247--udt14717,parquet_residential_short_202512_res_MI,351964-1.parquet,1
uhs0_1247--udt14717,parquet_residential_short_202512_res_MI,354403-1.parquet,1
uhs0_1247--udt14717,parquet_residential_short_202512_res_MI,361783-1.parquet,97
uhs0_1247--udt14717,parquet_residential_short_202512_res_MI,365825-1.parquet,1
uhs0_1247--udt14717,parquet_residential_short_202512_res_MI,368387-1.parquet,2
uhs0_1247--udt14717,parquet_residential_short_202512_res_MI,370010-1.parquet,4
uhs0_1247--udt14717,parquet_residential_short_202512_res_MI,378338-1.parquet,34
uhs0_1247--udt14717,parquet_residential_short_202512_res_MI,380296-1.parquet,10
uhs0_1247--udt14717,parquet_residential_short_202512_res_MI,381828-1.parquet,2
uhs0_1247--udt14717,parquet_residential_short_202512_res_MI,381867-1.parquet,8
uhs0_1247--udt14717,parquet_residential_short_202512_res_MI,392142-1.parquet,22
uhs0_1247--udt14717,parquet_residential_short_202512_res_MI,39516-1.parquet,1
uhs0_1247--udt14717,parquet_residential_short_202512_res_MI,39539-1.parquet,2
uhs0_1247--udt14717,parquet_residential_short_202512_res_MI,395863-1.parquet,4
uhs0_1247--udt14717,parquet_residential_short_202512_res_MI,396164-1.parquet,1
uhs0_1247--udt14717,parquet_residential_short_202512_res_MI,396717-1.parquet,2
uhs0_1247--udt14717,parquet_residential_short_202512_res_MI,400912-1.parquet,43
uhs0_1247--udt14717,parquet_residential_short_202512_res_MI,402675-1.parquet,1
uhs0_1247--udt14717,parquet_residential_short_202512_res_MI,409398-1.parquet,1
uhs0_1247--udt14717,parquet_residential_short_202512_res_MI,411616-1.parquet,88
uhs0_1247--udt14717,parquet_residential_short_202512_res_MI,412179-1.parquet,1
uhs0_1247--udt14717,parquet_residential_short_202512_res_MI,418555-1.parquet,7
uhs0_1247--udt14717,parquet_residential_short_202512_res_MI,426204-1.parquet,11
uhs0_1247--udt14717,parquet_residential_short_202512_res_MI,42984-1.parquet,1
uhs0_1247--udt14717,parquet_residential_short_202512_res_MI,430122-1.parquet,1
uhs0_1247--udt14717,parquet_residential_short_202512_res_MI,432811-1.parquet,2
uhs0_1247--udt14717,parquet_residential_short_202512_res_MI,432831-1.parquet,1
uhs0_1247--udt14717,parquet_residential_short_202512_res_MI,433379-1.parquet,2
uhs0_1247--udt14717,parquet_residential_short_202512_res_MI,433741-1.parquet,4
uhs0_1247--udt14717,parquet_residential_short_202512_res_MI,436629-1.parquet,15
uhs0_1247--udt14717,parquet_residential_short_202512_res_MI,437871-1.parquet,49
uhs0_1247--udt14717,parquet_residential_short_202512_res_MI,440127-1.parquet,1
uhs0_1247--udt14717,parquet_residential_short_202512_res_MI,441370-1.parquet,5
uhs0_1247--udt14717,parquet_residential_short_202512_res_MI,444065-1.parquet,11
uhs0_1247--udt14717,parquet_residential_short_202512_res_MI,449958-1.parquet,15
uhs0_1247--udt14717,parquet_residential_short_202512_res_MI,455633-1.parquet,1
uhs0_1247--udt14717,parquet_residential_short_202512_res_MI,457273-1.parquet,9
uhs0_1247--udt14717,parquet_residential_short_202512_res_MI,457563-1.parquet,2
uhs0_1247--udt14717,parquet_residential_short_202512_res_MI,458168-1.parquet,1
uhs0_1247--udt14717,parquet_residential_short_202512_res_MI,459710-1.parquet,9
uhs0_1247--udt14717,parquet_residential_short_202512_res_MI,464078-1.parquet,1
uhs0_1247--udt14717,parquet_residential_short_202512_res_MI,465693-1.parquet,2
uhs0_1247--udt14717,parquet_residential_short_202512_res_MI,473383-1.parquet,6
uhs0_1247--udt14717,parquet_residential_short_202512_res_MI,473989-1.parquet,1
uhs0_1247--udt14717,parquet_residential_short_202512_res_MI,474345-1.parquet,10
uhs0_1247--udt14717,parquet_residential_short_202512_res_MI,48368-1.parquet,3
uhs0_1247--udt14717,parquet_residential_short_202512_res_MI,485286-1.parquet,6
uhs0_1247--udt14717,parquet_residential_short_202512_res_MI,485537-1.parquet,6
uhs0_1247--udt14717,parquet_residential_short_202512_res_MI,48737-1.parquet,1
uhs0_1247--udt14717,parquet_residential_short_202512_res_MI,491904-1.parquet,28
uhs0_1247--udt14717,parquet_residential_short_202512_res_MI,492169-1.parquet,1
uhs0_1247--udt14717,parquet_residential_short_202512_res_MI,494108-1.parquet,17
uhs0_1247--udt14717,parquet_residential_short_202512_res_MI,498993-1.parquet,5
uhs0_1247--udt14717,parquet_residential_short_202512_res_MI,502032-1.parquet,11
uhs0_1247--udt14717,parquet_residential_short_202512_res_MI,505391-1.parquet,15
uhs0_1247--udt14717,parquet_residential_short_202512_res_MI,505432-1.parquet,2
uhs0_1247--udt14717,parquet_residential_short_202512_res_MI,508330-1.parquet,34
uhs0_1247--udt14717,parquet_residential_short_202512_res_MI,509345-1.parquet,7
uhs0_1247--udt14717,parquet_residential_short_202512_res_MI,513814-1.parquet,16
uhs0_1247--udt14717,parquet_residential_short_202512_res_MI,517920-1.parquet,1
uhs0_1247--udt14717,parquet_residential_short_202512_res_MI,519249-1.parquet,2
uhs0_1247--udt14717,parquet_residential_short_202512_res_MI,520460-1.parquet,4
uhs0_1247--udt14717,parquet_residential_short_202512_res_MI,521610-1.parquet,7
uhs0_1247--udt14717,parquet_residential_short_202512_res_MI,525496-1.parquet,3
uhs0_1247--udt14717,parquet_residential_short_202512_res_MI,526776-1.parquet,4
uhs0_1247--udt14717,parquet_residential_short_202512_res_MI,530245-1.parquet,1
uhs0_1247--udt14717,parquet_residential_short_202512_res_MI,531208-1.parquet,1
uhs0_1247--udt14717,parquet_residential_short_202512_res_MI,5319-1.parquet,1
uhs0_1247--udt14717,parquet_residential_short_202512_res_MI,533319-1.parquet,8
uhs0_1247--udt14717,parquet_residential_short_202512_res_MI,538350-1.parquet,19
uhs0_1247--udt14717,parquet_residential_short_202512_res_MI,542380-1.parquet,1
uhs0_1247--udt14717,parquet_residential_short_202512_res_MI,544131-1.parquet,1
uhs0_1247--udt14717,parquet_residential_short_202512_res_MI,549574-1.parquet,5
uhs0_1247--udt14717,parquet_residential_short_202512_res_MI,60207-1.parquet,1
uhs0_1247--udt14717,parquet_residential_short_202512_res_MI,63130-1.parquet,1
uhs0_1247--udt14717,parquet_residential_short_202512_res_MI,66663-1.parquet,1
uhs0_1247--udt14717,parquet_residential_short_202512_res_MI,68724-1.parquet,1
uhs0_1247--udt14717,parquet_residential_short_202512_res_MI,73789-1.parquet,3
uhs0_1247--udt14717,parquet_residential_short_202512_res_MI,74525-1.parquet,9
uhs0_1247--udt14717,parquet_residential_short_202512_res_MI,78734-1.parquet,4
uhs0_1247--udt14717,parquet_residential_short_202512_res_MI,8111-1.parquet,4
uhs0_1247--udt14717,parquet_residential_short_202512_res_MI,82218-1.parquet,5
uhs0_1247--udt14717,parquet_residential_short_202512_res_MI,83885-1.parquet,4
uhs0_1247--udt14717,parquet_residential_short_202512_res_MI,92876-1.parquet,4
uhs0_1247--udt14717,parquet_residential_short_202512_res_MI,95747-1.parquet,4
uhs0_1247--udt14717,parquet_residential_short_202512_res_MI,97944-1.parquet,1
uhs0_1247--udt16115,parquet_commercial_202512_comm_MI,158365-1.parquet,1
uhs0_1247--udt16115,parquet_commercial_202512_comm_MI,160365-1.parquet,1
uhs0_1247--udt16115,parquet_commercial_202512_comm_MI,160747-1.parquet,1
uhs0_1247--udt16115,parquet_commercial_202512_comm_MI,161150-1.parquet,1
uhs0_1247--udt16115,parquet_commercial_202512_comm_MI,161642-1.parquet,2
uhs0_1247--udt16115,parquet_commercial_202512_comm_MI,161940-1.parquet,1
uhs0_1247--udt16115,parquet_commercial_202512_comm_MI,164079-1.parquet,1
uhs0_1247--udt16115,parquet_commercial_202512_comm_MI,165018-8.parquet,1
uhs0_1247--udt16115,parquet_commercial_202512_comm_MI,165209-8.parquet,1
uhs0_1247--udt16115,parquet_commercial_202512_comm_MI,167931-1.parquet,1
uhs0_1247--udt16115,parquet_commercial_202512_comm_MI,169293-1.parquet,2
uhs0_1247--udt16115,parquet_commercial_202512_comm_MI,169680-1.parquet,1
uhs0_1247--udt16115,parquet_residential_short_202512_res_MI,109870-1.parquet,4
uhs0_1247--udt16115,parquet_residential_short_202512_res_MI,111086-1.parquet,1
uhs0_1247--udt16115,parquet_residential_short_202512_res_MI,113255-1.parquet,3
uhs0_1247--udt16115,parquet_residential_short_202512_res_MI,116219-1.parquet,1
uhs0_1247--udt16115,parquet_residential_short_202512_res_MI,118404-1.parquet,18
uhs0_1247--udt16115,parquet_residential_short_202512_res_MI,14251-1.parquet,1
uhs0_1247--udt16115,parquet_residential_short_202512_res_MI,144380-1.parquet,1
uhs0_1247--udt16115,parquet_residential_short_202512_res_MI,163888-1.parquet,1
uhs0_1247--udt16115,parquet_residential_short_202512_res_MI,163929-1.parquet,4
uhs0_1247--udt16115,parquet_residential_short_202512_res_MI,178848-1.parquet,17
uhs0_1247--udt16115,parquet_residential_short_202512_res_MI,178924-1.parquet,3
uhs0_1247--udt16115,parquet_residential_short_202512_res_MI,179061-1.parquet,44
uhs0_1247--udt16115,parquet_residential_short_202512_res_MI,189827-1.parquet,2
uhs0_1247--udt16115,parquet_residential_short_202512_res_MI,193304-1.parquet,2
uhs0_1247--udt16115,parquet_residential_short_202512_res_MI,224704-1.parquet,2
uhs0_1247--udt16115,parquet_residential_short_202512_res_MI,229456-1.parquet,1
uhs0_1247--udt16115,parquet_residential_short_202512_res_MI,242004-1.parquet,1
uhs0_1247--udt16115,parquet_residential_short_202512_res_MI,255062-1.parquet,1
uhs0_1247--udt16115,parquet_residential_short_202512_res_MI,258760-1.parquet,1
uhs0_1247--udt16115,parquet_residential_short_202512_res_MI,263197-1.parquet,1
uhs0_1247--udt16115,parquet_residential_short_202512_res_MI,26343-1.parquet,1
uhs0_1247--udt16115,parquet_residential_short_202512_res_MI,275115-1.parquet,1
uhs0_1247--udt16115,parquet_residential_short_202512_res_MI,277511-1.parquet,1
uhs0_1247--udt16115,parquet_residential_short_202512_res_MI,277988-1.parquet,1
uhs0_1247--udt16115,parquet_residential_short_202512_res_MI,281826-1.parquet,1
uhs0_1247--udt16115,parquet_residential_short_202512_res_MI,282194-1.parquet,2
uhs0_1247--udt16115,parquet_residential_short_202512_res_MI,292202-1.parquet,1
uhs0_1247--udt16115,parquet_residential_short_202512_res_MI,305511-1.parquet,1
uhs0_1247--udt16115,parquet_residential_short_202512_res_MI,31043-1.parquet,2
uhs0_1247--udt16115,parquet_residential_short_202512_res_MI,317135-1.parquet,2
uhs0_1247--udt16115,parquet_residential_short_202512_res_MI,32711-1.parquet,1
uhs0_1247--udt16115,parquet_residential_short_202512_res_MI,329472-1.parquet,1
uhs0_1247--udt16115,parquet_residential_short_202512_res_MI,334073-1.parquet,14
uhs0_1247--udt16115,parquet_residential_short_202512_res_MI,335327-1.parquet,1
uhs0_1247--udt16115,parquet_residential_short_202512_res_MI,343494-1.parquet,1
uhs0_1247--udt16115,parquet_residential_short_202512_res_MI,346477-1.parquet,1
uhs0_1247--udt16115,parquet_residential_short_202512_res_MI,351510-1.parquet,1
uhs0_1247--udt16115,parquet_residential_short_202512_res_MI,354403-1.parquet,1
uhs0_1247--udt16115,parquet_residential_short_202512_res_MI,361783-1.parquet,6
uhs0_1247--udt16115,parquet_residential_short_202512_res_MI,365825-1.parquet,2
uhs0_1247--udt16115,parquet_residential_short_202512_res_MI,368438-1.parquet,1
uhs0_1247--udt16115,parquet_residential_short_202512_res_MI,370010-1.parquet,1
uhs0_1247--udt16115,parquet_residential_short_202512_res_MI,378338-1.parquet,7
uhs0_1247--udt16115,parquet_residential_short_202512_res_MI,381867-1.parquet,3
uhs0_1247--udt16115,parquet_residential_short_202512_res_MI,387495-1.parquet,3
uhs0_1247--udt16115,parquet_residential_short_202512_res_MI,392142-1.parquet,2
uhs0_1247--udt16115,parquet_residential_short_202512_res_MI,400912-1.parquet,9
uhs0_1247--udt16115,parquet_residential_short_202512_res_MI,411616-1.parquet,8
uhs0_1247--udt16115,parquet_residential_short_202512_res_MI,426204-1.parquet,2
uhs0_1247--udt16115,parquet_residential_short_202512_res_MI,428505-1.parquet,1
uhs0_1247--udt16115,parquet_residential_short_202512_res_MI,436629-1.parquet,2
uhs0_1247--udt16115,parquet_residential_short_202512_res_MI,437871-1.parquet,18
uhs0_1247--udt16115,parquet_residential_short_202512_res_MI,439442-1.parquet,3
uhs0_1247--udt16115,parquet_residential_short_202512_res_MI,444065-1.parquet,11
uhs0_1247--udt16115,parquet_residential_short_202512_res_MI,446161-1.parquet,1
uhs0_1247--udt16115,parquet_residential_short_202512_res_MI,449958-1.parquet,3
uhs0_1247--udt16115,parquet_residential_short_202512_res_MI,459832-1.parquet,3
uhs0_1247--udt16115,parquet_residential_short_202512_res_MI,463711-1.parquet,1
uhs0_1247--udt16115,parquet_residential_short_202512_res_MI,478155-1.parquet,4
uhs0_1247--udt16115,parquet_residential_short_202512_res_MI,48368-1.parquet,2
uhs0_1247--udt16115,parquet_residential_short_202512_res_MI,485286-1.parquet,3
uhs0_1247--udt16115,parquet_residential_short_202512_res_MI,491904-1.parquet,5
uhs0_1247--udt16115,parquet_residential_short_202512_res_MI,494108-1.parquet,4
uhs0_1247--udt16115,parquet_residential_short_202512_res_MI,498993-1.parquet,1
uhs0_1247--udt16115,parquet_residential_short_202512_res_MI,502032-1.parquet,1
uhs0_1247--udt16115,parquet_residential_short_202512_res_MI,508330-1.parquet,4
uhs0_1247--udt16115,parquet_residential_short_202512_res_MI,509345-1.parquet,1
uhs0_1247--udt16115,parquet_residential_short_202512_res_MI,513814-1.parquet,3
uhs0_1247--udt16115,parquet_residential_short_202512_res_MI,519249-1.parquet,1
uhs0_1247--udt16115,parquet_residential_short_202512_res_MI,520460-1.parquet,1
uhs0_1247--udt16115,parquet_residential_short_202512_res_MI,521610-1.parquet,1
uhs0_1247--udt16115,parquet_residential_short_202512_res_MI,526776-1.parquet,1
uhs0_1247--udt16115,parquet_residential_short_202512_res_MI,530245-1.parquet,1
uhs0_1247--udt16115,parquet_residential_short_202512_res_MI,533319-1.parquet,3
uhs0_1247--udt16115,parquet_residential_short_202512_res_MI,538350-1.parquet,7
uhs0_1247--udt16115,parquet_residential_short_202512_res_MI,549574-1.parquet,2
uhs0_1247--udt16115,parquet_residential_short_202512_res_MI,78734-1.parquet,2
uhs0_1247--udt16115,parquet_residential_short_202512_res_MI,7956-1.parquet,1
uhs0_1247--udt16115,parquet_residential_short_202512_res_MI,8111-1.parquet,2
uhs0_1247--udt16115,parquet_residential_short_202512_res_MI,90350-1.parquet,1
uhs0_1247--udt16115,parquet_residential_short_202512_res_MI,95747-1.parquet,1
uhs10_1247--udt11713,parquet_commercial_202512_comm_MI,157810-1.parquet,2
uhs10_1247--udt11713,parquet_commercial_202512_comm_MI,157823-1.parquet,10
uhs10_1247--udt11713,parquet_commercial_202512_comm_MI,157883-1.parquet,1
uhs10_1247--udt11713,parquet_commercial_202512_comm_MI,157939-1.parquet,1
uhs10_1247--udt11713,parquet_commercial_202512_comm_MI,157974-1.parquet,1
uhs10_1247--udt11713,parquet_commercial_202512_comm_MI,158456-1.parquet,22
uhs10_1247--udt11713,parquet_commercial_202512_comm_MI,158460-1.parquet,7
uhs10_1247--udt11713,parquet_commercial_202512_comm_MI,158634-1.parquet,3
uhs10_1247--udt11713,parquet_commercial_202512_comm_MI,158635-1.parquet,1
uhs10_1247--udt11713,parquet_commercial_202512_comm_MI,158712-1.parquet,1
uhs10_1247--udt11713,parquet_commercial_202512_comm_MI,158759-1.parquet,1
uhs10_1247--udt11713,parquet_commercial_202512_comm_MI,158954-1.parquet,1
uhs10_1247--udt11713,parquet_commercial_202512_comm_MI,159081-8.parquet,1
uhs10_1247--udt11713,parquet_commercial_202512_comm_MI,159450-1.parquet,1
uhs10_1247--udt11713,parquet_commercial_202512_comm_MI,159461-8.parquet,1
uhs10_1247--udt11713,parquet_commercial_202512_comm_MI,159476-1.parquet,1
uhs10_1247--udt11713,parquet_commercial_202512_comm_MI,159483-1.parquet,1
uhs10_1247--udt11713,parquet_commercial_202512_comm_MI,159485-1.parquet,6
uhs10_1247--udt11713,parquet_commercial_202512_comm_MI,159629-8.parquet,1
uhs10_1247--udt11713,parquet_commercial_202512_comm_MI,159686-1.parquet,1
uhs10_1247--udt11713,parquet_commercial_202512_comm_MI,159799-8.parquet,2
uhs10_1247--udt11713,parquet_commercial_202512_comm_MI,159841-1.parquet,3
uhs10_1247--udt11713,parquet_commercial_202512_comm_MI,160355-1.parquet,1
uhs10_1247--udt11713,parquet_commercial_202512_comm_MI,160467-1.parquet,3
uhs10_1247--udt11713,parquet_commercial_202512_comm_MI,160529-1.parquet,10
uhs10_1247--udt11713,parquet_commercial_202512_comm_MI,160562-1.parquet,1
uhs10_1247--udt11713,parquet_commercial_202512_comm_MI,160627-1.parquet,3
uhs10_1247--udt11713,parquet_commercial_202512_comm_MI,160673-1.parquet,1
uhs10_1247--udt11713,parquet_commercial_202512_comm_MI,160747-1.parquet,1
uhs10_1247--udt11713,parquet_commercial_202512_comm_MI,161054-1.parquet,1
uhs10_1247--udt11713,parquet_commercial_202512_comm_MI,161131-8.parquet,1
uhs10_1247--udt11713,parquet_commercial_202512_comm_MI,161134-1.parquet,5
uhs10_1247--udt11713,parquet_commercial_202512_comm_MI,161135-1.parquet,3
uhs10_1247--udt11713,parquet_commercial_202512_comm_MI,161325-1.parquet,4
uhs10_1247--udt11713,parquet_commercial_202512_comm_MI,161632-1.parquet,2
uhs10_1247--udt11713,parquet_commercial_202512_comm_MI,161746-1.parquet,2
uhs10_1247--udt11713,parquet_commercial_202512_comm_MI,161825-1.parquet,1
uhs10_1247--udt11713,parquet_commercial_202512_comm_MI,162175-8.parquet,2
uhs10_1247--udt11713,parquet_commercial_202512_comm_MI,162262-1.parquet,2
uhs10_1247--udt11713,parquet_commercial_202512_comm_MI,162590-8.parquet,3
uhs10_1247--udt11713,parquet_commercial_202512_comm_MI,162648-1.parquet,1
uhs10_1247--udt11713,parquet_commercial_202512_comm_MI,162993-1.parquet,1
uhs10_1247--udt11713,parquet_commercial_202512_comm_MI,163035-1.parquet,1
uhs10_1247--udt11713,parquet_commercial_202512_comm_MI,163268-1.parquet,1
uhs10_1247--udt11713,parquet_commercial_202512_comm_MI,163388-1.parquet,1
uhs10_1247--udt11713,parquet_commercial_202512_comm_MI,163398-1.parquet,2
uhs10_1247--udt11713,parquet_commercial_202512_comm_MI,163403-1.parquet,2
uhs10_1247--udt11713,parquet_commercial_202512_comm_MI,163416-1.parquet,1
uhs10_1247--udt11713,parquet_commercial_202512_comm_MI,163546-8.parquet,1
uhs10_1247--udt11713,parquet_commercial_202512_comm_MI,163559-1.parquet,2
uhs10_1247--udt11713,parquet_commercial_202512_comm_MI,163772-1.parquet,1
uhs10_1247--udt11713,parquet_commercial_202512_comm_MI,163839-1.parquet,1
uhs10_1247--udt11713,parquet_commercial_202512_comm_MI,163891-1.parquet,2
uhs10_1247--udt11713,parquet_commercial_202512_comm_MI,164079-1.parquet,1
uhs10_1247--udt11713,parquet_commercial_202512_comm_MI,164126-8.parquet,1
uhs10_1247--udt11713,parquet_commercial_202512_comm_MI,164341-1.parquet,1
uhs10_1247--udt11713,parquet_commercial_202512_comm_MI,164547-1.parquet,1
uhs10_1247--udt11713,parquet_commercial_202512_comm_MI,164606-1.parquet,2
uhs10_1247--udt11713,parquet_commercial_202512_comm_MI,164677-1.parquet,2
uhs10_1247--udt11713,parquet_commercial_202512_comm_MI,164743-1.parquet,1
uhs10_1247--udt11713,parquet_commercial_202512_comm_MI,164787-1.parquet,2
uhs10_1247--udt11713,parquet_commercial_202512_comm_MI,164928-8.parquet,6
uhs10_1247--udt11713,parquet_commercial_202512_comm_MI,165018-8.parquet,2
uhs10_1247--udt11713,parquet_commercial_202512_comm_MI,165158-1.parquet,1
uhs10_1247--udt11713,parquet_commercial_202512_comm_MI,165234-1.parquet,1
uhs10_1247--udt11713,parquet_commercial_202512_comm_MI,165260-1.parquet,2
uhs10_1247--udt11713,parquet_commercial_202512_comm_MI,165352-8.parquet,3
uhs10_1247--udt11713,parquet_commercial_202512_comm_MI,165376-1.parquet,2
uhs10_1247--udt11713,parquet_commercial_202512_comm_MI,165410-1.parquet,1
uhs10_1247--udt11713,parquet_commercial_202512_comm_MI,165460-1.parquet,1
uhs10_1247--udt11713,parquet_commercial_202512_comm_MI,165531-8.parquet,4
uhs10_1247--udt11713,parquet_commercial_202512_comm_MI,165564-1.parquet,2
uhs10_1247--udt11713,parquet_commercial_202512_comm_MI,165583-1.parquet,1
uhs10_1247--udt11713,parquet_commercial_202512_comm_MI,165747-1.parquet,3
uhs10_1247--udt11713,parquet_commercial_202512_comm_MI,165981-1.parquet,1
uhs10_1247--udt11713,parquet_commercial_202512_comm_MI,166041-1.parquet,2
uhs10_1247--udt11713,parquet_commercial_202512_comm_MI,166308-1.parquet,1
uhs10_1247--udt11713,parquet_commercial_202512_comm_MI,166339-1.parquet,2
uhs10_1247--udt11713,parquet_commercial_202512_comm_MI,166488-1.parquet,2
uhs10_1247--udt11713,parquet_commercial_202512_comm_MI,166672-1.parquet,1
uhs10_1247--udt11713,parquet_commercial_202512_comm_MI,166814-1.parquet,2
uhs10_1247--udt11713,parquet_commercial_202512_comm_MI,166998-1.parquet,1
uhs10_1247--udt11713,parquet_commercial_202512_comm_MI,167455-1.parquet,1
uhs10_1247--udt11713,parquet_commercial_202512_comm_MI,167767-1.parquet,2
uhs10_1247--udt11713,parquet_commercial_202512_comm_MI,167931-1.parquet,3
uhs10_1247--udt11713,parquet_commercial_202512_comm_MI,167937-1.parquet,1
uhs10_1247--udt11713,parquet_commercial_202512_comm_MI,168033-1.parquet,1
uhs10_1247--udt11713,parquet_commercial_202512_comm_MI,168053-1.parquet,1
uhs10_1247--udt11713,parquet_commercial_202512_comm_MI,168064-1.parquet,1
uhs10_1247--udt11713,parquet_commercial_202512_comm_MI,168277-8.parquet,1
uhs10_1247--udt11713,parquet_commercial_202512_comm_MI,168278-1.parquet,1
uhs10_1247--udt11713,parquet_commercial_202512_comm_MI,168345-1.parquet,1
uhs10_1247--udt11713,parquet_commercial_202512_comm_MI,168388-1.parquet,3
uhs10_1247--udt11713,parquet_commercial_202512_comm_MI,168740-1.parquet,1
uhs10_1247--udt11713,parquet_commercial_202512_comm_MI,168755-1.parquet,1
uhs10_1247--udt11713,parquet_commercial_202512_comm_MI,168846-1.parquet,1
uhs10_1247--udt11713,parquet_commercial_202512_comm_MI,168901-1.parquet,2
uhs10_1247--udt11713,parquet_commercial_202512_comm_MI,169006-1.parquet,2
uhs10_1247--udt11713,parquet_commercial_202512_comm_MI,169009-1.parquet,1
uhs10_1247--udt11713,parquet_commercial_202512_comm_MI,169159-1.parquet,2
uhs10_1247--udt11713,parquet_commercial_202512_comm_MI,169316-1.parquet,1
uhs10_1247--udt11713,parquet_commercial_202512_comm_MI,169333-1.parquet,1
uhs10_1247--udt11713,parquet_commercial_202512_comm_MI,169412-1.parquet,1
uhs10_1247--udt11713,parquet_commercial_202512_comm_MI,169446-1.parquet,1
uhs10_1247--udt11713,parquet_commercial_202512_comm_MI,169593-1.parquet,2
uhs10_1247--udt11713,parquet_commercial_202512_comm_MI,169655-1.parquet,2
uhs10_1247--udt11713,parquet_commercial_202512_comm_MI,169660-8.parquet,1
uhs10_1247--udt11713,parquet_commercial_202512_comm_MI,169680-1.parquet,1
uhs10_1247--udt11713,parquet_commercial_202512_comm_MI,169773-1.parquet,1
uhs10_1247--udt11713,parquet_commercial_202512_comm_MI,169936-1.parquet,1
uhs10_1247--udt11713,parquet_residential_short_202512_res_MI,10381-1.parquet,2
uhs10_1247--udt11713,parquet_residential_short_202512_res_MI,109870-1.parquet,2
uhs10_1247--udt11713,parquet_residential_short_202512_res_MI,113255-1.parquet,5
uhs10_1247--udt11713,parquet_residential_short_202512_res_MI,113495-1.parquet,2
uhs10_1247--udt11713,parquet_residential_short_202512_res_MI,116219-1.parquet,4
uhs10_1247--udt11713,parquet_residential_short_202512_res_MI,118404-1.parquet,59
uhs10_1247--udt11713,parquet_residential_short_202512_res_MI,129893-1.parquet,1
uhs10_1247--udt11713,parquet_residential_short_202512_res_MI,135030-1.parquet,1
uhs10_1247--udt11713,parquet_residential_short_202512_res_MI,140480-1.parquet,1
uhs10_1247--udt11713,parquet_residential_short_202512_res_MI,14251-1.parquet,3
uhs10_1247--udt11713,parquet_residential_short_202512_res_MI,144380-1.parquet,3
uhs10_1247--udt11713,parquet_residential_short_202512_res_MI,144803-1.parquet,1
uhs10_1247--udt11713,parquet_residential_short_202512_res_MI,145077-1.parquet,1
uhs10_1247--udt11713,parquet_residential_short_202512_res_MI,145104-1.parquet,2
uhs10_1247--udt11713,parquet_residential_short_202512_res_MI,15283-1.parquet,5
uhs10_1247--udt11713,parquet_residential_short_202512_res_MI,158553-1.parquet,6
uhs10_1247--udt11713,parquet_residential_short_202512_res_MI,163888-1.parquet,3
uhs10_1247--udt11713,parquet_residential_short_202512_res_MI,163929-1.parquet,8
uhs10_1247--udt11713,parquet_residential_short_202512_res_MI,178848-1.parquet,41
uhs10_1247--udt11713,parquet_residential_short_202512_res_MI,178924-1.parquet,8
uhs10_1247--udt11713,parquet_residential_short_202512_res_MI,179061-1.parquet,152
uhs10_1247--udt11713,parquet_residential_short_202512_res_MI,179402-1.parquet,2
uhs10_1247--udt11713,parquet_residential_short_202512_res_MI,179991-1.parquet,1
uhs10_1247--udt11713,parquet_residential_short_202512_res_MI,193304-1.parquet,2
uhs10_1247--udt11713,parquet_residential_short_202512_res_MI,195848-1.parquet,3
uhs10_1247--udt11713,parquet_residential_short_202512_res_MI,20070-1.parquet,2
uhs10_1247--udt11713,parquet_residential_short_202512_res_MI,202225-1.parquet,2
uhs10_1247--udt11713,parquet_residential_short_202512_res_MI,211600-1.parquet,1
uhs10_1247--udt11713,parquet_residential_short_202512_res_MI,211618-1.parquet,1
uhs10_1247--udt11713,parquet_residential_short_202512_res_MI,213050-1.parquet,6
uhs10_1247--udt11713,parquet_residential_short_202512_res_MI,218749-1.parquet,1
uhs10_1247--udt11713,parquet_residential_short_202512_res_MI,219061-1.parquet,5
uhs10_1247--udt11713,parquet_residential_short_202512_res_MI,229456-1.parquet,2
uhs10_1247--udt11713,parquet_residential_short_202512_res_MI,242004-1.parquet,3
uhs10_1247--udt11713,parquet_residential_short_202512_res_MI,255062-1.parquet,3
uhs10_1247--udt11713,parquet_residential_short_202512_res_MI,256339-1.parquet,1
uhs10_1247--udt11713,parquet_residential_short_202512_res_MI,258760-1.parquet,5
uhs10_1247--udt11713,parquet_residential_short_202512_res_MI,26343-1.parquet,9
uhs10_1247--udt11713,parquet_residential_short_202512_res_MI,275115-1.parquet,17
uhs10_1247--udt11713,parquet_residential_short_202512_res_MI,275600-1.parquet,1
uhs10_1247--udt11713,parquet_residential_short_202512_res_MI,278143-1.parquet,1
uhs10_1247--udt11713,parquet_residential_short_202512_res_MI,280750-1.parquet,2
uhs10_1247--udt11713,parquet_residential_short_202512_res_MI,282194-1.parquet,2
uhs10_1247--udt11713,parquet_residential_short_202512_res_MI,285678-1.parquet,1
uhs10_1247--udt11713,parquet_residential_short_202512_res_MI,285946-1.parquet,1
uhs10_1247--udt11713,parquet_residential_short_202512_res_MI,29488-1.parquet,1
uhs10_1247--udt11713,parquet_residential_short_202512_res_MI,300299-1.parquet,1
uhs10_1247--udt11713,parquet_residential_short_202512_res_MI,305049-1.parquet,1
uhs10_1247--udt11713,parquet_residential_short_202512_res_MI,307579-1.parquet,1
uhs10_1247--udt11713,parquet_residential_short_202512_res_MI,308094-1.parquet,1
uhs10_1247--udt11713,parquet_residential_short_202512_res_MI,31043-1.parquet,1
uhs10_1247--udt11713,parquet_residential_short_202512_res_MI,316670-1.parquet,1
uhs10_1247--udt11713,parquet_residential_short_202512_res_MI,317135-1.parquet,1
uhs10_1247--udt11713,parquet_residential_short_202512_res_MI,317368-1.parquet,2
uhs10_1247--udt11713,parquet_residential_short_202512_res_MI,329472-1.parquet,4
uhs10_1247--udt11713,parquet_residential_short_202512_res_MI,334073-1.parquet,41
uhs10_1247--udt11713,parquet_residential_short_202512_res_MI,335327-1.parquet,1
uhs10_1247--udt11713,parquet_residential_short_202512_res_MI,340841-1.parquet,1
uhs10_1247--udt11713,parquet_residential_short_202512_res_MI,345199-1.parquet,2
uhs10_1247--udt11713,parquet_residential_short_202512_res_MI,361783-1.parquet,24
uhs10_1247--udt11713,parquet_residential_short_202512_res_MI,363455-1.parquet,1
uhs10_1247--udt11713,parquet_residential_short_202512_res_MI,365825-1.parquet,1
uhs10_1247--udt11713,parquet_residential_short_202512_res_MI,368438-1.parquet,1
uhs10_1247--udt11713,parquet_residential_short_202512_res_MI,370010-1.parquet,1
uhs10_1247--udt11713,parquet_residential_short_202512_res_MI,378338-1.parquet,31
uhs10_1247--udt11713,parquet_residential_short_202512_res_MI,380296-1.parquet,7
uhs10_1247--udt11713,parquet_residential_short_202512_res_MI,381828-1.parquet,4
uhs10_1247--udt11713,parquet_residential_short_202512_res_MI,392142-1.parquet,14
uhs10_1247--udt11713,parquet_residential_short_202512_res_MI,39539-1.parquet,1
uhs10_1247--udt11713,parquet_residential_short_202512_res_MI,395863-1.parquet,4
uhs10_1247--udt11713,parquet_residential_short_202512_res_MI,396717-1.parquet,1
uhs10_1247--udt11713,parquet_residential_short_202512_res_MI,400912-1.parquet,12
uhs10_1247--udt11713,parquet_residential_short_202512_res_MI,409398-1.parquet,2
uhs10_1247--udt11713,parquet_residential_short_202512_res_MI,411616-1.parquet,15
uhs10_1247--udt11713,parquet_residential_short_202512_res_MI,412179-1.parquet,1
uhs10_1247--udt11713,parquet_residential_short_202512_res_MI,418555-1.parquet,1
uhs10_1247--udt11713,parquet_residential_short_202512_res_MI,426204-1.parquet,6
uhs10_1247--udt11713,parquet_residential_short_202512_res_MI,430122-1.parquet,1
uhs10_1247--udt11713,parquet_residential_short_202512_res_MI,432811-1.parquet,1
uhs10_1247--udt11713,parquet_residential_short_202512_res_MI,433741-1.parquet,4
uhs10_1247--udt11713,parquet_residential_short_202512_res_MI,436629-1.parquet,7
uhs10_1247--udt11713,parquet_residential_short_202512_res_MI,437871-1.parquet,38
uhs10_1247--udt11713,parquet_residential_short_202512_res_MI,441370-1.parquet,3
uhs10_1247--udt11713,parquet_residential_short_202512_res_MI,444065-1.parquet,12
uhs10_1247--udt11713,parquet_residential_short_202512_res_MI,446161-1.parquet,1
uhs10_1247--udt11713,parquet_residential_short_202512_res_MI,449958-1.parquet,4
uhs10_1247--udt11713,parquet_residential_short_202512_res_MI,457273-1.parquet,2
uhs10_1247--udt11713,parquet_residential_short_202512_res_MI,457563-1.parquet,1
uhs10_1247--udt11713,parquet_residential_short_202512_res_MI,458168-1.parquet,2
uhs10_1247--udt11713,parquet_residential_short_202512_res_MI,459710-1.parquet,2
uhs10_1247--udt11713,parquet_residential_short_202512_res_MI,465000-1.parquet,1
uhs10_1247--udt11713,parquet_residential_short_202512_res_MI,472423-1.parquet,1
uhs10_1247--udt11713,parquet_residential_short_202512_res_MI,473383-1.parquet,5
uhs10_1247--udt11713,parquet_residential_short_202512_res_MI,474345-1.parquet,5
uhs10_1247--udt11713,parquet_residential_short_202512_res_MI,48368-1.parquet,3
uhs10_1247--udt11713,parquet_residential_short_202512_res_MI,485286-1.parquet,6
uhs10_1247--udt11713,parquet_residential_short_202512_res_MI,485537-1.parquet,5
uhs10_1247--udt11713,parquet_residential_short_202512_res_MI,48737-1.parquet,1
uhs10_1247--udt11713,parquet_residential_short_202512_res_MI,491904-1.parquet,27
uhs10_1247--udt11713,parquet_residential_short_202512_res_MI,494108-1.parquet,8
uhs10_1247--udt11713,parquet_residential_short_202512_res_MI,498993-1.parquet,4
uhs10_1247--udt11713,parquet_residential_short_202512_res_MI,502032-1.parquet,7
uhs10_1247--udt11713,parquet_residential_short_202512_res_MI,505391-1.parquet,8
uhs10_1247--udt11713,parquet_residential_short_202512_res_MI,505432-1.parquet,1
uhs10_1247--udt11713,parquet_residential_short_202512_res_MI,508330-1.parquet,13
uhs10_1247--udt11713,parquet_residential_short_202512_res_MI,513814-1.parquet,8
uhs10_1247--udt11713,parquet_residential_short_202512_res_MI,515788-1.parquet,1
uhs10_1247--udt11713,parquet_residential_short_202512_res_MI,519249-1.parquet,2
uhs10_1247--udt11713,parquet_residential_short_202512_res_MI,520460-1.parquet,2
uhs10_1247--udt11713,parquet_residential_short_202512_res_MI,521610-1.parquet,5
uhs10_1247--udt11713,parquet_residential_short_202512_res_MI,525496-1.parquet,2
uhs10_1247--udt11713,parquet_residential_short_202512_res_MI,530245-1.parquet,2
uhs10_1247--udt11713,parquet_residential_short_202512_res_MI,533319-1.parquet,1
uhs10_1247--udt11713,parquet_residential_short_202512_res_MI,53721-1.parquet,1
uhs10_1247--udt11713,parquet_residential_short_202512_res_MI,538350-1.parquet,17
uhs10_1247--udt11713,parquet_residential_short_202512_res_MI,540993-1.parquet,1
uhs10_1247--udt11713,parquet_residential_short_202512_res_MI,544131-1.parquet,1
uhs10_1247--udt11713,parquet_residential_short_202512_res_MI,546177-1.parquet,1
uhs10_1247--udt11713,parquet_residential_short_202512_res_MI,549574-1.parquet,3
uhs10_1247--udt11713,parquet_residential_short_202512_res_MI,55789-1.parquet,1
uhs10_1247--udt11713,parquet_residential_short_202512_res_MI,74525-1.parquet,1
uhs10_1247--udt11713,parquet_residential_short_202512_res_MI,7956-1.parquet,1
uhs10_1247--udt11713,parquet_residential_short_202512_res_MI,8111-1.parquet,4
uhs10_1247--udt11713,parquet_residential_short_202512_res_MI,83885-1.parquet,1
uhs10_1247--udt11713,parquet_residential_short_202512_res_MI,90350-1.parquet,3
uhs10_1247--udt11713,parquet_residential_short_202512_res_MI,95747-1.parquet,3
uhs10_1247--udt12084,parquet_commercial_202512_comm_MI,157661-1.parquet,1
uhs10_1247--udt12084,parquet_commercial_202512_comm_MI,158365-1.parquet,1
uhs10_1247--udt12084,parquet_commercial_202512_comm_MI,158374-1.parquet,1
uhs10_1247--udt12084,parquet_commercial_202512_comm_MI,158448-1.parquet,1
uhs10_1247--udt12084,parquet_commercial_202512_comm_MI,158456-1.parquet,7
uhs10_1247--udt12084,parquet_commercial_202512_comm_MI,158460-1.parquet,5
uhs10_1247--udt12084,parquet_commercial_202512_comm_MI,158634-1.parquet,4
uhs10_1247--udt12084,parquet_commercial_202512_comm_MI,158792-8.parquet,1
uhs10_1247--udt12084,parquet_commercial_202512_comm_MI,159075-1.parquet,1
uhs10_1247--udt12084,parquet_commercial_202512_comm_MI,159099-1.parquet,1
uhs10_1247--udt12084,parquet_commercial_202512_comm_MI,159397-1.parquet,1
uhs10_1247--udt12084,parquet_commercial_202512_comm_MI,159409-1.parquet,1
uhs10_1247--udt12084,parquet_commercial_202512_comm_MI,159485-1.parquet,1
uhs10_1247--udt12084,parquet_commercial_202512_comm_MI,159533-1.parquet,1
uhs10_1247--udt12084,parquet_commercial_202512_comm_MI,159841-1.parquet,1
uhs10_1247--udt12084,parquet_commercial_202512_comm_MI,160008-1.parquet,1
uhs10_1247--udt12084,parquet_commercial_202512_comm_MI,160365-1.parquet,3
uhs10_1247--udt12084,parquet_commercial_202512_comm_MI,160529-1.parquet,1
uhs10_1247--udt12084,parquet_commercial_202512_comm_MI,160562-1.parquet,1
uhs10_1247--udt12084,parquet_commercial_202512_comm_MI,161134-1.parquet,1
uhs10_1247--udt12084,parquet_commercial_202512_comm_MI,161365-1.parquet,1
uhs10_1247--udt12084,parquet_commercial_202512_comm_MI,161724-1.parquet,1
uhs10_1247--udt12084,parquet_commercial_202512_comm_MI,161726-1.parquet,1
uhs10_1247--udt12084,parquet_commercial_202512_comm_MI,161940-1.parquet,1
uhs10_1247--udt12084,parquet_commercial_202512_comm_MI,162093-1.parquet,1
uhs10_1247--udt12084,parquet_commercial_202512_comm_MI,162206-1.parquet,1
uhs10_1247--udt12084,parquet_commercial_202512_comm_MI,162281-8.parquet,2
uhs10_1247--udt12084,parquet_commercial_202512_comm_MI,162528-8.parquet,1
uhs10_1247--udt12084,parquet_commercial_202512_comm_MI,162590-8.parquet,3
uhs10_1247--udt12084,parquet_commercial_202512_comm_MI,163035-1.parquet,1
uhs10_1247--udt12084,parquet_commercial_202512_comm_MI,163268-1.parquet,1
uhs10_1247--udt12084,parquet_commercial_202512_comm_MI,163677-1.parquet,1
uhs10_1247--udt12084,parquet_commercial_202512_comm_MI,163891-1.parquet,1
uhs10_1247--udt12084,parquet_commercial_202512_comm_MI,164547-1.parquet,1
uhs10_1247--udt12084,parquet_commercial_202512_comm_MI,164677-1.parquet,1
uhs10_1247--udt12084,parquet_commercial_202512_comm_MI,165260-1.parquet,1
uhs10_1247--udt12084,parquet_commercial_202512_comm_MI,165531-8.parquet,1
uhs10_1247--udt12084,parquet_commercial_202512_comm_MI,165810-1.parquet,1
uhs10_1247--udt12084,parquet_commercial_202512_comm_MI,166308-1.parquet,2
uhs10_1247--udt12084,parquet_commercial_202512_comm_MI,166339-1.parquet,1
uhs10_1247--udt12084,parquet_commercial_202512_comm_MI,166553-8.parquet,1
uhs10_1247--udt12084,parquet_commercial_202512_comm_MI,166672-1.parquet,1
uhs10_1247--udt12084,parquet_commercial_202512_comm_MI,166814-1.parquet,2
uhs10_1247--udt12084,parquet_commercial_202512_comm_MI,166998-1.parquet,1
uhs10_1247--udt12084,parquet_commercial_202512_comm_MI,167767-1.parquet,1
uhs10_1247--udt12084,parquet_commercial_202512_comm_MI,167919-1.parquet,1
uhs10_1247--udt12084,parquet_commercial_202512_comm_MI,167931-1.parquet,4
uhs10_1247--udt12084,parquet_commercial_202512_comm_MI,168682-1.parquet,1
uhs10_1247--udt12084,parquet_commercial_202512_comm_MI,168885-1.parquet,1
uhs10_1247--udt12084,parquet_commercial_202512_comm_MI,168901-1.parquet,1
uhs10_1247--udt12084,parquet_commercial_202512_comm_MI,169002-1.parquet,1
uhs10_1247--udt12084,parquet_commercial_202512_comm_MI,169085-1.parquet,2
uhs10_1247--udt12084,parquet_commercial_202512_comm_MI,169159-1.parquet,1
uhs10_1247--udt12084,parquet_commercial_202512_comm_MI,169293-1.parquet,1
uhs10_1247--udt12084,parquet_commercial_202512_comm_MI,169446-1.parquet,1
uhs10_1247--udt12084,parquet_commercial_202512_comm_MI,169474-1.parquet,1
uhs10_1247--udt12084,parquet_commercial_202512_comm_MI,169748-1.parquet,1
uhs10_1247--udt12084,parquet_commercial_202512_comm_MI,169936-1.parquet,1
uhs10_1247--udt12084,parquet_residential_short_202512_res_MI,10381-1.parquet,3
uhs10_1247--udt12084,parquet_residential_short_202512_res_MI,11278-1.parquet,1
uhs10_1247--udt12084,parquet_residential_short_202512_res_MI,113255-1.parquet,9
uhs10_1247--udt12084,parquet_residential_short_202512_res_MI,11596-1.parquet,2
uhs10_1247--udt12084,parquet_residential_short_202512_res_MI,116219-1.parquet,2
uhs10_1247--udt12084,parquet_residential_short_202512_res_MI,116626-1.parquet,1
uhs10_1247--udt12084,parquet_residential_short_202512_res_MI,118404-1.parquet,50
uhs10_1247--udt12084,parquet_residential_short_202512_res_MI,121458-1.parquet,2
uhs10_1247--udt12084,parquet_residential_short_202512_res_MI,129325-1.parquet,1
uhs10_1247--udt12084,parquet_residential_short_202512_res_MI,129893-1.parquet,5
uhs10_1247--udt12084,parquet_residential_short_202512_res_MI,134138-1.parquet,3
uhs10_1247--udt12084,parquet_residential_short_202512_res_MI,14251-1.parquet,1
uhs10_1247--udt12084,parquet_residential_short_202512_res_MI,144380-1.parquet,8
uhs10_1247--udt12084,parquet_residential_short_202512_res_MI,145104-1.parquet,4
uhs10_1247--udt12084,parquet_residential_short_202512_res_MI,15283-1.parquet,12
uhs10_1247--udt12084,parquet_residential_short_202512_res_MI,158553-1.parquet,2
uhs10_1247--udt12084,parquet_residential_short_202512_res_MI,163888-1.parquet,3
uhs10_1247--udt12084,parquet_residential_short_202512_res_MI,163929-1.parquet,10
uhs10_1247--udt12084,parquet_residential_short_202512_res_MI,178848-1.parquet,81
uhs10_1247--udt12084,parquet_residential_short_202512_res_MI,178924-1.parquet,17
uhs10_1247--udt12084,parquet_residential_short_202512_res_MI,179061-1.parquet,217
uhs10_1247--udt12084,parquet_residential_short_202512_res_MI,179402-1.parquet,3
uhs10_1247--udt12084,parquet_residential_short_202512_res_MI,179991-1.parquet,1
uhs10_1247--udt12084,parquet_residential_short_202512_res_MI,181568-1.parquet,1
uhs10_1247--udt12084,parquet_residential_short_202512_res_MI,189827-1.parquet,3
uhs10_1247--udt12084,parquet_residential_short_202512_res_MI,193304-1.parquet,2
uhs10_1247--udt12084,parquet_residential_short_202512_res_MI,195848-1.parquet,4
uhs10_1247--udt12084,parquet_residential_short_202512_res_MI,20070-1.parquet,2
uhs10_1247--udt12084,parquet_residential_short_202512_res_MI,202225-1.parquet,2
uhs10_1247--udt12084,parquet_residential_short_202512_res_MI,206690-1.parquet,2
uhs10_1247--udt12084,parquet_residential_short_202512_res_MI,211600-1.parquet,1
uhs10_1247--udt12084,parquet_residential_short_202512_res_MI,211618-1.parquet,3
uhs10_1247--udt12084,parquet_residential_short_202512_res_MI,213050-1.parquet,2
uhs10_1247--udt12084,parquet_residential_short_202512_res_MI,219061-1.parquet,8
uhs10_1247--udt12084,parquet_residential_short_202512_res_MI,224704-1.parquet,1
uhs10_1247--udt12084,parquet_residential_short_202512_res_MI,229456-1.parquet,5
uhs10_1247--udt12084,parquet_residential_short_202512_res_MI,242004-1.parquet,2
uhs10_1247--udt12084,parquet_residential_short_202512_res_MI,255062-1.parquet,4
uhs10_1247--udt12084,parquet_residential_short_202512_res_MI,256339-1.parquet,2
uhs10_1247--udt12084,parquet_residential_short_202512_res_MI,258760-1.parquet,1
uhs10_1247--udt12084,parquet_residential_short_202512_res_MI,26004-1.parquet,1
uhs10_1247--udt12084,parquet_residential_short_202512_res_MI,263197-1.parquet,1
uhs10_1247--udt12084,parquet_residential_short_202512_res_MI,26343-1.parquet,16
uhs10_1247--udt12084,parquet_residential_short_202512_res_MI,275115-1.parquet,10
uhs10_1247--udt12084,parquet_residential_short_202512_res_MI,275600-1.parquet,2
uhs10_1247--udt12084,parquet_residential_short_202512_res_MI,277511-1.parquet,1
uhs10_1247--udt12084,parquet_residential_short_202512_res_MI,278143-1.parquet,1
uhs10_1247--udt12084,parquet_residential_short_202512_res_MI,281826-1.parquet,3
uhs10_1247--udt12084,parquet_residential_short_202512_res_MI,282194-1.parquet,2
uhs10_1247--udt12084,parquet_residential_short_202512_res_MI,292113-1.parquet,4
uhs10_1247--udt12084,parquet_residential_short_202512_res_MI,29488-1.parquet,1
uhs10_1247--udt12084,parquet_residential_short_202512_res_MI,305049-1.parquet,1
uhs10_1247--udt12084,parquet_residential_short_202512_res_MI,31043-1.parquet,3
uhs10_1247--udt12084,parquet_residential_short_202512_res_MI,31214-1.parquet,2
uhs10_1247--udt12084,parquet_residential_short_202512_res_MI,316670-1.parquet,2
uhs10_1247--udt12084,parquet_residential_short_202512_res_MI,317135-1.parquet,4
uhs10_1247--udt12084,parquet_residential_short_202512_res_MI,317368-1.parquet,1
uhs10_1247--udt12084,parquet_residential_short_202512_res_MI,320231-1.parquet,4
uhs10_1247--udt12084,parquet_residential_short_202512_res_MI,329472-1.parquet,9
uhs10_1247--udt12084,parquet_residential_short_202512_res_MI,331207-1.parquet,3
uhs10_1247--udt12084,parquet_residential_short_202512_res_MI,334073-1.parquet,101
uhs10_1247--udt12084,parquet_residential_short_202512_res_MI,335327-1.parquet,1
uhs10_1247--udt12084,parquet_residential_short_202512_res_MI,344633-1.parquet,5
uhs10_1247--udt12084,parquet_residential_short_202512_res_MI,345199-1.parquet,1
uhs10_1247--udt12084,parquet_residential_short_202512_res_MI,346606-1.parquet,1
uhs10_1247--udt12084,parquet_residential_short_202512_res_MI,350694-1.parquet,2
uhs10_1247--udt12084,parquet_residential_short_202512_res_MI,353453-1.parquet,1
uhs10_1247--udt12084,parquet_residential_short_202512_res_MI,354403-1.parquet,3
uhs10_1247--udt12084,parquet_residential_short_202512_res_MI,356343-1.parquet,1
uhs10_1247--udt12084,parquet_residential_short_202512_res_MI,361783-1.parquet,38
uhs10_1247--udt12084,parquet_residential_short_202512_res_MI,365825-1.parquet,3
uhs10_1247--udt12084,parquet_residential_short_202512_res_MI,368387-1.parquet,3
uhs10_1247--udt12084,parquet_residential_short_202512_res_MI,368438-1.parquet,1
uhs10_1247--udt12084,parquet_residential_short_202512_res_MI,370010-1.parquet,5
uhs10_1247--udt12084,parquet_residential_short_202512_res_MI,378338-1.parquet,27
uhs10_1247--udt12084,parquet_residential_short_202512_res_MI,381828-1.parquet,3
uhs10_1247--udt12084,parquet_residential_short_202512_res_MI,381867-1.parquet,2
uhs10_1247--udt12084,parquet_residential_short_202512_res_MI,383089-1.parquet,1
uhs10_1247--udt12084,parquet_residential_short_202512_res_MI,384283-1.parquet,1
uhs10_1247--udt12084,parquet_residential_short_202512_res_MI,387495-1.parquet,8
uhs10_1247--udt12084,parquet_residential_short_202512_res_MI,392142-1.parquet,19
uhs10_1247--udt12084,parquet_residential_short_202512_res_MI,39539-1.parquet,3
uhs10_1247--udt12084,parquet_residential_short_202512_res_MI,395863-1.parquet,5
uhs10_1247--udt12084,parquet_residential_short_202512_res_MI,400912-1.parquet,25
uhs10_1247--udt12084,parquet_residential_short_202512_res_MI,405426-1.parquet,1
uhs10_1247--udt12084,parquet_residential_short_202512_res_MI,409398-1.parquet,1
uhs10_1247--udt12084,parquet_residential_short_202512_res_MI,411616-1.parquet,23
uhs10_1247--udt12084,parquet_residential_short_202512_res_MI,418555-1.parquet,3
uhs10_1247--udt12084,parquet_residential_short_202512_res_MI,426204-1.parquet,4
uhs10_1247--udt12084,parquet_residential_short_202512_res_MI,430122-1.parquet,1
uhs10_1247--udt12084,parquet_residential_short_202512_res_MI,432811-1.parquet,1
uhs10_1247--udt12084,parquet_residential_short_202512_res_MI,433741-1.parquet,4
uhs10_1247--udt12084,parquet_residential_short_202512_res_MI,436629-1.parquet,7
uhs10_1247--udt12084,parquet_residential_short_202512_res_MI,437871-1.parquet,27
uhs10_1247--udt12084,parquet_residential_short_202512_res_MI,439442-1.parquet,3
uhs10_1247--udt12084,parquet_residential_short_202512_res_MI,440127-1.parquet,1
uhs10_1247--udt12084,parquet_residential_short_202512_res_MI,441370-1.parquet,1
uhs10_1247--udt12084,parquet_residential_short_202512_res_MI,444065-1.parquet,8
uhs10_1247--udt12084,parquet_residential_short_202512_res_MI,446161-1.parquet,1
uhs10_1247--udt12084,parquet_residential_short_202512_res_MI,449958-1.parquet,15
uhs10_1247--udt12084,parquet_residential_short_202512_res_MI,450644-1.parquet,3
uhs10_1247--udt12084,parquet_residential_short_202512_res_MI,45070-1.parquet,1
uhs10_1247--udt12084,parquet_residential_short_202512_res_MI,453782-1.parquet,2
uhs10_1247--udt12084,parquet_residential_short_202512_res_MI,455633-1.parquet,1
uhs10_1247--udt12084,parquet_residential_short_202512_res_MI,455768-1.parquet,1
uhs10_1247--udt12084,parquet_residential_short_202512_res_MI,457273-1.parquet,4
uhs10_1247--udt12084,parquet_residential_short_202512_res_MI,457712-1.parquet,1
uhs10_1247--udt12084,parquet_residential_short_202512_res_MI,459710-1.parquet,7
uhs10_1247--udt12084,parquet_residential_short_202512_res_MI,462288-1.parquet,1
uhs10_1247--udt12084,parquet_residential_short_202512_res_MI,463711-1.parquet,4
uhs10_1247--udt12084,parquet_residential_short_202512_res_MI,464078-1.parquet,1
uhs10_1247--udt12084,parquet_residential_short_202512_res_MI,465693-1.parquet,9
uhs10_1247--udt12084,parquet_residential_short_202512_res_MI,473383-1.parquet,7
uhs10_1247--udt12084,parquet_residential_short_202512_res_MI,474345-1.parquet,9
uhs10_1247--udt12084,parquet_residential_short_202512_res_MI,478155-1.parquet,1
uhs10_1247--udt12084,parquet_residential_short_202512_res_MI,48368-1.parquet,6
uhs10_1247--udt12084,parquet_residential_short_202512_res_MI,485286-1.parquet,4
uhs10_1247--udt12084,parquet_residential_short_202512_res_MI,485537-1.parquet,5
uhs10_1247--udt12084,parquet_residential_short_202512_res_MI,491904-1.parquet,13
uhs10_1247--udt12084,parquet_residential_short_202512_res_MI,494108-1.parquet,15
uhs10_1247--udt12084,parquet_residential_short_202512_res_MI,498779-1.parquet,1
uhs10_1247--udt12084,parquet_residential_short_202512_res_MI,498993-1.parquet,5
uhs10_1247--udt12084,parquet_residential_short_202512_res_MI,502032-1.parquet,14
uhs10_1247--udt12084,parquet_residential_short_202512_res_MI,505391-1.parquet,7
uhs10_1247--udt12084,parquet_residential_short_202512_res_MI,505432-1.parquet,1
uhs10_1247--udt12084,parquet_residential_short_202512_res_MI,508330-1.parquet,12
uhs10_1247--udt12084,parquet_residential_short_202512_res_MI,509345-1.parquet,1
uhs10_1247--udt12084,parquet_residential_short_202512_res_MI,513814-1.parquet,19
uhs10_1247--udt12084,parquet_residential_short_202512_res_MI,519249-1.parquet,1
uhs10_1247--udt12084,parquet_residential_short_202512_res_MI,520323-1.parquet,1
uhs10_1247--udt12084,parquet_residential_short_202512_res_MI,520460-1.parquet,1
uhs10_1247--udt12084,parquet_residential_short_202512_res_MI,521610-1.parquet,6
uhs10_1247--udt12084,parquet_residential_short_202512_res_MI,525496-1.parquet,3
uhs10_1247--udt12084,parquet_residential_short_202512_res_MI,526776-1.parquet,2
uhs10_1247--udt12084,parquet_residential_short_202512_res_MI,530245-1.parquet,1
uhs10_1247--udt12084,parquet_residential_short_202512_res_MI,530429-1.parquet,1
uhs10_1247--udt12084,parquet_residential_short_202512_res_MI,533319-1.parquet,7
uhs10_1247--udt12084,parquet_residential_short_202512_res_MI,53721-1.parquet,4
uhs10_1247--udt12084,parquet_residential_short_202512_res_MI,538350-1.parquet,15
uhs10_1247--udt12084,parquet_residential_short_202512_res_MI,549574-1.parquet,4
uhs10_1247--udt12084,parquet_residential_short_202512_res_MI,68724-1.parquet,1
uhs10_1247--udt12084,parquet_residential_short_202512_res_MI,71172-1.parquet,1
uhs10_1247--udt12084,parquet_residential_short_202512_res_MI,73789-1.parquet,1
uhs10_1247--udt12084,parquet_residential_short_202512_res_MI,78734-1.parquet,1
uhs10_1247--udt12084,parquet_residential_short_202512_res_MI,8111-1.parquet,6
uhs10_1247--udt12084,parquet_residential_short_202512_res_MI,82218-1.parquet,1
uhs10_1247--udt12084,parquet_residential_short_202512_res_MI,83885-1.parquet,1
uhs10_1247--udt12084,parquet_residential_short_202512_res_MI,90350-1.parquet,8
uhs10_1247--udt12084,parquet_residential_short_202512_res_MI,92876-1.parquet,5
uhs10_1247--udt12084,parquet_residential_short_202512_res_MI,95747-1.parquet,2
uhs10_1247--udt12084,parquet_residential_short_202512_res_MI,97944-1.parquet,1
uhs10_1247--udt13528,parquet_commercial_202512_comm_MI,157701-1.parquet,1
uhs10_1247--udt13528,parquet_commercial_202512_comm_MI,157810-1.parquet,1
uhs10_1247--udt13528,parquet_commercial_202512_comm_MI,157823-1.parquet,4
uhs10_1247--udt13528,parquet_commercial_202512_comm_MI,157883-1.parquet,1
uhs10_1247--udt13528,parquet_commercial_202512_comm_MI,157939-1.parquet,1
uhs10_1247--udt13528,parquet_commercial_202512_comm_MI,158147-1.parquet,1
uhs10_1247--udt13528,parquet_commercial_202512_comm_MI,158188-1.parquet,1
uhs10_1247--udt13528,parquet_commercial_202512_comm_MI,158456-1.parquet,9
uhs10_1247--udt13528,parquet_commercial_202512_comm_MI,158460-1.parquet,2
uhs10_1247--udt13528,parquet_commercial_202512_comm_MI,158521-1.parquet,1
uhs10_1247--udt13528,parquet_commercial_202512_comm_MI,158635-1.parquet,1
uhs10_1247--udt13528,parquet_commercial_202512_comm_MI,158832-1.parquet,1
uhs10_1247--udt13528,parquet_commercial_202512_comm_MI,158916-1.parquet,1
uhs10_1247--udt13528,parquet_commercial_202512_comm_MI,158935-1.parquet,1
uhs10_1247--udt13528,parquet_commercial_202512_comm_MI,159029-1.parquet,1
uhs10_1247--udt13528,parquet_commercial_202512_comm_MI,159409-1.parquet,1
uhs10_1247--udt13528,parquet_commercial_202512_comm_MI,159461-8.parquet,1
uhs10_1247--udt13528,parquet_commercial_202512_comm_MI,159485-1.parquet,5
uhs10_1247--udt13528,parquet_commercial_202512_comm_MI,159799-8.parquet,1
uhs10_1247--udt13528,parquet_commercial_202512_comm_MI,160078-1.parquet,1
uhs10_1247--udt13528,parquet_commercial_202512_comm_MI,160365-1.parquet,3
uhs10_1247--udt13528,parquet_commercial_202512_comm_MI,160467-1.parquet,1
uhs10_1247--udt13528,parquet_commercial_202512_comm_MI,160477-1.parquet,1
uhs10_1247--udt13528,parquet_commercial_202512_comm_MI,160529-1.parquet,5
uhs10_1247--udt13528,parquet_commercial_202512_comm_MI,160747-1.parquet,1
uhs10_1247--udt13528,parquet_commercial_202512_comm_MI,161077-1.parquet,1
uhs10_1247--udt13528,parquet_commercial_202512_comm_MI,161096-8.parquet,1
uhs10_1247--udt13528,parquet_commercial_202512_comm_MI,161131-8.parquet,2
uhs10_1247--udt13528,parquet_commercial_202512_comm_MI,161139-8.parquet,1
uhs10_1247--udt13528,parquet_commercial_202512_comm_MI,161150-1.parquet,2
uhs10_1247--udt13528,parquet_commercial_202512_comm_MI,161214-1.parquet,1
uhs10_1247--udt13528,parquet_commercial_202512_comm_MI,161325-1.parquet,1
uhs10_1247--udt13528,parquet_commercial_202512_comm_MI,161564-1.parquet,1
uhs10_1247--udt13528,parquet_commercial_202512_comm_MI,161642-1.parquet,3
uhs10_1247--udt13528,parquet_commercial_202512_comm_MI,161648-1.parquet,2
uhs10_1247--udt13528,parquet_commercial_202512_comm_MI,161746-1.parquet,2
uhs10_1247--udt13528,parquet_commercial_202512_comm_MI,162262-1.parquet,2
uhs10_1247--udt13528,parquet_commercial_202512_comm_MI,162491-1.parquet,1
uhs10_1247--udt13528,parquet_commercial_202512_comm_MI,162590-8.parquet,2
uhs10_1247--udt13528,parquet_commercial_202512_comm_MI,162954-1.parquet,1
uhs10_1247--udt13528,parquet_commercial_202512_comm_MI,163365-1.parquet,1
uhs10_1247--udt13528,parquet_commercial_202512_comm_MI,163392-1.parquet,1
uhs10_1247--udt13528,parquet_commercial_202512_comm_MI,163544-1.parquet,2
uhs10_1247--udt13528,parquet_commercial_202512_comm_MI,163559-1.parquet,3
uhs10_1247--udt13528,parquet_commercial_202512_comm_MI,163589-1.parquet,1
uhs10_1247--udt13528,parquet_commercial_202512_comm_MI,163811-1.parquet,1
uhs10_1247--udt13528,parquet_commercial_202512_comm_MI,163848-1.parquet,1
uhs10_1247--udt13528,parquet_commercial_202512_comm_MI,163891-1.parquet,1
uhs10_1247--udt13528,parquet_commercial_202512_comm_MI,164079-1.parquet,2
uhs10_1247--udt13528,parquet_commercial_202512_comm_MI,164126-8.parquet,1
uhs10_1247--udt13528,parquet_commercial_202512_comm_MI,164661-1.parquet,1
uhs10_1247--udt13528,parquet_commercial_202512_comm_MI,164677-1.parquet,1
uhs10_1247--udt13528,parquet_commercial_202512_comm_MI,164742-1.parquet,2
uhs10_1247--udt13528,parquet_commercial_202512_comm_MI,164787-1.parquet,2
uhs10_1247--udt13528,parquet_commercial_202512_comm_MI,164928-8.parquet,5
uhs10_1247--udt13528,parquet_commercial_202512_comm_MI,165018-8.parquet,2
uhs10_1247--udt13528,parquet_commercial_202512_comm_MI,165075-1.parquet,2
uhs10_1247--udt13528,parquet_commercial_202512_comm_MI,165166-1.parquet,1
uhs10_1247--udt13528,parquet_commercial_202512_comm_MI,165246-1.parquet,1
uhs10_1247--udt13528,parquet_commercial_202512_comm_MI,165316-1.parquet,1
uhs10_1247--udt13528,parquet_commercial_202512_comm_MI,165352-8.parquet,3
uhs10_1247--udt13528,parquet_commercial_202512_comm_MI,165531-8.parquet,4
uhs10_1247--udt13528,parquet_commercial_202512_comm_MI,165600-1.parquet,1
uhs10_1247--udt13528,parquet_commercial_202512_comm_MI,165634-1.parquet,1
uhs10_1247--udt13528,parquet_commercial_202512_comm_MI,165747-1.parquet,1
uhs10_1247--udt13528,parquet_commercial_202512_comm_MI,166183-1.parquet,1
uhs10_1247--udt13528,parquet_commercial_202512_comm_MI,166431-1.parquet,1
uhs10_1247--udt13528,parquet_commercial_202512_comm_MI,166814-1.parquet,2
uhs10_1247--udt13528,parquet_commercial_202512_comm_MI,167335-1.parquet,1
uhs10_1247--udt13528,parquet_commercial_202512_comm_MI,167455-1.parquet,1
uhs10_1247--udt13528,parquet_commercial_202512_comm_MI,167550-1.parquet,1
uhs10_1247--udt13528,parquet_commercial_202512_comm_MI,167640-1.parquet,1
uhs10_1247--udt13528,parquet_commercial_202512_comm_MI,167724-1.parquet,1
uhs10_1247--udt13528,parquet_commercial_202512_comm_MI,167767-1.parquet,1
uhs10_1247--udt13528,parquet_commercial_202512_comm_MI,167908-1.parquet,1
uhs10_1247--udt13528,parquet_commercial_202512_comm_MI,167919-1.parquet,1
uhs10_1247--udt13528,parquet_commercial_202512_comm_MI,167931-1.parquet,1
uhs10_1247--udt13528,parquet_commercial_202512_comm_MI,167937-1.parquet,2
uhs10_1247--udt13528,parquet_commercial_202512_comm_MI,168023-1.parquet,1
uhs10_1247--udt13528,parquet_commercial_202512_comm_MI,168033-1.parquet,2
uhs10_1247--udt13528,parquet_commercial_202512_comm_MI,168278-1.parquet,1
uhs10_1247--udt13528,parquet_commercial_202512_comm_MI,168682-1.parquet,1
uhs10_1247--udt13528,parquet_commercial_202512_comm_MI,168901-1.parquet,1
uhs10_1247--udt13528,parquet_commercial_202512_comm_MI,169085-1.parquet,1
uhs10_1247--udt13528,parquet_commercial_202512_comm_MI,169159-1.parquet,1
uhs10_1247--udt13528,parquet_commercial_202512_comm_MI,169293-1.parquet,3
uhs10_1247--udt13528,parquet_commercial_202512_comm_MI,169471-1.parquet,1
uhs10_1247--udt13528,parquet_commercial_202512_comm_MI,169593-1.parquet,1
uhs10_1247--udt13528,parquet_commercial_202512_comm_MI,169748-1.parquet,1
uhs10_1247--udt13528,parquet_commercial_202512_comm_MI,169773-1.parquet,2
uhs10_1247--udt13528,parquet_commercial_202512_comm_MI,169936-1.parquet,2
uhs10_1247--udt13528,parquet_residential_short_202512_res_MI,10381-1.parquet,1
uhs10_1247--udt13528,parquet_residential_short_202512_res_MI,104079-1.parquet,1
uhs10_1247--udt13528,parquet_residential_short_202512_res_MI,109870-1.parquet,1
uhs10_1247--udt13528,parquet_residential_short_202512_res_MI,113255-1.parquet,3
uhs10_1247--udt13528,parquet_residential_short_202512_res_MI,113495-1.parquet,1
uhs10_1247--udt13528,parquet_residential_short_202512_res_MI,116219-1.parquet,2
uhs10_1247--udt13528,parquet_residential_short_202512_res_MI,118404-1.parquet,38
uhs10_1247--udt13528,parquet_residential_short_202512_res_MI,129325-1.parquet,1
uhs10_1247--udt13528,parquet_residential_short_202512_res_MI,129893-1.parquet,1
uhs10_1247--udt13528,parquet_residential_short_202512_res_MI,134138-1.parquet,2
uhs10_1247--udt13528,parquet_residential_short_202512_res_MI,15283-1.parquet,4
uhs10_1247--udt13528,parquet_residential_short_202512_res_MI,158553-1.parquet,1
uhs10_1247--udt13528,parquet_residential_short_202512_res_MI,163929-1.parquet,2
uhs10_1247--udt13528,parquet_residential_short_202512_res_MI,178522-1.parquet,1
uhs10_1247--udt13528,parquet_residential_short_202512_res_MI,178848-1.parquet,24
uhs10_1247--udt13528,parquet_residential_short_202512_res_MI,178924-1.parquet,4
uhs10_1247--udt13528,parquet_residential_short_202512_res_MI,179061-1.parquet,75
uhs10_1247--udt13528,parquet_residential_short_202512_res_MI,181066-1.parquet,3
uhs10_1247--udt13528,parquet_residential_short_202512_res_MI,189827-1.parquet,4
uhs10_1247--udt13528,parquet_residential_short_202512_res_MI,195848-1.parquet,1
uhs10_1247--udt13528,parquet_residential_short_202512_res_MI,202225-1.parquet,1
uhs10_1247--udt13528,parquet_residential_short_202512_res_MI,213050-1.parquet,1
uhs10_1247--udt13528,parquet_residential_short_202512_res_MI,219061-1.parquet,2
uhs10_1247--udt13528,parquet_residential_short_202512_res_MI,219912-1.parquet,1
uhs10_1247--udt13528,parquet_residential_short_202512_res_MI,229456-1.parquet,2
uhs10_1247--udt13528,parquet_residential_short_202512_res_MI,240169-1.parquet,2
uhs10_1247--udt13528,parquet_residential_short_202512_res_MI,242004-1.parquet,2
uhs10_1247--udt13528,parquet_residential_short_202512_res_MI,255062-1.parquet,1
uhs10_1247--udt13528,parquet_residential_short_202512_res_MI,256339-1.parquet,1
uhs10_1247--udt13528,parquet_residential_short_202512_res_MI,261491-1.parquet,1
uhs10_1247--udt13528,parquet_residential_short_202512_res_MI,26343-1.parquet,2
uhs10_1247--udt13528,parquet_residential_short_202512_res_MI,275115-1.parquet,6
uhs10_1247--udt13528,parquet_residential_short_202512_res_MI,277511-1.parquet,1
uhs10_1247--udt13528,parquet_residential_short_202512_res_MI,278143-1.parquet,1
uhs10_1247--udt13528,parquet_residential_short_202512_res_MI,280750-1.parquet,1
uhs10_1247--udt13528,parquet_residential_short_202512_res_MI,281826-1.parquet,2
uhs10_1247--udt13528,parquet_residential_short_202512_res_MI,282194-1.parquet,1
uhs10_1247--udt13528,parquet_residential_short_202512_res_MI,292202-1.parquet,1
uhs10_1247--udt13528,parquet_residential_short_202512_res_MI,305049-1.parquet,1
uhs10_1247--udt13528,parquet_residential_short_202512_res_MI,305511-1.parquet,2
uhs10_1247--udt13528,parquet_residential_short_202512_res_MI,307579-1.parquet,1
uhs10_1247--udt13528,parquet_residential_short_202512_res_MI,31043-1.parquet,1
uhs10_1247--udt13528,parquet_residential_short_202512_res_MI,31214-1.parquet,1
uhs10_1247--udt13528,parquet_residential_short_202512_res_MI,317368-1.parquet,1
uhs10_1247--udt13528,parquet_residential_short_202512_res_MI,329472-1.parquet,6
uhs10_1247--udt13528,parquet_residential_short_202512_res_MI,334073-1.parquet,22
uhs10_1247--udt13528,parquet_residential_short_202512_res_MI,335327-1.parquet,1
uhs10_1247--udt13528,parquet_residential_short_202512_res_MI,354403-1.parquet,4
uhs10_1247--udt13528,parquet_residential_short_202512_res_MI,361783-1.parquet,5
uhs10_1247--udt13528,parquet_residential_short_202512_res_MI,365825-1.parquet,1
uhs10_1247--udt13528,parquet_residential_short_202512_res_MI,368387-1.parquet,1
uhs10_1247--udt13528,parquet_residential_short_202512_res_MI,370010-1.parquet,2
uhs10_1247--udt13528,parquet_residential_short_202512_res_MI,378338-1.parquet,20
uhs10_1247--udt13528,parquet_residential_short_202512_res_MI,380296-1.parquet,5
uhs10_1247--udt13528,parquet_residential_short_202512_res_MI,381828-1.parquet,1
uhs10_1247--udt13528,parquet_residential_short_202512_res_MI,382671-1.parquet,1
uhs10_1247--udt13528,parquet_residential_short_202512_res_MI,387495-1.parquet,2
uhs10_1247--udt13528,parquet_residential_short_202512_res_MI,392142-1.parquet,5
uhs10_1247--udt13528,parquet_residential_short_202512_res_MI,395863-1.parquet,4
uhs10_1247--udt13528,parquet_residential_short_202512_res_MI,400912-1.parquet,10
uhs10_1247--udt13528,parquet_residential_short_202512_res_MI,411616-1.parquet,3
uhs10_1247--udt13528,parquet_residential_short_202512_res_MI,432811-1.parquet,1
uhs10_1247--udt13528,parquet_residential_short_202512_res_MI,433741-1.parquet,2
uhs10_1247--udt13528,parquet_residential_short_202512_res_MI,436629-1.parquet,5
uhs10_1247--udt13528,parquet_residential_short_202512_res_MI,437871-1.parquet,27
uhs10_1247--udt13528,parquet_residential_short_202512_res_MI,439442-1.parquet,3
uhs10_1247--udt13528,parquet_residential_short_202512_res_MI,441370-1.parquet,1
uhs10_1247--udt13528,parquet_residential_short_202512_res_MI,444065-1.parquet,10
uhs10_1247--udt13528,parquet_residential_short_202512_res_MI,449958-1.parquet,6
uhs10_1247--udt13528,parquet_residential_short_202512_res_MI,459710-1.parquet,2
uhs10_1247--udt13528,parquet_residential_short_202512_res_MI,465693-1.parquet,2
uhs10_1247--udt13528,parquet_residential_short_202512_res_MI,474345-1.parquet,1
uhs10_1247--udt13528,parquet_residential_short_202512_res_MI,478155-1.parquet,4
uhs10_1247--udt13528,parquet_residential_short_202512_res_MI,48368-1.parquet,2
uhs10_1247--udt13528,parquet_residential_short_202512_res_MI,485286-1.parquet,1
uhs10_1247--udt13528,parquet_residential_short_202512_res_MI,485537-1.parquet,1
uhs10_1247--udt13528,parquet_residential_short_202512_res_MI,491904-1.parquet,8
uhs10_1247--udt13528,parquet_residential_short_202512_res_MI,494108-1.parquet,10
uhs10_1247--udt13528,parquet_residential_short_202512_res_MI,498779-1.parquet,1
uhs10_1247--udt13528,parquet_residential_short_202512_res_MI,502032-1.parquet,5
uhs10_1247--udt13528,parquet_residential_short_202512_res_MI,505391-1.parquet,2
uhs10_1247--udt13528,parquet_residential_short_202512_res_MI,513814-1.parquet,5
uhs10_1247--udt13528,parquet_residential_short_202512_res_MI,519249-1.parquet,2
uhs10_1247--udt13528,parquet_residential_short_202512_res_MI,520460-1.parquet,2
uhs10_1247--udt13528,parquet_residential_short_202512_res_MI,521610-1.parquet,4
uhs10_1247--udt13528,parquet_residential_short_202512_res_MI,526776-1.parquet,1
uhs10_1247--udt13528,parquet_residential_short_202512_res_MI,530245-1.parquet,1
uhs10_1247--udt13528,parquet_residential_short_202512_res_MI,533319-1.parquet,2
uhs10_1247--udt13528,parquet_residential_short_202512_res_MI,53721-1.parquet,1
uhs10_1247--udt13528,parquet_residential_short_202512_res_MI,538350-1.parquet,12
uhs10_1247--udt13528,parquet_residential_short_202512_res_MI,549574-1.parquet,1
uhs10_1247--udt13528,parquet_residential_short_202512_res_MI,78734-1.parquet,3
uhs10_1247--udt13528,parquet_residential_short_202512_res_MI,8111-1.parquet,2
uhs10_1247--udt13528,parquet_residential_short_202512_res_MI,90350-1.parquet,2
uhs10_1247--udt13528,parquet_residential_short_202512_res_MI,92876-1.parquet,1
uhs10_1247--udt13528,parquet_residential_short_202512_res_MI,95747-1.parquet,1
uhs11_1247--p1umv22,parquet_commercial_202512_comm_MI,158456-1.parquet,2
uhs11_1247--p1umv22,parquet_commercial_202512_comm_MI,158760-1.parquet,1
uhs11_1247--p1umv22,parquet_commercial_202512_comm_MI,160365-1.parquet,1
uhs11_1247--p1umv22,parquet_commercial_202512_comm_MI,161648-1.parquet,1
uhs11_1247--p1umv22,parquet_commercial_202512_comm_MI,166527-1.parquet,1
uhs11_1247--p1umv22,parquet_commercial_202512_comm_MI,168901-1.parquet,1
uhs11_1247--p1umv22,parquet_commercial_202512_comm_MI,169006-1.parquet,1
uhs11_1247--p1umv22,parquet_commercial_202512_comm_MI,169773-1.parquet,2
uhs11_1247--udt7105,parquet_commercial_202512_comm_MI,157701-1.parquet,1
uhs11_1247--udt7105,parquet_commercial_202512_comm_MI,157823-1.parquet,1
uhs11_1247--udt7105,parquet_commercial_202512_comm_MI,158147-1.parquet,1
uhs11_1247--udt7105,parquet_commercial_202512_comm_MI,158374-1.parquet,1
uhs11_1247--udt7105,parquet_commercial_202512_comm_MI,158376-1.parquet,1
uhs11_1247--udt7105,parquet_commercial_202512_comm_MI,158456-1.parquet,10
uhs11_1247--udt7105,parquet_commercial_202512_comm_MI,158460-1.parquet,3
uhs11_1247--udt7105,parquet_commercial_202512_comm_MI,158634-1.parquet,3
uhs11_1247--udt7105,parquet_commercial_202512_comm_MI,158792-8.parquet,1
uhs11_1247--udt7105,parquet_commercial_202512_comm_MI,159004-8.parquet,1
uhs11_1247--udt7105,parquet_commercial_202512_comm_MI,159322-1.parquet,2
uhs11_1247--udt7105,parquet_commercial_202512_comm_MI,159409-1.parquet,3
uhs11_1247--udt7105,parquet_commercial_202512_comm_MI,159565-8.parquet,1
uhs11_1247--udt7105,parquet_commercial_202512_comm_MI,159686-1.parquet,2
uhs11_1247--udt7105,parquet_commercial_202512_comm_MI,159799-8.parquet,2
uhs11_1247--udt7105,parquet_commercial_202512_comm_MI,159922-8.parquet,1
uhs11_1247--udt7105,parquet_commercial_202512_comm_MI,160078-1.parquet,6
uhs11_1247--udt7105,parquet_commercial_202512_comm_MI,160365-1.parquet,1
uhs11_1247--udt7105,parquet_commercial_202512_comm_MI,160529-1.parquet,4
uhs11_1247--udt7105,parquet_commercial_202512_comm_MI,160949-1.parquet,1
uhs11_1247--udt7105,parquet_commercial_202512_comm_MI,161054-1.parquet,1
uhs11_1247--udt7105,parquet_commercial_202512_comm_MI,161077-1.parquet,1
uhs11_1247--udt7105,parquet_commercial_202512_comm_MI,161131-8.parquet,1
uhs11_1247--udt7105,parquet_commercial_202512_comm_MI,161434-1.parquet,1
uhs11_1247--udt7105,parquet_commercial_202512_comm_MI,161746-1.parquet,2
uhs11_1247--udt7105,parquet_commercial_202512_comm_MI,162221-1.parquet,1
uhs11_1247--udt7105,parquet_commercial_202512_comm_MI,162868-1.parquet,1
uhs11_1247--udt7105,parquet_commercial_202512_comm_MI,163398-1.parquet,1
uhs11_1247--udt7105,parquet_commercial_202512_comm_MI,163546-8.parquet,1
uhs11_1247--udt7105,parquet_commercial_202512_comm_MI,163559-1.parquet,2
uhs11_1247--udt7105,parquet_commercial_202512_comm_MI,163959-1.parquet,1
uhs11_1247--udt7105,parquet_commercial_202512_comm_MI,164079-1.parquet,2
uhs11_1247--udt7105,parquet_commercial_202512_comm_MI,164185-1.parquet,1
uhs11_1247--udt7105,parquet_commercial_202512_comm_MI,164833-1.parquet,1
uhs11_1247--udt7105,parquet_commercial_202512_comm_MI,164928-8.parquet,1
uhs11_1247--udt7105,parquet_commercial_202512_comm_MI,165018-8.parquet,1
uhs11_1247--udt7105,parquet_commercial_202512_comm_MI,165179-8.parquet,1
uhs11_1247--udt7105,parquet_commercial_202512_comm_MI,165531-8.parquet,2
uhs11_1247--udt7105,parquet_commercial_202512_comm_MI,165600-1.parquet,1
uhs11_1247--udt7105,parquet_commercial_202512_comm_MI,165786-1.parquet,1
uhs11_1247--udt7105,parquet_commercial_202512_comm_MI,166524-1.parquet,1
uhs11_1247--udt7105,parquet_commercial_202512_comm_MI,166814-1.parquet,8
uhs11_1247--udt7105,parquet_commercial_202512_comm_MI,166998-1.parquet,1
uhs11_1247--udt7105,parquet_commercial_202512_comm_MI,167931-1.parquet,1
uhs11_1247--udt7105,parquet_commercial_202512_comm_MI,168033-1.parquet,1
uhs11_1247--udt7105,parquet_commercial_202512_comm_MI,168064-1.parquet,1
uhs11_1247--udt7105,parquet_commercial_202512_comm_MI,168072-1.parquet,2
uhs11_1247--udt7105,parquet_commercial_202512_comm_MI,168193-1.parquet,1
uhs11_1247--udt7105,parquet_commercial_202512_comm_MI,168388-1.parquet,1
uhs11_1247--udt7105,parquet_commercial_202512_comm_MI,168555-1.parquet,1
uhs11_1247--udt7105,parquet_commercial_202512_comm_MI,168682-1.parquet,1
uhs11_1247--udt7105,parquet_commercial_202512_comm_MI,168740-1.parquet,1
uhs11_1247--udt7105,parquet_commercial_202512_comm_MI,168901-1.parquet,1
uhs11_1247--udt7105,parquet_commercial_202512_comm_MI,169006-1.parquet,1
uhs11_1247--udt7105,parquet_commercial_202512_comm_MI,169100-1.parquet,1
uhs11_1247--udt7105,parquet_commercial_202512_comm_MI,169107-8.parquet,1
uhs11_1247--udt7105,parquet_commercial_202512_comm_MI,169293-1.parquet,1
uhs11_1247--udt7105,parquet_commercial_202512_comm_MI,169316-1.parquet,1
uhs11_1247--udt7105,parquet_commercial_202512_comm_MI,169593-1.parquet,2
uhs11_1247--udt7105,parquet_commercial_202512_comm_MI,169655-1.parquet,1
uhs11_1247--udt7105,parquet_commercial_202512_comm_MI,169936-1.parquet,1
uhs11_1247--udt7105,parquet_commercial_202512_comm_MI,169972-1.parquet,1
uhs11_1247--udt7105,parquet_commercial_202512_comm_MI,170028-1.parquet,1
uhs11_1247--udt7105,parquet_commercial_202512_comm_MI,170044-1.parquet,1
uhs11_1247--udt7105,parquet_residential_short_202512_res_MI,10381-1.parquet,2
uhs11_1247--udt7105,parquet_residential_short_202512_res_MI,104079-1.parquet,1
uhs11_1247--udt7105,parquet_residential_short_202512_res_MI,109870-1.parquet,13
uhs11_1247--udt7105,parquet_residential_short_202512_res_MI,113255-1.parquet,3
uhs11_1247--udt7105,parquet_residential_short_202512_res_MI,113495-1.parquet,2
uhs11_1247--udt7105,parquet_residential_short_202512_res_MI,116219-1.parquet,4
uhs11_1247--udt7105,parquet_residential_short_202512_res_MI,118404-1.parquet,46
uhs11_1247--udt7105,parquet_residential_short_202512_res_MI,132915-1.parquet,1
uhs11_1247--udt7105,parquet_residential_short_202512_res_MI,134138-1.parquet,3
uhs11_1247--udt7105,parquet_residential_short_202512_res_MI,14251-1.parquet,3
uhs11_1247--udt7105,parquet_residential_short_202512_res_MI,144380-1.parquet,5
uhs11_1247--udt7105,parquet_residential_short_202512_res_MI,145077-1.parquet,1
uhs11_1247--udt7105,parquet_residential_short_202512_res_MI,145104-1.parquet,2
uhs11_1247--udt7105,parquet_residential_short_202512_res_MI,15283-1.parquet,4
uhs11_1247--udt7105,parquet_residential_short_202512_res_MI,163929-1.parquet,3
uhs11_1247--udt7105,parquet_residential_short_202512_res_MI,174128-1.parquet,1
uhs11_1247--udt7105,parquet_residential_short_202512_res_MI,178848-1.parquet,93
uhs11_1247--udt7105,parquet_residential_short_202512_res_MI,178924-1.parquet,20
uhs11_1247--udt7105,parquet_residential_short_202512_res_MI,179061-1.parquet,218
uhs11_1247--udt7105,parquet_residential_short_202512_res_MI,179402-1.parquet,1
uhs11_1247--udt7105,parquet_residential_short_202512_res_MI,179991-1.parquet,3
uhs11_1247--udt7105,parquet_residential_short_202512_res_MI,180563-1.parquet,5
uhs11_1247--udt7105,parquet_residential_short_202512_res_MI,181568-1.parquet,1
uhs11_1247--udt7105,parquet_residential_short_202512_res_MI,185204-1.parquet,1
uhs11_1247--udt7105,parquet_residential_short_202512_res_MI,193304-1.parquet,2
uhs11_1247--udt7105,parquet_residential_short_202512_res_MI,195848-1.parquet,1
uhs11_1247--udt7105,parquet_residential_short_202512_res_MI,20070-1.parquet,1
uhs11_1247--udt7105,parquet_residential_short_202512_res_MI,202225-1.parquet,3
uhs11_1247--udt7105,parquet_residential_short_202512_res_MI,204257-1.parquet,7
uhs11_1247--udt7105,parquet_residential_short_202512_res_MI,205005-1.parquet,1
uhs11_1247--udt7105,parquet_residential_short_202512_res_MI,211618-1.parquet,1
uhs11_1247--udt7105,parquet_residential_short_202512_res_MI,213050-1.parquet,1
uhs11_1247--udt7105,parquet_residential_short_202512_res_MI,219061-1.parquet,8
uhs11_1247--udt7105,parquet_residential_short_202512_res_MI,224704-1.parquet,35
uhs11_1247--udt7105,parquet_residential_short_202512_res_MI,229456-1.parquet,3
uhs11_1247--udt7105,parquet_residential_short_202512_res_MI,229902-1.parquet,1
uhs11_1247--udt7105,parquet_residential_short_202512_res_MI,240169-1.parquet,1
uhs11_1247--udt7105,parquet_residential_short_202512_res_MI,245364-1.parquet,1
uhs11_1247--udt7105,parquet_residential_short_202512_res_MI,255062-1.parquet,3
uhs11_1247--udt7105,parquet_residential_short_202512_res_MI,25790-1.parquet,3
uhs11_1247--udt7105,parquet_residential_short_202512_res_MI,263197-1.parquet,1
uhs11_1247--udt7105,parquet_residential_short_202512_res_MI,26343-1.parquet,7
uhs11_1247--udt7105,parquet_residential_short_202512_res_MI,275115-1.parquet,30
uhs11_1247--udt7105,parquet_residential_short_202512_res_MI,277511-1.parquet,5
uhs11_1247--udt7105,parquet_residential_short_202512_res_MI,282194-1.parquet,6
uhs11_1247--udt7105,parquet_residential_short_202512_res_MI,284080-1.parquet,1
uhs11_1247--udt7105,parquet_residential_short_202512_res_MI,285946-1.parquet,1
uhs11_1247--udt7105,parquet_residential_short_202512_res_MI,292113-1.parquet,1
uhs11_1247--udt7105,parquet_residential_short_202512_res_MI,305049-1.parquet,1
uhs11_1247--udt7105,parquet_residential_short_202512_res_MI,307579-1.parquet,1
uhs11_1247--udt7105,parquet_residential_short_202512_res_MI,31043-1.parquet,6
uhs11_1247--udt7105,parquet_residential_short_202512_res_MI,316670-1.parquet,1
uhs11_1247--udt7105,parquet_residential_short_202512_res_MI,317135-1.parquet,5
uhs11_1247--udt7105,parquet_residential_short_202512_res_MI,329472-1.parquet,7
uhs11_1247--udt7105,parquet_residential_short_202512_res_MI,330999-1.parquet,20
uhs11_1247--udt7105,parquet_residential_short_202512_res_MI,331207-1.parquet,1
uhs11_1247--udt7105,parquet_residential_short_202512_res_MI,334073-1.parquet,66
uhs11_1247--udt7105,parquet_residential_short_202512_res_MI,335327-1.parquet,2
uhs11_1247--udt7105,parquet_residential_short_202512_res_MI,345199-1.parquet,1
uhs11_1247--udt7105,parquet_residential_short_202512_res_MI,354403-1.parquet,3
uhs11_1247--udt7105,parquet_residential_short_202512_res_MI,361783-1.parquet,33
uhs11_1247--udt7105,parquet_residential_short_202512_res_MI,363455-1.parquet,1
uhs11_1247--udt7105,parquet_residential_short_202512_res_MI,368387-1.parquet,1
uhs11_1247--udt7105,parquet_residential_short_202512_res_MI,368438-1.parquet,1
uhs11_1247--udt7105,parquet_residential_short_202512_res_MI,370010-1.parquet,3
uhs11_1247--udt7105,parquet_residential_short_202512_res_MI,378338-1.parquet,33
uhs11_1247--udt7105,parquet_residential_short_202512_res_MI,381828-1.parquet,2
uhs11_1247--udt7105,parquet_residential_short_202512_res_MI,381867-1.parquet,2
uhs11_1247--udt7105,parquet_residential_short_202512_res_MI,383089-1.parquet,1
uhs11_1247--udt7105,parquet_residential_short_202512_res_MI,387495-1.parquet,1
uhs11_1247--udt7105,parquet_residential_short_202512_res_MI,392142-1.parquet,17
uhs11_1247--udt7105,parquet_residential_short_202512_res_MI,39539-1.parquet,1
uhs11_1247--udt7105,parquet_residential_short_202512_res_MI,395863-1.parquet,3
uhs11_1247--udt7105,parquet_residential_short_202512_res_MI,400912-1.parquet,23
uhs11_1247--udt7105,parquet_residential_short_202512_res_MI,402675-1.parquet,1
uhs11_1247--udt7105,parquet_residential_short_202512_res_MI,411616-1.parquet,26
uhs11_1247--udt7105,parquet_residential_short_202512_res_MI,418555-1.parquet,2
uhs11_1247--udt7105,parquet_residential_short_202512_res_MI,421729-1.parquet,13
uhs11_1247--udt7105,parquet_residential_short_202512_res_MI,423218-1.parquet,1
uhs11_1247--udt7105,parquet_residential_short_202512_res_MI,426204-1.parquet,1
uhs11_1247--udt7105,parquet_residential_short_202512_res_MI,432811-1.parquet,1
uhs11_1247--udt7105,parquet_residential_short_202512_res_MI,432831-1.parquet,1
uhs11_1247--udt7105,parquet_residential_short_202512_res_MI,436629-1.parquet,4
uhs11_1247--udt7105,parquet_residential_short_202512_res_MI,437871-1.parquet,26
uhs11_1247--udt7105,parquet_residential_short_202512_res_MI,441370-1.parquet,3
uhs11_1247--udt7105,parquet_residential_short_202512_res_MI,444065-1.parquet,7
uhs11_1247--udt7105,parquet_residential_short_202512_res_MI,446161-1.parquet,11
uhs11_1247--udt7105,parquet_residential_short_202512_res_MI,449958-1.parquet,14
uhs11_1247--udt7105,parquet_residential_short_202512_res_MI,453782-1.parquet,2
uhs11_1247--udt7105,parquet_residential_short_202512_res_MI,459710-1.parquet,4
uhs11_1247--udt7105,parquet_residential_short_202512_res_MI,464078-1.parquet,1
uhs11_1247--udt7105,parquet_residential_short_202512_res_MI,465693-1.parquet,1
uhs11_1247--udt7105,parquet_residential_short_202512_res_MI,472423-1.parquet,1
uhs11_1247--udt7105,parquet_residential_short_202512_res_MI,473383-1.parquet,4
uhs11_1247--udt7105,parquet_residential_short_202512_res_MI,474345-1.parquet,7
uhs11_1247--udt7105,parquet_residential_short_202512_res_MI,474857-1.parquet,1
uhs11_1247--udt7105,parquet_residential_short_202512_res_MI,482834-1.parquet,1
uhs11_1247--udt7105,parquet_residential_short_202512_res_MI,48368-1.parquet,4
uhs11_1247--udt7105,parquet_residential_short_202512_res_MI,485286-1.parquet,5
uhs11_1247--udt7105,parquet_residential_short_202512_res_MI,485537-1.parquet,3
uhs11_1247--udt7105,parquet_residential_short_202512_res_MI,491904-1.parquet,19
uhs11_1247--udt7105,parquet_residential_short_202512_res_MI,494108-1.parquet,5
uhs11_1247--udt7105,parquet_residential_short_202512_res_MI,498993-1.parquet,1
uhs11_1247--udt7105,parquet_residential_short_202512_res_MI,502032-1.parquet,5
uhs11_1247--udt7105,parquet_residential_short_202512_res_MI,505391-1.parquet,7
uhs11_1247--udt7105,parquet_residential_short_202512_res_MI,505432-1.parquet,1
uhs11_1247--udt7105,parquet_residential_short_202512_res_MI,508330-1.parquet,7
uhs11_1247--udt7105,parquet_residential_short_202512_res_MI,511999-1.parquet,1
uhs11_1247--udt7105,parquet_residential_short_202512_res_MI,513814-1.parquet,14
uhs11_1247--udt7105,parquet_residential_short_202512_res_MI,521610-1.parquet,5
uhs11_1247--udt7105,parquet_residential_short_202512_res_MI,533319-1.parquet,6
uhs11_1247--udt7105,parquet_residential_short_202512_res_MI,538350-1.parquet,2
uhs11_1247--udt7105,parquet_residential_short_202512_res_MI,549574-1.parquet,2
uhs11_1247--udt7105,parquet_residential_short_202512_res_MI,78734-1.parquet,2
uhs11_1247--udt7105,parquet_residential_short_202512_res_MI,8111-1.parquet,6
uhs11_1247--udt7105,parquet_residential_short_202512_res_MI,83885-1.parquet,1
uhs11_1247--udt7105,parquet_residential_short_202512_res_MI,92876-1.parquet,1
uhs11_1247--udt8110,parquet_commercial_202512_comm_MI,157661-1.parquet,1
uhs11_1247--udt8110,parquet_commercial_202512_comm_MI,157770-1.parquet,1
uhs11_1247--udt8110,parquet_commercial_202512_comm_MI,157823-1.parquet,4
uhs11_1247--udt8110,parquet_commercial_202512_comm_MI,158073-1.parquet,1
uhs11_1247--udt8110,parquet_commercial_202512_comm_MI,158188-1.parquet,1
uhs11_1247--udt8110,parquet_commercial_202512_comm_MI,158456-1.parquet,13
uhs11_1247--udt8110,parquet_commercial_202512_comm_MI,158460-1.parquet,1
uhs11_1247--udt8110,parquet_commercial_202512_comm_MI,158634-1.parquet,1
uhs11_1247--udt8110,parquet_commercial_202512_comm_MI,158880-1.parquet,1
uhs11_1247--udt8110,parquet_commercial_202512_comm_MI,158886-8.parquet,1
uhs11_1247--udt8110,parquet_commercial_202512_comm_MI,158935-1.parquet,1
uhs11_1247--udt8110,parquet_commercial_202512_comm_MI,158982-1.parquet,1
uhs11_1247--udt8110,parquet_commercial_202512_comm_MI,159114-1.parquet,3
uhs11_1247--udt8110,parquet_commercial_202512_comm_MI,159159-8.parquet,1
uhs11_1247--udt8110,parquet_commercial_202512_comm_MI,159322-1.parquet,1
uhs11_1247--udt8110,parquet_commercial_202512_comm_MI,159357-1.parquet,1
uhs11_1247--udt8110,parquet_commercial_202512_comm_MI,159485-1.parquet,6
uhs11_1247--udt8110,parquet_commercial_202512_comm_MI,159686-1.parquet,1
uhs11_1247--udt8110,parquet_commercial_202512_comm_MI,160078-1.parquet,2
uhs11_1247--udt8110,parquet_commercial_202512_comm_MI,160174-1.parquet,1
uhs11_1247--udt8110,parquet_commercial_202512_comm_MI,160365-1.parquet,3
uhs11_1247--udt8110,parquet_commercial_202512_comm_MI,160529-1.parquet,1
uhs11_1247--udt8110,parquet_commercial_202512_comm_MI,160627-1.parquet,1
uhs11_1247--udt8110,parquet_commercial_202512_comm_MI,161054-1.parquet,2
uhs11_1247--udt8110,parquet_commercial_202512_comm_MI,161135-1.parquet,1
uhs11_1247--udt8110,parquet_commercial_202512_comm_MI,161593-1.parquet,1
uhs11_1247--udt8110,parquet_commercial_202512_comm_MI,161632-1.parquet,1
uhs11_1247--udt8110,parquet_commercial_202512_comm_MI,161648-1.parquet,2
uhs11_1247--udt8110,parquet_commercial_202512_comm_MI,161724-1.parquet,1
uhs11_1247--udt8110,parquet_commercial_202512_comm_MI,161736-1.parquet,1
uhs11_1247--udt8110,parquet_commercial_202512_comm_MI,161746-1.parquet,1
uhs11_1247--udt8110,parquet_commercial_202512_comm_MI,161940-1.parquet,1
uhs11_1247--udt8110,parquet_commercial_202512_comm_MI,162262-1.parquet,1
uhs11_1247--udt8110,parquet_commercial_202512_comm_MI,162281-8.parquet,1
uhs11_1247--udt8110,parquet_commercial_202512_comm_MI,162329-1.parquet,1
uhs11_1247--udt8110,parquet_commercial_202512_comm_MI,162590-8.parquet,1
uhs11_1247--udt8110,parquet_commercial_202512_comm_MI,163476-1.parquet,1
uhs11_1247--udt8110,parquet_commercial_202512_comm_MI,163559-1.parquet,2
uhs11_1247--udt8110,parquet_commercial_202512_comm_MI,163839-1.parquet,1
uhs11_1247--udt8110,parquet_commercial_202512_comm_MI,164549-1.parquet,1
uhs11_1247--udt8110,parquet_commercial_202512_comm_MI,164618-8.parquet,1
uhs11_1247--udt8110,parquet_commercial_202512_comm_MI,164677-1.parquet,1
uhs11_1247--udt8110,parquet_commercial_202512_comm_MI,164742-1.parquet,2
uhs11_1247--udt8110,parquet_commercial_202512_comm_MI,164743-1.parquet,1
uhs11_1247--udt8110,parquet_commercial_202512_comm_MI,164928-8.parquet,3
uhs11_1247--udt8110,parquet_commercial_202512_comm_MI,165224-1.parquet,1
uhs11_1247--udt8110,parquet_commercial_202512_comm_MI,165246-1.parquet,1
uhs11_1247--udt8110,parquet_commercial_202512_comm_MI,165260-1.parquet,1
uhs11_1247--udt8110,parquet_commercial_202512_comm_MI,165336-1.parquet,1
uhs11_1247--udt8110,parquet_commercial_202512_comm_MI,165531-8.parquet,3
uhs11_1247--udt8110,parquet_commercial_202512_comm_MI,165747-1.parquet,2
uhs11_1247--udt8110,parquet_commercial_202512_comm_MI,165773-1.parquet,1
uhs11_1247--udt8110,parquet_commercial_202512_comm_MI,165786-1.parquet,1
uhs11_1247--udt8110,parquet_commercial_202512_comm_MI,165799-1.parquet,1
uhs11_1247--udt8110,parquet_commercial_202512_comm_MI,165981-1.parquet,2
uhs11_1247--udt8110,parquet_commercial_202512_comm_MI,166183-1.parquet,2
uhs11_1247--udt8110,parquet_commercial_202512_comm_MI,166339-1.parquet,2
uhs11_1247--udt8110,parquet_commercial_202512_comm_MI,166488-1.parquet,1
uhs11_1247--udt8110,parquet_commercial_202512_comm_MI,166514-1.parquet,1
uhs11_1247--udt8110,parquet_commercial_202512_comm_MI,166527-1.parquet,1
uhs11_1247--udt8110,parquet_commercial_202512_comm_MI,166687-1.parquet,1
uhs11_1247--udt8110,parquet_commercial_202512_comm_MI,166814-1.parquet,1
uhs11_1247--udt8110,parquet_commercial_202512_comm_MI,166998-1.parquet,2
uhs11_1247--udt8110,parquet_commercial_202512_comm_MI,167382-1.parquet,1
uhs11_1247--udt8110,parquet_commercial_202512_comm_MI,167828-1.parquet,1
uhs11_1247--udt8110,parquet_commercial_202512_comm_MI,167931-1.parquet,3
uhs11_1247--udt8110,parquet_commercial_202512_comm_MI,168193-1.parquet,1
uhs11_1247--udt8110,parquet_commercial_202512_comm_MI,168388-1.parquet,1
uhs11_1247--udt8110,parquet_commercial_202512_comm_MI,168555-1.parquet,2
uhs11_1247--udt8110,parquet_commercial_202512_comm_MI,168682-1.parquet,1
uhs11_1247--udt8110,parquet_commercial_202512_comm_MI,168901-1.parquet,5
uhs11_1247--udt8110,parquet_commercial_202512_comm_MI,169316-1.parquet,6
uhs11_1247--udt8110,parquet_commercial_202512_comm_MI,169593-1.parquet,2
uhs11_1247--udt8110,parquet_commercial_202512_comm_MI,169773-1.parquet,2
uhs11_1247--udt8110,parquet_residential_short_202512_res_MI,10381-1.parquet,7
uhs11_1247--udt8110,parquet_residential_short_202512_res_MI,104079-1.parquet,1
uhs11_1247--udt8110,parquet_residential_short_202512_res_MI,110028-1.parquet,1
uhs11_1247--udt8110,parquet_residential_short_202512_res_MI,113255-1.parquet,2
uhs11_1247--udt8110,parquet_residential_short_202512_res_MI,11596-1.parquet,1
uhs11_1247--udt8110,parquet_residential_short_202512_res_MI,116219-1.parquet,6
uhs11_1247--udt8110,parquet_residential_short_202512_res_MI,118404-1.parquet,81
uhs11_1247--udt8110,parquet_residential_short_202512_res_MI,129893-1.parquet,3
uhs11_1247--udt8110,parquet_residential_short_202512_res_MI,134138-1.parquet,1
uhs11_1247--udt8110,parquet_residential_short_202512_res_MI,140480-1.parquet,1
uhs11_1247--udt8110,parquet_residential_short_202512_res_MI,14251-1.parquet,4
uhs11_1247--udt8110,parquet_residential_short_202512_res_MI,144380-1.parquet,12
uhs11_1247--udt8110,parquet_residential_short_202512_res_MI,144557-1.parquet,1
uhs11_1247--udt8110,parquet_residential_short_202512_res_MI,145077-1.parquet,1
uhs11_1247--udt8110,parquet_residential_short_202512_res_MI,145104-1.parquet,4
uhs11_1247--udt8110,parquet_residential_short_202512_res_MI,15283-1.parquet,1
uhs11_1247--udt8110,parquet_residential_short_202512_res_MI,158553-1.parquet,2
uhs11_1247--udt8110,parquet_residential_short_202512_res_MI,161034-1.parquet,1
uhs11_1247--udt8110,parquet_residential_short_202512_res_MI,163689-1.parquet,1
uhs11_1247--udt8110,parquet_residential_short_202512_res_MI,163888-1.parquet,4
uhs11_1247--udt8110,parquet_residential_short_202512_res_MI,163929-1.parquet,9
uhs11_1247--udt8110,parquet_residential_short_202512_res_MI,165775-1.parquet,1
uhs11_1247--udt8110,parquet_residential_short_202512_res_MI,178848-1.parquet,114
uhs11_1247--udt8110,parquet_residential_short_202512_res_MI,178924-1.parquet,20
uhs11_1247--udt8110,parquet_residential_short_202512_res_MI,179061-1.parquet,214
uhs11_1247--udt8110,parquet_residential_short_202512_res_MI,179402-1.parquet,3
uhs11_1247--udt8110,parquet_residential_short_202512_res_MI,179991-1.parquet,2
uhs11_1247--udt8110,parquet_residential_short_202512_res_MI,180563-1.parquet,1
uhs11_1247--udt8110,parquet_residential_short_202512_res_MI,181066-1.parquet,5
uhs11_1247--udt8110,parquet_residential_short_202512_res_MI,185204-1.parquet,1
uhs11_1247--udt8110,parquet_residential_short_202512_res_MI,18662-1.parquet,1
uhs11_1247--udt8110,parquet_residential_short_202512_res_MI,189827-1.parquet,2
uhs11_1247--udt8110,parquet_residential_short_202512_res_MI,193304-1.parquet,9
uhs11_1247--udt8110,parquet_residential_short_202512_res_MI,195848-1.parquet,4
uhs11_1247--udt8110,parquet_residential_short_202512_res_MI,198563-1.parquet,1
uhs11_1247--udt8110,parquet_residential_short_202512_res_MI,20070-1.parquet,3
uhs11_1247--udt8110,parquet_residential_short_202512_res_MI,202225-1.parquet,3
uhs11_1247--udt8110,parquet_residential_short_202512_res_MI,204257-1.parquet,7
uhs11_1247--udt8110,parquet_residential_short_202512_res_MI,211618-1.parquet,2
uhs11_1247--udt8110,parquet_residential_short_202512_res_MI,213050-1.parquet,2
uhs11_1247--udt8110,parquet_residential_short_202512_res_MI,219061-1.parquet,7
uhs11_1247--udt8110,parquet_residential_short_202512_res_MI,219912-1.parquet,1
uhs11_1247--udt8110,parquet_residential_short_202512_res_MI,22378-1.parquet,1
uhs11_1247--udt8110,parquet_residential_short_202512_res_MI,224704-1.parquet,88
uhs11_1247--udt8110,parquet_residential_short_202512_res_MI,229456-1.parquet,7
uhs11_1247--udt8110,parquet_residential_short_202512_res_MI,245364-1.parquet,1
uhs11_1247--udt8110,parquet_residential_short_202512_res_MI,252372-1.parquet,3
uhs11_1247--udt8110,parquet_residential_short_202512_res_MI,255062-1.parquet,9
uhs11_1247--udt8110,parquet_residential_short_202512_res_MI,256339-1.parquet,5
uhs11_1247--udt8110,parquet_residential_short_202512_res_MI,258760-1.parquet,1
uhs11_1247--udt8110,parquet_residential_short_202512_res_MI,26343-1.parquet,9
uhs11_1247--udt8110,parquet_residential_short_202512_res_MI,274249-1.parquet,1
uhs11_1247--udt8110,parquet_residential_short_202512_res_MI,275115-1.parquet,32
uhs11_1247--udt8110,parquet_residential_short_202512_res_MI,280750-1.parquet,1
uhs11_1247--udt8110,parquet_residential_short_202512_res_MI,281826-1.parquet,6
uhs11_1247--udt8110,parquet_residential_short_202512_res_MI,282194-1.parquet,4
uhs11_1247--udt8110,parquet_residential_short_202512_res_MI,285946-1.parquet,1
uhs11_1247--udt8110,parquet_residential_short_202512_res_MI,292113-1.parquet,7
uhs11_1247--udt8110,parquet_residential_short_202512_res_MI,300299-1.parquet,1
uhs11_1247--udt8110,parquet_residential_short_202512_res_MI,305049-1.parquet,8
uhs11_1247--udt8110,parquet_residential_short_202512_res_MI,31043-1.parquet,4
uhs11_1247--udt8110,parquet_residential_short_202512_res_MI,31214-1.parquet,3
uhs11_1247--udt8110,parquet_residential_short_202512_res_MI,316670-1.parquet,2
uhs11_1247--udt8110,parquet_residential_short_202512_res_MI,317135-1.parquet,6
uhs11_1247--udt8110,parquet_residential_short_202512_res_MI,317368-1.parquet,3
uhs11_1247--udt8110,parquet_residential_short_202512_res_MI,318734-1.parquet,1
uhs11_1247--udt8110,parquet_residential_short_202512_res_MI,329472-1.parquet,23
uhs11_1247--udt8110,parquet_residential_short_202512_res_MI,330999-1.parquet,10
uhs11_1247--udt8110,parquet_residential_short_202512_res_MI,331207-1.parquet,3
uhs11_1247--udt8110,parquet_residential_short_202512_res_MI,334073-1.parquet,117
uhs11_1247--udt8110,parquet_residential_short_202512_res_MI,335327-1.parquet,3
uhs11_1247--udt8110,parquet_residential_short_202512_res_MI,344633-1.parquet,3
uhs11_1247--udt8110,parquet_residential_short_202512_res_MI,361783-1.parquet,39
uhs11_1247--udt8110,parquet_residential_short_202512_res_MI,363455-1.parquet,1
uhs11_1247--udt8110,parquet_residential_short_202512_res_MI,368387-1.parquet,1
uhs11_1247--udt8110,parquet_residential_short_202512_res_MI,368438-1.parquet,1
uhs11_1247--udt8110,parquet_residential_short_202512_res_MI,368957-1.parquet,1
uhs11_1247--udt8110,parquet_residential_short_202512_res_MI,370010-1.parquet,4
uhs11_1247--udt8110,parquet_residential_short_202512_res_MI,378338-1.parquet,48
uhs11_1247--udt8110,parquet_residential_short_202512_res_MI,380296-1.parquet,6
uhs11_1247--udt8110,parquet_residential_short_202512_res_MI,381828-1.parquet,5
uhs11_1247--udt8110,parquet_residential_short_202512_res_MI,381867-1.parquet,1
uhs11_1247--udt8110,parquet_residential_short_202512_res_MI,387495-1.parquet,1
uhs11_1247--udt8110,parquet_residential_short_202512_res_MI,392142-1.parquet,18
uhs11_1247--udt8110,parquet_residential_short_202512_res_MI,39516-1.parquet,1
uhs11_1247--udt8110,parquet_residential_short_202512_res_MI,39539-1.parquet,2
uhs11_1247--udt8110,parquet_residential_short_202512_res_MI,395863-1.parquet,7
uhs11_1247--udt8110,parquet_residential_short_202512_res_MI,400912-1.parquet,26
uhs11_1247--udt8110,parquet_residential_short_202512_res_MI,405426-1.parquet,1
uhs11_1247--udt8110,parquet_residential_short_202512_res_MI,411616-1.parquet,21
uhs11_1247--udt8110,parquet_residential_short_202512_res_MI,414172-1.parquet,1
uhs11_1247--udt8110,parquet_residential_short_202512_res_MI,418555-1.parquet,1
uhs11_1247--udt8110,parquet_residential_short_202512_res_MI,421729-1.parquet,4
uhs11_1247--udt8110,parquet_residential_short_202512_res_MI,426204-1.parquet,2
uhs11_1247--udt8110,parquet_residential_short_202512_res_MI,430122-1.parquet,1
uhs11_1247--udt8110,parquet_residential_short_202512_res_MI,432811-1.parquet,1
uhs11_1247--udt8110,parquet_residential_short_202512_res_MI,433741-1.parquet,8
uhs11_1247--udt8110,parquet_residential_short_202512_res_MI,436629-1.parquet,13
uhs11_1247--udt8110,parquet_residential_short_202512_res_MI,437871-1.parquet,30
uhs11_1247--udt8110,parquet_residential_short_202512_res_MI,444065-1.parquet,22
uhs11_1247--udt8110,parquet_residential_short_202512_res_MI,449958-1.parquet,10
uhs11_1247--udt8110,parquet_residential_short_202512_res_MI,45070-1.parquet,1
uhs11_1247--udt8110,parquet_residential_short_202512_res_MI,453782-1.parquet,1
uhs11_1247--udt8110,parquet_residential_short_202512_res_MI,455633-1.parquet,1
uhs11_1247--udt8110,parquet_residential_short_202512_res_MI,457273-1.parquet,4
uhs11_1247--udt8110,parquet_residential_short_202512_res_MI,458168-1.parquet,3
uhs11_1247--udt8110,parquet_residential_short_202512_res_MI,459710-1.parquet,3
uhs11_1247--udt8110,parquet_residential_short_202512_res_MI,459832-1.parquet,1
uhs11_1247--udt8110,parquet_residential_short_202512_res_MI,463711-1.parquet,1
uhs11_1247--udt8110,parquet_residential_short_202512_res_MI,465693-1.parquet,1
uhs11_1247--udt8110,parquet_residential_short_202512_res_MI,472423-1.parquet,1
uhs11_1247--udt8110,parquet_residential_short_202512_res_MI,473383-1.parquet,6
uhs11_1247--udt8110,parquet_residential_short_202512_res_MI,473989-1.parquet,1
uhs11_1247--udt8110,parquet_residential_short_202512_res_MI,474345-1.parquet,9
uhs11_1247--udt8110,parquet_residential_short_202512_res_MI,48368-1.parquet,2
uhs11_1247--udt8110,parquet_residential_short_202512_res_MI,485286-1.parquet,8
uhs11_1247--udt8110,parquet_residential_short_202512_res_MI,485537-1.parquet,12
uhs11_1247--udt8110,parquet_residential_short_202512_res_MI,491904-1.parquet,22
uhs11_1247--udt8110,parquet_residential_short_202512_res_MI,494108-1.parquet,21
uhs11_1247--udt8110,parquet_residential_short_202512_res_MI,498993-1.parquet,6
uhs11_1247--udt8110,parquet_residential_short_202512_res_MI,502032-1.parquet,17
uhs11_1247--udt8110,parquet_residential_short_202512_res_MI,505391-1.parquet,7
uhs11_1247--udt8110,parquet_residential_short_202512_res_MI,505432-1.parquet,1
uhs11_1247--udt8110,parquet_residential_short_202512_res_MI,508330-1.parquet,9
uhs11_1247--udt8110,parquet_residential_short_202512_res_MI,513814-1.parquet,16
uhs11_1247--udt8110,parquet_residential_short_202512_res_MI,521610-1.parquet,6
uhs11_1247--udt8110,parquet_residential_short_202512_res_MI,525496-1.parquet,2
uhs11_1247--udt8110,parquet_residential_short_202512_res_MI,527997-1.parquet,2
uhs11_1247--udt8110,parquet_residential_short_202512_res_MI,530245-1.parquet,3
uhs11_1247--udt8110,parquet_residential_short_202512_res_MI,530429-1.parquet,1
uhs11_1247--udt8110,parquet_residential_short_202512_res_MI,533319-1.parquet,2
uhs11_1247--udt8110,parquet_residential_short_202512_res_MI,53721-1.parquet,1
uhs11_1247--udt8110,parquet_residential_short_202512_res_MI,538350-1.parquet,25
uhs11_1247--udt8110,parquet_residential_short_202512_res_MI,544131-1.parquet,1
uhs11_1247--udt8110,parquet_residential_short_202512_res_MI,544611-1.parquet,1
uhs11_1247--udt8110,parquet_residential_short_202512_res_MI,549574-1.parquet,5
uhs11_1247--udt8110,parquet_residential_short_202512_res_MI,60207-1.parquet,1
uhs11_1247--udt8110,parquet_residential_short_202512_res_MI,63130-1.parquet,3
uhs11_1247--udt8110,parquet_residential_short_202512_res_MI,66663-1.parquet,1
uhs11_1247--udt8110,parquet_residential_short_202512_res_MI,78734-1.parquet,1
uhs11_1247--udt8110,parquet_residential_short_202512_res_MI,8111-1.parquet,18
uhs11_1247--udt8110,parquet_residential_short_202512_res_MI,83885-1.parquet,4
uhs11_1247--udt8110,parquet_residential_short_202512_res_MI,87112-1.parquet,1
uhs11_1247--udt8110,parquet_residential_short_202512_res_MI,90350-1.parquet,2
uhs11_1247--udt8110,parquet_residential_short_202512_res_MI,92876-1.parquet,3
uhs11_1247--udt8110,parquet_residential_short_202512_res_MI,95747-1.parquet,4
uhs12_1247--udt1278,parquet_commercial_202512_comm_MI,158460-1.parquet,1
uhs12_1247--udt1278,parquet_commercial_202512_comm_MI,159114-1.parquet,1
uhs12_1247--udt1278,parquet_commercial_202512_comm_MI,159485-1.parquet,1
uhs12_1247--udt1278,parquet_commercial_202512_comm_MI,159799-8.parquet,1
uhs12_1247--udt1278,parquet_commercial_202512_comm_MI,160078-1.parquet,1
uhs12_1247--udt1278,parquet_commercial_202512_comm_MI,160529-1.parquet,5
uhs12_1247--udt1278,parquet_commercial_202512_comm_MI,160638-1.parquet,1
uhs12_1247--udt1278,parquet_commercial_202512_comm_MI,161214-1.parquet,1
uhs12_1247--udt1278,parquet_commercial_202512_comm_MI,161632-1.parquet,1
uhs12_1247--udt1278,parquet_commercial_202512_comm_MI,161642-1.parquet,1
uhs12_1247--udt1278,parquet_commercial_202512_comm_MI,161954-8.parquet,1
uhs12_1247--udt1278,parquet_commercial_202512_comm_MI,161969-1.parquet,1
uhs12_1247--udt1278,parquet_commercial_202512_comm_MI,164450-1.parquet,1
uhs12_1247--udt1278,parquet_commercial_202512_comm_MI,164742-1.parquet,2
uhs12_1247--udt1278,parquet_commercial_202512_comm_MI,164743-1.parquet,1
uhs12_1247--udt1278,parquet_commercial_202512_comm_MI,164928-8.parquet,3
uhs12_1247--udt1278,parquet_commercial_202512_comm_MI,165260-1.parquet,1
uhs12_1247--udt1278,parquet_commercial_202512_comm_MI,165376-1.parquet,1
uhs12_1247--udt1278,parquet_commercial_202512_comm_MI,166183-1.parquet,1
uhs12_1247--udt1278,parquet_commercial_202512_comm_MI,166339-1.parquet,1
uhs12_1247--udt1278,parquet_commercial_202512_comm_MI,166814-1.parquet,2
uhs12_1247--udt1278,parquet_commercial_202512_comm_MI,167790-1.parquet,1
uhs12_1247--udt1278,parquet_commercial_202512_comm_MI,169748-1.parquet,1
uhs12_1247--udt1278,parquet_commercial_202512_comm_MI,170067-1.parquet,1
uhs12_1247--udt1278,parquet_residential_short_202512_res_MI,10381-1.parquet,10
uhs12_1247--udt1278,parquet_residential_short_202512_res_MI,111086-1.parquet,1
uhs12_1247--udt1278,parquet_residential_short_202512_res_MI,11278-1.parquet,1
uhs12_1247--udt1278,parquet_residential_short_202512_res_MI,113255-1.parquet,6
uhs12_1247--udt1278,parquet_residential_short_202512_res_MI,113495-1.parquet,5
uhs12_1247--udt1278,parquet_residential_short_202512_res_MI,116219-1.parquet,3
uhs12_1247--udt1278,parquet_residential_short_202512_res_MI,118404-1.parquet,65
uhs12_1247--udt1278,parquet_residential_short_202512_res_MI,129325-1.parquet,1
uhs12_1247--udt1278,parquet_residential_short_202512_res_MI,129893-1.parquet,2
uhs12_1247--udt1278,parquet_residential_short_202512_res_MI,134138-1.parquet,4
uhs12_1247--udt1278,parquet_residential_short_202512_res_MI,14251-1.parquet,3
uhs12_1247--udt1278,parquet_residential_short_202512_res_MI,144380-1.parquet,10
uhs12_1247--udt1278,parquet_residential_short_202512_res_MI,144557-1.parquet,3
uhs12_1247--udt1278,parquet_residential_short_202512_res_MI,144707-1.parquet,1
uhs12_1247--udt1278,parquet_residential_short_202512_res_MI,145077-1.parquet,1
uhs12_1247--udt1278,parquet_residential_short_202512_res_MI,145104-1.parquet,6
uhs12_1247--udt1278,parquet_residential_short_202512_res_MI,15283-1.parquet,4
uhs12_1247--udt1278,parquet_residential_short_202512_res_MI,158553-1.parquet,3
uhs12_1247--udt1278,parquet_residential_short_202512_res_MI,163160-1.parquet,1
uhs12_1247--udt1278,parquet_residential_short_202512_res_MI,163888-1.parquet,12
uhs12_1247--udt1278,parquet_residential_short_202512_res_MI,163929-1.parquet,18
uhs12_1247--udt1278,parquet_residential_short_202512_res_MI,165775-1.parquet,1
uhs12_1247--udt1278,parquet_residential_short_202512_res_MI,169556-1.parquet,2
uhs12_1247--udt1278,parquet_residential_short_202512_res_MI,178848-1.parquet,149
uhs12_1247--udt1278,parquet_residential_short_202512_res_MI,178924-1.parquet,49
uhs12_1247--udt1278,parquet_residential_short_202512_res_MI,179061-1.parquet,149
uhs12_1247--udt1278,parquet_residential_short_202512_res_MI,179402-1.parquet,2
uhs12_1247--udt1278,parquet_residential_short_202512_res_MI,180563-1.parquet,1
uhs12_1247--udt1278,parquet_residential_short_202512_res_MI,181066-1.parquet,1
uhs12_1247--udt1278,parquet_residential_short_202512_res_MI,181568-1.parquet,1
uhs12_1247--udt1278,parquet_residential_short_202512_res_MI,18662-1.parquet,1
uhs12_1247--udt1278,parquet_residential_short_202512_res_MI,193304-1.parquet,4
uhs12_1247--udt1278,parquet_residential_short_202512_res_MI,195848-1.parquet,2
uhs12_1247--udt1278,parquet_residential_short_202512_res_MI,20070-1.parquet,2
uhs12_1247--udt1278,parquet_residential_short_202512_res_MI,202225-1.parquet,3
uhs12_1247--udt1278,parquet_residential_short_202512_res_MI,204257-1.parquet,12
uhs12_1247--udt1278,parquet_residential_short_202512_res_MI,205005-1.parquet,1
uhs12_1247--udt1278,parquet_residential_short_202512_res_MI,208625-1.parquet,1
uhs12_1247--udt1278,parquet_residential_short_202512_res_MI,211618-1.parquet,4
uhs12_1247--udt1278,parquet_residential_short_202512_res_MI,213050-1.parquet,1
uhs12_1247--udt1278,parquet_residential_short_202512_res_MI,215616-1.parquet,1
uhs12_1247--udt1278,parquet_residential_short_202512_res_MI,218749-1.parquet,1
uhs12_1247--udt1278,parquet_residential_short_202512_res_MI,219061-1.parquet,8
uhs12_1247--udt1278,parquet_residential_short_202512_res_MI,219912-1.parquet,1
uhs12_1247--udt1278,parquet_residential_short_202512_res_MI,224704-1.parquet,73
uhs12_1247--udt1278,parquet_residential_short_202512_res_MI,229456-1.parquet,3
uhs12_1247--udt1278,parquet_residential_short_202512_res_MI,242004-1.parquet,2
uhs12_1247--udt1278,parquet_residential_short_202512_res_MI,252372-1.parquet,1
uhs12_1247--udt1278,parquet_residential_short_202512_res_MI,255062-1.parquet,28
uhs12_1247--udt1278,parquet_residential_short_202512_res_MI,256339-1.parquet,2
uhs12_1247--udt1278,parquet_residential_short_202512_res_MI,25870-1.parquet,1
uhs12_1247--udt1278,parquet_residential_short_202512_res_MI,261491-1.parquet,2
uhs12_1247--udt1278,parquet_residential_short_202512_res_MI,263197-1.parquet,8
uhs12_1247--udt1278,parquet_residential_short_202512_res_MI,26343-1.parquet,12
uhs12_1247--udt1278,parquet_residential_short_202512_res_MI,275115-1.parquet,26
uhs12_1247--udt1278,parquet_residential_short_202512_res_MI,275600-1.parquet,3
uhs12_1247--udt1278,parquet_residential_short_202512_res_MI,277511-1.parquet,3
uhs12_1247--udt1278,parquet_residential_short_202512_res_MI,277988-1.parquet,2
uhs12_1247--udt1278,parquet_residential_short_202512_res_MI,278143-1.parquet,2
uhs12_1247--udt1278,parquet_residential_short_202512_res_MI,278648-1.parquet,1
uhs12_1247--udt1278,parquet_residential_short_202512_res_MI,280750-1.parquet,2
uhs12_1247--udt1278,parquet_residential_short_202512_res_MI,281826-1.parquet,2
uhs12_1247--udt1278,parquet_residential_short_202512_res_MI,282194-1.parquet,8
uhs12_1247--udt1278,parquet_residential_short_202512_res_MI,285678-1.parquet,2
uhs12_1247--udt1278,parquet_residential_short_202512_res_MI,292113-1.parquet,8
uhs12_1247--udt1278,parquet_residential_short_202512_res_MI,31043-1.parquet,9
uhs12_1247--udt1278,parquet_residential_short_202512_res_MI,31214-1.parquet,1
uhs12_1247--udt1278,parquet_residential_short_202512_res_MI,316181-1.parquet,1
uhs12_1247--udt1278,parquet_residential_short_202512_res_MI,316670-1.parquet,4
uhs12_1247--udt1278,parquet_residential_short_202512_res_MI,317135-1.parquet,2
uhs12_1247--udt1278,parquet_residential_short_202512_res_MI,317368-1.parquet,8
uhs12_1247--udt1278,parquet_residential_short_202512_res_MI,320231-1.parquet,1
uhs12_1247--udt1278,parquet_residential_short_202512_res_MI,329472-1.parquet,20
uhs12_1247--udt1278,parquet_residential_short_202512_res_MI,330999-1.parquet,1
uhs12_1247--udt1278,parquet_residential_short_202512_res_MI,331207-1.parquet,2
uhs12_1247--udt1278,parquet_residential_short_202512_res_MI,334073-1.parquet,183
uhs12_1247--udt1278,parquet_residential_short_202512_res_MI,335327-1.parquet,2
uhs12_1247--udt1278,parquet_residential_short_202512_res_MI,344633-1.parquet,2
uhs12_1247--udt1278,parquet_residential_short_202512_res_MI,345199-1.parquet,1
uhs12_1247--udt1278,parquet_residential_short_202512_res_MI,346477-1.parquet,3
uhs12_1247--udt1278,parquet_residential_short_202512_res_MI,354403-1.parquet,3
uhs12_1247--udt1278,parquet_residential_short_202512_res_MI,361783-1.parquet,113
uhs12_1247--udt1278,parquet_residential_short_202512_res_MI,365825-1.parquet,1
uhs12_1247--udt1278,parquet_residential_short_202512_res_MI,368387-1.parquet,4
uhs12_1247--udt1278,parquet_residential_short_202512_res_MI,368438-1.parquet,2
uhs12_1247--udt1278,parquet_residential_short_202512_res_MI,370010-1.parquet,4
uhs12_1247--udt1278,parquet_residential_short_202512_res_MI,377543-1.parquet,1
uhs12_1247--udt1278,parquet_residential_short_202512_res_MI,378338-1.parquet,17
uhs12_1247--udt1278,parquet_residential_short_202512_res_MI,380296-1.parquet,4
uhs12_1247--udt1278,parquet_residential_short_202512_res_MI,381828-1.parquet,3
uhs12_1247--udt1278,parquet_residential_short_202512_res_MI,381867-1.parquet,5
uhs12_1247--udt1278,parquet_residential_short_202512_res_MI,387495-1.parquet,10
uhs12_1247--udt1278,parquet_residential_short_202512_res_MI,392142-1.parquet,17
uhs12_1247--udt1278,parquet_residential_short_202512_res_MI,39516-1.parquet,1
uhs12_1247--udt1278,parquet_residential_short_202512_res_MI,39539-1.parquet,3
uhs12_1247--udt1278,parquet_residential_short_202512_res_MI,395863-1.parquet,6
uhs12_1247--udt1278,parquet_residential_short_202512_res_MI,400912-1.parquet,45
uhs12_1247--udt1278,parquet_residential_short_202512_res_MI,405426-1.parquet,1
uhs12_1247--udt1278,parquet_residential_short_202512_res_MI,411616-1.parquet,92
uhs12_1247--udt1278,parquet_residential_short_202512_res_MI,418555-1.parquet,7
uhs12_1247--udt1278,parquet_residential_short_202512_res_MI,426204-1.parquet,16
uhs12_1247--udt1278,parquet_residential_short_202512_res_MI,428505-1.parquet,1
uhs12_1247--udt1278,parquet_residential_short_202512_res_MI,430122-1.parquet,6
uhs12_1247--udt1278,parquet_residential_short_202512_res_MI,432811-1.parquet,3
uhs12_1247--udt1278,parquet_residential_short_202512_res_MI,433379-1.parquet,1
uhs12_1247--udt1278,parquet_residential_short_202512_res_MI,433741-1.parquet,7
uhs12_1247--udt1278,parquet_residential_short_202512_res_MI,436629-1.parquet,26
uhs12_1247--udt1278,parquet_residential_short_202512_res_MI,437871-1.parquet,56
uhs12_1247--udt1278,parquet_residential_short_202512_res_MI,439442-1.parquet,1
uhs12_1247--udt1278,parquet_residential_short_202512_res_MI,440127-1.parquet,1
uhs12_1247--udt1278,parquet_residential_short_202512_res_MI,441370-1.parquet,8
uhs12_1247--udt1278,parquet_residential_short_202512_res_MI,444065-1.parquet,40
uhs12_1247--udt1278,parquet_residential_short_202512_res_MI,444610-1.parquet,1
uhs12_1247--udt1278,parquet_residential_short_202512_res_MI,449575-1.parquet,1
uhs12_1247--udt1278,parquet_residential_short_202512_res_MI,44963-1.parquet,1
uhs12_1247--udt1278,parquet_residential_short_202512_res_MI,449958-1.parquet,10
uhs12_1247--udt1278,parquet_residential_short_202512_res_MI,45070-1.parquet,2
uhs12_1247--udt1278,parquet_residential_short_202512_res_MI,453782-1.parquet,5
uhs12_1247--udt1278,parquet_residential_short_202512_res_MI,455633-1.parquet,1
uhs12_1247--udt1278,parquet_residential_short_202512_res_MI,455768-1.parquet,1
uhs12_1247--udt1278,parquet_residential_short_202512_res_MI,457273-1.parquet,1
uhs12_1247--udt1278,parquet_residential_short_202512_res_MI,457563-1.parquet,1
uhs12_1247--udt1278,parquet_residential_short_202512_res_MI,458168-1.parquet,2
uhs12_1247--udt1278,parquet_residential_short_202512_res_MI,459710-1.parquet,15
uhs12_1247--udt1278,parquet_residential_short_202512_res_MI,464078-1.parquet,1
uhs12_1247--udt1278,parquet_residential_short_202512_res_MI,465693-1.parquet,4
uhs12_1247--udt1278,parquet_residential_short_202512_res_MI,467658-1.parquet,2
uhs12_1247--udt1278,parquet_residential_short_202512_res_MI,473383-1.parquet,12
uhs12_1247--udt1278,parquet_residential_short_202512_res_MI,474345-1.parquet,13
uhs12_1247--udt1278,parquet_residential_short_202512_res_MI,474857-1.parquet,2
uhs12_1247--udt1278,parquet_residential_short_202512_res_MI,485286-1.parquet,12
uhs12_1247--udt1278,parquet_residential_short_202512_res_MI,485537-1.parquet,11
uhs12_1247--udt1278,parquet_residential_short_202512_res_MI,488964-1.parquet,1
uhs12_1247--udt1278,parquet_residential_short_202512_res_MI,491904-1.parquet,21
uhs12_1247--udt1278,parquet_residential_short_202512_res_MI,492169-1.parquet,1
uhs12_1247--udt1278,parquet_residential_short_202512_res_MI,494108-1.parquet,28
uhs12_1247--udt1278,parquet_residential_short_202512_res_MI,498993-1.parquet,1
uhs12_1247--udt1278,parquet_residential_short_202512_res_MI,502032-1.parquet,8
uhs12_1247--udt1278,parquet_residential_short_202512_res_MI,505391-1.parquet,5
uhs12_1247--udt1278,parquet_residential_short_202512_res_MI,507422-1.parquet,1
uhs12_1247--udt1278,parquet_residential_short_202512_res_MI,508330-1.parquet,45
uhs12_1247--udt1278,parquet_residential_short_202512_res_MI,509345-1.parquet,1
uhs12_1247--udt1278,parquet_residential_short_202512_res_MI,511999-1.parquet,1
uhs12_1247--udt1278,parquet_residential_short_202512_res_MI,513814-1.parquet,11
uhs12_1247--udt1278,parquet_residential_short_202512_res_MI,519249-1.parquet,2
uhs12_1247--udt1278,parquet_residential_short_202512_res_MI,520460-1.parquet,2
uhs12_1247--udt1278,parquet_residential_short_202512_res_MI,521610-1.parquet,5
uhs12_1247--udt1278,parquet_residential_short_202512_res_MI,523472-1.parquet,1
uhs12_1247--udt1278,parquet_residential_short_202512_res_MI,525496-1.parquet,5
uhs12_1247--udt1278,parquet_residential_short_202512_res_MI,530245-1.parquet,4
uhs12_1247--udt1278,parquet_residential_short_202512_res_MI,533319-1.parquet,9
uhs12_1247--udt1278,parquet_residential_short_202512_res_MI,53721-1.parquet,2
uhs12_1247--udt1278,parquet_residential_short_202512_res_MI,538350-1.parquet,37
uhs12_1247--udt1278,parquet_residential_short_202512_res_MI,540993-1.parquet,1
uhs12_1247--udt1278,parquet_residential_short_202512_res_MI,544131-1.parquet,1
uhs12_1247--udt1278,parquet_residential_short_202512_res_MI,549574-1.parquet,6
uhs12_1247--udt1278,parquet_residential_short_202512_res_MI,73789-1.parquet,2
uhs12_1247--udt1278,parquet_residential_short_202512_res_MI,74525-1.parquet,2
uhs12_1247--udt1278,parquet_residential_short_202512_res_MI,78734-1.parquet,1
uhs12_1247--udt1278,parquet_residential_short_202512_res_MI,8111-1.parquet,10
uhs12_1247--udt1278,parquet_residential_short_202512_res_MI,82218-1.parquet,2
uhs12_1247--udt1278,parquet_residential_short_202512_res_MI,83885-1.parquet,3
uhs12_1247--udt1278,parquet_residential_short_202512_res_MI,90350-1.parquet,10
uhs12_1247--udt1278,parquet_residential_short_202512_res_MI,92876-1.parquet,3
uhs12_1247--udt1278,parquet_residential_short_202512_res_MI,95747-1.parquet,3
uhs12_1247--udt15482,parquet_commercial_202512_comm_MI,157810-1.parquet,5
uhs12_1247--udt15482,parquet_commercial_202512_comm_MI,157823-1.parquet,1
uhs12_1247--udt15482,parquet_commercial_202512_comm_MI,158144-8.parquet,1
uhs12_1247--udt15482,parquet_commercial_202512_comm_MI,158188-1.parquet,2
uhs12_1247--udt15482,parquet_commercial_202512_comm_MI,158365-1.parquet,6
uhs12_1247--udt15482,parquet_commercial_202512_comm_MI,158414-1.parquet,1
uhs12_1247--udt15482,parquet_commercial_202512_comm_MI,158456-1.parquet,32
uhs12_1247--udt15482,parquet_commercial_202512_comm_MI,158460-1.parquet,56
uhs12_1247--udt15482,parquet_commercial_202512_comm_MI,158935-1.parquet,1
uhs12_1247--udt15482,parquet_commercial_202512_comm_MI,159114-1.parquet,1
uhs12_1247--udt15482,parquet_commercial_202512_comm_MI,159485-1.parquet,1
uhs12_1247--udt15482,parquet_commercial_202512_comm_MI,159565-8.parquet,1
uhs12_1247--udt15482,parquet_commercial_202512_comm_MI,159841-1.parquet,10
uhs12_1247--udt15482,parquet_commercial_202512_comm_MI,159865-1.parquet,1
uhs12_1247--udt15482,parquet_commercial_202512_comm_MI,159922-8.parquet,2
uhs12_1247--udt15482,parquet_commercial_202512_comm_MI,160477-1.parquet,1
uhs12_1247--udt15482,parquet_commercial_202512_comm_MI,160529-1.parquet,8
uhs12_1247--udt15482,parquet_commercial_202512_comm_MI,160747-1.parquet,11
uhs12_1247--udt15482,parquet_commercial_202512_comm_MI,160855-8.parquet,1
uhs12_1247--udt15482,parquet_commercial_202512_comm_MI,161134-1.parquet,16
uhs12_1247--udt15482,parquet_commercial_202512_comm_MI,161135-1.parquet,1
uhs12_1247--udt15482,parquet_commercial_202512_comm_MI,161275-1.parquet,1
uhs12_1247--udt15482,parquet_commercial_202512_comm_MI,161642-1.parquet,1
uhs12_1247--udt15482,parquet_commercial_202512_comm_MI,161648-1.parquet,1
uhs12_1247--udt15482,parquet_commercial_202512_comm_MI,161746-1.parquet,3
uhs12_1247--udt15482,parquet_commercial_202512_comm_MI,161940-1.parquet,3
uhs12_1247--udt15482,parquet_commercial_202512_comm_MI,162590-8.parquet,3
uhs12_1247--udt15482,parquet_commercial_202512_comm_MI,162646-8.parquet,2
uhs12_1247--udt15482,parquet_commercial_202512_comm_MI,162850-1.parquet,3
uhs12_1247--udt15482,parquet_commercial_202512_comm_MI,162943-1.parquet,3
uhs12_1247--udt15482,parquet_commercial_202512_comm_MI,162993-1.parquet,2
uhs12_1247--udt15482,parquet_commercial_202512_comm_MI,163035-1.parquet,13
uhs12_1247--udt15482,parquet_commercial_202512_comm_MI,163365-1.parquet,3
uhs12_1247--udt15482,parquet_commercial_202512_comm_MI,163398-1.parquet,1
uhs12_1247--udt15482,parquet_commercial_202512_comm_MI,163403-1.parquet,1
uhs12_1247--udt15482,parquet_commercial_202512_comm_MI,163497-1.parquet,1
uhs12_1247--udt15482,parquet_commercial_202512_comm_MI,163559-1.parquet,2
uhs12_1247--udt15482,parquet_commercial_202512_comm_MI,163710-1.parquet,3
uhs12_1247--udt15482,parquet_commercial_202512_comm_MI,163919-1.parquet,2
uhs12_1247--udt15482,parquet_commercial_202512_comm_MI,163928-1.parquet,1
uhs12_1247--udt15482,parquet_commercial_202512_comm_MI,163961-1.parquet,1
uhs12_1247--udt15482,parquet_commercial_202512_comm_MI,164126-8.parquet,1
uhs12_1247--udt15482,parquet_commercial_202512_comm_MI,164606-1.parquet,4
uhs12_1247--udt15482,parquet_commercial_202512_comm_MI,164677-1.parquet,4
uhs12_1247--udt15482,parquet_commercial_202512_comm_MI,164742-1.parquet,2
uhs12_1247--udt15482,parquet_commercial_202512_comm_MI,164743-1.parquet,4
uhs12_1247--udt15482,parquet_commercial_202512_comm_MI,164825-1.parquet,1
uhs12_1247--udt15482,parquet_commercial_202512_comm_MI,164928-8.parquet,3
uhs12_1247--udt15482,parquet_commercial_202512_comm_MI,165209-8.parquet,1
uhs12_1247--udt15482,parquet_commercial_202512_comm_MI,165260-1.parquet,1
uhs12_1247--udt15482,parquet_commercial_202512_comm_MI,165352-8.parquet,1
uhs12_1247--udt15482,parquet_commercial_202512_comm_MI,165531-8.parquet,1
uhs12_1247--udt15482,parquet_commercial_202512_comm_MI,165583-1.parquet,1
uhs12_1247--udt15482,parquet_commercial_202512_comm_MI,166041-1.parquet,1
uhs12_1247--udt15482,parquet_commercial_202512_comm_MI,166183-1.parquet,2
uhs12_1247--udt15482,parquet_commercial_202512_comm_MI,166339-1.parquet,2
uhs12_1247--udt15482,parquet_commercial_202512_comm_MI,166488-1.parquet,1
uhs12_1247--udt15482,parquet_commercial_202512_comm_MI,166527-1.parquet,1
uhs12_1247--udt15482,parquet_commercial_202512_comm_MI,166814-1.parquet,2
uhs12_1247--udt15482,parquet_commercial_202512_comm_MI,166998-1.parquet,6
uhs12_1247--udt15482,parquet_commercial_202512_comm_MI,167724-1.parquet,1
uhs12_1247--udt15482,parquet_commercial_202512_comm_MI,167828-1.parquet,3
uhs12_1247--udt15482,parquet_commercial_202512_comm_MI,167908-1.parquet,1
uhs12_1247--udt15482,parquet_commercial_202512_comm_MI,167919-1.parquet,1
uhs12_1247--udt15482,parquet_commercial_202512_comm_MI,168103-1.parquet,1
uhs12_1247--udt15482,parquet_commercial_202512_comm_MI,168193-1.parquet,1
uhs12_1247--udt15482,parquet_commercial_202512_comm_MI,168388-1.parquet,1
uhs12_1247--udt15482,parquet_commercial_202512_comm_MI,168555-1.parquet,1
uhs12_1247--udt15482,parquet_commercial_202512_comm_MI,168682-1.parquet,1
uhs12_1247--udt15482,parquet_commercial_202512_comm_MI,168740-1.parquet,1
uhs12_1247--udt15482,parquet_commercial_202512_comm_MI,168901-1.parquet,5
uhs12_1247--udt15482,parquet_commercial_202512_comm_MI,169002-1.parquet,1
uhs12_1247--udt15482,parquet_commercial_202512_comm_MI,169159-1.parquet,2
uhs12_1247--udt15482,parquet_commercial_202512_comm_MI,169316-1.parquet,4
uhs12_1247--udt15482,parquet_commercial_202512_comm_MI,169433-1.parquet,1
uhs12_1247--udt15482,parquet_commercial_202512_comm_MI,169593-1.parquet,1
uhs12_1247--udt15482,parquet_commercial_202512_comm_MI,169601-8.parquet,3
uhs12_1247--udt15482,parquet_commercial_202512_comm_MI,169680-1.parquet,2
uhs12_1247--udt15482,parquet_commercial_202512_comm_MI,169773-1.parquet,2
uhs12_1247--udt15482,parquet_commercial_202512_comm_MI,169985-1.parquet,1
uhs12_1247--udt15482,parquet_residential_short_202512_res_MI,10381-1.parquet,4
uhs12_1247--udt15482,parquet_residential_short_202512_res_MI,104079-1.parquet,1
uhs12_1247--udt15482,parquet_residential_short_202512_res_MI,109870-1.parquet,2
uhs12_1247--udt15482,parquet_residential_short_202512_res_MI,113255-1.parquet,4
uhs12_1247--udt15482,parquet_residential_short_202512_res_MI,113495-1.parquet,1
uhs12_1247--udt15482,parquet_residential_short_202512_res_MI,11596-1.parquet,2
uhs12_1247--udt15482,parquet_residential_short_202512_res_MI,116219-1.parquet,2
uhs12_1247--udt15482,parquet_residential_short_202512_res_MI,118404-1.parquet,49
uhs12_1247--udt15482,parquet_residential_short_202512_res_MI,121458-1.parquet,1
uhs12_1247--udt15482,parquet_residential_short_202512_res_MI,129325-1.parquet,1
uhs12_1247--udt15482,parquet_residential_short_202512_res_MI,129893-1.parquet,1
uhs12_1247--udt15482,parquet_residential_short_202512_res_MI,134138-1.parquet,1
uhs12_1247--udt15482,parquet_residential_short_202512_res_MI,135030-1.parquet,2
uhs12_1247--udt15482,parquet_residential_short_202512_res_MI,14251-1.parquet,1
uhs12_1247--udt15482,parquet_residential_short_202512_res_MI,144380-1.parquet,2
uhs12_1247--udt15482,parquet_residential_short_202512_res_MI,144803-1.parquet,1
uhs12_1247--udt15482,parquet_residential_short_202512_res_MI,145077-1.parquet,1
uhs12_1247--udt15482,parquet_residential_short_202512_res_MI,145104-1.parquet,2
uhs12_1247--udt15482,parquet_residential_short_202512_res_MI,15283-1.parquet,4
uhs12_1247--udt15482,parquet_residential_short_202512_res_MI,158553-1.parquet,1
uhs12_1247--udt15482,parquet_residential_short_202512_res_MI,163888-1.parquet,1
uhs12_1247--udt15482,parquet_residential_short_202512_res_MI,163929-1.parquet,4
uhs12_1247--udt15482,parquet_residential_short_202512_res_MI,178848-1.parquet,52
uhs12_1247--udt15482,parquet_residential_short_202512_res_MI,178924-1.parquet,14
uhs12_1247--udt15482,parquet_residential_short_202512_res_MI,179061-1.parquet,82
uhs12_1247--udt15482,parquet_residential_short_202512_res_MI,179402-1.parquet,2
uhs12_1247--udt15482,parquet_residential_short_202512_res_MI,179991-1.parquet,2
uhs12_1247--udt15482,parquet_residential_short_202512_res_MI,189827-1.parquet,12
uhs12_1247--udt15482,parquet_residential_short_202512_res_MI,195848-1.parquet,1
uhs12_1247--udt15482,parquet_residential_short_202512_res_MI,202225-1.parquet,1
uhs12_1247--udt15482,parquet_residential_short_202512_res_MI,204257-1.parquet,1
uhs12_1247--udt15482,parquet_residential_short_202512_res_MI,211618-1.parquet,2
uhs12_1247--udt15482,parquet_residential_short_202512_res_MI,219061-1.parquet,5
uhs12_1247--udt15482,parquet_residential_short_202512_res_MI,229456-1.parquet,1
uhs12_1247--udt15482,parquet_residential_short_202512_res_MI,240169-1.parquet,1
uhs12_1247--udt15482,parquet_residential_short_202512_res_MI,240521-1.parquet,1
uhs12_1247--udt15482,parquet_residential_short_202512_res_MI,242004-1.parquet,1
uhs12_1247--udt15482,parquet_residential_short_202512_res_MI,255062-1.parquet,3
uhs12_1247--udt15482,parquet_residential_short_202512_res_MI,256339-1.parquet,1
uhs12_1247--udt15482,parquet_residential_short_202512_res_MI,25790-1.parquet,2
uhs12_1247--udt15482,parquet_residential_short_202512_res_MI,258760-1.parquet,2
uhs12_1247--udt15482,parquet_residential_short_202512_res_MI,26343-1.parquet,3
uhs12_1247--udt15482,parquet_residential_short_202512_res_MI,26747-1.parquet,1
uhs12_1247--udt15482,parquet_residential_short_202512_res_MI,275115-1.parquet,5
uhs12_1247--udt15482,parquet_residential_short_202512_res_MI,275600-1.parquet,1
uhs12_1247--udt15482,parquet_residential_short_202512_res_MI,277988-1.parquet,1
uhs12_1247--udt15482,parquet_residential_short_202512_res_MI,278143-1.parquet,3
uhs12_1247--udt15482,parquet_residential_short_202512_res_MI,280750-1.parquet,2
uhs12_1247--udt15482,parquet_residential_short_202512_res_MI,281826-1.parquet,1
uhs12_1247--udt15482,parquet_residential_short_202512_res_MI,282194-1.parquet,6
uhs12_1247--udt15482,parquet_residential_short_202512_res_MI,285678-1.parquet,2
uhs12_1247--udt15482,parquet_residential_short_202512_res_MI,292113-1.parquet,2
uhs12_1247--udt15482,parquet_residential_short_202512_res_MI,292202-1.parquet,1
uhs12_1247--udt15482,parquet_residential_short_202512_res_MI,305511-1.parquet,2
uhs12_1247--udt15482,parquet_residential_short_202512_res_MI,31043-1.parquet,6
uhs12_1247--udt15482,parquet_residential_short_202512_res_MI,316670-1.parquet,2
uhs12_1247--udt15482,parquet_residential_short_202512_res_MI,317135-1.parquet,1
uhs12_1247--udt15482,parquet_residential_short_202512_res_MI,329472-1.parquet,3
uhs12_1247--udt15482,parquet_residential_short_202512_res_MI,330999-1.parquet,1
uhs12_1247--udt15482,parquet_residential_short_202512_res_MI,331207-1.parquet,1
uhs12_1247--udt15482,parquet_residential_short_202512_res_MI,334073-1.parquet,48
uhs12_1247--udt15482,parquet_residential_short_202512_res_MI,345199-1.parquet,3
uhs12_1247--udt15482,parquet_residential_short_202512_res_MI,346477-1.parquet,1
uhs12_1247--udt15482,parquet_residential_short_202512_res_MI,354403-1.parquet,5
uhs12_1247--udt15482,parquet_residential_short_202512_res_MI,361783-1.parquet,25
uhs12_1247--udt15482,parquet_residential_short_202512_res_MI,363455-1.parquet,1
uhs12_1247--udt15482,parquet_residential_short_202512_res_MI,370010-1.parquet,1
uhs12_1247--udt15482,parquet_residential_short_202512_res_MI,378338-1.parquet,11
uhs12_1247--udt15482,parquet_residential_short_202512_res_MI,380296-1.parquet,1
uhs12_1247--udt15482,parquet_residential_short_202512_res_MI,381867-1.parquet,1
uhs12_1247--udt15482,parquet_residential_short_202512_res_MI,387495-1.parquet,2
uhs12_1247--udt15482,parquet_residential_short_202512_res_MI,392142-1.parquet,15
uhs12_1247--udt15482,parquet_residential_short_202512_res_MI,39539-1.parquet,1
uhs12_1247--udt15482,parquet_residential_short_202512_res_MI,400912-1.parquet,25
uhs12_1247--udt15482,parquet_residential_short_202512_res_MI,411616-1.parquet,16
uhs12_1247--udt15482,parquet_residential_short_202512_res_MI,426204-1.parquet,1
uhs12_1247--udt15482,parquet_residential_short_202512_res_MI,428505-1.parquet,1
uhs12_1247--udt15482,parquet_residential_short_202512_res_MI,430122-1.parquet,1
uhs12_1247--udt15482,parquet_residential_short_202512_res_MI,432811-1.parquet,1
uhs12_1247--udt15482,parquet_residential_short_202512_res_MI,433379-1.parquet,3
uhs12_1247--udt15482,parquet_residential_short_202512_res_MI,436629-1.parquet,10
uhs12_1247--udt15482,parquet_residential_short_202512_res_MI,437871-1.parquet,18
uhs12_1247--udt15482,parquet_residential_short_202512_res_MI,439442-1.parquet,1
uhs12_1247--udt15482,parquet_residential_short_202512_res_MI,441370-1.parquet,2
uhs12_1247--udt15482,parquet_residential_short_202512_res_MI,444065-1.parquet,6
uhs12_1247--udt15482,parquet_residential_short_202512_res_MI,444633-1.parquet,1
uhs12_1247--udt15482,parquet_residential_short_202512_res_MI,449958-1.parquet,4
uhs12_1247--udt15482,parquet_residential_short_202512_res_MI,453782-1.parquet,1
uhs12_1247--udt15482,parquet_residential_short_202512_res_MI,457273-1.parquet,2
uhs12_1247--udt15482,parquet_residential_short_202512_res_MI,459710-1.parquet,3
uhs12_1247--udt15482,parquet_residential_short_202512_res_MI,459832-1.parquet,1
uhs12_1247--udt15482,parquet_residential_short_202512_res_MI,463711-1.parquet,2
uhs12_1247--udt15482,parquet_residential_short_202512_res_MI,465693-1.parquet,8
uhs12_1247--udt15482,parquet_residential_short_202512_res_MI,473383-1.parquet,1
uhs12_1247--udt15482,parquet_residential_short_202512_res_MI,474345-1.parquet,4
uhs12_1247--udt15482,parquet_residential_short_202512_res_MI,478155-1.parquet,5
uhs12_1247--udt15482,parquet_residential_short_202512_res_MI,48368-1.parquet,1
uhs12_1247--udt15482,parquet_residential_short_202512_res_MI,485286-1.parquet,2
uhs12_1247--udt15482,parquet_residential_short_202512_res_MI,485537-1.parquet,2
uhs12_1247--udt15482,parquet_residential_short_202512_res_MI,491904-1.parquet,13
uhs12_1247--udt15482,parquet_residential_short_202512_res_MI,494108-1.parquet,2
uhs12_1247--udt15482,parquet_residential_short_202512_res_MI,498993-1.parquet,2
uhs12_1247--udt15482,parquet_residential_short_202512_res_MI,502032-1.parquet,7
uhs12_1247--udt15482,parquet_residential_short_202512_res_MI,505391-1.parquet,2
uhs12_1247--udt15482,parquet_residential_short_202512_res_MI,505432-1.parquet,1
uhs12_1247--udt15482,parquet_residential_short_202512_res_MI,508330-1.parquet,7
uhs12_1247--udt15482,parquet_residential_short_202512_res_MI,513814-1.parquet,2
uhs12_1247--udt15482,parquet_residential_short_202512_res_MI,515788-1.parquet,1
uhs12_1247--udt15482,parquet_residential_short_202512_res_MI,521610-1.parquet,2
uhs12_1247--udt15482,parquet_residential_short_202512_res_MI,525496-1.parquet,1
uhs12_1247--udt15482,parquet_residential_short_202512_res_MI,526776-1.parquet,2
uhs12_1247--udt15482,parquet_residential_short_202512_res_MI,533319-1.parquet,8
uhs12_1247--udt15482,parquet_residential_short_202512_res_MI,53721-1.parquet,2
uhs12_1247--udt15482,parquet_residential_short_202512_res_MI,538350-1.parquet,2
uhs12_1247--udt15482,parquet_residential_short_202512_res_MI,549574-1.parquet,2
uhs12_1247--udt15482,parquet_residential_short_202512_res_MI,74525-1.parquet,1
uhs12_1247--udt15482,parquet_residential_short_202512_res_MI,8111-1.parquet,4
uhs12_1247--udt15482,parquet_residential_short_202512_res_MI,83885-1.parquet,1
uhs12_1247--udt15482,parquet_residential_short_202512_res_MI,90350-1.parquet,7
uhs12_1247--udt15805,parquet_commercial_202512_comm_MI,157770-1.parquet,1
uhs12_1247--udt15805,parquet_commercial_202512_comm_MI,157859-8.parquet,1
uhs12_1247--udt15805,parquet_commercial_202512_comm_MI,158456-1.parquet,5
uhs12_1247--udt15805,parquet_commercial_202512_comm_MI,158460-1.parquet,3
uhs12_1247--udt15805,parquet_commercial_202512_comm_MI,158635-1.parquet,1
uhs12_1247--udt15805,parquet_commercial_202512_comm_MI,159075-1.parquet,1
uhs12_1247--udt15805,parquet_commercial_202512_comm_MI,159114-1.parquet,2
uhs12_1247--udt15805,parquet_commercial_202512_comm_MI,159158-1.parquet,1
uhs12_1247--udt15805,parquet_commercial_202512_comm_MI,159450-1.parquet,1
uhs12_1247--udt15805,parquet_commercial_202512_comm_MI,159533-1.parquet,1
uhs12_1247--udt15805,parquet_commercial_202512_comm_MI,160747-1.parquet,1
uhs12_1247--udt15805,parquet_commercial_202512_comm_MI,160861-1.parquet,1
uhs12_1247--udt15805,parquet_commercial_202512_comm_MI,161134-1.parquet,1
uhs12_1247--udt15805,parquet_commercial_202512_comm_MI,161434-1.parquet,1
uhs12_1247--udt15805,parquet_commercial_202512_comm_MI,161625-1.parquet,1
uhs12_1247--udt15805,parquet_commercial_202512_comm_MI,162547-1.parquet,1
uhs12_1247--udt15805,parquet_commercial_202512_comm_MI,162943-1.parquet,1
uhs12_1247--udt15805,parquet_commercial_202512_comm_MI,163365-1.parquet,1
uhs12_1247--udt15805,parquet_commercial_202512_comm_MI,163398-1.parquet,1
uhs12_1247--udt15805,parquet_commercial_202512_comm_MI,163772-1.parquet,1
uhs12_1247--udt15805,parquet_commercial_202512_comm_MI,164742-1.parquet,1
uhs12_1247--udt15805,parquet_commercial_202512_comm_MI,164928-8.parquet,1
uhs12_1247--udt15805,parquet_commercial_202512_comm_MI,165246-1.parquet,1
uhs12_1247--udt15805,parquet_commercial_202512_comm_MI,165260-1.parquet,2
uhs12_1247--udt15805,parquet_commercial_202512_comm_MI,166527-1.parquet,2
uhs12_1247--udt15805,parquet_commercial_202512_comm_MI,167919-1.parquet,2
uhs12_1247--udt15805,parquet_commercial_202512_comm_MI,168033-1.parquet,1
uhs12_1247--udt15805,parquet_commercial_202512_comm_MI,168388-1.parquet,1
uhs12_1247--udt15805,parquet_commercial_202512_comm_MI,169006-1.parquet,2
uhs12_1247--udt15805,parquet_commercial_202512_comm_MI,169107-8.parquet,1
uhs12_1247--udt15805,parquet_commercial_202512_comm_MI,169655-1.parquet,1
uhs12_1247--udt15805,parquet_commercial_202512_comm_MI,169680-1.parquet,1
uhs12_1247--udt15805,parquet_commercial_202512_comm_MI,169748-1.parquet,1
uhs12_1247--udt15805,parquet_commercial_202512_comm_MI,169898-1.parquet,1
uhs12_1247--udt15805,parquet_commercial_202512_comm_MI,170028-1.parquet,1
uhs12_1247--udt15805,parquet_residential_short_202512_res_MI,10381-1.parquet,1
uhs12_1247--udt15805,parquet_residential_short_202512_res_MI,113255-1.parquet,2
uhs12_1247--udt15805,parquet_residential_short_202512_res_MI,113495-1.parquet,1
uhs12_1247--udt15805,parquet_residential_short_202512_res_MI,118404-1.parquet,29
uhs12_1247--udt15805,parquet_residential_short_202512_res_MI,129893-1.parquet,1
uhs12_1247--udt15805,parquet_residential_short_202512_res_MI,134138-1.parquet,1
uhs12_1247--udt15805,parquet_residential_short_202512_res_MI,141664-1.parquet,1
uhs12_1247--udt15805,parquet_residential_short_202512_res_MI,14251-1.parquet,1
uhs12_1247--udt15805,parquet_residential_short_202512_res_MI,144380-1.parquet,1
uhs12_1247--udt15805,parquet_residential_short_202512_res_MI,15283-1.parquet,1
uhs12_1247--udt15805,parquet_residential_short_202512_res_MI,158553-1.parquet,3
uhs12_1247--udt15805,parquet_residential_short_202512_res_MI,163888-1.parquet,2
uhs12_1247--udt15805,parquet_residential_short_202512_res_MI,163929-1.parquet,3
uhs12_1247--udt15805,parquet_residential_short_202512_res_MI,178848-1.parquet,32
uhs12_1247--udt15805,parquet_residential_short_202512_res_MI,178924-1.parquet,9
uhs12_1247--udt15805,parquet_residential_short_202512_res_MI,179061-1.parquet,61
uhs12_1247--udt15805,parquet_residential_short_202512_res_MI,179991-1.parquet,2
uhs12_1247--udt15805,parquet_residential_short_202512_res_MI,181066-1.parquet,1
uhs12_1247--udt15805,parquet_residential_short_202512_res_MI,193304-1.parquet,1
uhs12_1247--udt15805,parquet_residential_short_202512_res_MI,195848-1.parquet,1
uhs12_1247--udt15805,parquet_residential_short_202512_res_MI,20070-1.parquet,1
uhs12_1247--udt15805,parquet_residential_short_202512_res_MI,202225-1.parquet,1
uhs12_1247--udt15805,parquet_residential_short_202512_res_MI,219061-1.parquet,6
uhs12_1247--udt15805,parquet_residential_short_202512_res_MI,219912-1.parquet,1
uhs12_1247--udt15805,parquet_residential_short_202512_res_MI,255062-1.parquet,2
uhs12_1247--udt15805,parquet_residential_short_202512_res_MI,258760-1.parquet,1
uhs12_1247--udt15805,parquet_residential_short_202512_res_MI,263197-1.parquet,1
uhs12_1247--udt15805,parquet_residential_short_202512_res_MI,26343-1.parquet,6
uhs12_1247--udt15805,parquet_residential_short_202512_res_MI,275115-1.parquet,11
uhs12_1247--udt15805,parquet_residential_short_202512_res_MI,280750-1.parquet,2
uhs12_1247--udt15805,parquet_residential_short_202512_res_MI,282194-1.parquet,2
uhs12_1247--udt15805,parquet_residential_short_202512_res_MI,31043-1.parquet,3
uhs12_1247--udt15805,parquet_residential_short_202512_res_MI,31214-1.parquet,1
uhs12_1247--udt15805,parquet_residential_short_202512_res_MI,317135-1.parquet,1
uhs12_1247--udt15805,parquet_residential_short_202512_res_MI,317368-1.parquet,1
uhs12_1247--udt15805,parquet_residential_short_202512_res_MI,329472-1.parquet,1
uhs12_1247--udt15805,parquet_residential_short_202512_res_MI,334073-1.parquet,39
uhs12_1247--udt15805,parquet_residential_short_202512_res_MI,346477-1.parquet,1
uhs12_1247--udt15805,parquet_residential_short_202512_res_MI,361783-1.parquet,17
uhs12_1247--udt15805,parquet_residential_short_202512_res_MI,378338-1.parquet,10
uhs12_1247--udt15805,parquet_residential_short_202512_res_MI,380296-1.parquet,1
uhs12_1247--udt15805,parquet_residential_short_202512_res_MI,381867-1.parquet,1
uhs12_1247--udt15805,parquet_residential_short_202512_res_MI,392142-1.parquet,3
uhs12_1247--udt15805,parquet_residential_short_202512_res_MI,39539-1.parquet,1
uhs12_1247--udt15805,parquet_residential_short_202512_res_MI,395863-1.parquet,2
uhs12_1247--udt15805,parquet_residential_short_202512_res_MI,400912-1.parquet,15
uhs12_1247--udt15805,parquet_residential_short_202512_res_MI,411616-1.parquet,11
uhs12_1247--udt15805,parquet_residential_short_202512_res_MI,418555-1.parquet,2
uhs12_1247--udt15805,parquet_residential_short_202512_res_MI,426204-1.parquet,1
uhs12_1247--udt15805,parquet_residential_short_202512_res_MI,430122-1.parquet,1
uhs12_1247--udt15805,parquet_residential_short_202512_res_MI,433741-1.parquet,2
uhs12_1247--udt15805,parquet_residential_short_202512_res_MI,436629-1.parquet,2
uhs12_1247--udt15805,parquet_residential_short_202512_res_MI,437871-1.parquet,28
uhs12_1247--udt15805,parquet_residential_short_202512_res_MI,441370-1.parquet,1
uhs12_1247--udt15805,parquet_residential_short_202512_res_MI,444065-1.parquet,7
uhs12_1247--udt15805,parquet_residential_short_202512_res_MI,449958-1.parquet,1
uhs12_1247--udt15805,parquet_residential_short_202512_res_MI,450644-1.parquet,1
uhs12_1247--udt15805,parquet_residential_short_202512_res_MI,459710-1.parquet,3
uhs12_1247--udt15805,parquet_residential_short_202512_res_MI,473383-1.parquet,1
uhs12_1247--udt15805,parquet_residential_short_202512_res_MI,474345-1.parquet,1
uhs12_1247--udt15805,parquet_residential_short_202512_res_MI,485286-1.parquet,1
uhs12_1247--udt15805,parquet_residential_short_202512_res_MI,485537-1.parquet,1
uhs12_1247--udt15805,parquet_residential_short_202512_res_MI,491904-1.parquet,8
uhs12_1247--udt15805,parquet_residential_short_202512_res_MI,494108-1.parquet,3
uhs12_1247--udt15805,parquet_residential_short_202512_res_MI,498993-1.parquet,1
uhs12_1247--udt15805,parquet_residential_short_202512_res_MI,502032-1.parquet,5
uhs12_1247--udt15805,parquet_residential_short_202512_res_MI,508330-1.parquet,3
uhs12_1247--udt15805,parquet_residential_short_202512_res_MI,513814-1.parquet,5
uhs12_1247--udt15805,parquet_residential_short_202512_res_MI,521610-1.parquet,1
uhs12_1247--udt15805,parquet_residential_short_202512_res_MI,526776-1.parquet,1
uhs12_1247--udt15805,parquet_residential_short_202512_res_MI,533319-1.parquet,3
uhs12_1247--udt15805,parquet_residential_short_202512_res_MI,53721-1.parquet,3
uhs12_1247--udt15805,parquet_residential_short_202512_res_MI,538350-1.parquet,12
uhs12_1247--udt15805,parquet_residential_short_202512_res_MI,74525-1.parquet,1
uhs12_1247--udt15805,parquet_residential_short_202512_res_MI,8111-1.parquet,3
uhs12_1247--udt15805,parquet_residential_short_202512_res_MI,82218-1.parquet,3
uhs12_1247--udt15805,parquet_residential_short_202512_res_MI,83885-1.parquet,1
uhs12_1247--udt15805,parquet_residential_short_202512_res_MI,95747-1.parquet,1
uhs12_1247--udt17650,parquet_commercial_202512_comm_MI,158624-1.parquet,1
uhs12_1247--udt17650,parquet_commercial_202512_comm_MI,158760-1.parquet,1
uhs12_1247--udt17650,parquet_commercial_202512_comm_MI,159114-1.parquet,2
uhs12_1247--udt17650,parquet_commercial_202512_comm_MI,159409-1.parquet,1
uhs12_1247--udt17650,parquet_commercial_202512_comm_MI,159485-1.parquet,5
uhs12_1247--udt17650,parquet_commercial_202512_comm_MI,159533-1.parquet,1
uhs12_1247--udt17650,parquet_commercial_202512_comm_MI,159799-8.parquet,1
uhs12_1247--udt17650,parquet_commercial_202512_comm_MI,159922-8.parquet,1
uhs12_1247--udt17650,parquet_commercial_202512_comm_MI,160008-1.parquet,1
uhs12_1247--udt17650,parquet_commercial_202512_comm_MI,160078-1.parquet,1
uhs12_1247--udt17650,parquet_commercial_202512_comm_MI,160529-1.parquet,2
uhs12_1247--udt17650,parquet_commercial_202512_comm_MI,160562-1.parquet,1
uhs12_1247--udt17650,parquet_commercial_202512_comm_MI,160747-1.parquet,2
uhs12_1247--udt17650,parquet_commercial_202512_comm_MI,160982-1.parquet,1
uhs12_1247--udt17650,parquet_commercial_202512_comm_MI,161150-1.parquet,1
uhs12_1247--udt17650,parquet_commercial_202512_comm_MI,161325-1.parquet,1
uhs12_1247--udt17650,parquet_commercial_202512_comm_MI,161632-1.parquet,2
uhs12_1247--udt17650,parquet_commercial_202512_comm_MI,161810-1.parquet,1
uhs12_1247--udt17650,parquet_commercial_202512_comm_MI,161969-1.parquet,1
uhs12_1247--udt17650,parquet_commercial_202512_comm_MI,162590-8.parquet,1
uhs12_1247--udt17650,parquet_commercial_202512_comm_MI,162616-1.parquet,1
uhs12_1247--udt17650,parquet_commercial_202512_comm_MI,163710-1.parquet,1
uhs12_1247--udt17650,parquet_commercial_202512_comm_MI,164606-1.parquet,2
uhs12_1247--udt17650,parquet_commercial_202512_comm_MI,164928-8.parquet,1
uhs12_1247--udt17650,parquet_commercial_202512_comm_MI,165039-8.parquet,1
uhs12_1247--udt17650,parquet_commercial_202512_comm_MI,165246-1.parquet,2
uhs12_1247--udt17650,parquet_commercial_202512_comm_MI,165260-1.parquet,1
uhs12_1247--udt17650,parquet_commercial_202512_comm_MI,165773-1.parquet,1
uhs12_1247--udt17650,parquet_commercial_202512_comm_MI,165786-1.parquet,1
uhs12_1247--udt17650,parquet_commercial_202512_comm_MI,165880-1.parquet,1
uhs12_1247--udt17650,parquet_commercial_202512_comm_MI,166183-1.parquet,3
uhs12_1247--udt17650,parquet_commercial_202512_comm_MI,166339-1.parquet,1
uhs12_1247--udt17650,parquet_commercial_202512_comm_MI,166676-1.parquet,1
uhs12_1247--udt17650,parquet_commercial_202512_comm_MI,166814-1.parquet,2
uhs12_1247--udt17650,parquet_commercial_202512_comm_MI,166998-1.parquet,1
uhs12_1247--udt17650,parquet_commercial_202512_comm_MI,167382-1.parquet,2
uhs12_1247--udt17650,parquet_commercial_202512_comm_MI,167931-1.parquet,2
uhs12_1247--udt17650,parquet_commercial_202512_comm_MI,167937-1.parquet,1
uhs12_1247--udt17650,parquet_commercial_202512_comm_MI,168193-1.parquet,1
uhs12_1247--udt17650,parquet_commercial_202512_comm_MI,168277-8.parquet,1
uhs12_1247--udt17650,parquet_commercial_202512_comm_MI,169655-1.parquet,2
uhs12_1247--udt17650,parquet_residential_short_202512_res_MI,10381-1.parquet,6
uhs12_1247--udt17650,parquet_residential_short_202512_res_MI,113255-1.parquet,7
uhs12_1247--udt17650,parquet_residential_short_202512_res_MI,113495-1.parquet,2
uhs12_1247--udt17650,parquet_residential_short_202512_res_MI,116219-1.parquet,6
uhs12_1247--udt17650,parquet_residential_short_202512_res_MI,118404-1.parquet,25
uhs12_1247--udt17650,parquet_residential_short_202512_res_MI,123079-1.parquet,1
uhs12_1247--udt17650,parquet_residential_short_202512_res_MI,129893-1.parquet,3
uhs12_1247--udt17650,parquet_residential_short_202512_res_MI,134138-1.parquet,5
uhs12_1247--udt17650,parquet_residential_short_202512_res_MI,141942-1.parquet,1
uhs12_1247--udt17650,parquet_residential_short_202512_res_MI,14251-1.parquet,3
uhs12_1247--udt17650,parquet_residential_short_202512_res_MI,144380-1.parquet,1
uhs12_1247--udt17650,parquet_residential_short_202512_res_MI,145104-1.parquet,7
uhs12_1247--udt17650,parquet_residential_short_202512_res_MI,15283-1.parquet,7
uhs12_1247--udt17650,parquet_residential_short_202512_res_MI,158553-1.parquet,1
uhs12_1247--udt17650,parquet_residential_short_202512_res_MI,163888-1.parquet,7
uhs12_1247--udt17650,parquet_residential_short_202512_res_MI,163929-1.parquet,11
uhs12_1247--udt17650,parquet_residential_short_202512_res_MI,178848-1.parquet,154
uhs12_1247--udt17650,parquet_residential_short_202512_res_MI,178924-1.parquet,23
uhs12_1247--udt17650,parquet_residential_short_202512_res_MI,179061-1.parquet,266
uhs12_1247--udt17650,parquet_residential_short_202512_res_MI,179402-1.parquet,2
uhs12_1247--udt17650,parquet_residential_short_202512_res_MI,179991-1.parquet,1
uhs12_1247--udt17650,parquet_residential_short_202512_res_MI,181066-1.parquet,2
uhs12_1247--udt17650,parquet_residential_short_202512_res_MI,193304-1.parquet,1
uhs12_1247--udt17650,parquet_residential_short_202512_res_MI,195848-1.parquet,2
uhs12_1247--udt17650,parquet_residential_short_202512_res_MI,202225-1.parquet,1
uhs12_1247--udt17650,parquet_residential_short_202512_res_MI,205005-1.parquet,1
uhs12_1247--udt17650,parquet_residential_short_202512_res_MI,211618-1.parquet,3
uhs12_1247--udt17650,parquet_residential_short_202512_res_MI,219061-1.parquet,5
uhs12_1247--udt17650,parquet_residential_short_202512_res_MI,224704-1.parquet,1
uhs12_1247--udt17650,parquet_residential_short_202512_res_MI,229456-1.parquet,7
uhs12_1247--udt17650,parquet_residential_short_202512_res_MI,240070-1.parquet,1
uhs12_1247--udt17650,parquet_residential_short_202512_res_MI,240169-1.parquet,1
uhs12_1247--udt17650,parquet_residential_short_202512_res_MI,242004-1.parquet,1
uhs12_1247--udt17650,parquet_residential_short_202512_res_MI,255062-1.parquet,14
uhs12_1247--udt17650,parquet_residential_short_202512_res_MI,256339-1.parquet,1
uhs12_1247--udt17650,parquet_residential_short_202512_res_MI,25790-1.parquet,1
uhs12_1247--udt17650,parquet_residential_short_202512_res_MI,25870-1.parquet,1
uhs12_1247--udt17650,parquet_residential_short_202512_res_MI,258760-1.parquet,1
uhs12_1247--udt17650,parquet_residential_short_202512_res_MI,263197-1.parquet,6
uhs12_1247--udt17650,parquet_residential_short_202512_res_MI,26343-1.parquet,10
uhs12_1247--udt17650,parquet_residential_short_202512_res_MI,275115-1.parquet,3
uhs12_1247--udt17650,parquet_residential_short_202512_res_MI,275600-1.parquet,1
uhs12_1247--udt17650,parquet_residential_short_202512_res_MI,277511-1.parquet,2
uhs12_1247--udt17650,parquet_residential_short_202512_res_MI,277988-1.parquet,1
uhs12_1247--udt17650,parquet_residential_short_202512_res_MI,281826-1.parquet,2
uhs12_1247--udt17650,parquet_residential_short_202512_res_MI,282194-1.parquet,3
uhs12_1247--udt17650,parquet_residential_short_202512_res_MI,292113-1.parquet,4
uhs12_1247--udt17650,parquet_residential_short_202512_res_MI,292202-1.parquet,1
uhs12_1247--udt17650,parquet_residential_short_202512_res_MI,301831-1.parquet,1
uhs12_1247--udt17650,parquet_residential_short_202512_res_MI,31043-1.parquet,7
uhs12_1247--udt17650,parquet_residential_short_202512_res_MI,31214-1.parquet,1
uhs12_1247--udt17650,parquet_residential_short_202512_res_MI,316181-1.parquet,2
uhs12_1247--udt17650,parquet_residential_short_202512_res_MI,316670-1.parquet,1
uhs12_1247--udt17650,parquet_residential_short_202512_res_MI,317135-1.parquet,4
uhs12_1247--udt17650,parquet_residential_short_202512_res_MI,320231-1.parquet,3
uhs12_1247--udt17650,parquet_residential_short_202512_res_MI,329472-1.parquet,1
uhs12_1247--udt17650,parquet_residential_short_202512_res_MI,331207-1.parquet,4
uhs12_1247--udt17650,parquet_residential_short_202512_res_MI,331355-1.parquet,1
uhs12_1247--udt17650,parquet_residential_short_202512_res_MI,334073-1.parquet,159
uhs12_1247--udt17650,parquet_residential_short_202512_res_MI,335327-1.parquet,1
uhs12_1247--udt17650,parquet_residential_short_202512_res_MI,344633-1.parquet,1
uhs12_1247--udt17650,parquet_residential_short_202512_res_MI,345199-1.parquet,1
uhs12_1247--udt17650,parquet_residential_short_202512_res_MI,346477-1.parquet,1
uhs12_1247--udt17650,parquet_residential_short_202512_res_MI,354403-1.parquet,2
uhs12_1247--udt17650,parquet_residential_short_202512_res_MI,356343-1.parquet,1
uhs12_1247--udt17650,parquet_residential_short_202512_res_MI,361783-1.parquet,54
uhs12_1247--udt17650,parquet_residential_short_202512_res_MI,365825-1.parquet,1
uhs12_1247--udt17650,parquet_residential_short_202512_res_MI,368387-1.parquet,2
uhs12_1247--udt17650,parquet_residential_short_202512_res_MI,368438-1.parquet,1
uhs12_1247--udt17650,parquet_residential_short_202512_res_MI,370010-1.parquet,8
uhs12_1247--udt17650,parquet_residential_short_202512_res_MI,377543-1.parquet,1
uhs12_1247--udt17650,parquet_residential_short_202512_res_MI,378338-1.parquet,27
uhs12_1247--udt17650,parquet_residential_short_202512_res_MI,381867-1.parquet,3
uhs12_1247--udt17650,parquet_residential_short_202512_res_MI,387495-1.parquet,3
uhs12_1247--udt17650,parquet_residential_short_202512_res_MI,392142-1.parquet,27
uhs12_1247--udt17650,parquet_residential_short_202512_res_MI,39516-1.parquet,1
uhs12_1247--udt17650,parquet_residential_short_202512_res_MI,39539-1.parquet,2
uhs12_1247--udt17650,parquet_residential_short_202512_res_MI,400912-1.parquet,61
uhs12_1247--udt17650,parquet_residential_short_202512_res_MI,411616-1.parquet,49
uhs12_1247--udt17650,parquet_residential_short_202512_res_MI,412179-1.parquet,1
uhs12_1247--udt17650,parquet_residential_short_202512_res_MI,418555-1.parquet,2
uhs12_1247--udt17650,parquet_residential_short_202512_res_MI,426204-1.parquet,5
uhs12_1247--udt17650,parquet_residential_short_202512_res_MI,430122-1.parquet,2
uhs12_1247--udt17650,parquet_residential_short_202512_res_MI,433741-1.parquet,2
uhs12_1247--udt17650,parquet_residential_short_202512_res_MI,436629-1.parquet,13
uhs12_1247--udt17650,parquet_residential_short_202512_res_MI,437871-1.parquet,12
uhs12_1247--udt17650,parquet_residential_short_202512_res_MI,439442-1.parquet,13
uhs12_1247--udt17650,parquet_residential_short_202512_res_MI,441370-1.parquet,6
uhs12_1247--udt17650,parquet_residential_short_202512_res_MI,444065-1.parquet,2
uhs12_1247--udt17650,parquet_residential_short_202512_res_MI,449575-1.parquet,4
uhs12_1247--udt17650,parquet_residential_short_202512_res_MI,449958-1.parquet,12
uhs12_1247--udt17650,parquet_residential_short_202512_res_MI,450644-1.parquet,1
uhs12_1247--udt17650,parquet_residential_short_202512_res_MI,457273-1.parquet,1
uhs12_1247--udt17650,parquet_residential_short_202512_res_MI,457563-1.parquet,1
uhs12_1247--udt17650,parquet_residential_short_202512_res_MI,459710-1.parquet,9
uhs12_1247--udt17650,parquet_residential_short_202512_res_MI,459832-1.parquet,3
uhs12_1247--udt17650,parquet_residential_short_202512_res_MI,463711-1.parquet,2
uhs12_1247--udt17650,parquet_residential_short_202512_res_MI,464078-1.parquet,1
uhs12_1247--udt17650,parquet_residential_short_202512_res_MI,465693-1.parquet,5
uhs12_1247--udt17650,parquet_residential_short_202512_res_MI,473383-1.parquet,9
uhs12_1247--udt17650,parquet_residential_short_202512_res_MI,474345-1.parquet,4
uhs12_1247--udt17650,parquet_residential_short_202512_res_MI,478155-1.parquet,3
uhs12_1247--udt17650,parquet_residential_short_202512_res_MI,480431-1.parquet,1
uhs12_1247--udt17650,parquet_residential_short_202512_res_MI,48368-1.parquet,1
uhs12_1247--udt17650,parquet_residential_short_202512_res_MI,485286-1.parquet,3
uhs12_1247--udt17650,parquet_residential_short_202512_res_MI,485537-1.parquet,2
uhs12_1247--udt17650,parquet_residential_short_202512_res_MI,491904-1.parquet,10
uhs12_1247--udt17650,parquet_residential_short_202512_res_MI,494108-1.parquet,2
uhs12_1247--udt17650,parquet_residential_short_202512_res_MI,498993-1.parquet,7
uhs12_1247--udt17650,parquet_residential_short_202512_res_MI,502032-1.parquet,8
uhs12_1247--udt17650,parquet_residential_short_202512_res_MI,505391-1.parquet,12
uhs12_1247--udt17650,parquet_residential_short_202512_res_MI,508330-1.parquet,20
uhs12_1247--udt17650,parquet_residential_short_202512_res_MI,513814-1.parquet,16
uhs12_1247--udt17650,parquet_residential_short_202512_res_MI,515788-1.parquet,1
uhs12_1247--udt17650,parquet_residential_short_202512_res_MI,520460-1.parquet,2
uhs12_1247--udt17650,parquet_residential_short_202512_res_MI,521610-1.parquet,8
uhs12_1247--udt17650,parquet_residential_short_202512_res_MI,526776-1.parquet,1
uhs12_1247--udt17650,parquet_residential_short_202512_res_MI,530245-1.parquet,1
uhs12_1247--udt17650,parquet_residential_short_202512_res_MI,533319-1.parquet,15
uhs12_1247--udt17650,parquet_residential_short_202512_res_MI,53721-1.parquet,2
uhs12_1247--udt17650,parquet_residential_short_202512_res_MI,538350-1.parquet,10
uhs12_1247--udt17650,parquet_residential_short_202512_res_MI,54618-1.parquet,1
uhs12_1247--udt17650,parquet_residential_short_202512_res_MI,549574-1.parquet,3
uhs12_1247--udt17650,parquet_residential_short_202512_res_MI,60207-1.parquet,1
uhs12_1247--udt17650,parquet_residential_short_202512_res_MI,73789-1.parquet,1
uhs12_1247--udt17650,parquet_residential_short_202512_res_MI,74525-1.parquet,1
uhs12_1247--udt17650,parquet_residential_short_202512_res_MI,7845-1.parquet,1
uhs12_1247--udt17650,parquet_residential_short_202512_res_MI,78734-1.parquet,3
uhs12_1247--udt17650,parquet_residential_short_202512_res_MI,7956-1.parquet,1
uhs12_1247--udt17650,parquet_residential_short_202512_res_MI,8111-1.parquet,3
uhs12_1247--udt17650,parquet_residential_short_202512_res_MI,82218-1.parquet,1
uhs12_1247--udt17650,parquet_residential_short_202512_res_MI,83885-1.parquet,1
uhs12_1247--udt17650,parquet_residential_short_202512_res_MI,90350-1.parquet,3
uhs12_1247--udt17650,parquet_residential_short_202512_res_MI,92876-1.parquet,1
uhs13_1247--udt4015,parquet_commercial_202512_comm_MI,157810-1.parquet,3
uhs13_1247--udt4015,parquet_commercial_202512_comm_MI,157823-1.parquet,4
uhs13_1247--udt4015,parquet_commercial_202512_comm_MI,158144-8.parquet,1
uhs13_1247--udt4015,parquet_commercial_202512_comm_MI,158188-1.parquet,1
uhs13_1247--udt4015,parquet_commercial_202512_comm_MI,158365-1.parquet,2
uhs13_1247--udt4015,parquet_commercial_202512_comm_MI,158374-1.parquet,2
uhs13_1247--udt4015,parquet_commercial_202512_comm_MI,158456-1.parquet,2
uhs13_1247--udt4015,parquet_commercial_202512_comm_MI,158460-1.parquet,21
uhs13_1247--udt4015,parquet_commercial_202512_comm_MI,158624-1.parquet,1
uhs13_1247--udt4015,parquet_commercial_202512_comm_MI,158634-1.parquet,3
uhs13_1247--udt4015,parquet_commercial_202512_comm_MI,158886-8.parquet,1
uhs13_1247--udt4015,parquet_commercial_202512_comm_MI,158935-1.parquet,1
uhs13_1247--udt4015,parquet_commercial_202512_comm_MI,159099-1.parquet,1
uhs13_1247--udt4015,parquet_commercial_202512_comm_MI,159114-1.parquet,2
uhs13_1247--udt4015,parquet_commercial_202512_comm_MI,159322-1.parquet,3
uhs13_1247--udt4015,parquet_commercial_202512_comm_MI,159409-1.parquet,5
uhs13_1247--udt4015,parquet_commercial_202512_comm_MI,159450-1.parquet,1
uhs13_1247--udt4015,parquet_commercial_202512_comm_MI,159483-1.parquet,1
uhs13_1247--udt4015,parquet_commercial_202512_comm_MI,159485-1.parquet,3
uhs13_1247--udt4015,parquet_commercial_202512_comm_MI,159565-8.parquet,1
uhs13_1247--udt4015,parquet_commercial_202512_comm_MI,159615-8.parquet,1
uhs13_1247--udt4015,parquet_commercial_202512_comm_MI,159686-1.parquet,3
uhs13_1247--udt4015,parquet_commercial_202512_comm_MI,159799-8.parquet,4
uhs13_1247--udt4015,parquet_commercial_202512_comm_MI,159922-8.parquet,1
uhs13_1247--udt4015,parquet_commercial_202512_comm_MI,160078-1.parquet,4
uhs13_1247--udt4015,parquet_commercial_202512_comm_MI,160365-1.parquet,1
uhs13_1247--udt4015,parquet_commercial_202512_comm_MI,160467-1.parquet,1
uhs13_1247--udt4015,parquet_commercial_202512_comm_MI,160477-1.parquet,1
uhs13_1247--udt4015,parquet_commercial_202512_comm_MI,160529-1.parquet,7
uhs13_1247--udt4015,parquet_commercial_202512_comm_MI,160562-1.parquet,1
uhs13_1247--udt4015,parquet_commercial_202512_comm_MI,160627-1.parquet,2
uhs13_1247--udt4015,parquet_commercial_202512_comm_MI,160747-1.parquet,2
uhs13_1247--udt4015,parquet_commercial_202512_comm_MI,160949-1.parquet,2
uhs13_1247--udt4015,parquet_commercial_202512_comm_MI,161130-1.parquet,1
uhs13_1247--udt4015,parquet_commercial_202512_comm_MI,161134-1.parquet,4
uhs13_1247--udt4015,parquet_commercial_202512_comm_MI,161365-1.parquet,1
uhs13_1247--udt4015,parquet_commercial_202512_comm_MI,161632-1.parquet,3
uhs13_1247--udt4015,parquet_commercial_202512_comm_MI,161642-1.parquet,1
uhs13_1247--udt4015,parquet_commercial_202512_comm_MI,161726-1.parquet,1
uhs13_1247--udt4015,parquet_commercial_202512_comm_MI,161746-1.parquet,1
uhs13_1247--udt4015,parquet_commercial_202512_comm_MI,161866-1.parquet,2
uhs13_1247--udt4015,parquet_commercial_202512_comm_MI,161940-1.parquet,3
uhs13_1247--udt4015,parquet_commercial_202512_comm_MI,162457-1.parquet,1
uhs13_1247--udt4015,parquet_commercial_202512_comm_MI,162547-1.parquet,1
uhs13_1247--udt4015,parquet_commercial_202512_comm_MI,162590-8.parquet,1
uhs13_1247--udt4015,parquet_commercial_202512_comm_MI,162648-1.parquet,1
uhs13_1247--udt4015,parquet_commercial_202512_comm_MI,162701-1.parquet,1
uhs13_1247--udt4015,parquet_commercial_202512_comm_MI,162954-1.parquet,1
uhs13_1247--udt4015,parquet_commercial_202512_comm_MI,163035-1.parquet,1
uhs13_1247--udt4015,parquet_commercial_202512_comm_MI,163268-1.parquet,1
uhs13_1247--udt4015,parquet_commercial_202512_comm_MI,163409-1.parquet,1
uhs13_1247--udt4015,parquet_commercial_202512_comm_MI,163559-1.parquet,3
uhs13_1247--udt4015,parquet_commercial_202512_comm_MI,163659-1.parquet,1
uhs13_1247--udt4015,parquet_commercial_202512_comm_MI,163710-1.parquet,1
uhs13_1247--udt4015,parquet_commercial_202512_comm_MI,163787-1.parquet,1
uhs13_1247--udt4015,parquet_commercial_202512_comm_MI,163839-1.parquet,3
uhs13_1247--udt4015,parquet_commercial_202512_comm_MI,163848-1.parquet,1
uhs13_1247--udt4015,parquet_commercial_202512_comm_MI,163849-1.parquet,1
uhs13_1247--udt4015,parquet_commercial_202512_comm_MI,163891-1.parquet,1
uhs13_1247--udt4015,parquet_commercial_202512_comm_MI,163919-1.parquet,1
uhs13_1247--udt4015,parquet_commercial_202512_comm_MI,164058-1.parquet,1
uhs13_1247--udt4015,parquet_commercial_202512_comm_MI,164079-1.parquet,1
uhs13_1247--udt4015,parquet_commercial_202512_comm_MI,164341-1.parquet,2
uhs13_1247--udt4015,parquet_commercial_202512_comm_MI,164606-1.parquet,6
uhs13_1247--udt4015,parquet_commercial_202512_comm_MI,164724-1.parquet,1
uhs13_1247--udt4015,parquet_commercial_202512_comm_MI,164742-1.parquet,3
uhs13_1247--udt4015,parquet_commercial_202512_comm_MI,164790-8.parquet,2
uhs13_1247--udt4015,parquet_commercial_202512_comm_MI,164865-1.parquet,1
uhs13_1247--udt4015,parquet_commercial_202512_comm_MI,164928-8.parquet,6
uhs13_1247--udt4015,parquet_commercial_202512_comm_MI,165018-8.parquet,1
uhs13_1247--udt4015,parquet_commercial_202512_comm_MI,165083-1.parquet,1
uhs13_1247--udt4015,parquet_commercial_202512_comm_MI,165166-1.parquet,2
uhs13_1247--udt4015,parquet_commercial_202512_comm_MI,165179-8.parquet,2
uhs13_1247--udt4015,parquet_commercial_202512_comm_MI,165234-1.parquet,1
uhs13_1247--udt4015,parquet_commercial_202512_comm_MI,165246-1.parquet,1
uhs13_1247--udt4015,parquet_commercial_202512_comm_MI,165260-1.parquet,3
uhs13_1247--udt4015,parquet_commercial_202512_comm_MI,165376-1.parquet,5
uhs13_1247--udt4015,parquet_commercial_202512_comm_MI,165531-8.parquet,1
uhs13_1247--udt4015,parquet_commercial_202512_comm_MI,165564-1.parquet,1
uhs13_1247--udt4015,parquet_commercial_202512_comm_MI,165583-1.parquet,1
uhs13_1247--udt4015,parquet_commercial_202512_comm_MI,165633-8.parquet,1
uhs13_1247--udt4015,parquet_commercial_202512_comm_MI,165786-1.parquet,1
uhs13_1247--udt4015,parquet_commercial_202512_comm_MI,165799-1.parquet,3
uhs13_1247--udt4015,parquet_commercial_202512_comm_MI,165880-1.parquet,1
uhs13_1247--udt4015,parquet_commercial_202512_comm_MI,166182-1.parquet,1
uhs13_1247--udt4015,parquet_commercial_202512_comm_MI,166183-1.parquet,6
uhs13_1247--udt4015,parquet_commercial_202512_comm_MI,166262-1.parquet,2
uhs13_1247--udt4015,parquet_commercial_202512_comm_MI,166328-1.parquet,1
uhs13_1247--udt4015,parquet_commercial_202512_comm_MI,166339-1.parquet,1
uhs13_1247--udt4015,parquet_commercial_202512_comm_MI,166514-1.parquet,2
uhs13_1247--udt4015,parquet_commercial_202512_comm_MI,166524-1.parquet,1
uhs13_1247--udt4015,parquet_commercial_202512_comm_MI,166594-1.parquet,1
uhs13_1247--udt4015,parquet_commercial_202512_comm_MI,166676-1.parquet,2
uhs13_1247--udt4015,parquet_commercial_202512_comm_MI,166744-1.parquet,1
uhs13_1247--udt4015,parquet_commercial_202512_comm_MI,166891-8.parquet,5
uhs13_1247--udt4015,parquet_commercial_202512_comm_MI,166958-1.parquet,1
uhs13_1247--udt4015,parquet_commercial_202512_comm_MI,166998-1.parquet,2
uhs13_1247--udt4015,parquet_commercial_202512_comm_MI,167090-1.parquet,1
uhs13_1247--udt4015,parquet_commercial_202512_comm_MI,167209-1.parquet,1
uhs13_1247--udt4015,parquet_commercial_202512_comm_MI,167455-1.parquet,1
uhs13_1247--udt4015,parquet_commercial_202512_comm_MI,167767-1.parquet,1
uhs13_1247--udt4015,parquet_commercial_202512_comm_MI,167812-8.parquet,1
uhs13_1247--udt4015,parquet_commercial_202512_comm_MI,167828-1.parquet,1
uhs13_1247--udt4015,parquet_commercial_202512_comm_MI,167908-1.parquet,1
uhs13_1247--udt4015,parquet_commercial_202512_comm_MI,167931-1.parquet,6
uhs13_1247--udt4015,parquet_commercial_202512_comm_MI,167937-1.parquet,1
uhs13_1247--udt4015,parquet_commercial_202512_comm_MI,168033-1.parquet,1
uhs13_1247--udt4015,parquet_commercial_202512_comm_MI,168053-1.parquet,1
uhs13_1247--udt4015,parquet_commercial_202512_comm_MI,168193-1.parquet,3
uhs13_1247--udt4015,parquet_commercial_202512_comm_MI,168277-8.parquet,12
uhs13_1247--udt4015,parquet_commercial_202512_comm_MI,168342-1.parquet,1
uhs13_1247--udt4015,parquet_commercial_202512_comm_MI,168555-1.parquet,1
uhs13_1247--udt4015,parquet_commercial_202512_comm_MI,168815-1.parquet,1
uhs13_1247--udt4015,parquet_commercial_202512_comm_MI,169002-1.parquet,1
uhs13_1247--udt4015,parquet_commercial_202512_comm_MI,169085-1.parquet,1
uhs13_1247--udt4015,parquet_commercial_202512_comm_MI,169100-1.parquet,1
uhs13_1247--udt4015,parquet_commercial_202512_comm_MI,169107-8.parquet,1
uhs13_1247--udt4015,parquet_commercial_202512_comm_MI,169159-1.parquet,2
uhs13_1247--udt4015,parquet_commercial_202512_comm_MI,169281-8.parquet,4
uhs13_1247--udt4015,parquet_commercial_202512_comm_MI,169293-1.parquet,2
uhs13_1247--udt4015,parquet_commercial_202512_comm_MI,169316-1.parquet,5
uhs13_1247--udt4015,parquet_commercial_202512_comm_MI,169331-1.parquet,1
uhs13_1247--udt4015,parquet_commercial_202512_comm_MI,169333-1.parquet,1
uhs13_1247--udt4015,parquet_commercial_202512_comm_MI,169344-1.parquet,1
uhs13_1247--udt4015,parquet_commercial_202512_comm_MI,169471-1.parquet,2
uhs13_1247--udt4015,parquet_commercial_202512_comm_MI,169593-1.parquet,1
uhs13_1247--udt4015,parquet_commercial_202512_comm_MI,169595-1.parquet,1
uhs13_1247--udt4015,parquet_commercial_202512_comm_MI,169601-8.parquet,1
uhs13_1247--udt4015,parquet_commercial_202512_comm_MI,169644-1.parquet,1
uhs13_1247--udt4015,parquet_commercial_202512_comm_MI,169655-1.parquet,2
uhs13_1247--udt4015,parquet_commercial_202512_comm_MI,169680-1.parquet,2
uhs13_1247--udt4015,parquet_commercial_202512_comm_MI,169753-1.parquet,1
uhs13_1247--udt4015,parquet_commercial_202512_comm_MI,169759-1.parquet,3
uhs13_1247--udt4015,parquet_commercial_202512_comm_MI,169913-1.parquet,1
uhs13_1247--udt4015,parquet_commercial_202512_comm_MI,169974-8.parquet,1
uhs13_1247--udt4015,parquet_residential_short_202512_res_MI,10381-1.parquet,4
uhs13_1247--udt4015,parquet_residential_short_202512_res_MI,109870-1.parquet,1
uhs13_1247--udt4015,parquet_residential_short_202512_res_MI,110028-1.parquet,1
uhs13_1247--udt4015,parquet_residential_short_202512_res_MI,116219-1.parquet,3
uhs13_1247--udt4015,parquet_residential_short_202512_res_MI,118404-1.parquet,25
uhs13_1247--udt4015,parquet_residential_short_202512_res_MI,123079-1.parquet,1
uhs13_1247--udt4015,parquet_residential_short_202512_res_MI,129893-1.parquet,3
uhs13_1247--udt4015,parquet_residential_short_202512_res_MI,138622-1.parquet,1
uhs13_1247--udt4015,parquet_residential_short_202512_res_MI,14251-1.parquet,2
uhs13_1247--udt4015,parquet_residential_short_202512_res_MI,144380-1.parquet,2
uhs13_1247--udt4015,parquet_residential_short_202512_res_MI,144803-1.parquet,1
uhs13_1247--udt4015,parquet_residential_short_202512_res_MI,15283-1.parquet,2
uhs13_1247--udt4015,parquet_residential_short_202512_res_MI,158553-1.parquet,2
uhs13_1247--udt4015,parquet_residential_short_202512_res_MI,161125-1.parquet,1
uhs13_1247--udt4015,parquet_residential_short_202512_res_MI,163888-1.parquet,1
uhs13_1247--udt4015,parquet_residential_short_202512_res_MI,163929-1.parquet,3
uhs13_1247--udt4015,parquet_residential_short_202512_res_MI,169556-1.parquet,1
uhs13_1247--udt4015,parquet_residential_short_202512_res_MI,174128-1.parquet,1
uhs13_1247--udt4015,parquet_residential_short_202512_res_MI,178848-1.parquet,36
uhs13_1247--udt4015,parquet_residential_short_202512_res_MI,178924-1.parquet,5
uhs13_1247--udt4015,parquet_residential_short_202512_res_MI,179061-1.parquet,52
uhs13_1247--udt4015,parquet_residential_short_202512_res_MI,179991-1.parquet,1
uhs13_1247--udt4015,parquet_residential_short_202512_res_MI,193304-1.parquet,6
uhs13_1247--udt4015,parquet_residential_short_202512_res_MI,193666-1.parquet,2
uhs13_1247--udt4015,parquet_residential_short_202512_res_MI,195848-1.parquet,2
uhs13_1247--udt4015,parquet_residential_short_202512_res_MI,204257-1.parquet,1
uhs13_1247--udt4015,parquet_residential_short_202512_res_MI,206690-1.parquet,1
uhs13_1247--udt4015,parquet_residential_short_202512_res_MI,211618-1.parquet,2
uhs13_1247--udt4015,parquet_residential_short_202512_res_MI,219061-1.parquet,5
uhs13_1247--udt4015,parquet_residential_short_202512_res_MI,229456-1.parquet,2
uhs13_1247--udt4015,parquet_residential_short_202512_res_MI,235730-1.parquet,1
uhs13_1247--udt4015,parquet_residential_short_202512_res_MI,240169-1.parquet,1
uhs13_1247--udt4015,parquet_residential_short_202512_res_MI,242004-1.parquet,5
uhs13_1247--udt4015,parquet_residential_short_202512_res_MI,252372-1.parquet,3
uhs13_1247--udt4015,parquet_residential_short_202512_res_MI,255062-1.parquet,3
uhs13_1247--udt4015,parquet_residential_short_202512_res_MI,263197-1.parquet,2
uhs13_1247--udt4015,parquet_residential_short_202512_res_MI,26343-1.parquet,3
uhs13_1247--udt4015,parquet_residential_short_202512_res_MI,275115-1.parquet,3
uhs13_1247--udt4015,parquet_residential_short_202512_res_MI,278143-1.parquet,1
uhs13_1247--udt4015,parquet_residential_short_202512_res_MI,280750-1.parquet,1
uhs13_1247--udt4015,parquet_residential_short_202512_res_MI,281826-1.parquet,1
uhs13_1247--udt4015,parquet_residential_short_202512_res_MI,282194-1.parquet,4
uhs13_1247--udt4015,parquet_residential_short_202512_res_MI,292113-1.parquet,2
uhs13_1247--udt4015,parquet_residential_short_202512_res_MI,305049-1.parquet,1
uhs13_1247--udt4015,parquet_residential_short_202512_res_MI,307579-1.parquet,1
uhs13_1247--udt4015,parquet_residential_short_202512_res_MI,31043-1.parquet,1
uhs13_1247--udt4015,parquet_residential_short_202512_res_MI,316181-1.parquet,1
uhs13_1247--udt4015,parquet_residential_short_202512_res_MI,316670-1.parquet,1
uhs13_1247--udt4015,parquet_residential_short_202512_res_MI,317135-1.parquet,1
uhs13_1247--udt4015,parquet_residential_short_202512_res_MI,317368-1.parquet,1
uhs13_1247--udt4015,parquet_residential_short_202512_res_MI,329472-1.parquet,2
uhs13_1247--udt4015,parquet_residential_short_202512_res_MI,331207-1.parquet,1
uhs13_1247--udt4015,parquet_residential_short_202512_res_MI,334073-1.parquet,36
uhs13_1247--udt4015,parquet_residential_short_202512_res_MI,335327-1.parquet,1
uhs13_1247--udt4015,parquet_residential_short_202512_res_MI,346477-1.parquet,1
uhs13_1247--udt4015,parquet_residential_short_202512_res_MI,361783-1.parquet,24
uhs13_1247--udt4015,parquet_residential_short_202512_res_MI,365825-1.parquet,3
uhs13_1247--udt4015,parquet_residential_short_202512_res_MI,368387-1.parquet,7
uhs13_1247--udt4015,parquet_residential_short_202512_res_MI,368438-1.parquet,3
uhs13_1247--udt4015,parquet_residential_short_202512_res_MI,370010-1.parquet,3
uhs13_1247--udt4015,parquet_residential_short_202512_res_MI,378338-1.parquet,14
uhs13_1247--udt4015,parquet_residential_short_202512_res_MI,380296-1.parquet,5
uhs13_1247--udt4015,parquet_residential_short_202512_res_MI,381828-1.parquet,1
uhs13_1247--udt4015,parquet_residential_short_202512_res_MI,381867-1.parquet,1
uhs13_1247--udt4015,parquet_residential_short_202512_res_MI,389065-1.parquet,1
uhs13_1247--udt4015,parquet_residential_short_202512_res_MI,392142-1.parquet,8
uhs13_1247--udt4015,parquet_residential_short_202512_res_MI,39516-1.parquet,2
uhs13_1247--udt4015,parquet_residential_short_202512_res_MI,395863-1.parquet,1
uhs13_1247--udt4015,parquet_residential_short_202512_res_MI,396717-1.parquet,1
uhs13_1247--udt4015,parquet_residential_short_202512_res_MI,400912-1.parquet,8
uhs13_1247--udt4015,parquet_residential_short_202512_res_MI,402675-1.parquet,1
uhs13_1247--udt4015,parquet_residential_short_202512_res_MI,405426-1.parquet,2
uhs13_1247--udt4015,parquet_residential_short_202512_res_MI,411616-1.parquet,23
uhs13_1247--udt4015,parquet_residential_short_202512_res_MI,417744-1.parquet,1
uhs13_1247--udt4015,parquet_residential_short_202512_res_MI,418555-1.parquet,3
uhs13_1247--udt4015,parquet_residential_short_202512_res_MI,426204-1.parquet,3
uhs13_1247--udt4015,parquet_residential_short_202512_res_MI,432811-1.parquet,1
uhs13_1247--udt4015,parquet_residential_short_202512_res_MI,433741-1.parquet,2
uhs13_1247--udt4015,parquet_residential_short_202512_res_MI,436629-1.parquet,5
uhs13_1247--udt4015,parquet_residential_short_202512_res_MI,437871-1.parquet,12
uhs13_1247--udt4015,parquet_residential_short_202512_res_MI,441370-1.parquet,3
uhs13_1247--udt4015,parquet_residential_short_202512_res_MI,444065-1.parquet,6
uhs13_1247--udt4015,parquet_residential_short_202512_res_MI,449958-1.parquet,3
uhs13_1247--udt4015,parquet_residential_short_202512_res_MI,453782-1.parquet,2
uhs13_1247--udt4015,parquet_residential_short_202512_res_MI,459710-1.parquet,4
uhs13_1247--udt4015,parquet_residential_short_202512_res_MI,459832-1.parquet,1
uhs13_1247--udt4015,parquet_residential_short_202512_res_MI,462288-1.parquet,1
uhs13_1247--udt4015,parquet_residential_short_202512_res_MI,463711-1.parquet,1
uhs13_1247--udt4015,parquet_residential_short_202512_res_MI,465000-1.parquet,1
uhs13_1247--udt4015,parquet_residential_short_202512_res_MI,465693-1.parquet,1
uhs13_1247--udt4015,parquet_residential_short_202512_res_MI,474345-1.parquet,2
uhs13_1247--udt4015,parquet_residential_short_202512_res_MI,48368-1.parquet,1
uhs13_1247--udt4015,parquet_residential_short_202512_res_MI,485537-1.parquet,2
uhs13_1247--udt4015,parquet_residential_short_202512_res_MI,491904-1.parquet,8
uhs13_1247--udt4015,parquet_residential_short_202512_res_MI,494108-1.parquet,1
uhs13_1247--udt4015,parquet_residential_short_202512_res_MI,498993-1.parquet,2
uhs13_1247--udt4015,parquet_residential_short_202512_res_MI,502032-1.parquet,5
uhs13_1247--udt4015,parquet_residential_short_202512_res_MI,505391-1.parquet,4
uhs13_1247--udt4015,parquet_residential_short_202512_res_MI,505432-1.parquet,1
uhs13_1247--udt4015,parquet_residential_short_202512_res_MI,508330-1.parquet,13
uhs13_1247--udt4015,parquet_residential_short_202512_res_MI,509345-1.parquet,2
uhs13_1247--udt4015,parquet_residential_short_202512_res_MI,513814-1.parquet,7
uhs13_1247--udt4015,parquet_residential_short_202512_res_MI,521610-1.parquet,1
uhs13_1247--udt4015,parquet_residential_short_202512_res_MI,525496-1.parquet,2
uhs13_1247--udt4015,parquet_residential_short_202512_res_MI,526776-1.parquet,2
uhs13_1247--udt4015,parquet_residential_short_202512_res_MI,533319-1.parquet,1
uhs13_1247--udt4015,parquet_residential_short_202512_res_MI,53721-1.parquet,1
uhs13_1247--udt4015,parquet_residential_short_202512_res_MI,538350-1.parquet,7
uhs13_1247--udt4015,parquet_residential_short_202512_res_MI,549574-1.parquet,2
uhs13_1247--udt4015,parquet_residential_short_202512_res_MI,55789-1.parquet,1
uhs13_1247--udt4015,parquet_residential_short_202512_res_MI,63130-1.parquet,1
uhs13_1247--udt4015,parquet_residential_short_202512_res_MI,74525-1.parquet,1
uhs13_1247--udt4015,parquet_residential_short_202512_res_MI,83885-1.parquet,1
uhs13_1247--udt4015,parquet_residential_short_202512_res_MI,92876-1.parquet,4
uhs13_1247--udt4015,parquet_residential_short_202512_res_MI,95747-1.parquet,2
uhs13_1247--udt4819,parquet_commercial_202512_comm_MI,157760-1.parquet,1
uhs13_1247--udt4819,parquet_commercial_202512_comm_MI,157810-1.parquet,2
uhs13_1247--udt4819,parquet_commercial_202512_comm_MI,157823-1.parquet,1
uhs13_1247--udt4819,parquet_commercial_202512_comm_MI,158456-1.parquet,2
uhs13_1247--udt4819,parquet_commercial_202512_comm_MI,158460-1.parquet,11
uhs13_1247--udt4819,parquet_commercial_202512_comm_MI,158941-1.parquet,1
uhs13_1247--udt4819,parquet_commercial_202512_comm_MI,159409-1.parquet,1
uhs13_1247--udt4819,parquet_commercial_202512_comm_MI,159483-1.parquet,1
uhs13_1247--udt4819,parquet_commercial_202512_comm_MI,159485-1.parquet,4
uhs13_1247--udt4819,parquet_commercial_202512_comm_MI,160069-1.parquet,1
uhs13_1247--udt4819,parquet_commercial_202512_comm_MI,160078-1.parquet,1
uhs13_1247--udt4819,parquet_commercial_202512_comm_MI,160365-1.parquet,1
uhs13_1247--udt4819,parquet_commercial_202512_comm_MI,160529-1.parquet,12
uhs13_1247--udt4819,parquet_commercial_202512_comm_MI,160747-1.parquet,1
uhs13_1247--udt4819,parquet_commercial_202512_comm_MI,160949-1.parquet,1
uhs13_1247--udt4819,parquet_commercial_202512_comm_MI,161134-1.parquet,5
uhs13_1247--udt4819,parquet_commercial_202512_comm_MI,161275-1.parquet,2
uhs13_1247--udt4819,parquet_commercial_202512_comm_MI,161434-1.parquet,1
uhs13_1247--udt4819,parquet_commercial_202512_comm_MI,161642-1.parquet,1
uhs13_1247--udt4819,parquet_commercial_202512_comm_MI,161674-1.parquet,1
uhs13_1247--udt4819,parquet_commercial_202512_comm_MI,161746-1.parquet,1
uhs13_1247--udt4819,parquet_commercial_202512_comm_MI,162220-1.parquet,1
uhs13_1247--udt4819,parquet_commercial_202512_comm_MI,162590-8.parquet,2
uhs13_1247--udt4819,parquet_commercial_202512_comm_MI,162646-8.parquet,2
uhs13_1247--udt4819,parquet_commercial_202512_comm_MI,163035-1.parquet,2
uhs13_1247--udt4819,parquet_commercial_202512_comm_MI,164117-8.parquet,1
uhs13_1247--udt4819,parquet_commercial_202512_comm_MI,164248-1.parquet,1
uhs13_1247--udt4819,parquet_commercial_202512_comm_MI,164547-1.parquet,1
uhs13_1247--udt4819,parquet_commercial_202512_comm_MI,164606-1.parquet,1
uhs13_1247--udt4819,parquet_commercial_202512_comm_MI,164621-1.parquet,1
uhs13_1247--udt4819,parquet_commercial_202512_comm_MI,164742-1.parquet,1
uhs13_1247--udt4819,parquet_commercial_202512_comm_MI,164743-1.parquet,4
uhs13_1247--udt4819,parquet_commercial_202512_comm_MI,164833-1.parquet,1
uhs13_1247--udt4819,parquet_commercial_202512_comm_MI,164928-8.parquet,8
uhs13_1247--udt4819,parquet_commercial_202512_comm_MI,165224-1.parquet,1
uhs13_1247--udt4819,parquet_commercial_202512_comm_MI,165251-1.parquet,1
uhs13_1247--udt4819,parquet_commercial_202512_comm_MI,165352-8.parquet,1
uhs13_1247--udt4819,parquet_commercial_202512_comm_MI,165376-1.parquet,3
uhs13_1247--udt4819,parquet_commercial_202512_comm_MI,165747-1.parquet,1
uhs13_1247--udt4819,parquet_commercial_202512_comm_MI,166339-1.parquet,1
uhs13_1247--udt4819,parquet_commercial_202512_comm_MI,166514-1.parquet,1
uhs13_1247--udt4819,parquet_commercial_202512_comm_MI,166531-1.parquet,1
uhs13_1247--udt4819,parquet_commercial_202512_comm_MI,166622-1.parquet,1
uhs13_1247--udt4819,parquet_commercial_202512_comm_MI,166814-1.parquet,1
uhs13_1247--udt4819,parquet_commercial_202512_comm_MI,166998-1.parquet,1
uhs13_1247--udt4819,parquet_commercial_202512_comm_MI,167382-1.parquet,2
uhs13_1247--udt4819,parquet_commercial_202512_comm_MI,167767-1.parquet,1
uhs13_1247--udt4819,parquet_commercial_202512_comm_MI,167931-1.parquet,2
uhs13_1247--udt4819,parquet_commercial_202512_comm_MI,168033-1.parquet,2
uhs13_1247--udt4819,parquet_commercial_202512_comm_MI,168064-1.parquet,2
uhs13_1247--udt4819,parquet_commercial_202512_comm_MI,168342-1.parquet,1
uhs13_1247--udt4819,parquet_commercial_202512_comm_MI,168682-1.parquet,1
uhs13_1247--udt4819,parquet_commercial_202512_comm_MI,169100-1.parquet,1
uhs13_1247--udt4819,parquet_commercial_202512_comm_MI,169159-1.parquet,1
uhs13_1247--udt4819,parquet_commercial_202512_comm_MI,169293-1.parquet,3
uhs13_1247--udt4819,parquet_commercial_202512_comm_MI,169784-1.parquet,1
uhs13_1247--udt4819,parquet_commercial_202512_comm_MI,169913-1.parquet,1
uhs13_1247--udt4819,parquet_commercial_202512_comm_MI,170028-1.parquet,1
uhs13_1247--udt4819,parquet_residential_short_202512_res_MI,10381-1.parquet,1
uhs13_1247--udt4819,parquet_residential_short_202512_res_MI,11278-1.parquet,1
uhs13_1247--udt4819,parquet_residential_short_202512_res_MI,113255-1.parquet,2
uhs13_1247--udt4819,parquet_residential_short_202512_res_MI,11596-1.parquet,3
uhs13_1247--udt4819,parquet_residential_short_202512_res_MI,116219-1.parquet,4
uhs13_1247--udt4819,parquet_residential_short_202512_res_MI,118404-1.parquet,11
uhs13_1247--udt4819,parquet_residential_short_202512_res_MI,129893-1.parquet,2
uhs13_1247--udt4819,parquet_residential_short_202512_res_MI,134138-1.parquet,1
uhs13_1247--udt4819,parquet_residential_short_202512_res_MI,135030-1.parquet,2
uhs13_1247--udt4819,parquet_residential_short_202512_res_MI,141664-1.parquet,1
uhs13_1247--udt4819,parquet_residential_short_202512_res_MI,14251-1.parquet,1
uhs13_1247--udt4819,parquet_residential_short_202512_res_MI,144380-1.parquet,2
uhs13_1247--udt4819,parquet_residential_short_202512_res_MI,144557-1.parquet,1
uhs13_1247--udt4819,parquet_residential_short_202512_res_MI,145104-1.parquet,2
uhs13_1247--udt4819,parquet_residential_short_202512_res_MI,145237-1.parquet,1
uhs13_1247--udt4819,parquet_residential_short_202512_res_MI,158553-1.parquet,2
uhs13_1247--udt4819,parquet_residential_short_202512_res_MI,163888-1.parquet,10
uhs13_1247--udt4819,parquet_residential_short_202512_res_MI,163929-1.parquet,13
uhs13_1247--udt4819,parquet_residential_short_202512_res_MI,178848-1.parquet,75
uhs13_1247--udt4819,parquet_residential_short_202512_res_MI,178924-1.parquet,8
uhs13_1247--udt4819,parquet_residential_short_202512_res_MI,179061-1.parquet,71
uhs13_1247--udt4819,parquet_residential_short_202512_res_MI,179402-1.parquet,2
uhs13_1247--udt4819,parquet_residential_short_202512_res_MI,180563-1.parquet,10
uhs13_1247--udt4819,parquet_residential_short_202512_res_MI,18662-1.parquet,1
uhs13_1247--udt4819,parquet_residential_short_202512_res_MI,193304-1.parquet,4
uhs13_1247--udt4819,parquet_residential_short_202512_res_MI,202225-1.parquet,2
uhs13_1247--udt4819,parquet_residential_short_202512_res_MI,206690-1.parquet,1
uhs13_1247--udt4819,parquet_residential_short_202512_res_MI,211618-1.parquet,1
uhs13_1247--udt4819,parquet_residential_short_202512_res_MI,218749-1.parquet,1
uhs13_1247--udt4819,parquet_residential_short_202512_res_MI,219061-1.parquet,6
uhs13_1247--udt4819,parquet_residential_short_202512_res_MI,224704-1.parquet,18
uhs13_1247--udt4819,parquet_residential_short_202512_res_MI,229456-1.parquet,2
uhs13_1247--udt4819,parquet_residential_short_202512_res_MI,242004-1.parquet,1
uhs13_1247--udt4819,parquet_residential_short_202512_res_MI,252372-1.parquet,1
uhs13_1247--udt4819,parquet_residential_short_202512_res_MI,255062-1.parquet,9
uhs13_1247--udt4819,parquet_residential_short_202512_res_MI,256339-1.parquet,1
uhs13_1247--udt4819,parquet_residential_short_202512_res_MI,25790-1.parquet,3
uhs13_1247--udt4819,parquet_residential_short_202512_res_MI,258760-1.parquet,1
uhs13_1247--udt4819,parquet_residential_short_202512_res_MI,263197-1.parquet,6
uhs13_1247--udt4819,parquet_residential_short_202512_res_MI,26343-1.parquet,6
uhs13_1247--udt4819,parquet_residential_short_202512_res_MI,275115-1.parquet,7
uhs13_1247--udt4819,parquet_residential_short_202512_res_MI,281826-1.parquet,2
uhs13_1247--udt4819,parquet_residential_short_202512_res_MI,282194-1.parquet,2
uhs13_1247--udt4819,parquet_residential_short_202512_res_MI,285678-1.parquet,1
uhs13_1247--udt4819,parquet_residential_short_202512_res_MI,292113-1.parquet,13
uhs13_1247--udt4819,parquet_residential_short_202512_res_MI,305049-1.parquet,2
uhs13_1247--udt4819,parquet_residential_short_202512_res_MI,305511-1.parquet,1
uhs13_1247--udt4819,parquet_residential_short_202512_res_MI,31043-1.parquet,2
uhs13_1247--udt4819,parquet_residential_short_202512_res_MI,316181-1.parquet,1
uhs13_1247--udt4819,parquet_residential_short_202512_res_MI,317135-1.parquet,2
uhs13_1247--udt4819,parquet_residential_short_202512_res_MI,317368-1.parquet,2
uhs13_1247--udt4819,parquet_residential_short_202512_res_MI,329472-1.parquet,5
uhs13_1247--udt4819,parquet_residential_short_202512_res_MI,330999-1.parquet,54
uhs13_1247--udt4819,parquet_residential_short_202512_res_MI,331207-1.parquet,2
uhs13_1247--udt4819,parquet_residential_short_202512_res_MI,334073-1.parquet,76
uhs13_1247--udt4819,parquet_residential_short_202512_res_MI,346477-1.parquet,2
uhs13_1247--udt4819,parquet_residential_short_202512_res_MI,350694-1.parquet,2
uhs13_1247--udt4819,parquet_residential_short_202512_res_MI,354403-1.parquet,1
uhs13_1247--udt4819,parquet_residential_short_202512_res_MI,361783-1.parquet,63
uhs13_1247--udt4819,parquet_residential_short_202512_res_MI,368387-1.parquet,3
uhs13_1247--udt4819,parquet_residential_short_202512_res_MI,370010-1.parquet,1
uhs13_1247--udt4819,parquet_residential_short_202512_res_MI,378338-1.parquet,9
uhs13_1247--udt4819,parquet_residential_short_202512_res_MI,380296-1.parquet,9
uhs13_1247--udt4819,parquet_residential_short_202512_res_MI,381828-1.parquet,2
uhs13_1247--udt4819,parquet_residential_short_202512_res_MI,381867-1.parquet,2
uhs13_1247--udt4819,parquet_residential_short_202512_res_MI,392142-1.parquet,15
uhs13_1247--udt4819,parquet_residential_short_202512_res_MI,39516-1.parquet,2
uhs13_1247--udt4819,parquet_residential_short_202512_res_MI,400912-1.parquet,17
uhs13_1247--udt4819,parquet_residential_short_202512_res_MI,402675-1.parquet,2
uhs13_1247--udt4819,parquet_residential_short_202512_res_MI,411616-1.parquet,61
uhs13_1247--udt4819,parquet_residential_short_202512_res_MI,418555-1.parquet,4
uhs13_1247--udt4819,parquet_residential_short_202512_res_MI,421729-1.parquet,24
uhs13_1247--udt4819,parquet_residential_short_202512_res_MI,426204-1.parquet,8
uhs13_1247--udt4819,parquet_residential_short_202512_res_MI,430122-1.parquet,2
uhs13_1247--udt4819,parquet_residential_short_202512_res_MI,433741-1.parquet,1
uhs13_1247--udt4819,parquet_residential_short_202512_res_MI,436629-1.parquet,10
uhs13_1247--udt4819,parquet_residential_short_202512_res_MI,437871-1.parquet,10
uhs13_1247--udt4819,parquet_residential_short_202512_res_MI,441370-1.parquet,5
uhs13_1247--udt4819,parquet_residential_short_202512_res_MI,444065-1.parquet,4
uhs13_1247--udt4819,parquet_residential_short_202512_res_MI,446161-1.parquet,4
uhs13_1247--udt4819,parquet_residential_short_202512_res_MI,449958-1.parquet,5
uhs13_1247--udt4819,parquet_residential_short_202512_res_MI,457273-1.parquet,1
uhs13_1247--udt4819,parquet_residential_short_202512_res_MI,459710-1.parquet,3
uhs13_1247--udt4819,parquet_residential_short_202512_res_MI,459832-1.parquet,1
uhs13_1247--udt4819,parquet_residential_short_202512_res_MI,464078-1.parquet,1
uhs13_1247--udt4819,parquet_residential_short_202512_res_MI,467658-1.parquet,2
uhs13_1247--udt4819,parquet_residential_short_202512_res_MI,473383-1.parquet,2
uhs13_1247--udt4819,parquet_residential_short_202512_res_MI,474345-1.parquet,5
uhs13_1247--udt4819,parquet_residential_short_202512_res_MI,48368-1.parquet,2
uhs13_1247--udt4819,parquet_residential_short_202512_res_MI,491904-1.parquet,7
uhs13_1247--udt4819,parquet_residential_short_202512_res_MI,494108-1.parquet,1
uhs13_1247--udt4819,parquet_residential_short_202512_res_MI,498993-1.parquet,1
uhs13_1247--udt4819,parquet_residential_short_202512_res_MI,502032-1.parquet,7
uhs13_1247--udt4819,parquet_residential_short_202512_res_MI,505391-1.parquet,6
uhs13_1247--udt4819,parquet_residential_short_202512_res_MI,508330-1.parquet,36
uhs13_1247--udt4819,parquet_residential_short_202512_res_MI,513814-1.parquet,5
uhs13_1247--udt4819,parquet_residential_short_202512_res_MI,515788-1.parquet,1
uhs13_1247--udt4819,parquet_residential_short_202512_res_MI,519249-1.parquet,2
uhs13_1247--udt4819,parquet_residential_short_202512_res_MI,520323-1.parquet,1
uhs13_1247--udt4819,parquet_residential_short_202512_res_MI,520460-1.parquet,1
uhs13_1247--udt4819,parquet_residential_short_202512_res_MI,521610-1.parquet,2
uhs13_1247--udt4819,parquet_residential_short_202512_res_MI,525496-1.parquet,6
uhs13_1247--udt4819,parquet_residential_short_202512_res_MI,526776-1.parquet,1
uhs13_1247--udt4819,parquet_residential_short_202512_res_MI,533319-1.parquet,1
uhs13_1247--udt4819,parquet_residential_short_202512_res_MI,53721-1.parquet,4
uhs13_1247--udt4819,parquet_residential_short_202512_res_MI,538350-1.parquet,5
uhs13_1247--udt4819,parquet_residential_short_202512_res_MI,540993-1.parquet,1
uhs13_1247--udt4819,parquet_residential_short_202512_res_MI,54618-1.parquet,1
uhs13_1247--udt4819,parquet_residential_short_202512_res_MI,55789-1.parquet,1
uhs13_1247--udt4819,parquet_residential_short_202512_res_MI,74525-1.parquet,4
uhs13_1247--udt4819,parquet_residential_short_202512_res_MI,8111-1.parquet,5
uhs13_1247--udt4819,parquet_residential_short_202512_res_MI,82218-1.parquet,3
uhs13_1247--udt4819,parquet_residential_short_202512_res_MI,83885-1.parquet,2
uhs13_1247--udt4819,parquet_residential_short_202512_res_MI,92876-1.parquet,3
uhs13_1247--udt4819,parquet_residential_short_202512_res_MI,95747-1.parquet,2
uhs14_1247--udt11665,parquet_commercial_202512_comm_MI,157718-1.parquet,1
uhs14_1247--udt11665,parquet_commercial_202512_comm_MI,157810-1.parquet,1
uhs14_1247--udt11665,parquet_commercial_202512_comm_MI,157823-1.parquet,4
uhs14_1247--udt11665,parquet_commercial_202512_comm_MI,157883-1.parquet,1
uhs14_1247--udt11665,parquet_commercial_202512_comm_MI,158365-1.parquet,1
uhs14_1247--udt11665,parquet_commercial_202512_comm_MI,158456-1.parquet,5
uhs14_1247--udt11665,parquet_commercial_202512_comm_MI,158460-1.parquet,7
uhs14_1247--udt11665,parquet_commercial_202512_comm_MI,158634-1.parquet,1
uhs14_1247--udt11665,parquet_commercial_202512_comm_MI,159114-1.parquet,3
uhs14_1247--udt11665,parquet_commercial_202512_comm_MI,159485-1.parquet,4
uhs14_1247--udt11665,parquet_commercial_202512_comm_MI,159799-8.parquet,4
uhs14_1247--udt11665,parquet_commercial_202512_comm_MI,159909-1.parquet,1
uhs14_1247--udt11665,parquet_commercial_202512_comm_MI,160078-1.parquet,1
uhs14_1247--udt11665,parquet_commercial_202512_comm_MI,160529-1.parquet,5
uhs14_1247--udt11665,parquet_commercial_202512_comm_MI,160627-1.parquet,1
uhs14_1247--udt11665,parquet_commercial_202512_comm_MI,160747-1.parquet,1
uhs14_1247--udt11665,parquet_commercial_202512_comm_MI,160855-8.parquet,1
uhs14_1247--udt11665,parquet_commercial_202512_comm_MI,161134-1.parquet,6
uhs14_1247--udt11665,parquet_commercial_202512_comm_MI,161139-8.parquet,1
uhs14_1247--udt11665,parquet_commercial_202512_comm_MI,161275-1.parquet,1
uhs14_1247--udt11665,parquet_commercial_202512_comm_MI,161632-1.parquet,1
uhs14_1247--udt11665,parquet_commercial_202512_comm_MI,161642-1.parquet,1
uhs14_1247--udt11665,parquet_commercial_202512_comm_MI,161648-1.parquet,2
uhs14_1247--udt11665,parquet_commercial_202512_comm_MI,161866-1.parquet,1
uhs14_1247--udt11665,parquet_commercial_202512_comm_MI,161949-1.parquet,1
uhs14_1247--udt11665,parquet_commercial_202512_comm_MI,162058-1.parquet,1
uhs14_1247--udt11665,parquet_commercial_202512_comm_MI,162590-8.parquet,1
uhs14_1247--udt11665,parquet_commercial_202512_comm_MI,162648-1.parquet,1
uhs14_1247--udt11665,parquet_commercial_202512_comm_MI,162867-1.parquet,1
uhs14_1247--udt11665,parquet_commercial_202512_comm_MI,162954-1.parquet,1
uhs14_1247--udt11665,parquet_commercial_202512_comm_MI,163035-1.parquet,4
uhs14_1247--udt11665,parquet_commercial_202512_comm_MI,163378-1.parquet,1
uhs14_1247--udt11665,parquet_commercial_202512_comm_MI,163403-1.parquet,1
uhs14_1247--udt11665,parquet_commercial_202512_comm_MI,163559-1.parquet,6
uhs14_1247--udt11665,parquet_commercial_202512_comm_MI,163710-1.parquet,1
uhs14_1247--udt11665,parquet_commercial_202512_comm_MI,163839-1.parquet,1
uhs14_1247--udt11665,parquet_commercial_202512_comm_MI,163891-1.parquet,1
uhs14_1247--udt11665,parquet_commercial_202512_comm_MI,164079-1.parquet,1
uhs14_1247--udt11665,parquet_commercial_202512_comm_MI,164128-1.parquet,1
uhs14_1247--udt11665,parquet_commercial_202512_comm_MI,164547-1.parquet,1
uhs14_1247--udt11665,parquet_commercial_202512_comm_MI,164675-8.parquet,1
uhs14_1247--udt11665,parquet_commercial_202512_comm_MI,164742-1.parquet,1
uhs14_1247--udt11665,parquet_commercial_202512_comm_MI,164743-1.parquet,1
uhs14_1247--udt11665,parquet_commercial_202512_comm_MI,164928-8.parquet,4
uhs14_1247--udt11665,parquet_commercial_202512_comm_MI,164945-8.parquet,1
uhs14_1247--udt11665,parquet_commercial_202512_comm_MI,165018-8.parquet,3
uhs14_1247--udt11665,parquet_commercial_202512_comm_MI,165260-1.parquet,1
uhs14_1247--udt11665,parquet_commercial_202512_comm_MI,165423-1.parquet,1
uhs14_1247--udt11665,parquet_commercial_202512_comm_MI,165460-1.parquet,1
uhs14_1247--udt11665,parquet_commercial_202512_comm_MI,165734-1.parquet,1
uhs14_1247--udt11665,parquet_commercial_202512_comm_MI,166044-1.parquet,1
uhs14_1247--udt11665,parquet_commercial_202512_comm_MI,166183-1.parquet,5
uhs14_1247--udt11665,parquet_commercial_202512_comm_MI,166339-1.parquet,2
uhs14_1247--udt11665,parquet_commercial_202512_comm_MI,166488-1.parquet,1
uhs14_1247--udt11665,parquet_commercial_202512_comm_MI,166514-1.parquet,1
uhs14_1247--udt11665,parquet_commercial_202512_comm_MI,166911-1.parquet,1
uhs14_1247--udt11665,parquet_commercial_202512_comm_MI,166998-1.parquet,1
uhs14_1247--udt11665,parquet_commercial_202512_comm_MI,167382-1.parquet,3
uhs14_1247--udt11665,parquet_commercial_202512_comm_MI,167455-1.parquet,1
uhs14_1247--udt11665,parquet_commercial_202512_comm_MI,167642-1.parquet,1
uhs14_1247--udt11665,parquet_commercial_202512_comm_MI,167828-1.parquet,1
uhs14_1247--udt11665,parquet_commercial_202512_comm_MI,167931-1.parquet,2
uhs14_1247--udt11665,parquet_commercial_202512_comm_MI,167937-1.parquet,1
uhs14_1247--udt11665,parquet_commercial_202512_comm_MI,168033-1.parquet,1
uhs14_1247--udt11665,parquet_commercial_202512_comm_MI,168555-1.parquet,1
uhs14_1247--udt11665,parquet_commercial_202512_comm_MI,168901-1.parquet,1
uhs14_1247--udt11665,parquet_commercial_202512_comm_MI,169002-1.parquet,1
uhs14_1247--udt11665,parquet_commercial_202512_comm_MI,169006-1.parquet,1
uhs14_1247--udt11665,parquet_commercial_202512_comm_MI,169293-1.parquet,1
uhs14_1247--udt11665,parquet_commercial_202512_comm_MI,169316-1.parquet,3
uhs14_1247--udt11665,parquet_commercial_202512_comm_MI,169593-1.parquet,1
uhs14_1247--udt11665,parquet_commercial_202512_comm_MI,169655-1.parquet,1
uhs14_1247--udt11665,parquet_commercial_202512_comm_MI,169748-1.parquet,1
uhs14_1247--udt11665,parquet_commercial_202512_comm_MI,169782-1.parquet,1
uhs14_1247--udt11665,parquet_residential_short_202512_res_MI,10381-1.parquet,2
uhs14_1247--udt11665,parquet_residential_short_202512_res_MI,104079-1.parquet,1
uhs14_1247--udt11665,parquet_residential_short_202512_res_MI,113255-1.parquet,3
uhs14_1247--udt11665,parquet_residential_short_202512_res_MI,113495-1.parquet,3
uhs14_1247--udt11665,parquet_residential_short_202512_res_MI,116219-1.parquet,1
uhs14_1247--udt11665,parquet_residential_short_202512_res_MI,118404-1.parquet,15
uhs14_1247--udt11665,parquet_residential_short_202512_res_MI,129325-1.parquet,3
uhs14_1247--udt11665,parquet_residential_short_202512_res_MI,134138-1.parquet,1
uhs14_1247--udt11665,parquet_residential_short_202512_res_MI,141664-1.parquet,1
uhs14_1247--udt11665,parquet_residential_short_202512_res_MI,14251-1.parquet,2
uhs14_1247--udt11665,parquet_residential_short_202512_res_MI,144380-1.parquet,1
uhs14_1247--udt11665,parquet_residential_short_202512_res_MI,145077-1.parquet,1
uhs14_1247--udt11665,parquet_residential_short_202512_res_MI,145104-1.parquet,4
uhs14_1247--udt11665,parquet_residential_short_202512_res_MI,15283-1.parquet,3
uhs14_1247--udt11665,parquet_residential_short_202512_res_MI,163689-1.parquet,1
uhs14_1247--udt11665,parquet_residential_short_202512_res_MI,163888-1.parquet,2
uhs14_1247--udt11665,parquet_residential_short_202512_res_MI,163929-1.parquet,5
uhs14_1247--udt11665,parquet_residential_short_202512_res_MI,169556-1.parquet,2
uhs14_1247--udt11665,parquet_residential_short_202512_res_MI,178522-1.parquet,2
uhs14_1247--udt11665,parquet_residential_short_202512_res_MI,178848-1.parquet,45
uhs14_1247--udt11665,parquet_residential_short_202512_res_MI,178924-1.parquet,9
uhs14_1247--udt11665,parquet_residential_short_202512_res_MI,179061-1.parquet,62
uhs14_1247--udt11665,parquet_residential_short_202512_res_MI,179402-1.parquet,1
uhs14_1247--udt11665,parquet_residential_short_202512_res_MI,179991-1.parquet,1
uhs14_1247--udt11665,parquet_residential_short_202512_res_MI,189827-1.parquet,3
uhs14_1247--udt11665,parquet_residential_short_202512_res_MI,193304-1.parquet,5
uhs14_1247--udt11665,parquet_residential_short_202512_res_MI,195848-1.parquet,4
uhs14_1247--udt11665,parquet_residential_short_202512_res_MI,206690-1.parquet,1
uhs14_1247--udt11665,parquet_residential_short_202512_res_MI,211618-1.parquet,1
uhs14_1247--udt11665,parquet_residential_short_202512_res_MI,219061-1.parquet,2
uhs14_1247--udt11665,parquet_residential_short_202512_res_MI,229456-1.parquet,2
uhs14_1247--udt11665,parquet_residential_short_202512_res_MI,229902-1.parquet,1
uhs14_1247--udt11665,parquet_residential_short_202512_res_MI,235730-1.parquet,1
uhs14_1247--udt11665,parquet_residential_short_202512_res_MI,242004-1.parquet,2
uhs14_1247--udt11665,parquet_residential_short_202512_res_MI,255062-1.parquet,3
uhs14_1247--udt11665,parquet_residential_short_202512_res_MI,258760-1.parquet,1
uhs14_1247--udt11665,parquet_residential_short_202512_res_MI,261491-1.parquet,4
uhs14_1247--udt11665,parquet_residential_short_202512_res_MI,263197-1.parquet,4
uhs14_1247--udt11665,parquet_residential_short_202512_res_MI,26343-1.parquet,2
uhs14_1247--udt11665,parquet_residential_short_202512_res_MI,275115-1.parquet,9
uhs14_1247--udt11665,parquet_residential_short_202512_res_MI,275600-1.parquet,2
uhs14_1247--udt11665,parquet_residential_short_202512_res_MI,277511-1.parquet,5
uhs14_1247--udt11665,parquet_residential_short_202512_res_MI,278143-1.parquet,1
uhs14_1247--udt11665,parquet_residential_short_202512_res_MI,280750-1.parquet,1
uhs14_1247--udt11665,parquet_residential_short_202512_res_MI,282194-1.parquet,3
uhs14_1247--udt11665,parquet_residential_short_202512_res_MI,285678-1.parquet,1
uhs14_1247--udt11665,parquet_residential_short_202512_res_MI,292113-1.parquet,1
uhs14_1247--udt11665,parquet_residential_short_202512_res_MI,292202-1.parquet,2
uhs14_1247--udt11665,parquet_residential_short_202512_res_MI,29488-1.parquet,3
uhs14_1247--udt11665,parquet_residential_short_202512_res_MI,305511-1.parquet,1
uhs14_1247--udt11665,parquet_residential_short_202512_res_MI,31043-1.parquet,2
uhs14_1247--udt11665,parquet_residential_short_202512_res_MI,316181-1.parquet,1
uhs14_1247--udt11665,parquet_residential_short_202512_res_MI,316670-1.parquet,1
uhs14_1247--udt11665,parquet_residential_short_202512_res_MI,317135-1.parquet,2
uhs14_1247--udt11665,parquet_residential_short_202512_res_MI,32711-1.parquet,2
uhs14_1247--udt11665,parquet_residential_short_202512_res_MI,329472-1.parquet,5
uhs14_1247--udt11665,parquet_residential_short_202512_res_MI,32956-1.parquet,1
uhs14_1247--udt11665,parquet_residential_short_202512_res_MI,330999-1.parquet,1
uhs14_1247--udt11665,parquet_residential_short_202512_res_MI,331207-1.parquet,1
uhs14_1247--udt11665,parquet_residential_short_202512_res_MI,331355-1.parquet,1
uhs14_1247--udt11665,parquet_residential_short_202512_res_MI,334073-1.parquet,47
uhs14_1247--udt11665,parquet_residential_short_202512_res_MI,346477-1.parquet,1
uhs14_1247--udt11665,parquet_residential_short_202512_res_MI,350694-1.parquet,1
uhs14_1247--udt11665,parquet_residential_short_202512_res_MI,354403-1.parquet,11
uhs14_1247--udt11665,parquet_residential_short_202512_res_MI,361783-1.parquet,31
uhs14_1247--udt11665,parquet_residential_short_202512_res_MI,363455-1.parquet,1
uhs14_1247--udt11665,parquet_residential_short_202512_res_MI,368387-1.parquet,1
uhs14_1247--udt11665,parquet_residential_short_202512_res_MI,370010-1.parquet,2
uhs14_1247--udt11665,parquet_residential_short_202512_res_MI,377543-1.parquet,1
uhs14_1247--udt11665,parquet_residential_short_202512_res_MI,378338-1.parquet,6
uhs14_1247--udt11665,parquet_residential_short_202512_res_MI,380296-1.parquet,3
uhs14_1247--udt11665,parquet_residential_short_202512_res_MI,381828-1.parquet,1
uhs14_1247--udt11665,parquet_residential_short_202512_res_MI,381867-1.parquet,4
uhs14_1247--udt11665,parquet_residential_short_202512_res_MI,387495-1.parquet,15
uhs14_1247--udt11665,parquet_residential_short_202512_res_MI,392142-1.parquet,5
uhs14_1247--udt11665,parquet_residential_short_202512_res_MI,39539-1.parquet,2
uhs14_1247--udt11665,parquet_residential_short_202512_res_MI,395863-1.parquet,1
uhs14_1247--udt11665,parquet_residential_short_202512_res_MI,396717-1.parquet,1
uhs14_1247--udt11665,parquet_residential_short_202512_res_MI,400912-1.parquet,7
uhs14_1247--udt11665,parquet_residential_short_202512_res_MI,402675-1.parquet,1
uhs14_1247--udt11665,parquet_residential_short_202512_res_MI,409398-1.parquet,1
uhs14_1247--udt11665,parquet_residential_short_202512_res_MI,411616-1.parquet,29
uhs14_1247--udt11665,parquet_residential_short_202512_res_MI,417744-1.parquet,1
uhs14_1247--udt11665,parquet_residential_short_202512_res_MI,418555-1.parquet,1
uhs14_1247--udt11665,parquet_residential_short_202512_res_MI,426204-1.parquet,5
uhs14_1247--udt11665,parquet_residential_short_202512_res_MI,429096-1.parquet,1
uhs14_1247--udt11665,parquet_residential_short_202512_res_MI,430122-1.parquet,2
uhs14_1247--udt11665,parquet_residential_short_202512_res_MI,433741-1.parquet,2
uhs14_1247--udt11665,parquet_residential_short_202512_res_MI,436629-1.parquet,6
uhs14_1247--udt11665,parquet_residential_short_202512_res_MI,437871-1.parquet,14
uhs14_1247--udt11665,parquet_residential_short_202512_res_MI,439442-1.parquet,4
uhs14_1247--udt11665,parquet_residential_short_202512_res_MI,441370-1.parquet,5
uhs14_1247--udt11665,parquet_residential_short_202512_res_MI,444065-1.parquet,8
uhs14_1247--udt11665,parquet_residential_short_202512_res_MI,445779-1.parquet,1
uhs14_1247--udt11665,parquet_residential_short_202512_res_MI,449575-1.parquet,3
uhs14_1247--udt11665,parquet_residential_short_202512_res_MI,449958-1.parquet,2
uhs14_1247--udt11665,parquet_residential_short_202512_res_MI,457273-1.parquet,2
uhs14_1247--udt11665,parquet_residential_short_202512_res_MI,457712-1.parquet,1
uhs14_1247--udt11665,parquet_residential_short_202512_res_MI,458168-1.parquet,1
uhs14_1247--udt11665,parquet_residential_short_202512_res_MI,459710-1.parquet,1
uhs14_1247--udt11665,parquet_residential_short_202512_res_MI,459832-1.parquet,2
uhs14_1247--udt11665,parquet_residential_short_202512_res_MI,463711-1.parquet,5
uhs14_1247--udt11665,parquet_residential_short_202512_res_MI,465693-1.parquet,5
uhs14_1247--udt11665,parquet_residential_short_202512_res_MI,470858-1.parquet,1
uhs14_1247--udt11665,parquet_residential_short_202512_res_MI,473383-1.parquet,1
uhs14_1247--udt11665,parquet_residential_short_202512_res_MI,474345-1.parquet,5
uhs14_1247--udt11665,parquet_residential_short_202512_res_MI,478155-1.parquet,1
uhs14_1247--udt11665,parquet_residential_short_202512_res_MI,48368-1.parquet,3
uhs14_1247--udt11665,parquet_residential_short_202512_res_MI,485286-1.parquet,1
uhs14_1247--udt11665,parquet_residential_short_202512_res_MI,491904-1.parquet,6
uhs14_1247--udt11665,parquet_residential_short_202512_res_MI,494108-1.parquet,8
uhs14_1247--udt11665,parquet_residential_short_202512_res_MI,498993-1.parquet,1
uhs14_1247--udt11665,parquet_residential_short_202512_res_MI,502032-1.parquet,5
uhs14_1247--udt11665,parquet_residential_short_202512_res_MI,505391-1.parquet,1
uhs14_1247--udt11665,parquet_residential_short_202512_res_MI,505432-1.parquet,2
uhs14_1247--udt11665,parquet_residential_short_202512_res_MI,508330-1.parquet,11
uhs14_1247--udt11665,parquet_residential_short_202512_res_MI,509345-1.parquet,1
uhs14_1247--udt11665,parquet_residential_short_202512_res_MI,513814-1.parquet,2
uhs14_1247--udt11665,parquet_residential_short_202512_res_MI,515788-1.parquet,1
uhs14_1247--udt11665,parquet_residential_short_202512_res_MI,520334-1.parquet,1
uhs14_1247--udt11665,parquet_residential_short_202512_res_MI,521610-1.parquet,1
uhs14_1247--udt11665,parquet_residential_short_202512_res_MI,526776-1.parquet,2
uhs14_1247--udt11665,parquet_residential_short_202512_res_MI,529961-1.parquet,1
uhs14_1247--udt11665,parquet_residential_short_202512_res_MI,530245-1.parquet,1
uhs14_1247--udt11665,parquet_residential_short_202512_res_MI,533319-1.parquet,3
uhs14_1247--udt11665,parquet_residential_short_202512_res_MI,53721-1.parquet,2
uhs14_1247--udt11665,parquet_residential_short_202512_res_MI,538350-1.parquet,1
uhs14_1247--udt11665,parquet_residential_short_202512_res_MI,54618-1.parquet,1
uhs14_1247--udt11665,parquet_residential_short_202512_res_MI,60207-1.parquet,1
uhs14_1247--udt11665,parquet_residential_short_202512_res_MI,74525-1.parquet,4
uhs14_1247--udt11665,parquet_residential_short_202512_res_MI,7956-1.parquet,1
uhs14_1247--udt11665,parquet_residential_short_202512_res_MI,8111-1.parquet,5
uhs14_1247--udt11665,parquet_residential_short_202512_res_MI,83885-1.parquet,1
uhs14_1247--udt11665,parquet_residential_short_202512_res_MI,90350-1.parquet,3
uhs14_1247--udt11665,parquet_residential_short_202512_res_MI,92876-1.parquet,1
uhs14_1247--udt11665,parquet_residential_short_202512_res_MI,95747-1.parquet,1
uhs14_1247--udt11665,parquet_residential_short_202512_res_MI,97944-1.parquet,1
uhs14_1247--udt12226,parquet_commercial_202512_comm_MI,157718-1.parquet,1
uhs14_1247--udt12226,parquet_commercial_202512_comm_MI,157810-1.parquet,1
uhs14_1247--udt12226,parquet_commercial_202512_comm_MI,157823-1.parquet,1
uhs14_1247--udt12226,parquet_commercial_202512_comm_MI,157859-8.parquet,1
uhs14_1247--udt12226,parquet_commercial_202512_comm_MI,158456-1.parquet,4
uhs14_1247--udt12226,parquet_commercial_202512_comm_MI,158460-1.parquet,3
uhs14_1247--udt12226,parquet_commercial_202512_comm_MI,158634-1.parquet,3
uhs14_1247--udt12226,parquet_commercial_202512_comm_MI,158712-1.parquet,1
uhs14_1247--udt12226,parquet_commercial_202512_comm_MI,159114-1.parquet,3
uhs14_1247--udt12226,parquet_commercial_202512_comm_MI,159485-1.parquet,2
uhs14_1247--udt12226,parquet_commercial_202512_comm_MI,159533-1.parquet,1
uhs14_1247--udt12226,parquet_commercial_202512_comm_MI,159799-8.parquet,1
uhs14_1247--udt12226,parquet_commercial_202512_comm_MI,159989-1.parquet,1
uhs14_1247--udt12226,parquet_commercial_202512_comm_MI,160003-1.parquet,1
uhs14_1247--udt12226,parquet_commercial_202512_comm_MI,160477-1.parquet,1
uhs14_1247--udt12226,parquet_commercial_202512_comm_MI,160747-1.parquet,1
uhs14_1247--udt12226,parquet_commercial_202512_comm_MI,160855-8.parquet,1
uhs14_1247--udt12226,parquet_commercial_202512_comm_MI,161628-8.parquet,1
uhs14_1247--udt12226,parquet_commercial_202512_comm_MI,161677-1.parquet,1
uhs14_1247--udt12226,parquet_commercial_202512_comm_MI,162329-1.parquet,1
uhs14_1247--udt12226,parquet_commercial_202512_comm_MI,162561-1.parquet,1
uhs14_1247--udt12226,parquet_commercial_202512_comm_MI,162850-1.parquet,1
uhs14_1247--udt12226,parquet_commercial_202512_comm_MI,162868-1.parquet,1
uhs14_1247--udt12226,parquet_commercial_202512_comm_MI,163035-1.parquet,4
uhs14_1247--udt12226,parquet_commercial_202512_comm_MI,163559-1.parquet,2
uhs14_1247--udt12226,parquet_commercial_202512_comm_MI,164248-1.parquet,1
uhs14_1247--udt12226,parquet_commercial_202512_comm_MI,164606-1.parquet,5
uhs14_1247--udt12226,parquet_commercial_202512_comm_MI,164742-1.parquet,1
uhs14_1247--udt12226,parquet_commercial_202512_comm_MI,164743-1.parquet,1
uhs14_1247--udt12226,parquet_commercial_202512_comm_MI,164928-8.parquet,2
uhs14_1247--udt12226,parquet_commercial_202512_comm_MI,165045-1.parquet,1
uhs14_1247--udt12226,parquet_commercial_202512_comm_MI,165336-1.parquet,2
uhs14_1247--udt12226,parquet_commercial_202512_comm_MI,165410-1.parquet,1
uhs14_1247--udt12226,parquet_commercial_202512_comm_MI,165564-1.parquet,1
uhs14_1247--udt12226,parquet_commercial_202512_comm_MI,166183-1.parquet,3
uhs14_1247--udt12226,parquet_commercial_202512_comm_MI,166339-1.parquet,2
uhs14_1247--udt12226,parquet_commercial_202512_comm_MI,166488-1.parquet,1
uhs14_1247--udt12226,parquet_commercial_202512_comm_MI,166676-1.parquet,3
uhs14_1247--udt12226,parquet_commercial_202512_comm_MI,167209-1.parquet,2
uhs14_1247--udt12226,parquet_commercial_202512_comm_MI,167350-8.parquet,1
uhs14_1247--udt12226,parquet_commercial_202512_comm_MI,167382-1.parquet,1
uhs14_1247--udt12226,parquet_commercial_202512_comm_MI,167455-1.parquet,1
uhs14_1247--udt12226,parquet_commercial_202512_comm_MI,167506-1.parquet,1
uhs14_1247--udt12226,parquet_commercial_202512_comm_MI,167899-1.parquet,2
uhs14_1247--udt12226,parquet_commercial_202512_comm_MI,167931-1.parquet,1
uhs14_1247--udt12226,parquet_commercial_202512_comm_MI,167937-1.parquet,1
uhs14_1247--udt12226,parquet_commercial_202512_comm_MI,167948-1.parquet,1
uhs14_1247--udt12226,parquet_commercial_202512_comm_MI,168053-1.parquet,1
uhs14_1247--udt12226,parquet_commercial_202512_comm_MI,168277-8.parquet,2
uhs14_1247--udt12226,parquet_commercial_202512_comm_MI,168487-1.parquet,1
uhs14_1247--udt12226,parquet_commercial_202512_comm_MI,169042-1.parquet,1
uhs14_1247--udt12226,parquet_commercial_202512_comm_MI,169316-1.parquet,3
uhs14_1247--udt12226,parquet_commercial_202512_comm_MI,169433-1.parquet,1
uhs14_1247--udt12226,parquet_commercial_202512_comm_MI,169748-1.parquet,1
uhs14_1247--udt12226,parquet_commercial_202512_comm_MI,169898-1.parquet,2
uhs14_1247--udt12226,parquet_commercial_202512_comm_MI,170028-1.parquet,1
uhs14_1247--udt12226,parquet_residential_short_202512_res_MI,10381-1.parquet,3
uhs14_1247--udt12226,parquet_residential_short_202512_res_MI,104079-1.parquet,1
uhs14_1247--udt12226,parquet_residential_short_202512_res_MI,109870-1.parquet,5
uhs14_1247--udt12226,parquet_residential_short_202512_res_MI,110028-1.parquet,1
uhs14_1247--udt12226,parquet_residential_short_202512_res_MI,111086-1.parquet,1
uhs14_1247--udt12226,parquet_residential_short_202512_res_MI,11278-1.parquet,1
uhs14_1247--udt12226,parquet_residential_short_202512_res_MI,113255-1.parquet,2
uhs14_1247--udt12226,parquet_residential_short_202512_res_MI,113495-1.parquet,1
uhs14_1247--udt12226,parquet_residential_short_202512_res_MI,11596-1.parquet,7
uhs14_1247--udt12226,parquet_residential_short_202512_res_MI,116219-1.parquet,5
uhs14_1247--udt12226,parquet_residential_short_202512_res_MI,118404-1.parquet,25
uhs14_1247--udt12226,parquet_residential_short_202512_res_MI,134138-1.parquet,2
uhs14_1247--udt12226,parquet_residential_short_202512_res_MI,135030-1.parquet,1
uhs14_1247--udt12226,parquet_residential_short_202512_res_MI,140239-1.parquet,1
uhs14_1247--udt12226,parquet_residential_short_202512_res_MI,141664-1.parquet,5
uhs14_1247--udt12226,parquet_residential_short_202512_res_MI,14251-1.parquet,2
uhs14_1247--udt12226,parquet_residential_short_202512_res_MI,144380-1.parquet,3
uhs14_1247--udt12226,parquet_residential_short_202512_res_MI,144557-1.parquet,1
uhs14_1247--udt12226,parquet_residential_short_202512_res_MI,145104-1.parquet,2
uhs14_1247--udt12226,parquet_residential_short_202512_res_MI,15283-1.parquet,5
uhs14_1247--udt12226,parquet_residential_short_202512_res_MI,158553-1.parquet,1
uhs14_1247--udt12226,parquet_residential_short_202512_res_MI,161125-1.parquet,1
uhs14_1247--udt12226,parquet_residential_short_202512_res_MI,163160-1.parquet,1
uhs14_1247--udt12226,parquet_residential_short_202512_res_MI,163888-1.parquet,12
uhs14_1247--udt12226,parquet_residential_short_202512_res_MI,163929-1.parquet,18
uhs14_1247--udt12226,parquet_residential_short_202512_res_MI,169556-1.parquet,2
uhs14_1247--udt12226,parquet_residential_short_202512_res_MI,178522-1.parquet,2
uhs14_1247--udt12226,parquet_residential_short_202512_res_MI,178848-1.parquet,93
uhs14_1247--udt12226,parquet_residential_short_202512_res_MI,178924-1.parquet,15
uhs14_1247--udt12226,parquet_residential_short_202512_res_MI,179061-1.parquet,132
uhs14_1247--udt12226,parquet_residential_short_202512_res_MI,179402-1.parquet,2
uhs14_1247--udt12226,parquet_residential_short_202512_res_MI,179991-1.parquet,2
uhs14_1247--udt12226,parquet_residential_short_202512_res_MI,18662-1.parquet,1
uhs14_1247--udt12226,parquet_residential_short_202512_res_MI,193304-1.parquet,23
uhs14_1247--udt12226,parquet_residential_short_202512_res_MI,193666-1.parquet,2
uhs14_1247--udt12226,parquet_residential_short_202512_res_MI,195848-1.parquet,1
uhs14_1247--udt12226,parquet_residential_short_202512_res_MI,206690-1.parquet,3
uhs14_1247--udt12226,parquet_residential_short_202512_res_MI,211618-1.parquet,5
uhs14_1247--udt12226,parquet_residential_short_202512_res_MI,213050-1.parquet,1
uhs14_1247--udt12226,parquet_residential_short_202512_res_MI,215616-1.parquet,2
uhs14_1247--udt12226,parquet_residential_short_202512_res_MI,219061-1.parquet,4
uhs14_1247--udt12226,parquet_residential_short_202512_res_MI,22378-1.parquet,1
uhs14_1247--udt12226,parquet_residential_short_202512_res_MI,224704-1.parquet,1
uhs14_1247--udt12226,parquet_residential_short_202512_res_MI,229456-1.parquet,5
uhs14_1247--udt12226,parquet_residential_short_202512_res_MI,231438-1.parquet,1
uhs14_1247--udt12226,parquet_residential_short_202512_res_MI,242004-1.parquet,17
uhs14_1247--udt12226,parquet_residential_short_202512_res_MI,245364-1.parquet,1
uhs14_1247--udt12226,parquet_residential_short_202512_res_MI,252372-1.parquet,3
uhs14_1247--udt12226,parquet_residential_short_202512_res_MI,255062-1.parquet,15
uhs14_1247--udt12226,parquet_residential_short_202512_res_MI,256339-1.parquet,1
uhs14_1247--udt12226,parquet_residential_short_202512_res_MI,25870-1.parquet,2
uhs14_1247--udt12226,parquet_residential_short_202512_res_MI,26004-1.parquet,1
uhs14_1247--udt12226,parquet_residential_short_202512_res_MI,263197-1.parquet,7
uhs14_1247--udt12226,parquet_residential_short_202512_res_MI,26343-1.parquet,6
uhs14_1247--udt12226,parquet_residential_short_202512_res_MI,275115-1.parquet,18
uhs14_1247--udt12226,parquet_residential_short_202512_res_MI,275600-1.parquet,2
uhs14_1247--udt12226,parquet_residential_short_202512_res_MI,277511-1.parquet,1
uhs14_1247--udt12226,parquet_residential_short_202512_res_MI,278143-1.parquet,1
uhs14_1247--udt12226,parquet_residential_short_202512_res_MI,280750-1.parquet,2
uhs14_1247--udt12226,parquet_residential_short_202512_res_MI,281826-1.parquet,1
uhs14_1247--udt12226,parquet_residential_short_202512_res_MI,282194-1.parquet,3
uhs14_1247--udt12226,parquet_residential_short_202512_res_MI,285678-1.parquet,7
uhs14_1247--udt12226,parquet_residential_short_202512_res_MI,292113-1.parquet,9
uhs14_1247--udt12226,parquet_residential_short_202512_res_MI,292202-1.parquet,1
uhs14_1247--udt12226,parquet_residential_short_202512_res_MI,305049-1.parquet,2
uhs14_1247--udt12226,parquet_residential_short_202512_res_MI,31043-1.parquet,7
uhs14_1247--udt12226,parquet_residential_short_202512_res_MI,31214-1.parquet,1
uhs14_1247--udt12226,parquet_residential_short_202512_res_MI,316181-1.parquet,4
uhs14_1247--udt12226,parquet_residential_short_202512_res_MI,316670-1.parquet,1
uhs14_1247--udt12226,parquet_residential_short_202512_res_MI,317135-1.parquet,3
uhs14_1247--udt12226,parquet_residential_short_202512_res_MI,329472-1.parquet,8
uhs14_1247--udt12226,parquet_residential_short_202512_res_MI,32956-1.parquet,1
uhs14_1247--udt12226,parquet_residential_short_202512_res_MI,331207-1.parquet,2
uhs14_1247--udt12226,parquet_residential_short_202512_res_MI,334073-1.parquet,96
uhs14_1247--udt12226,parquet_residential_short_202512_res_MI,335327-1.parquet,1
uhs14_1247--udt12226,parquet_residential_short_202512_res_MI,346477-1.parquet,5
uhs14_1247--udt12226,parquet_residential_short_202512_res_MI,350694-1.parquet,2
uhs14_1247--udt12226,parquet_residential_short_202512_res_MI,361783-1.parquet,92
uhs14_1247--udt12226,parquet_residential_short_202512_res_MI,365825-1.parquet,3
uhs14_1247--udt12226,parquet_residential_short_202512_res_MI,368387-1.parquet,19
uhs14_1247--udt12226,parquet_residential_short_202512_res_MI,368438-1.parquet,1
uhs14_1247--udt12226,parquet_residential_short_202512_res_MI,370010-1.parquet,1
uhs14_1247--udt12226,parquet_residential_short_202512_res_MI,378338-1.parquet,25
uhs14_1247--udt12226,parquet_residential_short_202512_res_MI,380296-1.parquet,7
uhs14_1247--udt12226,parquet_residential_short_202512_res_MI,381828-1.parquet,1
uhs14_1247--udt12226,parquet_residential_short_202512_res_MI,381867-1.parquet,17
uhs14_1247--udt12226,parquet_residential_short_202512_res_MI,387495-1.parquet,4
uhs14_1247--udt12226,parquet_residential_short_202512_res_MI,392142-1.parquet,12
uhs14_1247--udt12226,parquet_residential_short_202512_res_MI,39516-1.parquet,1
uhs14_1247--udt12226,parquet_residential_short_202512_res_MI,39539-1.parquet,3
uhs14_1247--udt12226,parquet_residential_short_202512_res_MI,395863-1.parquet,1
uhs14_1247--udt12226,parquet_residential_short_202512_res_MI,396717-1.parquet,4
uhs14_1247--udt12226,parquet_residential_short_202512_res_MI,400912-1.parquet,20
uhs14_1247--udt12226,parquet_residential_short_202512_res_MI,405426-1.parquet,2
uhs14_1247--udt12226,parquet_residential_short_202512_res_MI,411616-1.parquet,87
uhs14_1247--udt12226,parquet_residential_short_202512_res_MI,414172-1.parquet,1
uhs14_1247--udt12226,parquet_residential_short_202512_res_MI,418555-1.parquet,4
uhs14_1247--udt12226,parquet_residential_short_202512_res_MI,426204-1.parquet,18
uhs14_1247--udt12226,parquet_residential_short_202512_res_MI,430122-1.parquet,2
uhs14_1247--udt12226,parquet_residential_short_202512_res_MI,433741-1.parquet,2
uhs14_1247--udt12226,parquet_residential_short_202512_res_MI,436629-1.parquet,16
uhs14_1247--udt12226,parquet_residential_short_202512_res_MI,437871-1.parquet,9
uhs14_1247--udt12226,parquet_residential_short_202512_res_MI,441370-1.parquet,12
uhs14_1247--udt12226,parquet_residential_short_202512_res_MI,444065-1.parquet,5
uhs14_1247--udt12226,parquet_residential_short_202512_res_MI,449958-1.parquet,9
uhs14_1247--udt12226,parquet_residential_short_202512_res_MI,450644-1.parquet,1
uhs14_1247--udt12226,parquet_residential_short_202512_res_MI,453782-1.parquet,3
uhs14_1247--udt12226,parquet_residential_short_202512_res_MI,455633-1.parquet,4
uhs14_1247--udt12226,parquet_residential_short_202512_res_MI,457273-1.parquet,7
uhs14_1247--udt12226,parquet_residential_short_202512_res_MI,457563-1.parquet,1
uhs14_1247--udt12226,parquet_residential_short_202512_res_MI,459710-1.parquet,2
uhs14_1247--udt12226,parquet_residential_short_202512_res_MI,459832-1.parquet,3
uhs14_1247--udt12226,parquet_residential_short_202512_res_MI,464078-1.parquet,1
uhs14_1247--udt12226,parquet_residential_short_202512_res_MI,465000-1.parquet,1
uhs14_1247--udt12226,parquet_residential_short_202512_res_MI,465693-1.parquet,1
uhs14_1247--udt12226,parquet_residential_short_202512_res_MI,473383-1.parquet,4
uhs14_1247--udt12226,parquet_residential_short_202512_res_MI,474345-1.parquet,8
uhs14_1247--udt12226,parquet_residential_short_202512_res_MI,478155-1.parquet,2
uhs14_1247--udt12226,parquet_residential_short_202512_res_MI,485286-1.parquet,4
uhs14_1247--udt12226,parquet_residential_short_202512_res_MI,485537-1.parquet,4
uhs14_1247--udt12226,parquet_residential_short_202512_res_MI,491904-1.parquet,14
uhs14_1247--udt12226,parquet_residential_short_202512_res_MI,492169-1.parquet,1
uhs14_1247--udt12226,parquet_residential_short_202512_res_MI,494108-1.parquet,6
uhs14_1247--udt12226,parquet_residential_short_202512_res_MI,498993-1.parquet,4
uhs14_1247--udt12226,parquet_residential_short_202512_res_MI,502032-1.parquet,5
uhs14_1247--udt12226,parquet_residential_short_202512_res_MI,505391-1.parquet,12
uhs14_1247--udt12226,parquet_residential_short_202512_res_MI,505432-1.parquet,2
uhs14_1247--udt12226,parquet_residential_short_202512_res_MI,508330-1.parquet,74
uhs14_1247--udt12226,parquet_residential_short_202512_res_MI,509345-1.parquet,13
uhs14_1247--udt12226,parquet_residential_short_202512_res_MI,513814-1.parquet,6
uhs14_1247--udt12226,parquet_residential_short_202512_res_MI,519249-1.parquet,3
uhs14_1247--udt12226,parquet_residential_short_202512_res_MI,520460-1.parquet,1
uhs14_1247--udt12226,parquet_residential_short_202512_res_MI,521610-1.parquet,2
uhs14_1247--udt12226,parquet_residential_short_202512_res_MI,525496-1.parquet,5
uhs14_1247--udt12226,parquet_residential_short_202512_res_MI,526776-1.parquet,2
uhs14_1247--udt12226,parquet_residential_short_202512_res_MI,530245-1.parquet,2
uhs14_1247--udt12226,parquet_residential_short_202512_res_MI,530429-1.parquet,1
uhs14_1247--udt12226,parquet_residential_short_202512_res_MI,5319-1.parquet,1
uhs14_1247--udt12226,parquet_residential_short_202512_res_MI,533319-1.parquet,7
uhs14_1247--udt12226,parquet_residential_short_202512_res_MI,53721-1.parquet,3
uhs14_1247--udt12226,parquet_residential_short_202512_res_MI,538350-1.parquet,5
uhs14_1247--udt12226,parquet_residential_short_202512_res_MI,540993-1.parquet,1
uhs14_1247--udt12226,parquet_residential_short_202512_res_MI,549574-1.parquet,1
uhs14_1247--udt12226,parquet_residential_short_202512_res_MI,60207-1.parquet,1
uhs14_1247--udt12226,parquet_residential_short_202512_res_MI,73789-1.parquet,6
uhs14_1247--udt12226,parquet_residential_short_202512_res_MI,74525-1.parquet,8
uhs14_1247--udt12226,parquet_residential_short_202512_res_MI,8111-1.parquet,9
uhs14_1247--udt12226,parquet_residential_short_202512_res_MI,82218-1.parquet,3
uhs14_1247--udt12226,parquet_residential_short_202512_res_MI,83885-1.parquet,3
uhs14_1247--udt12226,parquet_residential_short_202512_res_MI,87751-1.parquet,1
uhs14_1247--udt12226,parquet_residential_short_202512_res_MI,92876-1.parquet,9
uhs14_1247--udt12226,parquet_residential_short_202512_res_MI,97944-1.parquet,2
uhs14_1247--udt5493,parquet_commercial_202512_comm_MI,158460-1.parquet,1
uhs14_1247--udt5493,parquet_commercial_202512_comm_MI,158624-1.parquet,1
uhs14_1247--udt5493,parquet_commercial_202512_comm_MI,158634-1.parquet,2
uhs14_1247--udt5493,parquet_commercial_202512_comm_MI,158767-1.parquet,2
uhs14_1247--udt5493,parquet_commercial_202512_comm_MI,159114-1.parquet,1
uhs14_1247--udt5493,parquet_commercial_202512_comm_MI,159409-1.parquet,1
uhs14_1247--udt5493,parquet_commercial_202512_comm_MI,159686-1.parquet,2
uhs14_1247--udt5493,parquet_commercial_202512_comm_MI,159799-8.parquet,1
uhs14_1247--udt5493,parquet_commercial_202512_comm_MI,159841-1.parquet,1
uhs14_1247--udt5493,parquet_commercial_202512_comm_MI,160078-1.parquet,5
uhs14_1247--udt5493,parquet_commercial_202512_comm_MI,160937-1.parquet,1
uhs14_1247--udt5493,parquet_commercial_202512_comm_MI,160949-1.parquet,1
uhs14_1247--udt5493,parquet_commercial_202512_comm_MI,161642-1.parquet,3
uhs14_1247--udt5493,parquet_commercial_202512_comm_MI,161866-1.parquet,1
uhs14_1247--udt5493,parquet_commercial_202512_comm_MI,163035-1.parquet,1
uhs14_1247--udt5493,parquet_commercial_202512_comm_MI,163409-1.parquet,1
uhs14_1247--udt5493,parquet_commercial_202512_comm_MI,163803-1.parquet,1
uhs14_1247--udt5493,parquet_commercial_202512_comm_MI,163919-1.parquet,1
uhs14_1247--udt5493,parquet_commercial_202512_comm_MI,164079-1.parquet,3
uhs14_1247--udt5493,parquet_commercial_202512_comm_MI,164117-8.parquet,1
uhs14_1247--udt5493,parquet_commercial_202512_comm_MI,164606-1.parquet,1
uhs14_1247--udt5493,parquet_commercial_202512_comm_MI,164743-1.parquet,1
uhs14_1247--udt5493,parquet_commercial_202512_comm_MI,164928-8.parquet,1
uhs14_1247--udt5493,parquet_commercial_202512_comm_MI,165018-8.parquet,1
uhs14_1247--udt5493,parquet_commercial_202512_comm_MI,165260-1.parquet,2
uhs14_1247--udt5493,parquet_commercial_202512_comm_MI,165747-1.parquet,1
uhs14_1247--udt5493,parquet_commercial_202512_comm_MI,166514-1.parquet,1
uhs14_1247--udt5493,parquet_commercial_202512_comm_MI,166524-1.parquet,1
uhs14_1247--udt5493,parquet_commercial_202512_comm_MI,167209-1.parquet,1
uhs14_1247--udt5493,parquet_commercial_202512_comm_MI,167812-8.parquet,1
uhs14_1247--udt5493,parquet_commercial_202512_comm_MI,167931-1.parquet,3
uhs14_1247--udt5493,parquet_commercial_202512_comm_MI,168193-1.parquet,1
uhs14_1247--udt5493,parquet_commercial_202512_comm_MI,168324-1.parquet,1
uhs14_1247--udt5493,parquet_commercial_202512_comm_MI,168815-1.parquet,1
uhs14_1247--udt5493,parquet_commercial_202512_comm_MI,169281-8.parquet,1
uhs14_1247--udt5493,parquet_commercial_202512_comm_MI,169293-1.parquet,1
uhs14_1247--udt5493,parquet_commercial_202512_comm_MI,169446-1.parquet,1
uhs14_1247--udt5493,parquet_commercial_202512_comm_MI,169644-1.parquet,1
uhs14_1247--udt5493,parquet_commercial_202512_comm_MI,169974-8.parquet,1
uhs14_1247--udt5493,parquet_residential_short_202512_res_MI,109870-1.parquet,5
uhs14_1247--udt5493,parquet_residential_short_202512_res_MI,11278-1.parquet,1
uhs14_1247--udt5493,parquet_residential_short_202512_res_MI,113255-1.parquet,2
uhs14_1247--udt5493,parquet_residential_short_202512_res_MI,116626-1.parquet,1
uhs14_1247--udt5493,parquet_residential_short_202512_res_MI,118404-1.parquet,20
uhs14_1247--udt5493,parquet_residential_short_202512_res_MI,129893-1.parquet,2
uhs14_1247--udt5493,parquet_residential_short_202512_res_MI,134138-1.parquet,2
uhs14_1247--udt5493,parquet_residential_short_202512_res_MI,141664-1.parquet,4
uhs14_1247--udt5493,parquet_residential_short_202512_res_MI,14251-1.parquet,2
uhs14_1247--udt5493,parquet_residential_short_202512_res_MI,144380-1.parquet,2
uhs14_1247--udt5493,parquet_residential_short_202512_res_MI,145104-1.parquet,2
uhs14_1247--udt5493,parquet_residential_short_202512_res_MI,15283-1.parquet,1
uhs14_1247--udt5493,parquet_residential_short_202512_res_MI,158553-1.parquet,1
uhs14_1247--udt5493,parquet_residential_short_202512_res_MI,163888-1.parquet,8
uhs14_1247--udt5493,parquet_residential_short_202512_res_MI,163929-1.parquet,8
uhs14_1247--udt5493,parquet_residential_short_202512_res_MI,169556-1.parquet,1
uhs14_1247--udt5493,parquet_residential_short_202512_res_MI,178848-1.parquet,83
uhs14_1247--udt5493,parquet_residential_short_202512_res_MI,178924-1.parquet,10
uhs14_1247--udt5493,parquet_residential_short_202512_res_MI,179061-1.parquet,82
uhs14_1247--udt5493,parquet_residential_short_202512_res_MI,179402-1.parquet,3
uhs14_1247--udt5493,parquet_residential_short_202512_res_MI,179991-1.parquet,1
uhs14_1247--udt5493,parquet_residential_short_202512_res_MI,180563-1.parquet,2
uhs14_1247--udt5493,parquet_residential_short_202512_res_MI,181066-1.parquet,3
uhs14_1247--udt5493,parquet_residential_short_202512_res_MI,181568-1.parquet,1
uhs14_1247--udt5493,parquet_residential_short_202512_res_MI,193304-1.parquet,7
uhs14_1247--udt5493,parquet_residential_short_202512_res_MI,204257-1.parquet,3
uhs14_1247--udt5493,parquet_residential_short_202512_res_MI,208625-1.parquet,1
uhs14_1247--udt5493,parquet_residential_short_202512_res_MI,210420-1.parquet,1
uhs14_1247--udt5493,parquet_residential_short_202512_res_MI,211618-1.parquet,2
uhs14_1247--udt5493,parquet_residential_short_202512_res_MI,213050-1.parquet,2
uhs14_1247--udt5493,parquet_residential_short_202512_res_MI,219061-1.parquet,5
uhs14_1247--udt5493,parquet_residential_short_202512_res_MI,224704-1.parquet,3
uhs14_1247--udt5493,parquet_residential_short_202512_res_MI,242004-1.parquet,7
uhs14_1247--udt5493,parquet_residential_short_202512_res_MI,245364-1.parquet,1
uhs14_1247--udt5493,parquet_residential_short_202512_res_MI,252372-1.parquet,1
uhs14_1247--udt5493,parquet_residential_short_202512_res_MI,255062-1.parquet,5
uhs14_1247--udt5493,parquet_residential_short_202512_res_MI,256339-1.parquet,1
uhs14_1247--udt5493,parquet_residential_short_202512_res_MI,258760-1.parquet,1
uhs14_1247--udt5493,parquet_residential_short_202512_res_MI,263197-1.parquet,8
uhs14_1247--udt5493,parquet_residential_short_202512_res_MI,26343-1.parquet,3
uhs14_1247--udt5493,parquet_residential_short_202512_res_MI,264446-1.parquet,1
uhs14_1247--udt5493,parquet_residential_short_202512_res_MI,275115-1.parquet,18
uhs14_1247--udt5493,parquet_residential_short_202512_res_MI,282194-1.parquet,2
uhs14_1247--udt5493,parquet_residential_short_202512_res_MI,285678-1.parquet,1
uhs14_1247--udt5493,parquet_residential_short_202512_res_MI,292113-1.parquet,11
uhs14_1247--udt5493,parquet_residential_short_202512_res_MI,31043-1.parquet,3
uhs14_1247--udt5493,parquet_residential_short_202512_res_MI,316181-1.parquet,3
uhs14_1247--udt5493,parquet_residential_short_202512_res_MI,316670-1.parquet,4
uhs14_1247--udt5493,parquet_residential_short_202512_res_MI,317135-1.parquet,3
uhs14_1247--udt5493,parquet_residential_short_202512_res_MI,317368-1.parquet,1
uhs14_1247--udt5493,parquet_residential_short_202512_res_MI,329472-1.parquet,4
uhs14_1247--udt5493,parquet_residential_short_202512_res_MI,32956-1.parquet,2
uhs14_1247--udt5493,parquet_residential_short_202512_res_MI,330999-1.parquet,14
uhs14_1247--udt5493,parquet_residential_short_202512_res_MI,331207-1.parquet,1
uhs14_1247--udt5493,parquet_residential_short_202512_res_MI,334073-1.parquet,72
uhs14_1247--udt5493,parquet_residential_short_202512_res_MI,335327-1.parquet,1
uhs14_1247--udt5493,parquet_residential_short_202512_res_MI,344633-1.parquet,1
uhs14_1247--udt5493,parquet_residential_short_202512_res_MI,346477-1.parquet,3
uhs14_1247--udt5493,parquet_residential_short_202512_res_MI,350694-1.parquet,1
uhs14_1247--udt5493,parquet_residential_short_202512_res_MI,351964-1.parquet,1
uhs14_1247--udt5493,parquet_residential_short_202512_res_MI,361783-1.parquet,75
uhs14_1247--udt5493,parquet_residential_short_202512_res_MI,367535-1.parquet,1
uhs14_1247--udt5493,parquet_residential_short_202512_res_MI,368387-1.parquet,10
uhs14_1247--udt5493,parquet_residential_short_202512_res_MI,370010-1.parquet,2
uhs14_1247--udt5493,parquet_residential_short_202512_res_MI,378338-1.parquet,12
uhs14_1247--udt5493,parquet_residential_short_202512_res_MI,381867-1.parquet,7
uhs14_1247--udt5493,parquet_residential_short_202512_res_MI,384283-1.parquet,1
uhs14_1247--udt5493,parquet_residential_short_202512_res_MI,392142-1.parquet,7
uhs14_1247--udt5493,parquet_residential_short_202512_res_MI,39516-1.parquet,3
uhs14_1247--udt5493,parquet_residential_short_202512_res_MI,39539-1.parquet,2
uhs14_1247--udt5493,parquet_residential_short_202512_res_MI,395863-1.parquet,3
uhs14_1247--udt5493,parquet_residential_short_202512_res_MI,400912-1.parquet,16
uhs14_1247--udt5493,parquet_residential_short_202512_res_MI,402675-1.parquet,1
uhs14_1247--udt5493,parquet_residential_short_202512_res_MI,405426-1.parquet,3
uhs14_1247--udt5493,parquet_residential_short_202512_res_MI,411616-1.parquet,80
uhs14_1247--udt5493,parquet_residential_short_202512_res_MI,412179-1.parquet,1
uhs14_1247--udt5493,parquet_residential_short_202512_res_MI,418555-1.parquet,1
uhs14_1247--udt5493,parquet_residential_short_202512_res_MI,421729-1.parquet,19
uhs14_1247--udt5493,parquet_residential_short_202512_res_MI,426204-1.parquet,12
uhs14_1247--udt5493,parquet_residential_short_202512_res_MI,430122-1.parquet,1
uhs14_1247--udt5493,parquet_residential_short_202512_res_MI,436629-1.parquet,7
uhs14_1247--udt5493,parquet_residential_short_202512_res_MI,437871-1.parquet,12
uhs14_1247--udt5493,parquet_residential_short_202512_res_MI,441370-1.parquet,4
uhs14_1247--udt5493,parquet_residential_short_202512_res_MI,444065-1.parquet,3
uhs14_1247--udt5493,parquet_residential_short_202512_res_MI,446161-1.parquet,6
uhs14_1247--udt5493,parquet_residential_short_202512_res_MI,449958-1.parquet,6
uhs14_1247--udt5493,parquet_residential_short_202512_res_MI,453782-1.parquet,1
uhs14_1247--udt5493,parquet_residential_short_202512_res_MI,455633-1.parquet,1
uhs14_1247--udt5493,parquet_residential_short_202512_res_MI,457273-1.parquet,7
uhs14_1247--udt5493,parquet_residential_short_202512_res_MI,457563-1.parquet,2
uhs14_1247--udt5493,parquet_residential_short_202512_res_MI,459710-1.parquet,5
uhs14_1247--udt5493,parquet_residential_short_202512_res_MI,464078-1.parquet,1
uhs14_1247--udt5493,parquet_residential_short_202512_res_MI,467658-1.parquet,1
uhs14_1247--udt5493,parquet_residential_short_202512_res_MI,473383-1.parquet,5
uhs14_1247--udt5493,parquet_residential_short_202512_res_MI,474345-1.parquet,5
uhs14_1247--udt5493,parquet_residential_short_202512_res_MI,480431-1.parquet,2
uhs14_1247--udt5493,parquet_residential_short_202512_res_MI,482834-1.parquet,2
uhs14_1247--udt5493,parquet_residential_short_202512_res_MI,48368-1.parquet,1
uhs14_1247--udt5493,parquet_residential_short_202512_res_MI,485286-1.parquet,1
uhs14_1247--udt5493,parquet_residential_short_202512_res_MI,485537-1.parquet,3
uhs14_1247--udt5493,parquet_residential_short_202512_res_MI,48737-1.parquet,2
uhs14_1247--udt5493,parquet_residential_short_202512_res_MI,49048-1.parquet,1
uhs14_1247--udt5493,parquet_residential_short_202512_res_MI,491904-1.parquet,6
uhs14_1247--udt5493,parquet_residential_short_202512_res_MI,494108-1.parquet,5
uhs14_1247--udt5493,parquet_residential_short_202512_res_MI,498993-1.parquet,1
uhs14_1247--udt5493,parquet_residential_short_202512_res_MI,502032-1.parquet,4
uhs14_1247--udt5493,parquet_residential_short_202512_res_MI,505391-1.parquet,7
uhs14_1247--udt5493,parquet_residential_short_202512_res_MI,507055-1.parquet,1
uhs14_1247--udt5493,parquet_residential_short_202512_res_MI,508330-1.parquet,38
uhs14_1247--udt5493,parquet_residential_short_202512_res_MI,509345-1.parquet,5
uhs14_1247--udt5493,parquet_residential_short_202512_res_MI,513814-1.parquet,3
uhs14_1247--udt5493,parquet_residential_short_202512_res_MI,519249-1.parquet,2
uhs14_1247--udt5493,parquet_residential_short_202512_res_MI,521610-1.parquet,3
uhs14_1247--udt5493,parquet_residential_short_202512_res_MI,523472-1.parquet,1
uhs14_1247--udt5493,parquet_residential_short_202512_res_MI,525496-1.parquet,8
uhs14_1247--udt5493,parquet_residential_short_202512_res_MI,526776-1.parquet,1
uhs14_1247--udt5493,parquet_residential_short_202512_res_MI,529961-1.parquet,1
uhs14_1247--udt5493,parquet_residential_short_202512_res_MI,530245-1.parquet,1
uhs14_1247--udt5493,parquet_residential_short_202512_res_MI,533319-1.parquet,7
uhs14_1247--udt5493,parquet_residential_short_202512_res_MI,538350-1.parquet,11
uhs14_1247--udt5493,parquet_residential_short_202512_res_MI,540993-1.parquet,1
uhs14_1247--udt5493,parquet_residential_short_202512_res_MI,544131-1.parquet,1
uhs14_1247--udt5493,parquet_residential_short_202512_res_MI,546177-1.parquet,1
uhs14_1247--udt5493,parquet_residential_short_202512_res_MI,549574-1.parquet,1
uhs14_1247--udt5493,parquet_residential_short_202512_res_MI,73789-1.parquet,3
uhs14_1247--udt5493,parquet_residential_short_202512_res_MI,74525-1.parquet,8
uhs14_1247--udt5493,parquet_residential_short_202512_res_MI,78734-1.parquet,1
uhs14_1247--udt5493,parquet_residential_short_202512_res_MI,8111-1.parquet,10
uhs14_1247--udt5493,parquet_residential_short_202512_res_MI,82218-1.parquet,1
uhs14_1247--udt5493,parquet_residential_short_202512_res_MI,83885-1.parquet,2
uhs14_1247--udt5493,parquet_residential_short_202512_res_MI,87751-1.parquet,1
uhs14_1247--udt5493,parquet_residential_short_202512_res_MI,92876-1.parquet,3
uhs14_1247--udt5493,parquet_residential_short_202512_res_MI,95747-1.parquet,3
uhs15_1247--udt19670,parquet_commercial_202512_comm_MI,157810-1.parquet,1
uhs15_1247--udt19670,parquet_commercial_202512_comm_MI,157823-1.parquet,6
uhs15_1247--udt19670,parquet_commercial_202512_comm_MI,157883-1.parquet,1
uhs15_1247--udt19670,parquet_commercial_202512_comm_MI,157918-1.parquet,1
uhs15_1247--udt19670,parquet_commercial_202512_comm_MI,158126-1.parquet,1
uhs15_1247--udt19670,parquet_commercial_202512_comm_MI,158365-1.parquet,1
uhs15_1247--udt19670,parquet_commercial_202512_comm_MI,158376-1.parquet,1
uhs15_1247--udt19670,parquet_commercial_202512_comm_MI,158448-1.parquet,1
uhs15_1247--udt19670,parquet_commercial_202512_comm_MI,158456-1.parquet,27
uhs15_1247--udt19670,parquet_commercial_202512_comm_MI,158460-1.parquet,13
uhs15_1247--udt19670,parquet_commercial_202512_comm_MI,158603-1.parquet,1
uhs15_1247--udt19670,parquet_commercial_202512_comm_MI,158880-1.parquet,1
uhs15_1247--udt19670,parquet_commercial_202512_comm_MI,158886-8.parquet,1
uhs15_1247--udt19670,parquet_commercial_202512_comm_MI,159029-1.parquet,1
uhs15_1247--udt19670,parquet_commercial_202512_comm_MI,159075-1.parquet,1
uhs15_1247--udt19670,parquet_commercial_202512_comm_MI,159096-1.parquet,1
uhs15_1247--udt19670,parquet_commercial_202512_comm_MI,159114-1.parquet,1
uhs15_1247--udt19670,parquet_commercial_202512_comm_MI,159322-1.parquet,1
uhs15_1247--udt19670,parquet_commercial_202512_comm_MI,159397-1.parquet,1
uhs15_1247--udt19670,parquet_commercial_202512_comm_MI,159409-1.parquet,1
uhs15_1247--udt19670,parquet_commercial_202512_comm_MI,159485-1.parquet,3
uhs15_1247--udt19670,parquet_commercial_202512_comm_MI,159533-1.parquet,1
uhs15_1247--udt19670,parquet_commercial_202512_comm_MI,159565-8.parquet,1
uhs15_1247--udt19670,parquet_commercial_202512_comm_MI,159686-1.parquet,1
uhs15_1247--udt19670,parquet_commercial_202512_comm_MI,159841-1.parquet,2
uhs15_1247--udt19670,parquet_commercial_202512_comm_MI,159842-1.parquet,1
uhs15_1247--udt19670,parquet_commercial_202512_comm_MI,160078-1.parquet,1
uhs15_1247--udt19670,parquet_commercial_202512_comm_MI,160143-1.parquet,1
uhs15_1247--udt19670,parquet_commercial_202512_comm_MI,160355-1.parquet,1
uhs15_1247--udt19670,parquet_commercial_202512_comm_MI,160365-1.parquet,3
uhs15_1247--udt19670,parquet_commercial_202512_comm_MI,160467-1.parquet,1
uhs15_1247--udt19670,parquet_commercial_202512_comm_MI,160477-1.parquet,1
uhs15_1247--udt19670,parquet_commercial_202512_comm_MI,160529-1.parquet,21
uhs15_1247--udt19670,parquet_commercial_202512_comm_MI,160638-1.parquet,1
uhs15_1247--udt19670,parquet_commercial_202512_comm_MI,161077-1.parquet,2
uhs15_1247--udt19670,parquet_commercial_202512_comm_MI,161131-8.parquet,1
uhs15_1247--udt19670,parquet_commercial_202512_comm_MI,161134-1.parquet,3
uhs15_1247--udt19670,parquet_commercial_202512_comm_MI,161150-1.parquet,1
uhs15_1247--udt19670,parquet_commercial_202512_comm_MI,161325-1.parquet,2
uhs15_1247--udt19670,parquet_commercial_202512_comm_MI,161335-1.parquet,1
uhs15_1247--udt19670,parquet_commercial_202512_comm_MI,161434-1.parquet,1
uhs15_1247--udt19670,parquet_commercial_202512_comm_MI,161632-1.parquet,1
uhs15_1247--udt19670,parquet_commercial_202512_comm_MI,161677-1.parquet,1
uhs15_1247--udt19670,parquet_commercial_202512_comm_MI,161746-1.parquet,5
uhs15_1247--udt19670,parquet_commercial_202512_comm_MI,162262-1.parquet,2
uhs15_1247--udt19670,parquet_commercial_202512_comm_MI,162590-8.parquet,1
uhs15_1247--udt19670,parquet_commercial_202512_comm_MI,162616-1.parquet,1
uhs15_1247--udt19670,parquet_commercial_202512_comm_MI,162646-8.parquet,1
uhs15_1247--udt19670,parquet_commercial_202512_comm_MI,162648-1.parquet,1
uhs15_1247--udt19670,parquet_commercial_202512_comm_MI,162701-1.parquet,1
uhs15_1247--udt19670,parquet_commercial_202512_comm_MI,162850-1.parquet,1
uhs15_1247--udt19670,parquet_commercial_202512_comm_MI,162868-1.parquet,1
uhs15_1247--udt19670,parquet_commercial_202512_comm_MI,162897-1.parquet,1
uhs15_1247--udt19670,parquet_commercial_202512_comm_MI,162993-1.parquet,1
uhs15_1247--udt19670,parquet_commercial_202512_comm_MI,163035-1.parquet,3
uhs15_1247--udt19670,parquet_commercial_202512_comm_MI,163229-1.parquet,1
uhs15_1247--udt19670,parquet_commercial_202512_comm_MI,163365-1.parquet,2
uhs15_1247--udt19670,parquet_commercial_202512_comm_MI,163559-1.parquet,1
uhs15_1247--udt19670,parquet_commercial_202512_comm_MI,163839-1.parquet,4
uhs15_1247--udt19670,parquet_commercial_202512_comm_MI,163891-1.parquet,1
uhs15_1247--udt19670,parquet_commercial_202512_comm_MI,163919-1.parquet,1
uhs15_1247--udt19670,parquet_commercial_202512_comm_MI,163959-1.parquet,1
uhs15_1247--udt19670,parquet_commercial_202512_comm_MI,164126-8.parquet,1
uhs15_1247--udt19670,parquet_commercial_202512_comm_MI,164278-1.parquet,1
uhs15_1247--udt19670,parquet_commercial_202512_comm_MI,164341-1.parquet,1
uhs15_1247--udt19670,parquet_commercial_202512_comm_MI,164450-1.parquet,1
uhs15_1247--udt19670,parquet_commercial_202512_comm_MI,164453-1.parquet,1
uhs15_1247--udt19670,parquet_commercial_202512_comm_MI,164547-1.parquet,1
uhs15_1247--udt19670,parquet_commercial_202512_comm_MI,164606-1.parquet,4
uhs15_1247--udt19670,parquet_commercial_202512_comm_MI,164661-1.parquet,1
uhs15_1247--udt19670,parquet_commercial_202512_comm_MI,164675-8.parquet,1
uhs15_1247--udt19670,parquet_commercial_202512_comm_MI,164677-1.parquet,2
uhs15_1247--udt19670,parquet_commercial_202512_comm_MI,164743-1.parquet,1
uhs15_1247--udt19670,parquet_commercial_202512_comm_MI,164787-1.parquet,1
uhs15_1247--udt19670,parquet_commercial_202512_comm_MI,164825-1.parquet,1
uhs15_1247--udt19670,parquet_commercial_202512_comm_MI,164865-1.parquet,1
uhs15_1247--udt19670,parquet_commercial_202512_comm_MI,164928-8.parquet,5
uhs15_1247--udt19670,parquet_commercial_202512_comm_MI,164945-8.parquet,1
uhs15_1247--udt19670,parquet_commercial_202512_comm_MI,165075-1.parquet,1
uhs15_1247--udt19670,parquet_commercial_202512_comm_MI,165234-1.parquet,1
uhs15_1247--udt19670,parquet_commercial_202512_comm_MI,165336-1.parquet,1
uhs15_1247--udt19670,parquet_commercial_202512_comm_MI,165376-1.parquet,2
uhs15_1247--udt19670,parquet_commercial_202512_comm_MI,165531-8.parquet,2
uhs15_1247--udt19670,parquet_commercial_202512_comm_MI,165951-1.parquet,1
uhs15_1247--udt19670,parquet_commercial_202512_comm_MI,166044-1.parquet,3
uhs15_1247--udt19670,parquet_commercial_202512_comm_MI,166183-1.parquet,1
uhs15_1247--udt19670,parquet_commercial_202512_comm_MI,166339-1.parquet,1
uhs15_1247--udt19670,parquet_commercial_202512_comm_MI,166488-1.parquet,3
uhs15_1247--udt19670,parquet_commercial_202512_comm_MI,166814-1.parquet,1
uhs15_1247--udt19670,parquet_commercial_202512_comm_MI,166891-8.parquet,1
uhs15_1247--udt19670,parquet_commercial_202512_comm_MI,166998-1.parquet,3
uhs15_1247--udt19670,parquet_commercial_202512_comm_MI,167382-1.parquet,1
uhs15_1247--udt19670,parquet_commercial_202512_comm_MI,167642-1.parquet,1
uhs15_1247--udt19670,parquet_commercial_202512_comm_MI,167812-8.parquet,1
uhs15_1247--udt19670,parquet_commercial_202512_comm_MI,167919-1.parquet,2
uhs15_1247--udt19670,parquet_commercial_202512_comm_MI,167931-1.parquet,3
uhs15_1247--udt19670,parquet_commercial_202512_comm_MI,167937-1.parquet,3
uhs15_1247--udt19670,parquet_commercial_202512_comm_MI,168053-1.parquet,1
uhs15_1247--udt19670,parquet_commercial_202512_comm_MI,168353-1.parquet,1
uhs15_1247--udt19670,parquet_commercial_202512_comm_MI,168555-1.parquet,1
uhs15_1247--udt19670,parquet_commercial_202512_comm_MI,168682-1.parquet,2
uhs15_1247--udt19670,parquet_commercial_202512_comm_MI,168901-1.parquet,5
uhs15_1247--udt19670,parquet_commercial_202512_comm_MI,169002-1.parquet,3
uhs15_1247--udt19670,parquet_commercial_202512_comm_MI,169085-1.parquet,2
uhs15_1247--udt19670,parquet_commercial_202512_comm_MI,169159-1.parquet,1
uhs15_1247--udt19670,parquet_commercial_202512_comm_MI,169316-1.parquet,4
uhs15_1247--udt19670,parquet_commercial_202512_comm_MI,169331-1.parquet,1
uhs15_1247--udt19670,parquet_commercial_202512_comm_MI,169412-1.parquet,1
uhs15_1247--udt19670,parquet_commercial_202512_comm_MI,169531-1.parquet,1
uhs15_1247--udt19670,parquet_commercial_202512_comm_MI,169593-1.parquet,4
uhs15_1247--udt19670,parquet_commercial_202512_comm_MI,169644-1.parquet,1
uhs15_1247--udt19670,parquet_commercial_202512_comm_MI,169655-1.parquet,1
uhs15_1247--udt19670,parquet_commercial_202512_comm_MI,169680-1.parquet,1
uhs15_1247--udt19670,parquet_commercial_202512_comm_MI,169773-1.parquet,2
uhs15_1247--udt19670,parquet_commercial_202512_comm_MI,169913-1.parquet,1
uhs15_1247--udt19670,parquet_residential_short_202512_res_MI,10381-1.parquet,3
uhs15_1247--udt19670,parquet_residential_short_202512_res_MI,104868-1.parquet,1
uhs15_1247--udt19670,parquet_residential_short_202512_res_MI,109870-1.parquet,5
uhs15_1247--udt19670,parquet_residential_short_202512_res_MI,110028-1.parquet,1
uhs15_1247--udt19670,parquet_residential_short_202512_res_MI,111086-1.parquet,2
uhs15_1247--udt19670,parquet_residential_short_202512_res_MI,113255-1.parquet,6
uhs15_1247--udt19670,parquet_residential_short_202512_res_MI,113495-1.parquet,1
uhs15_1247--udt19670,parquet_residential_short_202512_res_MI,11596-1.parquet,6
uhs15_1247--udt19670,parquet_residential_short_202512_res_MI,116219-1.parquet,4
uhs15_1247--udt19670,parquet_residential_short_202512_res_MI,116626-1.parquet,1
uhs15_1247--udt19670,parquet_residential_short_202512_res_MI,118404-1.parquet,90
uhs15_1247--udt19670,parquet_residential_short_202512_res_MI,129325-1.parquet,3
uhs15_1247--udt19670,parquet_residential_short_202512_res_MI,129893-1.parquet,3
uhs15_1247--udt19670,parquet_residential_short_202512_res_MI,134138-1.parquet,1
uhs15_1247--udt19670,parquet_residential_short_202512_res_MI,138622-1.parquet,1
uhs15_1247--udt19670,parquet_residential_short_202512_res_MI,141942-1.parquet,3
uhs15_1247--udt19670,parquet_residential_short_202512_res_MI,14251-1.parquet,4
uhs15_1247--udt19670,parquet_residential_short_202512_res_MI,144380-1.parquet,17
uhs15_1247--udt19670,parquet_residential_short_202512_res_MI,145104-1.parquet,5
uhs15_1247--udt19670,parquet_residential_short_202512_res_MI,15283-1.parquet,7
uhs15_1247--udt19670,parquet_residential_short_202512_res_MI,158553-1.parquet,3
uhs15_1247--udt19670,parquet_residential_short_202512_res_MI,161125-1.parquet,2
uhs15_1247--udt19670,parquet_residential_short_202512_res_MI,163888-1.parquet,3
uhs15_1247--udt19670,parquet_residential_short_202512_res_MI,163929-1.parquet,15
uhs15_1247--udt19670,parquet_residential_short_202512_res_MI,169556-1.parquet,1
uhs15_1247--udt19670,parquet_residential_short_202512_res_MI,178848-1.parquet,128
uhs15_1247--udt19670,parquet_residential_short_202512_res_MI,178924-1.parquet,29
uhs15_1247--udt19670,parquet_residential_short_202512_res_MI,179061-1.parquet,209
uhs15_1247--udt19670,parquet_residential_short_202512_res_MI,179402-1.parquet,3
uhs15_1247--udt19670,parquet_residential_short_202512_res_MI,179991-1.parquet,5
uhs15_1247--udt19670,parquet_residential_short_202512_res_MI,181066-1.parquet,2
uhs15_1247--udt19670,parquet_residential_short_202512_res_MI,185204-1.parquet,1
uhs15_1247--udt19670,parquet_residential_short_202512_res_MI,18662-1.parquet,1
uhs15_1247--udt19670,parquet_residential_short_202512_res_MI,189827-1.parquet,3
uhs15_1247--udt19670,parquet_residential_short_202512_res_MI,193304-1.parquet,8
uhs15_1247--udt19670,parquet_residential_short_202512_res_MI,195848-1.parquet,1
uhs15_1247--udt19670,parquet_residential_short_202512_res_MI,202225-1.parquet,1
uhs15_1247--udt19670,parquet_residential_short_202512_res_MI,203104-1.parquet,1
uhs15_1247--udt19670,parquet_residential_short_202512_res_MI,211618-1.parquet,3
uhs15_1247--udt19670,parquet_residential_short_202512_res_MI,213050-1.parquet,1
uhs15_1247--udt19670,parquet_residential_short_202512_res_MI,215616-1.parquet,1
uhs15_1247--udt19670,parquet_residential_short_202512_res_MI,218749-1.parquet,1
uhs15_1247--udt19670,parquet_residential_short_202512_res_MI,219061-1.parquet,10
uhs15_1247--udt19670,parquet_residential_short_202512_res_MI,219912-1.parquet,1
uhs15_1247--udt19670,parquet_residential_short_202512_res_MI,22378-1.parquet,1
uhs15_1247--udt19670,parquet_residential_short_202512_res_MI,229456-1.parquet,8
uhs15_1247--udt19670,parquet_residential_short_202512_res_MI,245364-1.parquet,1
uhs15_1247--udt19670,parquet_residential_short_202512_res_MI,255062-1.parquet,8
uhs15_1247--udt19670,parquet_residential_short_202512_res_MI,256339-1.parquet,1
uhs15_1247--udt19670,parquet_residential_short_202512_res_MI,25870-1.parquet,1
uhs15_1247--udt19670,parquet_residential_short_202512_res_MI,258760-1.parquet,1
uhs15_1247--udt19670,parquet_residential_short_202512_res_MI,263197-1.parquet,5
uhs15_1247--udt19670,parquet_residential_short_202512_res_MI,26343-1.parquet,14
uhs15_1247--udt19670,parquet_residential_short_202512_res_MI,264446-1.parquet,1
uhs15_1247--udt19670,parquet_residential_short_202512_res_MI,275115-1.parquet,15
uhs15_1247--udt19670,parquet_residential_short_202512_res_MI,275600-1.parquet,3
uhs15_1247--udt19670,parquet_residential_short_202512_res_MI,275669-1.parquet,1
uhs15_1247--udt19670,parquet_residential_short_202512_res_MI,277511-1.parquet,5
uhs15_1247--udt19670,parquet_residential_short_202512_res_MI,280750-1.parquet,3
uhs15_1247--udt19670,parquet_residential_short_202512_res_MI,281826-1.parquet,2
uhs15_1247--udt19670,parquet_residential_short_202512_res_MI,282194-1.parquet,3
uhs15_1247--udt19670,parquet_residential_short_202512_res_MI,285504-1.parquet,1
uhs15_1247--udt19670,parquet_residential_short_202512_res_MI,285678-1.parquet,1
uhs15_1247--udt19670,parquet_residential_short_202512_res_MI,292113-1.parquet,3
uhs15_1247--udt19670,parquet_residential_short_202512_res_MI,29488-1.parquet,1
uhs15_1247--udt19670,parquet_residential_short_202512_res_MI,306457-1.parquet,1
uhs15_1247--udt19670,parquet_residential_short_202512_res_MI,31043-1.parquet,9
uhs15_1247--udt19670,parquet_residential_short_202512_res_MI,31214-1.parquet,1
uhs15_1247--udt19670,parquet_residential_short_202512_res_MI,316181-1.parquet,2
uhs15_1247--udt19670,parquet_residential_short_202512_res_MI,316670-1.parquet,1
uhs15_1247--udt19670,parquet_residential_short_202512_res_MI,317135-1.parquet,6
uhs15_1247--udt19670,parquet_residential_short_202512_res_MI,317368-1.parquet,4
uhs15_1247--udt19670,parquet_residential_short_202512_res_MI,318734-1.parquet,1
uhs15_1247--udt19670,parquet_residential_short_202512_res_MI,32711-1.parquet,1
uhs15_1247--udt19670,parquet_residential_short_202512_res_MI,329472-1.parquet,38
uhs15_1247--udt19670,parquet_residential_short_202512_res_MI,32956-1.parquet,1
uhs15_1247--udt19670,parquet_residential_short_202512_res_MI,331207-1.parquet,6
uhs15_1247--udt19670,parquet_residential_short_202512_res_MI,334073-1.parquet,135
uhs15_1247--udt19670,parquet_residential_short_202512_res_MI,335327-1.parquet,6
uhs15_1247--udt19670,parquet_residential_short_202512_res_MI,344633-1.parquet,7
uhs15_1247--udt19670,parquet_residential_short_202512_res_MI,346477-1.parquet,1
uhs15_1247--udt19670,parquet_residential_short_202512_res_MI,353453-1.parquet,1
uhs15_1247--udt19670,parquet_residential_short_202512_res_MI,354403-1.parquet,4
uhs15_1247--udt19670,parquet_residential_short_202512_res_MI,361783-1.parquet,77
uhs15_1247--udt19670,parquet_residential_short_202512_res_MI,363455-1.parquet,1
uhs15_1247--udt19670,parquet_residential_short_202512_res_MI,368387-1.parquet,3
uhs15_1247--udt19670,parquet_residential_short_202512_res_MI,370010-1.parquet,5
uhs15_1247--udt19670,parquet_residential_short_202512_res_MI,377543-1.parquet,2
uhs15_1247--udt19670,parquet_residential_short_202512_res_MI,378338-1.parquet,39
uhs15_1247--udt19670,parquet_residential_short_202512_res_MI,380296-1.parquet,4
uhs15_1247--udt19670,parquet_residential_short_202512_res_MI,381828-1.parquet,2
uhs15_1247--udt19670,parquet_residential_short_202512_res_MI,381867-1.parquet,2
uhs15_1247--udt19670,parquet_residential_short_202512_res_MI,383089-1.parquet,1
uhs15_1247--udt19670,parquet_residential_short_202512_res_MI,384283-1.parquet,1
uhs15_1247--udt19670,parquet_residential_short_202512_res_MI,387495-1.parquet,12
uhs15_1247--udt19670,parquet_residential_short_202512_res_MI,392142-1.parquet,28
uhs15_1247--udt19670,parquet_residential_short_202512_res_MI,39539-1.parquet,4
uhs15_1247--udt19670,parquet_residential_short_202512_res_MI,395863-1.parquet,17
uhs15_1247--udt19670,parquet_residential_short_202512_res_MI,396717-1.parquet,1
uhs15_1247--udt19670,parquet_residential_short_202512_res_MI,400439-1.parquet,2
uhs15_1247--udt19670,parquet_residential_short_202512_res_MI,400912-1.parquet,48
uhs15_1247--udt19670,parquet_residential_short_202512_res_MI,409398-1.parquet,1
uhs15_1247--udt19670,parquet_residential_short_202512_res_MI,411616-1.parquet,43
uhs15_1247--udt19670,parquet_residential_short_202512_res_MI,418555-1.parquet,3
uhs15_1247--udt19670,parquet_residential_short_202512_res_MI,421729-1.parquet,1
uhs15_1247--udt19670,parquet_residential_short_202512_res_MI,426204-1.parquet,4
uhs15_1247--udt19670,parquet_residential_short_202512_res_MI,428505-1.parquet,2
uhs15_1247--udt19670,parquet_residential_short_202512_res_MI,430122-1.parquet,1
uhs15_1247--udt19670,parquet_residential_short_202512_res_MI,433741-1.parquet,6
uhs15_1247--udt19670,parquet_residential_short_202512_res_MI,436629-1.parquet,18
uhs15_1247--udt19670,parquet_residential_short_202512_res_MI,437871-1.parquet,66
uhs15_1247--udt19670,parquet_residential_short_202512_res_MI,439442-1.parquet,7
uhs15_1247--udt19670,parquet_residential_short_202512_res_MI,440127-1.parquet,1
uhs15_1247--udt19670,parquet_residential_short_202512_res_MI,441370-1.parquet,7
uhs15_1247--udt19670,parquet_residential_short_202512_res_MI,444065-1.parquet,32
uhs15_1247--udt19670,parquet_residential_short_202512_res_MI,446161-1.parquet,1
uhs15_1247--udt19670,parquet_residential_short_202512_res_MI,449575-1.parquet,3
uhs15_1247--udt19670,parquet_residential_short_202512_res_MI,449958-1.parquet,6
uhs15_1247--udt19670,parquet_residential_short_202512_res_MI,453782-1.parquet,4
uhs15_1247--udt19670,parquet_residential_short_202512_res_MI,457273-1.parquet,4
uhs15_1247--udt19670,parquet_residential_short_202512_res_MI,458168-1.parquet,1
uhs15_1247--udt19670,parquet_residential_short_202512_res_MI,459710-1.parquet,2
uhs15_1247--udt19670,parquet_residential_short_202512_res_MI,459832-1.parquet,2
uhs15_1247--udt19670,parquet_residential_short_202512_res_MI,473383-1.parquet,5
uhs15_1247--udt19670,parquet_residential_short_202512_res_MI,474345-1.parquet,2
uhs15_1247--udt19670,parquet_residential_short_202512_res_MI,478155-1.parquet,2
uhs15_1247--udt19670,parquet_residential_short_202512_res_MI,48368-1.parquet,4
uhs15_1247--udt19670,parquet_residential_short_202512_res_MI,485286-1.parquet,11
uhs15_1247--udt19670,parquet_residential_short_202512_res_MI,485537-1.parquet,13
uhs15_1247--udt19670,parquet_residential_short_202512_res_MI,491904-1.parquet,27
uhs15_1247--udt19670,parquet_residential_short_202512_res_MI,494108-1.parquet,31
uhs15_1247--udt19670,parquet_residential_short_202512_res_MI,498993-1.parquet,7
uhs15_1247--udt19670,parquet_residential_short_202512_res_MI,502032-1.parquet,14
uhs15_1247--udt19670,parquet_residential_short_202512_res_MI,505391-1.parquet,14
uhs15_1247--udt19670,parquet_residential_short_202512_res_MI,505432-1.parquet,3
uhs15_1247--udt19670,parquet_residential_short_202512_res_MI,507422-1.parquet,1
uhs15_1247--udt19670,parquet_residential_short_202512_res_MI,508330-1.parquet,39
uhs15_1247--udt19670,parquet_residential_short_202512_res_MI,509345-1.parquet,2
uhs15_1247--udt19670,parquet_residential_short_202512_res_MI,513814-1.parquet,15
uhs15_1247--udt19670,parquet_residential_short_202512_res_MI,515788-1.parquet,1
uhs15_1247--udt19670,parquet_residential_short_202512_res_MI,520460-1.parquet,2
uhs15_1247--udt19670,parquet_residential_short_202512_res_MI,521610-1.parquet,4
uhs15_1247--udt19670,parquet_residential_short_202512_res_MI,525496-1.parquet,1
uhs15_1247--udt19670,parquet_residential_short_202512_res_MI,526776-1.parquet,1
uhs15_1247--udt19670,parquet_residential_short_202512_res_MI,530245-1.parquet,3
uhs15_1247--udt19670,parquet_residential_short_202512_res_MI,533319-1.parquet,9
uhs15_1247--udt19670,parquet_residential_short_202512_res_MI,53721-1.parquet,2
uhs15_1247--udt19670,parquet_residential_short_202512_res_MI,538350-1.parquet,32
uhs15_1247--udt19670,parquet_residential_short_202512_res_MI,544131-1.parquet,1
uhs15_1247--udt19670,parquet_residential_short_202512_res_MI,54618-1.parquet,1
uhs15_1247--udt19670,parquet_residential_short_202512_res_MI,549574-1.parquet,5
uhs15_1247--udt19670,parquet_residential_short_202512_res_MI,73789-1.parquet,1
uhs15_1247--udt19670,parquet_residential_short_202512_res_MI,74525-1.parquet,2
uhs15_1247--udt19670,parquet_residential_short_202512_res_MI,78734-1.parquet,2
uhs15_1247--udt19670,parquet_residential_short_202512_res_MI,8111-1.parquet,13
uhs15_1247--udt19670,parquet_residential_short_202512_res_MI,82218-1.parquet,2
uhs15_1247--udt19670,parquet_residential_short_202512_res_MI,83885-1.parquet,3
uhs15_1247--udt19670,parquet_residential_short_202512_res_MI,84894-1.parquet,1
uhs15_1247--udt19670,parquet_residential_short_202512_res_MI,90350-1.parquet,1
uhs15_1247--udt19670,parquet_residential_short_202512_res_MI,92876-1.parquet,1
uhs15_1247--udt19670,parquet_residential_short_202512_res_MI,95747-1.parquet,3
uhs15_1247--udt20824,parquet_commercial_202512_comm_MI,157661-1.parquet,1
uhs15_1247--udt20824,parquet_commercial_202512_comm_MI,157810-1.parquet,3
uhs15_1247--udt20824,parquet_commercial_202512_comm_MI,157823-1.parquet,3
uhs15_1247--udt20824,parquet_commercial_202512_comm_MI,157918-1.parquet,1
uhs15_1247--udt20824,parquet_commercial_202512_comm_MI,158073-1.parquet,1
uhs15_1247--udt20824,parquet_commercial_202512_comm_MI,158147-1.parquet,1
uhs15_1247--udt20824,parquet_commercial_202512_comm_MI,158188-1.parquet,1
uhs15_1247--udt20824,parquet_commercial_202512_comm_MI,158456-1.parquet,5
uhs15_1247--udt20824,parquet_commercial_202512_comm_MI,158460-1.parquet,4
uhs15_1247--udt20824,parquet_commercial_202512_comm_MI,158635-1.parquet,1
uhs15_1247--udt20824,parquet_commercial_202512_comm_MI,158886-8.parquet,2
uhs15_1247--udt20824,parquet_commercial_202512_comm_MI,159075-1.parquet,1
uhs15_1247--udt20824,parquet_commercial_202512_comm_MI,159114-1.parquet,6
uhs15_1247--udt20824,parquet_commercial_202512_comm_MI,159158-1.parquet,1
uhs15_1247--udt20824,parquet_commercial_202512_comm_MI,159322-1.parquet,4
uhs15_1247--udt20824,parquet_commercial_202512_comm_MI,159409-1.parquet,1
uhs15_1247--udt20824,parquet_commercial_202512_comm_MI,159485-1.parquet,16
uhs15_1247--udt20824,parquet_commercial_202512_comm_MI,159799-8.parquet,4
uhs15_1247--udt20824,parquet_commercial_202512_comm_MI,159922-8.parquet,1
uhs15_1247--udt20824,parquet_commercial_202512_comm_MI,160008-1.parquet,1
uhs15_1247--udt20824,parquet_commercial_202512_comm_MI,160011-1.parquet,1
uhs15_1247--udt20824,parquet_commercial_202512_comm_MI,160069-1.parquet,2
uhs15_1247--udt20824,parquet_commercial_202512_comm_MI,160078-1.parquet,2
uhs15_1247--udt20824,parquet_commercial_202512_comm_MI,160264-1.parquet,1
uhs15_1247--udt20824,parquet_commercial_202512_comm_MI,160467-1.parquet,1
uhs15_1247--udt20824,parquet_commercial_202512_comm_MI,160529-1.parquet,1
uhs15_1247--udt20824,parquet_commercial_202512_comm_MI,160689-1.parquet,1
uhs15_1247--udt20824,parquet_commercial_202512_comm_MI,160855-8.parquet,1
uhs15_1247--udt20824,parquet_commercial_202512_comm_MI,160949-1.parquet,1
uhs15_1247--udt20824,parquet_commercial_202512_comm_MI,161335-1.parquet,1
uhs15_1247--udt20824,parquet_commercial_202512_comm_MI,161632-1.parquet,11
uhs15_1247--udt20824,parquet_commercial_202512_comm_MI,161746-1.parquet,1
uhs15_1247--udt20824,parquet_commercial_202512_comm_MI,161810-1.parquet,1
uhs15_1247--udt20824,parquet_commercial_202512_comm_MI,161969-1.parquet,1
uhs15_1247--udt20824,parquet_commercial_202512_comm_MI,162093-1.parquet,2
uhs15_1247--udt20824,parquet_commercial_202512_comm_MI,162172-1.parquet,1
uhs15_1247--udt20824,parquet_commercial_202512_comm_MI,162281-8.parquet,8
uhs15_1247--udt20824,parquet_commercial_202512_comm_MI,162561-1.parquet,1
uhs15_1247--udt20824,parquet_commercial_202512_comm_MI,162616-1.parquet,1
uhs15_1247--udt20824,parquet_commercial_202512_comm_MI,162763-1.parquet,1
uhs15_1247--udt20824,parquet_commercial_202512_comm_MI,162993-1.parquet,1
uhs15_1247--udt20824,parquet_commercial_202512_comm_MI,163035-1.parquet,2
uhs15_1247--udt20824,parquet_commercial_202512_comm_MI,163043-8.parquet,1
uhs15_1247--udt20824,parquet_commercial_202512_comm_MI,163497-1.parquet,1
uhs15_1247--udt20824,parquet_commercial_202512_comm_MI,163559-1.parquet,6
uhs15_1247--udt20824,parquet_commercial_202512_comm_MI,163710-1.parquet,1
uhs15_1247--udt20824,parquet_commercial_202512_comm_MI,163811-1.parquet,1
uhs15_1247--udt20824,parquet_commercial_202512_comm_MI,163839-1.parquet,6
uhs15_1247--udt20824,parquet_commercial_202512_comm_MI,163891-1.parquet,1
uhs15_1247--udt20824,parquet_commercial_202512_comm_MI,164206-1.parquet,1
uhs15_1247--udt20824,parquet_commercial_202512_comm_MI,164248-1.parquet,3
uhs15_1247--udt20824,parquet_commercial_202512_comm_MI,164283-8.parquet,1
uhs15_1247--udt20824,parquet_commercial_202512_comm_MI,164450-1.parquet,3
uhs15_1247--udt20824,parquet_commercial_202512_comm_MI,164606-1.parquet,4
uhs15_1247--udt20824,parquet_commercial_202512_comm_MI,164618-8.parquet,1
uhs15_1247--udt20824,parquet_commercial_202512_comm_MI,164662-1.parquet,1
uhs15_1247--udt20824,parquet_commercial_202512_comm_MI,164698-8.parquet,1
uhs15_1247--udt20824,parquet_commercial_202512_comm_MI,164724-1.parquet,1
uhs15_1247--udt20824,parquet_commercial_202512_comm_MI,164742-1.parquet,1
uhs15_1247--udt20824,parquet_commercial_202512_comm_MI,164825-1.parquet,1
uhs15_1247--udt20824,parquet_commercial_202512_comm_MI,164928-8.parquet,6
uhs15_1247--udt20824,parquet_commercial_202512_comm_MI,164945-8.parquet,8
uhs15_1247--udt20824,parquet_commercial_202512_comm_MI,165039-8.parquet,1
uhs15_1247--udt20824,parquet_commercial_202512_comm_MI,165179-8.parquet,1
uhs15_1247--udt20824,parquet_commercial_202512_comm_MI,165234-1.parquet,1
uhs15_1247--udt20824,parquet_commercial_202512_comm_MI,165336-1.parquet,2
uhs15_1247--udt20824,parquet_commercial_202512_comm_MI,165583-1.parquet,1
uhs15_1247--udt20824,parquet_commercial_202512_comm_MI,165773-1.parquet,2
uhs15_1247--udt20824,parquet_commercial_202512_comm_MI,165786-1.parquet,2
uhs15_1247--udt20824,parquet_commercial_202512_comm_MI,166013-1.parquet,1
uhs15_1247--udt20824,parquet_commercial_202512_comm_MI,166044-1.parquet,1
uhs15_1247--udt20824,parquet_commercial_202512_comm_MI,166183-1.parquet,7
uhs15_1247--udt20824,parquet_commercial_202512_comm_MI,166339-1.parquet,1
uhs15_1247--udt20824,parquet_commercial_202512_comm_MI,166488-1.parquet,1
uhs15_1247--udt20824,parquet_commercial_202512_comm_MI,166524-1.parquet,1
uhs15_1247--udt20824,parquet_commercial_202512_comm_MI,166676-1.parquet,4
uhs15_1247--udt20824,parquet_commercial_202512_comm_MI,166814-1.parquet,2
uhs15_1247--udt20824,parquet_commercial_202512_comm_MI,166958-1.parquet,2
uhs15_1247--udt20824,parquet_commercial_202512_comm_MI,167273-1.parquet,2
uhs15_1247--udt20824,parquet_commercial_202512_comm_MI,167382-1.parquet,3
uhs15_1247--udt20824,parquet_commercial_202512_comm_MI,167658-1.parquet,1
uhs15_1247--udt20824,parquet_commercial_202512_comm_MI,167908-1.parquet,1
uhs15_1247--udt20824,parquet_commercial_202512_comm_MI,167931-1.parquet,2
uhs15_1247--udt20824,parquet_commercial_202512_comm_MI,167948-1.parquet,1
uhs15_1247--udt20824,parquet_commercial_202512_comm_MI,168053-1.parquet,4
uhs15_1247--udt20824,parquet_commercial_202512_comm_MI,168277-8.parquet,1
uhs15_1247--udt20824,parquet_commercial_202512_comm_MI,168342-1.parquet,1
uhs15_1247--udt20824,parquet_commercial_202512_comm_MI,168388-1.parquet,1
uhs15_1247--udt20824,parquet_commercial_202512_comm_MI,168555-1.parquet,6
uhs15_1247--udt20824,parquet_commercial_202512_comm_MI,168695-8.parquet,1
uhs15_1247--udt20824,parquet_commercial_202512_comm_MI,168794-1.parquet,1
uhs15_1247--udt20824,parquet_commercial_202512_comm_MI,168815-1.parquet,1
uhs15_1247--udt20824,parquet_commercial_202512_comm_MI,168901-1.parquet,1
uhs15_1247--udt20824,parquet_commercial_202512_comm_MI,169002-1.parquet,5
uhs15_1247--udt20824,parquet_commercial_202512_comm_MI,169045-1.parquet,1
uhs15_1247--udt20824,parquet_commercial_202512_comm_MI,169316-1.parquet,4
uhs15_1247--udt20824,parquet_commercial_202512_comm_MI,169349-1.parquet,1
uhs15_1247--udt20824,parquet_commercial_202512_comm_MI,169471-1.parquet,7
uhs15_1247--udt20824,parquet_commercial_202512_comm_MI,169593-1.parquet,3
uhs15_1247--udt20824,parquet_commercial_202512_comm_MI,169601-8.parquet,1
uhs15_1247--udt20824,parquet_commercial_202512_comm_MI,169655-1.parquet,11
uhs15_1247--udt20824,parquet_commercial_202512_comm_MI,169748-1.parquet,1
uhs15_1247--udt20824,parquet_commercial_202512_comm_MI,169759-1.parquet,1
uhs15_1247--udt20824,parquet_commercial_202512_comm_MI,169898-1.parquet,1
uhs15_1247--udt20824,parquet_commercial_202512_comm_MI,170028-1.parquet,1
uhs15_1247--udt20824,parquet_residential_short_202512_res_MI,10381-1.parquet,2
uhs15_1247--udt20824,parquet_residential_short_202512_res_MI,109870-1.parquet,7
uhs15_1247--udt20824,parquet_residential_short_202512_res_MI,111086-1.parquet,1
uhs15_1247--udt20824,parquet_residential_short_202512_res_MI,113255-1.parquet,1
uhs15_1247--udt20824,parquet_residential_short_202512_res_MI,113495-1.parquet,1
uhs15_1247--udt20824,parquet_residential_short_202512_res_MI,116219-1.parquet,2
uhs15_1247--udt20824,parquet_residential_short_202512_res_MI,118404-1.parquet,8
uhs15_1247--udt20824,parquet_residential_short_202512_res_MI,129325-1.parquet,5
uhs15_1247--udt20824,parquet_residential_short_202512_res_MI,129893-1.parquet,1
uhs15_1247--udt20824,parquet_residential_short_202512_res_MI,141942-1.parquet,1
uhs15_1247--udt20824,parquet_residential_short_202512_res_MI,14251-1.parquet,1
uhs15_1247--udt20824,parquet_residential_short_202512_res_MI,144380-1.parquet,2
uhs15_1247--udt20824,parquet_residential_short_202512_res_MI,144803-1.parquet,1
uhs15_1247--udt20824,parquet_residential_short_202512_res_MI,145077-1.parquet,4
uhs15_1247--udt20824,parquet_residential_short_202512_res_MI,145104-1.parquet,1
uhs15_1247--udt20824,parquet_residential_short_202512_res_MI,158553-1.parquet,2
uhs15_1247--udt20824,parquet_residential_short_202512_res_MI,161125-1.parquet,2
uhs15_1247--udt20824,parquet_residential_short_202512_res_MI,163888-1.parquet,5
uhs15_1247--udt20824,parquet_residential_short_202512_res_MI,163929-1.parquet,6
uhs15_1247--udt20824,parquet_residential_short_202512_res_MI,178848-1.parquet,8
uhs15_1247--udt20824,parquet_residential_short_202512_res_MI,178924-1.parquet,2
uhs15_1247--udt20824,parquet_residential_short_202512_res_MI,179061-1.parquet,10
uhs15_1247--udt20824,parquet_residential_short_202512_res_MI,18662-1.parquet,1
uhs15_1247--udt20824,parquet_residential_short_202512_res_MI,193304-1.parquet,7
uhs15_1247--udt20824,parquet_residential_short_202512_res_MI,195848-1.parquet,1
uhs15_1247--udt20824,parquet_residential_short_202512_res_MI,202225-1.parquet,1
uhs15_1247--udt20824,parquet_residential_short_202512_res_MI,211618-1.parquet,1
uhs15_1247--udt20824,parquet_residential_short_202512_res_MI,219061-1.parquet,1
uhs15_1247--udt20824,parquet_residential_short_202512_res_MI,242004-1.parquet,1
uhs15_1247--udt20824,parquet_residential_short_202512_res_MI,245364-1.parquet,1
uhs15_1247--udt20824,parquet_residential_short_202512_res_MI,263197-1.parquet,3
uhs15_1247--udt20824,parquet_residential_short_202512_res_MI,275115-1.parquet,3
uhs15_1247--udt20824,parquet_residential_short_202512_res_MI,275600-1.parquet,1
uhs15_1247--udt20824,parquet_residential_short_202512_res_MI,277511-1.parquet,2
uhs15_1247--udt20824,parquet_residential_short_202512_res_MI,277988-1.parquet,1
uhs15_1247--udt20824,parquet_residential_short_202512_res_MI,286308-1.parquet,1
uhs15_1247--udt20824,parquet_residential_short_202512_res_MI,292113-1.parquet,1
uhs15_1247--udt20824,parquet_residential_short_202512_res_MI,305049-1.parquet,2
uhs15_1247--udt20824,parquet_residential_short_202512_res_MI,32711-1.parquet,1
uhs15_1247--udt20824,parquet_residential_short_202512_res_MI,329472-1.parquet,4
uhs15_1247--udt20824,parquet_residential_short_202512_res_MI,32956-1.parquet,3
uhs15_1247--udt20824,parquet_residential_short_202512_res_MI,331207-1.parquet,1
uhs15_1247--udt20824,parquet_residential_short_202512_res_MI,334073-1.parquet,7
uhs15_1247--udt20824,parquet_residential_short_202512_res_MI,346477-1.parquet,1
uhs15_1247--udt20824,parquet_residential_short_202512_res_MI,354403-1.parquet,5
uhs15_1247--udt20824,parquet_residential_short_202512_res_MI,356343-1.parquet,1
uhs15_1247--udt20824,parquet_residential_short_202512_res_MI,361783-1.parquet,12
uhs15_1247--udt20824,parquet_residential_short_202512_res_MI,363455-1.parquet,3
uhs15_1247--udt20824,parquet_residential_short_202512_res_MI,368438-1.parquet,1
uhs15_1247--udt20824,parquet_residential_short_202512_res_MI,380296-1.parquet,4
uhs15_1247--udt20824,parquet_residential_short_202512_res_MI,387495-1.parquet,1
uhs15_1247--udt20824,parquet_residential_short_202512_res_MI,392142-1.parquet,1
uhs15_1247--udt20824,parquet_residential_short_202512_res_MI,395863-1.parquet,1
uhs15_1247--udt20824,parquet_residential_short_202512_res_MI,400912-1.parquet,2
uhs15_1247--udt20824,parquet_residential_short_202512_res_MI,409398-1.parquet,1
uhs15_1247--udt20824,parquet_residential_short_202512_res_MI,411616-1.parquet,7
uhs15_1247--udt20824,parquet_residential_short_202512_res_MI,417504-1.parquet,1
uhs15_1247--udt20824,parquet_residential_short_202512_res_MI,418555-1.parquet,1
uhs15_1247--udt20824,parquet_residential_short_202512_res_MI,421729-1.parquet,1
uhs15_1247--udt20824,parquet_residential_short_202512_res_MI,426204-1.parquet,2
uhs15_1247--udt20824,parquet_residential_short_202512_res_MI,433741-1.parquet,1
uhs15_1247--udt20824,parquet_residential_short_202512_res_MI,436629-1.parquet,3
uhs15_1247--udt20824,parquet_residential_short_202512_res_MI,437871-1.parquet,5
uhs15_1247--udt20824,parquet_residential_short_202512_res_MI,439442-1.parquet,1
uhs15_1247--udt20824,parquet_residential_short_202512_res_MI,444065-1.parquet,6
uhs15_1247--udt20824,parquet_residential_short_202512_res_MI,449575-1.parquet,5
uhs15_1247--udt20824,parquet_residential_short_202512_res_MI,457273-1.parquet,1
uhs15_1247--udt20824,parquet_residential_short_202512_res_MI,465000-1.parquet,1
uhs15_1247--udt20824,parquet_residential_short_202512_res_MI,473383-1.parquet,1
uhs15_1247--udt20824,parquet_residential_short_202512_res_MI,474345-1.parquet,2
uhs15_1247--udt20824,parquet_residential_short_202512_res_MI,48368-1.parquet,1
uhs15_1247--udt20824,parquet_residential_short_202512_res_MI,485537-1.parquet,1
uhs15_1247--udt20824,parquet_residential_short_202512_res_MI,488964-1.parquet,1
uhs15_1247--udt20824,parquet_residential_short_202512_res_MI,491904-1.parquet,1
uhs15_1247--udt20824,parquet_residential_short_202512_res_MI,494108-1.parquet,7
uhs15_1247--udt20824,parquet_residential_short_202512_res_MI,498993-1.parquet,1
uhs15_1247--udt20824,parquet_residential_short_202512_res_MI,502032-1.parquet,1
uhs15_1247--udt20824,parquet_residential_short_202512_res_MI,507422-1.parquet,1
uhs15_1247--udt20824,parquet_residential_short_202512_res_MI,508330-1.parquet,8
uhs15_1247--udt20824,parquet_residential_short_202512_res_MI,509345-1.parquet,1
uhs15_1247--udt20824,parquet_residential_short_202512_res_MI,525496-1.parquet,1
uhs15_1247--udt20824,parquet_residential_short_202512_res_MI,530245-1.parquet,1
uhs15_1247--udt20824,parquet_residential_short_202512_res_MI,533319-1.parquet,1
uhs15_1247--udt20824,parquet_residential_short_202512_res_MI,538350-1.parquet,9
uhs15_1247--udt20824,parquet_residential_short_202512_res_MI,55789-1.parquet,1
uhs15_1247--udt20824,parquet_residential_short_202512_res_MI,74525-1.parquet,1
uhs15_1247--udt20824,parquet_residential_short_202512_res_MI,8111-1.parquet,1
uhs15_1247--udt20824,parquet_residential_short_202512_res_MI,83885-1.parquet,7
uhs15_1247--udt20824,parquet_residential_short_202512_res_MI,87112-1.parquet,1
uhs16_1247--udt15512,parquet_commercial_202512_comm_MI,157637-1.parquet,1
uhs16_1247--udt15512,parquet_commercial_202512_comm_MI,157823-1.parquet,9
uhs16_1247--udt15512,parquet_commercial_202512_comm_MI,157939-1.parquet,1
uhs16_1247--udt15512,parquet_commercial_202512_comm_MI,158126-1.parquet,1
uhs16_1247--udt15512,parquet_commercial_202512_comm_MI,158188-1.parquet,1
uhs16_1247--udt15512,parquet_commercial_202512_comm_MI,158365-1.parquet,1
uhs16_1247--udt15512,parquet_commercial_202512_comm_MI,158456-1.parquet,31
uhs16_1247--udt15512,parquet_commercial_202512_comm_MI,158460-1.parquet,2
uhs16_1247--udt15512,parquet_commercial_202512_comm_MI,158759-1.parquet,1
uhs16_1247--udt15512,parquet_commercial_202512_comm_MI,158887-1.parquet,1
uhs16_1247--udt15512,parquet_commercial_202512_comm_MI,158935-1.parquet,2
uhs16_1247--udt15512,parquet_commercial_202512_comm_MI,159032-8.parquet,1
uhs16_1247--udt15512,parquet_commercial_202512_comm_MI,159114-1.parquet,4
uhs16_1247--udt15512,parquet_commercial_202512_comm_MI,159326-1.parquet,2
uhs16_1247--udt15512,parquet_commercial_202512_comm_MI,159397-1.parquet,1
uhs16_1247--udt15512,parquet_commercial_202512_comm_MI,159485-1.parquet,2
uhs16_1247--udt15512,parquet_commercial_202512_comm_MI,159651-1.parquet,1
uhs16_1247--udt15512,parquet_commercial_202512_comm_MI,159799-8.parquet,9
uhs16_1247--udt15512,parquet_commercial_202512_comm_MI,159905-1.parquet,1
uhs16_1247--udt15512,parquet_commercial_202512_comm_MI,160069-1.parquet,1
uhs16_1247--udt15512,parquet_commercial_202512_comm_MI,160467-1.parquet,1
uhs16_1247--udt15512,parquet_commercial_202512_comm_MI,160529-1.parquet,6
uhs16_1247--udt15512,parquet_commercial_202512_comm_MI,160562-1.parquet,1
uhs16_1247--udt15512,parquet_commercial_202512_comm_MI,160747-1.parquet,1
uhs16_1247--udt15512,parquet_commercial_202512_comm_MI,161077-1.parquet,1
uhs16_1247--udt15512,parquet_commercial_202512_comm_MI,161082-1.parquet,1
uhs16_1247--udt15512,parquet_commercial_202512_comm_MI,161193-1.parquet,1
uhs16_1247--udt15512,parquet_commercial_202512_comm_MI,161325-1.parquet,1
uhs16_1247--udt15512,parquet_commercial_202512_comm_MI,161335-1.parquet,2
uhs16_1247--udt15512,parquet_commercial_202512_comm_MI,161434-1.parquet,1
uhs16_1247--udt15512,parquet_commercial_202512_comm_MI,161628-8.parquet,1
uhs16_1247--udt15512,parquet_commercial_202512_comm_MI,161632-1.parquet,2
uhs16_1247--udt15512,parquet_commercial_202512_comm_MI,161642-1.parquet,1
uhs16_1247--udt15512,parquet_commercial_202512_comm_MI,161746-1.parquet,1
uhs16_1247--udt15512,parquet_commercial_202512_comm_MI,161825-1.parquet,1
uhs16_1247--udt15512,parquet_commercial_202512_comm_MI,161940-1.parquet,2
uhs16_1247--udt15512,parquet_commercial_202512_comm_MI,161969-1.parquet,1
uhs16_1247--udt15512,parquet_commercial_202512_comm_MI,162063-1.parquet,1
uhs16_1247--udt15512,parquet_commercial_202512_comm_MI,162088-1.parquet,1
uhs16_1247--udt15512,parquet_commercial_202512_comm_MI,162262-1.parquet,1
uhs16_1247--udt15512,parquet_commercial_202512_comm_MI,162329-1.parquet,1
uhs16_1247--udt15512,parquet_commercial_202512_comm_MI,162590-8.parquet,2
uhs16_1247--udt15512,parquet_commercial_202512_comm_MI,162701-1.parquet,2
uhs16_1247--udt15512,parquet_commercial_202512_comm_MI,162763-1.parquet,1
uhs16_1247--udt15512,parquet_commercial_202512_comm_MI,162792-1.parquet,1
uhs16_1247--udt15512,parquet_commercial_202512_comm_MI,163321-8.parquet,1
uhs16_1247--udt15512,parquet_commercial_202512_comm_MI,163398-1.parquet,1
uhs16_1247--udt15512,parquet_commercial_202512_comm_MI,163559-1.parquet,3
uhs16_1247--udt15512,parquet_commercial_202512_comm_MI,163772-1.parquet,1
uhs16_1247--udt15512,parquet_commercial_202512_comm_MI,163839-1.parquet,1
uhs16_1247--udt15512,parquet_commercial_202512_comm_MI,163891-1.parquet,1
uhs16_1247--udt15512,parquet_commercial_202512_comm_MI,164128-1.parquet,1
uhs16_1247--udt15512,parquet_commercial_202512_comm_MI,164249-1.parquet,2
uhs16_1247--udt15512,parquet_commercial_202512_comm_MI,164341-1.parquet,1
uhs16_1247--udt15512,parquet_commercial_202512_comm_MI,164450-1.parquet,1
uhs16_1247--udt15512,parquet_commercial_202512_comm_MI,164472-1.parquet,1
uhs16_1247--udt15512,parquet_commercial_202512_comm_MI,164606-1.parquet,2
uhs16_1247--udt15512,parquet_commercial_202512_comm_MI,164724-1.parquet,1
uhs16_1247--udt15512,parquet_commercial_202512_comm_MI,164742-1.parquet,1
uhs16_1247--udt15512,parquet_commercial_202512_comm_MI,164928-8.parquet,7
uhs16_1247--udt15512,parquet_commercial_202512_comm_MI,165039-8.parquet,1
uhs16_1247--udt15512,parquet_commercial_202512_comm_MI,165083-1.parquet,1
uhs16_1247--udt15512,parquet_commercial_202512_comm_MI,165234-1.parquet,2
uhs16_1247--udt15512,parquet_commercial_202512_comm_MI,165352-8.parquet,1
uhs16_1247--udt15512,parquet_commercial_202512_comm_MI,165423-1.parquet,1
uhs16_1247--udt15512,parquet_commercial_202512_comm_MI,165914-1.parquet,1
uhs16_1247--udt15512,parquet_commercial_202512_comm_MI,166183-1.parquet,2
uhs16_1247--udt15512,parquet_commercial_202512_comm_MI,166212-1.parquet,1
uhs16_1247--udt15512,parquet_commercial_202512_comm_MI,166339-1.parquet,2
uhs16_1247--udt15512,parquet_commercial_202512_comm_MI,166467-8.parquet,1
uhs16_1247--udt15512,parquet_commercial_202512_comm_MI,166488-1.parquet,3
uhs16_1247--udt15512,parquet_commercial_202512_comm_MI,166527-1.parquet,1
uhs16_1247--udt15512,parquet_commercial_202512_comm_MI,166663-1.parquet,1
uhs16_1247--udt15512,parquet_commercial_202512_comm_MI,166676-1.parquet,1
uhs16_1247--udt15512,parquet_commercial_202512_comm_MI,166993-1.parquet,1
uhs16_1247--udt15512,parquet_commercial_202512_comm_MI,166998-1.parquet,1
uhs16_1247--udt15512,parquet_commercial_202512_comm_MI,167455-1.parquet,1
uhs16_1247--udt15512,parquet_commercial_202512_comm_MI,167724-1.parquet,1
uhs16_1247--udt15512,parquet_commercial_202512_comm_MI,167767-1.parquet,1
uhs16_1247--udt15512,parquet_commercial_202512_comm_MI,167919-1.parquet,2
uhs16_1247--udt15512,parquet_commercial_202512_comm_MI,168193-1.parquet,1
uhs16_1247--udt15512,parquet_commercial_202512_comm_MI,168277-8.parquet,1
uhs16_1247--udt15512,parquet_commercial_202512_comm_MI,168388-1.parquet,2
uhs16_1247--udt15512,parquet_commercial_202512_comm_MI,168755-1.parquet,1
uhs16_1247--udt15512,parquet_commercial_202512_comm_MI,168901-1.parquet,2
uhs16_1247--udt15512,parquet_commercial_202512_comm_MI,169002-1.parquet,1
uhs16_1247--udt15512,parquet_commercial_202512_comm_MI,169316-1.parquet,1
uhs16_1247--udt15512,parquet_commercial_202512_comm_MI,169471-1.parquet,2
uhs16_1247--udt15512,parquet_commercial_202512_comm_MI,169593-1.parquet,2
uhs16_1247--udt15512,parquet_commercial_202512_comm_MI,169601-8.parquet,1
uhs16_1247--udt15512,parquet_commercial_202512_comm_MI,169644-1.parquet,1
uhs16_1247--udt15512,parquet_commercial_202512_comm_MI,169655-1.parquet,2
uhs16_1247--udt15512,parquet_commercial_202512_comm_MI,169759-1.parquet,1
uhs16_1247--udt15512,parquet_commercial_202512_comm_MI,169773-1.parquet,2
uhs16_1247--udt15512,parquet_commercial_202512_comm_MI,169898-1.parquet,1
uhs16_1247--udt15512,parquet_commercial_202512_comm_MI,169917-1.parquet,1
uhs16_1247--udt15512,parquet_commercial_202512_comm_MI,169936-1.parquet,2
uhs16_1247--udt15512,parquet_residential_short_202512_res_MI,10381-1.parquet,5
uhs16_1247--udt15512,parquet_residential_short_202512_res_MI,104079-1.parquet,1
uhs16_1247--udt15512,parquet_residential_short_202512_res_MI,109870-1.parquet,1
uhs16_1247--udt15512,parquet_residential_short_202512_res_MI,113255-1.parquet,6
uhs16_1247--udt15512,parquet_residential_short_202512_res_MI,113495-1.parquet,1
uhs16_1247--udt15512,parquet_residential_short_202512_res_MI,11596-1.parquet,1
uhs16_1247--udt15512,parquet_residential_short_202512_res_MI,116219-1.parquet,4
uhs16_1247--udt15512,parquet_residential_short_202512_res_MI,118404-1.parquet,82
uhs16_1247--udt15512,parquet_residential_short_202512_res_MI,121458-1.parquet,4
uhs16_1247--udt15512,parquet_residential_short_202512_res_MI,123079-1.parquet,1
uhs16_1247--udt15512,parquet_residential_short_202512_res_MI,134138-1.parquet,2
uhs16_1247--udt15512,parquet_residential_short_202512_res_MI,144380-1.parquet,3
uhs16_1247--udt15512,parquet_residential_short_202512_res_MI,145104-1.parquet,4
uhs16_1247--udt15512,parquet_residential_short_202512_res_MI,15283-1.parquet,2
uhs16_1247--udt15512,parquet_residential_short_202512_res_MI,158553-1.parquet,1
uhs16_1247--udt15512,parquet_residential_short_202512_res_MI,163929-1.parquet,10
uhs16_1247--udt15512,parquet_residential_short_202512_res_MI,178522-1.parquet,2
uhs16_1247--udt15512,parquet_residential_short_202512_res_MI,178848-1.parquet,85
uhs16_1247--udt15512,parquet_residential_short_202512_res_MI,178924-1.parquet,17
uhs16_1247--udt15512,parquet_residential_short_202512_res_MI,179061-1.parquet,186
uhs16_1247--udt15512,parquet_residential_short_202512_res_MI,179402-1.parquet,1
uhs16_1247--udt15512,parquet_residential_short_202512_res_MI,179991-1.parquet,4
uhs16_1247--udt15512,parquet_residential_short_202512_res_MI,180563-1.parquet,1
uhs16_1247--udt15512,parquet_residential_short_202512_res_MI,181066-1.parquet,4
uhs16_1247--udt15512,parquet_residential_short_202512_res_MI,189827-1.parquet,3
uhs16_1247--udt15512,parquet_residential_short_202512_res_MI,193304-1.parquet,2
uhs16_1247--udt15512,parquet_residential_short_202512_res_MI,195848-1.parquet,4
uhs16_1247--udt15512,parquet_residential_short_202512_res_MI,20070-1.parquet,2
uhs16_1247--udt15512,parquet_residential_short_202512_res_MI,205005-1.parquet,1
uhs16_1247--udt15512,parquet_residential_short_202512_res_MI,211618-1.parquet,1
uhs16_1247--udt15512,parquet_residential_short_202512_res_MI,213050-1.parquet,2
uhs16_1247--udt15512,parquet_residential_short_202512_res_MI,215616-1.parquet,1
uhs16_1247--udt15512,parquet_residential_short_202512_res_MI,219061-1.parquet,6
uhs16_1247--udt15512,parquet_residential_short_202512_res_MI,224704-1.parquet,2
uhs16_1247--udt15512,parquet_residential_short_202512_res_MI,229456-1.parquet,4
uhs16_1247--udt15512,parquet_residential_short_202512_res_MI,240169-1.parquet,1
uhs16_1247--udt15512,parquet_residential_short_202512_res_MI,242004-1.parquet,1
uhs16_1247--udt15512,parquet_residential_short_202512_res_MI,255062-1.parquet,5
uhs16_1247--udt15512,parquet_residential_short_202512_res_MI,256339-1.parquet,2
uhs16_1247--udt15512,parquet_residential_short_202512_res_MI,258760-1.parquet,1
uhs16_1247--udt15512,parquet_residential_short_202512_res_MI,263197-1.parquet,1
uhs16_1247--udt15512,parquet_residential_short_202512_res_MI,26343-1.parquet,8
uhs16_1247--udt15512,parquet_residential_short_202512_res_MI,275115-1.parquet,14
uhs16_1247--udt15512,parquet_residential_short_202512_res_MI,277988-1.parquet,1
uhs16_1247--udt15512,parquet_residential_short_202512_res_MI,278143-1.parquet,2
uhs16_1247--udt15512,parquet_residential_short_202512_res_MI,280750-1.parquet,1
uhs16_1247--udt15512,parquet_residential_short_202512_res_MI,281826-1.parquet,4
uhs16_1247--udt15512,parquet_residential_short_202512_res_MI,282194-1.parquet,4
uhs16_1247--udt15512,parquet_residential_short_202512_res_MI,285504-1.parquet,1
uhs16_1247--udt15512,parquet_residential_short_202512_res_MI,285678-1.parquet,1
uhs16_1247--udt15512,parquet_residential_short_202512_res_MI,285946-1.parquet,1
uhs16_1247--udt15512,parquet_residential_short_202512_res_MI,291009-1.parquet,1
uhs16_1247--udt15512,parquet_residential_short_202512_res_MI,292113-1.parquet,3
uhs16_1247--udt15512,parquet_residential_short_202512_res_MI,305511-1.parquet,1
uhs16_1247--udt15512,parquet_residential_short_202512_res_MI,308094-1.parquet,1
uhs16_1247--udt15512,parquet_residential_short_202512_res_MI,31043-1.parquet,2
uhs16_1247--udt15512,parquet_residential_short_202512_res_MI,31214-1.parquet,1
uhs16_1247--udt15512,parquet_residential_short_202512_res_MI,316181-1.parquet,1
uhs16_1247--udt15512,parquet_residential_short_202512_res_MI,316670-1.parquet,3
uhs16_1247--udt15512,parquet_residential_short_202512_res_MI,317135-1.parquet,3
uhs16_1247--udt15512,parquet_residential_short_202512_res_MI,317368-1.parquet,1
uhs16_1247--udt15512,parquet_residential_short_202512_res_MI,320231-1.parquet,2
uhs16_1247--udt15512,parquet_residential_short_202512_res_MI,32711-1.parquet,1
uhs16_1247--udt15512,parquet_residential_short_202512_res_MI,329472-1.parquet,4
uhs16_1247--udt15512,parquet_residential_short_202512_res_MI,331207-1.parquet,2
uhs16_1247--udt15512,parquet_residential_short_202512_res_MI,331355-1.parquet,2
uhs16_1247--udt15512,parquet_residential_short_202512_res_MI,334073-1.parquet,74
uhs16_1247--udt15512,parquet_residential_short_202512_res_MI,344633-1.parquet,4
uhs16_1247--udt15512,parquet_residential_short_202512_res_MI,345199-1.parquet,2
uhs16_1247--udt15512,parquet_residential_short_202512_res_MI,350694-1.parquet,1
uhs16_1247--udt15512,parquet_residential_short_202512_res_MI,361783-1.parquet,36
uhs16_1247--udt15512,parquet_residential_short_202512_res_MI,363455-1.parquet,1
uhs16_1247--udt15512,parquet_residential_short_202512_res_MI,368387-1.parquet,5
uhs16_1247--udt15512,parquet_residential_short_202512_res_MI,368438-1.parquet,2
uhs16_1247--udt15512,parquet_residential_short_202512_res_MI,370010-1.parquet,2
uhs16_1247--udt15512,parquet_residential_short_202512_res_MI,378338-1.parquet,43
uhs16_1247--udt15512,parquet_residential_short_202512_res_MI,380296-1.parquet,7
uhs16_1247--udt15512,parquet_residential_short_202512_res_MI,381828-1.parquet,2
uhs16_1247--udt15512,parquet_residential_short_202512_res_MI,387495-1.parquet,2
uhs16_1247--udt15512,parquet_residential_short_202512_res_MI,392142-1.parquet,11
uhs16_1247--udt15512,parquet_residential_short_202512_res_MI,395863-1.parquet,4
uhs16_1247--udt15512,parquet_residential_short_202512_res_MI,400912-1.parquet,27
uhs16_1247--udt15512,parquet_residential_short_202512_res_MI,411616-1.parquet,20
uhs16_1247--udt15512,parquet_residential_short_202512_res_MI,414172-1.parquet,1
uhs16_1247--udt15512,parquet_residential_short_202512_res_MI,418555-1.parquet,1
uhs16_1247--udt15512,parquet_residential_short_202512_res_MI,426204-1.parquet,1
uhs16_1247--udt15512,parquet_residential_short_202512_res_MI,432811-1.parquet,2
uhs16_1247--udt15512,parquet_residential_short_202512_res_MI,433000-1.parquet,1
uhs16_1247--udt15512,parquet_residential_short_202512_res_MI,433741-1.parquet,5
uhs16_1247--udt15512,parquet_residential_short_202512_res_MI,436629-1.parquet,6
uhs16_1247--udt15512,parquet_residential_short_202512_res_MI,437871-1.parquet,47
uhs16_1247--udt15512,parquet_residential_short_202512_res_MI,444065-1.parquet,16
uhs16_1247--udt15512,parquet_residential_short_202512_res_MI,445779-1.parquet,3
uhs16_1247--udt15512,parquet_residential_short_202512_res_MI,446161-1.parquet,1
uhs16_1247--udt15512,parquet_residential_short_202512_res_MI,449958-1.parquet,4
uhs16_1247--udt15512,parquet_residential_short_202512_res_MI,450644-1.parquet,1
uhs16_1247--udt15512,parquet_residential_short_202512_res_MI,453782-1.parquet,1
uhs16_1247--udt15512,parquet_residential_short_202512_res_MI,457563-1.parquet,1
uhs16_1247--udt15512,parquet_residential_short_202512_res_MI,458168-1.parquet,1
uhs16_1247--udt15512,parquet_residential_short_202512_res_MI,459710-1.parquet,3
uhs16_1247--udt15512,parquet_residential_short_202512_res_MI,465693-1.parquet,8
uhs16_1247--udt15512,parquet_residential_short_202512_res_MI,473383-1.parquet,4
uhs16_1247--udt15512,parquet_residential_short_202512_res_MI,474345-1.parquet,4
uhs16_1247--udt15512,parquet_residential_short_202512_res_MI,478155-1.parquet,2
uhs16_1247--udt15512,parquet_residential_short_202512_res_MI,480431-1.parquet,1
uhs16_1247--udt15512,parquet_residential_short_202512_res_MI,48368-1.parquet,1
uhs16_1247--udt15512,parquet_residential_short_202512_res_MI,485286-1.parquet,7
uhs16_1247--udt15512,parquet_residential_short_202512_res_MI,485537-1.parquet,8
uhs16_1247--udt15512,parquet_residential_short_202512_res_MI,491904-1.parquet,41
uhs16_1247--udt15512,parquet_residential_short_202512_res_MI,494108-1.parquet,6
uhs16_1247--udt15512,parquet_residential_short_202512_res_MI,498993-1.parquet,8
uhs16_1247--udt15512,parquet_residential_short_202512_res_MI,502032-1.parquet,13
uhs16_1247--udt15512,parquet_residential_short_202512_res_MI,505391-1.parquet,11
uhs16_1247--udt15512,parquet_residential_short_202512_res_MI,505432-1.parquet,1
uhs16_1247--udt15512,parquet_residential_short_202512_res_MI,508330-1.parquet,5
uhs16_1247--udt15512,parquet_residential_short_202512_res_MI,509345-1.parquet,2
uhs16_1247--udt15512,parquet_residential_short_202512_res_MI,513814-1.parquet,10
uhs16_1247--udt15512,parquet_residential_short_202512_res_MI,520323-1.parquet,2
uhs16_1247--udt15512,parquet_residential_short_202512_res_MI,520334-1.parquet,1
uhs16_1247--udt15512,parquet_residential_short_202512_res_MI,520460-1.parquet,3
uhs16_1247--udt15512,parquet_residential_short_202512_res_MI,521610-1.parquet,2
uhs16_1247--udt15512,parquet_residential_short_202512_res_MI,526776-1.parquet,1
uhs16_1247--udt15512,parquet_residential_short_202512_res_MI,527997-1.parquet,1
uhs16_1247--udt15512,parquet_residential_short_202512_res_MI,530245-1.parquet,1
uhs16_1247--udt15512,parquet_residential_short_202512_res_MI,530429-1.parquet,2
uhs16_1247--udt15512,parquet_residential_short_202512_res_MI,533319-1.parquet,8
uhs16_1247--udt15512,parquet_residential_short_202512_res_MI,53721-1.parquet,1
uhs16_1247--udt15512,parquet_residential_short_202512_res_MI,538350-1.parquet,14
uhs16_1247--udt15512,parquet_residential_short_202512_res_MI,549574-1.parquet,11
uhs16_1247--udt15512,parquet_residential_short_202512_res_MI,73789-1.parquet,1
uhs16_1247--udt15512,parquet_residential_short_202512_res_MI,74525-1.parquet,1
uhs16_1247--udt15512,parquet_residential_short_202512_res_MI,8111-1.parquet,8
uhs16_1247--udt15512,parquet_residential_short_202512_res_MI,82218-1.parquet,1
uhs16_1247--udt15512,parquet_residential_short_202512_res_MI,83885-1.parquet,1
uhs16_1247--udt15512,parquet_residential_short_202512_res_MI,90350-1.parquet,3
uhs16_1247--udt15512,parquet_residential_short_202512_res_MI,92876-1.parquet,1
uhs16_1247--udt15512,parquet_residential_short_202512_res_MI,95747-1.parquet,2
uhs16_1247--udt310,parquet_commercial_202512_comm_MI,157661-1.parquet,1
uhs16_1247--udt310,parquet_commercial_202512_comm_MI,157810-1.parquet,1
uhs16_1247--udt310,parquet_commercial_202512_comm_MI,157823-1.parquet,8
uhs16_1247--udt310,parquet_commercial_202512_comm_MI,158456-1.parquet,20
uhs16_1247--udt310,parquet_commercial_202512_comm_MI,158460-1.parquet,1
uhs16_1247--udt310,parquet_commercial_202512_comm_MI,158897-1.parquet,1
uhs16_1247--udt310,parquet_commercial_202512_comm_MI,158935-1.parquet,1
uhs16_1247--udt310,parquet_commercial_202512_comm_MI,159004-8.parquet,1
uhs16_1247--udt310,parquet_commercial_202512_comm_MI,159409-1.parquet,2
uhs16_1247--udt310,parquet_commercial_202512_comm_MI,159485-1.parquet,4
uhs16_1247--udt310,parquet_commercial_202512_comm_MI,159841-1.parquet,1
uhs16_1247--udt310,parquet_commercial_202512_comm_MI,159909-1.parquet,1
uhs16_1247--udt310,parquet_commercial_202512_comm_MI,160467-1.parquet,1
uhs16_1247--udt310,parquet_commercial_202512_comm_MI,160529-1.parquet,3
uhs16_1247--udt310,parquet_commercial_202512_comm_MI,160562-1.parquet,2
uhs16_1247--udt310,parquet_commercial_202512_comm_MI,160627-1.parquet,1
uhs16_1247--udt310,parquet_commercial_202512_comm_MI,160949-1.parquet,1
uhs16_1247--udt310,parquet_commercial_202512_comm_MI,161131-8.parquet,1
uhs16_1247--udt310,parquet_commercial_202512_comm_MI,161134-1.parquet,2
uhs16_1247--udt310,parquet_commercial_202512_comm_MI,161724-1.parquet,2
uhs16_1247--udt310,parquet_commercial_202512_comm_MI,161746-1.parquet,1
uhs16_1247--udt310,parquet_commercial_202512_comm_MI,161940-1.parquet,2
uhs16_1247--udt310,parquet_commercial_202512_comm_MI,162172-1.parquet,1
uhs16_1247--udt310,parquet_commercial_202512_comm_MI,162547-1.parquet,1
uhs16_1247--udt310,parquet_commercial_202512_comm_MI,162701-1.parquet,1
uhs16_1247--udt310,parquet_commercial_202512_comm_MI,162850-1.parquet,1
uhs16_1247--udt310,parquet_commercial_202512_comm_MI,163035-1.parquet,2
uhs16_1247--udt310,parquet_commercial_202512_comm_MI,163559-1.parquet,4
uhs16_1247--udt310,parquet_commercial_202512_comm_MI,163679-8.parquet,1
uhs16_1247--udt310,parquet_commercial_202512_comm_MI,163839-1.parquet,2
uhs16_1247--udt310,parquet_commercial_202512_comm_MI,164079-1.parquet,1
uhs16_1247--udt310,parquet_commercial_202512_comm_MI,164450-1.parquet,1
uhs16_1247--udt310,parquet_commercial_202512_comm_MI,164928-8.parquet,8
uhs16_1247--udt310,parquet_commercial_202512_comm_MI,164945-8.parquet,2
uhs16_1247--udt310,parquet_commercial_202512_comm_MI,165179-8.parquet,1
uhs16_1247--udt310,parquet_commercial_202512_comm_MI,165234-1.parquet,1
uhs16_1247--udt310,parquet_commercial_202512_comm_MI,165376-1.parquet,2
uhs16_1247--udt310,parquet_commercial_202512_comm_MI,165531-8.parquet,1
uhs16_1247--udt310,parquet_commercial_202512_comm_MI,165720-8.parquet,1
uhs16_1247--udt310,parquet_commercial_202512_comm_MI,166041-1.parquet,1
uhs16_1247--udt310,parquet_commercial_202512_comm_MI,166183-1.parquet,1
uhs16_1247--udt310,parquet_commercial_202512_comm_MI,166262-1.parquet,3
uhs16_1247--udt310,parquet_commercial_202512_comm_MI,166339-1.parquet,1
uhs16_1247--udt310,parquet_commercial_202512_comm_MI,166488-1.parquet,1
uhs16_1247--udt310,parquet_commercial_202512_comm_MI,166524-1.parquet,1
uhs16_1247--udt310,parquet_commercial_202512_comm_MI,166608-1.parquet,1
uhs16_1247--udt310,parquet_commercial_202512_comm_MI,167209-1.parquet,1
uhs16_1247--udt310,parquet_commercial_202512_comm_MI,167919-1.parquet,1
uhs16_1247--udt310,parquet_commercial_202512_comm_MI,168033-1.parquet,1
uhs16_1247--udt310,parquet_commercial_202512_comm_MI,168695-8.parquet,1
uhs16_1247--udt310,parquet_commercial_202512_comm_MI,169002-1.parquet,1
uhs16_1247--udt310,parquet_commercial_202512_comm_MI,169006-1.parquet,2
uhs16_1247--udt310,parquet_commercial_202512_comm_MI,169293-1.parquet,1
uhs16_1247--udt310,parquet_commercial_202512_comm_MI,169316-1.parquet,2
uhs16_1247--udt310,parquet_commercial_202512_comm_MI,169401-1.parquet,1
uhs16_1247--udt310,parquet_commercial_202512_comm_MI,169593-1.parquet,2
uhs16_1247--udt310,parquet_commercial_202512_comm_MI,169634-1.parquet,1
uhs16_1247--udt310,parquet_commercial_202512_comm_MI,169655-1.parquet,1
uhs16_1247--udt310,parquet_commercial_202512_comm_MI,169898-1.parquet,1
uhs16_1247--udt310,parquet_commercial_202512_comm_MI,169936-1.parquet,1
uhs16_1247--udt310,parquet_commercial_202512_comm_MI,170067-1.parquet,1
uhs16_1247--udt310,parquet_residential_short_202512_res_MI,10381-1.parquet,2
uhs16_1247--udt310,parquet_residential_short_202512_res_MI,104079-1.parquet,1
uhs16_1247--udt310,parquet_residential_short_202512_res_MI,109870-1.parquet,68
uhs16_1247--udt310,parquet_residential_short_202512_res_MI,113255-1.parquet,8
uhs16_1247--udt310,parquet_residential_short_202512_res_MI,113495-1.parquet,2
uhs16_1247--udt310,parquet_residential_short_202512_res_MI,118404-1.parquet,60
uhs16_1247--udt310,parquet_residential_short_202512_res_MI,121458-1.parquet,1
uhs16_1247--udt310,parquet_residential_short_202512_res_MI,123079-1.parquet,1
uhs16_1247--udt310,parquet_residential_short_202512_res_MI,129325-1.parquet,1
uhs16_1247--udt310,parquet_residential_short_202512_res_MI,134138-1.parquet,3
uhs16_1247--udt310,parquet_residential_short_202512_res_MI,144380-1.parquet,4
uhs16_1247--udt310,parquet_residential_short_202512_res_MI,144803-1.parquet,2
uhs16_1247--udt310,parquet_residential_short_202512_res_MI,145077-1.parquet,6
uhs16_1247--udt310,parquet_residential_short_202512_res_MI,145104-1.parquet,4
uhs16_1247--udt310,parquet_residential_short_202512_res_MI,15283-1.parquet,5
uhs16_1247--udt310,parquet_residential_short_202512_res_MI,158553-1.parquet,1
uhs16_1247--udt310,parquet_residential_short_202512_res_MI,161125-1.parquet,1
uhs16_1247--udt310,parquet_residential_short_202512_res_MI,163160-1.parquet,1
uhs16_1247--udt310,parquet_residential_short_202512_res_MI,163689-1.parquet,1
uhs16_1247--udt310,parquet_residential_short_202512_res_MI,163888-1.parquet,3
uhs16_1247--udt310,parquet_residential_short_202512_res_MI,163929-1.parquet,12
uhs16_1247--udt310,parquet_residential_short_202512_res_MI,169556-1.parquet,1
uhs16_1247--udt310,parquet_residential_short_202512_res_MI,178848-1.parquet,79
uhs16_1247--udt310,parquet_residential_short_202512_res_MI,178924-1.parquet,12
uhs16_1247--udt310,parquet_residential_short_202512_res_MI,179061-1.parquet,189
uhs16_1247--udt310,parquet_residential_short_202512_res_MI,179402-1.parquet,1
uhs16_1247--udt310,parquet_residential_short_202512_res_MI,179991-1.parquet,3
uhs16_1247--udt310,parquet_residential_short_202512_res_MI,180563-1.parquet,25
uhs16_1247--udt310,parquet_residential_short_202512_res_MI,181066-1.parquet,3
uhs16_1247--udt310,parquet_residential_short_202512_res_MI,189827-1.parquet,1
uhs16_1247--udt310,parquet_residential_short_202512_res_MI,193304-1.parquet,16
uhs16_1247--udt310,parquet_residential_short_202512_res_MI,195848-1.parquet,8
uhs16_1247--udt310,parquet_residential_short_202512_res_MI,204257-1.parquet,12
uhs16_1247--udt310,parquet_residential_short_202512_res_MI,211600-1.parquet,1
uhs16_1247--udt310,parquet_residential_short_202512_res_MI,211618-1.parquet,1
uhs16_1247--udt310,parquet_residential_short_202512_res_MI,213050-1.parquet,1
uhs16_1247--udt310,parquet_residential_short_202512_res_MI,218749-1.parquet,1
uhs16_1247--udt310,parquet_residential_short_202512_res_MI,219061-1.parquet,2
uhs16_1247--udt310,parquet_residential_short_202512_res_MI,224704-1.parquet,135
uhs16_1247--udt310,parquet_residential_short_202512_res_MI,229456-1.parquet,4
uhs16_1247--udt310,parquet_residential_short_202512_res_MI,229902-1.parquet,1
uhs16_1247--udt310,parquet_residential_short_202512_res_MI,231438-1.parquet,1
uhs16_1247--udt310,parquet_residential_short_202512_res_MI,240169-1.parquet,1
uhs16_1247--udt310,parquet_residential_short_202512_res_MI,240521-1.parquet,1
uhs16_1247--udt310,parquet_residential_short_202512_res_MI,255062-1.parquet,7
uhs16_1247--udt310,parquet_residential_short_202512_res_MI,256339-1.parquet,3
uhs16_1247--udt310,parquet_residential_short_202512_res_MI,25790-1.parquet,13
uhs16_1247--udt310,parquet_residential_short_202512_res_MI,263197-1.parquet,3
uhs16_1247--udt310,parquet_residential_short_202512_res_MI,26343-1.parquet,10
uhs16_1247--udt310,parquet_residential_short_202512_res_MI,275115-1.parquet,9
uhs16_1247--udt310,parquet_residential_short_202512_res_MI,275600-1.parquet,3
uhs16_1247--udt310,parquet_residential_short_202512_res_MI,275669-1.parquet,1
uhs16_1247--udt310,parquet_residential_short_202512_res_MI,277511-1.parquet,1
uhs16_1247--udt310,parquet_residential_short_202512_res_MI,278143-1.parquet,3
uhs16_1247--udt310,parquet_residential_short_202512_res_MI,285678-1.parquet,1
uhs16_1247--udt310,parquet_residential_short_202512_res_MI,292113-1.parquet,1
uhs16_1247--udt310,parquet_residential_short_202512_res_MI,305049-1.parquet,6
uhs16_1247--udt310,parquet_residential_short_202512_res_MI,31043-1.parquet,2
uhs16_1247--udt310,parquet_residential_short_202512_res_MI,316670-1.parquet,1
uhs16_1247--udt310,parquet_residential_short_202512_res_MI,317135-1.parquet,2
uhs16_1247--udt310,parquet_residential_short_202512_res_MI,317368-1.parquet,3
uhs16_1247--udt310,parquet_residential_short_202512_res_MI,320231-1.parquet,1
uhs16_1247--udt310,parquet_residential_short_202512_res_MI,329472-1.parquet,6
uhs16_1247--udt310,parquet_residential_short_202512_res_MI,329529-1.parquet,1
uhs16_1247--udt310,parquet_residential_short_202512_res_MI,330999-1.parquet,109
uhs16_1247--udt310,parquet_residential_short_202512_res_MI,331207-1.parquet,4
uhs16_1247--udt310,parquet_residential_short_202512_res_MI,331355-1.parquet,1
uhs16_1247--udt310,parquet_residential_short_202512_res_MI,334073-1.parquet,74
uhs16_1247--udt310,parquet_residential_short_202512_res_MI,335327-1.parquet,1
uhs16_1247--udt310,parquet_residential_short_202512_res_MI,344633-1.parquet,3
uhs16_1247--udt310,parquet_residential_short_202512_res_MI,346477-1.parquet,3
uhs16_1247--udt310,parquet_residential_short_202512_res_MI,354403-1.parquet,1
uhs16_1247--udt310,parquet_residential_short_202512_res_MI,361783-1.parquet,43
uhs16_1247--udt310,parquet_residential_short_202512_res_MI,365825-1.parquet,4
uhs16_1247--udt310,parquet_residential_short_202512_res_MI,368387-1.parquet,2
uhs16_1247--udt310,parquet_residential_short_202512_res_MI,368438-1.parquet,4
uhs16_1247--udt310,parquet_residential_short_202512_res_MI,370010-1.parquet,5
uhs16_1247--udt310,parquet_residential_short_202512_res_MI,378338-1.parquet,36
uhs16_1247--udt310,parquet_residential_short_202512_res_MI,380296-1.parquet,18
uhs16_1247--udt310,parquet_residential_short_202512_res_MI,381828-1.parquet,3
uhs16_1247--udt310,parquet_residential_short_202512_res_MI,381867-1.parquet,1
uhs16_1247--udt310,parquet_residential_short_202512_res_MI,392142-1.parquet,11
uhs16_1247--udt310,parquet_residential_short_202512_res_MI,39539-1.parquet,2
uhs16_1247--udt310,parquet_residential_short_202512_res_MI,395863-1.parquet,1
uhs16_1247--udt310,parquet_residential_short_202512_res_MI,400912-1.parquet,21
uhs16_1247--udt310,parquet_residential_short_202512_res_MI,409398-1.parquet,8
uhs16_1247--udt310,parquet_residential_short_202512_res_MI,411616-1.parquet,27
uhs16_1247--udt310,parquet_residential_short_202512_res_MI,412179-1.parquet,1
uhs16_1247--udt310,parquet_residential_short_202512_res_MI,418555-1.parquet,1
uhs16_1247--udt310,parquet_residential_short_202512_res_MI,421729-1.parquet,70
uhs16_1247--udt310,parquet_residential_short_202512_res_MI,426204-1.parquet,6
uhs16_1247--udt310,parquet_residential_short_202512_res_MI,432811-1.parquet,1
uhs16_1247--udt310,parquet_residential_short_202512_res_MI,433379-1.parquet,2
uhs16_1247--udt310,parquet_residential_short_202512_res_MI,436629-1.parquet,7
uhs16_1247--udt310,parquet_residential_short_202512_res_MI,437871-1.parquet,41
uhs16_1247--udt310,parquet_residential_short_202512_res_MI,439442-1.parquet,1
uhs16_1247--udt310,parquet_residential_short_202512_res_MI,444065-1.parquet,13
uhs16_1247--udt310,parquet_residential_short_202512_res_MI,446161-1.parquet,56
uhs16_1247--udt310,parquet_residential_short_202512_res_MI,449958-1.parquet,7
uhs16_1247--udt310,parquet_residential_short_202512_res_MI,453782-1.parquet,2
uhs16_1247--udt310,parquet_residential_short_202512_res_MI,456195-1.parquet,1
uhs16_1247--udt310,parquet_residential_short_202512_res_MI,457273-1.parquet,2
uhs16_1247--udt310,parquet_residential_short_202512_res_MI,459710-1.parquet,3
uhs16_1247--udt310,parquet_residential_short_202512_res_MI,459832-1.parquet,3
uhs16_1247--udt310,parquet_residential_short_202512_res_MI,465693-1.parquet,3
uhs16_1247--udt310,parquet_residential_short_202512_res_MI,473383-1.parquet,6
uhs16_1247--udt310,parquet_residential_short_202512_res_MI,474345-1.parquet,2
uhs16_1247--udt310,parquet_residential_short_202512_res_MI,48368-1.parquet,5
uhs16_1247--udt310,parquet_residential_short_202512_res_MI,485286-1.parquet,8
uhs16_1247--udt310,parquet_residential_short_202512_res_MI,485537-1.parquet,1
uhs16_1247--udt310,parquet_residential_short_202512_res_MI,491904-1.parquet,30
uhs16_1247--udt310,parquet_residential_short_202512_res_MI,494108-1.parquet,9
uhs16_1247--udt310,parquet_residential_short_202512_res_MI,498993-1.parquet,4
uhs16_1247--udt310,parquet_residential_short_202512_res_MI,502032-1.parquet,9
uhs16_1247--udt310,parquet_residential_short_202512_res_MI,505391-1.parquet,7
uhs16_1247--udt310,parquet_residential_short_202512_res_MI,507422-1.parquet,2
uhs16_1247--udt310,parquet_residential_short_202512_res_MI,508330-1.parquet,13
uhs16_1247--udt310,parquet_residential_short_202512_res_MI,513814-1.parquet,11
uhs16_1247--udt310,parquet_residential_short_202512_res_MI,515788-1.parquet,2
uhs16_1247--udt310,parquet_residential_short_202512_res_MI,519249-1.parquet,1
uhs16_1247--udt310,parquet_residential_short_202512_res_MI,521610-1.parquet,1
uhs16_1247--udt310,parquet_residential_short_202512_res_MI,523472-1.parquet,1
uhs16_1247--udt310,parquet_residential_short_202512_res_MI,525496-1.parquet,2
uhs16_1247--udt310,parquet_residential_short_202512_res_MI,526776-1.parquet,1
uhs16_1247--udt310,parquet_residential_short_202512_res_MI,530245-1.parquet,2
uhs16_1247--udt310,parquet_residential_short_202512_res_MI,531930-1.parquet,1
uhs16_1247--udt310,parquet_residential_short_202512_res_MI,533319-1.parquet,5
uhs16_1247--udt310,parquet_residential_short_202512_res_MI,53721-1.parquet,1
uhs16_1247--udt310,parquet_residential_short_202512_res_MI,538350-1.parquet,16
uhs16_1247--udt310,parquet_residential_short_202512_res_MI,549574-1.parquet,6
uhs16_1247--udt310,parquet_residential_short_202512_res_MI,55789-1.parquet,1
uhs16_1247--udt310,parquet_residential_short_202512_res_MI,60207-1.parquet,7
uhs16_1247--udt310,parquet_residential_short_202512_res_MI,74525-1.parquet,1
uhs16_1247--udt310,parquet_residential_short_202512_res_MI,78734-1.parquet,1
uhs16_1247--udt310,parquet_residential_short_202512_res_MI,8111-1.parquet,7
uhs16_1247--udt310,parquet_residential_short_202512_res_MI,83885-1.parquet,15
uhs16_1247--udt310,parquet_residential_short_202512_res_MI,90350-1.parquet,4
uhs16_1247--udt310,parquet_residential_short_202512_res_MI,92876-1.parquet,2
uhs16_1247--udt310,parquet_residential_short_202512_res_MI,95747-1.parquet,3
uhs17_1247--udt6592,parquet_commercial_202512_comm_MI,157688-1.parquet,1
uhs17_1247--udt6592,parquet_commercial_202512_comm_MI,157810-1.parquet,3
uhs17_1247--udt6592,parquet_commercial_202512_comm_MI,157823-1.parquet,11
uhs17_1247--udt6592,parquet_commercial_202512_comm_MI,158365-1.parquet,2
uhs17_1247--udt6592,parquet_commercial_202512_comm_MI,158456-1.parquet,3
uhs17_1247--udt6592,parquet_commercial_202512_comm_MI,158460-1.parquet,3
uhs17_1247--udt6592,parquet_commercial_202512_comm_MI,158603-1.parquet,1
uhs17_1247--udt6592,parquet_commercial_202512_comm_MI,158624-1.parquet,1
uhs17_1247--udt6592,parquet_commercial_202512_comm_MI,158634-1.parquet,3
uhs17_1247--udt6592,parquet_commercial_202512_comm_MI,158935-1.parquet,1
uhs17_1247--udt6592,parquet_commercial_202512_comm_MI,159485-1.parquet,16
uhs17_1247--udt6592,parquet_commercial_202512_comm_MI,159799-8.parquet,1
uhs17_1247--udt6592,parquet_commercial_202512_comm_MI,160078-1.parquet,8
uhs17_1247--udt6592,parquet_commercial_202512_comm_MI,160365-1.parquet,1
uhs17_1247--udt6592,parquet_commercial_202512_comm_MI,160529-1.parquet,5
uhs17_1247--udt6592,parquet_commercial_202512_comm_MI,160562-1.parquet,2
uhs17_1247--udt6592,parquet_commercial_202512_comm_MI,160627-1.parquet,1
uhs17_1247--udt6592,parquet_commercial_202512_comm_MI,160673-1.parquet,1
uhs17_1247--udt6592,parquet_commercial_202512_comm_MI,160870-1.parquet,1
uhs17_1247--udt6592,parquet_commercial_202512_comm_MI,161119-8.parquet,1
uhs17_1247--udt6592,parquet_commercial_202512_comm_MI,161134-1.parquet,5
uhs17_1247--udt6592,parquet_commercial_202512_comm_MI,161275-1.parquet,1
uhs17_1247--udt6592,parquet_commercial_202512_comm_MI,161632-1.parquet,1
uhs17_1247--udt6592,parquet_commercial_202512_comm_MI,161940-1.parquet,1
uhs17_1247--udt6592,parquet_commercial_202512_comm_MI,162093-1.parquet,2
uhs17_1247--udt6592,parquet_commercial_202512_comm_MI,162172-1.parquet,1
uhs17_1247--udt6592,parquet_commercial_202512_comm_MI,162280-1.parquet,1
uhs17_1247--udt6592,parquet_commercial_202512_comm_MI,162281-8.parquet,1
uhs17_1247--udt6592,parquet_commercial_202512_comm_MI,162616-1.parquet,1
uhs17_1247--udt6592,parquet_commercial_202512_comm_MI,162850-1.parquet,2
uhs17_1247--udt6592,parquet_commercial_202512_comm_MI,163035-1.parquet,4
uhs17_1247--udt6592,parquet_commercial_202512_comm_MI,163365-1.parquet,2
uhs17_1247--udt6592,parquet_commercial_202512_comm_MI,163497-1.parquet,1
uhs17_1247--udt6592,parquet_commercial_202512_comm_MI,163559-1.parquet,7
uhs17_1247--udt6592,parquet_commercial_202512_comm_MI,163919-1.parquet,1
uhs17_1247--udt6592,parquet_commercial_202512_comm_MI,164450-1.parquet,1
uhs17_1247--udt6592,parquet_commercial_202512_comm_MI,164464-1.parquet,1
uhs17_1247--udt6592,parquet_commercial_202512_comm_MI,164606-1.parquet,3
uhs17_1247--udt6592,parquet_commercial_202512_comm_MI,164677-1.parquet,1
uhs17_1247--udt6592,parquet_commercial_202512_comm_MI,164742-1.parquet,2
uhs17_1247--udt6592,parquet_commercial_202512_comm_MI,164743-1.parquet,1
uhs17_1247--udt6592,parquet_commercial_202512_comm_MI,164928-8.parquet,10
uhs17_1247--udt6592,parquet_commercial_202512_comm_MI,164945-8.parquet,1
uhs17_1247--udt6592,parquet_commercial_202512_comm_MI,165336-1.parquet,1
uhs17_1247--udt6592,parquet_commercial_202512_comm_MI,165376-1.parquet,1
uhs17_1247--udt6592,parquet_commercial_202512_comm_MI,165531-8.parquet,1
uhs17_1247--udt6592,parquet_commercial_202512_comm_MI,165786-1.parquet,2
uhs17_1247--udt6592,parquet_commercial_202512_comm_MI,166182-1.parquet,1
uhs17_1247--udt6592,parquet_commercial_202512_comm_MI,166183-1.parquet,6
uhs17_1247--udt6592,parquet_commercial_202512_comm_MI,166262-1.parquet,1
uhs17_1247--udt6592,parquet_commercial_202512_comm_MI,166339-1.parquet,1
uhs17_1247--udt6592,parquet_commercial_202512_comm_MI,166609-1.parquet,1
uhs17_1247--udt6592,parquet_commercial_202512_comm_MI,166622-1.parquet,1
uhs17_1247--udt6592,parquet_commercial_202512_comm_MI,166676-1.parquet,1
uhs17_1247--udt6592,parquet_commercial_202512_comm_MI,166744-1.parquet,1
uhs17_1247--udt6592,parquet_commercial_202512_comm_MI,166998-1.parquet,2
uhs17_1247--udt6592,parquet_commercial_202512_comm_MI,167209-1.parquet,1
uhs17_1247--udt6592,parquet_commercial_202512_comm_MI,167267-1.parquet,1
uhs17_1247--udt6592,parquet_commercial_202512_comm_MI,167273-1.parquet,2
uhs17_1247--udt6592,parquet_commercial_202512_comm_MI,167309-1.parquet,1
uhs17_1247--udt6592,parquet_commercial_202512_comm_MI,167455-1.parquet,1
uhs17_1247--udt6592,parquet_commercial_202512_comm_MI,167535-1.parquet,1
uhs17_1247--udt6592,parquet_commercial_202512_comm_MI,167767-1.parquet,1
uhs17_1247--udt6592,parquet_commercial_202512_comm_MI,167908-1.parquet,1
uhs17_1247--udt6592,parquet_commercial_202512_comm_MI,167919-1.parquet,1
uhs17_1247--udt6592,parquet_commercial_202512_comm_MI,167937-1.parquet,1
uhs17_1247--udt6592,parquet_commercial_202512_comm_MI,167948-1.parquet,1
uhs17_1247--udt6592,parquet_commercial_202512_comm_MI,168053-1.parquet,1
uhs17_1247--udt6592,parquet_commercial_202512_comm_MI,168388-1.parquet,1
uhs17_1247--udt6592,parquet_commercial_202512_comm_MI,168555-1.parquet,2
uhs17_1247--udt6592,parquet_commercial_202512_comm_MI,168680-1.parquet,1
uhs17_1247--udt6592,parquet_commercial_202512_comm_MI,168682-1.parquet,1
uhs17_1247--udt6592,parquet_commercial_202512_comm_MI,168695-8.parquet,1
uhs17_1247--udt6592,parquet_commercial_202512_comm_MI,169316-1.parquet,2
uhs17_1247--udt6592,parquet_commercial_202512_comm_MI,169412-1.parquet,1
uhs17_1247--udt6592,parquet_commercial_202512_comm_MI,169471-1.parquet,1
uhs17_1247--udt6592,parquet_commercial_202512_comm_MI,169593-1.parquet,2
uhs17_1247--udt6592,parquet_commercial_202512_comm_MI,169601-8.parquet,1
uhs17_1247--udt6592,parquet_commercial_202512_comm_MI,169634-1.parquet,1
uhs17_1247--udt6592,parquet_commercial_202512_comm_MI,169655-1.parquet,2
uhs17_1247--udt6592,parquet_commercial_202512_comm_MI,169680-1.parquet,3
uhs17_1247--udt6592,parquet_commercial_202512_comm_MI,169748-1.parquet,1
uhs17_1247--udt6592,parquet_commercial_202512_comm_MI,169782-1.parquet,1
uhs17_1247--udt6592,parquet_commercial_202512_comm_MI,170028-1.parquet,1
uhs17_1247--udt6592,parquet_residential_short_202512_res_MI,10381-1.parquet,4
uhs17_1247--udt6592,parquet_residential_short_202512_res_MI,110028-1.parquet,2
uhs17_1247--udt6592,parquet_residential_short_202512_res_MI,111086-1.parquet,1
uhs17_1247--udt6592,parquet_residential_short_202512_res_MI,11278-1.parquet,3
uhs17_1247--udt6592,parquet_residential_short_202512_res_MI,113255-1.parquet,3
uhs17_1247--udt6592,parquet_residential_short_202512_res_MI,113495-1.parquet,1
uhs17_1247--udt6592,parquet_residential_short_202512_res_MI,11596-1.parquet,3
uhs17_1247--udt6592,parquet_residential_short_202512_res_MI,116219-1.parquet,4
uhs17_1247--udt6592,parquet_residential_short_202512_res_MI,118404-1.parquet,61
uhs17_1247--udt6592,parquet_residential_short_202512_res_MI,129893-1.parquet,3
uhs17_1247--udt6592,parquet_residential_short_202512_res_MI,134138-1.parquet,4
uhs17_1247--udt6592,parquet_residential_short_202512_res_MI,141664-1.parquet,6
uhs17_1247--udt6592,parquet_residential_short_202512_res_MI,14251-1.parquet,4
uhs17_1247--udt6592,parquet_residential_short_202512_res_MI,144380-1.parquet,2
uhs17_1247--udt6592,parquet_residential_short_202512_res_MI,145104-1.parquet,8
uhs17_1247--udt6592,parquet_residential_short_202512_res_MI,145237-1.parquet,1
uhs17_1247--udt6592,parquet_residential_short_202512_res_MI,15283-1.parquet,7
uhs17_1247--udt6592,parquet_residential_short_202512_res_MI,158553-1.parquet,1
uhs17_1247--udt6592,parquet_residential_short_202512_res_MI,163888-1.parquet,16
uhs17_1247--udt6592,parquet_residential_short_202512_res_MI,163929-1.parquet,32
uhs17_1247--udt6592,parquet_residential_short_202512_res_MI,169556-1.parquet,3
uhs17_1247--udt6592,parquet_residential_short_202512_res_MI,178848-1.parquet,173
uhs17_1247--udt6592,parquet_residential_short_202512_res_MI,178924-1.parquet,38
uhs17_1247--udt6592,parquet_residential_short_202512_res_MI,179061-1.parquet,171
uhs17_1247--udt6592,parquet_residential_short_202512_res_MI,179402-1.parquet,7
uhs17_1247--udt6592,parquet_residential_short_202512_res_MI,179991-1.parquet,3
uhs17_1247--udt6592,parquet_residential_short_202512_res_MI,181066-1.parquet,3
uhs17_1247--udt6592,parquet_residential_short_202512_res_MI,189827-1.parquet,1
uhs17_1247--udt6592,parquet_residential_short_202512_res_MI,193304-1.parquet,14
uhs17_1247--udt6592,parquet_residential_short_202512_res_MI,195848-1.parquet,6
uhs17_1247--udt6592,parquet_residential_short_202512_res_MI,202225-1.parquet,4
uhs17_1247--udt6592,parquet_residential_short_202512_res_MI,205005-1.parquet,2
uhs17_1247--udt6592,parquet_residential_short_202512_res_MI,206690-1.parquet,6
uhs17_1247--udt6592,parquet_residential_short_202512_res_MI,208625-1.parquet,1
uhs17_1247--udt6592,parquet_residential_short_202512_res_MI,211600-1.parquet,1
uhs17_1247--udt6592,parquet_residential_short_202512_res_MI,211618-1.parquet,5
uhs17_1247--udt6592,parquet_residential_short_202512_res_MI,213050-1.parquet,1
uhs17_1247--udt6592,parquet_residential_short_202512_res_MI,219061-1.parquet,10
uhs17_1247--udt6592,parquet_residential_short_202512_res_MI,219912-1.parquet,1
uhs17_1247--udt6592,parquet_residential_short_202512_res_MI,229456-1.parquet,7
uhs17_1247--udt6592,parquet_residential_short_202512_res_MI,231438-1.parquet,1
uhs17_1247--udt6592,parquet_residential_short_202512_res_MI,242004-1.parquet,21
uhs17_1247--udt6592,parquet_residential_short_202512_res_MI,252372-1.parquet,2
uhs17_1247--udt6592,parquet_residential_short_202512_res_MI,255062-1.parquet,29
uhs17_1247--udt6592,parquet_residential_short_202512_res_MI,256339-1.parquet,4
uhs17_1247--udt6592,parquet_residential_short_202512_res_MI,258760-1.parquet,1
uhs17_1247--udt6592,parquet_residential_short_202512_res_MI,263197-1.parquet,24
uhs17_1247--udt6592,parquet_residential_short_202512_res_MI,26343-1.parquet,8
uhs17_1247--udt6592,parquet_residential_short_202512_res_MI,275115-1.parquet,31
uhs17_1247--udt6592,parquet_residential_short_202512_res_MI,275600-1.parquet,2
uhs17_1247--udt6592,parquet_residential_short_202512_res_MI,277988-1.parquet,1
uhs17_1247--udt6592,parquet_residential_short_202512_res_MI,281826-1.parquet,2
uhs17_1247--udt6592,parquet_residential_short_202512_res_MI,282194-1.parquet,9
uhs17_1247--udt6592,parquet_residential_short_202512_res_MI,285678-1.parquet,9
uhs17_1247--udt6592,parquet_residential_short_202512_res_MI,292113-1.parquet,14
uhs17_1247--udt6592,parquet_residential_short_202512_res_MI,292202-1.parquet,1
uhs17_1247--udt6592,parquet_residential_short_202512_res_MI,300299-1.parquet,1
uhs17_1247--udt6592,parquet_residential_short_202512_res_MI,305049-1.parquet,1
uhs17_1247--udt6592,parquet_residential_short_202512_res_MI,308094-1.parquet,2
uhs17_1247--udt6592,parquet_residential_short_202512_res_MI,31043-1.parquet,14
uhs17_1247--udt6592,parquet_residential_short_202512_res_MI,316181-1.parquet,5
uhs17_1247--udt6592,parquet_residential_short_202512_res_MI,316670-1.parquet,2
uhs17_1247--udt6592,parquet_residential_short_202512_res_MI,317135-1.parquet,1
uhs17_1247--udt6592,parquet_residential_short_202512_res_MI,317368-1.parquet,3
uhs17_1247--udt6592,parquet_residential_short_202512_res_MI,329472-1.parquet,7
uhs17_1247--udt6592,parquet_residential_short_202512_res_MI,32956-1.parquet,2
uhs17_1247--udt6592,parquet_residential_short_202512_res_MI,331355-1.parquet,1
uhs17_1247--udt6592,parquet_residential_short_202512_res_MI,334073-1.parquet,172
uhs17_1247--udt6592,parquet_residential_short_202512_res_MI,335327-1.parquet,6
uhs17_1247--udt6592,parquet_residential_short_202512_res_MI,344633-1.parquet,3
uhs17_1247--udt6592,parquet_residential_short_202512_res_MI,345199-1.parquet,1
uhs17_1247--udt6592,parquet_residential_short_202512_res_MI,346477-1.parquet,9
uhs17_1247--udt6592,parquet_residential_short_202512_res_MI,34826-1.parquet,1
uhs17_1247--udt6592,parquet_residential_short_202512_res_MI,350694-1.parquet,1
uhs17_1247--udt6592,parquet_residential_short_202512_res_MI,361783-1.parquet,162
uhs17_1247--udt6592,parquet_residential_short_202512_res_MI,365825-1.parquet,1
uhs17_1247--udt6592,parquet_residential_short_202512_res_MI,368387-1.parquet,15
uhs17_1247--udt6592,parquet_residential_short_202512_res_MI,368438-1.parquet,1
uhs17_1247--udt6592,parquet_residential_short_202512_res_MI,370010-1.parquet,9
uhs17_1247--udt6592,parquet_residential_short_202512_res_MI,378338-1.parquet,41
uhs17_1247--udt6592,parquet_residential_short_202512_res_MI,380296-1.parquet,3
uhs17_1247--udt6592,parquet_residential_short_202512_res_MI,381867-1.parquet,16
uhs17_1247--udt6592,parquet_residential_short_202512_res_MI,383089-1.parquet,1
uhs17_1247--udt6592,parquet_residential_short_202512_res_MI,384283-1.parquet,1
uhs17_1247--udt6592,parquet_residential_short_202512_res_MI,392142-1.parquet,25
uhs17_1247--udt6592,parquet_residential_short_202512_res_MI,39516-1.parquet,1
uhs17_1247--udt6592,parquet_residential_short_202512_res_MI,395863-1.parquet,1
uhs17_1247--udt6592,parquet_residential_short_202512_res_MI,396717-1.parquet,1
uhs17_1247--udt6592,parquet_residential_short_202512_res_MI,400912-1.parquet,57
uhs17_1247--udt6592,parquet_residential_short_202512_res_MI,402675-1.parquet,2
uhs17_1247--udt6592,parquet_residential_short_202512_res_MI,411616-1.parquet,145
uhs17_1247--udt6592,parquet_residential_short_202512_res_MI,412179-1.parquet,2
uhs17_1247--udt6592,parquet_residential_short_202512_res_MI,414172-1.parquet,1
uhs17_1247--udt6592,parquet_residential_short_202512_res_MI,417744-1.parquet,4
uhs17_1247--udt6592,parquet_residential_short_202512_res_MI,418555-1.parquet,7
uhs17_1247--udt6592,parquet_residential_short_202512_res_MI,426204-1.parquet,28
uhs17_1247--udt6592,parquet_residential_short_202512_res_MI,430122-1.parquet,6
uhs17_1247--udt6592,parquet_residential_short_202512_res_MI,433000-1.parquet,1
uhs17_1247--udt6592,parquet_residential_short_202512_res_MI,433741-1.parquet,3
uhs17_1247--udt6592,parquet_residential_short_202512_res_MI,436629-1.parquet,34
uhs17_1247--udt6592,parquet_residential_short_202512_res_MI,437871-1.parquet,30
uhs17_1247--udt6592,parquet_residential_short_202512_res_MI,440127-1.parquet,1
uhs17_1247--udt6592,parquet_residential_short_202512_res_MI,441370-1.parquet,19
uhs17_1247--udt6592,parquet_residential_short_202512_res_MI,444065-1.parquet,11
uhs17_1247--udt6592,parquet_residential_short_202512_res_MI,449958-1.parquet,10
uhs17_1247--udt6592,parquet_residential_short_202512_res_MI,45070-1.parquet,1
uhs17_1247--udt6592,parquet_residential_short_202512_res_MI,453782-1.parquet,3
uhs17_1247--udt6592,parquet_residential_short_202512_res_MI,455633-1.parquet,2
uhs17_1247--udt6592,parquet_residential_short_202512_res_MI,457273-1.parquet,12
uhs17_1247--udt6592,parquet_residential_short_202512_res_MI,457563-1.parquet,1
uhs17_1247--udt6592,parquet_residential_short_202512_res_MI,459710-1.parquet,7
uhs17_1247--udt6592,parquet_residential_short_202512_res_MI,463711-1.parquet,1
uhs17_1247--udt6592,parquet_residential_short_202512_res_MI,464078-1.parquet,2
uhs17_1247--udt6592,parquet_residential_short_202512_res_MI,465000-1.parquet,6
uhs17_1247--udt6592,parquet_residential_short_202512_res_MI,465693-1.parquet,1
uhs17_1247--udt6592,parquet_residential_short_202512_res_MI,467658-1.parquet,3
uhs17_1247--udt6592,parquet_residential_short_202512_res_MI,472423-1.parquet,1
uhs17_1247--udt6592,parquet_residential_short_202512_res_MI,473383-1.parquet,8
uhs17_1247--udt6592,parquet_residential_short_202512_res_MI,474345-1.parquet,11
uhs17_1247--udt6592,parquet_residential_short_202512_res_MI,474857-1.parquet,1
uhs17_1247--udt6592,parquet_residential_short_202512_res_MI,48368-1.parquet,1
uhs17_1247--udt6592,parquet_residential_short_202512_res_MI,485286-1.parquet,5
uhs17_1247--udt6592,parquet_residential_short_202512_res_MI,485537-1.parquet,5
uhs17_1247--udt6592,parquet_residential_short_202512_res_MI,491904-1.parquet,17
uhs17_1247--udt6592,parquet_residential_short_202512_res_MI,492169-1.parquet,1
uhs17_1247--udt6592,parquet_residential_short_202512_res_MI,494108-1.parquet,6
uhs17_1247--udt6592,parquet_residential_short_202512_res_MI,498993-1.parquet,5
uhs17_1247--udt6592,parquet_residential_short_202512_res_MI,502032-1.parquet,9
uhs17_1247--udt6592,parquet_residential_short_202512_res_MI,505391-1.parquet,13
uhs17_1247--udt6592,parquet_residential_short_202512_res_MI,508330-1.parquet,98
uhs17_1247--udt6592,parquet_residential_short_202512_res_MI,509345-1.parquet,8
uhs17_1247--udt6592,parquet_residential_short_202512_res_MI,513814-1.parquet,22
uhs17_1247--udt6592,parquet_residential_short_202512_res_MI,519249-1.parquet,3
uhs17_1247--udt6592,parquet_residential_short_202512_res_MI,520323-1.parquet,1
uhs17_1247--udt6592,parquet_residential_short_202512_res_MI,521610-1.parquet,6
uhs17_1247--udt6592,parquet_residential_short_202512_res_MI,525496-1.parquet,9
uhs17_1247--udt6592,parquet_residential_short_202512_res_MI,526776-1.parquet,2
uhs17_1247--udt6592,parquet_residential_short_202512_res_MI,529961-1.parquet,2
uhs17_1247--udt6592,parquet_residential_short_202512_res_MI,530429-1.parquet,1
uhs17_1247--udt6592,parquet_residential_short_202512_res_MI,533319-1.parquet,12
uhs17_1247--udt6592,parquet_residential_short_202512_res_MI,53721-1.parquet,4
uhs17_1247--udt6592,parquet_residential_short_202512_res_MI,538350-1.parquet,19
uhs17_1247--udt6592,parquet_residential_short_202512_res_MI,540993-1.parquet,2
uhs17_1247--udt6592,parquet_residential_short_202512_res_MI,544131-1.parquet,2
uhs17_1247--udt6592,parquet_residential_short_202512_res_MI,546177-1.parquet,1
uhs17_1247--udt6592,parquet_residential_short_202512_res_MI,54618-1.parquet,1
uhs17_1247--udt6592,parquet_residential_short_202512_res_MI,549574-1.parquet,4
uhs17_1247--udt6592,parquet_residential_short_202512_res_MI,73789-1.parquet,2
uhs17_1247--udt6592,parquet_residential_short_202512_res_MI,74525-1.parquet,10
uhs17_1247--udt6592,parquet_residential_short_202512_res_MI,8111-1.parquet,12
uhs17_1247--udt6592,parquet_residential_short_202512_res_MI,82218-1.parquet,3
uhs17_1247--udt6592,parquet_residential_short_202512_res_MI,83885-1.parquet,7
uhs17_1247--udt6592,parquet_residential_short_202512_res_MI,84894-1.parquet,1
uhs17_1247--udt6592,parquet_residential_short_202512_res_MI,90350-1.parquet,6
uhs17_1247--udt6592,parquet_residential_short_202512_res_MI,92876-1.parquet,14
uhs17_1247--udt6592,parquet_residential_short_202512_res_MI,95747-1.parquet,2
uhs17_1247--udt9551,parquet_commercial_202512_comm_MI,157688-1.parquet,1
uhs17_1247--udt9551,parquet_commercial_202512_comm_MI,157760-1.parquet,1
uhs17_1247--udt9551,parquet_commercial_202512_comm_MI,157823-1.parquet,7
uhs17_1247--udt9551,parquet_commercial_202512_comm_MI,158144-8.parquet,2
uhs17_1247--udt9551,parquet_commercial_202512_comm_MI,158147-1.parquet,1
uhs17_1247--udt9551,parquet_commercial_202512_comm_MI,158188-1.parquet,1
uhs17_1247--udt9551,parquet_commercial_202512_comm_MI,158365-1.parquet,1
uhs17_1247--udt9551,parquet_commercial_202512_comm_MI,158456-1.parquet,1
uhs17_1247--udt9551,parquet_commercial_202512_comm_MI,158460-1.parquet,5
uhs17_1247--udt9551,parquet_commercial_202512_comm_MI,158634-1.parquet,4
uhs17_1247--udt9551,parquet_commercial_202512_comm_MI,158712-1.parquet,1
uhs17_1247--udt9551,parquet_commercial_202512_comm_MI,158715-1.parquet,1
uhs17_1247--udt9551,parquet_commercial_202512_comm_MI,158829-1.parquet,1
uhs17_1247--udt9551,parquet_commercial_202512_comm_MI,159032-8.parquet,1
uhs17_1247--udt9551,parquet_commercial_202512_comm_MI,159081-8.parquet,1
uhs17_1247--udt9551,parquet_commercial_202512_comm_MI,159114-1.parquet,3
uhs17_1247--udt9551,parquet_commercial_202512_comm_MI,159146-1.parquet,1
uhs17_1247--udt9551,parquet_commercial_202512_comm_MI,159322-1.parquet,1
uhs17_1247--udt9551,parquet_commercial_202512_comm_MI,159326-1.parquet,1
uhs17_1247--udt9551,parquet_commercial_202512_comm_MI,159409-1.parquet,1
uhs17_1247--udt9551,parquet_commercial_202512_comm_MI,159476-1.parquet,1
uhs17_1247--udt9551,parquet_commercial_202512_comm_MI,159485-1.parquet,6
uhs17_1247--udt9551,parquet_commercial_202512_comm_MI,159799-8.parquet,4
uhs17_1247--udt9551,parquet_commercial_202512_comm_MI,160078-1.parquet,7
uhs17_1247--udt9551,parquet_commercial_202512_comm_MI,160365-1.parquet,1
uhs17_1247--udt9551,parquet_commercial_202512_comm_MI,160423-1.parquet,1
uhs17_1247--udt9551,parquet_commercial_202512_comm_MI,160477-1.parquet,1
uhs17_1247--udt9551,parquet_commercial_202512_comm_MI,160529-1.parquet,6
uhs17_1247--udt9551,parquet_commercial_202512_comm_MI,160673-1.parquet,1
uhs17_1247--udt9551,parquet_commercial_202512_comm_MI,160747-1.parquet,1
uhs17_1247--udt9551,parquet_commercial_202512_comm_MI,160949-1.parquet,1
uhs17_1247--udt9551,parquet_commercial_202512_comm_MI,161130-1.parquet,1
uhs17_1247--udt9551,parquet_commercial_202512_comm_MI,161150-1.parquet,1
uhs17_1247--udt9551,parquet_commercial_202512_comm_MI,161275-1.parquet,1
uhs17_1247--udt9551,parquet_commercial_202512_comm_MI,161325-1.parquet,1
uhs17_1247--udt9551,parquet_commercial_202512_comm_MI,161632-1.parquet,2
uhs17_1247--udt9551,parquet_commercial_202512_comm_MI,161866-1.parquet,1
uhs17_1247--udt9551,parquet_commercial_202512_comm_MI,161969-1.parquet,1
uhs17_1247--udt9551,parquet_commercial_202512_comm_MI,162590-8.parquet,4
uhs17_1247--udt9551,parquet_commercial_202512_comm_MI,162646-8.parquet,1
uhs17_1247--udt9551,parquet_commercial_202512_comm_MI,163214-8.parquet,1
uhs17_1247--udt9551,parquet_commercial_202512_comm_MI,163378-1.parquet,1
uhs17_1247--udt9551,parquet_commercial_202512_comm_MI,163403-1.parquet,1
uhs17_1247--udt9551,parquet_commercial_202512_comm_MI,163559-1.parquet,4
uhs17_1247--udt9551,parquet_commercial_202512_comm_MI,163839-1.parquet,1
uhs17_1247--udt9551,parquet_commercial_202512_comm_MI,163891-1.parquet,1
uhs17_1247--udt9551,parquet_commercial_202512_comm_MI,164450-1.parquet,1
uhs17_1247--udt9551,parquet_commercial_202512_comm_MI,164606-1.parquet,3
uhs17_1247--udt9551,parquet_commercial_202512_comm_MI,164675-8.parquet,1
uhs17_1247--udt9551,parquet_commercial_202512_comm_MI,164928-8.parquet,7
uhs17_1247--udt9551,parquet_commercial_202512_comm_MI,164945-8.parquet,1
uhs17_1247--udt9551,parquet_commercial_202512_comm_MI,165083-1.parquet,1
uhs17_1247--udt9551,parquet_commercial_202512_comm_MI,165166-1.parquet,1
uhs17_1247--udt9551,parquet_commercial_202512_comm_MI,165224-1.parquet,1
uhs17_1247--udt9551,parquet_commercial_202512_comm_MI,165246-1.parquet,1
uhs17_1247--udt9551,parquet_commercial_202512_comm_MI,165336-1.parquet,1
uhs17_1247--udt9551,parquet_commercial_202512_comm_MI,165786-1.parquet,2
uhs17_1247--udt9551,parquet_commercial_202512_comm_MI,165914-1.parquet,1
uhs17_1247--udt9551,parquet_commercial_202512_comm_MI,166044-1.parquet,3
uhs17_1247--udt9551,parquet_commercial_202512_comm_MI,166182-1.parquet,1
uhs17_1247--udt9551,parquet_commercial_202512_comm_MI,166183-1.parquet,2
uhs17_1247--udt9551,parquet_commercial_202512_comm_MI,166339-1.parquet,2
uhs17_1247--udt9551,parquet_commercial_202512_comm_MI,166676-1.parquet,6
uhs17_1247--udt9551,parquet_commercial_202512_comm_MI,166814-1.parquet,1
uhs17_1247--udt9551,parquet_commercial_202512_comm_MI,166958-1.parquet,1
uhs17_1247--udt9551,parquet_commercial_202512_comm_MI,166998-1.parquet,1
uhs17_1247--udt9551,parquet_commercial_202512_comm_MI,167209-1.parquet,3
uhs17_1247--udt9551,parquet_commercial_202512_comm_MI,167382-1.parquet,1
uhs17_1247--udt9551,parquet_commercial_202512_comm_MI,167455-1.parquet,1
uhs17_1247--udt9551,parquet_commercial_202512_comm_MI,167614-1.parquet,1
uhs17_1247--udt9551,parquet_commercial_202512_comm_MI,167908-1.parquet,1
uhs17_1247--udt9551,parquet_commercial_202512_comm_MI,167937-1.parquet,1
uhs17_1247--udt9551,parquet_commercial_202512_comm_MI,168053-1.parquet,1
uhs17_1247--udt9551,parquet_commercial_202512_comm_MI,168193-1.parquet,1
uhs17_1247--udt9551,parquet_commercial_202512_comm_MI,168324-1.parquet,1
uhs17_1247--udt9551,parquet_commercial_202512_comm_MI,168555-1.parquet,1
uhs17_1247--udt9551,parquet_commercial_202512_comm_MI,168682-1.parquet,1
uhs17_1247--udt9551,parquet_commercial_202512_comm_MI,168901-1.parquet,2
uhs17_1247--udt9551,parquet_commercial_202512_comm_MI,169006-1.parquet,1
uhs17_1247--udt9551,parquet_commercial_202512_comm_MI,169159-1.parquet,1
uhs17_1247--udt9551,parquet_commercial_202512_comm_MI,169293-1.parquet,1
uhs17_1247--udt9551,parquet_commercial_202512_comm_MI,169316-1.parquet,3
uhs17_1247--udt9551,parquet_commercial_202512_comm_MI,169331-1.parquet,1
uhs17_1247--udt9551,parquet_commercial_202512_comm_MI,169349-1.parquet,1
uhs17_1247--udt9551,parquet_commercial_202512_comm_MI,169593-1.parquet,1
uhs17_1247--udt9551,parquet_commercial_202512_comm_MI,169644-1.parquet,1
uhs17_1247--udt9551,parquet_commercial_202512_comm_MI,169680-1.parquet,1
uhs17_1247--udt9551,parquet_commercial_202512_comm_MI,169748-1.parquet,1
uhs17_1247--udt9551,parquet_commercial_202512_comm_MI,169759-1.parquet,1
uhs17_1247--udt9551,parquet_commercial_202512_comm_MI,169773-1.parquet,1
uhs17_1247--udt9551,parquet_commercial_202512_comm_MI,169810-1.parquet,1
uhs17_1247--udt9551,parquet_commercial_202512_comm_MI,169898-1.parquet,1
uhs17_1247--udt9551,parquet_residential_short_202512_res_MI,10381-1.parquet,10
uhs17_1247--udt9551,parquet_residential_short_202512_res_MI,104079-1.parquet,1
uhs17_1247--udt9551,parquet_residential_short_202512_res_MI,113255-1.parquet,2
uhs17_1247--udt9551,parquet_residential_short_202512_res_MI,113495-1.parquet,2
uhs17_1247--udt9551,parquet_residential_short_202512_res_MI,11596-1.parquet,1
uhs17_1247--udt9551,parquet_residential_short_202512_res_MI,116219-1.parquet,2
uhs17_1247--udt9551,parquet_residential_short_202512_res_MI,118404-1.parquet,32
uhs17_1247--udt9551,parquet_residential_short_202512_res_MI,129893-1.parquet,1
uhs17_1247--udt9551,parquet_residential_short_202512_res_MI,144380-1.parquet,2
uhs17_1247--udt9551,parquet_residential_short_202512_res_MI,145104-1.parquet,2
uhs17_1247--udt9551,parquet_residential_short_202512_res_MI,15283-1.parquet,3
uhs17_1247--udt9551,parquet_residential_short_202512_res_MI,158553-1.parquet,2
uhs17_1247--udt9551,parquet_residential_short_202512_res_MI,161034-1.parquet,1
uhs17_1247--udt9551,parquet_residential_short_202512_res_MI,163888-1.parquet,3
uhs17_1247--udt9551,parquet_residential_short_202512_res_MI,163929-1.parquet,5
uhs17_1247--udt9551,parquet_residential_short_202512_res_MI,165775-1.parquet,1
uhs17_1247--udt9551,parquet_residential_short_202512_res_MI,174128-1.parquet,1
uhs17_1247--udt9551,parquet_residential_short_202512_res_MI,178848-1.parquet,64
uhs17_1247--udt9551,parquet_residential_short_202512_res_MI,178924-1.parquet,10
uhs17_1247--udt9551,parquet_residential_short_202512_res_MI,179061-1.parquet,61
uhs17_1247--udt9551,parquet_residential_short_202512_res_MI,179402-1.parquet,2
uhs17_1247--udt9551,parquet_residential_short_202512_res_MI,179991-1.parquet,2
uhs17_1247--udt9551,parquet_residential_short_202512_res_MI,181066-1.parquet,2
uhs17_1247--udt9551,parquet_residential_short_202512_res_MI,181568-1.parquet,1
uhs17_1247--udt9551,parquet_residential_short_202512_res_MI,193304-1.parquet,7
uhs17_1247--udt9551,parquet_residential_short_202512_res_MI,203104-1.parquet,1
uhs17_1247--udt9551,parquet_residential_short_202512_res_MI,205005-1.parquet,1
uhs17_1247--udt9551,parquet_residential_short_202512_res_MI,211618-1.parquet,1
uhs17_1247--udt9551,parquet_residential_short_202512_res_MI,213050-1.parquet,1
uhs17_1247--udt9551,parquet_residential_short_202512_res_MI,215616-1.parquet,2
uhs17_1247--udt9551,parquet_residential_short_202512_res_MI,218749-1.parquet,1
uhs17_1247--udt9551,parquet_residential_short_202512_res_MI,219061-1.parquet,3
uhs17_1247--udt9551,parquet_residential_short_202512_res_MI,229456-1.parquet,2
uhs17_1247--udt9551,parquet_residential_short_202512_res_MI,242004-1.parquet,9
uhs17_1247--udt9551,parquet_residential_short_202512_res_MI,255062-1.parquet,6
uhs17_1247--udt9551,parquet_residential_short_202512_res_MI,256339-1.parquet,1
uhs17_1247--udt9551,parquet_residential_short_202512_res_MI,25870-1.parquet,1
uhs17_1247--udt9551,parquet_residential_short_202512_res_MI,258760-1.parquet,1
uhs17_1247--udt9551,parquet_residential_short_202512_res_MI,26004-1.parquet,1
uhs17_1247--udt9551,parquet_residential_short_202512_res_MI,263197-1.parquet,5
uhs17_1247--udt9551,parquet_residential_short_202512_res_MI,26343-1.parquet,1
uhs17_1247--udt9551,parquet_residential_short_202512_res_MI,275115-1.parquet,7
uhs17_1247--udt9551,parquet_residential_short_202512_res_MI,277511-1.parquet,1
uhs17_1247--udt9551,parquet_residential_short_202512_res_MI,280750-1.parquet,3
uhs17_1247--udt9551,parquet_residential_short_202512_res_MI,281826-1.parquet,2
uhs17_1247--udt9551,parquet_residential_short_202512_res_MI,282194-1.parquet,6
uhs17_1247--udt9551,parquet_residential_short_202512_res_MI,285678-1.parquet,1
uhs17_1247--udt9551,parquet_residential_short_202512_res_MI,292113-1.parquet,3
uhs17_1247--udt9551,parquet_residential_short_202512_res_MI,29488-1.parquet,1
uhs17_1247--udt9551,parquet_residential_short_202512_res_MI,31043-1.parquet,2
uhs17_1247--udt9551,parquet_residential_short_202512_res_MI,31214-1.parquet,1
uhs17_1247--udt9551,parquet_residential_short_202512_res_MI,316670-1.parquet,2
uhs17_1247--udt9551,parquet_residential_short_202512_res_MI,317135-1.parquet,5
uhs17_1247--udt9551,parquet_residential_short_202512_res_MI,317368-1.parquet,3
uhs17_1247--udt9551,parquet_residential_short_202512_res_MI,32711-1.parquet,1
uhs17_1247--udt9551,parquet_residential_short_202512_res_MI,329472-1.parquet,8
uhs17_1247--udt9551,parquet_residential_short_202512_res_MI,32956-1.parquet,1
uhs17_1247--udt9551,parquet_residential_short_202512_res_MI,331207-1.parquet,1
uhs17_1247--udt9551,parquet_residential_short_202512_res_MI,334073-1.parquet,45
uhs17_1247--udt9551,parquet_residential_short_202512_res_MI,344633-1.parquet,1
uhs17_1247--udt9551,parquet_residential_short_202512_res_MI,361783-1.parquet,40
uhs17_1247--udt9551,parquet_residential_short_202512_res_MI,368387-1.parquet,10
uhs17_1247--udt9551,parquet_residential_short_202512_res_MI,370010-1.parquet,1
uhs17_1247--udt9551,parquet_residential_short_202512_res_MI,377543-1.parquet,1
uhs17_1247--udt9551,parquet_residential_short_202512_res_MI,378338-1.parquet,15
uhs17_1247--udt9551,parquet_residential_short_202512_res_MI,379240-1.parquet,1
uhs17_1247--udt9551,parquet_residential_short_202512_res_MI,381828-1.parquet,1
uhs17_1247--udt9551,parquet_residential_short_202512_res_MI,381867-1.parquet,3
uhs17_1247--udt9551,parquet_residential_short_202512_res_MI,392142-1.parquet,6
uhs17_1247--udt9551,parquet_residential_short_202512_res_MI,39539-1.parquet,2
uhs17_1247--udt9551,parquet_residential_short_202512_res_MI,395863-1.parquet,2
uhs17_1247--udt9551,parquet_residential_short_202512_res_MI,396717-1.parquet,1
uhs17_1247--udt9551,parquet_residential_short_202512_res_MI,400912-1.parquet,9
uhs17_1247--udt9551,parquet_residential_short_202512_res_MI,402675-1.parquet,1
uhs17_1247--udt9551,parquet_residential_short_202512_res_MI,405426-1.parquet,2
uhs17_1247--udt9551,parquet_residential_short_202512_res_MI,411616-1.parquet,32
uhs17_1247--udt9551,parquet_residential_short_202512_res_MI,418555-1.parquet,4
uhs17_1247--udt9551,parquet_residential_short_202512_res_MI,426204-1.parquet,5
uhs17_1247--udt9551,parquet_residential_short_202512_res_MI,433741-1.parquet,5
uhs17_1247--udt9551,parquet_residential_short_202512_res_MI,436629-1.parquet,4
uhs17_1247--udt9551,parquet_residential_short_202512_res_MI,437871-1.parquet,29
uhs17_1247--udt9551,parquet_residential_short_202512_res_MI,439442-1.parquet,2
uhs17_1247--udt9551,parquet_residential_short_202512_res_MI,441370-1.parquet,4
uhs17_1247--udt9551,parquet_residential_short_202512_res_MI,444065-1.parquet,12
uhs17_1247--udt9551,parquet_residential_short_202512_res_MI,449958-1.parquet,3
uhs17_1247--udt9551,parquet_residential_short_202512_res_MI,453782-1.parquet,1
uhs17_1247--udt9551,parquet_residential_short_202512_res_MI,455633-1.parquet,1
uhs17_1247--udt9551,parquet_residential_short_202512_res_MI,457273-1.parquet,3
uhs17_1247--udt9551,parquet_residential_short_202512_res_MI,457563-1.parquet,1
uhs17_1247--udt9551,parquet_residential_short_202512_res_MI,467658-1.parquet,3
uhs17_1247--udt9551,parquet_residential_short_202512_res_MI,473383-1.parquet,2
uhs17_1247--udt9551,parquet_residential_short_202512_res_MI,474345-1.parquet,4
uhs17_1247--udt9551,parquet_residential_short_202512_res_MI,48368-1.parquet,3
uhs17_1247--udt9551,parquet_residential_short_202512_res_MI,485286-1.parquet,5
uhs17_1247--udt9551,parquet_residential_short_202512_res_MI,485537-1.parquet,2
uhs17_1247--udt9551,parquet_residential_short_202512_res_MI,48737-1.parquet,2
uhs17_1247--udt9551,parquet_residential_short_202512_res_MI,491904-1.parquet,10
uhs17_1247--udt9551,parquet_residential_short_202512_res_MI,494108-1.parquet,7
uhs17_1247--udt9551,parquet_residential_short_202512_res_MI,498779-1.parquet,1
uhs17_1247--udt9551,parquet_residential_short_202512_res_MI,498993-1.parquet,1
uhs17_1247--udt9551,parquet_residential_short_202512_res_MI,502032-1.parquet,6
uhs17_1247--udt9551,parquet_residential_short_202512_res_MI,505391-1.parquet,5
uhs17_1247--udt9551,parquet_residential_short_202512_res_MI,505432-1.parquet,1
uhs17_1247--udt9551,parquet_residential_short_202512_res_MI,508330-1.parquet,17
uhs17_1247--udt9551,parquet_residential_short_202512_res_MI,509345-1.parquet,4
uhs17_1247--udt9551,parquet_residential_short_202512_res_MI,513814-1.parquet,4
uhs17_1247--udt9551,parquet_residential_short_202512_res_MI,520460-1.parquet,1
uhs17_1247--udt9551,parquet_residential_short_202512_res_MI,521610-1.parquet,1
uhs17_1247--udt9551,parquet_residential_short_202512_res_MI,523472-1.parquet,1
uhs17_1247--udt9551,parquet_residential_short_202512_res_MI,525496-1.parquet,1
uhs17_1247--udt9551,parquet_residential_short_202512_res_MI,527997-1.parquet,1
uhs17_1247--udt9551,parquet_residential_short_202512_res_MI,533319-1.parquet,7
uhs17_1247--udt9551,parquet_residential_short_202512_res_MI,53721-1.parquet,1
uhs17_1247--udt9551,parquet_residential_short_202512_res_MI,538350-1.parquet,14
uhs17_1247--udt9551,parquet_residential_short_202512_res_MI,549574-1.parquet,2
uhs17_1247--udt9551,parquet_residential_short_202512_res_MI,73789-1.parquet,2
uhs17_1247--udt9551,parquet_residential_short_202512_res_MI,74525-1.parquet,5
uhs17_1247--udt9551,parquet_residential_short_202512_res_MI,8111-1.parquet,4
uhs17_1247--udt9551,parquet_residential_short_202512_res_MI,82218-1.parquet,1
uhs17_1247--udt9551,parquet_residential_short_202512_res_MI,92876-1.parquet,4
uhs17_1247--udt9551,parquet_residential_short_202512_res_MI,95747-1.parquet,1
uhs18_1247--udt11616,parquet_commercial_202512_comm_MI,157688-1.parquet,2
uhs18_1247--udt11616,parquet_commercial_202512_comm_MI,157823-1.parquet,9
uhs18_1247--udt11616,parquet_commercial_202512_comm_MI,158073-1.parquet,1
uhs18_1247--udt11616,parquet_commercial_202512_comm_MI,158365-1.parquet,1
uhs18_1247--udt11616,parquet_commercial_202512_comm_MI,158374-1.parquet,1
uhs18_1247--udt11616,parquet_commercial_202512_comm_MI,158456-1.parquet,30
uhs18_1247--udt11616,parquet_commercial_202512_comm_MI,158460-1.parquet,91
uhs18_1247--udt11616,parquet_commercial_202512_comm_MI,158624-1.parquet,1
uhs18_1247--udt11616,parquet_commercial_202512_comm_MI,158634-1.parquet,1
uhs18_1247--udt11616,parquet_commercial_202512_comm_MI,158760-1.parquet,2
uhs18_1247--udt11616,parquet_commercial_202512_comm_MI,158832-1.parquet,1
uhs18_1247--udt11616,parquet_commercial_202512_comm_MI,159114-1.parquet,3
uhs18_1247--udt11616,parquet_commercial_202512_comm_MI,159326-1.parquet,1
uhs18_1247--udt11616,parquet_commercial_202512_comm_MI,159409-1.parquet,5
uhs18_1247--udt11616,parquet_commercial_202512_comm_MI,159485-1.parquet,4
uhs18_1247--udt11616,parquet_commercial_202512_comm_MI,159799-8.parquet,2
uhs18_1247--udt11616,parquet_commercial_202512_comm_MI,159841-1.parquet,12
uhs18_1247--udt11616,parquet_commercial_202512_comm_MI,159905-1.parquet,1
uhs18_1247--udt11616,parquet_commercial_202512_comm_MI,160044-8.parquet,1
uhs18_1247--udt11616,parquet_commercial_202512_comm_MI,160069-1.parquet,1
uhs18_1247--udt11616,parquet_commercial_202512_comm_MI,160078-1.parquet,3
uhs18_1247--udt11616,parquet_commercial_202512_comm_MI,160434-1.parquet,1
uhs18_1247--udt11616,parquet_commercial_202512_comm_MI,160477-1.parquet,2
uhs18_1247--udt11616,parquet_commercial_202512_comm_MI,160529-1.parquet,17
uhs18_1247--udt11616,parquet_commercial_202512_comm_MI,160562-1.parquet,2
uhs18_1247--udt11616,parquet_commercial_202512_comm_MI,160747-1.parquet,3
uhs18_1247--udt11616,parquet_commercial_202512_comm_MI,161054-1.parquet,1
uhs18_1247--udt11616,parquet_commercial_202512_comm_MI,161134-1.parquet,3
uhs18_1247--udt11616,parquet_commercial_202512_comm_MI,161150-1.parquet,1
uhs18_1247--udt11616,parquet_commercial_202512_comm_MI,161335-1.parquet,2
uhs18_1247--udt11616,parquet_commercial_202512_comm_MI,161632-1.parquet,1
uhs18_1247--udt11616,parquet_commercial_202512_comm_MI,161674-1.parquet,1
uhs18_1247--udt11616,parquet_commercial_202512_comm_MI,161724-1.parquet,1
uhs18_1247--udt11616,parquet_commercial_202512_comm_MI,161746-1.parquet,2
uhs18_1247--udt11616,parquet_commercial_202512_comm_MI,161825-1.parquet,1
uhs18_1247--udt11616,parquet_commercial_202512_comm_MI,161940-1.parquet,3
uhs18_1247--udt11616,parquet_commercial_202512_comm_MI,162012-1.parquet,1
uhs18_1247--udt11616,parquet_commercial_202512_comm_MI,162262-1.parquet,1
uhs18_1247--udt11616,parquet_commercial_202512_comm_MI,162280-1.parquet,1
uhs18_1247--udt11616,parquet_commercial_202512_comm_MI,162281-8.parquet,1
uhs18_1247--udt11616,parquet_commercial_202512_comm_MI,162590-8.parquet,1
uhs18_1247--udt11616,parquet_commercial_202512_comm_MI,162646-8.parquet,1
uhs18_1247--udt11616,parquet_commercial_202512_comm_MI,162648-1.parquet,2
uhs18_1247--udt11616,parquet_commercial_202512_comm_MI,162701-1.parquet,1
uhs18_1247--udt11616,parquet_commercial_202512_comm_MI,162763-1.parquet,2
uhs18_1247--udt11616,parquet_commercial_202512_comm_MI,162868-1.parquet,1
uhs18_1247--udt11616,parquet_commercial_202512_comm_MI,163035-1.parquet,5
uhs18_1247--udt11616,parquet_commercial_202512_comm_MI,163378-1.parquet,1
uhs18_1247--udt11616,parquet_commercial_202512_comm_MI,163392-1.parquet,1
uhs18_1247--udt11616,parquet_commercial_202512_comm_MI,163544-1.parquet,1
uhs18_1247--udt11616,parquet_commercial_202512_comm_MI,163559-1.parquet,3
uhs18_1247--udt11616,parquet_commercial_202512_comm_MI,163839-1.parquet,5
uhs18_1247--udt11616,parquet_commercial_202512_comm_MI,163891-1.parquet,1
uhs18_1247--udt11616,parquet_commercial_202512_comm_MI,163919-1.parquet,1
uhs18_1247--udt11616,parquet_commercial_202512_comm_MI,164001-8.parquet,1
uhs18_1247--udt11616,parquet_commercial_202512_comm_MI,164126-8.parquet,1
uhs18_1247--udt11616,parquet_commercial_202512_comm_MI,164128-1.parquet,1
uhs18_1247--udt11616,parquet_commercial_202512_comm_MI,164547-1.parquet,1
uhs18_1247--udt11616,parquet_commercial_202512_comm_MI,164606-1.parquet,2
uhs18_1247--udt11616,parquet_commercial_202512_comm_MI,164618-8.parquet,1
uhs18_1247--udt11616,parquet_commercial_202512_comm_MI,164724-1.parquet,1
uhs18_1247--udt11616,parquet_commercial_202512_comm_MI,164743-1.parquet,2
uhs18_1247--udt11616,parquet_commercial_202512_comm_MI,164928-8.parquet,6
uhs18_1247--udt11616,parquet_commercial_202512_comm_MI,164945-8.parquet,2
uhs18_1247--udt11616,parquet_commercial_202512_comm_MI,165069-1.parquet,1
uhs18_1247--udt11616,parquet_commercial_202512_comm_MI,165179-8.parquet,1
uhs18_1247--udt11616,parquet_commercial_202512_comm_MI,165224-1.parquet,1
uhs18_1247--udt11616,parquet_commercial_202512_comm_MI,165234-1.parquet,1
uhs18_1247--udt11616,parquet_commercial_202512_comm_MI,165251-1.parquet,1
uhs18_1247--udt11616,parquet_commercial_202512_comm_MI,165376-1.parquet,1
uhs18_1247--udt11616,parquet_commercial_202512_comm_MI,165460-1.parquet,1
uhs18_1247--udt11616,parquet_commercial_202512_comm_MI,165531-8.parquet,2
uhs18_1247--udt11616,parquet_commercial_202512_comm_MI,165799-1.parquet,1
uhs18_1247--udt11616,parquet_commercial_202512_comm_MI,166041-1.parquet,1
uhs18_1247--udt11616,parquet_commercial_202512_comm_MI,166044-1.parquet,1
uhs18_1247--udt11616,parquet_commercial_202512_comm_MI,166183-1.parquet,2
uhs18_1247--udt11616,parquet_commercial_202512_comm_MI,166262-1.parquet,1
uhs18_1247--udt11616,parquet_commercial_202512_comm_MI,166339-1.parquet,3
uhs18_1247--udt11616,parquet_commercial_202512_comm_MI,166488-1.parquet,1
uhs18_1247--udt11616,parquet_commercial_202512_comm_MI,166527-1.parquet,1
uhs18_1247--udt11616,parquet_commercial_202512_comm_MI,166773-1.parquet,2
uhs18_1247--udt11616,parquet_commercial_202512_comm_MI,166814-1.parquet,1
uhs18_1247--udt11616,parquet_commercial_202512_comm_MI,166998-1.parquet,3
uhs18_1247--udt11616,parquet_commercial_202512_comm_MI,167309-1.parquet,1
uhs18_1247--udt11616,parquet_commercial_202512_comm_MI,167455-1.parquet,4
uhs18_1247--udt11616,parquet_commercial_202512_comm_MI,167614-1.parquet,1
uhs18_1247--udt11616,parquet_commercial_202512_comm_MI,167919-1.parquet,2
uhs18_1247--udt11616,parquet_commercial_202512_comm_MI,167931-1.parquet,5
uhs18_1247--udt11616,parquet_commercial_202512_comm_MI,167937-1.parquet,2
uhs18_1247--udt11616,parquet_commercial_202512_comm_MI,168033-1.parquet,1
uhs18_1247--udt11616,parquet_commercial_202512_comm_MI,168278-1.parquet,1
uhs18_1247--udt11616,parquet_commercial_202512_comm_MI,168364-1.parquet,1
uhs18_1247--udt11616,parquet_commercial_202512_comm_MI,168555-1.parquet,1
uhs18_1247--udt11616,parquet_commercial_202512_comm_MI,168682-1.parquet,1
uhs18_1247--udt11616,parquet_commercial_202512_comm_MI,168882-8.parquet,1
uhs18_1247--udt11616,parquet_commercial_202512_comm_MI,168901-1.parquet,2
uhs18_1247--udt11616,parquet_commercial_202512_comm_MI,169006-1.parquet,1
uhs18_1247--udt11616,parquet_commercial_202512_comm_MI,169159-1.parquet,1
uhs18_1247--udt11616,parquet_commercial_202512_comm_MI,169200-1.parquet,1
uhs18_1247--udt11616,parquet_commercial_202512_comm_MI,169293-1.parquet,1
uhs18_1247--udt11616,parquet_commercial_202512_comm_MI,169316-1.parquet,12
uhs18_1247--udt11616,parquet_commercial_202512_comm_MI,169593-1.parquet,3
uhs18_1247--udt11616,parquet_commercial_202512_comm_MI,169601-8.parquet,1
uhs18_1247--udt11616,parquet_commercial_202512_comm_MI,169655-1.parquet,1
uhs18_1247--udt11616,parquet_commercial_202512_comm_MI,169748-1.parquet,3
uhs18_1247--udt11616,parquet_commercial_202512_comm_MI,169759-1.parquet,1
uhs18_1247--udt11616,parquet_commercial_202512_comm_MI,169773-1.parquet,2
uhs18_1247--udt11616,parquet_commercial_202512_comm_MI,169899-8.parquet,1
uhs18_1247--udt11616,parquet_commercial_202512_comm_MI,169913-1.parquet,1
uhs18_1247--udt11616,parquet_commercial_202512_comm_MI,169917-1.parquet,1
uhs18_1247--udt11616,parquet_residential_short_202512_res_MI,10381-1.parquet,6
uhs18_1247--udt11616,parquet_residential_short_202512_res_MI,109870-1.parquet,2
uhs18_1247--udt11616,parquet_residential_short_202512_res_MI,110028-1.parquet,1
uhs18_1247--udt11616,parquet_residential_short_202512_res_MI,111086-1.parquet,1
uhs18_1247--udt11616,parquet_residential_short_202512_res_MI,11278-1.parquet,1
uhs18_1247--udt11616,parquet_residential_short_202512_res_MI,113255-1.parquet,2
uhs18_1247--udt11616,parquet_residential_short_202512_res_MI,113495-1.parquet,2
uhs18_1247--udt11616,parquet_residential_short_202512_res_MI,11596-1.parquet,13
uhs18_1247--udt11616,parquet_residential_short_202512_res_MI,116219-1.parquet,3
uhs18_1247--udt11616,parquet_residential_short_202512_res_MI,118404-1.parquet,62
uhs18_1247--udt11616,parquet_residential_short_202512_res_MI,123079-1.parquet,1
uhs18_1247--udt11616,parquet_residential_short_202512_res_MI,129325-1.parquet,2
uhs18_1247--udt11616,parquet_residential_short_202512_res_MI,129893-1.parquet,2
uhs18_1247--udt11616,parquet_residential_short_202512_res_MI,135030-1.parquet,1
uhs18_1247--udt11616,parquet_residential_short_202512_res_MI,141664-1.parquet,5
uhs18_1247--udt11616,parquet_residential_short_202512_res_MI,14251-1.parquet,3
uhs18_1247--udt11616,parquet_residential_short_202512_res_MI,144380-1.parquet,5
uhs18_1247--udt11616,parquet_residential_short_202512_res_MI,144557-1.parquet,2
uhs18_1247--udt11616,parquet_residential_short_202512_res_MI,144707-1.parquet,1
uhs18_1247--udt11616,parquet_residential_short_202512_res_MI,145104-1.parquet,3
uhs18_1247--udt11616,parquet_residential_short_202512_res_MI,15283-1.parquet,2
uhs18_1247--udt11616,parquet_residential_short_202512_res_MI,158553-1.parquet,2
uhs18_1247--udt11616,parquet_residential_short_202512_res_MI,163160-1.parquet,2
uhs18_1247--udt11616,parquet_residential_short_202512_res_MI,163888-1.parquet,14
uhs18_1247--udt11616,parquet_residential_short_202512_res_MI,163929-1.parquet,23
uhs18_1247--udt11616,parquet_residential_short_202512_res_MI,178848-1.parquet,101
uhs18_1247--udt11616,parquet_residential_short_202512_res_MI,178924-1.parquet,14
uhs18_1247--udt11616,parquet_residential_short_202512_res_MI,179061-1.parquet,103
uhs18_1247--udt11616,parquet_residential_short_202512_res_MI,179402-1.parquet,2
uhs18_1247--udt11616,parquet_residential_short_202512_res_MI,179991-1.parquet,1
uhs18_1247--udt11616,parquet_residential_short_202512_res_MI,181066-1.parquet,1
uhs18_1247--udt11616,parquet_residential_short_202512_res_MI,181568-1.parquet,1
uhs18_1247--udt11616,parquet_residential_short_202512_res_MI,18662-1.parquet,1
uhs18_1247--udt11616,parquet_residential_short_202512_res_MI,189827-1.parquet,8
uhs18_1247--udt11616,parquet_residential_short_202512_res_MI,193304-1.parquet,14
uhs18_1247--udt11616,parquet_residential_short_202512_res_MI,195848-1.parquet,5
uhs18_1247--udt11616,parquet_residential_short_202512_res_MI,20070-1.parquet,3
uhs18_1247--udt11616,parquet_residential_short_202512_res_MI,202225-1.parquet,3
uhs18_1247--udt11616,parquet_residential_short_202512_res_MI,205005-1.parquet,1
uhs18_1247--udt11616,parquet_residential_short_202512_res_MI,206690-1.parquet,1
uhs18_1247--udt11616,parquet_residential_short_202512_res_MI,211618-1.parquet,1
uhs18_1247--udt11616,parquet_residential_short_202512_res_MI,213050-1.parquet,1
uhs18_1247--udt11616,parquet_residential_short_202512_res_MI,215616-1.parquet,2
uhs18_1247--udt11616,parquet_residential_short_202512_res_MI,219061-1.parquet,6
uhs18_1247--udt11616,parquet_residential_short_202512_res_MI,229456-1.parquet,2
uhs18_1247--udt11616,parquet_residential_short_202512_res_MI,235730-1.parquet,1
uhs18_1247--udt11616,parquet_residential_short_202512_res_MI,242004-1.parquet,9
uhs18_1247--udt11616,parquet_residential_short_202512_res_MI,245364-1.parquet,1
uhs18_1247--udt11616,parquet_residential_short_202512_res_MI,252372-1.parquet,3
uhs18_1247--udt11616,parquet_residential_short_202512_res_MI,255062-1.parquet,6
uhs18_1247--udt11616,parquet_residential_short_202512_res_MI,256339-1.parquet,2
uhs18_1247--udt11616,parquet_residential_short_202512_res_MI,258760-1.parquet,2
uhs18_1247--udt11616,parquet_residential_short_202512_res_MI,261491-1.parquet,1
uhs18_1247--udt11616,parquet_residential_short_202512_res_MI,263197-1.parquet,16
uhs18_1247--udt11616,parquet_residential_short_202512_res_MI,26343-1.parquet,4
uhs18_1247--udt11616,parquet_residential_short_202512_res_MI,275115-1.parquet,22
uhs18_1247--udt11616,parquet_residential_short_202512_res_MI,275600-1.parquet,3
uhs18_1247--udt11616,parquet_residential_short_202512_res_MI,277511-1.parquet,4
uhs18_1247--udt11616,parquet_residential_short_202512_res_MI,277988-1.parquet,2
uhs18_1247--udt11616,parquet_residential_short_202512_res_MI,278143-1.parquet,1
uhs18_1247--udt11616,parquet_residential_short_202512_res_MI,281826-1.parquet,1
uhs18_1247--udt11616,parquet_residential_short_202512_res_MI,282194-1.parquet,2
uhs18_1247--udt11616,parquet_residential_short_202512_res_MI,285504-1.parquet,1
uhs18_1247--udt11616,parquet_residential_short_202512_res_MI,285678-1.parquet,3
uhs18_1247--udt11616,parquet_residential_short_202512_res_MI,285946-1.parquet,1
uhs18_1247--udt11616,parquet_residential_short_202512_res_MI,292113-1.parquet,16
uhs18_1247--udt11616,parquet_residential_short_202512_res_MI,29488-1.parquet,1
uhs18_1247--udt11616,parquet_residential_short_202512_res_MI,300299-1.parquet,1
uhs18_1247--udt11616,parquet_residential_short_202512_res_MI,305511-1.parquet,4
uhs18_1247--udt11616,parquet_residential_short_202512_res_MI,308094-1.parquet,1
uhs18_1247--udt11616,parquet_residential_short_202512_res_MI,31043-1.parquet,7
uhs18_1247--udt11616,parquet_residential_short_202512_res_MI,31214-1.parquet,1
uhs18_1247--udt11616,parquet_residential_short_202512_res_MI,316181-1.parquet,1
uhs18_1247--udt11616,parquet_residential_short_202512_res_MI,317135-1.parquet,5
uhs18_1247--udt11616,parquet_residential_short_202512_res_MI,317368-1.parquet,4
uhs18_1247--udt11616,parquet_residential_short_202512_res_MI,320231-1.parquet,5
uhs18_1247--udt11616,parquet_residential_short_202512_res_MI,329472-1.parquet,9
uhs18_1247--udt11616,parquet_residential_short_202512_res_MI,32956-1.parquet,4
uhs18_1247--udt11616,parquet_residential_short_202512_res_MI,330999-1.parquet,1
uhs18_1247--udt11616,parquet_residential_short_202512_res_MI,331207-1.parquet,1
uhs18_1247--udt11616,parquet_residential_short_202512_res_MI,334073-1.parquet,89
uhs18_1247--udt11616,parquet_residential_short_202512_res_MI,335327-1.parquet,1
uhs18_1247--udt11616,parquet_residential_short_202512_res_MI,344633-1.parquet,1
uhs18_1247--udt11616,parquet_residential_short_202512_res_MI,345199-1.parquet,1
uhs18_1247--udt11616,parquet_residential_short_202512_res_MI,346477-1.parquet,5
uhs18_1247--udt11616,parquet_residential_short_202512_res_MI,350694-1.parquet,1
uhs18_1247--udt11616,parquet_residential_short_202512_res_MI,354403-1.parquet,3
uhs18_1247--udt11616,parquet_residential_short_202512_res_MI,356343-1.parquet,1
uhs18_1247--udt11616,parquet_residential_short_202512_res_MI,361102-1.parquet,1
uhs18_1247--udt11616,parquet_residential_short_202512_res_MI,361783-1.parquet,122
uhs18_1247--udt11616,parquet_residential_short_202512_res_MI,363455-1.parquet,1
uhs18_1247--udt11616,parquet_residential_short_202512_res_MI,368387-1.parquet,7
uhs18_1247--udt11616,parquet_residential_short_202512_res_MI,370010-1.parquet,1
uhs18_1247--udt11616,parquet_residential_short_202512_res_MI,378338-1.parquet,24
uhs18_1247--udt11616,parquet_residential_short_202512_res_MI,380296-1.parquet,9
uhs18_1247--udt11616,parquet_residential_short_202512_res_MI,380682-1.parquet,1
uhs18_1247--udt11616,parquet_residential_short_202512_res_MI,381828-1.parquet,4
uhs18_1247--udt11616,parquet_residential_short_202512_res_MI,381867-1.parquet,11
uhs18_1247--udt11616,parquet_residential_short_202512_res_MI,387495-1.parquet,1
uhs18_1247--udt11616,parquet_residential_short_202512_res_MI,389065-1.parquet,1
uhs18_1247--udt11616,parquet_residential_short_202512_res_MI,392142-1.parquet,6
uhs18_1247--udt11616,parquet_residential_short_202512_res_MI,39516-1.parquet,2
uhs18_1247--udt11616,parquet_residential_short_202512_res_MI,39539-1.parquet,3
uhs18_1247--udt11616,parquet_residential_short_202512_res_MI,395863-1.parquet,9
uhs18_1247--udt11616,parquet_residential_short_202512_res_MI,396717-1.parquet,1
uhs18_1247--udt11616,parquet_residential_short_202512_res_MI,400912-1.parquet,22
uhs18_1247--udt11616,parquet_residential_short_202512_res_MI,402675-1.parquet,1
uhs18_1247--udt11616,parquet_residential_short_202512_res_MI,411616-1.parquet,100
uhs18_1247--udt11616,parquet_residential_short_202512_res_MI,418555-1.parquet,6
uhs18_1247--udt11616,parquet_residential_short_202512_res_MI,426204-1.parquet,13
uhs18_1247--udt11616,parquet_residential_short_202512_res_MI,428505-1.parquet,3
uhs18_1247--udt11616,parquet_residential_short_202512_res_MI,429096-1.parquet,1
uhs18_1247--udt11616,parquet_residential_short_202512_res_MI,430122-1.parquet,6
uhs18_1247--udt11616,parquet_residential_short_202512_res_MI,432811-1.parquet,3
uhs18_1247--udt11616,parquet_residential_short_202512_res_MI,433315-1.parquet,1
uhs18_1247--udt11616,parquet_residential_short_202512_res_MI,433379-1.parquet,5
uhs18_1247--udt11616,parquet_residential_short_202512_res_MI,433741-1.parquet,6
uhs18_1247--udt11616,parquet_residential_short_202512_res_MI,436629-1.parquet,15
uhs18_1247--udt11616,parquet_residential_short_202512_res_MI,437871-1.parquet,63
uhs18_1247--udt11616,parquet_residential_short_202512_res_MI,439442-1.parquet,8
uhs18_1247--udt11616,parquet_residential_short_202512_res_MI,441370-1.parquet,11
uhs18_1247--udt11616,parquet_residential_short_202512_res_MI,444065-1.parquet,22
uhs18_1247--udt11616,parquet_residential_short_202512_res_MI,445779-1.parquet,1
uhs18_1247--udt11616,parquet_residential_short_202512_res_MI,446161-1.parquet,1
uhs18_1247--udt11616,parquet_residential_short_202512_res_MI,449575-1.parquet,1
uhs18_1247--udt11616,parquet_residential_short_202512_res_MI,449958-1.parquet,2
uhs18_1247--udt11616,parquet_residential_short_202512_res_MI,455633-1.parquet,1
uhs18_1247--udt11616,parquet_residential_short_202512_res_MI,457273-1.parquet,5
uhs18_1247--udt11616,parquet_residential_short_202512_res_MI,459710-1.parquet,5
uhs18_1247--udt11616,parquet_residential_short_202512_res_MI,459832-1.parquet,1
uhs18_1247--udt11616,parquet_residential_short_202512_res_MI,463711-1.parquet,3
uhs18_1247--udt11616,parquet_residential_short_202512_res_MI,464078-1.parquet,2
uhs18_1247--udt11616,parquet_residential_short_202512_res_MI,465000-1.parquet,3
uhs18_1247--udt11616,parquet_residential_short_202512_res_MI,465693-1.parquet,12
uhs18_1247--udt11616,parquet_residential_short_202512_res_MI,473383-1.parquet,4
uhs18_1247--udt11616,parquet_residential_short_202512_res_MI,474345-1.parquet,11
uhs18_1247--udt11616,parquet_residential_short_202512_res_MI,478155-1.parquet,7
uhs18_1247--udt11616,parquet_residential_short_202512_res_MI,48368-1.parquet,2
uhs18_1247--udt11616,parquet_residential_short_202512_res_MI,485286-1.parquet,8
uhs18_1247--udt11616,parquet_residential_short_202512_res_MI,485537-1.parquet,5
uhs18_1247--udt11616,parquet_residential_short_202512_res_MI,491904-1.parquet,17
uhs18_1247--udt11616,parquet_residential_short_202512_res_MI,494108-1.parquet,17
uhs18_1247--udt11616,parquet_residential_short_202512_res_MI,498779-1.parquet,1
uhs18_1247--udt11616,parquet_residential_short_202512_res_MI,498993-1.parquet,2
uhs18_1247--udt11616,parquet_residential_short_202512_res_MI,502032-1.parquet,9
uhs18_1247--udt11616,parquet_residential_short_202512_res_MI,505391-1.parquet,3
uhs18_1247--udt11616,parquet_residential_short_202512_res_MI,508330-1.parquet,83
uhs18_1247--udt11616,parquet_residential_short_202512_res_MI,509345-1.parquet,6
uhs18_1247--udt11616,parquet_residential_short_202512_res_MI,513814-1.parquet,6
uhs18_1247--udt11616,parquet_residential_short_202512_res_MI,515788-1.parquet,3
uhs18_1247--udt11616,parquet_residential_short_202512_res_MI,519249-1.parquet,3
uhs18_1247--udt11616,parquet_residential_short_202512_res_MI,520334-1.parquet,1
uhs18_1247--udt11616,parquet_residential_short_202512_res_MI,520460-1.parquet,1
uhs18_1247--udt11616,parquet_residential_short_202512_res_MI,521610-1.parquet,6
uhs18_1247--udt11616,parquet_residential_short_202512_res_MI,525496-1.parquet,4
uhs18_1247--udt11616,parquet_residential_short_202512_res_MI,526776-1.parquet,2
uhs18_1247--udt11616,parquet_residential_short_202512_res_MI,530245-1.parquet,2
uhs18_1247--udt11616,parquet_residential_short_202512_res_MI,531208-1.parquet,1
uhs18_1247--udt11616,parquet_residential_short_202512_res_MI,533319-1.parquet,6
uhs18_1247--udt11616,parquet_residential_short_202512_res_MI,53721-1.parquet,1
uhs18_1247--udt11616,parquet_residential_short_202512_res_MI,538350-1.parquet,21
uhs18_1247--udt11616,parquet_residential_short_202512_res_MI,544131-1.parquet,1
uhs18_1247--udt11616,parquet_residential_short_202512_res_MI,60207-1.parquet,1
uhs18_1247--udt11616,parquet_residential_short_202512_res_MI,63130-1.parquet,2
uhs18_1247--udt11616,parquet_residential_short_202512_res_MI,73789-1.parquet,3
uhs18_1247--udt11616,parquet_residential_short_202512_res_MI,74525-1.parquet,4
uhs18_1247--udt11616,parquet_residential_short_202512_res_MI,78734-1.parquet,2
uhs18_1247--udt11616,parquet_residential_short_202512_res_MI,8111-1.parquet,5
uhs18_1247--udt11616,parquet_residential_short_202512_res_MI,82218-1.parquet,5
uhs18_1247--udt11616,parquet_residential_short_202512_res_MI,83885-1.parquet,3
uhs18_1247--udt11616,parquet_residential_short_202512_res_MI,90350-1.parquet,6
uhs18_1247--udt11616,parquet_residential_short_202512_res_MI,92876-1.parquet,7
uhs18_1247--udt11616,parquet_residential_short_202512_res_MI,97944-1.parquet,1
uhs18_1247--udt13374,parquet_commercial_202512_comm_MI,157823-1.parquet,1
uhs18_1247--udt13374,parquet_commercial_202512_comm_MI,157939-1.parquet,1
uhs18_1247--udt13374,parquet_commercial_202512_comm_MI,158456-1.parquet,6
uhs18_1247--udt13374,parquet_commercial_202512_comm_MI,159409-1.parquet,1
uhs18_1247--udt13374,parquet_commercial_202512_comm_MI,159485-1.parquet,2
uhs18_1247--udt13374,parquet_commercial_202512_comm_MI,160529-1.parquet,1
uhs18_1247--udt13374,parquet_commercial_202512_comm_MI,161746-1.parquet,1
uhs18_1247--udt13374,parquet_commercial_202512_comm_MI,162262-1.parquet,1
uhs18_1247--udt13374,parquet_commercial_202512_comm_MI,162457-1.parquet,1
uhs18_1247--udt13374,parquet_commercial_202512_comm_MI,163537-8.parquet,1
uhs18_1247--udt13374,parquet_commercial_202512_comm_MI,163659-1.parquet,1
uhs18_1247--udt13374,parquet_commercial_202512_comm_MI,163753-1.parquet,1
uhs18_1247--udt13374,parquet_commercial_202512_comm_MI,163839-1.parquet,3
uhs18_1247--udt13374,parquet_commercial_202512_comm_MI,163891-1.parquet,1
uhs18_1247--udt13374,parquet_commercial_202512_comm_MI,164126-8.parquet,1
uhs18_1247--udt13374,parquet_commercial_202512_comm_MI,164928-8.parquet,2
uhs18_1247--udt13374,parquet_commercial_202512_comm_MI,165075-1.parquet,1
uhs18_1247--udt13374,parquet_commercial_202512_comm_MI,165177-1.parquet,1
uhs18_1247--udt13374,parquet_commercial_202512_comm_MI,165410-1.parquet,1
uhs18_1247--udt13374,parquet_commercial_202512_comm_MI,165747-1.parquet,1
uhs18_1247--udt13374,parquet_commercial_202512_comm_MI,166182-1.parquet,1
uhs18_1247--udt13374,parquet_commercial_202512_comm_MI,166183-1.parquet,1
uhs18_1247--udt13374,parquet_commercial_202512_comm_MI,166212-1.parquet,1
uhs18_1247--udt13374,parquet_commercial_202512_comm_MI,166339-1.parquet,1
uhs18_1247--udt13374,parquet_commercial_202512_comm_MI,166524-1.parquet,1
uhs18_1247--udt13374,parquet_commercial_202512_comm_MI,166773-1.parquet,1
uhs18_1247--udt13374,parquet_commercial_202512_comm_MI,166814-1.parquet,2
uhs18_1247--udt13374,parquet_commercial_202512_comm_MI,166841-1.parquet,1
uhs18_1247--udt13374,parquet_commercial_202512_comm_MI,167455-1.parquet,1
uhs18_1247--udt13374,parquet_commercial_202512_comm_MI,167724-1.parquet,1
uhs18_1247--udt13374,parquet_commercial_202512_comm_MI,167767-1.parquet,1
uhs18_1247--udt13374,parquet_commercial_202512_comm_MI,167790-1.parquet,1
uhs18_1247--udt13374,parquet_commercial_202512_comm_MI,167931-1.parquet,1
uhs18_1247--udt13374,parquet_commercial_202512_comm_MI,167937-1.parquet,1
uhs18_1247--udt13374,parquet_commercial_202512_comm_MI,168193-1.parquet,2
uhs18_1247--udt13374,parquet_commercial_202512_comm_MI,168228-1.parquet,1
uhs18_1247--udt13374,parquet_commercial_202512_comm_MI,168324-1.parquet,1
uhs18_1247--udt13374,parquet_commercial_202512_comm_MI,168682-1.parquet,1
uhs18_1247--udt13374,parquet_commercial_202512_comm_MI,168695-8.parquet,1
uhs18_1247--udt13374,parquet_commercial_202512_comm_MI,168901-1.parquet,1
uhs18_1247--udt13374,parquet_commercial_202512_comm_MI,169446-1.parquet,1
uhs18_1247--udt13374,parquet_commercial_202512_comm_MI,169593-1.parquet,2
uhs18_1247--udt13374,parquet_commercial_202512_comm_MI,169644-1.parquet,1
uhs18_1247--udt13374,parquet_commercial_202512_comm_MI,170028-1.parquet,1
uhs18_1247--udt13374,parquet_residential_short_202512_res_MI,10381-1.parquet,1
uhs18_1247--udt13374,parquet_residential_short_202512_res_MI,109870-1.parquet,6
uhs18_1247--udt13374,parquet_residential_short_202512_res_MI,111086-1.parquet,5
uhs18_1247--udt13374,parquet_residential_short_202512_res_MI,113255-1.parquet,1
uhs18_1247--udt13374,parquet_residential_short_202512_res_MI,113495-1.parquet,1
uhs18_1247--udt13374,parquet_residential_short_202512_res_MI,118404-1.parquet,33
uhs18_1247--udt13374,parquet_residential_short_202512_res_MI,121458-1.parquet,1
uhs18_1247--udt13374,parquet_residential_short_202512_res_MI,123079-1.parquet,1
uhs18_1247--udt13374,parquet_residential_short_202512_res_MI,134138-1.parquet,2
uhs18_1247--udt13374,parquet_residential_short_202512_res_MI,135030-1.parquet,5
uhs18_1247--udt13374,parquet_residential_short_202512_res_MI,140239-1.parquet,1
uhs18_1247--udt13374,parquet_residential_short_202512_res_MI,141942-1.parquet,1
uhs18_1247--udt13374,parquet_residential_short_202512_res_MI,144380-1.parquet,1
uhs18_1247--udt13374,parquet_residential_short_202512_res_MI,145077-1.parquet,1
uhs18_1247--udt13374,parquet_residential_short_202512_res_MI,15283-1.parquet,2
uhs18_1247--udt13374,parquet_residential_short_202512_res_MI,163929-1.parquet,4
uhs18_1247--udt13374,parquet_residential_short_202512_res_MI,178848-1.parquet,26
uhs18_1247--udt13374,parquet_residential_short_202512_res_MI,178924-1.parquet,9
uhs18_1247--udt13374,parquet_residential_short_202512_res_MI,179061-1.parquet,68
uhs18_1247--udt13374,parquet_residential_short_202512_res_MI,180563-1.parquet,3
uhs18_1247--udt13374,parquet_residential_short_202512_res_MI,181066-1.parquet,1
uhs18_1247--udt13374,parquet_residential_short_202512_res_MI,189827-1.parquet,9
uhs18_1247--udt13374,parquet_residential_short_202512_res_MI,193304-1.parquet,4
uhs18_1247--udt13374,parquet_residential_short_202512_res_MI,195848-1.parquet,2
uhs18_1247--udt13374,parquet_residential_short_202512_res_MI,20070-1.parquet,1
uhs18_1247--udt13374,parquet_residential_short_202512_res_MI,204257-1.parquet,1
uhs18_1247--udt13374,parquet_residential_short_202512_res_MI,211600-1.parquet,1
uhs18_1247--udt13374,parquet_residential_short_202512_res_MI,219061-1.parquet,7
uhs18_1247--udt13374,parquet_residential_short_202512_res_MI,224704-1.parquet,7
uhs18_1247--udt13374,parquet_residential_short_202512_res_MI,235730-1.parquet,1
uhs18_1247--udt13374,parquet_residential_short_202512_res_MI,240169-1.parquet,2
uhs18_1247--udt13374,parquet_residential_short_202512_res_MI,252372-1.parquet,1
uhs18_1247--udt13374,parquet_residential_short_202512_res_MI,255062-1.parquet,2
uhs18_1247--udt13374,parquet_residential_short_202512_res_MI,25790-1.parquet,1
uhs18_1247--udt13374,parquet_residential_short_202512_res_MI,261491-1.parquet,1
uhs18_1247--udt13374,parquet_residential_short_202512_res_MI,263197-1.parquet,2
uhs18_1247--udt13374,parquet_residential_short_202512_res_MI,26343-1.parquet,3
uhs18_1247--udt13374,parquet_residential_short_202512_res_MI,275115-1.parquet,8
uhs18_1247--udt13374,parquet_residential_short_202512_res_MI,275600-1.parquet,2
uhs18_1247--udt13374,parquet_residential_short_202512_res_MI,277511-1.parquet,3
uhs18_1247--udt13374,parquet_residential_short_202512_res_MI,278143-1.parquet,1
uhs18_1247--udt13374,parquet_residential_short_202512_res_MI,29488-1.parquet,2
uhs18_1247--udt13374,parquet_residential_short_202512_res_MI,305049-1.parquet,3
uhs18_1247--udt13374,parquet_residential_short_202512_res_MI,305511-1.parquet,3
uhs18_1247--udt13374,parquet_residential_short_202512_res_MI,316181-1.parquet,1
uhs18_1247--udt13374,parquet_residential_short_202512_res_MI,317135-1.parquet,2
uhs18_1247--udt13374,parquet_residential_short_202512_res_MI,320231-1.parquet,4
uhs18_1247--udt13374,parquet_residential_short_202512_res_MI,32711-1.parquet,1
uhs18_1247--udt13374,parquet_residential_short_202512_res_MI,329472-1.parquet,3
uhs18_1247--udt13374,parquet_residential_short_202512_res_MI,330999-1.parquet,2
uhs18_1247--udt13374,parquet_residential_short_202512_res_MI,331207-1.parquet,2
uhs18_1247--udt13374,parquet_residential_short_202512_res_MI,334073-1.parquet,24
uhs18_1247--udt13374,parquet_residential_short_202512_res_MI,345199-1.parquet,1
uhs18_1247--udt13374,parquet_residential_short_202512_res_MI,346477-1.parquet,2
uhs18_1247--udt13374,parquet_residential_short_202512_res_MI,354403-1.parquet,1
uhs18_1247--udt13374,parquet_residential_short_202512_res_MI,361783-1.parquet,11
uhs18_1247--udt13374,parquet_residential_short_202512_res_MI,365825-1.parquet,2
uhs18_1247--udt13374,parquet_residential_short_202512_res_MI,368387-1.parquet,1
uhs18_1247--udt13374,parquet_residential_short_202512_res_MI,370010-1.parquet,4
uhs18_1247--udt13374,parquet_residential_short_202512_res_MI,378338-1.parquet,13
uhs18_1247--udt13374,parquet_residential_short_202512_res_MI,380296-1.parquet,1
uhs18_1247--udt13374,parquet_residential_short_202512_res_MI,381867-1.parquet,2
uhs18_1247--udt13374,parquet_residential_short_202512_res_MI,387495-1.parquet,7
uhs18_1247--udt13374,parquet_residential_short_202512_res_MI,392142-1.parquet,5
uhs18_1247--udt13374,parquet_residential_short_202512_res_MI,400912-1.parquet,15
uhs18_1247--udt13374,parquet_residential_short_202512_res_MI,409398-1.parquet,1
uhs18_1247--udt13374,parquet_residential_short_202512_res_MI,411616-1.parquet,6
uhs18_1247--udt13374,parquet_residential_short_202512_res_MI,418555-1.parquet,1
uhs18_1247--udt13374,parquet_residential_short_202512_res_MI,421729-1.parquet,5
uhs18_1247--udt13374,parquet_residential_short_202512_res_MI,426204-1.parquet,1
uhs18_1247--udt13374,parquet_residential_short_202512_res_MI,428505-1.parquet,1
uhs18_1247--udt13374,parquet_residential_short_202512_res_MI,430122-1.parquet,1
uhs18_1247--udt13374,parquet_residential_short_202512_res_MI,432811-1.parquet,1
uhs18_1247--udt13374,parquet_residential_short_202512_res_MI,433741-1.parquet,1
uhs18_1247--udt13374,parquet_residential_short_202512_res_MI,436629-1.parquet,1
uhs18_1247--udt13374,parquet_residential_short_202512_res_MI,437871-1.parquet,16
uhs18_1247--udt13374,parquet_residential_short_202512_res_MI,439442-1.parquet,8
uhs18_1247--udt13374,parquet_residential_short_202512_res_MI,441370-1.parquet,1
uhs18_1247--udt13374,parquet_residential_short_202512_res_MI,444065-1.parquet,2
uhs18_1247--udt13374,parquet_residential_short_202512_res_MI,446161-1.parquet,2
uhs18_1247--udt13374,parquet_residential_short_202512_res_MI,449958-1.parquet,6
uhs18_1247--udt13374,parquet_residential_short_202512_res_MI,450644-1.parquet,1
uhs18_1247--udt13374,parquet_residential_short_202512_res_MI,453782-1.parquet,1
uhs18_1247--udt13374,parquet_residential_short_202512_res_MI,457273-1.parquet,1
uhs18_1247--udt13374,parquet_residential_short_202512_res_MI,457712-1.parquet,1
uhs18_1247--udt13374,parquet_residential_short_202512_res_MI,459710-1.parquet,1
uhs18_1247--udt13374,parquet_residential_short_202512_res_MI,463711-1.parquet,1
uhs18_1247--udt13374,parquet_residential_short_202512_res_MI,465000-1.parquet,1
uhs18_1247--udt13374,parquet_residential_short_202512_res_MI,465693-1.parquet,5
uhs18_1247--udt13374,parquet_residential_short_202512_res_MI,473383-1.parquet,3
uhs18_1247--udt13374,parquet_residential_short_202512_res_MI,474345-1.parquet,2
uhs18_1247--udt13374,parquet_residential_short_202512_res_MI,478155-1.parquet,1
uhs18_1247--udt13374,parquet_residential_short_202512_res_MI,485286-1.parquet,1
uhs18_1247--udt13374,parquet_residential_short_202512_res_MI,485537-1.parquet,2
uhs18_1247--udt13374,parquet_residential_short_202512_res_MI,491904-1.parquet,10
uhs18_1247--udt13374,parquet_residential_short_202512_res_MI,498993-1.parquet,3
uhs18_1247--udt13374,parquet_residential_short_202512_res_MI,502032-1.parquet,7
uhs18_1247--udt13374,parquet_residential_short_202512_res_MI,505391-1.parquet,4
uhs18_1247--udt13374,parquet_residential_short_202512_res_MI,513814-1.parquet,5
uhs18_1247--udt13374,parquet_residential_short_202512_res_MI,521610-1.parquet,1
uhs18_1247--udt13374,parquet_residential_short_202512_res_MI,526776-1.parquet,3
uhs18_1247--udt13374,parquet_residential_short_202512_res_MI,527997-1.parquet,1
uhs18_1247--udt13374,parquet_residential_short_202512_res_MI,53721-1.parquet,1
uhs18_1247--udt13374,parquet_residential_short_202512_res_MI,538350-1.parquet,3
uhs18_1247--udt13374,parquet_residential_short_202512_res_MI,549574-1.parquet,3
uhs18_1247--udt13374,parquet_residential_short_202512_res_MI,55789-1.parquet,2
uhs18_1247--udt13374,parquet_residential_short_202512_res_MI,60207-1.parquet,2
uhs18_1247--udt13374,parquet_residential_short_202512_res_MI,74525-1.parquet,2
uhs18_1247--udt13374,parquet_residential_short_202512_res_MI,78734-1.parquet,1
uhs18_1247--udt13374,parquet_residential_short_202512_res_MI,8111-1.parquet,2
uhs18_1247--udt13374,parquet_residential_short_202512_res_MI,82218-1.parquet,2
uhs18_1247--udt13374,parquet_residential_short_202512_res_MI,83885-1.parquet,2
uhs18_1247--udt13374,parquet_residential_short_202512_res_MI,90350-1.parquet,4
uhs18_1247--udt13374,parquet_residential_short_202512_res_MI,95747-1.parquet,1
uhs18_1247--udt17294,parquet_commercial_202512_comm_MI,157688-1.parquet,1
uhs18_1247--udt17294,parquet_commercial_202512_comm_MI,157701-1.parquet,2
uhs18_1247--udt17294,parquet_commercial_202512_comm_MI,157810-1.parquet,2
uhs18_1247--udt17294,parquet_commercial_202512_comm_MI,157823-1.parquet,9
uhs18_1247--udt17294,parquet_commercial_202512_comm_MI,157883-1.parquet,2
uhs18_1247--udt17294,parquet_commercial_202512_comm_MI,158147-1.parquet,3
uhs18_1247--udt17294,parquet_commercial_202512_comm_MI,158188-1.parquet,2
uhs18_1247--udt17294,parquet_commercial_202512_comm_MI,158376-1.parquet,3
uhs18_1247--udt17294,parquet_commercial_202512_comm_MI,158456-1.parquet,33
uhs18_1247--udt17294,parquet_commercial_202512_comm_MI,158460-1.parquet,4
uhs18_1247--udt17294,parquet_commercial_202512_comm_MI,158521-1.parquet,1
uhs18_1247--udt17294,parquet_commercial_202512_comm_MI,158634-1.parquet,2
uhs18_1247--udt17294,parquet_commercial_202512_comm_MI,158760-1.parquet,1
uhs18_1247--udt17294,parquet_commercial_202512_comm_MI,158916-1.parquet,1
uhs18_1247--udt17294,parquet_commercial_202512_comm_MI,158935-1.parquet,1
uhs18_1247--udt17294,parquet_commercial_202512_comm_MI,158941-1.parquet,1
uhs18_1247--udt17294,parquet_commercial_202512_comm_MI,159075-1.parquet,2
uhs18_1247--udt17294,parquet_commercial_202512_comm_MI,159409-1.parquet,2
uhs18_1247--udt17294,parquet_commercial_202512_comm_MI,159485-1.parquet,2
uhs18_1247--udt17294,parquet_commercial_202512_comm_MI,159533-1.parquet,1
uhs18_1247--udt17294,parquet_commercial_202512_comm_MI,159686-1.parquet,1
uhs18_1247--udt17294,parquet_commercial_202512_comm_MI,159799-8.parquet,2
uhs18_1247--udt17294,parquet_commercial_202512_comm_MI,160078-1.parquet,1
uhs18_1247--udt17294,parquet_commercial_202512_comm_MI,160264-1.parquet,1
uhs18_1247--udt17294,parquet_commercial_202512_comm_MI,160365-1.parquet,2
uhs18_1247--udt17294,parquet_commercial_202512_comm_MI,160477-1.parquet,2
uhs18_1247--udt17294,parquet_commercial_202512_comm_MI,160529-1.parquet,1
uhs18_1247--udt17294,parquet_commercial_202512_comm_MI,160572-1.parquet,1
uhs18_1247--udt17294,parquet_commercial_202512_comm_MI,160855-8.parquet,1
uhs18_1247--udt17294,parquet_commercial_202512_comm_MI,160857-1.parquet,1
uhs18_1247--udt17294,parquet_commercial_202512_comm_MI,161130-1.parquet,1
uhs18_1247--udt17294,parquet_commercial_202512_comm_MI,161150-1.parquet,1
uhs18_1247--udt17294,parquet_commercial_202512_comm_MI,161193-1.parquet,1
uhs18_1247--udt17294,parquet_commercial_202512_comm_MI,161501-1.parquet,2
uhs18_1247--udt17294,parquet_commercial_202512_comm_MI,161504-1.parquet,1
uhs18_1247--udt17294,parquet_commercial_202512_comm_MI,161593-1.parquet,1
uhs18_1247--udt17294,parquet_commercial_202512_comm_MI,161632-1.parquet,1
uhs18_1247--udt17294,parquet_commercial_202512_comm_MI,161648-1.parquet,1
uhs18_1247--udt17294,parquet_commercial_202512_comm_MI,161674-1.parquet,1
uhs18_1247--udt17294,parquet_commercial_202512_comm_MI,161724-1.parquet,1
uhs18_1247--udt17294,parquet_commercial_202512_comm_MI,161746-1.parquet,2
uhs18_1247--udt17294,parquet_commercial_202512_comm_MI,161969-1.parquet,1
uhs18_1247--udt17294,parquet_commercial_202512_comm_MI,162058-1.parquet,1
uhs18_1247--udt17294,parquet_commercial_202512_comm_MI,162093-1.parquet,2
uhs18_1247--udt17294,parquet_commercial_202512_comm_MI,162262-1.parquet,1
uhs18_1247--udt17294,parquet_commercial_202512_comm_MI,162280-1.parquet,1
uhs18_1247--udt17294,parquet_commercial_202512_comm_MI,162281-8.parquet,1
uhs18_1247--udt17294,parquet_commercial_202512_comm_MI,162367-1.parquet,1
uhs18_1247--udt17294,parquet_commercial_202512_comm_MI,162590-8.parquet,5
uhs18_1247--udt17294,parquet_commercial_202512_comm_MI,162754-1.parquet,1
uhs18_1247--udt17294,parquet_commercial_202512_comm_MI,162763-1.parquet,1
uhs18_1247--udt17294,parquet_commercial_202512_comm_MI,162868-1.parquet,1
uhs18_1247--udt17294,parquet_commercial_202512_comm_MI,162993-1.parquet,1
uhs18_1247--udt17294,parquet_commercial_202512_comm_MI,163035-1.parquet,2
uhs18_1247--udt17294,parquet_commercial_202512_comm_MI,163544-1.parquet,1
uhs18_1247--udt17294,parquet_commercial_202512_comm_MI,163559-1.parquet,7
uhs18_1247--udt17294,parquet_commercial_202512_comm_MI,163584-1.parquet,1
uhs18_1247--udt17294,parquet_commercial_202512_comm_MI,163839-1.parquet,11
uhs18_1247--udt17294,parquet_commercial_202512_comm_MI,163891-1.parquet,1
uhs18_1247--udt17294,parquet_commercial_202512_comm_MI,164001-8.parquet,1
uhs18_1247--udt17294,parquet_commercial_202512_comm_MI,164128-1.parquet,1
uhs18_1247--udt17294,parquet_commercial_202512_comm_MI,164249-1.parquet,1
uhs18_1247--udt17294,parquet_commercial_202512_comm_MI,164283-8.parquet,1
uhs18_1247--udt17294,parquet_commercial_202512_comm_MI,164450-1.parquet,1
uhs18_1247--udt17294,parquet_commercial_202512_comm_MI,164606-1.parquet,2
uhs18_1247--udt17294,parquet_commercial_202512_comm_MI,164675-8.parquet,1
uhs18_1247--udt17294,parquet_commercial_202512_comm_MI,164677-1.parquet,1
uhs18_1247--udt17294,parquet_commercial_202512_comm_MI,164742-1.parquet,1
uhs18_1247--udt17294,parquet_commercial_202512_comm_MI,164928-8.parquet,4
uhs18_1247--udt17294,parquet_commercial_202512_comm_MI,164945-8.parquet,1
uhs18_1247--udt17294,parquet_commercial_202512_comm_MI,165083-1.parquet,1
uhs18_1247--udt17294,parquet_commercial_202512_comm_MI,165234-1.parquet,4
uhs18_1247--udt17294,parquet_commercial_202512_comm_MI,165246-1.parquet,1
uhs18_1247--udt17294,parquet_commercial_202512_comm_MI,165410-1.parquet,1
uhs18_1247--udt17294,parquet_commercial_202512_comm_MI,165460-1.parquet,1
uhs18_1247--udt17294,parquet_commercial_202512_comm_MI,165531-8.parquet,1
uhs18_1247--udt17294,parquet_commercial_202512_comm_MI,165564-1.parquet,1
uhs18_1247--udt17294,parquet_commercial_202512_comm_MI,165634-1.parquet,2
uhs18_1247--udt17294,parquet_commercial_202512_comm_MI,165673-8.parquet,1
uhs18_1247--udt17294,parquet_commercial_202512_comm_MI,165747-1.parquet,2
uhs18_1247--udt17294,parquet_commercial_202512_comm_MI,165786-1.parquet,1
uhs18_1247--udt17294,parquet_commercial_202512_comm_MI,165799-1.parquet,1
uhs18_1247--udt17294,parquet_commercial_202512_comm_MI,165875-1.parquet,2
uhs18_1247--udt17294,parquet_commercial_202512_comm_MI,165981-1.parquet,1
uhs18_1247--udt17294,parquet_commercial_202512_comm_MI,166044-1.parquet,1
uhs18_1247--udt17294,parquet_commercial_202512_comm_MI,166183-1.parquet,3
uhs18_1247--udt17294,parquet_commercial_202512_comm_MI,166262-1.parquet,1
uhs18_1247--udt17294,parquet_commercial_202512_comm_MI,166339-1.parquet,2
uhs18_1247--udt17294,parquet_commercial_202512_comm_MI,166488-1.parquet,1
uhs18_1247--udt17294,parquet_commercial_202512_comm_MI,166489-1.parquet,1
uhs18_1247--udt17294,parquet_commercial_202512_comm_MI,166527-1.parquet,1
uhs18_1247--udt17294,parquet_commercial_202512_comm_MI,166622-1.parquet,3
uhs18_1247--udt17294,parquet_commercial_202512_comm_MI,166773-1.parquet,1
uhs18_1247--udt17294,parquet_commercial_202512_comm_MI,166814-1.parquet,3
uhs18_1247--udt17294,parquet_commercial_202512_comm_MI,166993-1.parquet,1
uhs18_1247--udt17294,parquet_commercial_202512_comm_MI,166998-1.parquet,1
uhs18_1247--udt17294,parquet_commercial_202512_comm_MI,167017-1.parquet,1
uhs18_1247--udt17294,parquet_commercial_202512_comm_MI,167209-1.parquet,1
uhs18_1247--udt17294,parquet_commercial_202512_comm_MI,167273-1.parquet,1
uhs18_1247--udt17294,parquet_commercial_202512_comm_MI,167300-1.parquet,1
uhs18_1247--udt17294,parquet_commercial_202512_comm_MI,167455-1.parquet,4
uhs18_1247--udt17294,parquet_commercial_202512_comm_MI,167457-1.parquet,1
uhs18_1247--udt17294,parquet_commercial_202512_comm_MI,167729-8.parquet,1
uhs18_1247--udt17294,parquet_commercial_202512_comm_MI,167746-1.parquet,1
uhs18_1247--udt17294,parquet_commercial_202512_comm_MI,167767-1.parquet,1
uhs18_1247--udt17294,parquet_commercial_202512_comm_MI,167919-1.parquet,3
uhs18_1247--udt17294,parquet_commercial_202512_comm_MI,167937-1.parquet,2
uhs18_1247--udt17294,parquet_commercial_202512_comm_MI,168103-1.parquet,1
uhs18_1247--udt17294,parquet_commercial_202512_comm_MI,168193-1.parquet,1
uhs18_1247--udt17294,parquet_commercial_202512_comm_MI,168555-1.parquet,1
uhs18_1247--udt17294,parquet_commercial_202512_comm_MI,168682-1.parquet,2
uhs18_1247--udt17294,parquet_commercial_202512_comm_MI,168901-1.parquet,1
uhs18_1247--udt17294,parquet_commercial_202512_comm_MI,169006-1.parquet,1
uhs18_1247--udt17294,parquet_commercial_202512_comm_MI,169085-1.parquet,1
uhs18_1247--udt17294,parquet_commercial_202512_comm_MI,169316-1.parquet,4
uhs18_1247--udt17294,parquet_commercial_202512_comm_MI,169333-1.parquet,1
uhs18_1247--udt17294,parquet_commercial_202512_comm_MI,169363-1.parquet,1
uhs18_1247--udt17294,parquet_commercial_202512_comm_MI,169446-1.parquet,2
uhs18_1247--udt17294,parquet_commercial_202512_comm_MI,169531-1.parquet,3
uhs18_1247--udt17294,parquet_commercial_202512_comm_MI,169579-1.parquet,1
uhs18_1247--udt17294,parquet_commercial_202512_comm_MI,169593-1.parquet,2
uhs18_1247--udt17294,parquet_commercial_202512_comm_MI,169644-1.parquet,1
uhs18_1247--udt17294,parquet_commercial_202512_comm_MI,169655-1.parquet,1
uhs18_1247--udt17294,parquet_commercial_202512_comm_MI,169773-1.parquet,1
uhs18_1247--udt17294,parquet_commercial_202512_comm_MI,169936-1.parquet,1
uhs18_1247--udt17294,parquet_residential_short_202512_res_MI,10381-1.parquet,1
uhs18_1247--udt17294,parquet_residential_short_202512_res_MI,109870-1.parquet,1
uhs18_1247--udt17294,parquet_residential_short_202512_res_MI,110028-1.parquet,1
uhs18_1247--udt17294,parquet_residential_short_202512_res_MI,111086-1.parquet,2
uhs18_1247--udt17294,parquet_residential_short_202512_res_MI,11278-1.parquet,1
uhs18_1247--udt17294,parquet_residential_short_202512_res_MI,113255-1.parquet,8
uhs18_1247--udt17294,parquet_residential_short_202512_res_MI,11596-1.parquet,3
uhs18_1247--udt17294,parquet_residential_short_202512_res_MI,116219-1.parquet,2
uhs18_1247--udt17294,parquet_residential_short_202512_res_MI,118404-1.parquet,31
uhs18_1247--udt17294,parquet_residential_short_202512_res_MI,121458-1.parquet,4
uhs18_1247--udt17294,parquet_residential_short_202512_res_MI,129365-1.parquet,1
uhs18_1247--udt17294,parquet_residential_short_202512_res_MI,132915-1.parquet,1
uhs18_1247--udt17294,parquet_residential_short_202512_res_MI,135030-1.parquet,1
uhs18_1247--udt17294,parquet_residential_short_202512_res_MI,140480-1.parquet,1
uhs18_1247--udt17294,parquet_residential_short_202512_res_MI,141664-1.parquet,4
uhs18_1247--udt17294,parquet_residential_short_202512_res_MI,144803-1.parquet,4
uhs18_1247--udt17294,parquet_residential_short_202512_res_MI,145104-1.parquet,2
uhs18_1247--udt17294,parquet_residential_short_202512_res_MI,147835-1.parquet,2
uhs18_1247--udt17294,parquet_residential_short_202512_res_MI,15283-1.parquet,3
uhs18_1247--udt17294,parquet_residential_short_202512_res_MI,158553-1.parquet,2
uhs18_1247--udt17294,parquet_residential_short_202512_res_MI,163888-1.parquet,8
uhs18_1247--udt17294,parquet_residential_short_202512_res_MI,163929-1.parquet,3
uhs18_1247--udt17294,parquet_residential_short_202512_res_MI,169556-1.parquet,1
uhs18_1247--udt17294,parquet_residential_short_202512_res_MI,170914-1.parquet,1
uhs18_1247--udt17294,parquet_residential_short_202512_res_MI,178522-1.parquet,4
uhs18_1247--udt17294,parquet_residential_short_202512_res_MI,178848-1.parquet,50
uhs18_1247--udt17294,parquet_residential_short_202512_res_MI,178924-1.parquet,10
uhs18_1247--udt17294,parquet_residential_short_202512_res_MI,179061-1.parquet,89
uhs18_1247--udt17294,parquet_residential_short_202512_res_MI,179402-1.parquet,3
uhs18_1247--udt17294,parquet_residential_short_202512_res_MI,181066-1.parquet,1
uhs18_1247--udt17294,parquet_residential_short_202512_res_MI,181568-1.parquet,2
uhs18_1247--udt17294,parquet_residential_short_202512_res_MI,189827-1.parquet,7
uhs18_1247--udt17294,parquet_residential_short_202512_res_MI,193304-1.parquet,14
uhs18_1247--udt17294,parquet_residential_short_202512_res_MI,193666-1.parquet,4
uhs18_1247--udt17294,parquet_residential_short_202512_res_MI,195848-1.parquet,6
uhs18_1247--udt17294,parquet_residential_short_202512_res_MI,198563-1.parquet,1
uhs18_1247--udt17294,parquet_residential_short_202512_res_MI,204524-1.parquet,1
uhs18_1247--udt17294,parquet_residential_short_202512_res_MI,206690-1.parquet,3
uhs18_1247--udt17294,parquet_residential_short_202512_res_MI,208625-1.parquet,1
uhs18_1247--udt17294,parquet_residential_short_202512_res_MI,211600-1.parquet,1
uhs18_1247--udt17294,parquet_residential_short_202512_res_MI,211618-1.parquet,4
uhs18_1247--udt17294,parquet_residential_short_202512_res_MI,213050-1.parquet,3
uhs18_1247--udt17294,parquet_residential_short_202512_res_MI,219061-1.parquet,7
uhs18_1247--udt17294,parquet_residential_short_202512_res_MI,22378-1.parquet,3
uhs18_1247--udt17294,parquet_residential_short_202512_res_MI,224704-1.parquet,1
uhs18_1247--udt17294,parquet_residential_short_202512_res_MI,229456-1.parquet,6
uhs18_1247--udt17294,parquet_residential_short_202512_res_MI,240169-1.parquet,1
uhs18_1247--udt17294,parquet_residential_short_202512_res_MI,242004-1.parquet,21
uhs18_1247--udt17294,parquet_residential_short_202512_res_MI,245364-1.parquet,1
uhs18_1247--udt17294,parquet_residential_short_202512_res_MI,252372-1.parquet,3
uhs18_1247--udt17294,parquet_residential_short_202512_res_MI,255062-1.parquet,8
uhs18_1247--udt17294,parquet_residential_short_202512_res_MI,256339-1.parquet,2
uhs18_1247--udt17294,parquet_residential_short_202512_res_MI,25870-1.parquet,1
uhs18_1247--udt17294,parquet_residential_short_202512_res_MI,258760-1.parquet,1
uhs18_1247--udt17294,parquet_residential_short_202512_res_MI,26004-1.parquet,1
uhs18_1247--udt17294,parquet_residential_short_202512_res_MI,261491-1.parquet,1
uhs18_1247--udt17294,parquet_residential_short_202512_res_MI,263197-1.parquet,3
uhs18_1247--udt17294,parquet_residential_short_202512_res_MI,26343-1.parquet,5
uhs18_1247--udt17294,parquet_residential_short_202512_res_MI,275115-1.parquet,13
uhs18_1247--udt17294,parquet_residential_short_202512_res_MI,275600-1.parquet,1
uhs18_1247--udt17294,parquet_residential_short_202512_res_MI,277511-1.parquet,6
uhs18_1247--udt17294,parquet_residential_short_202512_res_MI,278143-1.parquet,2
uhs18_1247--udt17294,parquet_residential_short_202512_res_MI,281826-1.parquet,3
uhs18_1247--udt17294,parquet_residential_short_202512_res_MI,282194-1.parquet,2
uhs18_1247--udt17294,parquet_residential_short_202512_res_MI,285504-1.parquet,1
uhs18_1247--udt17294,parquet_residential_short_202512_res_MI,285678-1.parquet,18
uhs18_1247--udt17294,parquet_residential_short_202512_res_MI,286308-1.parquet,2
uhs18_1247--udt17294,parquet_residential_short_202512_res_MI,292113-1.parquet,5
uhs18_1247--udt17294,parquet_residential_short_202512_res_MI,292202-1.parquet,4
uhs18_1247--udt17294,parquet_residential_short_202512_res_MI,29488-1.parquet,2
uhs18_1247--udt17294,parquet_residential_short_202512_res_MI,300299-1.parquet,8
uhs18_1247--udt17294,parquet_residential_short_202512_res_MI,305049-1.parquet,1
uhs18_1247--udt17294,parquet_residential_short_202512_res_MI,305511-1.parquet,2
uhs18_1247--udt17294,parquet_residential_short_202512_res_MI,31043-1.parquet,3
uhs18_1247--udt17294,parquet_residential_short_202512_res_MI,31214-1.parquet,2
uhs18_1247--udt17294,parquet_residential_short_202512_res_MI,316181-1.parquet,3
uhs18_1247--udt17294,parquet_residential_short_202512_res_MI,317135-1.parquet,1
uhs18_1247--udt17294,parquet_residential_short_202512_res_MI,317368-1.parquet,2
uhs18_1247--udt17294,parquet_residential_short_202512_res_MI,320231-1.parquet,5
uhs18_1247--udt17294,parquet_residential_short_202512_res_MI,329472-1.parquet,3
uhs18_1247--udt17294,parquet_residential_short_202512_res_MI,32956-1.parquet,1
uhs18_1247--udt17294,parquet_residential_short_202512_res_MI,330999-1.parquet,2
uhs18_1247--udt17294,parquet_residential_short_202512_res_MI,331207-1.parquet,2
uhs18_1247--udt17294,parquet_residential_short_202512_res_MI,331355-1.parquet,5
uhs18_1247--udt17294,parquet_residential_short_202512_res_MI,334073-1.parquet,54
uhs18_1247--udt17294,parquet_residential_short_202512_res_MI,34037-1.parquet,1
uhs18_1247--udt17294,parquet_residential_short_202512_res_MI,344633-1.parquet,1
uhs18_1247--udt17294,parquet_residential_short_202512_res_MI,345199-1.parquet,2
uhs18_1247--udt17294,parquet_residential_short_202512_res_MI,346477-1.parquet,2
uhs18_1247--udt17294,parquet_residential_short_202512_res_MI,34826-1.parquet,4
uhs18_1247--udt17294,parquet_residential_short_202512_res_MI,350694-1.parquet,4
uhs18_1247--udt17294,parquet_residential_short_202512_res_MI,354403-1.parquet,3
uhs18_1247--udt17294,parquet_residential_short_202512_res_MI,361783-1.parquet,37
uhs18_1247--udt17294,parquet_residential_short_202512_res_MI,363455-1.parquet,4
uhs18_1247--udt17294,parquet_residential_short_202512_res_MI,368387-1.parquet,25
uhs18_1247--udt17294,parquet_residential_short_202512_res_MI,370010-1.parquet,1
uhs18_1247--udt17294,parquet_residential_short_202512_res_MI,378338-1.parquet,18
uhs18_1247--udt17294,parquet_residential_short_202512_res_MI,380296-1.parquet,5
uhs18_1247--udt17294,parquet_residential_short_202512_res_MI,381867-1.parquet,11
uhs18_1247--udt17294,parquet_residential_short_202512_res_MI,387495-1.parquet,4
uhs18_1247--udt17294,parquet_residential_short_202512_res_MI,392142-1.parquet,15
uhs18_1247--udt17294,parquet_residential_short_202512_res_MI,39539-1.parquet,2
uhs18_1247--udt17294,parquet_residential_short_202512_res_MI,395863-1.parquet,3
uhs18_1247--udt17294,parquet_residential_short_202512_res_MI,396717-1.parquet,5
uhs18_1247--udt17294,parquet_residential_short_202512_res_MI,400759-1.parquet,1
uhs18_1247--udt17294,parquet_residential_short_202512_res_MI,400912-1.parquet,9
uhs18_1247--udt17294,parquet_residential_short_202512_res_MI,402675-1.parquet,2
uhs18_1247--udt17294,parquet_residential_short_202512_res_MI,405426-1.parquet,2
uhs18_1247--udt17294,parquet_residential_short_202512_res_MI,411616-1.parquet,29
uhs18_1247--udt17294,parquet_residential_short_202512_res_MI,414172-1.parquet,1
uhs18_1247--udt17294,parquet_residential_short_202512_res_MI,417744-1.parquet,1
uhs18_1247--udt17294,parquet_residential_short_202512_res_MI,418555-1.parquet,2
uhs18_1247--udt17294,parquet_residential_short_202512_res_MI,423218-1.parquet,2
uhs18_1247--udt17294,parquet_residential_short_202512_res_MI,426204-1.parquet,8
uhs18_1247--udt17294,parquet_residential_short_202512_res_MI,428505-1.parquet,1
uhs18_1247--udt17294,parquet_residential_short_202512_res_MI,430122-1.parquet,1
uhs18_1247--udt17294,parquet_residential_short_202512_res_MI,432811-1.parquet,1
uhs18_1247--udt17294,parquet_residential_short_202512_res_MI,433000-1.parquet,3
uhs18_1247--udt17294,parquet_residential_short_202512_res_MI,433379-1.parquet,3
uhs18_1247--udt17294,parquet_residential_short_202512_res_MI,433741-1.parquet,1
uhs18_1247--udt17294,parquet_residential_short_202512_res_MI,436629-1.parquet,4
uhs18_1247--udt17294,parquet_residential_short_202512_res_MI,437871-1.parquet,28
uhs18_1247--udt17294,parquet_residential_short_202512_res_MI,439442-1.parquet,2
uhs18_1247--udt17294,parquet_residential_short_202512_res_MI,441370-1.parquet,3
uhs18_1247--udt17294,parquet_residential_short_202512_res_MI,444065-1.parquet,10
uhs18_1247--udt17294,parquet_residential_short_202512_res_MI,449575-1.parquet,1
uhs18_1247--udt17294,parquet_residential_short_202512_res_MI,449958-1.parquet,5
uhs18_1247--udt17294,parquet_residential_short_202512_res_MI,450644-1.parquet,3
uhs18_1247--udt17294,parquet_residential_short_202512_res_MI,453782-1.parquet,1
uhs18_1247--udt17294,parquet_residential_short_202512_res_MI,455633-1.parquet,4
uhs18_1247--udt17294,parquet_residential_short_202512_res_MI,457273-1.parquet,2
uhs18_1247--udt17294,parquet_residential_short_202512_res_MI,457563-1.parquet,2
uhs18_1247--udt17294,parquet_residential_short_202512_res_MI,458168-1.parquet,1
uhs18_1247--udt17294,parquet_residential_short_202512_res_MI,459710-1.parquet,1
uhs18_1247--udt17294,parquet_residential_short_202512_res_MI,459832-1.parquet,1
uhs18_1247--udt17294,parquet_residential_short_202512_res_MI,465000-1.parquet,1
uhs18_1247--udt17294,parquet_residential_short_202512_res_MI,465693-1.parquet,6
uhs18_1247--udt17294,parquet_residential_short_202512_res_MI,467658-1.parquet,3
uhs18_1247--udt17294,parquet_residential_short_202512_res_MI,474345-1.parquet,4
uhs18_1247--udt17294,parquet_residential_short_202512_res_MI,478155-1.parquet,7
uhs18_1247--udt17294,parquet_residential_short_202512_res_MI,48368-1.parquet,4
uhs18_1247--udt17294,parquet_residential_short_202512_res_MI,485286-1.parquet,3
uhs18_1247--udt17294,parquet_residential_short_202512_res_MI,485537-1.parquet,2
uhs18_1247--udt17294,parquet_residential_short_202512_res_MI,49048-1.parquet,1
uhs18_1247--udt17294,parquet_residential_short_202512_res_MI,491904-1.parquet,10
uhs18_1247--udt17294,parquet_residential_short_202512_res_MI,494108-1.parquet,5
uhs18_1247--udt17294,parquet_residential_short_202512_res_MI,498993-1.parquet,4
uhs18_1247--udt17294,parquet_residential_short_202512_res_MI,502032-1.parquet,9
uhs18_1247--udt17294,parquet_residential_short_202512_res_MI,505391-1.parquet,5
uhs18_1247--udt17294,parquet_residential_short_202512_res_MI,505432-1.parquet,2
uhs18_1247--udt17294,parquet_residential_short_202512_res_MI,508330-1.parquet,38
uhs18_1247--udt17294,parquet_residential_short_202512_res_MI,509345-1.parquet,11
uhs18_1247--udt17294,parquet_residential_short_202512_res_MI,513814-1.parquet,3
uhs18_1247--udt17294,parquet_residential_short_202512_res_MI,519249-1.parquet,8
uhs18_1247--udt17294,parquet_residential_short_202512_res_MI,521610-1.parquet,5
uhs18_1247--udt17294,parquet_residential_short_202512_res_MI,525496-1.parquet,2
uhs18_1247--udt17294,parquet_residential_short_202512_res_MI,526776-1.parquet,3
uhs18_1247--udt17294,parquet_residential_short_202512_res_MI,529961-1.parquet,2
uhs18_1247--udt17294,parquet_residential_short_202512_res_MI,530245-1.parquet,2
uhs18_1247--udt17294,parquet_residential_short_202512_res_MI,533319-1.parquet,3
uhs18_1247--udt17294,parquet_residential_short_202512_res_MI,53721-1.parquet,1
uhs18_1247--udt17294,parquet_residential_short_202512_res_MI,538350-1.parquet,9
uhs18_1247--udt17294,parquet_residential_short_202512_res_MI,540993-1.parquet,3
uhs18_1247--udt17294,parquet_residential_short_202512_res_MI,54618-1.parquet,1
uhs18_1247--udt17294,parquet_residential_short_202512_res_MI,549574-1.parquet,4
uhs18_1247--udt17294,parquet_residential_short_202512_res_MI,60207-1.parquet,1
uhs18_1247--udt17294,parquet_residential_short_202512_res_MI,73789-1.parquet,1
uhs18_1247--udt17294,parquet_residential_short_202512_res_MI,74525-1.parquet,8
uhs18_1247--udt17294,parquet_residential_short_202512_res_MI,7845-1.parquet,1
uhs18_1247--udt17294,parquet_residential_short_202512_res_MI,78734-1.parquet,2
uhs18_1247--udt17294,parquet_residential_short_202512_res_MI,7956-1.parquet,2
uhs18_1247--udt17294,parquet_residential_short_202512_res_MI,8111-1.parquet,4
uhs18_1247--udt17294,parquet_residential_short_202512_res_MI,82218-1.parquet,5
uhs18_1247--udt17294,parquet_residential_short_202512_res_MI,84894-1.parquet,1
uhs18_1247--udt17294,parquet_residential_short_202512_res_MI,87751-1.parquet,4
uhs18_1247--udt17294,parquet_residential_short_202512_res_MI,90350-1.parquet,7
uhs18_1247--udt17294,parquet_residential_short_202512_res_MI,92876-1.parquet,17
uhs18_1247--udt17294,parquet_residential_short_202512_res_MI,95747-1.parquet,2
uhs19_1247--udt15839,parquet_commercial_202512_comm_MI,158456-1.parquet,1
uhs19_1247--udt15839,parquet_commercial_202512_comm_MI,158760-1.parquet,1
uhs19_1247--udt15839,parquet_commercial_202512_comm_MI,164341-1.parquet,1
uhs19_1247--udt15839,parquet_commercial_202512_comm_MI,165944-1.parquet,1
uhs19_1247--udt15839,parquet_commercial_202512_comm_MI,165981-1.parquet,1
uhs19_1247--udt15839,parquet_commercial_202512_comm_MI,166041-1.parquet,1
uhs19_1247--udt15839,parquet_commercial_202512_comm_MI,168901-1.parquet,1
uhs19_1247--udt15839,parquet_commercial_202512_comm_MI,169052-8.parquet,1
uhs19_1247--udt19872,parquet_commercial_202512_comm_MI,157823-1.parquet,1
uhs19_1247--udt19872,parquet_commercial_202512_comm_MI,157974-1.parquet,1
uhs19_1247--udt19872,parquet_commercial_202512_comm_MI,158073-1.parquet,6
uhs19_1247--udt19872,parquet_commercial_202512_comm_MI,158376-1.parquet,2
uhs19_1247--udt19872,parquet_commercial_202512_comm_MI,158456-1.parquet,35
uhs19_1247--udt19872,parquet_commercial_202512_comm_MI,158460-1.parquet,3
uhs19_1247--udt19872,parquet_commercial_202512_comm_MI,158603-1.parquet,1
uhs19_1247--udt19872,parquet_commercial_202512_comm_MI,158634-1.parquet,7
uhs19_1247--udt19872,parquet_commercial_202512_comm_MI,158635-1.parquet,1
uhs19_1247--udt19872,parquet_commercial_202512_comm_MI,158760-1.parquet,2
uhs19_1247--udt19872,parquet_commercial_202512_comm_MI,158880-1.parquet,2
uhs19_1247--udt19872,parquet_commercial_202512_comm_MI,158881-1.parquet,1
uhs19_1247--udt19872,parquet_commercial_202512_comm_MI,158935-1.parquet,1
uhs19_1247--udt19872,parquet_commercial_202512_comm_MI,159158-1.parquet,1
uhs19_1247--udt19872,parquet_commercial_202512_comm_MI,159326-1.parquet,1
uhs19_1247--udt19872,parquet_commercial_202512_comm_MI,159461-8.parquet,3
uhs19_1247--udt19872,parquet_commercial_202512_comm_MI,159485-1.parquet,5
uhs19_1247--udt19872,parquet_commercial_202512_comm_MI,159565-8.parquet,3
uhs19_1247--udt19872,parquet_commercial_202512_comm_MI,159786-1.parquet,1
uhs19_1247--udt19872,parquet_commercial_202512_comm_MI,160003-1.parquet,1
uhs19_1247--udt19872,parquet_commercial_202512_comm_MI,160008-1.parquet,1
uhs19_1247--udt19872,parquet_commercial_202512_comm_MI,160078-1.parquet,1
uhs19_1247--udt19872,parquet_commercial_202512_comm_MI,160264-1.parquet,1
uhs19_1247--udt19872,parquet_commercial_202512_comm_MI,160355-1.parquet,1
uhs19_1247--udt19872,parquet_commercial_202512_comm_MI,160365-1.parquet,5
uhs19_1247--udt19872,parquet_commercial_202512_comm_MI,160423-1.parquet,1
uhs19_1247--udt19872,parquet_commercial_202512_comm_MI,160467-1.parquet,2
uhs19_1247--udt19872,parquet_commercial_202512_comm_MI,160529-1.parquet,1
uhs19_1247--udt19872,parquet_commercial_202512_comm_MI,160562-1.parquet,1
uhs19_1247--udt19872,parquet_commercial_202512_comm_MI,160805-1.parquet,1
uhs19_1247--udt19872,parquet_commercial_202512_comm_MI,160855-8.parquet,6
uhs19_1247--udt19872,parquet_commercial_202512_comm_MI,160949-1.parquet,1
uhs19_1247--udt19872,parquet_commercial_202512_comm_MI,161131-8.parquet,1
uhs19_1247--udt19872,parquet_commercial_202512_comm_MI,161134-1.parquet,1
uhs19_1247--udt19872,parquet_commercial_202512_comm_MI,161135-1.parquet,1
uhs19_1247--udt19872,parquet_commercial_202512_comm_MI,161221-1.parquet,1
uhs19_1247--udt19872,parquet_commercial_202512_comm_MI,161718-1.parquet,2
uhs19_1247--udt19872,parquet_commercial_202512_comm_MI,161724-1.parquet,1
uhs19_1247--udt19872,parquet_commercial_202512_comm_MI,161746-1.parquet,5
uhs19_1247--udt19872,parquet_commercial_202512_comm_MI,161936-8.parquet,1
uhs19_1247--udt19872,parquet_commercial_202512_comm_MI,162262-1.parquet,3
uhs19_1247--udt19872,parquet_commercial_202512_comm_MI,162646-8.parquet,1
uhs19_1247--udt19872,parquet_commercial_202512_comm_MI,162648-1.parquet,1
uhs19_1247--udt19872,parquet_commercial_202512_comm_MI,162868-1.parquet,1
uhs19_1247--udt19872,parquet_commercial_202512_comm_MI,162943-1.parquet,1
uhs19_1247--udt19872,parquet_commercial_202512_comm_MI,163398-1.parquet,1
uhs19_1247--udt19872,parquet_commercial_202512_comm_MI,163559-1.parquet,1
uhs19_1247--udt19872,parquet_commercial_202512_comm_MI,163668-8.parquet,1
uhs19_1247--udt19872,parquet_commercial_202512_comm_MI,163975-1.parquet,1
uhs19_1247--udt19872,parquet_commercial_202512_comm_MI,164126-8.parquet,2
uhs19_1247--udt19872,parquet_commercial_202512_comm_MI,164185-1.parquet,1
uhs19_1247--udt19872,parquet_commercial_202512_comm_MI,164283-8.parquet,1
uhs19_1247--udt19872,parquet_commercial_202512_comm_MI,164341-1.parquet,1
uhs19_1247--udt19872,parquet_commercial_202512_comm_MI,164352-1.parquet,1
uhs19_1247--udt19872,parquet_commercial_202512_comm_MI,164430-1.parquet,1
uhs19_1247--udt19872,parquet_commercial_202512_comm_MI,164450-1.parquet,1
uhs19_1247--udt19872,parquet_commercial_202512_comm_MI,164547-1.parquet,3
uhs19_1247--udt19872,parquet_commercial_202512_comm_MI,164606-1.parquet,1
uhs19_1247--udt19872,parquet_commercial_202512_comm_MI,164677-1.parquet,9
uhs19_1247--udt19872,parquet_commercial_202512_comm_MI,164698-8.parquet,2
uhs19_1247--udt19872,parquet_commercial_202512_comm_MI,164743-1.parquet,1
uhs19_1247--udt19872,parquet_commercial_202512_comm_MI,164787-1.parquet,2
uhs19_1247--udt19872,parquet_commercial_202512_comm_MI,164825-1.parquet,1
uhs19_1247--udt19872,parquet_commercial_202512_comm_MI,164928-8.parquet,1
uhs19_1247--udt19872,parquet_commercial_202512_comm_MI,164964-1.parquet,1
uhs19_1247--udt19872,parquet_commercial_202512_comm_MI,165060-8.parquet,1
uhs19_1247--udt19872,parquet_commercial_202512_comm_MI,165075-1.parquet,2
uhs19_1247--udt19872,parquet_commercial_202512_comm_MI,165352-8.parquet,3
uhs19_1247--udt19872,parquet_commercial_202512_comm_MI,165401-1.parquet,1
uhs19_1247--udt19872,parquet_commercial_202512_comm_MI,165410-1.parquet,4
uhs19_1247--udt19872,parquet_commercial_202512_comm_MI,165460-1.parquet,2
uhs19_1247--udt19872,parquet_commercial_202512_comm_MI,165531-8.parquet,6
uhs19_1247--udt19872,parquet_commercial_202512_comm_MI,165583-1.parquet,1
uhs19_1247--udt19872,parquet_commercial_202512_comm_MI,165747-1.parquet,3
uhs19_1247--udt19872,parquet_commercial_202512_comm_MI,165799-1.parquet,1
uhs19_1247--udt19872,parquet_commercial_202512_comm_MI,165810-1.parquet,1
uhs19_1247--udt19872,parquet_commercial_202512_comm_MI,165981-1.parquet,2
uhs19_1247--udt19872,parquet_commercial_202512_comm_MI,166041-1.parquet,3
uhs19_1247--udt19872,parquet_commercial_202512_comm_MI,166183-1.parquet,1
uhs19_1247--udt19872,parquet_commercial_202512_comm_MI,166257-1.parquet,1
uhs19_1247--udt19872,parquet_commercial_202512_comm_MI,166308-1.parquet,1
uhs19_1247--udt19872,parquet_commercial_202512_comm_MI,166488-1.parquet,7
uhs19_1247--udt19872,parquet_commercial_202512_comm_MI,166773-1.parquet,2
uhs19_1247--udt19872,parquet_commercial_202512_comm_MI,166814-1.parquet,4
uhs19_1247--udt19872,parquet_commercial_202512_comm_MI,166841-1.parquet,1
uhs19_1247--udt19872,parquet_commercial_202512_comm_MI,166993-1.parquet,2
uhs19_1247--udt19872,parquet_commercial_202512_comm_MI,167455-1.parquet,2
uhs19_1247--udt19872,parquet_commercial_202512_comm_MI,167474-1.parquet,1
uhs19_1247--udt19872,parquet_commercial_202512_comm_MI,167724-1.parquet,1
uhs19_1247--udt19872,parquet_commercial_202512_comm_MI,167908-1.parquet,2
uhs19_1247--udt19872,parquet_commercial_202512_comm_MI,167919-1.parquet,2
uhs19_1247--udt19872,parquet_commercial_202512_comm_MI,167931-1.parquet,2
uhs19_1247--udt19872,parquet_commercial_202512_comm_MI,167937-1.parquet,2
uhs19_1247--udt19872,parquet_commercial_202512_comm_MI,168053-1.parquet,1
uhs19_1247--udt19872,parquet_commercial_202512_comm_MI,168103-1.parquet,3
uhs19_1247--udt19872,parquet_commercial_202512_comm_MI,168193-1.parquet,1
uhs19_1247--udt19872,parquet_commercial_202512_comm_MI,168388-1.parquet,6
uhs19_1247--udt19872,parquet_commercial_202512_comm_MI,168389-1.parquet,1
uhs19_1247--udt19872,parquet_commercial_202512_comm_MI,168682-1.parquet,4
uhs19_1247--udt19872,parquet_commercial_202512_comm_MI,168759-1.parquet,1
uhs19_1247--udt19872,parquet_commercial_202512_comm_MI,168846-1.parquet,1
uhs19_1247--udt19872,parquet_commercial_202512_comm_MI,168901-1.parquet,6
uhs19_1247--udt19872,parquet_commercial_202512_comm_MI,169006-1.parquet,1
uhs19_1247--udt19872,parquet_commercial_202512_comm_MI,169052-8.parquet,1
uhs19_1247--udt19872,parquet_commercial_202512_comm_MI,169100-1.parquet,1
uhs19_1247--udt19872,parquet_commercial_202512_comm_MI,169293-1.parquet,1
uhs19_1247--udt19872,parquet_commercial_202512_comm_MI,169316-1.parquet,2
uhs19_1247--udt19872,parquet_commercial_202512_comm_MI,169537-1.parquet,1
uhs19_1247--udt19872,parquet_commercial_202512_comm_MI,169593-1.parquet,2
uhs19_1247--udt19872,parquet_commercial_202512_comm_MI,169597-1.parquet,1
uhs19_1247--udt19872,parquet_commercial_202512_comm_MI,169601-8.parquet,1
uhs19_1247--udt19872,parquet_commercial_202512_comm_MI,169680-1.parquet,1
uhs19_1247--udt19872,parquet_commercial_202512_comm_MI,169748-1.parquet,3
uhs19_1247--udt19872,parquet_commercial_202512_comm_MI,169773-1.parquet,8
uhs19_1247--udt19872,parquet_commercial_202512_comm_MI,169913-1.parquet,1
uhs19_1247--udt19872,parquet_commercial_202512_comm_MI,169917-1.parquet,1
uhs19_1247--udt19872,parquet_commercial_202512_comm_MI,169936-1.parquet,2
uhs19_1247--udt19872,parquet_commercial_202512_comm_MI,169985-1.parquet,1
uhs19_1247--udt19872,parquet_residential_short_202512_res_MI,10381-1.parquet,3
uhs19_1247--udt19872,parquet_residential_short_202512_res_MI,113255-1.parquet,1
uhs19_1247--udt19872,parquet_residential_short_202512_res_MI,113495-1.parquet,2
uhs19_1247--udt19872,parquet_residential_short_202512_res_MI,11596-1.parquet,2
uhs19_1247--udt19872,parquet_residential_short_202512_res_MI,118404-1.parquet,13
uhs19_1247--udt19872,parquet_residential_short_202512_res_MI,134138-1.parquet,1
uhs19_1247--udt19872,parquet_residential_short_202512_res_MI,14251-1.parquet,2
uhs19_1247--udt19872,parquet_residential_short_202512_res_MI,144380-1.parquet,2
uhs19_1247--udt19872,parquet_residential_short_202512_res_MI,145104-1.parquet,2
uhs19_1247--udt19872,parquet_residential_short_202512_res_MI,158553-1.parquet,1
uhs19_1247--udt19872,parquet_residential_short_202512_res_MI,163160-1.parquet,1
uhs19_1247--udt19872,parquet_residential_short_202512_res_MI,163888-1.parquet,4
uhs19_1247--udt19872,parquet_residential_short_202512_res_MI,163929-1.parquet,5
uhs19_1247--udt19872,parquet_residential_short_202512_res_MI,169556-1.parquet,1
uhs19_1247--udt19872,parquet_residential_short_202512_res_MI,178848-1.parquet,30
uhs19_1247--udt19872,parquet_residential_short_202512_res_MI,178924-1.parquet,10
uhs19_1247--udt19872,parquet_residential_short_202512_res_MI,179061-1.parquet,72
uhs19_1247--udt19872,parquet_residential_short_202512_res_MI,179991-1.parquet,1
uhs19_1247--udt19872,parquet_residential_short_202512_res_MI,189827-1.parquet,1
uhs19_1247--udt19872,parquet_residential_short_202512_res_MI,193304-1.parquet,1
uhs19_1247--udt19872,parquet_residential_short_202512_res_MI,202225-1.parquet,2
uhs19_1247--udt19872,parquet_residential_short_202512_res_MI,211618-1.parquet,1
uhs19_1247--udt19872,parquet_residential_short_202512_res_MI,229456-1.parquet,5
uhs19_1247--udt19872,parquet_residential_short_202512_res_MI,242004-1.parquet,1
uhs19_1247--udt19872,parquet_residential_short_202512_res_MI,255062-1.parquet,7
uhs19_1247--udt19872,parquet_residential_short_202512_res_MI,256339-1.parquet,2
uhs19_1247--udt19872,parquet_residential_short_202512_res_MI,26343-1.parquet,3
uhs19_1247--udt19872,parquet_residential_short_202512_res_MI,275115-1.parquet,10
uhs19_1247--udt19872,parquet_residential_short_202512_res_MI,280750-1.parquet,1
uhs19_1247--udt19872,parquet_residential_short_202512_res_MI,281826-1.parquet,2
uhs19_1247--udt19872,parquet_residential_short_202512_res_MI,282194-1.parquet,2
uhs19_1247--udt19872,parquet_residential_short_202512_res_MI,31043-1.parquet,3
uhs19_1247--udt19872,parquet_residential_short_202512_res_MI,31214-1.parquet,1
uhs19_1247--udt19872,parquet_residential_short_202512_res_MI,317135-1.parquet,1
uhs19_1247--udt19872,parquet_residential_short_202512_res_MI,317368-1.parquet,1
uhs19_1247--udt19872,parquet_residential_short_202512_res_MI,329472-1.parquet,1
uhs19_1247--udt19872,parquet_residential_short_202512_res_MI,334073-1.parquet,50
uhs19_1247--udt19872,parquet_residential_short_202512_res_MI,344633-1.parquet,1
uhs19_1247--udt19872,parquet_residential_short_202512_res_MI,346477-1.parquet,4
uhs19_1247--udt19872,parquet_residential_short_202512_res_MI,361783-1.parquet,37
uhs19_1247--udt19872,parquet_residential_short_202512_res_MI,368387-1.parquet,1
uhs19_1247--udt19872,parquet_residential_short_202512_res_MI,370010-1.parquet,2
uhs19_1247--udt19872,parquet_residential_short_202512_res_MI,378338-1.parquet,17
uhs19_1247--udt19872,parquet_residential_short_202512_res_MI,380296-1.parquet,1
uhs19_1247--udt19872,parquet_residential_short_202512_res_MI,381828-1.parquet,1
uhs19_1247--udt19872,parquet_residential_short_202512_res_MI,381867-1.parquet,1
uhs19_1247--udt19872,parquet_residential_short_202512_res_MI,387495-1.parquet,9
uhs19_1247--udt19872,parquet_residential_short_202512_res_MI,392142-1.parquet,5
uhs19_1247--udt19872,parquet_residential_short_202512_res_MI,395863-1.parquet,1
uhs19_1247--udt19872,parquet_residential_short_202512_res_MI,400912-1.parquet,22
uhs19_1247--udt19872,parquet_residential_short_202512_res_MI,411616-1.parquet,20
uhs19_1247--udt19872,parquet_residential_short_202512_res_MI,418555-1.parquet,2
uhs19_1247--udt19872,parquet_residential_short_202512_res_MI,426204-1.parquet,1
uhs19_1247--udt19872,parquet_residential_short_202512_res_MI,436629-1.parquet,6
uhs19_1247--udt19872,parquet_residential_short_202512_res_MI,437871-1.parquet,8
uhs19_1247--udt19872,parquet_residential_short_202512_res_MI,441370-1.parquet,3
uhs19_1247--udt19872,parquet_residential_short_202512_res_MI,444065-1.parquet,1
uhs19_1247--udt19872,parquet_residential_short_202512_res_MI,449958-1.parquet,2
uhs19_1247--udt19872,parquet_residential_short_202512_res_MI,453782-1.parquet,1
uhs19_1247--udt19872,parquet_residential_short_202512_res_MI,457273-1.parquet,1
uhs19_1247--udt19872,parquet_residential_short_202512_res_MI,457712-1.parquet,1
uhs19_1247--udt19872,parquet_residential_short_202512_res_MI,459710-1.parquet,1
uhs19_1247--udt19872,parquet_residential_short_202512_res_MI,464078-1.parquet,1
uhs19_1247--udt19872,parquet_residential_short_202512_res_MI,473383-1.parquet,1
uhs19_1247--udt19872,parquet_residential_short_202512_res_MI,474345-1.parquet,5
uhs19_1247--udt19872,parquet_residential_short_202512_res_MI,474857-1.parquet,1
uhs19_1247--udt19872,parquet_residential_short_202512_res_MI,478155-1.parquet,1
uhs19_1247--udt19872,parquet_residential_short_202512_res_MI,48368-1.parquet,1
uhs19_1247--udt19872,parquet_residential_short_202512_res_MI,485537-1.parquet,3
uhs19_1247--udt19872,parquet_residential_short_202512_res_MI,491904-1.parquet,9
uhs19_1247--udt19872,parquet_residential_short_202512_res_MI,492169-1.parquet,1
uhs19_1247--udt19872,parquet_residential_short_202512_res_MI,494108-1.parquet,1
uhs19_1247--udt19872,parquet_residential_short_202512_res_MI,498993-1.parquet,2
uhs19_1247--udt19872,parquet_residential_short_202512_res_MI,502032-1.parquet,2
uhs19_1247--udt19872,parquet_residential_short_202512_res_MI,505391-1.parquet,2
uhs19_1247--udt19872,parquet_residential_short_202512_res_MI,508330-1.parquet,9
uhs19_1247--udt19872,parquet_residential_short_202512_res_MI,509345-1.parquet,1
uhs19_1247--udt19872,parquet_residential_short_202512_res_MI,513814-1.parquet,5
uhs19_1247--udt19872,parquet_residential_short_202512_res_MI,521610-1.parquet,3
uhs19_1247--udt19872,parquet_residential_short_202512_res_MI,525496-1.parquet,1
uhs19_1247--udt19872,parquet_residential_short_202512_res_MI,526776-1.parquet,1
uhs19_1247--udt19872,parquet_residential_short_202512_res_MI,533319-1.parquet,1
uhs19_1247--udt19872,parquet_residential_short_202512_res_MI,8111-1.parquet,5
uhs19_1247--udt19872,parquet_residential_short_202512_res_MI,82218-1.parquet,3
uhs19_1247--udt19872,parquet_residential_short_202512_res_MI,83885-1.parquet,1
uhs1_1247--udt15926,parquet_commercial_202512_comm_MI,158460-1.parquet,1
uhs1_1247--udt15926,parquet_commercial_202512_comm_MI,159409-1.parquet,1
uhs1_1247--udt15926,parquet_commercial_202512_comm_MI,159544-8.parquet,1
uhs1_1247--udt15926,parquet_commercial_202512_comm_MI,160477-1.parquet,1
uhs1_1247--udt15926,parquet_commercial_202512_comm_MI,160689-1.parquet,1
uhs1_1247--udt15926,parquet_commercial_202512_comm_MI,160747-1.parquet,2
uhs1_1247--udt15926,parquet_commercial_202512_comm_MI,161134-1.parquet,2
uhs1_1247--udt15926,parquet_commercial_202512_comm_MI,161642-1.parquet,1
uhs1_1247--udt15926,parquet_commercial_202512_comm_MI,162646-8.parquet,1
uhs1_1247--udt15926,parquet_commercial_202512_comm_MI,162648-1.parquet,1
uhs1_1247--udt15926,parquet_commercial_202512_comm_MI,162792-1.parquet,1
uhs1_1247--udt15926,parquet_commercial_202512_comm_MI,163409-1.parquet,1
uhs1_1247--udt15926,parquet_commercial_202512_comm_MI,163891-1.parquet,1
uhs1_1247--udt15926,parquet_commercial_202512_comm_MI,164483-1.parquet,1
uhs1_1247--udt15926,parquet_commercial_202512_comm_MI,164606-1.parquet,2
uhs1_1247--udt15926,parquet_commercial_202512_comm_MI,164928-8.parquet,1
uhs1_1247--udt15926,parquet_commercial_202512_comm_MI,166183-1.parquet,1
uhs1_1247--udt15926,parquet_commercial_202512_comm_MI,166339-1.parquet,1
uhs1_1247--udt15926,parquet_commercial_202512_comm_MI,166514-1.parquet,1
uhs1_1247--udt15926,parquet_commercial_202512_comm_MI,166814-1.parquet,3
uhs1_1247--udt15926,parquet_commercial_202512_comm_MI,166841-1.parquet,1
uhs1_1247--udt15926,parquet_commercial_202512_comm_MI,167790-1.parquet,1
uhs1_1247--udt15926,parquet_commercial_202512_comm_MI,167931-1.parquet,3
uhs1_1247--udt15926,parquet_commercial_202512_comm_MI,168555-1.parquet,1
uhs1_1247--udt15926,parquet_commercial_202512_comm_MI,168794-1.parquet,1
uhs1_1247--udt15926,parquet_commercial_202512_comm_MI,169471-1.parquet,2
uhs1_1247--udt15926,parquet_commercial_202512_comm_MI,169748-1.parquet,1
uhs1_1247--udt15926,parquet_commercial_202512_comm_MI,169773-1.parquet,1
uhs1_1247--udt15926,parquet_commercial_202512_comm_MI,169898-1.parquet,1
uhs1_1247--udt15926,parquet_residential_short_202512_res_MI,10381-1.parquet,6
uhs1_1247--udt15926,parquet_residential_short_202512_res_MI,113255-1.parquet,1
uhs1_1247--udt15926,parquet_residential_short_202512_res_MI,113495-1.parquet,2
uhs1_1247--udt15926,parquet_residential_short_202512_res_MI,11596-1.parquet,2
uhs1_1247--udt15926,parquet_residential_short_202512_res_MI,116219-1.parquet,2
uhs1_1247--udt15926,parquet_residential_short_202512_res_MI,118404-1.parquet,24
uhs1_1247--udt15926,parquet_residential_short_202512_res_MI,129893-1.parquet,1
uhs1_1247--udt15926,parquet_residential_short_202512_res_MI,134138-1.parquet,4
uhs1_1247--udt15926,parquet_residential_short_202512_res_MI,135030-1.parquet,1
uhs1_1247--udt15926,parquet_residential_short_202512_res_MI,14251-1.parquet,2
uhs1_1247--udt15926,parquet_residential_short_202512_res_MI,144380-1.parquet,2
uhs1_1247--udt15926,parquet_residential_short_202512_res_MI,145104-1.parquet,9
uhs1_1247--udt15926,parquet_residential_short_202512_res_MI,15283-1.parquet,3
uhs1_1247--udt15926,parquet_residential_short_202512_res_MI,158553-1.parquet,1
uhs1_1247--udt15926,parquet_residential_short_202512_res_MI,163160-1.parquet,1
uhs1_1247--udt15926,parquet_residential_short_202512_res_MI,163689-1.parquet,1
uhs1_1247--udt15926,parquet_residential_short_202512_res_MI,163888-1.parquet,5
uhs1_1247--udt15926,parquet_residential_short_202512_res_MI,163929-1.parquet,13
uhs1_1247--udt15926,parquet_residential_short_202512_res_MI,178848-1.parquet,112
uhs1_1247--udt15926,parquet_residential_short_202512_res_MI,178924-1.parquet,21
uhs1_1247--udt15926,parquet_residential_short_202512_res_MI,179061-1.parquet,130
uhs1_1247--udt15926,parquet_residential_short_202512_res_MI,179402-1.parquet,1
uhs1_1247--udt15926,parquet_residential_short_202512_res_MI,185204-1.parquet,1
uhs1_1247--udt15926,parquet_residential_short_202512_res_MI,189827-1.parquet,3
uhs1_1247--udt15926,parquet_residential_short_202512_res_MI,193304-1.parquet,2
uhs1_1247--udt15926,parquet_residential_short_202512_res_MI,193666-1.parquet,1
uhs1_1247--udt15926,parquet_residential_short_202512_res_MI,202225-1.parquet,4
uhs1_1247--udt15926,parquet_residential_short_202512_res_MI,206690-1.parquet,1
uhs1_1247--udt15926,parquet_residential_short_202512_res_MI,210420-1.parquet,1
uhs1_1247--udt15926,parquet_residential_short_202512_res_MI,211618-1.parquet,2
uhs1_1247--udt15926,parquet_residential_short_202512_res_MI,213050-1.parquet,1
uhs1_1247--udt15926,parquet_residential_short_202512_res_MI,219061-1.parquet,6
uhs1_1247--udt15926,parquet_residential_short_202512_res_MI,219912-1.parquet,1
uhs1_1247--udt15926,parquet_residential_short_202512_res_MI,22378-1.parquet,1
uhs1_1247--udt15926,parquet_residential_short_202512_res_MI,229456-1.parquet,4
uhs1_1247--udt15926,parquet_residential_short_202512_res_MI,242004-1.parquet,1
uhs1_1247--udt15926,parquet_residential_short_202512_res_MI,245364-1.parquet,1
uhs1_1247--udt15926,parquet_residential_short_202512_res_MI,255062-1.parquet,11
uhs1_1247--udt15926,parquet_residential_short_202512_res_MI,263197-1.parquet,8
uhs1_1247--udt15926,parquet_residential_short_202512_res_MI,26343-1.parquet,12
uhs1_1247--udt15926,parquet_residential_short_202512_res_MI,275115-1.parquet,16
uhs1_1247--udt15926,parquet_residential_short_202512_res_MI,275600-1.parquet,1
uhs1_1247--udt15926,parquet_residential_short_202512_res_MI,277511-1.parquet,1
uhs1_1247--udt15926,parquet_residential_short_202512_res_MI,278143-1.parquet,1
uhs1_1247--udt15926,parquet_residential_short_202512_res_MI,282194-1.parquet,8
uhs1_1247--udt15926,parquet_residential_short_202512_res_MI,285678-1.parquet,1
uhs1_1247--udt15926,parquet_residential_short_202512_res_MI,292113-1.parquet,7
uhs1_1247--udt15926,parquet_residential_short_202512_res_MI,307579-1.parquet,1
uhs1_1247--udt15926,parquet_residential_short_202512_res_MI,31043-1.parquet,8
uhs1_1247--udt15926,parquet_residential_short_202512_res_MI,316181-1.parquet,1
uhs1_1247--udt15926,parquet_residential_short_202512_res_MI,317135-1.parquet,4
uhs1_1247--udt15926,parquet_residential_short_202512_res_MI,317368-1.parquet,2
uhs1_1247--udt15926,parquet_residential_short_202512_res_MI,329472-1.parquet,5
uhs1_1247--udt15926,parquet_residential_short_202512_res_MI,32956-1.parquet,1
uhs1_1247--udt15926,parquet_residential_short_202512_res_MI,331207-1.parquet,3
uhs1_1247--udt15926,parquet_residential_short_202512_res_MI,334073-1.parquet,125
uhs1_1247--udt15926,parquet_residential_short_202512_res_MI,344633-1.parquet,1
uhs1_1247--udt15926,parquet_residential_short_202512_res_MI,346477-1.parquet,4
uhs1_1247--udt15926,parquet_residential_short_202512_res_MI,361783-1.parquet,94
uhs1_1247--udt15926,parquet_residential_short_202512_res_MI,363455-1.parquet,1
uhs1_1247--udt15926,parquet_residential_short_202512_res_MI,365825-1.parquet,1
uhs1_1247--udt15926,parquet_residential_short_202512_res_MI,368387-1.parquet,1
uhs1_1247--udt15926,parquet_residential_short_202512_res_MI,370010-1.parquet,2
uhs1_1247--udt15926,parquet_residential_short_202512_res_MI,378338-1.parquet,17
uhs1_1247--udt15926,parquet_residential_short_202512_res_MI,380296-1.parquet,1
uhs1_1247--udt15926,parquet_residential_short_202512_res_MI,381828-1.parquet,2
uhs1_1247--udt15926,parquet_residential_short_202512_res_MI,381867-1.parquet,5
uhs1_1247--udt15926,parquet_residential_short_202512_res_MI,392142-1.parquet,9
uhs1_1247--udt15926,parquet_residential_short_202512_res_MI,39516-1.parquet,2
uhs1_1247--udt15926,parquet_residential_short_202512_res_MI,39539-1.parquet,5
uhs1_1247--udt15926,parquet_residential_short_202512_res_MI,395863-1.parquet,5
uhs1_1247--udt15926,parquet_residential_short_202512_res_MI,400912-1.parquet,33
uhs1_1247--udt15926,parquet_residential_short_202512_res_MI,405426-1.parquet,1
uhs1_1247--udt15926,parquet_residential_short_202512_res_MI,411616-1.parquet,58
uhs1_1247--udt15926,parquet_residential_short_202512_res_MI,418555-1.parquet,4
uhs1_1247--udt15926,parquet_residential_short_202512_res_MI,426204-1.parquet,14
uhs1_1247--udt15926,parquet_residential_short_202512_res_MI,42984-1.parquet,1
uhs1_1247--udt15926,parquet_residential_short_202512_res_MI,430122-1.parquet,3
uhs1_1247--udt15926,parquet_residential_short_202512_res_MI,432811-1.parquet,1
uhs1_1247--udt15926,parquet_residential_short_202512_res_MI,432831-1.parquet,1
uhs1_1247--udt15926,parquet_residential_short_202512_res_MI,433379-1.parquet,1
uhs1_1247--udt15926,parquet_residential_short_202512_res_MI,433741-1.parquet,2
uhs1_1247--udt15926,parquet_residential_short_202512_res_MI,436629-1.parquet,20
uhs1_1247--udt15926,parquet_residential_short_202512_res_MI,437871-1.parquet,8
uhs1_1247--udt15926,parquet_residential_short_202512_res_MI,439442-1.parquet,1
uhs1_1247--udt15926,parquet_residential_short_202512_res_MI,441370-1.parquet,7
uhs1_1247--udt15926,parquet_residential_short_202512_res_MI,444065-1.parquet,5
uhs1_1247--udt15926,parquet_residential_short_202512_res_MI,449575-1.parquet,1
uhs1_1247--udt15926,parquet_residential_short_202512_res_MI,449958-1.parquet,10
uhs1_1247--udt15926,parquet_residential_short_202512_res_MI,453782-1.parquet,3
uhs1_1247--udt15926,parquet_residential_short_202512_res_MI,455633-1.parquet,1
uhs1_1247--udt15926,parquet_residential_short_202512_res_MI,457273-1.parquet,2
uhs1_1247--udt15926,parquet_residential_short_202512_res_MI,459710-1.parquet,6
uhs1_1247--udt15926,parquet_residential_short_202512_res_MI,459832-1.parquet,1
uhs1_1247--udt15926,parquet_residential_short_202512_res_MI,463711-1.parquet,2
uhs1_1247--udt15926,parquet_residential_short_202512_res_MI,465000-1.parquet,1
uhs1_1247--udt15926,parquet_residential_short_202512_res_MI,465693-1.parquet,4
uhs1_1247--udt15926,parquet_residential_short_202512_res_MI,473383-1.parquet,7
uhs1_1247--udt15926,parquet_residential_short_202512_res_MI,474345-1.parquet,6
uhs1_1247--udt15926,parquet_residential_short_202512_res_MI,48368-1.parquet,4
uhs1_1247--udt15926,parquet_residential_short_202512_res_MI,485537-1.parquet,6
uhs1_1247--udt15926,parquet_residential_short_202512_res_MI,48737-1.parquet,1
uhs1_1247--udt15926,parquet_residential_short_202512_res_MI,491904-1.parquet,14
uhs1_1247--udt15926,parquet_residential_short_202512_res_MI,494108-1.parquet,1
uhs1_1247--udt15926,parquet_residential_short_202512_res_MI,498993-1.parquet,2
uhs1_1247--udt15926,parquet_residential_short_202512_res_MI,502032-1.parquet,4
uhs1_1247--udt15926,parquet_residential_short_202512_res_MI,505391-1.parquet,8
uhs1_1247--udt15926,parquet_residential_short_202512_res_MI,505432-1.parquet,1
uhs1_1247--udt15926,parquet_residential_short_202512_res_MI,508330-1.parquet,15
uhs1_1247--udt15926,parquet_residential_short_202512_res_MI,509345-1.parquet,1
uhs1_1247--udt15926,parquet_residential_short_202512_res_MI,513814-1.parquet,13
uhs1_1247--udt15926,parquet_residential_short_202512_res_MI,520460-1.parquet,1
uhs1_1247--udt15926,parquet_residential_short_202512_res_MI,521610-1.parquet,12
uhs1_1247--udt15926,parquet_residential_short_202512_res_MI,525496-1.parquet,3
uhs1_1247--udt15926,parquet_residential_short_202512_res_MI,530245-1.parquet,1
uhs1_1247--udt15926,parquet_residential_short_202512_res_MI,533319-1.parquet,11
uhs1_1247--udt15926,parquet_residential_short_202512_res_MI,53721-1.parquet,3
uhs1_1247--udt15926,parquet_residential_short_202512_res_MI,538350-1.parquet,2
uhs1_1247--udt15926,parquet_residential_short_202512_res_MI,549574-1.parquet,4
uhs1_1247--udt15926,parquet_residential_short_202512_res_MI,74525-1.parquet,1
uhs1_1247--udt15926,parquet_residential_short_202512_res_MI,78734-1.parquet,1
uhs1_1247--udt15926,parquet_residential_short_202512_res_MI,7956-1.parquet,1
uhs1_1247--udt15926,parquet_residential_short_202512_res_MI,8111-1.parquet,3
uhs1_1247--udt15926,parquet_residential_short_202512_res_MI,83885-1.parquet,3
uhs1_1247--udt15926,parquet_residential_short_202512_res_MI,90350-1.parquet,1
uhs1_1247--udt15926,parquet_residential_short_202512_res_MI,92876-1.parquet,2
uhs1_1247--udt15926,parquet_residential_short_202512_res_MI,95747-1.parquet,5
uhs1_1247--udt20176,parquet_commercial_202512_comm_MI,157810-1.parquet,4
uhs1_1247--udt20176,parquet_commercial_202512_comm_MI,157823-1.parquet,7
uhs1_1247--udt20176,parquet_commercial_202512_comm_MI,158073-1.parquet,1
uhs1_1247--udt20176,parquet_commercial_202512_comm_MI,158188-1.parquet,1
uhs1_1247--udt20176,parquet_commercial_202512_comm_MI,158365-1.parquet,1
uhs1_1247--udt20176,parquet_commercial_202512_comm_MI,158456-1.parquet,12
uhs1_1247--udt20176,parquet_commercial_202512_comm_MI,158460-1.parquet,39
uhs1_1247--udt20176,parquet_commercial_202512_comm_MI,158634-1.parquet,1
uhs1_1247--udt20176,parquet_commercial_202512_comm_MI,158760-1.parquet,1
uhs1_1247--udt20176,parquet_commercial_202512_comm_MI,159322-1.parquet,1
uhs1_1247--udt20176,parquet_commercial_202512_comm_MI,159485-1.parquet,11
uhs1_1247--udt20176,parquet_commercial_202512_comm_MI,159841-1.parquet,1
uhs1_1247--udt20176,parquet_commercial_202512_comm_MI,159922-8.parquet,1
uhs1_1247--udt20176,parquet_commercial_202512_comm_MI,159989-1.parquet,1
uhs1_1247--udt20176,parquet_commercial_202512_comm_MI,160078-1.parquet,1
uhs1_1247--udt20176,parquet_commercial_202512_comm_MI,160143-1.parquet,1
uhs1_1247--udt20176,parquet_commercial_202512_comm_MI,160365-1.parquet,1
uhs1_1247--udt20176,parquet_commercial_202512_comm_MI,160529-1.parquet,16
uhs1_1247--udt20176,parquet_commercial_202512_comm_MI,160562-1.parquet,1
uhs1_1247--udt20176,parquet_commercial_202512_comm_MI,160627-1.parquet,1
uhs1_1247--udt20176,parquet_commercial_202512_comm_MI,160747-1.parquet,1
uhs1_1247--udt20176,parquet_commercial_202512_comm_MI,160855-8.parquet,1
uhs1_1247--udt20176,parquet_commercial_202512_comm_MI,161054-1.parquet,1
uhs1_1247--udt20176,parquet_commercial_202512_comm_MI,161134-1.parquet,11
uhs1_1247--udt20176,parquet_commercial_202512_comm_MI,161335-1.parquet,2
uhs1_1247--udt20176,parquet_commercial_202512_comm_MI,161648-1.parquet,1
uhs1_1247--udt20176,parquet_commercial_202512_comm_MI,161746-1.parquet,1
uhs1_1247--udt20176,parquet_commercial_202512_comm_MI,161940-1.parquet,2
uhs1_1247--udt20176,parquet_commercial_202512_comm_MI,162063-1.parquet,1
uhs1_1247--udt20176,parquet_commercial_202512_comm_MI,162088-1.parquet,1
uhs1_1247--udt20176,parquet_commercial_202512_comm_MI,162262-1.parquet,1
uhs1_1247--udt20176,parquet_commercial_202512_comm_MI,162280-1.parquet,1
uhs1_1247--udt20176,parquet_commercial_202512_comm_MI,162281-8.parquet,2
uhs1_1247--udt20176,parquet_commercial_202512_comm_MI,162590-8.parquet,3
uhs1_1247--udt20176,parquet_commercial_202512_comm_MI,162850-1.parquet,1
uhs1_1247--udt20176,parquet_commercial_202512_comm_MI,162954-1.parquet,1
uhs1_1247--udt20176,parquet_commercial_202512_comm_MI,163035-1.parquet,5
uhs1_1247--udt20176,parquet_commercial_202512_comm_MI,163365-1.parquet,2
uhs1_1247--udt20176,parquet_commercial_202512_comm_MI,163388-1.parquet,1
uhs1_1247--udt20176,parquet_commercial_202512_comm_MI,163559-1.parquet,1
uhs1_1247--udt20176,parquet_commercial_202512_comm_MI,163772-1.parquet,1
uhs1_1247--udt20176,parquet_commercial_202512_comm_MI,163891-1.parquet,1
uhs1_1247--udt20176,parquet_commercial_202512_comm_MI,163919-1.parquet,1
uhs1_1247--udt20176,parquet_commercial_202512_comm_MI,163975-1.parquet,1
uhs1_1247--udt20176,parquet_commercial_202512_comm_MI,164450-1.parquet,2
uhs1_1247--udt20176,parquet_commercial_202512_comm_MI,164606-1.parquet,2
uhs1_1247--udt20176,parquet_commercial_202512_comm_MI,164677-1.parquet,2
uhs1_1247--udt20176,parquet_commercial_202512_comm_MI,164698-8.parquet,1
uhs1_1247--udt20176,parquet_commercial_202512_comm_MI,164742-1.parquet,4
uhs1_1247--udt20176,parquet_commercial_202512_comm_MI,164743-1.parquet,3
uhs1_1247--udt20176,parquet_commercial_202512_comm_MI,164928-8.parquet,5
uhs1_1247--udt20176,parquet_commercial_202512_comm_MI,165352-8.parquet,1
uhs1_1247--udt20176,parquet_commercial_202512_comm_MI,165376-1.parquet,1
uhs1_1247--udt20176,parquet_commercial_202512_comm_MI,165531-8.parquet,1
uhs1_1247--udt20176,parquet_commercial_202512_comm_MI,165648-1.parquet,1
uhs1_1247--udt20176,parquet_commercial_202512_comm_MI,165747-1.parquet,1
uhs1_1247--udt20176,parquet_commercial_202512_comm_MI,165773-1.parquet,1
uhs1_1247--udt20176,parquet_commercial_202512_comm_MI,166041-1.parquet,2
uhs1_1247--udt20176,parquet_commercial_202512_comm_MI,166182-1.parquet,1
uhs1_1247--udt20176,parquet_commercial_202512_comm_MI,166183-1.parquet,2
uhs1_1247--udt20176,parquet_commercial_202512_comm_MI,166527-1.parquet,1
uhs1_1247--udt20176,parquet_commercial_202512_comm_MI,166676-1.parquet,1
uhs1_1247--udt20176,parquet_commercial_202512_comm_MI,166692-8.parquet,1
uhs1_1247--udt20176,parquet_commercial_202512_comm_MI,166773-1.parquet,1
uhs1_1247--udt20176,parquet_commercial_202512_comm_MI,166998-1.parquet,1
uhs1_1247--udt20176,parquet_commercial_202512_comm_MI,167382-1.parquet,1
uhs1_1247--udt20176,parquet_commercial_202512_comm_MI,167614-1.parquet,1
uhs1_1247--udt20176,parquet_commercial_202512_comm_MI,167908-1.parquet,1
uhs1_1247--udt20176,parquet_commercial_202512_comm_MI,167919-1.parquet,2
uhs1_1247--udt20176,parquet_commercial_202512_comm_MI,167931-1.parquet,1
uhs1_1247--udt20176,parquet_commercial_202512_comm_MI,168064-1.parquet,1
uhs1_1247--udt20176,parquet_commercial_202512_comm_MI,168193-1.parquet,1
uhs1_1247--udt20176,parquet_commercial_202512_comm_MI,168278-1.parquet,1
uhs1_1247--udt20176,parquet_commercial_202512_comm_MI,168388-1.parquet,1
uhs1_1247--udt20176,parquet_commercial_202512_comm_MI,168555-1.parquet,1
uhs1_1247--udt20176,parquet_commercial_202512_comm_MI,168682-1.parquet,1
uhs1_1247--udt20176,parquet_commercial_202512_comm_MI,168901-1.parquet,4
uhs1_1247--udt20176,parquet_commercial_202512_comm_MI,169159-1.parquet,4
uhs1_1247--udt20176,parquet_commercial_202512_comm_MI,169316-1.parquet,1
uhs1_1247--udt20176,parquet_commercial_202512_comm_MI,169471-1.parquet,1
uhs1_1247--udt20176,parquet_commercial_202512_comm_MI,169593-1.parquet,2
uhs1_1247--udt20176,parquet_commercial_202512_comm_MI,169601-8.parquet,2
uhs1_1247--udt20176,parquet_commercial_202512_comm_MI,169655-1.parquet,2
uhs1_1247--udt20176,parquet_commercial_202512_comm_MI,169680-1.parquet,3
uhs1_1247--udt20176,parquet_residential_short_202512_res_MI,10381-1.parquet,2
uhs1_1247--udt20176,parquet_residential_short_202512_res_MI,109870-1.parquet,30
uhs1_1247--udt20176,parquet_residential_short_202512_res_MI,111086-1.parquet,1
uhs1_1247--udt20176,parquet_residential_short_202512_res_MI,11278-1.parquet,1
uhs1_1247--udt20176,parquet_residential_short_202512_res_MI,113255-1.parquet,11
uhs1_1247--udt20176,parquet_residential_short_202512_res_MI,113495-1.parquet,6
uhs1_1247--udt20176,parquet_residential_short_202512_res_MI,11596-1.parquet,2
uhs1_1247--udt20176,parquet_residential_short_202512_res_MI,116219-1.parquet,6
uhs1_1247--udt20176,parquet_residential_short_202512_res_MI,118404-1.parquet,61
uhs1_1247--udt20176,parquet_residential_short_202512_res_MI,123079-1.parquet,1
uhs1_1247--udt20176,parquet_residential_short_202512_res_MI,129325-1.parquet,1
uhs1_1247--udt20176,parquet_residential_short_202512_res_MI,129893-1.parquet,6
uhs1_1247--udt20176,parquet_residential_short_202512_res_MI,134138-1.parquet,4
uhs1_1247--udt20176,parquet_residential_short_202512_res_MI,135030-1.parquet,1
uhs1_1247--udt20176,parquet_residential_short_202512_res_MI,141942-1.parquet,1
uhs1_1247--udt20176,parquet_residential_short_202512_res_MI,14251-1.parquet,5
uhs1_1247--udt20176,parquet_residential_short_202512_res_MI,144380-1.parquet,8
uhs1_1247--udt20176,parquet_residential_short_202512_res_MI,144557-1.parquet,1
uhs1_1247--udt20176,parquet_residential_short_202512_res_MI,145077-1.parquet,8
uhs1_1247--udt20176,parquet_residential_short_202512_res_MI,145104-1.parquet,8
uhs1_1247--udt20176,parquet_residential_short_202512_res_MI,15283-1.parquet,8
uhs1_1247--udt20176,parquet_residential_short_202512_res_MI,158553-1.parquet,2
uhs1_1247--udt20176,parquet_residential_short_202512_res_MI,161125-1.parquet,1
uhs1_1247--udt20176,parquet_residential_short_202512_res_MI,163160-1.parquet,1
uhs1_1247--udt20176,parquet_residential_short_202512_res_MI,163888-1.parquet,9
uhs1_1247--udt20176,parquet_residential_short_202512_res_MI,163929-1.parquet,17
uhs1_1247--udt20176,parquet_residential_short_202512_res_MI,165775-1.parquet,1
uhs1_1247--udt20176,parquet_residential_short_202512_res_MI,178848-1.parquet,177
uhs1_1247--udt20176,parquet_residential_short_202512_res_MI,178924-1.parquet,38
uhs1_1247--udt20176,parquet_residential_short_202512_res_MI,179061-1.parquet,292
uhs1_1247--udt20176,parquet_residential_short_202512_res_MI,179402-1.parquet,3
uhs1_1247--udt20176,parquet_residential_short_202512_res_MI,179991-1.parquet,3
uhs1_1247--udt20176,parquet_residential_short_202512_res_MI,180563-1.parquet,3
uhs1_1247--udt20176,parquet_residential_short_202512_res_MI,189827-1.parquet,4
uhs1_1247--udt20176,parquet_residential_short_202512_res_MI,193304-1.parquet,12
uhs1_1247--udt20176,parquet_residential_short_202512_res_MI,195848-1.parquet,1
uhs1_1247--udt20176,parquet_residential_short_202512_res_MI,20070-1.parquet,1
uhs1_1247--udt20176,parquet_residential_short_202512_res_MI,202225-1.parquet,3
uhs1_1247--udt20176,parquet_residential_short_202512_res_MI,205005-1.parquet,1
uhs1_1247--udt20176,parquet_residential_short_202512_res_MI,206690-1.parquet,1
uhs1_1247--udt20176,parquet_residential_short_202512_res_MI,211618-1.parquet,7
uhs1_1247--udt20176,parquet_residential_short_202512_res_MI,213050-1.parquet,3
uhs1_1247--udt20176,parquet_residential_short_202512_res_MI,219061-1.parquet,10
uhs1_1247--udt20176,parquet_residential_short_202512_res_MI,219912-1.parquet,2
uhs1_1247--udt20176,parquet_residential_short_202512_res_MI,224704-1.parquet,1
uhs1_1247--udt20176,parquet_residential_short_202512_res_MI,229456-1.parquet,8
uhs1_1247--udt20176,parquet_residential_short_202512_res_MI,240169-1.parquet,1
uhs1_1247--udt20176,parquet_residential_short_202512_res_MI,242004-1.parquet,6
uhs1_1247--udt20176,parquet_residential_short_202512_res_MI,255062-1.parquet,9
uhs1_1247--udt20176,parquet_residential_short_202512_res_MI,256339-1.parquet,2
uhs1_1247--udt20176,parquet_residential_short_202512_res_MI,258760-1.parquet,1
uhs1_1247--udt20176,parquet_residential_short_202512_res_MI,263197-1.parquet,8
uhs1_1247--udt20176,parquet_residential_short_202512_res_MI,26343-1.parquet,10
uhs1_1247--udt20176,parquet_residential_short_202512_res_MI,275115-1.parquet,36
uhs1_1247--udt20176,parquet_residential_short_202512_res_MI,275600-1.parquet,3
uhs1_1247--udt20176,parquet_residential_short_202512_res_MI,277988-1.parquet,3
uhs1_1247--udt20176,parquet_residential_short_202512_res_MI,278143-1.parquet,1
uhs1_1247--udt20176,parquet_residential_short_202512_res_MI,280750-1.parquet,2
uhs1_1247--udt20176,parquet_residential_short_202512_res_MI,281826-1.parquet,4
uhs1_1247--udt20176,parquet_residential_short_202512_res_MI,282194-1.parquet,11
uhs1_1247--udt20176,parquet_residential_short_202512_res_MI,285678-1.parquet,1
uhs1_1247--udt20176,parquet_residential_short_202512_res_MI,292113-1.parquet,6
uhs1_1247--udt20176,parquet_residential_short_202512_res_MI,292202-1.parquet,1
uhs1_1247--udt20176,parquet_residential_short_202512_res_MI,301831-1.parquet,1
uhs1_1247--udt20176,parquet_residential_short_202512_res_MI,305049-1.parquet,6
uhs1_1247--udt20176,parquet_residential_short_202512_res_MI,31043-1.parquet,8
uhs1_1247--udt20176,parquet_residential_short_202512_res_MI,31214-1.parquet,5
uhs1_1247--udt20176,parquet_residential_short_202512_res_MI,316181-1.parquet,1
uhs1_1247--udt20176,parquet_residential_short_202512_res_MI,316670-1.parquet,2
uhs1_1247--udt20176,parquet_residential_short_202512_res_MI,317135-1.parquet,4
uhs1_1247--udt20176,parquet_residential_short_202512_res_MI,317368-1.parquet,3
uhs1_1247--udt20176,parquet_residential_short_202512_res_MI,329472-1.parquet,12
uhs1_1247--udt20176,parquet_residential_short_202512_res_MI,330999-1.parquet,4
uhs1_1247--udt20176,parquet_residential_short_202512_res_MI,331207-1.parquet,7
uhs1_1247--udt20176,parquet_residential_short_202512_res_MI,334073-1.parquet,144
uhs1_1247--udt20176,parquet_residential_short_202512_res_MI,335327-1.parquet,1
uhs1_1247--udt20176,parquet_residential_short_202512_res_MI,344633-1.parquet,4
uhs1_1247--udt20176,parquet_residential_short_202512_res_MI,345199-1.parquet,1
uhs1_1247--udt20176,parquet_residential_short_202512_res_MI,346477-1.parquet,3
uhs1_1247--udt20176,parquet_residential_short_202512_res_MI,350694-1.parquet,1
uhs1_1247--udt20176,parquet_residential_short_202512_res_MI,354403-1.parquet,13
uhs1_1247--udt20176,parquet_residential_short_202512_res_MI,361783-1.parquet,110
uhs1_1247--udt20176,parquet_residential_short_202512_res_MI,363455-1.parquet,1
uhs1_1247--udt20176,parquet_residential_short_202512_res_MI,367535-1.parquet,1
uhs1_1247--udt20176,parquet_residential_short_202512_res_MI,368387-1.parquet,4
uhs1_1247--udt20176,parquet_residential_short_202512_res_MI,370010-1.parquet,7
uhs1_1247--udt20176,parquet_residential_short_202512_res_MI,378338-1.parquet,52
uhs1_1247--udt20176,parquet_residential_short_202512_res_MI,380296-1.parquet,12
uhs1_1247--udt20176,parquet_residential_short_202512_res_MI,380682-1.parquet,1
uhs1_1247--udt20176,parquet_residential_short_202512_res_MI,381828-1.parquet,1
uhs1_1247--udt20176,parquet_residential_short_202512_res_MI,381867-1.parquet,2
uhs1_1247--udt20176,parquet_residential_short_202512_res_MI,387495-1.parquet,7
uhs1_1247--udt20176,parquet_residential_short_202512_res_MI,392142-1.parquet,31
uhs1_1247--udt20176,parquet_residential_short_202512_res_MI,39516-1.parquet,1
uhs1_1247--udt20176,parquet_residential_short_202512_res_MI,395863-1.parquet,7
uhs1_1247--udt20176,parquet_residential_short_202512_res_MI,396717-1.parquet,1
uhs1_1247--udt20176,parquet_residential_short_202512_res_MI,400912-1.parquet,54
uhs1_1247--udt20176,parquet_residential_short_202512_res_MI,409398-1.parquet,9
uhs1_1247--udt20176,parquet_residential_short_202512_res_MI,411616-1.parquet,63
uhs1_1247--udt20176,parquet_residential_short_202512_res_MI,418555-1.parquet,3
uhs1_1247--udt20176,parquet_residential_short_202512_res_MI,421729-1.parquet,9
uhs1_1247--udt20176,parquet_residential_short_202512_res_MI,426204-1.parquet,14
uhs1_1247--udt20176,parquet_residential_short_202512_res_MI,42984-1.parquet,2
uhs1_1247--udt20176,parquet_residential_short_202512_res_MI,430122-1.parquet,1
uhs1_1247--udt20176,parquet_residential_short_202512_res_MI,433741-1.parquet,9
uhs1_1247--udt20176,parquet_residential_short_202512_res_MI,436629-1.parquet,26
uhs1_1247--udt20176,parquet_residential_short_202512_res_MI,437871-1.parquet,52
uhs1_1247--udt20176,parquet_residential_short_202512_res_MI,439442-1.parquet,2
uhs1_1247--udt20176,parquet_residential_short_202512_res_MI,441370-1.parquet,5
uhs1_1247--udt20176,parquet_residential_short_202512_res_MI,444065-1.parquet,16
uhs1_1247--udt20176,parquet_residential_short_202512_res_MI,446161-1.parquet,17
uhs1_1247--udt20176,parquet_residential_short_202512_res_MI,449575-1.parquet,1
uhs1_1247--udt20176,parquet_residential_short_202512_res_MI,449958-1.parquet,23
uhs1_1247--udt20176,parquet_residential_short_202512_res_MI,45070-1.parquet,1
uhs1_1247--udt20176,parquet_residential_short_202512_res_MI,453782-1.parquet,3
uhs1_1247--udt20176,parquet_residential_short_202512_res_MI,455633-1.parquet,1
uhs1_1247--udt20176,parquet_residential_short_202512_res_MI,457273-1.parquet,3
uhs1_1247--udt20176,parquet_residential_short_202512_res_MI,459710-1.parquet,7
uhs1_1247--udt20176,parquet_residential_short_202512_res_MI,459832-1.parquet,2
uhs1_1247--udt20176,parquet_residential_short_202512_res_MI,463711-1.parquet,1
uhs1_1247--udt20176,parquet_residential_short_202512_res_MI,465693-1.parquet,10
uhs1_1247--udt20176,parquet_residential_short_202512_res_MI,473383-1.parquet,7
uhs1_1247--udt20176,parquet_residential_short_202512_res_MI,474345-1.parquet,18
uhs1_1247--udt20176,parquet_residential_short_202512_res_MI,478155-1.parquet,1
uhs1_1247--udt20176,parquet_residential_short_202512_res_MI,48368-1.parquet,3
uhs1_1247--udt20176,parquet_residential_short_202512_res_MI,485286-1.parquet,5
uhs1_1247--udt20176,parquet_residential_short_202512_res_MI,485537-1.parquet,8
uhs1_1247--udt20176,parquet_residential_short_202512_res_MI,491904-1.parquet,28
uhs1_1247--udt20176,parquet_residential_short_202512_res_MI,494108-1.parquet,24
uhs1_1247--udt20176,parquet_residential_short_202512_res_MI,498779-1.parquet,1
uhs1_1247--udt20176,parquet_residential_short_202512_res_MI,498993-1.parquet,8
uhs1_1247--udt20176,parquet_residential_short_202512_res_MI,502032-1.parquet,14
uhs1_1247--udt20176,parquet_residential_short_202512_res_MI,505391-1.parquet,18
uhs1_1247--udt20176,parquet_residential_short_202512_res_MI,505432-1.parquet,1
uhs1_1247--udt20176,parquet_residential_short_202512_res_MI,507422-1.parquet,1
uhs1_1247--udt20176,parquet_residential_short_202512_res_MI,508330-1.parquet,31
uhs1_1247--udt20176,parquet_residential_short_202512_res_MI,509345-1.parquet,1
uhs1_1247--udt20176,parquet_residential_short_202512_res_MI,510025-1.parquet,1
uhs1_1247--udt20176,parquet_residential_short_202512_res_MI,513814-1.parquet,16
uhs1_1247--udt20176,parquet_residential_short_202512_res_MI,514790-1.parquet,1
uhs1_1247--udt20176,parquet_residential_short_202512_res_MI,515788-1.parquet,2
uhs1_1247--udt20176,parquet_residential_short_202512_res_MI,521610-1.parquet,15
uhs1_1247--udt20176,parquet_residential_short_202512_res_MI,525496-1.parquet,1
uhs1_1247--udt20176,parquet_residential_short_202512_res_MI,526776-1.parquet,5
uhs1_1247--udt20176,parquet_residential_short_202512_res_MI,527997-1.parquet,1
uhs1_1247--udt20176,parquet_residential_short_202512_res_MI,530429-1.parquet,1
uhs1_1247--udt20176,parquet_residential_short_202512_res_MI,533319-1.parquet,7
uhs1_1247--udt20176,parquet_residential_short_202512_res_MI,53721-1.parquet,3
uhs1_1247--udt20176,parquet_residential_short_202512_res_MI,538350-1.parquet,12
uhs1_1247--udt20176,parquet_residential_short_202512_res_MI,549574-1.parquet,6
uhs1_1247--udt20176,parquet_residential_short_202512_res_MI,55789-1.parquet,1
uhs1_1247--udt20176,parquet_residential_short_202512_res_MI,60207-1.parquet,2
uhs1_1247--udt20176,parquet_residential_short_202512_res_MI,73789-1.parquet,1
uhs1_1247--udt20176,parquet_residential_short_202512_res_MI,74525-1.parquet,4
uhs1_1247--udt20176,parquet_residential_short_202512_res_MI,7845-1.parquet,1
uhs1_1247--udt20176,parquet_residential_short_202512_res_MI,78734-1.parquet,3
uhs1_1247--udt20176,parquet_residential_short_202512_res_MI,8111-1.parquet,19
uhs1_1247--udt20176,parquet_residential_short_202512_res_MI,82218-1.parquet,6
uhs1_1247--udt20176,parquet_residential_short_202512_res_MI,83885-1.parquet,14
uhs1_1247--udt20176,parquet_residential_short_202512_res_MI,90350-1.parquet,1
uhs1_1247--udt20176,parquet_residential_short_202512_res_MI,92876-1.parquet,2
uhs1_1247--udt20176,parquet_residential_short_202512_res_MI,95747-1.parquet,4
uhs20_1247--udt5173,parquet_commercial_202512_comm_MI,158603-1.parquet,1
uhs20_1247--udt5173,parquet_commercial_202512_comm_MI,158935-1.parquet,1
uhs20_1247--udt5173,parquet_commercial_202512_comm_MI,159326-1.parquet,1
uhs20_1247--udt5173,parquet_commercial_202512_comm_MI,159409-1.parquet,1
uhs20_1247--udt5173,parquet_commercial_202512_comm_MI,159485-1.parquet,1
uhs20_1247--udt5173,parquet_commercial_202512_comm_MI,159686-1.parquet,1
uhs20_1247--udt5173,parquet_commercial_202512_comm_MI,160078-1.parquet,3
uhs20_1247--udt5173,parquet_commercial_202512_comm_MI,160365-1.parquet,1
uhs20_1247--udt5173,parquet_commercial_202512_comm_MI,160467-1.parquet,1
uhs20_1247--udt5173,parquet_commercial_202512_comm_MI,160562-1.parquet,1
uhs20_1247--udt5173,parquet_commercial_202512_comm_MI,160747-1.parquet,1
uhs20_1247--udt5173,parquet_commercial_202512_comm_MI,160949-1.parquet,1
uhs20_1247--udt5173,parquet_commercial_202512_comm_MI,162281-8.parquet,1
uhs20_1247--udt5173,parquet_commercial_202512_comm_MI,162616-1.parquet,1
uhs20_1247--udt5173,parquet_commercial_202512_comm_MI,162792-1.parquet,1
uhs20_1247--udt5173,parquet_commercial_202512_comm_MI,162850-1.parquet,1
uhs20_1247--udt5173,parquet_commercial_202512_comm_MI,164079-1.parquet,9
uhs20_1247--udt5173,parquet_commercial_202512_comm_MI,165018-8.parquet,2
uhs20_1247--udt5173,parquet_commercial_202512_comm_MI,166339-1.parquet,1
uhs20_1247--udt5173,parquet_commercial_202512_comm_MI,167382-1.parquet,1
uhs20_1247--udt5173,parquet_commercial_202512_comm_MI,167931-1.parquet,1
uhs20_1247--udt5173,parquet_commercial_202512_comm_MI,168033-1.parquet,1
uhs20_1247--udt5173,parquet_commercial_202512_comm_MI,169293-1.parquet,3
uhs20_1247--udt5173,parquet_commercial_202512_comm_MI,169316-1.parquet,1
uhs20_1247--udt5173,parquet_commercial_202512_comm_MI,169593-1.parquet,1
uhs20_1247--udt5173,parquet_commercial_202512_comm_MI,170028-1.parquet,1
uhs20_1247--udt5173,parquet_residential_short_202512_res_MI,110028-1.parquet,3
uhs20_1247--udt5173,parquet_residential_short_202512_res_MI,11278-1.parquet,2
uhs20_1247--udt5173,parquet_residential_short_202512_res_MI,11596-1.parquet,7
uhs20_1247--udt5173,parquet_residential_short_202512_res_MI,118404-1.parquet,12
uhs20_1247--udt5173,parquet_residential_short_202512_res_MI,123079-1.parquet,2
uhs20_1247--udt5173,parquet_residential_short_202512_res_MI,129325-1.parquet,2
uhs20_1247--udt5173,parquet_residential_short_202512_res_MI,140480-1.parquet,1
uhs20_1247--udt5173,parquet_residential_short_202512_res_MI,141664-1.parquet,5
uhs20_1247--udt5173,parquet_residential_short_202512_res_MI,144380-1.parquet,4
uhs20_1247--udt5173,parquet_residential_short_202512_res_MI,144399-1.parquet,1
uhs20_1247--udt5173,parquet_residential_short_202512_res_MI,15283-1.parquet,1
uhs20_1247--udt5173,parquet_residential_short_202512_res_MI,163888-1.parquet,6
uhs20_1247--udt5173,parquet_residential_short_202512_res_MI,163929-1.parquet,3
uhs20_1247--udt5173,parquet_residential_short_202512_res_MI,169556-1.parquet,3
uhs20_1247--udt5173,parquet_residential_short_202512_res_MI,178848-1.parquet,2
uhs20_1247--udt5173,parquet_residential_short_202512_res_MI,178924-1.parquet,1
uhs20_1247--udt5173,parquet_residential_short_202512_res_MI,179061-1.parquet,13
uhs20_1247--udt5173,parquet_residential_short_202512_res_MI,179402-1.parquet,3
uhs20_1247--udt5173,parquet_residential_short_202512_res_MI,181066-1.parquet,1
uhs20_1247--udt5173,parquet_residential_short_202512_res_MI,189827-1.parquet,1
uhs20_1247--udt5173,parquet_residential_short_202512_res_MI,193304-1.parquet,43
uhs20_1247--udt5173,parquet_residential_short_202512_res_MI,193666-1.parquet,6
uhs20_1247--udt5173,parquet_residential_short_202512_res_MI,198563-1.parquet,1
uhs20_1247--udt5173,parquet_residential_short_202512_res_MI,20070-1.parquet,1
uhs20_1247--udt5173,parquet_residential_short_202512_res_MI,206690-1.parquet,12
uhs20_1247--udt5173,parquet_residential_short_202512_res_MI,211618-1.parquet,3
uhs20_1247--udt5173,parquet_residential_short_202512_res_MI,212006-1.parquet,1
uhs20_1247--udt5173,parquet_residential_short_202512_res_MI,219061-1.parquet,2
uhs20_1247--udt5173,parquet_residential_short_202512_res_MI,22378-1.parquet,2
uhs20_1247--udt5173,parquet_residential_short_202512_res_MI,225421-1.parquet,2
uhs20_1247--udt5173,parquet_residential_short_202512_res_MI,229902-1.parquet,1
uhs20_1247--udt5173,parquet_residential_short_202512_res_MI,242004-1.parquet,72
uhs20_1247--udt5173,parquet_residential_short_202512_res_MI,252372-1.parquet,5
uhs20_1247--udt5173,parquet_residential_short_202512_res_MI,255062-1.parquet,9
uhs20_1247--udt5173,parquet_residential_short_202512_res_MI,256339-1.parquet,2
uhs20_1247--udt5173,parquet_residential_short_202512_res_MI,25870-1.parquet,2
uhs20_1247--udt5173,parquet_residential_short_202512_res_MI,26004-1.parquet,2
uhs20_1247--udt5173,parquet_residential_short_202512_res_MI,263197-1.parquet,7
uhs20_1247--udt5173,parquet_residential_short_202512_res_MI,26747-1.parquet,1
uhs20_1247--udt5173,parquet_residential_short_202512_res_MI,275115-1.parquet,4
uhs20_1247--udt5173,parquet_residential_short_202512_res_MI,275600-1.parquet,1
uhs20_1247--udt5173,parquet_residential_short_202512_res_MI,277511-1.parquet,3
uhs20_1247--udt5173,parquet_residential_short_202512_res_MI,277988-1.parquet,1
uhs20_1247--udt5173,parquet_residential_short_202512_res_MI,285678-1.parquet,27
uhs20_1247--udt5173,parquet_residential_short_202512_res_MI,286308-1.parquet,2
uhs20_1247--udt5173,parquet_residential_short_202512_res_MI,300299-1.parquet,11
uhs20_1247--udt5173,parquet_residential_short_202512_res_MI,306457-1.parquet,1
uhs20_1247--udt5173,parquet_residential_short_202512_res_MI,316181-1.parquet,4
uhs20_1247--udt5173,parquet_residential_short_202512_res_MI,316670-1.parquet,1
uhs20_1247--udt5173,parquet_residential_short_202512_res_MI,317135-1.parquet,1
uhs20_1247--udt5173,parquet_residential_short_202512_res_MI,317368-1.parquet,2
uhs20_1247--udt5173,parquet_residential_short_202512_res_MI,32711-1.parquet,1
uhs20_1247--udt5173,parquet_residential_short_202512_res_MI,329472-1.parquet,5
uhs20_1247--udt5173,parquet_residential_short_202512_res_MI,32956-1.parquet,3
uhs20_1247--udt5173,parquet_residential_short_202512_res_MI,334073-1.parquet,1
uhs20_1247--udt5173,parquet_residential_short_202512_res_MI,344633-1.parquet,3
uhs20_1247--udt5173,parquet_residential_short_202512_res_MI,346477-1.parquet,5
uhs20_1247--udt5173,parquet_residential_short_202512_res_MI,34826-1.parquet,7
uhs20_1247--udt5173,parquet_residential_short_202512_res_MI,354403-1.parquet,2
uhs20_1247--udt5173,parquet_residential_short_202512_res_MI,361783-1.parquet,10
uhs20_1247--udt5173,parquet_residential_short_202512_res_MI,368387-1.parquet,53
uhs20_1247--udt5173,parquet_residential_short_202512_res_MI,377543-1.parquet,1
uhs20_1247--udt5173,parquet_residential_short_202512_res_MI,378338-1.parquet,4
uhs20_1247--udt5173,parquet_residential_short_202512_res_MI,379240-1.parquet,1
uhs20_1247--udt5173,parquet_residential_short_202512_res_MI,381828-1.parquet,1
uhs20_1247--udt5173,parquet_residential_short_202512_res_MI,381867-1.parquet,14
uhs20_1247--udt5173,parquet_residential_short_202512_res_MI,386563-1.parquet,1
uhs20_1247--udt5173,parquet_residential_short_202512_res_MI,39516-1.parquet,7
uhs20_1247--udt5173,parquet_residential_short_202512_res_MI,395863-1.parquet,1
uhs20_1247--udt5173,parquet_residential_short_202512_res_MI,396717-1.parquet,4
uhs20_1247--udt5173,parquet_residential_short_202512_res_MI,400439-1.parquet,1
uhs20_1247--udt5173,parquet_residential_short_202512_res_MI,400912-1.parquet,1
uhs20_1247--udt5173,parquet_residential_short_202512_res_MI,405426-1.parquet,3
uhs20_1247--udt5173,parquet_residential_short_202512_res_MI,411616-1.parquet,28
uhs20_1247--udt5173,parquet_residential_short_202512_res_MI,417744-1.parquet,2
uhs20_1247--udt5173,parquet_residential_short_202512_res_MI,418555-1.parquet,1
uhs20_1247--udt5173,parquet_residential_short_202512_res_MI,426204-1.parquet,3
uhs20_1247--udt5173,parquet_residential_short_202512_res_MI,432811-1.parquet,1
uhs20_1247--udt5173,parquet_residential_short_202512_res_MI,436629-1.parquet,2
uhs20_1247--udt5173,parquet_residential_short_202512_res_MI,437871-1.parquet,14
uhs20_1247--udt5173,parquet_residential_short_202512_res_MI,439442-1.parquet,2
uhs20_1247--udt5173,parquet_residential_short_202512_res_MI,441370-1.parquet,3
uhs20_1247--udt5173,parquet_residential_short_202512_res_MI,444065-1.parquet,5
uhs20_1247--udt5173,parquet_residential_short_202512_res_MI,449575-1.parquet,4
uhs20_1247--udt5173,parquet_residential_short_202512_res_MI,455633-1.parquet,9
uhs20_1247--udt5173,parquet_residential_short_202512_res_MI,457273-1.parquet,13
uhs20_1247--udt5173,parquet_residential_short_202512_res_MI,457563-1.parquet,3
uhs20_1247--udt5173,parquet_residential_short_202512_res_MI,458168-1.parquet,5
uhs20_1247--udt5173,parquet_residential_short_202512_res_MI,459710-1.parquet,1
uhs20_1247--udt5173,parquet_residential_short_202512_res_MI,459832-1.parquet,1
uhs20_1247--udt5173,parquet_residential_short_202512_res_MI,462288-1.parquet,1
uhs20_1247--udt5173,parquet_residential_short_202512_res_MI,465000-1.parquet,8
uhs20_1247--udt5173,parquet_residential_short_202512_res_MI,467658-1.parquet,3
uhs20_1247--udt5173,parquet_residential_short_202512_res_MI,474345-1.parquet,1
uhs20_1247--udt5173,parquet_residential_short_202512_res_MI,485286-1.parquet,1
uhs20_1247--udt5173,parquet_residential_short_202512_res_MI,485537-1.parquet,4
uhs20_1247--udt5173,parquet_residential_short_202512_res_MI,491904-1.parquet,5
uhs20_1247--udt5173,parquet_residential_short_202512_res_MI,494108-1.parquet,8
uhs20_1247--udt5173,parquet_residential_short_202512_res_MI,49911-1.parquet,1
uhs20_1247--udt5173,parquet_residential_short_202512_res_MI,502032-1.parquet,2
uhs20_1247--udt5173,parquet_residential_short_202512_res_MI,505432-1.parquet,1
uhs20_1247--udt5173,parquet_residential_short_202512_res_MI,507422-1.parquet,1
uhs20_1247--udt5173,parquet_residential_short_202512_res_MI,508330-1.parquet,83
uhs20_1247--udt5173,parquet_residential_short_202512_res_MI,509345-1.parquet,34
uhs20_1247--udt5173,parquet_residential_short_202512_res_MI,515788-1.parquet,1
uhs20_1247--udt5173,parquet_residential_short_202512_res_MI,519249-1.parquet,13
uhs20_1247--udt5173,parquet_residential_short_202512_res_MI,520460-1.parquet,1
uhs20_1247--udt5173,parquet_residential_short_202512_res_MI,523472-1.parquet,1
uhs20_1247--udt5173,parquet_residential_short_202512_res_MI,525496-1.parquet,5
uhs20_1247--udt5173,parquet_residential_short_202512_res_MI,5319-1.parquet,3
uhs20_1247--udt5173,parquet_residential_short_202512_res_MI,538350-1.parquet,7
uhs20_1247--udt5173,parquet_residential_short_202512_res_MI,540993-1.parquet,8
uhs20_1247--udt5173,parquet_residential_short_202512_res_MI,542380-1.parquet,1
uhs20_1247--udt5173,parquet_residential_short_202512_res_MI,60207-1.parquet,1
uhs20_1247--udt5173,parquet_residential_short_202512_res_MI,66663-1.parquet,2
uhs20_1247--udt5173,parquet_residential_short_202512_res_MI,73789-1.parquet,3
uhs20_1247--udt5173,parquet_residential_short_202512_res_MI,74525-1.parquet,19
uhs20_1247--udt5173,parquet_residential_short_202512_res_MI,8111-1.parquet,2
uhs20_1247--udt5173,parquet_residential_short_202512_res_MI,82218-1.parquet,8
uhs20_1247--udt5173,parquet_residential_short_202512_res_MI,87751-1.parquet,4
uhs20_1247--udt5173,parquet_residential_short_202512_res_MI,92876-1.parquet,49
uhs20_1247--udt5173,parquet_residential_short_202512_res_MI,97944-1.parquet,3
uhs20_1247--udt8894,parquet_commercial_202512_comm_MI,157810-1.parquet,1
uhs20_1247--udt8894,parquet_commercial_202512_comm_MI,157823-1.parquet,1
uhs20_1247--udt8894,parquet_commercial_202512_comm_MI,158365-1.parquet,1
uhs20_1247--udt8894,parquet_commercial_202512_comm_MI,158376-1.parquet,1
uhs20_1247--udt8894,parquet_commercial_202512_comm_MI,158460-1.parquet,1
uhs20_1247--udt8894,parquet_commercial_202512_comm_MI,159841-1.parquet,1
uhs20_1247--udt8894,parquet_commercial_202512_comm_MI,160477-1.parquet,2
uhs20_1247--udt8894,parquet_commercial_202512_comm_MI,160529-1.parquet,3
uhs20_1247--udt8894,parquet_commercial_202512_comm_MI,161134-1.parquet,1
uhs20_1247--udt8894,parquet_commercial_202512_comm_MI,161949-1.parquet,1
uhs20_1247--udt8894,parquet_commercial_202512_comm_MI,161969-1.parquet,1
uhs20_1247--udt8894,parquet_commercial_202512_comm_MI,162646-8.parquet,1
uhs20_1247--udt8894,parquet_commercial_202512_comm_MI,164606-1.parquet,1
uhs20_1247--udt8894,parquet_commercial_202512_comm_MI,164743-1.parquet,1
uhs20_1247--udt8894,parquet_commercial_202512_comm_MI,164928-8.parquet,3
uhs20_1247--udt8894,parquet_commercial_202512_comm_MI,165336-1.parquet,1
uhs20_1247--udt8894,parquet_commercial_202512_comm_MI,165376-1.parquet,1
uhs20_1247--udt8894,parquet_commercial_202512_comm_MI,166044-1.parquet,1
uhs20_1247--udt8894,parquet_commercial_202512_comm_MI,166814-1.parquet,1
uhs20_1247--udt8894,parquet_commercial_202512_comm_MI,167767-1.parquet,1
uhs20_1247--udt8894,parquet_commercial_202512_comm_MI,168555-1.parquet,1
uhs20_1247--udt8894,parquet_commercial_202512_comm_MI,169002-1.parquet,1
uhs20_1247--udt8894,parquet_commercial_202512_comm_MI,169159-1.parquet,1
uhs20_1247--udt8894,parquet_commercial_202512_comm_MI,169531-1.parquet,1
uhs20_1247--udt8894,parquet_commercial_202512_comm_MI,170028-1.parquet,1
uhs20_1247--udt8894,parquet_residential_short_202512_res_MI,10381-1.parquet,2
uhs20_1247--udt8894,parquet_residential_short_202512_res_MI,11278-1.parquet,3
uhs20_1247--udt8894,parquet_residential_short_202512_res_MI,113255-1.parquet,2
uhs20_1247--udt8894,parquet_residential_short_202512_res_MI,113495-1.parquet,2
uhs20_1247--udt8894,parquet_residential_short_202512_res_MI,11596-1.parquet,2
uhs20_1247--udt8894,parquet_residential_short_202512_res_MI,116219-1.parquet,2
uhs20_1247--udt8894,parquet_residential_short_202512_res_MI,118404-1.parquet,65
uhs20_1247--udt8894,parquet_residential_short_202512_res_MI,129325-1.parquet,1
uhs20_1247--udt8894,parquet_residential_short_202512_res_MI,129893-1.parquet,2
uhs20_1247--udt8894,parquet_residential_short_202512_res_MI,134138-1.parquet,3
uhs20_1247--udt8894,parquet_residential_short_202512_res_MI,141664-1.parquet,1
uhs20_1247--udt8894,parquet_residential_short_202512_res_MI,14251-1.parquet,1
uhs20_1247--udt8894,parquet_residential_short_202512_res_MI,144380-1.parquet,6
uhs20_1247--udt8894,parquet_residential_short_202512_res_MI,145104-1.parquet,3
uhs20_1247--udt8894,parquet_residential_short_202512_res_MI,15283-1.parquet,4
uhs20_1247--udt8894,parquet_residential_short_202512_res_MI,163888-1.parquet,15
uhs20_1247--udt8894,parquet_residential_short_202512_res_MI,163929-1.parquet,5
uhs20_1247--udt8894,parquet_residential_short_202512_res_MI,165775-1.parquet,1
uhs20_1247--udt8894,parquet_residential_short_202512_res_MI,178848-1.parquet,89
uhs20_1247--udt8894,parquet_residential_short_202512_res_MI,178924-1.parquet,13
uhs20_1247--udt8894,parquet_residential_short_202512_res_MI,179061-1.parquet,110
uhs20_1247--udt8894,parquet_residential_short_202512_res_MI,179402-1.parquet,6
uhs20_1247--udt8894,parquet_residential_short_202512_res_MI,179991-1.parquet,2
uhs20_1247--udt8894,parquet_residential_short_202512_res_MI,181066-1.parquet,2
uhs20_1247--udt8894,parquet_residential_short_202512_res_MI,193304-1.parquet,10
uhs20_1247--udt8894,parquet_residential_short_202512_res_MI,20070-1.parquet,2
uhs20_1247--udt8894,parquet_residential_short_202512_res_MI,211618-1.parquet,1
uhs20_1247--udt8894,parquet_residential_short_202512_res_MI,218749-1.parquet,1
uhs20_1247--udt8894,parquet_residential_short_202512_res_MI,219061-1.parquet,3
uhs20_1247--udt8894,parquet_residential_short_202512_res_MI,229456-1.parquet,2
uhs20_1247--udt8894,parquet_residential_short_202512_res_MI,242004-1.parquet,2
uhs20_1247--udt8894,parquet_residential_short_202512_res_MI,255062-1.parquet,8
uhs20_1247--udt8894,parquet_residential_short_202512_res_MI,256339-1.parquet,3
uhs20_1247--udt8894,parquet_residential_short_202512_res_MI,258760-1.parquet,2
uhs20_1247--udt8894,parquet_residential_short_202512_res_MI,263197-1.parquet,8
uhs20_1247--udt8894,parquet_residential_short_202512_res_MI,26343-1.parquet,3
uhs20_1247--udt8894,parquet_residential_short_202512_res_MI,275115-1.parquet,5
uhs20_1247--udt8894,parquet_residential_short_202512_res_MI,281826-1.parquet,1
uhs20_1247--udt8894,parquet_residential_short_202512_res_MI,282194-1.parquet,3
uhs20_1247--udt8894,parquet_residential_short_202512_res_MI,285504-1.parquet,1
uhs20_1247--udt8894,parquet_residential_short_202512_res_MI,286308-1.parquet,1
uhs20_1247--udt8894,parquet_residential_short_202512_res_MI,292113-1.parquet,2
uhs20_1247--udt8894,parquet_residential_short_202512_res_MI,308094-1.parquet,1
uhs20_1247--udt8894,parquet_residential_short_202512_res_MI,31043-1.parquet,6
uhs20_1247--udt8894,parquet_residential_short_202512_res_MI,316181-1.parquet,4
uhs20_1247--udt8894,parquet_residential_short_202512_res_MI,316670-1.parquet,1
uhs20_1247--udt8894,parquet_residential_short_202512_res_MI,317135-1.parquet,1
uhs20_1247--udt8894,parquet_residential_short_202512_res_MI,317368-1.parquet,2
uhs20_1247--udt8894,parquet_residential_short_202512_res_MI,329472-1.parquet,17
uhs20_1247--udt8894,parquet_residential_short_202512_res_MI,331207-1.parquet,2
uhs20_1247--udt8894,parquet_residential_short_202512_res_MI,334073-1.parquet,74
uhs20_1247--udt8894,parquet_residential_short_202512_res_MI,335327-1.parquet,2
uhs20_1247--udt8894,parquet_residential_short_202512_res_MI,344633-1.parquet,1
uhs20_1247--udt8894,parquet_residential_short_202512_res_MI,346477-1.parquet,3
uhs20_1247--udt8894,parquet_residential_short_202512_res_MI,350694-1.parquet,1
uhs20_1247--udt8894,parquet_residential_short_202512_res_MI,361783-1.parquet,49
uhs20_1247--udt8894,parquet_residential_short_202512_res_MI,368387-1.parquet,4
uhs20_1247--udt8894,parquet_residential_short_202512_res_MI,370010-1.parquet,2
uhs20_1247--udt8894,parquet_residential_short_202512_res_MI,378338-1.parquet,26
uhs20_1247--udt8894,parquet_residential_short_202512_res_MI,380296-1.parquet,1
uhs20_1247--udt8894,parquet_residential_short_202512_res_MI,381828-1.parquet,1
uhs20_1247--udt8894,parquet_residential_short_202512_res_MI,381867-1.parquet,7
uhs20_1247--udt8894,parquet_residential_short_202512_res_MI,392142-1.parquet,9
uhs20_1247--udt8894,parquet_residential_short_202512_res_MI,39516-1.parquet,1
uhs20_1247--udt8894,parquet_residential_short_202512_res_MI,39539-1.parquet,3
uhs20_1247--udt8894,parquet_residential_short_202512_res_MI,395863-1.parquet,7
uhs20_1247--udt8894,parquet_residential_short_202512_res_MI,400912-1.parquet,29
uhs20_1247--udt8894,parquet_residential_short_202512_res_MI,402675-1.parquet,1
uhs20_1247--udt8894,parquet_residential_short_202512_res_MI,411616-1.parquet,74
uhs20_1247--udt8894,parquet_residential_short_202512_res_MI,418555-1.parquet,1
uhs20_1247--udt8894,parquet_residential_short_202512_res_MI,426204-1.parquet,5
uhs20_1247--udt8894,parquet_residential_short_202512_res_MI,430122-1.parquet,2
uhs20_1247--udt8894,parquet_residential_short_202512_res_MI,433741-1.parquet,4
uhs20_1247--udt8894,parquet_residential_short_202512_res_MI,436629-1.parquet,9
uhs20_1247--udt8894,parquet_residential_short_202512_res_MI,437871-1.parquet,41
uhs20_1247--udt8894,parquet_residential_short_202512_res_MI,441370-1.parquet,4
uhs20_1247--udt8894,parquet_residential_short_202512_res_MI,444065-1.parquet,23
uhs20_1247--udt8894,parquet_residential_short_202512_res_MI,449958-1.parquet,6
uhs20_1247--udt8894,parquet_residential_short_202512_res_MI,453782-1.parquet,2
uhs20_1247--udt8894,parquet_residential_short_202512_res_MI,457273-1.parquet,4
uhs20_1247--udt8894,parquet_residential_short_202512_res_MI,457563-1.parquet,2
uhs20_1247--udt8894,parquet_residential_short_202512_res_MI,457712-1.parquet,1
uhs20_1247--udt8894,parquet_residential_short_202512_res_MI,459710-1.parquet,2
uhs20_1247--udt8894,parquet_residential_short_202512_res_MI,464078-1.parquet,1
uhs20_1247--udt8894,parquet_residential_short_202512_res_MI,473383-1.parquet,4
uhs20_1247--udt8894,parquet_residential_short_202512_res_MI,474345-1.parquet,5
uhs20_1247--udt8894,parquet_residential_short_202512_res_MI,48368-1.parquet,3
uhs20_1247--udt8894,parquet_residential_short_202512_res_MI,485286-1.parquet,2
uhs20_1247--udt8894,parquet_residential_short_202512_res_MI,485537-1.parquet,8
uhs20_1247--udt8894,parquet_residential_short_202512_res_MI,491904-1.parquet,11
uhs20_1247--udt8894,parquet_residential_short_202512_res_MI,494108-1.parquet,20
uhs20_1247--udt8894,parquet_residential_short_202512_res_MI,498779-1.parquet,2
uhs20_1247--udt8894,parquet_residential_short_202512_res_MI,498993-1.parquet,1
uhs20_1247--udt8894,parquet_residential_short_202512_res_MI,502032-1.parquet,5
uhs20_1247--udt8894,parquet_residential_short_202512_res_MI,505391-1.parquet,6
uhs20_1247--udt8894,parquet_residential_short_202512_res_MI,505432-1.parquet,2
uhs20_1247--udt8894,parquet_residential_short_202512_res_MI,508330-1.parquet,78
uhs20_1247--udt8894,parquet_residential_short_202512_res_MI,513814-1.parquet,5
uhs20_1247--udt8894,parquet_residential_short_202512_res_MI,519249-1.parquet,1
uhs20_1247--udt8894,parquet_residential_short_202512_res_MI,521610-1.parquet,7
uhs20_1247--udt8894,parquet_residential_short_202512_res_MI,525496-1.parquet,4
uhs20_1247--udt8894,parquet_residential_short_202512_res_MI,526776-1.parquet,1
uhs20_1247--udt8894,parquet_residential_short_202512_res_MI,530245-1.parquet,2
uhs20_1247--udt8894,parquet_residential_short_202512_res_MI,531208-1.parquet,1
uhs20_1247--udt8894,parquet_residential_short_202512_res_MI,533319-1.parquet,5
uhs20_1247--udt8894,parquet_residential_short_202512_res_MI,538350-1.parquet,24
uhs20_1247--udt8894,parquet_residential_short_202512_res_MI,544131-1.parquet,1
uhs20_1247--udt8894,parquet_residential_short_202512_res_MI,549574-1.parquet,2
uhs20_1247--udt8894,parquet_residential_short_202512_res_MI,73789-1.parquet,3
uhs20_1247--udt8894,parquet_residential_short_202512_res_MI,74525-1.parquet,12
uhs20_1247--udt8894,parquet_residential_short_202512_res_MI,78734-1.parquet,1
uhs20_1247--udt8894,parquet_residential_short_202512_res_MI,8111-1.parquet,6
uhs20_1247--udt8894,parquet_residential_short_202512_res_MI,82218-1.parquet,1
uhs20_1247--udt8894,parquet_residential_short_202512_res_MI,83885-1.parquet,1
uhs20_1247--udt8894,parquet_residential_short_202512_res_MI,92876-1.parquet,1
uhs20_1247--udt8894,parquet_residential_short_202512_res_MI,95747-1.parquet,2
uhs20_1247--udt8894,parquet_residential_short_202512_res_MI,97944-1.parquet,1
uhs20_1247--udt9897,parquet_commercial_202512_comm_MI,157823-1.parquet,3
uhs20_1247--udt9897,parquet_commercial_202512_comm_MI,158365-1.parquet,1
uhs20_1247--udt9897,parquet_commercial_202512_comm_MI,158460-1.parquet,31
uhs20_1247--udt9897,parquet_commercial_202512_comm_MI,158634-1.parquet,1
uhs20_1247--udt9897,parquet_commercial_202512_comm_MI,159029-1.parquet,1
uhs20_1247--udt9897,parquet_commercial_202512_comm_MI,159114-1.parquet,1
uhs20_1247--udt9897,parquet_commercial_202512_comm_MI,159485-1.parquet,3
uhs20_1247--udt9897,parquet_commercial_202512_comm_MI,159533-1.parquet,1
uhs20_1247--udt9897,parquet_commercial_202512_comm_MI,159799-8.parquet,1
uhs20_1247--udt9897,parquet_commercial_202512_comm_MI,159922-8.parquet,1
uhs20_1247--udt9897,parquet_commercial_202512_comm_MI,160078-1.parquet,1
uhs20_1247--udt9897,parquet_commercial_202512_comm_MI,160529-1.parquet,12
uhs20_1247--udt9897,parquet_commercial_202512_comm_MI,160747-1.parquet,2
uhs20_1247--udt9897,parquet_commercial_202512_comm_MI,161134-1.parquet,3
uhs20_1247--udt9897,parquet_commercial_202512_comm_MI,161940-1.parquet,1
uhs20_1247--udt9897,parquet_commercial_202512_comm_MI,162093-1.parquet,1
uhs20_1247--udt9897,parquet_commercial_202512_comm_MI,162590-8.parquet,1
uhs20_1247--udt9897,parquet_commercial_202512_comm_MI,163035-1.parquet,3
uhs20_1247--udt9897,parquet_commercial_202512_comm_MI,163365-1.parquet,1
uhs20_1247--udt9897,parquet_commercial_202512_comm_MI,163378-1.parquet,1
uhs20_1247--udt9897,parquet_commercial_202512_comm_MI,163559-1.parquet,2
uhs20_1247--udt9897,parquet_commercial_202512_comm_MI,163710-1.parquet,1
uhs20_1247--udt9897,parquet_commercial_202512_comm_MI,164248-1.parquet,1
uhs20_1247--udt9897,parquet_commercial_202512_comm_MI,164606-1.parquet,3
uhs20_1247--udt9897,parquet_commercial_202512_comm_MI,164928-8.parquet,3
uhs20_1247--udt9897,parquet_commercial_202512_comm_MI,165045-1.parquet,1
uhs20_1247--udt9897,parquet_commercial_202512_comm_MI,165336-1.parquet,2
uhs20_1247--udt9897,parquet_commercial_202512_comm_MI,165376-1.parquet,2
uhs20_1247--udt9897,parquet_commercial_202512_comm_MI,165880-1.parquet,1
uhs20_1247--udt9897,parquet_commercial_202512_comm_MI,166044-1.parquet,1
uhs20_1247--udt9897,parquet_commercial_202512_comm_MI,166183-1.parquet,2
uhs20_1247--udt9897,parquet_commercial_202512_comm_MI,166262-1.parquet,1
uhs20_1247--udt9897,parquet_commercial_202512_comm_MI,166676-1.parquet,2
uhs20_1247--udt9897,parquet_commercial_202512_comm_MI,166998-1.parquet,2
uhs20_1247--udt9897,parquet_commercial_202512_comm_MI,167382-1.parquet,3
uhs20_1247--udt9897,parquet_commercial_202512_comm_MI,167614-1.parquet,2
uhs20_1247--udt9897,parquet_commercial_202512_comm_MI,167790-1.parquet,1
uhs20_1247--udt9897,parquet_commercial_202512_comm_MI,167828-1.parquet,1
uhs20_1247--udt9897,parquet_commercial_202512_comm_MI,168193-1.parquet,2
uhs20_1247--udt9897,parquet_commercial_202512_comm_MI,168342-1.parquet,1
uhs20_1247--udt9897,parquet_commercial_202512_comm_MI,169002-1.parquet,3
uhs20_1247--udt9897,parquet_commercial_202512_comm_MI,169316-1.parquet,1
uhs20_1247--udt9897,parquet_commercial_202512_comm_MI,169655-1.parquet,2
uhs20_1247--udt9897,parquet_residential_short_202512_res_MI,10381-1.parquet,1
uhs20_1247--udt9897,parquet_residential_short_202512_res_MI,109870-1.parquet,1
uhs20_1247--udt9897,parquet_residential_short_202512_res_MI,111086-1.parquet,2
uhs20_1247--udt9897,parquet_residential_short_202512_res_MI,113255-1.parquet,1
uhs20_1247--udt9897,parquet_residential_short_202512_res_MI,118404-1.parquet,40
uhs20_1247--udt9897,parquet_residential_short_202512_res_MI,123079-1.parquet,1
uhs20_1247--udt9897,parquet_residential_short_202512_res_MI,144380-1.parquet,2
uhs20_1247--udt9897,parquet_residential_short_202512_res_MI,145077-1.parquet,1
uhs20_1247--udt9897,parquet_residential_short_202512_res_MI,163929-1.parquet,2
uhs20_1247--udt9897,parquet_residential_short_202512_res_MI,174128-1.parquet,1
uhs20_1247--udt9897,parquet_residential_short_202512_res_MI,178848-1.parquet,2
uhs20_1247--udt9897,parquet_residential_short_202512_res_MI,178924-1.parquet,1
uhs20_1247--udt9897,parquet_residential_short_202512_res_MI,179061-1.parquet,22
uhs20_1247--udt9897,parquet_residential_short_202512_res_MI,179402-1.parquet,2
uhs20_1247--udt9897,parquet_residential_short_202512_res_MI,193304-1.parquet,4
uhs20_1247--udt9897,parquet_residential_short_202512_res_MI,195848-1.parquet,1
uhs20_1247--udt9897,parquet_residential_short_202512_res_MI,20070-1.parquet,1
uhs20_1247--udt9897,parquet_residential_short_202512_res_MI,204257-1.parquet,2
uhs20_1247--udt9897,parquet_residential_short_202512_res_MI,206690-1.parquet,2
uhs20_1247--udt9897,parquet_residential_short_202512_res_MI,213050-1.parquet,1
uhs20_1247--udt9897,parquet_residential_short_202512_res_MI,229902-1.parquet,1
uhs20_1247--udt9897,parquet_residential_short_202512_res_MI,240169-1.parquet,2
uhs20_1247--udt9897,parquet_residential_short_202512_res_MI,242004-1.parquet,5
uhs20_1247--udt9897,parquet_residential_short_202512_res_MI,252372-1.parquet,1
uhs20_1247--udt9897,parquet_residential_short_202512_res_MI,258760-1.parquet,1
uhs20_1247--udt9897,parquet_residential_short_202512_res_MI,261491-1.parquet,4
uhs20_1247--udt9897,parquet_residential_short_202512_res_MI,26343-1.parquet,1
uhs20_1247--udt9897,parquet_residential_short_202512_res_MI,275115-1.parquet,1
uhs20_1247--udt9897,parquet_residential_short_202512_res_MI,275600-1.parquet,3
uhs20_1247--udt9897,parquet_residential_short_202512_res_MI,277511-1.parquet,2
uhs20_1247--udt9897,parquet_residential_short_202512_res_MI,281826-1.parquet,1
uhs20_1247--udt9897,parquet_residential_short_202512_res_MI,282194-1.parquet,1
uhs20_1247--udt9897,parquet_residential_short_202512_res_MI,285678-1.parquet,1
uhs20_1247--udt9897,parquet_residential_short_202512_res_MI,292202-1.parquet,1
uhs20_1247--udt9897,parquet_residential_short_202512_res_MI,305511-1.parquet,1
uhs20_1247--udt9897,parquet_residential_short_202512_res_MI,308094-1.parquet,1
uhs20_1247--udt9897,parquet_residential_short_202512_res_MI,317368-1.parquet,1
uhs20_1247--udt9897,parquet_residential_short_202512_res_MI,329472-1.parquet,5
uhs20_1247--udt9897,parquet_residential_short_202512_res_MI,334073-1.parquet,6
uhs20_1247--udt9897,parquet_residential_short_202512_res_MI,344633-1.parquet,1
uhs20_1247--udt9897,parquet_residential_short_202512_res_MI,354403-1.parquet,13
uhs20_1247--udt9897,parquet_residential_short_202512_res_MI,368387-1.parquet,3
uhs20_1247--udt9897,parquet_residential_short_202512_res_MI,368438-1.parquet,3
uhs20_1247--udt9897,parquet_residential_short_202512_res_MI,378338-1.parquet,8
uhs20_1247--udt9897,parquet_residential_short_202512_res_MI,387495-1.parquet,9
uhs20_1247--udt9897,parquet_residential_short_202512_res_MI,400912-1.parquet,2
uhs20_1247--udt9897,parquet_residential_short_202512_res_MI,411616-1.parquet,3
uhs20_1247--udt9897,parquet_residential_short_202512_res_MI,432489-1.parquet,1
uhs20_1247--udt9897,parquet_residential_short_202512_res_MI,437871-1.parquet,27
uhs20_1247--udt9897,parquet_residential_short_202512_res_MI,439442-1.parquet,11
uhs20_1247--udt9897,parquet_residential_short_202512_res_MI,440127-1.parquet,1
uhs20_1247--udt9897,parquet_residential_short_202512_res_MI,444065-1.parquet,11
uhs20_1247--udt9897,parquet_residential_short_202512_res_MI,445779-1.parquet,1
uhs20_1247--udt9897,parquet_residential_short_202512_res_MI,44963-1.parquet,1
uhs20_1247--udt9897,parquet_residential_short_202512_res_MI,459710-1.parquet,1
uhs20_1247--udt9897,parquet_residential_short_202512_res_MI,463711-1.parquet,3
uhs20_1247--udt9897,parquet_residential_short_202512_res_MI,465693-1.parquet,1
uhs20_1247--udt9897,parquet_residential_short_202512_res_MI,467658-1.parquet,1
uhs20_1247--udt9897,parquet_residential_short_202512_res_MI,473383-1.parquet,1
uhs20_1247--udt9897,parquet_residential_short_202512_res_MI,474345-1.parquet,1
uhs20_1247--udt9897,parquet_residential_short_202512_res_MI,478155-1.parquet,1
uhs20_1247--udt9897,parquet_residential_short_202512_res_MI,480431-1.parquet,1
uhs20_1247--udt9897,parquet_residential_short_202512_res_MI,482834-1.parquet,1
uhs20_1247--udt9897,parquet_residential_short_202512_res_MI,48368-1.parquet,1
uhs20_1247--udt9897,parquet_residential_short_202512_res_MI,485286-1.parquet,4
uhs20_1247--udt9897,parquet_residential_short_202512_res_MI,485537-1.parquet,3
uhs20_1247--udt9897,parquet_residential_short_202512_res_MI,488964-1.parquet,1
uhs20_1247--udt9897,parquet_residential_short_202512_res_MI,491904-1.parquet,6
uhs20_1247--udt9897,parquet_residential_short_202512_res_MI,494108-1.parquet,14
uhs20_1247--udt9897,parquet_residential_short_202512_res_MI,505391-1.parquet,1
uhs20_1247--udt9897,parquet_residential_short_202512_res_MI,507422-1.parquet,1
uhs20_1247--udt9897,parquet_residential_short_202512_res_MI,508330-1.parquet,1
uhs20_1247--udt9897,parquet_residential_short_202512_res_MI,509345-1.parquet,1
uhs20_1247--udt9897,parquet_residential_short_202512_res_MI,511999-1.parquet,1
uhs20_1247--udt9897,parquet_residential_short_202512_res_MI,519249-1.parquet,1
uhs20_1247--udt9897,parquet_residential_short_202512_res_MI,520460-1.parquet,1
uhs20_1247--udt9897,parquet_residential_short_202512_res_MI,521610-1.parquet,3
uhs20_1247--udt9897,parquet_residential_short_202512_res_MI,525496-1.parquet,1
uhs20_1247--udt9897,parquet_residential_short_202512_res_MI,53721-1.parquet,1
uhs20_1247--udt9897,parquet_residential_short_202512_res_MI,538350-1.parquet,14
uhs20_1247--udt9897,parquet_residential_short_202512_res_MI,54618-1.parquet,1
uhs20_1247--udt9897,parquet_residential_short_202512_res_MI,549574-1.parquet,2
uhs20_1247--udt9897,parquet_residential_short_202512_res_MI,74525-1.parquet,1
uhs20_1247--udt9897,parquet_residential_short_202512_res_MI,78734-1.parquet,1
uhs20_1247--udt9897,parquet_residential_short_202512_res_MI,7956-1.parquet,1
uhs20_1247--udt9897,parquet_residential_short_202512_res_MI,84894-1.parquet,1
uhs20_1247--udt9897,parquet_residential_short_202512_res_MI,97944-1.parquet,2
uhs2_1247--udt10746,parquet_commercial_202512_comm_MI,157823-1.parquet,2
uhs2_1247--udt10746,parquet_commercial_202512_comm_MI,158376-1.parquet,1
uhs2_1247--udt10746,parquet_commercial_202512_comm_MI,159565-8.parquet,1
uhs2_1247--udt10746,parquet_commercial_202512_comm_MI,160477-1.parquet,1
uhs2_1247--udt10746,parquet_commercial_202512_comm_MI,160529-1.parquet,2
uhs2_1247--udt10746,parquet_commercial_202512_comm_MI,162590-8.parquet,2
uhs2_1247--udt10746,parquet_commercial_202512_comm_MI,163035-1.parquet,1
uhs2_1247--udt10746,parquet_commercial_202512_comm_MI,164928-8.parquet,2
uhs2_1247--udt10746,parquet_commercial_202512_comm_MI,166814-1.parquet,2
uhs2_1247--udt10746,parquet_commercial_202512_comm_MI,169316-1.parquet,2
uhs2_1247--udt10746,parquet_residential_short_202512_res_MI,10381-1.parquet,3
uhs2_1247--udt10746,parquet_residential_short_202512_res_MI,109870-1.parquet,4
uhs2_1247--udt10746,parquet_residential_short_202512_res_MI,110028-1.parquet,4
uhs2_1247--udt10746,parquet_residential_short_202512_res_MI,113255-1.parquet,3
uhs2_1247--udt10746,parquet_residential_short_202512_res_MI,11596-1.parquet,2
uhs2_1247--udt10746,parquet_residential_short_202512_res_MI,116219-1.parquet,1
uhs2_1247--udt10746,parquet_residential_short_202512_res_MI,118404-1.parquet,19
uhs2_1247--udt10746,parquet_residential_short_202512_res_MI,129893-1.parquet,1
uhs2_1247--udt10746,parquet_residential_short_202512_res_MI,141664-1.parquet,1
uhs2_1247--udt10746,parquet_residential_short_202512_res_MI,14251-1.parquet,1
uhs2_1247--udt10746,parquet_residential_short_202512_res_MI,144803-1.parquet,1
uhs2_1247--udt10746,parquet_residential_short_202512_res_MI,145077-1.parquet,1
uhs2_1247--udt10746,parquet_residential_short_202512_res_MI,147835-1.parquet,2
uhs2_1247--udt10746,parquet_residential_short_202512_res_MI,15283-1.parquet,1
uhs2_1247--udt10746,parquet_residential_short_202512_res_MI,158553-1.parquet,1
uhs2_1247--udt10746,parquet_residential_short_202512_res_MI,163888-1.parquet,6
uhs2_1247--udt10746,parquet_residential_short_202512_res_MI,163929-1.parquet,7
uhs2_1247--udt10746,parquet_residential_short_202512_res_MI,167953-1.parquet,1
uhs2_1247--udt10746,parquet_residential_short_202512_res_MI,169556-1.parquet,2
uhs2_1247--udt10746,parquet_residential_short_202512_res_MI,178848-1.parquet,45
uhs2_1247--udt10746,parquet_residential_short_202512_res_MI,178924-1.parquet,3
uhs2_1247--udt10746,parquet_residential_short_202512_res_MI,179061-1.parquet,60
uhs2_1247--udt10746,parquet_residential_short_202512_res_MI,181096-1.parquet,1
uhs2_1247--udt10746,parquet_residential_short_202512_res_MI,181568-1.parquet,1
uhs2_1247--udt10746,parquet_residential_short_202512_res_MI,193304-1.parquet,17
uhs2_1247--udt10746,parquet_residential_short_202512_res_MI,193666-1.parquet,2
uhs2_1247--udt10746,parquet_residential_short_202512_res_MI,195848-1.parquet,3
uhs2_1247--udt10746,parquet_residential_short_202512_res_MI,206690-1.parquet,6
uhs2_1247--udt10746,parquet_residential_short_202512_res_MI,211618-1.parquet,2
uhs2_1247--udt10746,parquet_residential_short_202512_res_MI,213050-1.parquet,1
uhs2_1247--udt10746,parquet_residential_short_202512_res_MI,219061-1.parquet,4
uhs2_1247--udt10746,parquet_residential_short_202512_res_MI,229456-1.parquet,3
uhs2_1247--udt10746,parquet_residential_short_202512_res_MI,240169-1.parquet,2
uhs2_1247--udt10746,parquet_residential_short_202512_res_MI,242004-1.parquet,10
uhs2_1247--udt10746,parquet_residential_short_202512_res_MI,252372-1.parquet,4
uhs2_1247--udt10746,parquet_residential_short_202512_res_MI,255062-1.parquet,6
uhs2_1247--udt10746,parquet_residential_short_202512_res_MI,256339-1.parquet,1
uhs2_1247--udt10746,parquet_residential_short_202512_res_MI,25870-1.parquet,3
uhs2_1247--udt10746,parquet_residential_short_202512_res_MI,263197-1.parquet,4
uhs2_1247--udt10746,parquet_residential_short_202512_res_MI,26343-1.parquet,2
uhs2_1247--udt10746,parquet_residential_short_202512_res_MI,275115-1.parquet,10
uhs2_1247--udt10746,parquet_residential_short_202512_res_MI,285678-1.parquet,8
uhs2_1247--udt10746,parquet_residential_short_202512_res_MI,286308-1.parquet,3
uhs2_1247--udt10746,parquet_residential_short_202512_res_MI,292113-1.parquet,5
uhs2_1247--udt10746,parquet_residential_short_202512_res_MI,300299-1.parquet,5
uhs2_1247--udt10746,parquet_residential_short_202512_res_MI,305049-1.parquet,5
uhs2_1247--udt10746,parquet_residential_short_202512_res_MI,31043-1.parquet,3
uhs2_1247--udt10746,parquet_residential_short_202512_res_MI,316181-1.parquet,1
uhs2_1247--udt10746,parquet_residential_short_202512_res_MI,317368-1.parquet,3
uhs2_1247--udt10746,parquet_residential_short_202512_res_MI,320231-1.parquet,2
uhs2_1247--udt10746,parquet_residential_short_202512_res_MI,32711-1.parquet,1
uhs2_1247--udt10746,parquet_residential_short_202512_res_MI,329472-1.parquet,1
uhs2_1247--udt10746,parquet_residential_short_202512_res_MI,32956-1.parquet,1
uhs2_1247--udt10746,parquet_residential_short_202512_res_MI,330999-1.parquet,1
uhs2_1247--udt10746,parquet_residential_short_202512_res_MI,331207-1.parquet,3
uhs2_1247--udt10746,parquet_residential_short_202512_res_MI,334073-1.parquet,26
uhs2_1247--udt10746,parquet_residential_short_202512_res_MI,335327-1.parquet,1
uhs2_1247--udt10746,parquet_residential_short_202512_res_MI,346477-1.parquet,3
uhs2_1247--udt10746,parquet_residential_short_202512_res_MI,34826-1.parquet,1
uhs2_1247--udt10746,parquet_residential_short_202512_res_MI,350694-1.parquet,2
uhs2_1247--udt10746,parquet_residential_short_202512_res_MI,361783-1.parquet,38
uhs2_1247--udt10746,parquet_residential_short_202512_res_MI,368387-1.parquet,11
uhs2_1247--udt10746,parquet_residential_short_202512_res_MI,378338-1.parquet,10
uhs2_1247--udt10746,parquet_residential_short_202512_res_MI,380296-1.parquet,6
uhs2_1247--udt10746,parquet_residential_short_202512_res_MI,381828-1.parquet,6
uhs2_1247--udt10746,parquet_residential_short_202512_res_MI,381867-1.parquet,8
uhs2_1247--udt10746,parquet_residential_short_202512_res_MI,392142-1.parquet,8
uhs2_1247--udt10746,parquet_residential_short_202512_res_MI,39516-1.parquet,3
uhs2_1247--udt10746,parquet_residential_short_202512_res_MI,395863-1.parquet,2
uhs2_1247--udt10746,parquet_residential_short_202512_res_MI,396717-1.parquet,1
uhs2_1247--udt10746,parquet_residential_short_202512_res_MI,400912-1.parquet,10
uhs2_1247--udt10746,parquet_residential_short_202512_res_MI,402675-1.parquet,3
uhs2_1247--udt10746,parquet_residential_short_202512_res_MI,405426-1.parquet,1
uhs2_1247--udt10746,parquet_residential_short_202512_res_MI,411616-1.parquet,31
uhs2_1247--udt10746,parquet_residential_short_202512_res_MI,418555-1.parquet,2
uhs2_1247--udt10746,parquet_residential_short_202512_res_MI,426204-1.parquet,9
uhs2_1247--udt10746,parquet_residential_short_202512_res_MI,433379-1.parquet,1
uhs2_1247--udt10746,parquet_residential_short_202512_res_MI,436629-1.parquet,6
uhs2_1247--udt10746,parquet_residential_short_202512_res_MI,437871-1.parquet,9
uhs2_1247--udt10746,parquet_residential_short_202512_res_MI,441370-1.parquet,5
uhs2_1247--udt10746,parquet_residential_short_202512_res_MI,444065-1.parquet,7
uhs2_1247--udt10746,parquet_residential_short_202512_res_MI,449958-1.parquet,2
uhs2_1247--udt10746,parquet_residential_short_202512_res_MI,453782-1.parquet,1
uhs2_1247--udt10746,parquet_residential_short_202512_res_MI,455633-1.parquet,1
uhs2_1247--udt10746,parquet_residential_short_202512_res_MI,457273-1.parquet,3
uhs2_1247--udt10746,parquet_residential_short_202512_res_MI,457563-1.parquet,1
uhs2_1247--udt10746,parquet_residential_short_202512_res_MI,459710-1.parquet,3
uhs2_1247--udt10746,parquet_residential_short_202512_res_MI,459832-1.parquet,2
uhs2_1247--udt10746,parquet_residential_short_202512_res_MI,464078-1.parquet,1
uhs2_1247--udt10746,parquet_residential_short_202512_res_MI,465000-1.parquet,3
uhs2_1247--udt10746,parquet_residential_short_202512_res_MI,467658-1.parquet,3
uhs2_1247--udt10746,parquet_residential_short_202512_res_MI,473383-1.parquet,4
uhs2_1247--udt10746,parquet_residential_short_202512_res_MI,474345-1.parquet,1
uhs2_1247--udt10746,parquet_residential_short_202512_res_MI,485286-1.parquet,2
uhs2_1247--udt10746,parquet_residential_short_202512_res_MI,485468-1.parquet,1
uhs2_1247--udt10746,parquet_residential_short_202512_res_MI,485537-1.parquet,1
uhs2_1247--udt10746,parquet_residential_short_202512_res_MI,48737-1.parquet,1
uhs2_1247--udt10746,parquet_residential_short_202512_res_MI,488964-1.parquet,1
uhs2_1247--udt10746,parquet_residential_short_202512_res_MI,491904-1.parquet,5
uhs2_1247--udt10746,parquet_residential_short_202512_res_MI,494108-1.parquet,2
uhs2_1247--udt10746,parquet_residential_short_202512_res_MI,502032-1.parquet,4
uhs2_1247--udt10746,parquet_residential_short_202512_res_MI,505391-1.parquet,3
uhs2_1247--udt10746,parquet_residential_short_202512_res_MI,508330-1.parquet,40
uhs2_1247--udt10746,parquet_residential_short_202512_res_MI,509345-1.parquet,6
uhs2_1247--udt10746,parquet_residential_short_202512_res_MI,513814-1.parquet,3
uhs2_1247--udt10746,parquet_residential_short_202512_res_MI,514790-1.parquet,1
uhs2_1247--udt10746,parquet_residential_short_202512_res_MI,519249-1.parquet,2
uhs2_1247--udt10746,parquet_residential_short_202512_res_MI,520460-1.parquet,1
uhs2_1247--udt10746,parquet_residential_short_202512_res_MI,521610-1.parquet,1
uhs2_1247--udt10746,parquet_residential_short_202512_res_MI,525496-1.parquet,3
uhs2_1247--udt10746,parquet_residential_short_202512_res_MI,530245-1.parquet,3
uhs2_1247--udt10746,parquet_residential_short_202512_res_MI,530429-1.parquet,1
uhs2_1247--udt10746,parquet_residential_short_202512_res_MI,53721-1.parquet,1
uhs2_1247--udt10746,parquet_residential_short_202512_res_MI,538350-1.parquet,8
uhs2_1247--udt10746,parquet_residential_short_202512_res_MI,540993-1.parquet,2
uhs2_1247--udt10746,parquet_residential_short_202512_res_MI,549574-1.parquet,2
uhs2_1247--udt10746,parquet_residential_short_202512_res_MI,60207-1.parquet,1
uhs2_1247--udt10746,parquet_residential_short_202512_res_MI,63130-1.parquet,1
uhs2_1247--udt10746,parquet_residential_short_202512_res_MI,73789-1.parquet,2
uhs2_1247--udt10746,parquet_residential_short_202512_res_MI,74525-1.parquet,13
uhs2_1247--udt10746,parquet_residential_short_202512_res_MI,8111-1.parquet,1
uhs2_1247--udt10746,parquet_residential_short_202512_res_MI,82218-1.parquet,3
uhs2_1247--udt10746,parquet_residential_short_202512_res_MI,83885-1.parquet,3
uhs2_1247--udt10746,parquet_residential_short_202512_res_MI,84894-1.parquet,1
uhs2_1247--udt10746,parquet_residential_short_202512_res_MI,90350-1.parquet,3
uhs2_1247--udt10746,parquet_residential_short_202512_res_MI,92876-1.parquet,16
uhs2_1247--udt10746,parquet_residential_short_202512_res_MI,97944-1.parquet,3
uhs2_1247--udt12473,parquet_commercial_202512_comm_MI,157810-1.parquet,1
uhs2_1247--udt12473,parquet_commercial_202512_comm_MI,157823-1.parquet,2
uhs2_1247--udt12473,parquet_commercial_202512_comm_MI,158147-1.parquet,1
uhs2_1247--udt12473,parquet_commercial_202512_comm_MI,158365-1.parquet,10
uhs2_1247--udt12473,parquet_commercial_202512_comm_MI,158376-1.parquet,1
uhs2_1247--udt12473,parquet_commercial_202512_comm_MI,158388-1.parquet,1
uhs2_1247--udt12473,parquet_commercial_202512_comm_MI,158460-1.parquet,22
uhs2_1247--udt12473,parquet_commercial_202512_comm_MI,158624-1.parquet,1
uhs2_1247--udt12473,parquet_commercial_202512_comm_MI,158634-1.parquet,1
uhs2_1247--udt12473,parquet_commercial_202512_comm_MI,158635-1.parquet,1
uhs2_1247--udt12473,parquet_commercial_202512_comm_MI,158886-8.parquet,1
uhs2_1247--udt12473,parquet_commercial_202512_comm_MI,158954-1.parquet,1
uhs2_1247--udt12473,parquet_commercial_202512_comm_MI,159114-1.parquet,2
uhs2_1247--udt12473,parquet_commercial_202512_comm_MI,159409-1.parquet,4
uhs2_1247--udt12473,parquet_commercial_202512_comm_MI,159485-1.parquet,2
uhs2_1247--udt12473,parquet_commercial_202512_comm_MI,159799-8.parquet,3
uhs2_1247--udt12473,parquet_commercial_202512_comm_MI,159841-1.parquet,3
uhs2_1247--udt12473,parquet_commercial_202512_comm_MI,160069-1.parquet,1
uhs2_1247--udt12473,parquet_commercial_202512_comm_MI,160078-1.parquet,3
uhs2_1247--udt12473,parquet_commercial_202512_comm_MI,160529-1.parquet,37
uhs2_1247--udt12473,parquet_commercial_202512_comm_MI,160747-1.parquet,1
uhs2_1247--udt12473,parquet_commercial_202512_comm_MI,161040-1.parquet,1
uhs2_1247--udt12473,parquet_commercial_202512_comm_MI,161077-1.parquet,1
uhs2_1247--udt12473,parquet_commercial_202512_comm_MI,161131-8.parquet,1
uhs2_1247--udt12473,parquet_commercial_202512_comm_MI,161134-1.parquet,9
uhs2_1247--udt12473,parquet_commercial_202512_comm_MI,161150-1.parquet,1
uhs2_1247--udt12473,parquet_commercial_202512_comm_MI,161632-1.parquet,2
uhs2_1247--udt12473,parquet_commercial_202512_comm_MI,161940-1.parquet,2
uhs2_1247--udt12473,parquet_commercial_202512_comm_MI,162088-1.parquet,2
uhs2_1247--udt12473,parquet_commercial_202512_comm_MI,162093-1.parquet,1
uhs2_1247--udt12473,parquet_commercial_202512_comm_MI,162281-8.parquet,2
uhs2_1247--udt12473,parquet_commercial_202512_comm_MI,162329-1.parquet,1
uhs2_1247--udt12473,parquet_commercial_202512_comm_MI,162590-8.parquet,13
uhs2_1247--udt12473,parquet_commercial_202512_comm_MI,162646-8.parquet,2
uhs2_1247--udt12473,parquet_commercial_202512_comm_MI,162688-1.parquet,1
uhs2_1247--udt12473,parquet_commercial_202512_comm_MI,162954-1.parquet,1
uhs2_1247--udt12473,parquet_commercial_202512_comm_MI,163035-1.parquet,25
uhs2_1247--udt12473,parquet_commercial_202512_comm_MI,163365-1.parquet,2
uhs2_1247--udt12473,parquet_commercial_202512_comm_MI,163388-1.parquet,1
uhs2_1247--udt12473,parquet_commercial_202512_comm_MI,163559-1.parquet,1
uhs2_1247--udt12473,parquet_commercial_202512_comm_MI,163772-1.parquet,2
uhs2_1247--udt12473,parquet_commercial_202512_comm_MI,163839-1.parquet,1
uhs2_1247--udt12473,parquet_commercial_202512_comm_MI,163848-1.parquet,1
uhs2_1247--udt12473,parquet_commercial_202512_comm_MI,163891-1.parquet,2
uhs2_1247--udt12473,parquet_commercial_202512_comm_MI,163959-1.parquet,1
uhs2_1247--udt12473,parquet_commercial_202512_comm_MI,164117-8.parquet,1
uhs2_1247--udt12473,parquet_commercial_202512_comm_MI,164606-1.parquet,2
uhs2_1247--udt12473,parquet_commercial_202512_comm_MI,164724-1.parquet,1
uhs2_1247--udt12473,parquet_commercial_202512_comm_MI,164742-1.parquet,1
uhs2_1247--udt12473,parquet_commercial_202512_comm_MI,164743-1.parquet,2
uhs2_1247--udt12473,parquet_commercial_202512_comm_MI,164928-8.parquet,32
uhs2_1247--udt12473,parquet_commercial_202512_comm_MI,165179-8.parquet,2
uhs2_1247--udt12473,parquet_commercial_202512_comm_MI,165246-1.parquet,1
uhs2_1247--udt12473,parquet_commercial_202512_comm_MI,165260-1.parquet,4
uhs2_1247--udt12473,parquet_commercial_202512_comm_MI,165376-1.parquet,5
uhs2_1247--udt12473,parquet_commercial_202512_comm_MI,165747-1.parquet,1
uhs2_1247--udt12473,parquet_commercial_202512_comm_MI,166044-1.parquet,2
uhs2_1247--udt12473,parquet_commercial_202512_comm_MI,166262-1.parquet,2
uhs2_1247--udt12473,parquet_commercial_202512_comm_MI,166339-1.parquet,2
uhs2_1247--udt12473,parquet_commercial_202512_comm_MI,166814-1.parquet,1
uhs2_1247--udt12473,parquet_commercial_202512_comm_MI,166998-1.parquet,2
uhs2_1247--udt12473,parquet_commercial_202512_comm_MI,167455-1.parquet,3
uhs2_1247--udt12473,parquet_commercial_202512_comm_MI,167724-1.parquet,1
uhs2_1247--udt12473,parquet_commercial_202512_comm_MI,167790-1.parquet,1
uhs2_1247--udt12473,parquet_commercial_202512_comm_MI,167931-1.parquet,5
uhs2_1247--udt12473,parquet_commercial_202512_comm_MI,167948-1.parquet,1
uhs2_1247--udt12473,parquet_commercial_202512_comm_MI,168193-1.parquet,1
uhs2_1247--udt12473,parquet_commercial_202512_comm_MI,168278-1.parquet,1
uhs2_1247--udt12473,parquet_commercial_202512_comm_MI,168342-1.parquet,1
uhs2_1247--udt12473,parquet_commercial_202512_comm_MI,168695-8.parquet,2
uhs2_1247--udt12473,parquet_commercial_202512_comm_MI,169002-1.parquet,1
uhs2_1247--udt12473,parquet_commercial_202512_comm_MI,169159-1.parquet,9
uhs2_1247--udt12473,parquet_commercial_202512_comm_MI,169281-8.parquet,1
uhs2_1247--udt12473,parquet_commercial_202512_comm_MI,169316-1.parquet,1
uhs2_1247--udt12473,parquet_commercial_202512_comm_MI,169655-1.parquet,2
uhs2_1247--udt12473,parquet_commercial_202512_comm_MI,169680-1.parquet,3
uhs2_1247--udt12473,parquet_commercial_202512_comm_MI,169898-1.parquet,1
uhs2_1247--udt12473,parquet_commercial_202512_comm_MI,169972-1.parquet,1
uhs2_1247--udt12473,parquet_residential_short_202512_res_MI,10381-1.parquet,2
uhs2_1247--udt12473,parquet_residential_short_202512_res_MI,109870-1.parquet,2
uhs2_1247--udt12473,parquet_residential_short_202512_res_MI,110028-1.parquet,4
uhs2_1247--udt12473,parquet_residential_short_202512_res_MI,11278-1.parquet,1
uhs2_1247--udt12473,parquet_residential_short_202512_res_MI,113255-1.parquet,1
uhs2_1247--udt12473,parquet_residential_short_202512_res_MI,116219-1.parquet,1
uhs2_1247--udt12473,parquet_residential_short_202512_res_MI,118404-1.parquet,21
uhs2_1247--udt12473,parquet_residential_short_202512_res_MI,121458-1.parquet,1
uhs2_1247--udt12473,parquet_residential_short_202512_res_MI,140480-1.parquet,1
uhs2_1247--udt12473,parquet_residential_short_202512_res_MI,141664-1.parquet,4
uhs2_1247--udt12473,parquet_residential_short_202512_res_MI,14251-1.parquet,2
uhs2_1247--udt12473,parquet_residential_short_202512_res_MI,144380-1.parquet,7
uhs2_1247--udt12473,parquet_residential_short_202512_res_MI,144803-1.parquet,1
uhs2_1247--udt12473,parquet_residential_short_202512_res_MI,145077-1.parquet,1
uhs2_1247--udt12473,parquet_residential_short_202512_res_MI,145104-1.parquet,2
uhs2_1247--udt12473,parquet_residential_short_202512_res_MI,147835-1.parquet,1
uhs2_1247--udt12473,parquet_residential_short_202512_res_MI,15283-1.parquet,2
uhs2_1247--udt12473,parquet_residential_short_202512_res_MI,163888-1.parquet,5
uhs2_1247--udt12473,parquet_residential_short_202512_res_MI,163929-1.parquet,8
uhs2_1247--udt12473,parquet_residential_short_202512_res_MI,169556-1.parquet,2
uhs2_1247--udt12473,parquet_residential_short_202512_res_MI,178522-1.parquet,1
uhs2_1247--udt12473,parquet_residential_short_202512_res_MI,178848-1.parquet,28
uhs2_1247--udt12473,parquet_residential_short_202512_res_MI,178924-1.parquet,14
uhs2_1247--udt12473,parquet_residential_short_202512_res_MI,179061-1.parquet,71
uhs2_1247--udt12473,parquet_residential_short_202512_res_MI,179402-1.parquet,1
uhs2_1247--udt12473,parquet_residential_short_202512_res_MI,179991-1.parquet,1
uhs2_1247--udt12473,parquet_residential_short_202512_res_MI,181066-1.parquet,2
uhs2_1247--udt12473,parquet_residential_short_202512_res_MI,181096-1.parquet,1
uhs2_1247--udt12473,parquet_residential_short_202512_res_MI,189827-1.parquet,2
uhs2_1247--udt12473,parquet_residential_short_202512_res_MI,193304-1.parquet,15
uhs2_1247--udt12473,parquet_residential_short_202512_res_MI,195848-1.parquet,1
uhs2_1247--udt12473,parquet_residential_short_202512_res_MI,198563-1.parquet,1
uhs2_1247--udt12473,parquet_residential_short_202512_res_MI,204257-1.parquet,3
uhs2_1247--udt12473,parquet_residential_short_202512_res_MI,205512-1.parquet,2
uhs2_1247--udt12473,parquet_residential_short_202512_res_MI,206690-1.parquet,4
uhs2_1247--udt12473,parquet_residential_short_202512_res_MI,208625-1.parquet,1
uhs2_1247--udt12473,parquet_residential_short_202512_res_MI,211618-1.parquet,1
uhs2_1247--udt12473,parquet_residential_short_202512_res_MI,219061-1.parquet,2
uhs2_1247--udt12473,parquet_residential_short_202512_res_MI,219912-1.parquet,1
uhs2_1247--udt12473,parquet_residential_short_202512_res_MI,22378-1.parquet,2
uhs2_1247--udt12473,parquet_residential_short_202512_res_MI,224704-1.parquet,32
uhs2_1247--udt12473,parquet_residential_short_202512_res_MI,225421-1.parquet,1
uhs2_1247--udt12473,parquet_residential_short_202512_res_MI,242004-1.parquet,36
uhs2_1247--udt12473,parquet_residential_short_202512_res_MI,252372-1.parquet,5
uhs2_1247--udt12473,parquet_residential_short_202512_res_MI,255062-1.parquet,3
uhs2_1247--udt12473,parquet_residential_short_202512_res_MI,25790-1.parquet,1
uhs2_1247--udt12473,parquet_residential_short_202512_res_MI,25870-1.parquet,2
uhs2_1247--udt12473,parquet_residential_short_202512_res_MI,258760-1.parquet,1
uhs2_1247--udt12473,parquet_residential_short_202512_res_MI,261491-1.parquet,1
uhs2_1247--udt12473,parquet_residential_short_202512_res_MI,263197-1.parquet,7
uhs2_1247--udt12473,parquet_residential_short_202512_res_MI,26343-1.parquet,4
uhs2_1247--udt12473,parquet_residential_short_202512_res_MI,270072-1.parquet,2
uhs2_1247--udt12473,parquet_residential_short_202512_res_MI,275115-1.parquet,21
uhs2_1247--udt12473,parquet_residential_short_202512_res_MI,280750-1.parquet,1
uhs2_1247--udt12473,parquet_residential_short_202512_res_MI,281826-1.parquet,1
uhs2_1247--udt12473,parquet_residential_short_202512_res_MI,285678-1.parquet,10
uhs2_1247--udt12473,parquet_residential_short_202512_res_MI,286308-1.parquet,1
uhs2_1247--udt12473,parquet_residential_short_202512_res_MI,292113-1.parquet,5
uhs2_1247--udt12473,parquet_residential_short_202512_res_MI,300299-1.parquet,3
uhs2_1247--udt12473,parquet_residential_short_202512_res_MI,31043-1.parquet,1
uhs2_1247--udt12473,parquet_residential_short_202512_res_MI,31214-1.parquet,1
uhs2_1247--udt12473,parquet_residential_short_202512_res_MI,316181-1.parquet,2
uhs2_1247--udt12473,parquet_residential_short_202512_res_MI,316670-1.parquet,1
uhs2_1247--udt12473,parquet_residential_short_202512_res_MI,317135-1.parquet,3
uhs2_1247--udt12473,parquet_residential_short_202512_res_MI,317368-1.parquet,3
uhs2_1247--udt12473,parquet_residential_short_202512_res_MI,329472-1.parquet,1
uhs2_1247--udt12473,parquet_residential_short_202512_res_MI,32956-1.parquet,1
uhs2_1247--udt12473,parquet_residential_short_202512_res_MI,330999-1.parquet,4
uhs2_1247--udt12473,parquet_residential_short_202512_res_MI,331207-1.parquet,1
uhs2_1247--udt12473,parquet_residential_short_202512_res_MI,334073-1.parquet,33
uhs2_1247--udt12473,parquet_residential_short_202512_res_MI,34037-1.parquet,1
uhs2_1247--udt12473,parquet_residential_short_202512_res_MI,344633-1.parquet,3
uhs2_1247--udt12473,parquet_residential_short_202512_res_MI,346477-1.parquet,3
uhs2_1247--udt12473,parquet_residential_short_202512_res_MI,34826-1.parquet,1
uhs2_1247--udt12473,parquet_residential_short_202512_res_MI,361783-1.parquet,32
uhs2_1247--udt12473,parquet_residential_short_202512_res_MI,363455-1.parquet,1
uhs2_1247--udt12473,parquet_residential_short_202512_res_MI,368387-1.parquet,30
uhs2_1247--udt12473,parquet_residential_short_202512_res_MI,378338-1.parquet,11
uhs2_1247--udt12473,parquet_residential_short_202512_res_MI,379240-1.parquet,1
uhs2_1247--udt12473,parquet_residential_short_202512_res_MI,380296-1.parquet,1
uhs2_1247--udt12473,parquet_residential_short_202512_res_MI,381828-1.parquet,1
uhs2_1247--udt12473,parquet_residential_short_202512_res_MI,381867-1.parquet,9
uhs2_1247--udt12473,parquet_residential_short_202512_res_MI,392142-1.parquet,6
uhs2_1247--udt12473,parquet_residential_short_202512_res_MI,394743-1.parquet,1
uhs2_1247--udt12473,parquet_residential_short_202512_res_MI,39516-1.parquet,3
uhs2_1247--udt12473,parquet_residential_short_202512_res_MI,39539-1.parquet,1
uhs2_1247--udt12473,parquet_residential_short_202512_res_MI,395863-1.parquet,3
uhs2_1247--udt12473,parquet_residential_short_202512_res_MI,396717-1.parquet,1
uhs2_1247--udt12473,parquet_residential_short_202512_res_MI,400912-1.parquet,10
uhs2_1247--udt12473,parquet_residential_short_202512_res_MI,402675-1.parquet,1
uhs2_1247--udt12473,parquet_residential_short_202512_res_MI,409398-1.parquet,1
uhs2_1247--udt12473,parquet_residential_short_202512_res_MI,411616-1.parquet,41
uhs2_1247--udt12473,parquet_residential_short_202512_res_MI,412179-1.parquet,2
uhs2_1247--udt12473,parquet_residential_short_202512_res_MI,417504-1.parquet,1
uhs2_1247--udt12473,parquet_residential_short_202512_res_MI,418555-1.parquet,2
uhs2_1247--udt12473,parquet_residential_short_202512_res_MI,421729-1.parquet,1
uhs2_1247--udt12473,parquet_residential_short_202512_res_MI,423218-1.parquet,1
uhs2_1247--udt12473,parquet_residential_short_202512_res_MI,426204-1.parquet,7
uhs2_1247--udt12473,parquet_residential_short_202512_res_MI,432811-1.parquet,1
uhs2_1247--udt12473,parquet_residential_short_202512_res_MI,433741-1.parquet,2
uhs2_1247--udt12473,parquet_residential_short_202512_res_MI,436629-1.parquet,4
uhs2_1247--udt12473,parquet_residential_short_202512_res_MI,437871-1.parquet,4
uhs2_1247--udt12473,parquet_residential_short_202512_res_MI,439442-1.parquet,1
uhs2_1247--udt12473,parquet_residential_short_202512_res_MI,441370-1.parquet,7
uhs2_1247--udt12473,parquet_residential_short_202512_res_MI,444065-1.parquet,6
uhs2_1247--udt12473,parquet_residential_short_202512_res_MI,449958-1.parquet,5
uhs2_1247--udt12473,parquet_residential_short_202512_res_MI,453782-1.parquet,1
uhs2_1247--udt12473,parquet_residential_short_202512_res_MI,455633-1.parquet,3
uhs2_1247--udt12473,parquet_residential_short_202512_res_MI,457273-1.parquet,6
uhs2_1247--udt12473,parquet_residential_short_202512_res_MI,457563-1.parquet,2
uhs2_1247--udt12473,parquet_residential_short_202512_res_MI,458168-1.parquet,2
uhs2_1247--udt12473,parquet_residential_short_202512_res_MI,459832-1.parquet,1
uhs2_1247--udt12473,parquet_residential_short_202512_res_MI,462288-1.parquet,2
uhs2_1247--udt12473,parquet_residential_short_202512_res_MI,464078-1.parquet,2
uhs2_1247--udt12473,parquet_residential_short_202512_res_MI,465000-1.parquet,1
uhs2_1247--udt12473,parquet_residential_short_202512_res_MI,46762-1.parquet,1
uhs2_1247--udt12473,parquet_residential_short_202512_res_MI,467658-1.parquet,3
uhs2_1247--udt12473,parquet_residential_short_202512_res_MI,473383-1.parquet,3
uhs2_1247--udt12473,parquet_residential_short_202512_res_MI,474345-1.parquet,10
uhs2_1247--udt12473,parquet_residential_short_202512_res_MI,474857-1.parquet,1
uhs2_1247--udt12473,parquet_residential_short_202512_res_MI,482834-1.parquet,1
uhs2_1247--udt12473,parquet_residential_short_202512_res_MI,485286-1.parquet,2
uhs2_1247--udt12473,parquet_residential_short_202512_res_MI,485537-1.parquet,3
uhs2_1247--udt12473,parquet_residential_short_202512_res_MI,491904-1.parquet,8
uhs2_1247--udt12473,parquet_residential_short_202512_res_MI,494108-1.parquet,3
uhs2_1247--udt12473,parquet_residential_short_202512_res_MI,498993-1.parquet,3
uhs2_1247--udt12473,parquet_residential_short_202512_res_MI,502032-1.parquet,5
uhs2_1247--udt12473,parquet_residential_short_202512_res_MI,505391-1.parquet,4
uhs2_1247--udt12473,parquet_residential_short_202512_res_MI,507422-1.parquet,1
uhs2_1247--udt12473,parquet_residential_short_202512_res_MI,508330-1.parquet,57
uhs2_1247--udt12473,parquet_residential_short_202512_res_MI,509345-1.parquet,12
uhs2_1247--udt12473,parquet_residential_short_202512_res_MI,513814-1.parquet,6
uhs2_1247--udt12473,parquet_residential_short_202512_res_MI,519249-1.parquet,4
uhs2_1247--udt12473,parquet_residential_short_202512_res_MI,523472-1.parquet,2
uhs2_1247--udt12473,parquet_residential_short_202512_res_MI,525496-1.parquet,3
uhs2_1247--udt12473,parquet_residential_short_202512_res_MI,529961-1.parquet,2
uhs2_1247--udt12473,parquet_residential_short_202512_res_MI,530429-1.parquet,1
uhs2_1247--udt12473,parquet_residential_short_202512_res_MI,531208-1.parquet,1
uhs2_1247--udt12473,parquet_residential_short_202512_res_MI,5319-1.parquet,1
uhs2_1247--udt12473,parquet_residential_short_202512_res_MI,53721-1.parquet,1
uhs2_1247--udt12473,parquet_residential_short_202512_res_MI,538350-1.parquet,3
uhs2_1247--udt12473,parquet_residential_short_202512_res_MI,540993-1.parquet,4
uhs2_1247--udt12473,parquet_residential_short_202512_res_MI,544131-1.parquet,1
uhs2_1247--udt12473,parquet_residential_short_202512_res_MI,546177-1.parquet,1
uhs2_1247--udt12473,parquet_residential_short_202512_res_MI,54618-1.parquet,1
uhs2_1247--udt12473,parquet_residential_short_202512_res_MI,549574-1.parquet,3
uhs2_1247--udt12473,parquet_residential_short_202512_res_MI,74525-1.parquet,7
uhs2_1247--udt12473,parquet_residential_short_202512_res_MI,78734-1.parquet,2
uhs2_1247--udt12473,parquet_residential_short_202512_res_MI,8111-1.parquet,3
uhs2_1247--udt12473,parquet_residential_short_202512_res_MI,82218-1.parquet,8
uhs2_1247--udt12473,parquet_residential_short_202512_res_MI,87751-1.parquet,2
uhs2_1247--udt12473,parquet_residential_short_202512_res_MI,92876-1.parquet,27
uhs2_1247--udt12473,parquet_residential_short_202512_res_MI,95747-1.parquet,1
uhs2_1247--udt12473,parquet_residential_short_202512_res_MI,97944-1.parquet,2
uhs2_1247--udt9312,parquet_commercial_202512_comm_MI,163559-1.parquet,1
uhs2_1247--udt9312,parquet_commercial_202512_comm_MI,164450-1.parquet,1
uhs2_1247--udt9312,parquet_commercial_202512_comm_MI,169316-1.parquet,1
uhs2_1247--udt9312,parquet_residential_short_202512_res_MI,10381-1.parquet,2
uhs2_1247--udt9312,parquet_residential_short_202512_res_MI,110028-1.parquet,4
uhs2_1247--udt9312,parquet_residential_short_202512_res_MI,11278-1.parquet,2
uhs2_1247--udt9312,parquet_residential_short_202512_res_MI,113255-1.parquet,1
uhs2_1247--udt9312,parquet_residential_short_202512_res_MI,11596-1.parquet,3
uhs2_1247--udt9312,parquet_residential_short_202512_res_MI,118404-1.parquet,16
uhs2_1247--udt9312,parquet_residential_short_202512_res_MI,138622-1.parquet,1
uhs2_1247--udt9312,parquet_residential_short_202512_res_MI,141664-1.parquet,2
uhs2_1247--udt9312,parquet_residential_short_202512_res_MI,14251-1.parquet,3
uhs2_1247--udt9312,parquet_residential_short_202512_res_MI,144380-1.parquet,3
uhs2_1247--udt9312,parquet_residential_short_202512_res_MI,145104-1.parquet,4
uhs2_1247--udt9312,parquet_residential_short_202512_res_MI,147835-1.parquet,3
uhs2_1247--udt9312,parquet_residential_short_202512_res_MI,15283-1.parquet,2
uhs2_1247--udt9312,parquet_residential_short_202512_res_MI,158553-1.parquet,3
uhs2_1247--udt9312,parquet_residential_short_202512_res_MI,161125-1.parquet,1
uhs2_1247--udt9312,parquet_residential_short_202512_res_MI,163888-1.parquet,6
uhs2_1247--udt9312,parquet_residential_short_202512_res_MI,163929-1.parquet,7
uhs2_1247--udt9312,parquet_residential_short_202512_res_MI,169556-1.parquet,1
uhs2_1247--udt9312,parquet_residential_short_202512_res_MI,178848-1.parquet,49
uhs2_1247--udt9312,parquet_residential_short_202512_res_MI,178924-1.parquet,7
uhs2_1247--udt9312,parquet_residential_short_202512_res_MI,179061-1.parquet,44
uhs2_1247--udt9312,parquet_residential_short_202512_res_MI,179402-1.parquet,2
uhs2_1247--udt9312,parquet_residential_short_202512_res_MI,18662-1.parquet,1
uhs2_1247--udt9312,parquet_residential_short_202512_res_MI,193304-1.parquet,11
uhs2_1247--udt9312,parquet_residential_short_202512_res_MI,193666-1.parquet,2
uhs2_1247--udt9312,parquet_residential_short_202512_res_MI,202225-1.parquet,1
uhs2_1247--udt9312,parquet_residential_short_202512_res_MI,204524-1.parquet,1
uhs2_1247--udt9312,parquet_residential_short_202512_res_MI,205005-1.parquet,1
uhs2_1247--udt9312,parquet_residential_short_202512_res_MI,206690-1.parquet,3
uhs2_1247--udt9312,parquet_residential_short_202512_res_MI,211618-1.parquet,4
uhs2_1247--udt9312,parquet_residential_short_202512_res_MI,212006-1.parquet,1
uhs2_1247--udt9312,parquet_residential_short_202512_res_MI,219061-1.parquet,4
uhs2_1247--udt9312,parquet_residential_short_202512_res_MI,22378-1.parquet,4
uhs2_1247--udt9312,parquet_residential_short_202512_res_MI,229456-1.parquet,1
uhs2_1247--udt9312,parquet_residential_short_202512_res_MI,242004-1.parquet,25
uhs2_1247--udt9312,parquet_residential_short_202512_res_MI,252372-1.parquet,4
uhs2_1247--udt9312,parquet_residential_short_202512_res_MI,255062-1.parquet,11
uhs2_1247--udt9312,parquet_residential_short_202512_res_MI,258760-1.parquet,2
uhs2_1247--udt9312,parquet_residential_short_202512_res_MI,26004-1.parquet,1
uhs2_1247--udt9312,parquet_residential_short_202512_res_MI,263197-1.parquet,12
uhs2_1247--udt9312,parquet_residential_short_202512_res_MI,26343-1.parquet,3
uhs2_1247--udt9312,parquet_residential_short_202512_res_MI,275115-1.parquet,15
uhs2_1247--udt9312,parquet_residential_short_202512_res_MI,277988-1.parquet,3
uhs2_1247--udt9312,parquet_residential_short_202512_res_MI,280750-1.parquet,1
uhs2_1247--udt9312,parquet_residential_short_202512_res_MI,285678-1.parquet,12
uhs2_1247--udt9312,parquet_residential_short_202512_res_MI,286308-1.parquet,2
uhs2_1247--udt9312,parquet_residential_short_202512_res_MI,292113-1.parquet,3
uhs2_1247--udt9312,parquet_residential_short_202512_res_MI,300299-1.parquet,2
uhs2_1247--udt9312,parquet_residential_short_202512_res_MI,308094-1.parquet,1
uhs2_1247--udt9312,parquet_residential_short_202512_res_MI,31043-1.parquet,5
uhs2_1247--udt9312,parquet_residential_short_202512_res_MI,316181-1.parquet,1
uhs2_1247--udt9312,parquet_residential_short_202512_res_MI,316670-1.parquet,2
uhs2_1247--udt9312,parquet_residential_short_202512_res_MI,317135-1.parquet,2
uhs2_1247--udt9312,parquet_residential_short_202512_res_MI,329472-1.parquet,7
uhs2_1247--udt9312,parquet_residential_short_202512_res_MI,32956-1.parquet,1
uhs2_1247--udt9312,parquet_residential_short_202512_res_MI,330569-1.parquet,1
uhs2_1247--udt9312,parquet_residential_short_202512_res_MI,334073-1.parquet,46
uhs2_1247--udt9312,parquet_residential_short_202512_res_MI,344633-1.parquet,2
uhs2_1247--udt9312,parquet_residential_short_202512_res_MI,34826-1.parquet,1
uhs2_1247--udt9312,parquet_residential_short_202512_res_MI,350694-1.parquet,1
uhs2_1247--udt9312,parquet_residential_short_202512_res_MI,361783-1.parquet,36
uhs2_1247--udt9312,parquet_residential_short_202512_res_MI,368387-1.parquet,27
uhs2_1247--udt9312,parquet_residential_short_202512_res_MI,370010-1.parquet,1
uhs2_1247--udt9312,parquet_residential_short_202512_res_MI,378338-1.parquet,10
uhs2_1247--udt9312,parquet_residential_short_202512_res_MI,380296-1.parquet,4
uhs2_1247--udt9312,parquet_residential_short_202512_res_MI,381828-1.parquet,2
uhs2_1247--udt9312,parquet_residential_short_202512_res_MI,381867-1.parquet,9
uhs2_1247--udt9312,parquet_residential_short_202512_res_MI,392142-1.parquet,9
uhs2_1247--udt9312,parquet_residential_short_202512_res_MI,39516-1.parquet,1
uhs2_1247--udt9312,parquet_residential_short_202512_res_MI,395863-1.parquet,1
uhs2_1247--udt9312,parquet_residential_short_202512_res_MI,396717-1.parquet,4
uhs2_1247--udt9312,parquet_residential_short_202512_res_MI,400912-1.parquet,13
uhs2_1247--udt9312,parquet_residential_short_202512_res_MI,402675-1.parquet,2
uhs2_1247--udt9312,parquet_residential_short_202512_res_MI,405426-1.parquet,1
uhs2_1247--udt9312,parquet_residential_short_202512_res_MI,411616-1.parquet,45
uhs2_1247--udt9312,parquet_residential_short_202512_res_MI,417744-1.parquet,1
uhs2_1247--udt9312,parquet_residential_short_202512_res_MI,418555-1.parquet,3
uhs2_1247--udt9312,parquet_residential_short_202512_res_MI,423218-1.parquet,1
uhs2_1247--udt9312,parquet_residential_short_202512_res_MI,426204-1.parquet,7
uhs2_1247--udt9312,parquet_residential_short_202512_res_MI,430122-1.parquet,2
uhs2_1247--udt9312,parquet_residential_short_202512_res_MI,433741-1.parquet,1
uhs2_1247--udt9312,parquet_residential_short_202512_res_MI,436629-1.parquet,4
uhs2_1247--udt9312,parquet_residential_short_202512_res_MI,437871-1.parquet,12
uhs2_1247--udt9312,parquet_residential_short_202512_res_MI,441370-1.parquet,9
uhs2_1247--udt9312,parquet_residential_short_202512_res_MI,444065-1.parquet,5
uhs2_1247--udt9312,parquet_residential_short_202512_res_MI,449958-1.parquet,2
uhs2_1247--udt9312,parquet_residential_short_202512_res_MI,455633-1.parquet,4
uhs2_1247--udt9312,parquet_residential_short_202512_res_MI,457273-1.parquet,7
uhs2_1247--udt9312,parquet_residential_short_202512_res_MI,457563-1.parquet,3
uhs2_1247--udt9312,parquet_residential_short_202512_res_MI,458168-1.parquet,2
uhs2_1247--udt9312,parquet_residential_short_202512_res_MI,459710-1.parquet,6
uhs2_1247--udt9312,parquet_residential_short_202512_res_MI,465000-1.parquet,2
uhs2_1247--udt9312,parquet_residential_short_202512_res_MI,467658-1.parquet,1
uhs2_1247--udt9312,parquet_residential_short_202512_res_MI,473383-1.parquet,5
uhs2_1247--udt9312,parquet_residential_short_202512_res_MI,474345-1.parquet,6
uhs2_1247--udt9312,parquet_residential_short_202512_res_MI,485286-1.parquet,1
uhs2_1247--udt9312,parquet_residential_short_202512_res_MI,485537-1.parquet,3
uhs2_1247--udt9312,parquet_residential_short_202512_res_MI,488964-1.parquet,1
uhs2_1247--udt9312,parquet_residential_short_202512_res_MI,491904-1.parquet,7
uhs2_1247--udt9312,parquet_residential_short_202512_res_MI,494108-1.parquet,2
uhs2_1247--udt9312,parquet_residential_short_202512_res_MI,498993-1.parquet,2
uhs2_1247--udt9312,parquet_residential_short_202512_res_MI,502032-1.parquet,1
uhs2_1247--udt9312,parquet_residential_short_202512_res_MI,505391-1.parquet,2
uhs2_1247--udt9312,parquet_residential_short_202512_res_MI,508330-1.parquet,39
uhs2_1247--udt9312,parquet_residential_short_202512_res_MI,509345-1.parquet,12
uhs2_1247--udt9312,parquet_residential_short_202512_res_MI,513814-1.parquet,7
uhs2_1247--udt9312,parquet_residential_short_202512_res_MI,515572-1.parquet,1
uhs2_1247--udt9312,parquet_residential_short_202512_res_MI,519249-1.parquet,4
uhs2_1247--udt9312,parquet_residential_short_202512_res_MI,521610-1.parquet,3
uhs2_1247--udt9312,parquet_residential_short_202512_res_MI,523472-1.parquet,1
uhs2_1247--udt9312,parquet_residential_short_202512_res_MI,525496-1.parquet,2
uhs2_1247--udt9312,parquet_residential_short_202512_res_MI,529961-1.parquet,1
uhs2_1247--udt9312,parquet_residential_short_202512_res_MI,530429-1.parquet,1
uhs2_1247--udt9312,parquet_residential_short_202512_res_MI,531208-1.parquet,1
uhs2_1247--udt9312,parquet_residential_short_202512_res_MI,533319-1.parquet,3
uhs2_1247--udt9312,parquet_residential_short_202512_res_MI,538350-1.parquet,7
uhs2_1247--udt9312,parquet_residential_short_202512_res_MI,540993-1.parquet,5
uhs2_1247--udt9312,parquet_residential_short_202512_res_MI,549574-1.parquet,2
uhs2_1247--udt9312,parquet_residential_short_202512_res_MI,73789-1.parquet,2
uhs2_1247--udt9312,parquet_residential_short_202512_res_MI,74525-1.parquet,4
uhs2_1247--udt9312,parquet_residential_short_202512_res_MI,78734-1.parquet,2
uhs2_1247--udt9312,parquet_residential_short_202512_res_MI,8111-1.parquet,7
uhs2_1247--udt9312,parquet_residential_short_202512_res_MI,82218-1.parquet,2
uhs2_1247--udt9312,parquet_residential_short_202512_res_MI,90350-1.parquet,1
uhs2_1247--udt9312,parquet_residential_short_202512_res_MI,92876-1.parquet,18
uhs2_1247--udt9312,parquet_residential_short_202512_res_MI,95747-1.parquet,1
uhs2_1247--udt9312,parquet_residential_short_202512_res_MI,97944-1.parquet,2
uhs3_1247--udt1567,parquet_commercial_202512_comm_MI,157688-1.parquet,2
uhs3_1247--udt1567,parquet_commercial_202512_comm_MI,157760-1.parquet,1
uhs3_1247--udt1567,parquet_commercial_202512_comm_MI,157810-1.parquet,1
uhs3_1247--udt1567,parquet_commercial_202512_comm_MI,157823-1.parquet,7
uhs3_1247--udt1567,parquet_commercial_202512_comm_MI,158456-1.parquet,5
uhs3_1247--udt1567,parquet_commercial_202512_comm_MI,158460-1.parquet,10
uhs3_1247--udt1567,parquet_commercial_202512_comm_MI,158603-1.parquet,1
uhs3_1247--udt1567,parquet_commercial_202512_comm_MI,158634-1.parquet,5
uhs3_1247--udt1567,parquet_commercial_202512_comm_MI,158715-1.parquet,1
uhs3_1247--udt1567,parquet_commercial_202512_comm_MI,158916-1.parquet,1
uhs3_1247--udt1567,parquet_commercial_202512_comm_MI,159114-1.parquet,6
uhs3_1247--udt1567,parquet_commercial_202512_comm_MI,159409-1.parquet,4
uhs3_1247--udt1567,parquet_commercial_202512_comm_MI,159450-1.parquet,1
uhs3_1247--udt1567,parquet_commercial_202512_comm_MI,159485-1.parquet,6
uhs3_1247--udt1567,parquet_commercial_202512_comm_MI,159533-1.parquet,1
uhs3_1247--udt1567,parquet_commercial_202512_comm_MI,159565-8.parquet,1
uhs3_1247--udt1567,parquet_commercial_202512_comm_MI,159615-8.parquet,1
uhs3_1247--udt1567,parquet_commercial_202512_comm_MI,159686-1.parquet,1
uhs3_1247--udt1567,parquet_commercial_202512_comm_MI,159799-8.parquet,4
uhs3_1247--udt1567,parquet_commercial_202512_comm_MI,159841-1.parquet,1
uhs3_1247--udt1567,parquet_commercial_202512_comm_MI,159989-1.parquet,1
uhs3_1247--udt1567,parquet_commercial_202512_comm_MI,160078-1.parquet,2
uhs3_1247--udt1567,parquet_commercial_202512_comm_MI,160529-1.parquet,3
uhs3_1247--udt1567,parquet_commercial_202512_comm_MI,160627-1.parquet,2
uhs3_1247--udt1567,parquet_commercial_202512_comm_MI,160747-1.parquet,2
uhs3_1247--udt1567,parquet_commercial_202512_comm_MI,160949-1.parquet,2
uhs3_1247--udt1567,parquet_commercial_202512_comm_MI,161054-1.parquet,1
uhs3_1247--udt1567,parquet_commercial_202512_comm_MI,161134-1.parquet,1
uhs3_1247--udt1567,parquet_commercial_202512_comm_MI,161150-1.parquet,1
uhs3_1247--udt1567,parquet_commercial_202512_comm_MI,161193-1.parquet,1
uhs3_1247--udt1567,parquet_commercial_202512_comm_MI,161214-1.parquet,1
uhs3_1247--udt1567,parquet_commercial_202512_comm_MI,161335-1.parquet,3
uhs3_1247--udt1567,parquet_commercial_202512_comm_MI,161564-1.parquet,1
uhs3_1247--udt1567,parquet_commercial_202512_comm_MI,161632-1.parquet,1
uhs3_1247--udt1567,parquet_commercial_202512_comm_MI,161666-8.parquet,1
uhs3_1247--udt1567,parquet_commercial_202512_comm_MI,161746-1.parquet,1
uhs3_1247--udt1567,parquet_commercial_202512_comm_MI,161761-1.parquet,1
uhs3_1247--udt1567,parquet_commercial_202512_comm_MI,162172-1.parquet,1
uhs3_1247--udt1567,parquet_commercial_202512_comm_MI,162281-8.parquet,1
uhs3_1247--udt1567,parquet_commercial_202512_comm_MI,162329-1.parquet,1
uhs3_1247--udt1567,parquet_commercial_202512_comm_MI,162367-1.parquet,1
uhs3_1247--udt1567,parquet_commercial_202512_comm_MI,162561-1.parquet,1
uhs3_1247--udt1567,parquet_commercial_202512_comm_MI,162954-1.parquet,2
uhs3_1247--udt1567,parquet_commercial_202512_comm_MI,163035-1.parquet,3
uhs3_1247--udt1567,parquet_commercial_202512_comm_MI,163388-1.parquet,1
uhs3_1247--udt1567,parquet_commercial_202512_comm_MI,163403-1.parquet,1
uhs3_1247--udt1567,parquet_commercial_202512_comm_MI,163559-1.parquet,4
uhs3_1247--udt1567,parquet_commercial_202512_comm_MI,163710-1.parquet,1
uhs3_1247--udt1567,parquet_commercial_202512_comm_MI,163772-1.parquet,1
uhs3_1247--udt1567,parquet_commercial_202512_comm_MI,163839-1.parquet,3
uhs3_1247--udt1567,parquet_commercial_202512_comm_MI,164079-1.parquet,4
uhs3_1247--udt1567,parquet_commercial_202512_comm_MI,164185-1.parquet,1
uhs3_1247--udt1567,parquet_commercial_202512_comm_MI,164248-1.parquet,1
uhs3_1247--udt1567,parquet_commercial_202512_comm_MI,164341-1.parquet,1
uhs3_1247--udt1567,parquet_commercial_202512_comm_MI,164450-1.parquet,2
uhs3_1247--udt1567,parquet_commercial_202512_comm_MI,164698-8.parquet,1
uhs3_1247--udt1567,parquet_commercial_202512_comm_MI,164742-1.parquet,1
uhs3_1247--udt1567,parquet_commercial_202512_comm_MI,164928-8.parquet,6
uhs3_1247--udt1567,parquet_commercial_202512_comm_MI,165006-8.parquet,1
uhs3_1247--udt1567,parquet_commercial_202512_comm_MI,165018-8.parquet,1
uhs3_1247--udt1567,parquet_commercial_202512_comm_MI,165069-1.parquet,1
uhs3_1247--udt1567,parquet_commercial_202512_comm_MI,165209-8.parquet,1
uhs3_1247--udt1567,parquet_commercial_202512_comm_MI,165260-1.parquet,2
uhs3_1247--udt1567,parquet_commercial_202512_comm_MI,165376-1.parquet,2
uhs3_1247--udt1567,parquet_commercial_202512_comm_MI,165600-1.parquet,1
uhs3_1247--udt1567,parquet_commercial_202512_comm_MI,165799-1.parquet,4
uhs3_1247--udt1567,parquet_commercial_202512_comm_MI,165880-1.parquet,1
uhs3_1247--udt1567,parquet_commercial_202512_comm_MI,166013-1.parquet,1
uhs3_1247--udt1567,parquet_commercial_202512_comm_MI,166044-1.parquet,3
uhs3_1247--udt1567,parquet_commercial_202512_comm_MI,166183-1.parquet,4
uhs3_1247--udt1567,parquet_commercial_202512_comm_MI,166262-1.parquet,1
uhs3_1247--udt1567,parquet_commercial_202512_comm_MI,166488-1.parquet,2
uhs3_1247--udt1567,parquet_commercial_202512_comm_MI,166527-1.parquet,1
uhs3_1247--udt1567,parquet_commercial_202512_comm_MI,166676-1.parquet,1
uhs3_1247--udt1567,parquet_commercial_202512_comm_MI,166773-1.parquet,1
uhs3_1247--udt1567,parquet_commercial_202512_comm_MI,166814-1.parquet,5
uhs3_1247--udt1567,parquet_commercial_202512_comm_MI,166911-1.parquet,2
uhs3_1247--udt1567,parquet_commercial_202512_comm_MI,166998-1.parquet,1
uhs3_1247--udt1567,parquet_commercial_202512_comm_MI,167209-1.parquet,1
uhs3_1247--udt1567,parquet_commercial_202512_comm_MI,167382-1.parquet,1
uhs3_1247--udt1567,parquet_commercial_202512_comm_MI,167506-1.parquet,2
uhs3_1247--udt1567,parquet_commercial_202512_comm_MI,167767-1.parquet,2
uhs3_1247--udt1567,parquet_commercial_202512_comm_MI,167908-1.parquet,2
uhs3_1247--udt1567,parquet_commercial_202512_comm_MI,167931-1.parquet,2
uhs3_1247--udt1567,parquet_commercial_202512_comm_MI,168033-1.parquet,3
uhs3_1247--udt1567,parquet_commercial_202512_comm_MI,168053-1.parquet,1
uhs3_1247--udt1567,parquet_commercial_202512_comm_MI,168103-1.parquet,1
uhs3_1247--udt1567,parquet_commercial_202512_comm_MI,168167-1.parquet,1
uhs3_1247--udt1567,parquet_commercial_202512_comm_MI,168278-1.parquet,1
uhs3_1247--udt1567,parquet_commercial_202512_comm_MI,168682-1.parquet,1
uhs3_1247--udt1567,parquet_commercial_202512_comm_MI,168901-1.parquet,1
uhs3_1247--udt1567,parquet_commercial_202512_comm_MI,169136-1.parquet,1
uhs3_1247--udt1567,parquet_commercial_202512_comm_MI,169239-1.parquet,1
uhs3_1247--udt1567,parquet_commercial_202512_comm_MI,169293-1.parquet,4
uhs3_1247--udt1567,parquet_commercial_202512_comm_MI,169316-1.parquet,1
uhs3_1247--udt1567,parquet_commercial_202512_comm_MI,169446-1.parquet,2
uhs3_1247--udt1567,parquet_commercial_202512_comm_MI,169531-1.parquet,1
uhs3_1247--udt1567,parquet_commercial_202512_comm_MI,169593-1.parquet,3
uhs3_1247--udt1567,parquet_commercial_202512_comm_MI,169601-8.parquet,1
uhs3_1247--udt1567,parquet_commercial_202512_comm_MI,169634-1.parquet,1
uhs3_1247--udt1567,parquet_commercial_202512_comm_MI,169644-1.parquet,1
uhs3_1247--udt1567,parquet_commercial_202512_comm_MI,169655-1.parquet,1
uhs3_1247--udt1567,parquet_commercial_202512_comm_MI,169748-1.parquet,2
uhs3_1247--udt1567,parquet_commercial_202512_comm_MI,169759-1.parquet,1
uhs3_1247--udt1567,parquet_commercial_202512_comm_MI,169913-1.parquet,1
uhs3_1247--udt1567,parquet_commercial_202512_comm_MI,170044-1.parquet,1
uhs3_1247--udt1567,parquet_residential_short_202512_res_MI,10381-1.parquet,1
uhs3_1247--udt1567,parquet_residential_short_202512_res_MI,109870-1.parquet,5
uhs3_1247--udt1567,parquet_residential_short_202512_res_MI,113255-1.parquet,6
uhs3_1247--udt1567,parquet_residential_short_202512_res_MI,11596-1.parquet,3
uhs3_1247--udt1567,parquet_residential_short_202512_res_MI,116219-1.parquet,1
uhs3_1247--udt1567,parquet_residential_short_202512_res_MI,118404-1.parquet,15
uhs3_1247--udt1567,parquet_residential_short_202512_res_MI,121458-1.parquet,2
uhs3_1247--udt1567,parquet_residential_short_202512_res_MI,123079-1.parquet,4
uhs3_1247--udt1567,parquet_residential_short_202512_res_MI,129325-1.parquet,1
uhs3_1247--udt1567,parquet_residential_short_202512_res_MI,134138-1.parquet,4
uhs3_1247--udt1567,parquet_residential_short_202512_res_MI,135030-1.parquet,5
uhs3_1247--udt1567,parquet_residential_short_202512_res_MI,140239-1.parquet,1
uhs3_1247--udt1567,parquet_residential_short_202512_res_MI,141942-1.parquet,2
uhs3_1247--udt1567,parquet_residential_short_202512_res_MI,144380-1.parquet,3
uhs3_1247--udt1567,parquet_residential_short_202512_res_MI,144803-1.parquet,1
uhs3_1247--udt1567,parquet_residential_short_202512_res_MI,145104-1.parquet,3
uhs3_1247--udt1567,parquet_residential_short_202512_res_MI,15283-1.parquet,2
uhs3_1247--udt1567,parquet_residential_short_202512_res_MI,158553-1.parquet,1
uhs3_1247--udt1567,parquet_residential_short_202512_res_MI,163888-1.parquet,1
uhs3_1247--udt1567,parquet_residential_short_202512_res_MI,163929-1.parquet,3
uhs3_1247--udt1567,parquet_residential_short_202512_res_MI,178848-1.parquet,39
uhs3_1247--udt1567,parquet_residential_short_202512_res_MI,178924-1.parquet,6
uhs3_1247--udt1567,parquet_residential_short_202512_res_MI,179061-1.parquet,55
uhs3_1247--udt1567,parquet_residential_short_202512_res_MI,179402-1.parquet,1
uhs3_1247--udt1567,parquet_residential_short_202512_res_MI,179991-1.parquet,3
uhs3_1247--udt1567,parquet_residential_short_202512_res_MI,181066-1.parquet,2
uhs3_1247--udt1567,parquet_residential_short_202512_res_MI,189827-1.parquet,2
uhs3_1247--udt1567,parquet_residential_short_202512_res_MI,193304-1.parquet,14
uhs3_1247--udt1567,parquet_residential_short_202512_res_MI,195848-1.parquet,10
uhs3_1247--udt1567,parquet_residential_short_202512_res_MI,20070-1.parquet,1
uhs3_1247--udt1567,parquet_residential_short_202512_res_MI,202225-1.parquet,1
uhs3_1247--udt1567,parquet_residential_short_202512_res_MI,205005-1.parquet,1
uhs3_1247--udt1567,parquet_residential_short_202512_res_MI,219061-1.parquet,2
uhs3_1247--udt1567,parquet_residential_short_202512_res_MI,224704-1.parquet,2
uhs3_1247--udt1567,parquet_residential_short_202512_res_MI,229456-1.parquet,7
uhs3_1247--udt1567,parquet_residential_short_202512_res_MI,240169-1.parquet,2
uhs3_1247--udt1567,parquet_residential_short_202512_res_MI,242004-1.parquet,3
uhs3_1247--udt1567,parquet_residential_short_202512_res_MI,252372-1.parquet,1
uhs3_1247--udt1567,parquet_residential_short_202512_res_MI,255062-1.parquet,2
uhs3_1247--udt1567,parquet_residential_short_202512_res_MI,256339-1.parquet,1
uhs3_1247--udt1567,parquet_residential_short_202512_res_MI,261491-1.parquet,1
uhs3_1247--udt1567,parquet_residential_short_202512_res_MI,26343-1.parquet,2
uhs3_1247--udt1567,parquet_residential_short_202512_res_MI,275115-1.parquet,4
uhs3_1247--udt1567,parquet_residential_short_202512_res_MI,278143-1.parquet,1
uhs3_1247--udt1567,parquet_residential_short_202512_res_MI,280750-1.parquet,1
uhs3_1247--udt1567,parquet_residential_short_202512_res_MI,281826-1.parquet,1
uhs3_1247--udt1567,parquet_residential_short_202512_res_MI,292113-1.parquet,3
uhs3_1247--udt1567,parquet_residential_short_202512_res_MI,305049-1.parquet,6
uhs3_1247--udt1567,parquet_residential_short_202512_res_MI,305511-1.parquet,1
uhs3_1247--udt1567,parquet_residential_short_202512_res_MI,31043-1.parquet,2
uhs3_1247--udt1567,parquet_residential_short_202512_res_MI,316181-1.parquet,3
uhs3_1247--udt1567,parquet_residential_short_202512_res_MI,317135-1.parquet,1
uhs3_1247--udt1567,parquet_residential_short_202512_res_MI,317368-1.parquet,2
uhs3_1247--udt1567,parquet_residential_short_202512_res_MI,320231-1.parquet,8
uhs3_1247--udt1567,parquet_residential_short_202512_res_MI,32711-1.parquet,2
uhs3_1247--udt1567,parquet_residential_short_202512_res_MI,329472-1.parquet,3
uhs3_1247--udt1567,parquet_residential_short_202512_res_MI,330999-1.parquet,1
uhs3_1247--udt1567,parquet_residential_short_202512_res_MI,331207-1.parquet,1
uhs3_1247--udt1567,parquet_residential_short_202512_res_MI,334073-1.parquet,25
uhs3_1247--udt1567,parquet_residential_short_202512_res_MI,344633-1.parquet,1
uhs3_1247--udt1567,parquet_residential_short_202512_res_MI,345199-1.parquet,1
uhs3_1247--udt1567,parquet_residential_short_202512_res_MI,346477-1.parquet,1
uhs3_1247--udt1567,parquet_residential_short_202512_res_MI,350694-1.parquet,2
uhs3_1247--udt1567,parquet_residential_short_202512_res_MI,354403-1.parquet,2
uhs3_1247--udt1567,parquet_residential_short_202512_res_MI,356343-1.parquet,1
uhs3_1247--udt1567,parquet_residential_short_202512_res_MI,361783-1.parquet,35
uhs3_1247--udt1567,parquet_residential_short_202512_res_MI,363455-1.parquet,5
uhs3_1247--udt1567,parquet_residential_short_202512_res_MI,365825-1.parquet,5
uhs3_1247--udt1567,parquet_residential_short_202512_res_MI,368387-1.parquet,6
uhs3_1247--udt1567,parquet_residential_short_202512_res_MI,368438-1.parquet,2
uhs3_1247--udt1567,parquet_residential_short_202512_res_MI,378338-1.parquet,11
uhs3_1247--udt1567,parquet_residential_short_202512_res_MI,380296-1.parquet,26
uhs3_1247--udt1567,parquet_residential_short_202512_res_MI,381828-1.parquet,1
uhs3_1247--udt1567,parquet_residential_short_202512_res_MI,381867-1.parquet,3
uhs3_1247--udt1567,parquet_residential_short_202512_res_MI,387495-1.parquet,6
uhs3_1247--udt1567,parquet_residential_short_202512_res_MI,392142-1.parquet,3
uhs3_1247--udt1567,parquet_residential_short_202512_res_MI,400912-1.parquet,14
uhs3_1247--udt1567,parquet_residential_short_202512_res_MI,402675-1.parquet,2
uhs3_1247--udt1567,parquet_residential_short_202512_res_MI,411616-1.parquet,29
uhs3_1247--udt1567,parquet_residential_short_202512_res_MI,418555-1.parquet,1
uhs3_1247--udt1567,parquet_residential_short_202512_res_MI,421729-1.parquet,1
uhs3_1247--udt1567,parquet_residential_short_202512_res_MI,426204-1.parquet,3
uhs3_1247--udt1567,parquet_residential_short_202512_res_MI,432811-1.parquet,1
uhs3_1247--udt1567,parquet_residential_short_202512_res_MI,433741-1.parquet,1
uhs3_1247--udt1567,parquet_residential_short_202512_res_MI,436629-1.parquet,3
uhs3_1247--udt1567,parquet_residential_short_202512_res_MI,437871-1.parquet,12
uhs3_1247--udt1567,parquet_residential_short_202512_res_MI,439442-1.parquet,1
uhs3_1247--udt1567,parquet_residential_short_202512_res_MI,441370-1.parquet,4
uhs3_1247--udt1567,parquet_residential_short_202512_res_MI,444065-1.parquet,2
uhs3_1247--udt1567,parquet_residential_short_202512_res_MI,445779-1.parquet,1
uhs3_1247--udt1567,parquet_residential_short_202512_res_MI,446161-1.parquet,3
uhs3_1247--udt1567,parquet_residential_short_202512_res_MI,449575-1.parquet,1
uhs3_1247--udt1567,parquet_residential_short_202512_res_MI,449958-1.parquet,4
uhs3_1247--udt1567,parquet_residential_short_202512_res_MI,450644-1.parquet,1
uhs3_1247--udt1567,parquet_residential_short_202512_res_MI,458168-1.parquet,1
uhs3_1247--udt1567,parquet_residential_short_202512_res_MI,459710-1.parquet,2
uhs3_1247--udt1567,parquet_residential_short_202512_res_MI,459832-1.parquet,2
uhs3_1247--udt1567,parquet_residential_short_202512_res_MI,463711-1.parquet,1
uhs3_1247--udt1567,parquet_residential_short_202512_res_MI,465693-1.parquet,7
uhs3_1247--udt1567,parquet_residential_short_202512_res_MI,473383-1.parquet,1
uhs3_1247--udt1567,parquet_residential_short_202512_res_MI,474345-1.parquet,1
uhs3_1247--udt1567,parquet_residential_short_202512_res_MI,474857-1.parquet,1
uhs3_1247--udt1567,parquet_residential_short_202512_res_MI,485286-1.parquet,3
uhs3_1247--udt1567,parquet_residential_short_202512_res_MI,485537-1.parquet,2
uhs3_1247--udt1567,parquet_residential_short_202512_res_MI,491904-1.parquet,8
uhs3_1247--udt1567,parquet_residential_short_202512_res_MI,494108-1.parquet,5
uhs3_1247--udt1567,parquet_residential_short_202512_res_MI,498993-1.parquet,1
uhs3_1247--udt1567,parquet_residential_short_202512_res_MI,502032-1.parquet,3
uhs3_1247--udt1567,parquet_residential_short_202512_res_MI,505391-1.parquet,2
uhs3_1247--udt1567,parquet_residential_short_202512_res_MI,508330-1.parquet,23
uhs3_1247--udt1567,parquet_residential_short_202512_res_MI,509345-1.parquet,2
uhs3_1247--udt1567,parquet_residential_short_202512_res_MI,513814-1.parquet,4
uhs3_1247--udt1567,parquet_residential_short_202512_res_MI,515788-1.parquet,2
uhs3_1247--udt1567,parquet_residential_short_202512_res_MI,519249-1.parquet,2
uhs3_1247--udt1567,parquet_residential_short_202512_res_MI,521610-1.parquet,2
uhs3_1247--udt1567,parquet_residential_short_202512_res_MI,525496-1.parquet,1
uhs3_1247--udt1567,parquet_residential_short_202512_res_MI,527997-1.parquet,1
uhs3_1247--udt1567,parquet_residential_short_202512_res_MI,533319-1.parquet,1
uhs3_1247--udt1567,parquet_residential_short_202512_res_MI,538350-1.parquet,12
uhs3_1247--udt1567,parquet_residential_short_202512_res_MI,540993-1.parquet,1
uhs3_1247--udt1567,parquet_residential_short_202512_res_MI,55789-1.parquet,1
uhs3_1247--udt1567,parquet_residential_short_202512_res_MI,60207-1.parquet,1
uhs3_1247--udt1567,parquet_residential_short_202512_res_MI,74525-1.parquet,1
uhs3_1247--udt1567,parquet_residential_short_202512_res_MI,8111-1.parquet,4
uhs3_1247--udt1567,parquet_residential_short_202512_res_MI,83885-1.parquet,1
uhs3_1247--udt1567,parquet_residential_short_202512_res_MI,90350-1.parquet,7
uhs3_1247--udt1567,parquet_residential_short_202512_res_MI,92876-1.parquet,2
uhs3_1247--udt1567,parquet_residential_short_202512_res_MI,95747-1.parquet,1
uhs3_1247--udt1571,parquet_commercial_202512_comm_MI,157688-1.parquet,2
uhs3_1247--udt1571,parquet_commercial_202512_comm_MI,157760-1.parquet,1
uhs3_1247--udt1571,parquet_commercial_202512_comm_MI,157823-1.parquet,6
uhs3_1247--udt1571,parquet_commercial_202512_comm_MI,157859-8.parquet,1
uhs3_1247--udt1571,parquet_commercial_202512_comm_MI,157949-1.parquet,1
uhs3_1247--udt1571,parquet_commercial_202512_comm_MI,158051-1.parquet,1
uhs3_1247--udt1571,parquet_commercial_202512_comm_MI,158087-1.parquet,1
uhs3_1247--udt1571,parquet_commercial_202512_comm_MI,158144-8.parquet,1
uhs3_1247--udt1571,parquet_commercial_202512_comm_MI,158147-1.parquet,1
uhs3_1247--udt1571,parquet_commercial_202512_comm_MI,158365-1.parquet,1
uhs3_1247--udt1571,parquet_commercial_202512_comm_MI,158374-1.parquet,1
uhs3_1247--udt1571,parquet_commercial_202512_comm_MI,158388-1.parquet,1
uhs3_1247--udt1571,parquet_commercial_202512_comm_MI,158414-1.parquet,1
uhs3_1247--udt1571,parquet_commercial_202512_comm_MI,158456-1.parquet,6
uhs3_1247--udt1571,parquet_commercial_202512_comm_MI,158460-1.parquet,9
uhs3_1247--udt1571,parquet_commercial_202512_comm_MI,158634-1.parquet,5
uhs3_1247--udt1571,parquet_commercial_202512_comm_MI,158941-1.parquet,2
uhs3_1247--udt1571,parquet_commercial_202512_comm_MI,159081-8.parquet,2
uhs3_1247--udt1571,parquet_commercial_202512_comm_MI,159099-1.parquet,2
uhs3_1247--udt1571,parquet_commercial_202512_comm_MI,159114-1.parquet,1
uhs3_1247--udt1571,parquet_commercial_202512_comm_MI,159357-1.parquet,1
uhs3_1247--udt1571,parquet_commercial_202512_comm_MI,159385-1.parquet,1
uhs3_1247--udt1571,parquet_commercial_202512_comm_MI,159409-1.parquet,3
uhs3_1247--udt1571,parquet_commercial_202512_comm_MI,159485-1.parquet,6
uhs3_1247--udt1571,parquet_commercial_202512_comm_MI,159615-8.parquet,2
uhs3_1247--udt1571,parquet_commercial_202512_comm_MI,159686-1.parquet,1
uhs3_1247--udt1571,parquet_commercial_202512_comm_MI,159799-8.parquet,2
uhs3_1247--udt1571,parquet_commercial_202512_comm_MI,159841-1.parquet,1
uhs3_1247--udt1571,parquet_commercial_202512_comm_MI,159842-1.parquet,1
uhs3_1247--udt1571,parquet_commercial_202512_comm_MI,160069-1.parquet,2
uhs3_1247--udt1571,parquet_commercial_202512_comm_MI,160078-1.parquet,4
uhs3_1247--udt1571,parquet_commercial_202512_comm_MI,160143-1.parquet,1
uhs3_1247--udt1571,parquet_commercial_202512_comm_MI,160467-1.parquet,2
uhs3_1247--udt1571,parquet_commercial_202512_comm_MI,160477-1.parquet,2
uhs3_1247--udt1571,parquet_commercial_202512_comm_MI,160529-1.parquet,3
uhs3_1247--udt1571,parquet_commercial_202512_comm_MI,160627-1.parquet,1
uhs3_1247--udt1571,parquet_commercial_202512_comm_MI,160949-1.parquet,3
uhs3_1247--udt1571,parquet_commercial_202512_comm_MI,161130-1.parquet,1
uhs3_1247--udt1571,parquet_commercial_202512_comm_MI,161134-1.parquet,2
uhs3_1247--udt1571,parquet_commercial_202512_comm_MI,161135-1.parquet,1
uhs3_1247--udt1571,parquet_commercial_202512_comm_MI,161150-1.parquet,1
uhs3_1247--udt1571,parquet_commercial_202512_comm_MI,161335-1.parquet,1
uhs3_1247--udt1571,parquet_commercial_202512_comm_MI,161625-1.parquet,1
uhs3_1247--udt1571,parquet_commercial_202512_comm_MI,161632-1.parquet,1
uhs3_1247--udt1571,parquet_commercial_202512_comm_MI,161726-1.parquet,1
uhs3_1247--udt1571,parquet_commercial_202512_comm_MI,161746-1.parquet,2
uhs3_1247--udt1571,parquet_commercial_202512_comm_MI,162172-1.parquet,1
uhs3_1247--udt1571,parquet_commercial_202512_comm_MI,162281-8.parquet,1
uhs3_1247--udt1571,parquet_commercial_202512_comm_MI,162329-1.parquet,1
uhs3_1247--udt1571,parquet_commercial_202512_comm_MI,162648-1.parquet,1
uhs3_1247--udt1571,parquet_commercial_202512_comm_MI,162701-1.parquet,1
uhs3_1247--udt1571,parquet_commercial_202512_comm_MI,162763-1.parquet,1
uhs3_1247--udt1571,parquet_commercial_202512_comm_MI,163035-1.parquet,1
uhs3_1247--udt1571,parquet_commercial_202512_comm_MI,163546-8.parquet,2
uhs3_1247--udt1571,parquet_commercial_202512_comm_MI,163559-1.parquet,1
uhs3_1247--udt1571,parquet_commercial_202512_comm_MI,163679-8.parquet,1
uhs3_1247--udt1571,parquet_commercial_202512_comm_MI,163803-1.parquet,2
uhs3_1247--udt1571,parquet_commercial_202512_comm_MI,163811-1.parquet,1
uhs3_1247--udt1571,parquet_commercial_202512_comm_MI,163839-1.parquet,2
uhs3_1247--udt1571,parquet_commercial_202512_comm_MI,163891-1.parquet,2
uhs3_1247--udt1571,parquet_commercial_202512_comm_MI,164001-8.parquet,1
uhs3_1247--udt1571,parquet_commercial_202512_comm_MI,164079-1.parquet,2
uhs3_1247--udt1571,parquet_commercial_202512_comm_MI,164185-1.parquet,3
uhs3_1247--udt1571,parquet_commercial_202512_comm_MI,164205-1.parquet,1
uhs3_1247--udt1571,parquet_commercial_202512_comm_MI,164235-1.parquet,1
uhs3_1247--udt1571,parquet_commercial_202512_comm_MI,164249-1.parquet,1
uhs3_1247--udt1571,parquet_commercial_202512_comm_MI,164341-1.parquet,1
uhs3_1247--udt1571,parquet_commercial_202512_comm_MI,164404-1.parquet,1
uhs3_1247--udt1571,parquet_commercial_202512_comm_MI,164464-1.parquet,1
uhs3_1247--udt1571,parquet_commercial_202512_comm_MI,164521-1.parquet,1
uhs3_1247--udt1571,parquet_commercial_202512_comm_MI,164743-1.parquet,1
uhs3_1247--udt1571,parquet_commercial_202512_comm_MI,164928-8.parquet,13
uhs3_1247--udt1571,parquet_commercial_202512_comm_MI,165039-8.parquet,1
uhs3_1247--udt1571,parquet_commercial_202512_comm_MI,165209-8.parquet,1
uhs3_1247--udt1571,parquet_commercial_202512_comm_MI,165234-1.parquet,1
uhs3_1247--udt1571,parquet_commercial_202512_comm_MI,165260-1.parquet,1
uhs3_1247--udt1571,parquet_commercial_202512_comm_MI,165352-8.parquet,1
uhs3_1247--udt1571,parquet_commercial_202512_comm_MI,165376-1.parquet,1
uhs3_1247--udt1571,parquet_commercial_202512_comm_MI,165460-1.parquet,1
uhs3_1247--udt1571,parquet_commercial_202512_comm_MI,165564-1.parquet,1
uhs3_1247--udt1571,parquet_commercial_202512_comm_MI,165583-1.parquet,2
uhs3_1247--udt1571,parquet_commercial_202512_comm_MI,165786-1.parquet,1
uhs3_1247--udt1571,parquet_commercial_202512_comm_MI,165799-1.parquet,1
uhs3_1247--udt1571,parquet_commercial_202512_comm_MI,166183-1.parquet,2
uhs3_1247--udt1571,parquet_commercial_202512_comm_MI,166313-1.parquet,1
uhs3_1247--udt1571,parquet_commercial_202512_comm_MI,166339-1.parquet,2
uhs3_1247--udt1571,parquet_commercial_202512_comm_MI,166814-1.parquet,2
uhs3_1247--udt1571,parquet_commercial_202512_comm_MI,166911-1.parquet,2
uhs3_1247--udt1571,parquet_commercial_202512_comm_MI,166998-1.parquet,1
uhs3_1247--udt1571,parquet_commercial_202512_comm_MI,167455-1.parquet,1
uhs3_1247--udt1571,parquet_commercial_202512_comm_MI,167474-1.parquet,1
uhs3_1247--udt1571,parquet_commercial_202512_comm_MI,167642-1.parquet,1
uhs3_1247--udt1571,parquet_commercial_202512_comm_MI,167724-1.parquet,1
uhs3_1247--udt1571,parquet_commercial_202512_comm_MI,167828-1.parquet,1
uhs3_1247--udt1571,parquet_commercial_202512_comm_MI,167908-1.parquet,1
uhs3_1247--udt1571,parquet_commercial_202512_comm_MI,167931-1.parquet,8
uhs3_1247--udt1571,parquet_commercial_202512_comm_MI,168053-1.parquet,1
uhs3_1247--udt1571,parquet_commercial_202512_comm_MI,168193-1.parquet,4
uhs3_1247--udt1571,parquet_commercial_202512_comm_MI,168278-1.parquet,2
uhs3_1247--udt1571,parquet_commercial_202512_comm_MI,168324-1.parquet,1
uhs3_1247--udt1571,parquet_commercial_202512_comm_MI,168649-1.parquet,1
uhs3_1247--udt1571,parquet_commercial_202512_comm_MI,168901-1.parquet,1
uhs3_1247--udt1571,parquet_commercial_202512_comm_MI,169107-8.parquet,1
uhs3_1247--udt1571,parquet_commercial_202512_comm_MI,169159-1.parquet,3
uhs3_1247--udt1571,parquet_commercial_202512_comm_MI,169316-1.parquet,2
uhs3_1247--udt1571,parquet_commercial_202512_comm_MI,169446-1.parquet,1
uhs3_1247--udt1571,parquet_commercial_202512_comm_MI,169471-1.parquet,1
uhs3_1247--udt1571,parquet_commercial_202512_comm_MI,169531-1.parquet,1
uhs3_1247--udt1571,parquet_commercial_202512_comm_MI,169572-8.parquet,1
uhs3_1247--udt1571,parquet_commercial_202512_comm_MI,169655-1.parquet,2
uhs3_1247--udt1571,parquet_commercial_202512_comm_MI,169748-1.parquet,1
uhs3_1247--udt1571,parquet_commercial_202512_comm_MI,169749-1.parquet,1
uhs3_1247--udt1571,parquet_commercial_202512_comm_MI,169773-1.parquet,1
uhs3_1247--udt1571,parquet_commercial_202512_comm_MI,169913-1.parquet,1
uhs3_1247--udt1571,parquet_residential_short_202512_res_MI,109870-1.parquet,1
uhs3_1247--udt1571,parquet_residential_short_202512_res_MI,110028-1.parquet,1
uhs3_1247--udt1571,parquet_residential_short_202512_res_MI,11278-1.parquet,1
uhs3_1247--udt1571,parquet_residential_short_202512_res_MI,113255-1.parquet,1
uhs3_1247--udt1571,parquet_residential_short_202512_res_MI,118404-1.parquet,4
uhs3_1247--udt1571,parquet_residential_short_202512_res_MI,135030-1.parquet,2
uhs3_1247--udt1571,parquet_residential_short_202512_res_MI,141664-1.parquet,1
uhs3_1247--udt1571,parquet_residential_short_202512_res_MI,14251-1.parquet,1
uhs3_1247--udt1571,parquet_residential_short_202512_res_MI,144803-1.parquet,1
uhs3_1247--udt1571,parquet_residential_short_202512_res_MI,145077-1.parquet,1
uhs3_1247--udt1571,parquet_residential_short_202512_res_MI,15283-1.parquet,1
uhs3_1247--udt1571,parquet_residential_short_202512_res_MI,158553-1.parquet,1
uhs3_1247--udt1571,parquet_residential_short_202512_res_MI,163888-1.parquet,1
uhs3_1247--udt1571,parquet_residential_short_202512_res_MI,163929-1.parquet,2
uhs3_1247--udt1571,parquet_residential_short_202512_res_MI,178848-1.parquet,27
uhs3_1247--udt1571,parquet_residential_short_202512_res_MI,178924-1.parquet,4
uhs3_1247--udt1571,parquet_residential_short_202512_res_MI,179061-1.parquet,14
uhs3_1247--udt1571,parquet_residential_short_202512_res_MI,179991-1.parquet,1
uhs3_1247--udt1571,parquet_residential_short_202512_res_MI,181066-1.parquet,1
uhs3_1247--udt1571,parquet_residential_short_202512_res_MI,18662-1.parquet,1
uhs3_1247--udt1571,parquet_residential_short_202512_res_MI,193304-1.parquet,7
uhs3_1247--udt1571,parquet_residential_short_202512_res_MI,22378-1.parquet,1
uhs3_1247--udt1571,parquet_residential_short_202512_res_MI,231438-1.parquet,1
uhs3_1247--udt1571,parquet_residential_short_202512_res_MI,240070-1.parquet,1
uhs3_1247--udt1571,parquet_residential_short_202512_res_MI,242004-1.parquet,2
uhs3_1247--udt1571,parquet_residential_short_202512_res_MI,252372-1.parquet,1
uhs3_1247--udt1571,parquet_residential_short_202512_res_MI,258760-1.parquet,1
uhs3_1247--udt1571,parquet_residential_short_202512_res_MI,275115-1.parquet,1
uhs3_1247--udt1571,parquet_residential_short_202512_res_MI,275600-1.parquet,1
uhs3_1247--udt1571,parquet_residential_short_202512_res_MI,277511-1.parquet,1
uhs3_1247--udt1571,parquet_residential_short_202512_res_MI,281826-1.parquet,1
uhs3_1247--udt1571,parquet_residential_short_202512_res_MI,285678-1.parquet,1
uhs3_1247--udt1571,parquet_residential_short_202512_res_MI,286308-1.parquet,1
uhs3_1247--udt1571,parquet_residential_short_202512_res_MI,292113-1.parquet,4
uhs3_1247--udt1571,parquet_residential_short_202512_res_MI,300299-1.parquet,1
uhs3_1247--udt1571,parquet_residential_short_202512_res_MI,305049-1.parquet,2
uhs3_1247--udt1571,parquet_residential_short_202512_res_MI,31043-1.parquet,2
uhs3_1247--udt1571,parquet_residential_short_202512_res_MI,320231-1.parquet,1
uhs3_1247--udt1571,parquet_residential_short_202512_res_MI,330999-1.parquet,1
uhs3_1247--udt1571,parquet_residential_short_202512_res_MI,331207-1.parquet,2
uhs3_1247--udt1571,parquet_residential_short_202512_res_MI,334073-1.parquet,20
uhs3_1247--udt1571,parquet_residential_short_202512_res_MI,335327-1.parquet,1
uhs3_1247--udt1571,parquet_residential_short_202512_res_MI,337756-1.parquet,1
uhs3_1247--udt1571,parquet_residential_short_202512_res_MI,361783-1.parquet,20
uhs3_1247--udt1571,parquet_residential_short_202512_res_MI,365825-1.parquet,1
uhs3_1247--udt1571,parquet_residential_short_202512_res_MI,368387-1.parquet,4
uhs3_1247--udt1571,parquet_residential_short_202512_res_MI,370010-1.parquet,1
uhs3_1247--udt1571,parquet_residential_short_202512_res_MI,378338-1.parquet,1
uhs3_1247--udt1571,parquet_residential_short_202512_res_MI,380296-1.parquet,2
uhs3_1247--udt1571,parquet_residential_short_202512_res_MI,381867-1.parquet,4
uhs3_1247--udt1571,parquet_residential_short_202512_res_MI,387495-1.parquet,1
uhs3_1247--udt1571,parquet_residential_short_202512_res_MI,392142-1.parquet,5
uhs3_1247--udt1571,parquet_residential_short_202512_res_MI,39516-1.parquet,1
uhs3_1247--udt1571,parquet_residential_short_202512_res_MI,39539-1.parquet,2
uhs3_1247--udt1571,parquet_residential_short_202512_res_MI,395863-1.parquet,1
uhs3_1247--udt1571,parquet_residential_short_202512_res_MI,400912-1.parquet,3
uhs3_1247--udt1571,parquet_residential_short_202512_res_MI,411616-1.parquet,21
uhs3_1247--udt1571,parquet_residential_short_202512_res_MI,418555-1.parquet,1
uhs3_1247--udt1571,parquet_residential_short_202512_res_MI,426204-1.parquet,5
uhs3_1247--udt1571,parquet_residential_short_202512_res_MI,436629-1.parquet,4
uhs3_1247--udt1571,parquet_residential_short_202512_res_MI,437871-1.parquet,1
uhs3_1247--udt1571,parquet_residential_short_202512_res_MI,439442-1.parquet,1
uhs3_1247--udt1571,parquet_residential_short_202512_res_MI,441370-1.parquet,2
uhs3_1247--udt1571,parquet_residential_short_202512_res_MI,444065-1.parquet,2
uhs3_1247--udt1571,parquet_residential_short_202512_res_MI,449958-1.parquet,1
uhs3_1247--udt1571,parquet_residential_short_202512_res_MI,451774-1.parquet,1
uhs3_1247--udt1571,parquet_residential_short_202512_res_MI,453782-1.parquet,1
uhs3_1247--udt1571,parquet_residential_short_202512_res_MI,455633-1.parquet,1
uhs3_1247--udt1571,parquet_residential_short_202512_res_MI,457273-1.parquet,1
uhs3_1247--udt1571,parquet_residential_short_202512_res_MI,465000-1.parquet,1
uhs3_1247--udt1571,parquet_residential_short_202512_res_MI,465693-1.parquet,1
uhs3_1247--udt1571,parquet_residential_short_202512_res_MI,467658-1.parquet,1
uhs3_1247--udt1571,parquet_residential_short_202512_res_MI,472423-1.parquet,1
uhs3_1247--udt1571,parquet_residential_short_202512_res_MI,473383-1.parquet,5
uhs3_1247--udt1571,parquet_residential_short_202512_res_MI,474345-1.parquet,2
uhs3_1247--udt1571,parquet_residential_short_202512_res_MI,485537-1.parquet,1
uhs3_1247--udt1571,parquet_residential_short_202512_res_MI,491904-1.parquet,4
uhs3_1247--udt1571,parquet_residential_short_202512_res_MI,498993-1.parquet,2
uhs3_1247--udt1571,parquet_residential_short_202512_res_MI,49911-1.parquet,1
uhs3_1247--udt1571,parquet_residential_short_202512_res_MI,505391-1.parquet,1
uhs3_1247--udt1571,parquet_residential_short_202512_res_MI,508330-1.parquet,18
uhs3_1247--udt1571,parquet_residential_short_202512_res_MI,513814-1.parquet,3
uhs3_1247--udt1571,parquet_residential_short_202512_res_MI,520323-1.parquet,1
uhs3_1247--udt1571,parquet_residential_short_202512_res_MI,521610-1.parquet,1
uhs3_1247--udt1571,parquet_residential_short_202512_res_MI,523472-1.parquet,1
uhs3_1247--udt1571,parquet_residential_short_202512_res_MI,525496-1.parquet,2
uhs3_1247--udt1571,parquet_residential_short_202512_res_MI,549574-1.parquet,1
uhs3_1247--udt1571,parquet_residential_short_202512_res_MI,60207-1.parquet,1
uhs3_1247--udt1571,parquet_residential_short_202512_res_MI,66663-1.parquet,1
uhs3_1247--udt1571,parquet_residential_short_202512_res_MI,73789-1.parquet,1
uhs3_1247--udt1571,parquet_residential_short_202512_res_MI,74525-1.parquet,2
uhs3_1247--udt1571,parquet_residential_short_202512_res_MI,8111-1.parquet,1
uhs3_1247--udt1571,parquet_residential_short_202512_res_MI,83885-1.parquet,1
uhs3_1247--udt1571,parquet_residential_short_202512_res_MI,92876-1.parquet,6
uhs3_1247--udt1582,parquet_commercial_202512_comm_MI,157688-1.parquet,1
uhs3_1247--udt1582,parquet_commercial_202512_comm_MI,157823-1.parquet,2
uhs3_1247--udt1582,parquet_commercial_202512_comm_MI,158144-8.parquet,1
uhs3_1247--udt1582,parquet_commercial_202512_comm_MI,158147-1.parquet,1
uhs3_1247--udt1582,parquet_commercial_202512_comm_MI,158195-1.parquet,1
uhs3_1247--udt1582,parquet_commercial_202512_comm_MI,158335-1.parquet,1
uhs3_1247--udt1582,parquet_commercial_202512_comm_MI,158388-1.parquet,1
uhs3_1247--udt1582,parquet_commercial_202512_comm_MI,158460-1.parquet,2
uhs3_1247--udt1582,parquet_commercial_202512_comm_MI,158634-1.parquet,2
uhs3_1247--udt1582,parquet_commercial_202512_comm_MI,158692-1.parquet,1
uhs3_1247--udt1582,parquet_commercial_202512_comm_MI,158767-1.parquet,2
uhs3_1247--udt1582,parquet_commercial_202512_comm_MI,158792-8.parquet,2
uhs3_1247--udt1582,parquet_commercial_202512_comm_MI,158880-1.parquet,1
uhs3_1247--udt1582,parquet_commercial_202512_comm_MI,158916-1.parquet,1
uhs3_1247--udt1582,parquet_commercial_202512_comm_MI,159409-1.parquet,3
uhs3_1247--udt1582,parquet_commercial_202512_comm_MI,159476-1.parquet,2
uhs3_1247--udt1582,parquet_commercial_202512_comm_MI,159485-1.parquet,1
uhs3_1247--udt1582,parquet_commercial_202512_comm_MI,160078-1.parquet,16
uhs3_1247--udt1582,parquet_commercial_202512_comm_MI,160365-1.parquet,1
uhs3_1247--udt1582,parquet_commercial_202512_comm_MI,160467-1.parquet,1
uhs3_1247--udt1582,parquet_commercial_202512_comm_MI,160529-1.parquet,1
uhs3_1247--udt1582,parquet_commercial_202512_comm_MI,160627-1.parquet,2
uhs3_1247--udt1582,parquet_commercial_202512_comm_MI,160747-1.parquet,1
uhs3_1247--udt1582,parquet_commercial_202512_comm_MI,160949-1.parquet,1
uhs3_1247--udt1582,parquet_commercial_202512_comm_MI,161135-1.parquet,1
uhs3_1247--udt1582,parquet_commercial_202512_comm_MI,161150-1.parquet,2
uhs3_1247--udt1582,parquet_commercial_202512_comm_MI,161434-1.parquet,1
uhs3_1247--udt1582,parquet_commercial_202512_comm_MI,161726-1.parquet,1
uhs3_1247--udt1582,parquet_commercial_202512_comm_MI,161949-1.parquet,1
uhs3_1247--udt1582,parquet_commercial_202512_comm_MI,162221-1.parquet,1
uhs3_1247--udt1582,parquet_commercial_202512_comm_MI,162457-1.parquet,1
uhs3_1247--udt1582,parquet_commercial_202512_comm_MI,163388-1.parquet,1
uhs3_1247--udt1582,parquet_commercial_202512_comm_MI,163403-1.parquet,1
uhs3_1247--udt1582,parquet_commercial_202512_comm_MI,163546-8.parquet,1
uhs3_1247--udt1582,parquet_commercial_202512_comm_MI,163710-1.parquet,1
uhs3_1247--udt1582,parquet_commercial_202512_comm_MI,163803-1.parquet,1
uhs3_1247--udt1582,parquet_commercial_202512_comm_MI,163839-1.parquet,1
uhs3_1247--udt1582,parquet_commercial_202512_comm_MI,163891-1.parquet,2
uhs3_1247--udt1582,parquet_commercial_202512_comm_MI,163928-1.parquet,1
uhs3_1247--udt1582,parquet_commercial_202512_comm_MI,163999-1.parquet,1
uhs3_1247--udt1582,parquet_commercial_202512_comm_MI,164928-8.parquet,1
uhs3_1247--udt1582,parquet_commercial_202512_comm_MI,164945-8.parquet,1
uhs3_1247--udt1582,parquet_commercial_202512_comm_MI,165376-1.parquet,1
uhs3_1247--udt1582,parquet_commercial_202512_comm_MI,165531-8.parquet,1
uhs3_1247--udt1582,parquet_commercial_202512_comm_MI,165583-1.parquet,1
uhs3_1247--udt1582,parquet_commercial_202512_comm_MI,165621-1.parquet,1
uhs3_1247--udt1582,parquet_commercial_202512_comm_MI,165747-1.parquet,1
uhs3_1247--udt1582,parquet_commercial_202512_comm_MI,165799-1.parquet,2
uhs3_1247--udt1582,parquet_commercial_202512_comm_MI,166044-1.parquet,1
uhs3_1247--udt1582,parquet_commercial_202512_comm_MI,166262-1.parquet,1
uhs3_1247--udt1582,parquet_commercial_202512_comm_MI,166553-8.parquet,1
uhs3_1247--udt1582,parquet_commercial_202512_comm_MI,166622-1.parquet,1
uhs3_1247--udt1582,parquet_commercial_202512_comm_MI,166672-1.parquet,1
uhs3_1247--udt1582,parquet_commercial_202512_comm_MI,166814-1.parquet,1
uhs3_1247--udt1582,parquet_commercial_202512_comm_MI,167931-1.parquet,5
uhs3_1247--udt1582,parquet_commercial_202512_comm_MI,168043-1.parquet,1
uhs3_1247--udt1582,parquet_commercial_202512_comm_MI,168193-1.parquet,4
uhs3_1247--udt1582,parquet_commercial_202512_comm_MI,168546-1.parquet,1
uhs3_1247--udt1582,parquet_commercial_202512_comm_MI,169085-1.parquet,2
uhs3_1247--udt1582,parquet_commercial_202512_comm_MI,169159-1.parquet,1
uhs3_1247--udt1582,parquet_commercial_202512_comm_MI,169263-1.parquet,1
uhs3_1247--udt1582,parquet_commercial_202512_comm_MI,169316-1.parquet,1
uhs3_1247--udt1582,parquet_commercial_202512_comm_MI,169412-1.parquet,1
uhs3_1247--udt1582,parquet_commercial_202512_comm_MI,169572-8.parquet,1
uhs3_1247--udt1582,parquet_commercial_202512_comm_MI,169974-8.parquet,2
uhs3_1247--udt1582,parquet_residential_short_202512_res_MI,10381-1.parquet,1
uhs3_1247--udt1582,parquet_residential_short_202512_res_MI,109870-1.parquet,1
uhs3_1247--udt1582,parquet_residential_short_202512_res_MI,113255-1.parquet,3
uhs3_1247--udt1582,parquet_residential_short_202512_res_MI,116219-1.parquet,1
uhs3_1247--udt1582,parquet_residential_short_202512_res_MI,118404-1.parquet,6
uhs3_1247--udt1582,parquet_residential_short_202512_res_MI,121458-1.parquet,1
uhs3_1247--udt1582,parquet_residential_short_202512_res_MI,144380-1.parquet,1
uhs3_1247--udt1582,parquet_residential_short_202512_res_MI,144803-1.parquet,1
uhs3_1247--udt1582,parquet_residential_short_202512_res_MI,15283-1.parquet,1
uhs3_1247--udt1582,parquet_residential_short_202512_res_MI,163888-1.parquet,2
uhs3_1247--udt1582,parquet_residential_short_202512_res_MI,163929-1.parquet,2
uhs3_1247--udt1582,parquet_residential_short_202512_res_MI,178848-1.parquet,17
uhs3_1247--udt1582,parquet_residential_short_202512_res_MI,179061-1.parquet,7
uhs3_1247--udt1582,parquet_residential_short_202512_res_MI,181066-1.parquet,2
uhs3_1247--udt1582,parquet_residential_short_202512_res_MI,193304-1.parquet,3
uhs3_1247--udt1582,parquet_residential_short_202512_res_MI,195848-1.parquet,1
uhs3_1247--udt1582,parquet_residential_short_202512_res_MI,202225-1.parquet,1
uhs3_1247--udt1582,parquet_residential_short_202512_res_MI,242004-1.parquet,1
uhs3_1247--udt1582,parquet_residential_short_202512_res_MI,255062-1.parquet,2
uhs3_1247--udt1582,parquet_residential_short_202512_res_MI,263197-1.parquet,1
uhs3_1247--udt1582,parquet_residential_short_202512_res_MI,26343-1.parquet,2
uhs3_1247--udt1582,parquet_residential_short_202512_res_MI,275115-1.parquet,3
uhs3_1247--udt1582,parquet_residential_short_202512_res_MI,278143-1.parquet,1
uhs3_1247--udt1582,parquet_residential_short_202512_res_MI,285678-1.parquet,1
uhs3_1247--udt1582,parquet_residential_short_202512_res_MI,285946-1.parquet,1
uhs3_1247--udt1582,parquet_residential_short_202512_res_MI,292113-1.parquet,2
uhs3_1247--udt1582,parquet_residential_short_202512_res_MI,31043-1.parquet,1
uhs3_1247--udt1582,parquet_residential_short_202512_res_MI,329472-1.parquet,2
uhs3_1247--udt1582,parquet_residential_short_202512_res_MI,331355-1.parquet,1
uhs3_1247--udt1582,parquet_residential_short_202512_res_MI,334073-1.parquet,8
uhs3_1247--udt1582,parquet_residential_short_202512_res_MI,350694-1.parquet,2
uhs3_1247--udt1582,parquet_residential_short_202512_res_MI,361783-1.parquet,15
uhs3_1247--udt1582,parquet_residential_short_202512_res_MI,368387-1.parquet,4
uhs3_1247--udt1582,parquet_residential_short_202512_res_MI,368438-1.parquet,2
uhs3_1247--udt1582,parquet_residential_short_202512_res_MI,378338-1.parquet,4
uhs3_1247--udt1582,parquet_residential_short_202512_res_MI,392142-1.parquet,1
uhs3_1247--udt1582,parquet_residential_short_202512_res_MI,395863-1.parquet,1
uhs3_1247--udt1582,parquet_residential_short_202512_res_MI,400912-1.parquet,4
uhs3_1247--udt1582,parquet_residential_short_202512_res_MI,405426-1.parquet,1
uhs3_1247--udt1582,parquet_residential_short_202512_res_MI,411616-1.parquet,20
uhs3_1247--udt1582,parquet_residential_short_202512_res_MI,417744-1.parquet,1
uhs3_1247--udt1582,parquet_residential_short_202512_res_MI,426204-1.parquet,1
uhs3_1247--udt1582,parquet_residential_short_202512_res_MI,430122-1.parquet,1
uhs3_1247--udt1582,parquet_residential_short_202512_res_MI,436629-1.parquet,1
uhs3_1247--udt1582,parquet_residential_short_202512_res_MI,441370-1.parquet,3
uhs3_1247--udt1582,parquet_residential_short_202512_res_MI,449958-1.parquet,1
uhs3_1247--udt1582,parquet_residential_short_202512_res_MI,450644-1.parquet,1
uhs3_1247--udt1582,parquet_residential_short_202512_res_MI,453782-1.parquet,1
uhs3_1247--udt1582,parquet_residential_short_202512_res_MI,457273-1.parquet,3
uhs3_1247--udt1582,parquet_residential_short_202512_res_MI,457563-1.parquet,1
uhs3_1247--udt1582,parquet_residential_short_202512_res_MI,459710-1.parquet,1
uhs3_1247--udt1582,parquet_residential_short_202512_res_MI,464078-1.parquet,1
uhs3_1247--udt1582,parquet_residential_short_202512_res_MI,465693-1.parquet,1
uhs3_1247--udt1582,parquet_residential_short_202512_res_MI,467658-1.parquet,1
uhs3_1247--udt1582,parquet_residential_short_202512_res_MI,478155-1.parquet,1
uhs3_1247--udt1582,parquet_residential_short_202512_res_MI,480431-1.parquet,1
uhs3_1247--udt1582,parquet_residential_short_202512_res_MI,491904-1.parquet,5
uhs3_1247--udt1582,parquet_residential_short_202512_res_MI,494108-1.parquet,2
uhs3_1247--udt1582,parquet_residential_short_202512_res_MI,498993-1.parquet,1
uhs3_1247--udt1582,parquet_residential_short_202512_res_MI,502032-1.parquet,1
uhs3_1247--udt1582,parquet_residential_short_202512_res_MI,505391-1.parquet,1
uhs3_1247--udt1582,parquet_residential_short_202512_res_MI,508330-1.parquet,16
uhs3_1247--udt1582,parquet_residential_short_202512_res_MI,513814-1.parquet,1
uhs3_1247--udt1582,parquet_residential_short_202512_res_MI,519249-1.parquet,1
uhs3_1247--udt1582,parquet_residential_short_202512_res_MI,521610-1.parquet,1
uhs3_1247--udt1582,parquet_residential_short_202512_res_MI,525496-1.parquet,1
uhs3_1247--udt1582,parquet_residential_short_202512_res_MI,533319-1.parquet,1
uhs3_1247--udt1582,parquet_residential_short_202512_res_MI,78734-1.parquet,1
uhs3_1247--udt1582,parquet_residential_short_202512_res_MI,82218-1.parquet,1
uhs3_1247--udt1582,parquet_residential_short_202512_res_MI,92876-1.parquet,1
uhs4_1247--p1umv7,parquet_commercial_202512_comm_MI,157760-1.parquet,1
uhs4_1247--p1umv7,parquet_commercial_202512_comm_MI,157810-1.parquet,1
uhs4_1247--p1umv7,parquet_commercial_202512_comm_MI,157823-1.parquet,14
uhs4_1247--p1umv7,parquet_commercial_202512_comm_MI,158188-1.parquet,1
uhs4_1247--p1umv7,parquet_commercial_202512_comm_MI,158376-1.parquet,1
uhs4_1247--p1umv7,parquet_commercial_202512_comm_MI,158456-1.parquet,30
uhs4_1247--p1umv7,parquet_commercial_202512_comm_MI,158460-1.parquet,1
uhs4_1247--p1umv7,parquet_commercial_202512_comm_MI,158634-1.parquet,2
uhs4_1247--p1umv7,parquet_commercial_202512_comm_MI,158635-1.parquet,1
uhs4_1247--p1umv7,parquet_commercial_202512_comm_MI,158792-8.parquet,1
uhs4_1247--p1umv7,parquet_commercial_202512_comm_MI,158935-1.parquet,1
uhs4_1247--p1umv7,parquet_commercial_202512_comm_MI,159096-1.parquet,1
uhs4_1247--p1umv7,parquet_commercial_202512_comm_MI,159114-1.parquet,5
uhs4_1247--p1umv7,parquet_commercial_202512_comm_MI,159146-1.parquet,1
uhs4_1247--p1umv7,parquet_commercial_202512_comm_MI,159385-1.parquet,1
uhs4_1247--p1umv7,parquet_commercial_202512_comm_MI,159395-1.parquet,1
uhs4_1247--p1umv7,parquet_commercial_202512_comm_MI,159409-1.parquet,5
uhs4_1247--p1umv7,parquet_commercial_202512_comm_MI,159483-1.parquet,1
uhs4_1247--p1umv7,parquet_commercial_202512_comm_MI,159485-1.parquet,15
uhs4_1247--p1umv7,parquet_commercial_202512_comm_MI,159533-1.parquet,1
uhs4_1247--p1umv7,parquet_commercial_202512_comm_MI,159634-1.parquet,1
uhs4_1247--p1umv7,parquet_commercial_202512_comm_MI,159686-1.parquet,3
uhs4_1247--p1umv7,parquet_commercial_202512_comm_MI,159841-1.parquet,1
uhs4_1247--p1umv7,parquet_commercial_202512_comm_MI,160078-1.parquet,1
uhs4_1247--p1umv7,parquet_commercial_202512_comm_MI,160365-1.parquet,2
uhs4_1247--p1umv7,parquet_commercial_202512_comm_MI,160429-1.parquet,1
uhs4_1247--p1umv7,parquet_commercial_202512_comm_MI,160467-1.parquet,2
uhs4_1247--p1umv7,parquet_commercial_202512_comm_MI,160477-1.parquet,2
uhs4_1247--p1umv7,parquet_commercial_202512_comm_MI,160529-1.parquet,5
uhs4_1247--p1umv7,parquet_commercial_202512_comm_MI,160562-1.parquet,2
uhs4_1247--p1umv7,parquet_commercial_202512_comm_MI,160747-1.parquet,1
uhs4_1247--p1umv7,parquet_commercial_202512_comm_MI,160792-1.parquet,1
uhs4_1247--p1umv7,parquet_commercial_202512_comm_MI,160949-1.parquet,2
uhs4_1247--p1umv7,parquet_commercial_202512_comm_MI,161054-1.parquet,1
uhs4_1247--p1umv7,parquet_commercial_202512_comm_MI,161150-1.parquet,1
uhs4_1247--p1umv7,parquet_commercial_202512_comm_MI,161335-1.parquet,1
uhs4_1247--p1umv7,parquet_commercial_202512_comm_MI,161632-1.parquet,5
uhs4_1247--p1umv7,parquet_commercial_202512_comm_MI,161810-1.parquet,1
uhs4_1247--p1umv7,parquet_commercial_202512_comm_MI,161866-1.parquet,1
uhs4_1247--p1umv7,parquet_commercial_202512_comm_MI,161940-1.parquet,2
uhs4_1247--p1umv7,parquet_commercial_202512_comm_MI,162088-1.parquet,1
uhs4_1247--p1umv7,parquet_commercial_202512_comm_MI,162172-1.parquet,1
uhs4_1247--p1umv7,parquet_commercial_202512_comm_MI,162262-1.parquet,1
uhs4_1247--p1umv7,parquet_commercial_202512_comm_MI,162329-1.parquet,1
uhs4_1247--p1umv7,parquet_commercial_202512_comm_MI,162590-8.parquet,1
uhs4_1247--p1umv7,parquet_commercial_202512_comm_MI,162648-1.parquet,2
uhs4_1247--p1umv7,parquet_commercial_202512_comm_MI,162850-1.parquet,2
uhs4_1247--p1umv7,parquet_commercial_202512_comm_MI,162868-1.parquet,1
uhs4_1247--p1umv7,parquet_commercial_202512_comm_MI,162954-1.parquet,2
uhs4_1247--p1umv7,parquet_commercial_202512_comm_MI,163035-1.parquet,1
uhs4_1247--p1umv7,parquet_commercial_202512_comm_MI,163409-1.parquet,1
uhs4_1247--p1umv7,parquet_commercial_202512_comm_MI,163546-8.parquet,1
uhs4_1247--p1umv7,parquet_commercial_202512_comm_MI,163559-1.parquet,7
uhs4_1247--p1umv7,parquet_commercial_202512_comm_MI,163710-1.parquet,1
uhs4_1247--p1umv7,parquet_commercial_202512_comm_MI,163753-1.parquet,1
uhs4_1247--p1umv7,parquet_commercial_202512_comm_MI,163803-1.parquet,1
uhs4_1247--p1umv7,parquet_commercial_202512_comm_MI,163811-1.parquet,1
uhs4_1247--p1umv7,parquet_commercial_202512_comm_MI,163839-1.parquet,4
uhs4_1247--p1umv7,parquet_commercial_202512_comm_MI,163891-1.parquet,1
uhs4_1247--p1umv7,parquet_commercial_202512_comm_MI,164079-1.parquet,2
uhs4_1247--p1umv7,parquet_commercial_202512_comm_MI,164185-1.parquet,1
uhs4_1247--p1umv7,parquet_commercial_202512_comm_MI,164200-1.parquet,1
uhs4_1247--p1umv7,parquet_commercial_202512_comm_MI,164450-1.parquet,3
uhs4_1247--p1umv7,parquet_commercial_202512_comm_MI,164489-1.parquet,1
uhs4_1247--p1umv7,parquet_commercial_202512_comm_MI,164547-1.parquet,1
uhs4_1247--p1umv7,parquet_commercial_202512_comm_MI,164606-1.parquet,2
uhs4_1247--p1umv7,parquet_commercial_202512_comm_MI,164697-8.parquet,1
uhs4_1247--p1umv7,parquet_commercial_202512_comm_MI,164724-1.parquet,1
uhs4_1247--p1umv7,parquet_commercial_202512_comm_MI,164742-1.parquet,1
uhs4_1247--p1umv7,parquet_commercial_202512_comm_MI,164928-8.parquet,9
uhs4_1247--p1umv7,parquet_commercial_202512_comm_MI,164945-8.parquet,4
uhs4_1247--p1umv7,parquet_commercial_202512_comm_MI,165018-8.parquet,2
uhs4_1247--p1umv7,parquet_commercial_202512_comm_MI,165234-1.parquet,1
uhs4_1247--p1umv7,parquet_commercial_202512_comm_MI,165246-1.parquet,1
uhs4_1247--p1umv7,parquet_commercial_202512_comm_MI,165352-8.parquet,1
uhs4_1247--p1umv7,parquet_commercial_202512_comm_MI,165410-1.parquet,1
uhs4_1247--p1umv7,parquet_commercial_202512_comm_MI,165531-8.parquet,2
uhs4_1247--p1umv7,parquet_commercial_202512_comm_MI,165564-1.parquet,1
uhs4_1247--p1umv7,parquet_commercial_202512_comm_MI,165583-1.parquet,2
uhs4_1247--p1umv7,parquet_commercial_202512_comm_MI,165799-1.parquet,1
uhs4_1247--p1umv7,parquet_commercial_202512_comm_MI,165875-1.parquet,1
uhs4_1247--p1umv7,parquet_commercial_202512_comm_MI,165981-1.parquet,1
uhs4_1247--p1umv7,parquet_commercial_202512_comm_MI,166044-1.parquet,1
uhs4_1247--p1umv7,parquet_commercial_202512_comm_MI,166182-1.parquet,1
uhs4_1247--p1umv7,parquet_commercial_202512_comm_MI,166183-1.parquet,2
uhs4_1247--p1umv7,parquet_commercial_202512_comm_MI,166361-1.parquet,1
uhs4_1247--p1umv7,parquet_commercial_202512_comm_MI,166431-1.parquet,1
uhs4_1247--p1umv7,parquet_commercial_202512_comm_MI,166488-1.parquet,2
uhs4_1247--p1umv7,parquet_commercial_202512_comm_MI,166524-1.parquet,2
uhs4_1247--p1umv7,parquet_commercial_202512_comm_MI,166531-1.parquet,1
uhs4_1247--p1umv7,parquet_commercial_202512_comm_MI,166609-1.parquet,1
uhs4_1247--p1umv7,parquet_commercial_202512_comm_MI,166622-1.parquet,1
uhs4_1247--p1umv7,parquet_commercial_202512_comm_MI,166687-1.parquet,1
uhs4_1247--p1umv7,parquet_commercial_202512_comm_MI,166814-1.parquet,3
uhs4_1247--p1umv7,parquet_commercial_202512_comm_MI,166911-1.parquet,1
uhs4_1247--p1umv7,parquet_commercial_202512_comm_MI,166998-1.parquet,2
uhs4_1247--p1umv7,parquet_commercial_202512_comm_MI,167023-8.parquet,1
uhs4_1247--p1umv7,parquet_commercial_202512_comm_MI,167209-1.parquet,1
uhs4_1247--p1umv7,parquet_commercial_202512_comm_MI,167455-1.parquet,3
uhs4_1247--p1umv7,parquet_commercial_202512_comm_MI,167644-1.parquet,1
uhs4_1247--p1umv7,parquet_commercial_202512_comm_MI,167767-1.parquet,1
uhs4_1247--p1umv7,parquet_commercial_202512_comm_MI,167828-1.parquet,1
uhs4_1247--p1umv7,parquet_commercial_202512_comm_MI,167919-1.parquet,1
uhs4_1247--p1umv7,parquet_commercial_202512_comm_MI,167931-1.parquet,3
uhs4_1247--p1umv7,parquet_commercial_202512_comm_MI,167937-1.parquet,1
uhs4_1247--p1umv7,parquet_commercial_202512_comm_MI,168033-1.parquet,1
uhs4_1247--p1umv7,parquet_commercial_202512_comm_MI,168053-1.parquet,2
uhs4_1247--p1umv7,parquet_commercial_202512_comm_MI,168064-1.parquet,1
uhs4_1247--p1umv7,parquet_commercial_202512_comm_MI,168072-1.parquet,1
uhs4_1247--p1umv7,parquet_commercial_202512_comm_MI,168388-1.parquet,1
uhs4_1247--p1umv7,parquet_commercial_202512_comm_MI,168478-1.parquet,1
uhs4_1247--p1umv7,parquet_commercial_202512_comm_MI,168555-1.parquet,1
uhs4_1247--p1umv7,parquet_commercial_202512_comm_MI,168682-1.parquet,2
uhs4_1247--p1umv7,parquet_commercial_202512_comm_MI,168695-8.parquet,1
uhs4_1247--p1umv7,parquet_commercial_202512_comm_MI,168759-1.parquet,1
uhs4_1247--p1umv7,parquet_commercial_202512_comm_MI,168901-1.parquet,6
uhs4_1247--p1umv7,parquet_commercial_202512_comm_MI,169002-1.parquet,1
uhs4_1247--p1umv7,parquet_commercial_202512_comm_MI,169006-1.parquet,1
uhs4_1247--p1umv7,parquet_commercial_202512_comm_MI,169085-1.parquet,2
uhs4_1247--p1umv7,parquet_commercial_202512_comm_MI,169159-1.parquet,1
uhs4_1247--p1umv7,parquet_commercial_202512_comm_MI,169316-1.parquet,4
uhs4_1247--p1umv7,parquet_commercial_202512_comm_MI,169331-1.parquet,1
uhs4_1247--p1umv7,parquet_commercial_202512_comm_MI,169471-1.parquet,3
uhs4_1247--p1umv7,parquet_commercial_202512_comm_MI,169512-1.parquet,1
uhs4_1247--p1umv7,parquet_commercial_202512_comm_MI,169593-1.parquet,6
uhs4_1247--p1umv7,parquet_commercial_202512_comm_MI,169597-1.parquet,1
uhs4_1247--p1umv7,parquet_commercial_202512_comm_MI,169644-1.parquet,2
uhs4_1247--p1umv7,parquet_commercial_202512_comm_MI,169655-1.parquet,2
uhs4_1247--p1umv7,parquet_commercial_202512_comm_MI,169680-1.parquet,2
uhs4_1247--p1umv7,parquet_commercial_202512_comm_MI,169748-1.parquet,2
uhs4_1247--p1umv7,parquet_commercial_202512_comm_MI,169773-1.parquet,1
uhs4_1247--p1umv7,parquet_commercial_202512_comm_MI,169913-1.parquet,1
uhs4_1247--p1umv7,parquet_commercial_202512_comm_MI,170028-1.parquet,1
uhs4_1247--p1umv7,parquet_commercial_202512_comm_MI,170044-1.parquet,2
uhs4_1247--p1umv7,parquet_residential_short_202512_res_MI,10381-1.parquet,1
uhs4_1247--p1umv7,parquet_residential_short_202512_res_MI,109870-1.parquet,2
uhs4_1247--p1umv7,parquet_residential_short_202512_res_MI,113255-1.parquet,2
uhs4_1247--p1umv7,parquet_residential_short_202512_res_MI,116219-1.parquet,2
uhs4_1247--p1umv7,parquet_residential_short_202512_res_MI,118404-1.parquet,17
uhs4_1247--p1umv7,parquet_residential_short_202512_res_MI,134138-1.parquet,1
uhs4_1247--p1umv7,parquet_residential_short_202512_res_MI,135030-1.parquet,2
uhs4_1247--p1umv7,parquet_residential_short_202512_res_MI,141942-1.parquet,1
uhs4_1247--p1umv7,parquet_residential_short_202512_res_MI,144380-1.parquet,2
uhs4_1247--p1umv7,parquet_residential_short_202512_res_MI,158553-1.parquet,1
uhs4_1247--p1umv7,parquet_residential_short_202512_res_MI,163929-1.parquet,1
uhs4_1247--p1umv7,parquet_residential_short_202512_res_MI,178848-1.parquet,16
uhs4_1247--p1umv7,parquet_residential_short_202512_res_MI,178924-1.parquet,4
uhs4_1247--p1umv7,parquet_residential_short_202512_res_MI,179061-1.parquet,23
uhs4_1247--p1umv7,parquet_residential_short_202512_res_MI,179402-1.parquet,1
uhs4_1247--p1umv7,parquet_residential_short_202512_res_MI,180563-1.parquet,1
uhs4_1247--p1umv7,parquet_residential_short_202512_res_MI,193304-1.parquet,3
uhs4_1247--p1umv7,parquet_residential_short_202512_res_MI,195848-1.parquet,1
uhs4_1247--p1umv7,parquet_residential_short_202512_res_MI,202225-1.parquet,1
uhs4_1247--p1umv7,parquet_residential_short_202512_res_MI,212006-1.parquet,1
uhs4_1247--p1umv7,parquet_residential_short_202512_res_MI,219061-1.parquet,1
uhs4_1247--p1umv7,parquet_residential_short_202512_res_MI,229456-1.parquet,2
uhs4_1247--p1umv7,parquet_residential_short_202512_res_MI,240169-1.parquet,2
uhs4_1247--p1umv7,parquet_residential_short_202512_res_MI,242004-1.parquet,5
uhs4_1247--p1umv7,parquet_residential_short_202512_res_MI,255062-1.parquet,2
uhs4_1247--p1umv7,parquet_residential_short_202512_res_MI,26197-1.parquet,1
uhs4_1247--p1umv7,parquet_residential_short_202512_res_MI,263197-1.parquet,4
uhs4_1247--p1umv7,parquet_residential_short_202512_res_MI,26343-1.parquet,1
uhs4_1247--p1umv7,parquet_residential_short_202512_res_MI,275115-1.parquet,31
uhs4_1247--p1umv7,parquet_residential_short_202512_res_MI,277511-1.parquet,5
uhs4_1247--p1umv7,parquet_residential_short_202512_res_MI,278143-1.parquet,1
uhs4_1247--p1umv7,parquet_residential_short_202512_res_MI,280750-1.parquet,1
uhs4_1247--p1umv7,parquet_residential_short_202512_res_MI,285678-1.parquet,1
uhs4_1247--p1umv7,parquet_residential_short_202512_res_MI,320231-1.parquet,1
uhs4_1247--p1umv7,parquet_residential_short_202512_res_MI,329472-1.parquet,5
uhs4_1247--p1umv7,parquet_residential_short_202512_res_MI,330999-1.parquet,5
uhs4_1247--p1umv7,parquet_residential_short_202512_res_MI,334073-1.parquet,19
uhs4_1247--p1umv7,parquet_residential_short_202512_res_MI,346477-1.parquet,1
uhs4_1247--p1umv7,parquet_residential_short_202512_res_MI,354403-1.parquet,4
uhs4_1247--p1umv7,parquet_residential_short_202512_res_MI,361783-1.parquet,9
uhs4_1247--p1umv7,parquet_residential_short_202512_res_MI,365825-1.parquet,3
uhs4_1247--p1umv7,parquet_residential_short_202512_res_MI,368387-1.parquet,2
uhs4_1247--p1umv7,parquet_residential_short_202512_res_MI,368438-1.parquet,1
uhs4_1247--p1umv7,parquet_residential_short_202512_res_MI,378338-1.parquet,6
uhs4_1247--p1umv7,parquet_residential_short_202512_res_MI,380296-1.parquet,1
uhs4_1247--p1umv7,parquet_residential_short_202512_res_MI,381828-1.parquet,1
uhs4_1247--p1umv7,parquet_residential_short_202512_res_MI,381867-1.parquet,1
uhs4_1247--p1umv7,parquet_residential_short_202512_res_MI,387495-1.parquet,1
uhs4_1247--p1umv7,parquet_residential_short_202512_res_MI,392142-1.parquet,5
uhs4_1247--p1umv7,parquet_residential_short_202512_res_MI,39539-1.parquet,1
uhs4_1247--p1umv7,parquet_residential_short_202512_res_MI,395863-1.parquet,2
uhs4_1247--p1umv7,parquet_residential_short_202512_res_MI,400912-1.parquet,5
uhs4_1247--p1umv7,parquet_residential_short_202512_res_MI,411616-1.parquet,6
uhs4_1247--p1umv7,parquet_residential_short_202512_res_MI,421729-1.parquet,1
uhs4_1247--p1umv7,parquet_residential_short_202512_res_MI,433379-1.parquet,1
uhs4_1247--p1umv7,parquet_residential_short_202512_res_MI,436629-1.parquet,1
uhs4_1247--p1umv7,parquet_residential_short_202512_res_MI,437871-1.parquet,15
uhs4_1247--p1umv7,parquet_residential_short_202512_res_MI,439442-1.parquet,2
uhs4_1247--p1umv7,parquet_residential_short_202512_res_MI,441370-1.parquet,2
uhs4_1247--p1umv7,parquet_residential_short_202512_res_MI,444065-1.parquet,4
uhs4_1247--p1umv7,parquet_residential_short_202512_res_MI,446161-1.parquet,3
uhs4_1247--p1umv7,parquet_residential_short_202512_res_MI,449958-1.parquet,2
uhs4_1247--p1umv7,parquet_residential_short_202512_res_MI,465693-1.parquet,2
uhs4_1247--p1umv7,parquet_residential_short_202512_res_MI,473383-1.parquet,2
uhs4_1247--p1umv7,parquet_residential_short_202512_res_MI,474345-1.parquet,3
uhs4_1247--p1umv7,parquet_residential_short_202512_res_MI,485286-1.parquet,4
uhs4_1247--p1umv7,parquet_residential_short_202512_res_MI,485537-1.parquet,2
uhs4_1247--p1umv7,parquet_residential_short_202512_res_MI,491904-1.parquet,6
uhs4_1247--p1umv7,parquet_residential_short_202512_res_MI,502032-1.parquet,1
uhs4_1247--p1umv7,parquet_residential_short_202512_res_MI,508330-1.parquet,10
uhs4_1247--p1umv7,parquet_residential_short_202512_res_MI,509345-1.parquet,1
uhs4_1247--p1umv7,parquet_residential_short_202512_res_MI,520460-1.parquet,1
uhs4_1247--p1umv7,parquet_residential_short_202512_res_MI,525496-1.parquet,1
uhs4_1247--p1umv7,parquet_residential_short_202512_res_MI,533319-1.parquet,4
uhs4_1247--p1umv7,parquet_residential_short_202512_res_MI,538350-1.parquet,4
uhs4_1247--p1umv7,parquet_residential_short_202512_res_MI,74525-1.parquet,1
uhs4_1247--p1umv7,parquet_residential_short_202512_res_MI,78734-1.parquet,1
uhs4_1247--p1umv7,parquet_residential_short_202512_res_MI,8111-1.parquet,6
uhs4_1247--p1umv7,parquet_residential_short_202512_res_MI,92876-1.parquet,2
uhs4_1247--p1umv7,parquet_residential_short_202512_res_MI,95747-1.parquet,1
uhs4_1247--p1umv8,parquet_commercial_202512_comm_MI,157793-1.parquet,1
uhs4_1247--p1umv8,parquet_commercial_202512_comm_MI,158087-1.parquet,1
uhs4_1247--p1umv8,parquet_commercial_202512_comm_MI,158456-1.parquet,1
uhs4_1247--p1umv8,parquet_commercial_202512_comm_MI,159032-8.parquet,1
uhs4_1247--p1umv8,parquet_commercial_202512_comm_MI,159099-1.parquet,1
uhs4_1247--p1umv8,parquet_commercial_202512_comm_MI,159114-1.parquet,1
uhs4_1247--p1umv8,parquet_commercial_202512_comm_MI,159409-1.parquet,1
uhs4_1247--p1umv8,parquet_commercial_202512_comm_MI,159485-1.parquet,1
uhs4_1247--p1umv8,parquet_commercial_202512_comm_MI,159686-1.parquet,1
uhs4_1247--p1umv8,parquet_commercial_202512_comm_MI,160477-1.parquet,2
uhs4_1247--p1umv8,parquet_commercial_202512_comm_MI,160562-1.parquet,3
uhs4_1247--p1umv8,parquet_commercial_202512_comm_MI,160949-1.parquet,1
uhs4_1247--p1umv8,parquet_commercial_202512_comm_MI,161150-1.parquet,1
uhs4_1247--p1umv8,parquet_commercial_202512_comm_MI,161214-1.parquet,2
uhs4_1247--p1umv8,parquet_commercial_202512_comm_MI,161642-1.parquet,3
uhs4_1247--p1umv8,parquet_commercial_202512_comm_MI,161737-1.parquet,1
uhs4_1247--p1umv8,parquet_commercial_202512_comm_MI,161866-1.parquet,1
uhs4_1247--p1umv8,parquet_commercial_202512_comm_MI,162701-1.parquet,1
uhs4_1247--p1umv8,parquet_commercial_202512_comm_MI,162792-1.parquet,1
uhs4_1247--p1umv8,parquet_commercial_202512_comm_MI,163559-1.parquet,2
uhs4_1247--p1umv8,parquet_commercial_202512_comm_MI,163839-1.parquet,1
uhs4_1247--p1umv8,parquet_commercial_202512_comm_MI,164079-1.parquet,5
uhs4_1247--p1umv8,parquet_commercial_202512_comm_MI,164185-1.parquet,2
uhs4_1247--p1umv8,parquet_commercial_202512_comm_MI,164675-8.parquet,1
uhs4_1247--p1umv8,parquet_commercial_202512_comm_MI,164742-1.parquet,1
uhs4_1247--p1umv8,parquet_commercial_202512_comm_MI,165018-8.parquet,4
uhs4_1247--p1umv8,parquet_commercial_202512_comm_MI,165260-1.parquet,1
uhs4_1247--p1umv8,parquet_commercial_202512_comm_MI,165376-1.parquet,1
uhs4_1247--p1umv8,parquet_commercial_202512_comm_MI,165405-1.parquet,1
uhs4_1247--p1umv8,parquet_commercial_202512_comm_MI,165734-1.parquet,1
uhs4_1247--p1umv8,parquet_commercial_202512_comm_MI,165799-1.parquet,2
uhs4_1247--p1umv8,parquet_commercial_202512_comm_MI,166044-1.parquet,1
uhs4_1247--p1umv8,parquet_commercial_202512_comm_MI,166182-1.parquet,1
uhs4_1247--p1umv8,parquet_commercial_202512_comm_MI,166262-1.parquet,1
uhs4_1247--p1umv8,parquet_commercial_202512_comm_MI,166339-1.parquet,2
uhs4_1247--p1umv8,parquet_commercial_202512_comm_MI,166567-1.parquet,1
uhs4_1247--p1umv8,parquet_commercial_202512_comm_MI,167377-1.parquet,1
uhs4_1247--p1umv8,parquet_commercial_202512_comm_MI,167455-1.parquet,1
uhs4_1247--p1umv8,parquet_commercial_202512_comm_MI,167812-8.parquet,1
uhs4_1247--p1umv8,parquet_commercial_202512_comm_MI,167931-1.parquet,2
uhs4_1247--p1umv8,parquet_commercial_202512_comm_MI,168033-1.parquet,2
uhs4_1247--p1umv8,parquet_commercial_202512_comm_MI,168053-1.parquet,2
uhs4_1247--p1umv8,parquet_commercial_202512_comm_MI,168193-1.parquet,1
uhs4_1247--p1umv8,parquet_commercial_202512_comm_MI,168278-1.parquet,1
uhs4_1247--p1umv8,parquet_commercial_202512_comm_MI,168682-1.parquet,1
uhs4_1247--p1umv8,parquet_commercial_202512_comm_MI,169293-1.parquet,6
uhs4_1247--p1umv8,parquet_commercial_202512_comm_MI,169316-1.parquet,3
uhs4_1247--p1umv8,parquet_commercial_202512_comm_MI,169655-1.parquet,2
uhs4_1247--p1umv8,parquet_residential_short_202512_res_MI,10381-1.parquet,1
uhs4_1247--p1umv8,parquet_residential_short_202512_res_MI,109870-1.parquet,1
uhs4_1247--p1umv8,parquet_residential_short_202512_res_MI,113255-1.parquet,1
uhs4_1247--p1umv8,parquet_residential_short_202512_res_MI,118404-1.parquet,1
uhs4_1247--p1umv8,parquet_residential_short_202512_res_MI,141664-1.parquet,1
uhs4_1247--p1umv8,parquet_residential_short_202512_res_MI,15283-1.parquet,1
uhs4_1247--p1umv8,parquet_residential_short_202512_res_MI,163888-1.parquet,2
uhs4_1247--p1umv8,parquet_residential_short_202512_res_MI,163929-1.parquet,1
uhs4_1247--p1umv8,parquet_residential_short_202512_res_MI,178848-1.parquet,7
uhs4_1247--p1umv8,parquet_residential_short_202512_res_MI,178924-1.parquet,1
uhs4_1247--p1umv8,parquet_residential_short_202512_res_MI,179061-1.parquet,8
uhs4_1247--p1umv8,parquet_residential_short_202512_res_MI,193304-1.parquet,1
uhs4_1247--p1umv8,parquet_residential_short_202512_res_MI,195848-1.parquet,4
uhs4_1247--p1umv8,parquet_residential_short_202512_res_MI,215616-1.parquet,1
uhs4_1247--p1umv8,parquet_residential_short_202512_res_MI,219061-1.parquet,1
uhs4_1247--p1umv8,parquet_residential_short_202512_res_MI,242004-1.parquet,3
uhs4_1247--p1umv8,parquet_residential_short_202512_res_MI,263197-1.parquet,1
uhs4_1247--p1umv8,parquet_residential_short_202512_res_MI,275115-1.parquet,1
uhs4_1247--p1umv8,parquet_residential_short_202512_res_MI,278143-1.parquet,1
uhs4_1247--p1umv8,parquet_residential_short_202512_res_MI,292113-1.parquet,1
uhs4_1247--p1umv8,parquet_residential_short_202512_res_MI,316181-1.parquet,1
uhs4_1247--p1umv8,parquet_residential_short_202512_res_MI,317135-1.parquet,1
uhs4_1247--p1umv8,parquet_residential_short_202512_res_MI,320231-1.parquet,1
uhs4_1247--p1umv8,parquet_residential_short_202512_res_MI,334073-1.parquet,13
uhs4_1247--p1umv8,parquet_residential_short_202512_res_MI,335327-1.parquet,1
uhs4_1247--p1umv8,parquet_residential_short_202512_res_MI,344633-1.parquet,1
uhs4_1247--p1umv8,parquet_residential_short_202512_res_MI,346477-1.parquet,1
uhs4_1247--p1umv8,parquet_residential_short_202512_res_MI,350694-1.parquet,1
uhs4_1247--p1umv8,parquet_residential_short_202512_res_MI,361783-1.parquet,8
uhs4_1247--p1umv8,parquet_residential_short_202512_res_MI,368387-1.parquet,2
uhs4_1247--p1umv8,parquet_residential_short_202512_res_MI,378338-1.parquet,1
uhs4_1247--p1umv8,parquet_residential_short_202512_res_MI,380296-1.parquet,1
uhs4_1247--p1umv8,parquet_residential_short_202512_res_MI,381867-1.parquet,2
uhs4_1247--p1umv8,parquet_residential_short_202512_res_MI,387495-1.parquet,1
uhs4_1247--p1umv8,parquet_residential_short_202512_res_MI,392142-1.parquet,1
uhs4_1247--p1umv8,parquet_residential_short_202512_res_MI,39539-1.parquet,1
uhs4_1247--p1umv8,parquet_residential_short_202512_res_MI,396717-1.parquet,1
uhs4_1247--p1umv8,parquet_residential_short_202512_res_MI,400912-1.parquet,2
uhs4_1247--p1umv8,parquet_residential_short_202512_res_MI,411616-1.parquet,14
uhs4_1247--p1umv8,parquet_residential_short_202512_res_MI,418555-1.parquet,3
uhs4_1247--p1umv8,parquet_residential_short_202512_res_MI,426204-1.parquet,1
uhs4_1247--p1umv8,parquet_residential_short_202512_res_MI,436629-1.parquet,2
uhs4_1247--p1umv8,parquet_residential_short_202512_res_MI,437871-1.parquet,1
uhs4_1247--p1umv8,parquet_residential_short_202512_res_MI,441370-1.parquet,1
uhs4_1247--p1umv8,parquet_residential_short_202512_res_MI,444610-1.parquet,1
uhs4_1247--p1umv8,parquet_residential_short_202512_res_MI,457273-1.parquet,2
uhs4_1247--p1umv8,parquet_residential_short_202512_res_MI,465693-1.parquet,2
uhs4_1247--p1umv8,parquet_residential_short_202512_res_MI,473383-1.parquet,1
uhs4_1247--p1umv8,parquet_residential_short_202512_res_MI,485286-1.parquet,1
uhs4_1247--p1umv8,parquet_residential_short_202512_res_MI,508330-1.parquet,17
uhs4_1247--p1umv8,parquet_residential_short_202512_res_MI,525496-1.parquet,1
uhs4_1247--p1umv8,parquet_residential_short_202512_res_MI,533319-1.parquet,1
uhs4_1247--p1umv8,parquet_residential_short_202512_res_MI,538350-1.parquet,1
uhs4_1247--p1umv8,parquet_residential_short_202512_res_MI,54618-1.parquet,1
uhs4_1247--p1umv8,parquet_residential_short_202512_res_MI,74525-1.parquet,1
uhs4_1247--p1umv8,parquet_residential_short_202512_res_MI,8111-1.parquet,1
uhs4_1247--p1umv8,parquet_residential_short_202512_res_MI,82218-1.parquet,1
uhs4_1247--p1umv8,parquet_residential_short_202512_res_MI,90350-1.parquet,1
uhs4_1247--udt11389,parquet_commercial_202512_comm_MI,157668-1.parquet,1
uhs4_1247--udt11389,parquet_commercial_202512_comm_MI,157688-1.parquet,1
uhs4_1247--udt11389,parquet_commercial_202512_comm_MI,157760-1.parquet,1
uhs4_1247--udt11389,parquet_commercial_202512_comm_MI,157823-1.parquet,6
uhs4_1247--udt11389,parquet_commercial_202512_comm_MI,158144-8.parquet,1
uhs4_1247--udt11389,parquet_commercial_202512_comm_MI,158188-1.parquet,1
uhs4_1247--udt11389,parquet_commercial_202512_comm_MI,158267-1.parquet,1
uhs4_1247--udt11389,parquet_commercial_202512_comm_MI,158374-1.parquet,1
uhs4_1247--udt11389,parquet_commercial_202512_comm_MI,158456-1.parquet,1
uhs4_1247--udt11389,parquet_commercial_202512_comm_MI,158460-1.parquet,5
uhs4_1247--udt11389,parquet_commercial_202512_comm_MI,158603-1.parquet,1
uhs4_1247--udt11389,parquet_commercial_202512_comm_MI,158634-1.parquet,6
uhs4_1247--udt11389,parquet_commercial_202512_comm_MI,158712-1.parquet,1
uhs4_1247--udt11389,parquet_commercial_202512_comm_MI,158745-1.parquet,1
uhs4_1247--udt11389,parquet_commercial_202512_comm_MI,158880-1.parquet,1
uhs4_1247--udt11389,parquet_commercial_202512_comm_MI,159004-8.parquet,1
uhs4_1247--udt11389,parquet_commercial_202512_comm_MI,159029-1.parquet,1
uhs4_1247--udt11389,parquet_commercial_202512_comm_MI,159099-1.parquet,1
uhs4_1247--udt11389,parquet_commercial_202512_comm_MI,159114-1.parquet,3
uhs4_1247--udt11389,parquet_commercial_202512_comm_MI,159326-1.parquet,1
uhs4_1247--udt11389,parquet_commercial_202512_comm_MI,159385-1.parquet,1
uhs4_1247--udt11389,parquet_commercial_202512_comm_MI,159409-1.parquet,4
uhs4_1247--udt11389,parquet_commercial_202512_comm_MI,159485-1.parquet,2
uhs4_1247--udt11389,parquet_commercial_202512_comm_MI,159533-1.parquet,1
uhs4_1247--udt11389,parquet_commercial_202512_comm_MI,159686-1.parquet,1
uhs4_1247--udt11389,parquet_commercial_202512_comm_MI,159799-8.parquet,1
uhs4_1247--udt11389,parquet_commercial_202512_comm_MI,159909-1.parquet,1
uhs4_1247--udt11389,parquet_commercial_202512_comm_MI,159989-1.parquet,1
uhs4_1247--udt11389,parquet_commercial_202512_comm_MI,160078-1.parquet,1
uhs4_1247--udt11389,parquet_commercial_202512_comm_MI,160365-1.parquet,1
uhs4_1247--udt11389,parquet_commercial_202512_comm_MI,160467-1.parquet,1
uhs4_1247--udt11389,parquet_commercial_202512_comm_MI,160529-1.parquet,5
uhs4_1247--udt11389,parquet_commercial_202512_comm_MI,160627-1.parquet,2
uhs4_1247--udt11389,parquet_commercial_202512_comm_MI,160792-1.parquet,1
uhs4_1247--udt11389,parquet_commercial_202512_comm_MI,160949-1.parquet,2
uhs4_1247--udt11389,parquet_commercial_202512_comm_MI,161130-1.parquet,1
uhs4_1247--udt11389,parquet_commercial_202512_comm_MI,161335-1.parquet,1
uhs4_1247--udt11389,parquet_commercial_202512_comm_MI,161365-1.parquet,1
uhs4_1247--udt11389,parquet_commercial_202512_comm_MI,161434-1.parquet,1
uhs4_1247--udt11389,parquet_commercial_202512_comm_MI,161501-1.parquet,1
uhs4_1247--udt11389,parquet_commercial_202512_comm_MI,161593-1.parquet,1
uhs4_1247--udt11389,parquet_commercial_202512_comm_MI,161632-1.parquet,1
uhs4_1247--udt11389,parquet_commercial_202512_comm_MI,161648-1.parquet,1
uhs4_1247--udt11389,parquet_commercial_202512_comm_MI,161810-1.parquet,1
uhs4_1247--udt11389,parquet_commercial_202512_comm_MI,161940-1.parquet,1
uhs4_1247--udt11389,parquet_commercial_202512_comm_MI,162172-1.parquet,1
uhs4_1247--udt11389,parquet_commercial_202512_comm_MI,162262-1.parquet,1
uhs4_1247--udt11389,parquet_commercial_202512_comm_MI,162329-1.parquet,1
uhs4_1247--udt11389,parquet_commercial_202512_comm_MI,162590-8.parquet,2
uhs4_1247--udt11389,parquet_commercial_202512_comm_MI,162648-1.parquet,2
uhs4_1247--udt11389,parquet_commercial_202512_comm_MI,162763-1.parquet,2
uhs4_1247--udt11389,parquet_commercial_202512_comm_MI,162850-1.parquet,1
uhs4_1247--udt11389,parquet_commercial_202512_comm_MI,162882-8.parquet,1
uhs4_1247--udt11389,parquet_commercial_202512_comm_MI,162954-1.parquet,1
uhs4_1247--udt11389,parquet_commercial_202512_comm_MI,163035-1.parquet,3
uhs4_1247--udt11389,parquet_commercial_202512_comm_MI,163214-8.parquet,2
uhs4_1247--udt11389,parquet_commercial_202512_comm_MI,163409-1.parquet,1
uhs4_1247--udt11389,parquet_commercial_202512_comm_MI,163546-8.parquet,2
uhs4_1247--udt11389,parquet_commercial_202512_comm_MI,163559-1.parquet,4
uhs4_1247--udt11389,parquet_commercial_202512_comm_MI,163772-1.parquet,1
uhs4_1247--udt11389,parquet_commercial_202512_comm_MI,163803-1.parquet,1
uhs4_1247--udt11389,parquet_commercial_202512_comm_MI,163839-1.parquet,4
uhs4_1247--udt11389,parquet_commercial_202512_comm_MI,164185-1.parquet,1
uhs4_1247--udt11389,parquet_commercial_202512_comm_MI,164278-1.parquet,1
uhs4_1247--udt11389,parquet_commercial_202512_comm_MI,164521-1.parquet,1
uhs4_1247--udt11389,parquet_commercial_202512_comm_MI,164552-1.parquet,1
uhs4_1247--udt11389,parquet_commercial_202512_comm_MI,164698-8.parquet,1
uhs4_1247--udt11389,parquet_commercial_202512_comm_MI,164724-1.parquet,1
uhs4_1247--udt11389,parquet_commercial_202512_comm_MI,164742-1.parquet,1
uhs4_1247--udt11389,parquet_commercial_202512_comm_MI,164743-1.parquet,1
uhs4_1247--udt11389,parquet_commercial_202512_comm_MI,164833-1.parquet,1
uhs4_1247--udt11389,parquet_commercial_202512_comm_MI,164928-8.parquet,7
uhs4_1247--udt11389,parquet_commercial_202512_comm_MI,164945-8.parquet,2
uhs4_1247--udt11389,parquet_commercial_202512_comm_MI,165179-8.parquet,2
uhs4_1247--udt11389,parquet_commercial_202512_comm_MI,165234-1.parquet,2
uhs4_1247--udt11389,parquet_commercial_202512_comm_MI,165376-1.parquet,1
uhs4_1247--udt11389,parquet_commercial_202512_comm_MI,165564-1.parquet,1
uhs4_1247--udt11389,parquet_commercial_202512_comm_MI,165786-1.parquet,2
uhs4_1247--udt11389,parquet_commercial_202512_comm_MI,165799-1.parquet,2
uhs4_1247--udt11389,parquet_commercial_202512_comm_MI,166044-1.parquet,1
uhs4_1247--udt11389,parquet_commercial_202512_comm_MI,166183-1.parquet,4
uhs4_1247--udt11389,parquet_commercial_202512_comm_MI,166339-1.parquet,2
uhs4_1247--udt11389,parquet_commercial_202512_comm_MI,166524-1.parquet,1
uhs4_1247--udt11389,parquet_commercial_202512_comm_MI,166814-1.parquet,4
uhs4_1247--udt11389,parquet_commercial_202512_comm_MI,166998-1.parquet,3
uhs4_1247--udt11389,parquet_commercial_202512_comm_MI,167023-8.parquet,1
uhs4_1247--udt11389,parquet_commercial_202512_comm_MI,167209-1.parquet,1
uhs4_1247--udt11389,parquet_commercial_202512_comm_MI,167382-1.parquet,1
uhs4_1247--udt11389,parquet_commercial_202512_comm_MI,167455-1.parquet,1
uhs4_1247--udt11389,parquet_commercial_202512_comm_MI,167506-1.parquet,1
uhs4_1247--udt11389,parquet_commercial_202512_comm_MI,167724-1.parquet,1
uhs4_1247--udt11389,parquet_commercial_202512_comm_MI,167812-8.parquet,1
uhs4_1247--udt11389,parquet_commercial_202512_comm_MI,167931-1.parquet,5
uhs4_1247--udt11389,parquet_commercial_202512_comm_MI,168033-1.parquet,1
uhs4_1247--udt11389,parquet_commercial_202512_comm_MI,168053-1.parquet,1
uhs4_1247--udt11389,parquet_commercial_202512_comm_MI,168064-1.parquet,1
uhs4_1247--udt11389,parquet_commercial_202512_comm_MI,168072-1.parquet,2
uhs4_1247--udt11389,parquet_commercial_202512_comm_MI,168193-1.parquet,3
uhs4_1247--udt11389,parquet_commercial_202512_comm_MI,168324-1.parquet,1
uhs4_1247--udt11389,parquet_commercial_202512_comm_MI,168546-1.parquet,1
uhs4_1247--udt11389,parquet_commercial_202512_comm_MI,168555-1.parquet,1
uhs4_1247--udt11389,parquet_commercial_202512_comm_MI,169159-1.parquet,1
uhs4_1247--udt11389,parquet_commercial_202512_comm_MI,169293-1.parquet,1
uhs4_1247--udt11389,parquet_commercial_202512_comm_MI,169316-1.parquet,3
uhs4_1247--udt11389,parquet_commercial_202512_comm_MI,169509-8.parquet,1
uhs4_1247--udt11389,parquet_commercial_202512_comm_MI,169593-1.parquet,1
uhs4_1247--udt11389,parquet_commercial_202512_comm_MI,169612-8.parquet,1
uhs4_1247--udt11389,parquet_commercial_202512_comm_MI,169644-1.parquet,1
uhs4_1247--udt11389,parquet_commercial_202512_comm_MI,169680-1.parquet,1
uhs4_1247--udt11389,parquet_commercial_202512_comm_MI,169773-1.parquet,1
uhs4_1247--udt11389,parquet_commercial_202512_comm_MI,169899-8.parquet,1
uhs4_1247--udt11389,parquet_commercial_202512_comm_MI,169913-1.parquet,1
uhs4_1247--udt11389,parquet_commercial_202512_comm_MI,170028-1.parquet,1
uhs4_1247--udt11389,parquet_commercial_202512_comm_MI,170044-1.parquet,1
uhs4_1247--udt11389,parquet_residential_short_202512_res_MI,104079-1.parquet,1
uhs4_1247--udt11389,parquet_residential_short_202512_res_MI,113255-1.parquet,2
uhs4_1247--udt11389,parquet_residential_short_202512_res_MI,113495-1.parquet,1
uhs4_1247--udt11389,parquet_residential_short_202512_res_MI,11596-1.parquet,1
uhs4_1247--udt11389,parquet_residential_short_202512_res_MI,118404-1.parquet,7
uhs4_1247--udt11389,parquet_residential_short_202512_res_MI,134138-1.parquet,1
uhs4_1247--udt11389,parquet_residential_short_202512_res_MI,135030-1.parquet,1
uhs4_1247--udt11389,parquet_residential_short_202512_res_MI,144380-1.parquet,1
uhs4_1247--udt11389,parquet_residential_short_202512_res_MI,144707-1.parquet,1
uhs4_1247--udt11389,parquet_residential_short_202512_res_MI,145104-1.parquet,1
uhs4_1247--udt11389,parquet_residential_short_202512_res_MI,15283-1.parquet,1
uhs4_1247--udt11389,parquet_residential_short_202512_res_MI,163888-1.parquet,3
uhs4_1247--udt11389,parquet_residential_short_202512_res_MI,163929-1.parquet,2
uhs4_1247--udt11389,parquet_residential_short_202512_res_MI,178848-1.parquet,38
uhs4_1247--udt11389,parquet_residential_short_202512_res_MI,178924-1.parquet,2
uhs4_1247--udt11389,parquet_residential_short_202512_res_MI,179061-1.parquet,12
uhs4_1247--udt11389,parquet_residential_short_202512_res_MI,179402-1.parquet,2
uhs4_1247--udt11389,parquet_residential_short_202512_res_MI,179991-1.parquet,1
uhs4_1247--udt11389,parquet_residential_short_202512_res_MI,189827-1.parquet,1
uhs4_1247--udt11389,parquet_residential_short_202512_res_MI,193304-1.parquet,4
uhs4_1247--udt11389,parquet_residential_short_202512_res_MI,195848-1.parquet,7
uhs4_1247--udt11389,parquet_residential_short_202512_res_MI,205005-1.parquet,2
uhs4_1247--udt11389,parquet_residential_short_202512_res_MI,213050-1.parquet,1
uhs4_1247--udt11389,parquet_residential_short_202512_res_MI,224704-1.parquet,1
uhs4_1247--udt11389,parquet_residential_short_202512_res_MI,229456-1.parquet,1
uhs4_1247--udt11389,parquet_residential_short_202512_res_MI,240169-1.parquet,1
uhs4_1247--udt11389,parquet_residential_short_202512_res_MI,242004-1.parquet,1
uhs4_1247--udt11389,parquet_residential_short_202512_res_MI,255062-1.parquet,3
uhs4_1247--udt11389,parquet_residential_short_202512_res_MI,256339-1.parquet,1
uhs4_1247--udt11389,parquet_residential_short_202512_res_MI,263197-1.parquet,2
uhs4_1247--udt11389,parquet_residential_short_202512_res_MI,26343-1.parquet,4
uhs4_1247--udt11389,parquet_residential_short_202512_res_MI,275115-1.parquet,4
uhs4_1247--udt11389,parquet_residential_short_202512_res_MI,275600-1.parquet,1
uhs4_1247--udt11389,parquet_residential_short_202512_res_MI,277511-1.parquet,4
uhs4_1247--udt11389,parquet_residential_short_202512_res_MI,282194-1.parquet,1
uhs4_1247--udt11389,parquet_residential_short_202512_res_MI,285678-1.parquet,2
uhs4_1247--udt11389,parquet_residential_short_202512_res_MI,292113-1.parquet,1
uhs4_1247--udt11389,parquet_residential_short_202512_res_MI,300299-1.parquet,1
uhs4_1247--udt11389,parquet_residential_short_202512_res_MI,305049-1.parquet,1
uhs4_1247--udt11389,parquet_residential_short_202512_res_MI,31043-1.parquet,1
uhs4_1247--udt11389,parquet_residential_short_202512_res_MI,316181-1.parquet,1
uhs4_1247--udt11389,parquet_residential_short_202512_res_MI,317135-1.parquet,1
uhs4_1247--udt11389,parquet_residential_short_202512_res_MI,32711-1.parquet,1
uhs4_1247--udt11389,parquet_residential_short_202512_res_MI,329472-1.parquet,2
uhs4_1247--udt11389,parquet_residential_short_202512_res_MI,32956-1.parquet,1
uhs4_1247--udt11389,parquet_residential_short_202512_res_MI,330999-1.parquet,2
uhs4_1247--udt11389,parquet_residential_short_202512_res_MI,334073-1.parquet,22
uhs4_1247--udt11389,parquet_residential_short_202512_res_MI,335327-1.parquet,1
uhs4_1247--udt11389,parquet_residential_short_202512_res_MI,346477-1.parquet,1
uhs4_1247--udt11389,parquet_residential_short_202512_res_MI,350694-1.parquet,1
uhs4_1247--udt11389,parquet_residential_short_202512_res_MI,361783-1.parquet,24
uhs4_1247--udt11389,parquet_residential_short_202512_res_MI,365825-1.parquet,2
uhs4_1247--udt11389,parquet_residential_short_202512_res_MI,368387-1.parquet,1
uhs4_1247--udt11389,parquet_residential_short_202512_res_MI,370010-1.parquet,1
uhs4_1247--udt11389,parquet_residential_short_202512_res_MI,378338-1.parquet,4
uhs4_1247--udt11389,parquet_residential_short_202512_res_MI,380296-1.parquet,3
uhs4_1247--udt11389,parquet_residential_short_202512_res_MI,381867-1.parquet,1
uhs4_1247--udt11389,parquet_residential_short_202512_res_MI,387495-1.parquet,2
uhs4_1247--udt11389,parquet_residential_short_202512_res_MI,392142-1.parquet,3
uhs4_1247--udt11389,parquet_residential_short_202512_res_MI,400912-1.parquet,5
uhs4_1247--udt11389,parquet_residential_short_202512_res_MI,402675-1.parquet,1
uhs4_1247--udt11389,parquet_residential_short_202512_res_MI,405426-1.parquet,1
uhs4_1247--udt11389,parquet_residential_short_202512_res_MI,409398-1.parquet,1
uhs4_1247--udt11389,parquet_residential_short_202512_res_MI,411616-1.parquet,28
uhs4_1247--udt11389,parquet_residential_short_202512_res_MI,414172-1.parquet,1
uhs4_1247--udt11389,parquet_residential_short_202512_res_MI,418555-1.parquet,1
uhs4_1247--udt11389,parquet_residential_short_202512_res_MI,426204-1.parquet,4
uhs4_1247--udt11389,parquet_residential_short_202512_res_MI,430122-1.parquet,2
uhs4_1247--udt11389,parquet_residential_short_202512_res_MI,433379-1.parquet,1
uhs4_1247--udt11389,parquet_residential_short_202512_res_MI,436629-1.parquet,5
uhs4_1247--udt11389,parquet_residential_short_202512_res_MI,437871-1.parquet,9
uhs4_1247--udt11389,parquet_residential_short_202512_res_MI,441370-1.parquet,1
uhs4_1247--udt11389,parquet_residential_short_202512_res_MI,444065-1.parquet,1
uhs4_1247--udt11389,parquet_residential_short_202512_res_MI,449575-1.parquet,3
uhs4_1247--udt11389,parquet_residential_short_202512_res_MI,449958-1.parquet,1
uhs4_1247--udt11389,parquet_residential_short_202512_res_MI,457273-1.parquet,1
uhs4_1247--udt11389,parquet_residential_short_202512_res_MI,458168-1.parquet,1
uhs4_1247--udt11389,parquet_residential_short_202512_res_MI,465693-1.parquet,1
uhs4_1247--udt11389,parquet_residential_short_202512_res_MI,472423-1.parquet,1
uhs4_1247--udt11389,parquet_residential_short_202512_res_MI,473383-1.parquet,2
uhs4_1247--udt11389,parquet_residential_short_202512_res_MI,473989-1.parquet,1
uhs4_1247--udt11389,parquet_residential_short_202512_res_MI,474345-1.parquet,4
uhs4_1247--udt11389,parquet_residential_short_202512_res_MI,485286-1.parquet,1
uhs4_1247--udt11389,parquet_residential_short_202512_res_MI,491904-1.parquet,2
uhs4_1247--udt11389,parquet_residential_short_202512_res_MI,508330-1.parquet,20
uhs4_1247--udt11389,parquet_residential_short_202512_res_MI,509345-1.parquet,1
uhs4_1247--udt11389,parquet_residential_short_202512_res_MI,513814-1.parquet,1
uhs4_1247--udt11389,parquet_residential_short_202512_res_MI,519249-1.parquet,1
uhs4_1247--udt11389,parquet_residential_short_202512_res_MI,521610-1.parquet,1
uhs4_1247--udt11389,parquet_residential_short_202512_res_MI,525496-1.parquet,2
uhs4_1247--udt11389,parquet_residential_short_202512_res_MI,533319-1.parquet,1
uhs4_1247--udt11389,parquet_residential_short_202512_res_MI,53721-1.parquet,1
uhs4_1247--udt11389,parquet_residential_short_202512_res_MI,538350-1.parquet,2
uhs4_1247--udt11389,parquet_residential_short_202512_res_MI,549574-1.parquet,2
uhs4_1247--udt11389,parquet_residential_short_202512_res_MI,73789-1.parquet,1
uhs4_1247--udt11389,parquet_residential_short_202512_res_MI,74525-1.parquet,1
uhs4_1247--udt11389,parquet_residential_short_202512_res_MI,78734-1.parquet,1
uhs4_1247--udt11389,parquet_residential_short_202512_res_MI,8111-1.parquet,2
uhs4_1247--udt11389,parquet_residential_short_202512_res_MI,82218-1.parquet,1
uhs4_1247--udt11389,parquet_residential_short_202512_res_MI,90350-1.parquet,3
uhs4_1247--udt11389,parquet_residential_short_202512_res_MI,92876-1.parquet,1
uhs4_1247--udt12982,parquet_commercial_202512_comm_MI,157810-1.parquet,1
uhs4_1247--udt12982,parquet_commercial_202512_comm_MI,157823-1.parquet,5
uhs4_1247--udt12982,parquet_commercial_202512_comm_MI,158365-1.parquet,1
uhs4_1247--udt12982,parquet_commercial_202512_comm_MI,158456-1.parquet,1
uhs4_1247--udt12982,parquet_commercial_202512_comm_MI,158460-1.parquet,2
uhs4_1247--udt12982,parquet_commercial_202512_comm_MI,158603-1.parquet,1
uhs4_1247--udt12982,parquet_commercial_202512_comm_MI,158634-1.parquet,1
uhs4_1247--udt12982,parquet_commercial_202512_comm_MI,158787-8.parquet,1
uhs4_1247--udt12982,parquet_commercial_202512_comm_MI,159334-1.parquet,1
uhs4_1247--udt12982,parquet_commercial_202512_comm_MI,159485-1.parquet,5
uhs4_1247--udt12982,parquet_commercial_202512_comm_MI,159533-1.parquet,1
uhs4_1247--udt12982,parquet_commercial_202512_comm_MI,159905-1.parquet,1
uhs4_1247--udt12982,parquet_commercial_202512_comm_MI,160003-1.parquet,1
uhs4_1247--udt12982,parquet_commercial_202512_comm_MI,160529-1.parquet,1
uhs4_1247--udt12982,parquet_commercial_202512_comm_MI,160627-1.parquet,1
uhs4_1247--udt12982,parquet_commercial_202512_comm_MI,160949-1.parquet,1
uhs4_1247--udt12982,parquet_commercial_202512_comm_MI,161134-1.parquet,2
uhs4_1247--udt12982,parquet_commercial_202512_comm_MI,161214-1.parquet,1
uhs4_1247--udt12982,parquet_commercial_202512_comm_MI,161632-1.parquet,2
uhs4_1247--udt12982,parquet_commercial_202512_comm_MI,161642-1.parquet,1
uhs4_1247--udt12982,parquet_commercial_202512_comm_MI,162262-1.parquet,2
uhs4_1247--udt12982,parquet_commercial_202512_comm_MI,162329-1.parquet,1
uhs4_1247--udt12982,parquet_commercial_202512_comm_MI,162646-8.parquet,1
uhs4_1247--udt12982,parquet_commercial_202512_comm_MI,163035-1.parquet,1
uhs4_1247--udt12982,parquet_commercial_202512_comm_MI,163416-1.parquet,1
uhs4_1247--udt12982,parquet_commercial_202512_comm_MI,163471-1.parquet,1
uhs4_1247--udt12982,parquet_commercial_202512_comm_MI,163559-1.parquet,2
uhs4_1247--udt12982,parquet_commercial_202512_comm_MI,163710-1.parquet,1
uhs4_1247--udt12982,parquet_commercial_202512_comm_MI,163753-1.parquet,1
uhs4_1247--udt12982,parquet_commercial_202512_comm_MI,163839-1.parquet,2
uhs4_1247--udt12982,parquet_commercial_202512_comm_MI,164079-1.parquet,2
uhs4_1247--udt12982,parquet_commercial_202512_comm_MI,164185-1.parquet,1
uhs4_1247--udt12982,parquet_commercial_202512_comm_MI,164248-1.parquet,1
uhs4_1247--udt12982,parquet_commercial_202512_comm_MI,164400-8.parquet,1
uhs4_1247--udt12982,parquet_commercial_202512_comm_MI,164450-1.parquet,1
uhs4_1247--udt12982,parquet_commercial_202512_comm_MI,164742-1.parquet,1
uhs4_1247--udt12982,parquet_commercial_202512_comm_MI,164743-1.parquet,2
uhs4_1247--udt12982,parquet_commercial_202512_comm_MI,164928-8.parquet,3
uhs4_1247--udt12982,parquet_commercial_202512_comm_MI,165018-8.parquet,2
uhs4_1247--udt12982,parquet_commercial_202512_comm_MI,165234-1.parquet,1
uhs4_1247--udt12982,parquet_commercial_202512_comm_MI,165951-1.parquet,1
uhs4_1247--udt12982,parquet_commercial_202512_comm_MI,166183-1.parquet,1
uhs4_1247--udt12982,parquet_commercial_202512_comm_MI,166262-1.parquet,1
uhs4_1247--udt12982,parquet_commercial_202512_comm_MI,166339-1.parquet,1
uhs4_1247--udt12982,parquet_commercial_202512_comm_MI,166488-1.parquet,1
uhs4_1247--udt12982,parquet_commercial_202512_comm_MI,167828-1.parquet,1
uhs4_1247--udt12982,parquet_commercial_202512_comm_MI,167937-1.parquet,1
uhs4_1247--udt12982,parquet_commercial_202512_comm_MI,168033-1.parquet,3
uhs4_1247--udt12982,parquet_commercial_202512_comm_MI,169281-8.parquet,1
uhs4_1247--udt12982,parquet_commercial_202512_comm_MI,169293-1.parquet,2
uhs4_1247--udt12982,parquet_commercial_202512_comm_MI,169344-1.parquet,1
uhs4_1247--udt12982,parquet_commercial_202512_comm_MI,169601-8.parquet,1
uhs4_1247--udt12982,parquet_commercial_202512_comm_MI,169748-1.parquet,1
uhs4_1247--udt12982,parquet_commercial_202512_comm_MI,169759-1.parquet,1
uhs4_1247--udt12982,parquet_commercial_202512_comm_MI,169913-1.parquet,1
uhs4_1247--udt12982,parquet_residential_short_202512_res_MI,10381-1.parquet,1
uhs4_1247--udt12982,parquet_residential_short_202512_res_MI,113495-1.parquet,1
uhs4_1247--udt12982,parquet_residential_short_202512_res_MI,118404-1.parquet,3
uhs4_1247--udt12982,parquet_residential_short_202512_res_MI,144803-1.parquet,1
uhs4_1247--udt12982,parquet_residential_short_202512_res_MI,145077-1.parquet,1
uhs4_1247--udt12982,parquet_residential_short_202512_res_MI,145104-1.parquet,1
uhs4_1247--udt12982,parquet_residential_short_202512_res_MI,163888-1.parquet,2
uhs4_1247--udt12982,parquet_residential_short_202512_res_MI,163929-1.parquet,4
uhs4_1247--udt12982,parquet_residential_short_202512_res_MI,174128-1.parquet,1
uhs4_1247--udt12982,parquet_residential_short_202512_res_MI,178848-1.parquet,15
uhs4_1247--udt12982,parquet_residential_short_202512_res_MI,178924-1.parquet,2
uhs4_1247--udt12982,parquet_residential_short_202512_res_MI,179061-1.parquet,13
uhs4_1247--udt12982,parquet_residential_short_202512_res_MI,179402-1.parquet,1
uhs4_1247--udt12982,parquet_residential_short_202512_res_MI,181568-1.parquet,1
uhs4_1247--udt12982,parquet_residential_short_202512_res_MI,189827-1.parquet,1
uhs4_1247--udt12982,parquet_residential_short_202512_res_MI,193304-1.parquet,2
uhs4_1247--udt12982,parquet_residential_short_202512_res_MI,195848-1.parquet,1
uhs4_1247--udt12982,parquet_residential_short_202512_res_MI,211618-1.parquet,2
uhs4_1247--udt12982,parquet_residential_short_202512_res_MI,219912-1.parquet,1
uhs4_1247--udt12982,parquet_residential_short_202512_res_MI,229902-1.parquet,1
uhs4_1247--udt12982,parquet_residential_short_202512_res_MI,231438-1.parquet,1
uhs4_1247--udt12982,parquet_residential_short_202512_res_MI,235730-1.parquet,1
uhs4_1247--udt12982,parquet_residential_short_202512_res_MI,242004-1.parquet,4
uhs4_1247--udt12982,parquet_residential_short_202512_res_MI,255062-1.parquet,3
uhs4_1247--udt12982,parquet_residential_short_202512_res_MI,25790-1.parquet,1
uhs4_1247--udt12982,parquet_residential_short_202512_res_MI,263197-1.parquet,3
uhs4_1247--udt12982,parquet_residential_short_202512_res_MI,277511-1.parquet,3
uhs4_1247--udt12982,parquet_residential_short_202512_res_MI,285678-1.parquet,1
uhs4_1247--udt12982,parquet_residential_short_202512_res_MI,292202-1.parquet,1
uhs4_1247--udt12982,parquet_residential_short_202512_res_MI,305049-1.parquet,1
uhs4_1247--udt12982,parquet_residential_short_202512_res_MI,316670-1.parquet,1
uhs4_1247--udt12982,parquet_residential_short_202512_res_MI,32711-1.parquet,1
uhs4_1247--udt12982,parquet_residential_short_202512_res_MI,334073-1.parquet,12
uhs4_1247--udt12982,parquet_residential_short_202512_res_MI,354403-1.parquet,4
uhs4_1247--udt12982,parquet_residential_short_202512_res_MI,361783-1.parquet,9
uhs4_1247--udt12982,parquet_residential_short_202512_res_MI,368387-1.parquet,2
uhs4_1247--udt12982,parquet_residential_short_202512_res_MI,378338-1.parquet,2
uhs4_1247--udt12982,parquet_residential_short_202512_res_MI,381867-1.parquet,1
uhs4_1247--udt12982,parquet_residential_short_202512_res_MI,392142-1.parquet,2
uhs4_1247--udt12982,parquet_residential_short_202512_res_MI,400912-1.parquet,6
uhs4_1247--udt12982,parquet_residential_short_202512_res_MI,411616-1.parquet,12
uhs4_1247--udt12982,parquet_residential_short_202512_res_MI,430122-1.parquet,1
uhs4_1247--udt12982,parquet_residential_short_202512_res_MI,436629-1.parquet,2
uhs4_1247--udt12982,parquet_residential_short_202512_res_MI,437871-1.parquet,4
uhs4_1247--udt12982,parquet_residential_short_202512_res_MI,439442-1.parquet,4
uhs4_1247--udt12982,parquet_residential_short_202512_res_MI,441370-1.parquet,3
uhs4_1247--udt12982,parquet_residential_short_202512_res_MI,444065-1.parquet,3
uhs4_1247--udt12982,parquet_residential_short_202512_res_MI,449575-1.parquet,1
uhs4_1247--udt12982,parquet_residential_short_202512_res_MI,449958-1.parquet,1
uhs4_1247--udt12982,parquet_residential_short_202512_res_MI,465000-1.parquet,1
uhs4_1247--udt12982,parquet_residential_short_202512_res_MI,465693-1.parquet,4
uhs4_1247--udt12982,parquet_residential_short_202512_res_MI,473383-1.parquet,3
uhs4_1247--udt12982,parquet_residential_short_202512_res_MI,474345-1.parquet,1
uhs4_1247--udt12982,parquet_residential_short_202512_res_MI,478155-1.parquet,2
uhs4_1247--udt12982,parquet_residential_short_202512_res_MI,485537-1.parquet,1
uhs4_1247--udt12982,parquet_residential_short_202512_res_MI,491904-1.parquet,2
uhs4_1247--udt12982,parquet_residential_short_202512_res_MI,494108-1.parquet,1
uhs4_1247--udt12982,parquet_residential_short_202512_res_MI,508330-1.parquet,8
uhs4_1247--udt12982,parquet_residential_short_202512_res_MI,525496-1.parquet,2
uhs4_1247--udt12982,parquet_residential_short_202512_res_MI,530245-1.parquet,1
uhs4_1247--udt12982,parquet_residential_short_202512_res_MI,533319-1.parquet,1
uhs4_1247--udt12982,parquet_residential_short_202512_res_MI,538350-1.parquet,1
uhs4_1247--udt12982,parquet_residential_short_202512_res_MI,549574-1.parquet,1
uhs4_1247--udt12982,parquet_residential_short_202512_res_MI,74525-1.parquet,1
uhs4_1247--udt12982,parquet_residential_short_202512_res_MI,8111-1.parquet,1
uhs5_1247--udt159,parquet_commercial_202512_comm_MI,157823-1.parquet,1
uhs5_1247--udt159,parquet_commercial_202512_comm_MI,158460-1.parquet,2
uhs5_1247--udt159,parquet_commercial_202512_comm_MI,164450-1.parquet,1
uhs5_1247--udt159,parquet_commercial_202512_comm_MI,166183-1.parquet,1
uhs5_1247--udt159,parquet_commercial_202512_comm_MI,167382-1.parquet,2
uhs5_1247--udt159,parquet_commercial_202512_comm_MI,169655-1.parquet,1
uhs5_1247--udt159,parquet_residential_short_202512_res_MI,10381-1.parquet,3
uhs5_1247--udt159,parquet_residential_short_202512_res_MI,109870-1.parquet,1
uhs5_1247--udt159,parquet_residential_short_202512_res_MI,111086-1.parquet,1
uhs5_1247--udt159,parquet_residential_short_202512_res_MI,11278-1.parquet,1
uhs5_1247--udt159,parquet_residential_short_202512_res_MI,113495-1.parquet,1
uhs5_1247--udt159,parquet_residential_short_202512_res_MI,11596-1.parquet,7
uhs5_1247--udt159,parquet_residential_short_202512_res_MI,116219-1.parquet,3
uhs5_1247--udt159,parquet_residential_short_202512_res_MI,118404-1.parquet,39
uhs5_1247--udt159,parquet_residential_short_202512_res_MI,134138-1.parquet,2
uhs5_1247--udt159,parquet_residential_short_202512_res_MI,141664-1.parquet,2
uhs5_1247--udt159,parquet_residential_short_202512_res_MI,14251-1.parquet,3
uhs5_1247--udt159,parquet_residential_short_202512_res_MI,144380-1.parquet,4
uhs5_1247--udt159,parquet_residential_short_202512_res_MI,145104-1.parquet,3
uhs5_1247--udt159,parquet_residential_short_202512_res_MI,15283-1.parquet,4
uhs5_1247--udt159,parquet_residential_short_202512_res_MI,158553-1.parquet,1
uhs5_1247--udt159,parquet_residential_short_202512_res_MI,163888-1.parquet,6
uhs5_1247--udt159,parquet_residential_short_202512_res_MI,163929-1.parquet,9
uhs5_1247--udt159,parquet_residential_short_202512_res_MI,165775-1.parquet,1
uhs5_1247--udt159,parquet_residential_short_202512_res_MI,178848-1.parquet,65
uhs5_1247--udt159,parquet_residential_short_202512_res_MI,178924-1.parquet,11
uhs5_1247--udt159,parquet_residential_short_202512_res_MI,179061-1.parquet,81
uhs5_1247--udt159,parquet_residential_short_202512_res_MI,179402-1.parquet,2
uhs5_1247--udt159,parquet_residential_short_202512_res_MI,179991-1.parquet,4
uhs5_1247--udt159,parquet_residential_short_202512_res_MI,181066-1.parquet,2
uhs5_1247--udt159,parquet_residential_short_202512_res_MI,181568-1.parquet,1
uhs5_1247--udt159,parquet_residential_short_202512_res_MI,193304-1.parquet,6
uhs5_1247--udt159,parquet_residential_short_202512_res_MI,205005-1.parquet,1
uhs5_1247--udt159,parquet_residential_short_202512_res_MI,211618-1.parquet,1
uhs5_1247--udt159,parquet_residential_short_202512_res_MI,219061-1.parquet,4
uhs5_1247--udt159,parquet_residential_short_202512_res_MI,225421-1.parquet,1
uhs5_1247--udt159,parquet_residential_short_202512_res_MI,229456-1.parquet,3
uhs5_1247--udt159,parquet_residential_short_202512_res_MI,242004-1.parquet,3
uhs5_1247--udt159,parquet_residential_short_202512_res_MI,255062-1.parquet,7
uhs5_1247--udt159,parquet_residential_short_202512_res_MI,256339-1.parquet,2
uhs5_1247--udt159,parquet_residential_short_202512_res_MI,258760-1.parquet,3
uhs5_1247--udt159,parquet_residential_short_202512_res_MI,263197-1.parquet,5
uhs5_1247--udt159,parquet_residential_short_202512_res_MI,26343-1.parquet,4
uhs5_1247--udt159,parquet_residential_short_202512_res_MI,275115-1.parquet,10
uhs5_1247--udt159,parquet_residential_short_202512_res_MI,280750-1.parquet,1
uhs5_1247--udt159,parquet_residential_short_202512_res_MI,281826-1.parquet,1
uhs5_1247--udt159,parquet_residential_short_202512_res_MI,282194-1.parquet,1
uhs5_1247--udt159,parquet_residential_short_202512_res_MI,285678-1.parquet,3
uhs5_1247--udt159,parquet_residential_short_202512_res_MI,292113-1.parquet,4
uhs5_1247--udt159,parquet_residential_short_202512_res_MI,31043-1.parquet,4
uhs5_1247--udt159,parquet_residential_short_202512_res_MI,31214-1.parquet,1
uhs5_1247--udt159,parquet_residential_short_202512_res_MI,317135-1.parquet,2
uhs5_1247--udt159,parquet_residential_short_202512_res_MI,329472-1.parquet,1
uhs5_1247--udt159,parquet_residential_short_202512_res_MI,331207-1.parquet,1
uhs5_1247--udt159,parquet_residential_short_202512_res_MI,334073-1.parquet,92
uhs5_1247--udt159,parquet_residential_short_202512_res_MI,335327-1.parquet,4
uhs5_1247--udt159,parquet_residential_short_202512_res_MI,344633-1.parquet,1
uhs5_1247--udt159,parquet_residential_short_202512_res_MI,361783-1.parquet,65
uhs5_1247--udt159,parquet_residential_short_202512_res_MI,368387-1.parquet,5
uhs5_1247--udt159,parquet_residential_short_202512_res_MI,370010-1.parquet,4
uhs5_1247--udt159,parquet_residential_short_202512_res_MI,378338-1.parquet,19
uhs5_1247--udt159,parquet_residential_short_202512_res_MI,380296-1.parquet,3
uhs5_1247--udt159,parquet_residential_short_202512_res_MI,381828-1.parquet,1
uhs5_1247--udt159,parquet_residential_short_202512_res_MI,392142-1.parquet,5
uhs5_1247--udt159,parquet_residential_short_202512_res_MI,39539-1.parquet,1
uhs5_1247--udt159,parquet_residential_short_202512_res_MI,395863-1.parquet,1
uhs5_1247--udt159,parquet_residential_short_202512_res_MI,400912-1.parquet,18
uhs5_1247--udt159,parquet_residential_short_202512_res_MI,405426-1.parquet,1
uhs5_1247--udt159,parquet_residential_short_202512_res_MI,411616-1.parquet,43
uhs5_1247--udt159,parquet_residential_short_202512_res_MI,418555-1.parquet,5
uhs5_1247--udt159,parquet_residential_short_202512_res_MI,426204-1.parquet,8
uhs5_1247--udt159,parquet_residential_short_202512_res_MI,432811-1.parquet,1
uhs5_1247--udt159,parquet_residential_short_202512_res_MI,436629-1.parquet,11
uhs5_1247--udt159,parquet_residential_short_202512_res_MI,437871-1.parquet,25
uhs5_1247--udt159,parquet_residential_short_202512_res_MI,441370-1.parquet,2
uhs5_1247--udt159,parquet_residential_short_202512_res_MI,444065-1.parquet,5
uhs5_1247--udt159,parquet_residential_short_202512_res_MI,44963-1.parquet,1
uhs5_1247--udt159,parquet_residential_short_202512_res_MI,449958-1.parquet,7
uhs5_1247--udt159,parquet_residential_short_202512_res_MI,453782-1.parquet,1
uhs5_1247--udt159,parquet_residential_short_202512_res_MI,459710-1.parquet,4
uhs5_1247--udt159,parquet_residential_short_202512_res_MI,464078-1.parquet,1
uhs5_1247--udt159,parquet_residential_short_202512_res_MI,467658-1.parquet,1
uhs5_1247--udt159,parquet_residential_short_202512_res_MI,473383-1.parquet,3
uhs5_1247--udt159,parquet_residential_short_202512_res_MI,474345-1.parquet,5
uhs5_1247--udt159,parquet_residential_short_202512_res_MI,48368-1.parquet,2
uhs5_1247--udt159,parquet_residential_short_202512_res_MI,485286-1.parquet,1
uhs5_1247--udt159,parquet_residential_short_202512_res_MI,485537-1.parquet,3
uhs5_1247--udt159,parquet_residential_short_202512_res_MI,491904-1.parquet,13
uhs5_1247--udt159,parquet_residential_short_202512_res_MI,494108-1.parquet,5
uhs5_1247--udt159,parquet_residential_short_202512_res_MI,498993-1.parquet,4
uhs5_1247--udt159,parquet_residential_short_202512_res_MI,502032-1.parquet,6
uhs5_1247--udt159,parquet_residential_short_202512_res_MI,505391-1.parquet,3
uhs5_1247--udt159,parquet_residential_short_202512_res_MI,508330-1.parquet,26
uhs5_1247--udt159,parquet_residential_short_202512_res_MI,509345-1.parquet,2
uhs5_1247--udt159,parquet_residential_short_202512_res_MI,513814-1.parquet,1
uhs5_1247--udt159,parquet_residential_short_202512_res_MI,520460-1.parquet,1
uhs5_1247--udt159,parquet_residential_short_202512_res_MI,521610-1.parquet,1
uhs5_1247--udt159,parquet_residential_short_202512_res_MI,525496-1.parquet,2
uhs5_1247--udt159,parquet_residential_short_202512_res_MI,526776-1.parquet,1
uhs5_1247--udt159,parquet_residential_short_202512_res_MI,527997-1.parquet,1
uhs5_1247--udt159,parquet_residential_short_202512_res_MI,530245-1.parquet,3
uhs5_1247--udt159,parquet_residential_short_202512_res_MI,533319-1.parquet,5
uhs5_1247--udt159,parquet_residential_short_202512_res_MI,53721-1.parquet,4
uhs5_1247--udt159,parquet_residential_short_202512_res_MI,538350-1.parquet,8
uhs5_1247--udt159,parquet_residential_short_202512_res_MI,540993-1.parquet,2
uhs5_1247--udt159,parquet_residential_short_202512_res_MI,549574-1.parquet,1
uhs5_1247--udt159,parquet_residential_short_202512_res_MI,63130-1.parquet,1
uhs5_1247--udt159,parquet_residential_short_202512_res_MI,68756-1.parquet,1
uhs5_1247--udt159,parquet_residential_short_202512_res_MI,74525-1.parquet,2
uhs5_1247--udt159,parquet_residential_short_202512_res_MI,78734-1.parquet,1
uhs5_1247--udt159,parquet_residential_short_202512_res_MI,8111-1.parquet,7
uhs5_1247--udt159,parquet_residential_short_202512_res_MI,82218-1.parquet,2
uhs5_1247--udt159,parquet_residential_short_202512_res_MI,83885-1.parquet,1
uhs5_1247--udt159,parquet_residential_short_202512_res_MI,87751-1.parquet,1
uhs5_1247--udt159,parquet_residential_short_202512_res_MI,87871-1.parquet,1
uhs5_1247--udt159,parquet_residential_short_202512_res_MI,92876-1.parquet,2
uhs5_1247--udt159,parquet_residential_short_202512_res_MI,95747-1.parquet,2
uhs5_1247--udt18558,parquet_commercial_202512_comm_MI,157823-1.parquet,1
uhs5_1247--udt18558,parquet_commercial_202512_comm_MI,158188-1.parquet,4
uhs5_1247--udt18558,parquet_commercial_202512_comm_MI,158365-1.parquet,3
uhs5_1247--udt18558,parquet_commercial_202512_comm_MI,158456-1.parquet,5
uhs5_1247--udt18558,parquet_commercial_202512_comm_MI,158460-1.parquet,17
uhs5_1247--udt18558,parquet_commercial_202512_comm_MI,158634-1.parquet,1
uhs5_1247--udt18558,parquet_commercial_202512_comm_MI,159114-1.parquet,1
uhs5_1247--udt18558,parquet_commercial_202512_comm_MI,159485-1.parquet,1
uhs5_1247--udt18558,parquet_commercial_202512_comm_MI,159922-8.parquet,2
uhs5_1247--udt18558,parquet_commercial_202512_comm_MI,160078-1.parquet,1
uhs5_1247--udt18558,parquet_commercial_202512_comm_MI,160423-1.parquet,1
uhs5_1247--udt18558,parquet_commercial_202512_comm_MI,160467-1.parquet,1
uhs5_1247--udt18558,parquet_commercial_202512_comm_MI,160529-1.parquet,1
uhs5_1247--udt18558,parquet_commercial_202512_comm_MI,160673-1.parquet,1
uhs5_1247--udt18558,parquet_commercial_202512_comm_MI,160747-1.parquet,8
uhs5_1247--udt18558,parquet_commercial_202512_comm_MI,160855-8.parquet,1
uhs5_1247--udt18558,parquet_commercial_202512_comm_MI,160949-1.parquet,1
uhs5_1247--udt18558,parquet_commercial_202512_comm_MI,161134-1.parquet,12
uhs5_1247--udt18558,parquet_commercial_202512_comm_MI,161150-1.parquet,2
uhs5_1247--udt18558,parquet_commercial_202512_comm_MI,161275-1.parquet,1
uhs5_1247--udt18558,parquet_commercial_202512_comm_MI,161940-1.parquet,1
uhs5_1247--udt18558,parquet_commercial_202512_comm_MI,162646-8.parquet,2
uhs5_1247--udt18558,parquet_commercial_202512_comm_MI,162868-1.parquet,1
uhs5_1247--udt18558,parquet_commercial_202512_comm_MI,162882-8.parquet,1
uhs5_1247--udt18558,parquet_commercial_202512_comm_MI,163035-1.parquet,1
uhs5_1247--udt18558,parquet_commercial_202512_comm_MI,163365-1.parquet,1
uhs5_1247--udt18558,parquet_commercial_202512_comm_MI,163559-1.parquet,2
uhs5_1247--udt18558,parquet_commercial_202512_comm_MI,163848-1.parquet,1
uhs5_1247--udt18558,parquet_commercial_202512_comm_MI,163919-1.parquet,2
uhs5_1247--udt18558,parquet_commercial_202512_comm_MI,164128-1.parquet,1
uhs5_1247--udt18558,parquet_commercial_202512_comm_MI,164677-1.parquet,2
uhs5_1247--udt18558,parquet_commercial_202512_comm_MI,164742-1.parquet,2
uhs5_1247--udt18558,parquet_commercial_202512_comm_MI,164743-1.parquet,6
uhs5_1247--udt18558,parquet_commercial_202512_comm_MI,165224-1.parquet,3
uhs5_1247--udt18558,parquet_commercial_202512_comm_MI,165246-1.parquet,1
uhs5_1247--udt18558,parquet_commercial_202512_comm_MI,165531-8.parquet,1
uhs5_1247--udt18558,parquet_commercial_202512_comm_MI,165600-1.parquet,1
uhs5_1247--udt18558,parquet_commercial_202512_comm_MI,165773-1.parquet,1
uhs5_1247--udt18558,parquet_commercial_202512_comm_MI,166041-1.parquet,1
uhs5_1247--udt18558,parquet_commercial_202512_comm_MI,166183-1.parquet,1
uhs5_1247--udt18558,parquet_commercial_202512_comm_MI,166488-1.parquet,1
uhs5_1247--udt18558,parquet_commercial_202512_comm_MI,166676-1.parquet,1
uhs5_1247--udt18558,parquet_commercial_202512_comm_MI,166814-1.parquet,1
uhs5_1247--udt18558,parquet_commercial_202512_comm_MI,166998-1.parquet,2
uhs5_1247--udt18558,parquet_commercial_202512_comm_MI,167209-1.parquet,1
uhs5_1247--udt18558,parquet_commercial_202512_comm_MI,167331-1.parquet,1
uhs5_1247--udt18558,parquet_commercial_202512_comm_MI,167455-1.parquet,1
uhs5_1247--udt18558,parquet_commercial_202512_comm_MI,167767-1.parquet,1
uhs5_1247--udt18558,parquet_commercial_202512_comm_MI,167931-1.parquet,1
uhs5_1247--udt18558,parquet_commercial_202512_comm_MI,168388-1.parquet,1
uhs5_1247--udt18558,parquet_commercial_202512_comm_MI,169006-1.parquet,1
uhs5_1247--udt18558,parquet_commercial_202512_comm_MI,169042-1.parquet,1
uhs5_1247--udt18558,parquet_commercial_202512_comm_MI,169159-1.parquet,3
uhs5_1247--udt18558,parquet_commercial_202512_comm_MI,169601-8.parquet,3
uhs5_1247--udt18558,parquet_commercial_202512_comm_MI,169655-1.parquet,1
uhs5_1247--udt18558,parquet_commercial_202512_comm_MI,169680-1.parquet,2
uhs5_1247--udt18558,parquet_commercial_202512_comm_MI,169748-1.parquet,1
uhs5_1247--udt18558,parquet_residential_short_202512_res_MI,10381-1.parquet,3
uhs5_1247--udt18558,parquet_residential_short_202512_res_MI,113255-1.parquet,2
uhs5_1247--udt18558,parquet_residential_short_202512_res_MI,116219-1.parquet,1
uhs5_1247--udt18558,parquet_residential_short_202512_res_MI,118404-1.parquet,22
uhs5_1247--udt18558,parquet_residential_short_202512_res_MI,121458-1.parquet,1
uhs5_1247--udt18558,parquet_residential_short_202512_res_MI,134138-1.parquet,2
uhs5_1247--udt18558,parquet_residential_short_202512_res_MI,14251-1.parquet,3
uhs5_1247--udt18558,parquet_residential_short_202512_res_MI,144380-1.parquet,4
uhs5_1247--udt18558,parquet_residential_short_202512_res_MI,145104-1.parquet,7
uhs5_1247--udt18558,parquet_residential_short_202512_res_MI,15283-1.parquet,1
uhs5_1247--udt18558,parquet_residential_short_202512_res_MI,158553-1.parquet,2
uhs5_1247--udt18558,parquet_residential_short_202512_res_MI,163888-1.parquet,5
uhs5_1247--udt18558,parquet_residential_short_202512_res_MI,163929-1.parquet,7
uhs5_1247--udt18558,parquet_residential_short_202512_res_MI,169556-1.parquet,1
uhs5_1247--udt18558,parquet_residential_short_202512_res_MI,174128-1.parquet,1
uhs5_1247--udt18558,parquet_residential_short_202512_res_MI,178848-1.parquet,49
uhs5_1247--udt18558,parquet_residential_short_202512_res_MI,178924-1.parquet,21
uhs5_1247--udt18558,parquet_residential_short_202512_res_MI,179061-1.parquet,139
uhs5_1247--udt18558,parquet_residential_short_202512_res_MI,179402-1.parquet,1
uhs5_1247--udt18558,parquet_residential_short_202512_res_MI,179991-1.parquet,1
uhs5_1247--udt18558,parquet_residential_short_202512_res_MI,181568-1.parquet,1
uhs5_1247--udt18558,parquet_residential_short_202512_res_MI,189827-1.parquet,10
uhs5_1247--udt18558,parquet_residential_short_202512_res_MI,193304-1.parquet,1
uhs5_1247--udt18558,parquet_residential_short_202512_res_MI,204257-1.parquet,1
uhs5_1247--udt18558,parquet_residential_short_202512_res_MI,208956-1.parquet,1
uhs5_1247--udt18558,parquet_residential_short_202512_res_MI,213050-1.parquet,1
uhs5_1247--udt18558,parquet_residential_short_202512_res_MI,219061-1.parquet,3
uhs5_1247--udt18558,parquet_residential_short_202512_res_MI,219912-1.parquet,1
uhs5_1247--udt18558,parquet_residential_short_202512_res_MI,224704-1.parquet,1
uhs5_1247--udt18558,parquet_residential_short_202512_res_MI,229456-1.parquet,6
uhs5_1247--udt18558,parquet_residential_short_202512_res_MI,231438-1.parquet,1
uhs5_1247--udt18558,parquet_residential_short_202512_res_MI,240169-1.parquet,1
uhs5_1247--udt18558,parquet_residential_short_202512_res_MI,242004-1.parquet,2
uhs5_1247--udt18558,parquet_residential_short_202512_res_MI,245364-1.parquet,1
uhs5_1247--udt18558,parquet_residential_short_202512_res_MI,255062-1.parquet,7
uhs5_1247--udt18558,parquet_residential_short_202512_res_MI,256339-1.parquet,5
uhs5_1247--udt18558,parquet_residential_short_202512_res_MI,263197-1.parquet,2
uhs5_1247--udt18558,parquet_residential_short_202512_res_MI,26343-1.parquet,9
uhs5_1247--udt18558,parquet_residential_short_202512_res_MI,275115-1.parquet,14
uhs5_1247--udt18558,parquet_residential_short_202512_res_MI,277988-1.parquet,1
uhs5_1247--udt18558,parquet_residential_short_202512_res_MI,278143-1.parquet,1
uhs5_1247--udt18558,parquet_residential_short_202512_res_MI,281826-1.parquet,2
uhs5_1247--udt18558,parquet_residential_short_202512_res_MI,282194-1.parquet,3
uhs5_1247--udt18558,parquet_residential_short_202512_res_MI,285946-1.parquet,1
uhs5_1247--udt18558,parquet_residential_short_202512_res_MI,292113-1.parquet,3
uhs5_1247--udt18558,parquet_residential_short_202512_res_MI,292202-1.parquet,1
uhs5_1247--udt18558,parquet_residential_short_202512_res_MI,305511-1.parquet,2
uhs5_1247--udt18558,parquet_residential_short_202512_res_MI,31043-1.parquet,6
uhs5_1247--udt18558,parquet_residential_short_202512_res_MI,31214-1.parquet,1
uhs5_1247--udt18558,parquet_residential_short_202512_res_MI,317135-1.parquet,8
uhs5_1247--udt18558,parquet_residential_short_202512_res_MI,320231-1.parquet,1
uhs5_1247--udt18558,parquet_residential_short_202512_res_MI,329472-1.parquet,5
uhs5_1247--udt18558,parquet_residential_short_202512_res_MI,32956-1.parquet,1
uhs5_1247--udt18558,parquet_residential_short_202512_res_MI,331207-1.parquet,3
uhs5_1247--udt18558,parquet_residential_short_202512_res_MI,334073-1.parquet,59
uhs5_1247--udt18558,parquet_residential_short_202512_res_MI,335327-1.parquet,1
uhs5_1247--udt18558,parquet_residential_short_202512_res_MI,344633-1.parquet,2
uhs5_1247--udt18558,parquet_residential_short_202512_res_MI,345199-1.parquet,1
uhs5_1247--udt18558,parquet_residential_short_202512_res_MI,350694-1.parquet,1
uhs5_1247--udt18558,parquet_residential_short_202512_res_MI,354403-1.parquet,1
uhs5_1247--udt18558,parquet_residential_short_202512_res_MI,361783-1.parquet,31
uhs5_1247--udt18558,parquet_residential_short_202512_res_MI,363455-1.parquet,2
uhs5_1247--udt18558,parquet_residential_short_202512_res_MI,368387-1.parquet,2
uhs5_1247--udt18558,parquet_residential_short_202512_res_MI,368438-1.parquet,1
uhs5_1247--udt18558,parquet_residential_short_202512_res_MI,370010-1.parquet,5
uhs5_1247--udt18558,parquet_residential_short_202512_res_MI,378338-1.parquet,22
uhs5_1247--udt18558,parquet_residential_short_202512_res_MI,380296-1.parquet,1
uhs5_1247--udt18558,parquet_residential_short_202512_res_MI,387495-1.parquet,3
uhs5_1247--udt18558,parquet_residential_short_202512_res_MI,392142-1.parquet,14
uhs5_1247--udt18558,parquet_residential_short_202512_res_MI,395863-1.parquet,1
uhs5_1247--udt18558,parquet_residential_short_202512_res_MI,400912-1.parquet,25
uhs5_1247--udt18558,parquet_residential_short_202512_res_MI,411616-1.parquet,19
uhs5_1247--udt18558,parquet_residential_short_202512_res_MI,418555-1.parquet,2
uhs5_1247--udt18558,parquet_residential_short_202512_res_MI,426204-1.parquet,1
uhs5_1247--udt18558,parquet_residential_short_202512_res_MI,428505-1.parquet,2
uhs5_1247--udt18558,parquet_residential_short_202512_res_MI,432811-1.parquet,1
uhs5_1247--udt18558,parquet_residential_short_202512_res_MI,433379-1.parquet,2
uhs5_1247--udt18558,parquet_residential_short_202512_res_MI,433741-1.parquet,2
uhs5_1247--udt18558,parquet_residential_short_202512_res_MI,436629-1.parquet,12
uhs5_1247--udt18558,parquet_residential_short_202512_res_MI,437871-1.parquet,33
uhs5_1247--udt18558,parquet_residential_short_202512_res_MI,441370-1.parquet,2
uhs5_1247--udt18558,parquet_residential_short_202512_res_MI,444065-1.parquet,8
uhs5_1247--udt18558,parquet_residential_short_202512_res_MI,449958-1.parquet,9
uhs5_1247--udt18558,parquet_residential_short_202512_res_MI,457273-1.parquet,2
uhs5_1247--udt18558,parquet_residential_short_202512_res_MI,459710-1.parquet,1
uhs5_1247--udt18558,parquet_residential_short_202512_res_MI,463711-1.parquet,1
uhs5_1247--udt18558,parquet_residential_short_202512_res_MI,465693-1.parquet,7
uhs5_1247--udt18558,parquet_residential_short_202512_res_MI,473383-1.parquet,5
uhs5_1247--udt18558,parquet_residential_short_202512_res_MI,474345-1.parquet,7
uhs5_1247--udt18558,parquet_residential_short_202512_res_MI,478155-1.parquet,3
uhs5_1247--udt18558,parquet_residential_short_202512_res_MI,480431-1.parquet,1
uhs5_1247--udt18558,parquet_residential_short_202512_res_MI,48368-1.parquet,2
uhs5_1247--udt18558,parquet_residential_short_202512_res_MI,485286-1.parquet,7
uhs5_1247--udt18558,parquet_residential_short_202512_res_MI,491904-1.parquet,12
uhs5_1247--udt18558,parquet_residential_short_202512_res_MI,494108-1.parquet,9
uhs5_1247--udt18558,parquet_residential_short_202512_res_MI,498993-1.parquet,5
uhs5_1247--udt18558,parquet_residential_short_202512_res_MI,502032-1.parquet,6
uhs5_1247--udt18558,parquet_residential_short_202512_res_MI,505391-1.parquet,3
uhs5_1247--udt18558,parquet_residential_short_202512_res_MI,507422-1.parquet,1
uhs5_1247--udt18558,parquet_residential_short_202512_res_MI,508330-1.parquet,12
uhs5_1247--udt18558,parquet_residential_short_202512_res_MI,513814-1.parquet,14
uhs5_1247--udt18558,parquet_residential_short_202512_res_MI,521610-1.parquet,9
uhs5_1247--udt18558,parquet_residential_short_202512_res_MI,526776-1.parquet,1
uhs5_1247--udt18558,parquet_residential_short_202512_res_MI,527997-1.parquet,1
uhs5_1247--udt18558,parquet_residential_short_202512_res_MI,530245-1.parquet,1
uhs5_1247--udt18558,parquet_residential_short_202512_res_MI,533319-1.parquet,7
uhs5_1247--udt18558,parquet_residential_short_202512_res_MI,538350-1.parquet,10
uhs5_1247--udt18558,parquet_residential_short_202512_res_MI,54618-1.parquet,3
uhs5_1247--udt18558,parquet_residential_short_202512_res_MI,549574-1.parquet,1
uhs5_1247--udt18558,parquet_residential_short_202512_res_MI,68724-1.parquet,1
uhs5_1247--udt18558,parquet_residential_short_202512_res_MI,73789-1.parquet,1
uhs5_1247--udt18558,parquet_residential_short_202512_res_MI,74525-1.parquet,2
uhs5_1247--udt18558,parquet_residential_short_202512_res_MI,78734-1.parquet,2
uhs5_1247--udt18558,parquet_residential_short_202512_res_MI,8111-1.parquet,3
uhs5_1247--udt18558,parquet_residential_short_202512_res_MI,83885-1.parquet,1
uhs5_1247--udt18558,parquet_residential_short_202512_res_MI,90350-1.parquet,4
uhs5_1247--udt18558,parquet_residential_short_202512_res_MI,95747-1.parquet,1
uhs5_1247--udt19869,parquet_commercial_202512_comm_MI,157718-1.parquet,1
uhs5_1247--udt19869,parquet_commercial_202512_comm_MI,157748-1.parquet,1
uhs5_1247--udt19869,parquet_commercial_202512_comm_MI,157823-1.parquet,4
uhs5_1247--udt19869,parquet_commercial_202512_comm_MI,157974-1.parquet,1
uhs5_1247--udt19869,parquet_commercial_202512_comm_MI,158087-1.parquet,1
uhs5_1247--udt19869,parquet_commercial_202512_comm_MI,158365-1.parquet,1
uhs5_1247--udt19869,parquet_commercial_202512_comm_MI,158456-1.parquet,26
uhs5_1247--udt19869,parquet_commercial_202512_comm_MI,158460-1.parquet,3
uhs5_1247--udt19869,parquet_commercial_202512_comm_MI,158603-1.parquet,1
uhs5_1247--udt19869,parquet_commercial_202512_comm_MI,158634-1.parquet,2
uhs5_1247--udt19869,parquet_commercial_202512_comm_MI,158935-1.parquet,1
uhs5_1247--udt19869,parquet_commercial_202512_comm_MI,159029-1.parquet,1
uhs5_1247--udt19869,parquet_commercial_202512_comm_MI,159114-1.parquet,1
uhs5_1247--udt19869,parquet_commercial_202512_comm_MI,159409-1.parquet,2
uhs5_1247--udt19869,parquet_commercial_202512_comm_MI,159461-8.parquet,1
uhs5_1247--udt19869,parquet_commercial_202512_comm_MI,159485-1.parquet,3
uhs5_1247--udt19869,parquet_commercial_202512_comm_MI,159799-8.parquet,3
uhs5_1247--udt19869,parquet_commercial_202512_comm_MI,159842-1.parquet,1
uhs5_1247--udt19869,parquet_commercial_202512_comm_MI,160078-1.parquet,2
uhs5_1247--udt19869,parquet_commercial_202512_comm_MI,160365-1.parquet,3
uhs5_1247--udt19869,parquet_commercial_202512_comm_MI,160434-1.parquet,1
uhs5_1247--udt19869,parquet_commercial_202512_comm_MI,160477-1.parquet,2
uhs5_1247--udt19869,parquet_commercial_202512_comm_MI,160529-1.parquet,1
uhs5_1247--udt19869,parquet_commercial_202512_comm_MI,160562-1.parquet,1
uhs5_1247--udt19869,parquet_commercial_202512_comm_MI,160673-1.parquet,2
uhs5_1247--udt19869,parquet_commercial_202512_comm_MI,161119-8.parquet,1
uhs5_1247--udt19869,parquet_commercial_202512_comm_MI,161131-8.parquet,1
uhs5_1247--udt19869,parquet_commercial_202512_comm_MI,161134-1.parquet,4
uhs5_1247--udt19869,parquet_commercial_202512_comm_MI,161150-1.parquet,1
uhs5_1247--udt19869,parquet_commercial_202512_comm_MI,161193-1.parquet,1
uhs5_1247--udt19869,parquet_commercial_202512_comm_MI,161642-1.parquet,1
uhs5_1247--udt19869,parquet_commercial_202512_comm_MI,161648-1.parquet,1
uhs5_1247--udt19869,parquet_commercial_202512_comm_MI,161746-1.parquet,1
uhs5_1247--udt19869,parquet_commercial_202512_comm_MI,161936-8.parquet,1
uhs5_1247--udt19869,parquet_commercial_202512_comm_MI,162058-1.parquet,1
uhs5_1247--udt19869,parquet_commercial_202512_comm_MI,162088-1.parquet,1
uhs5_1247--udt19869,parquet_commercial_202512_comm_MI,162262-1.parquet,1
uhs5_1247--udt19869,parquet_commercial_202512_comm_MI,162329-1.parquet,1
uhs5_1247--udt19869,parquet_commercial_202512_comm_MI,162547-1.parquet,1
uhs5_1247--udt19869,parquet_commercial_202512_comm_MI,162868-1.parquet,1
uhs5_1247--udt19869,parquet_commercial_202512_comm_MI,163398-1.parquet,1
uhs5_1247--udt19869,parquet_commercial_202512_comm_MI,163891-1.parquet,1
uhs5_1247--udt19869,parquet_commercial_202512_comm_MI,163959-1.parquet,1
uhs5_1247--udt19869,parquet_commercial_202512_comm_MI,164058-1.parquet,1
uhs5_1247--udt19869,parquet_commercial_202512_comm_MI,164079-1.parquet,1
uhs5_1247--udt19869,parquet_commercial_202512_comm_MI,164341-1.parquet,1
uhs5_1247--udt19869,parquet_commercial_202512_comm_MI,164352-1.parquet,1
uhs5_1247--udt19869,parquet_commercial_202512_comm_MI,164450-1.parquet,2
uhs5_1247--udt19869,parquet_commercial_202512_comm_MI,164547-1.parquet,2
uhs5_1247--udt19869,parquet_commercial_202512_comm_MI,164606-1.parquet,6
uhs5_1247--udt19869,parquet_commercial_202512_comm_MI,164698-8.parquet,1
uhs5_1247--udt19869,parquet_commercial_202512_comm_MI,164742-1.parquet,1
uhs5_1247--udt19869,parquet_commercial_202512_comm_MI,164928-8.parquet,6
uhs5_1247--udt19869,parquet_commercial_202512_comm_MI,165018-8.parquet,1
uhs5_1247--udt19869,parquet_commercial_202512_comm_MI,165179-8.parquet,1
uhs5_1247--udt19869,parquet_commercial_202512_comm_MI,165260-1.parquet,1
uhs5_1247--udt19869,parquet_commercial_202512_comm_MI,165316-1.parquet,1
uhs5_1247--udt19869,parquet_commercial_202512_comm_MI,165352-8.parquet,2
uhs5_1247--udt19869,parquet_commercial_202512_comm_MI,165531-8.parquet,5
uhs5_1247--udt19869,parquet_commercial_202512_comm_MI,165564-1.parquet,1
uhs5_1247--udt19869,parquet_commercial_202512_comm_MI,165786-1.parquet,1
uhs5_1247--udt19869,parquet_commercial_202512_comm_MI,166183-1.parquet,8
uhs5_1247--udt19869,parquet_commercial_202512_comm_MI,166375-8.parquet,1
uhs5_1247--udt19869,parquet_commercial_202512_comm_MI,166514-1.parquet,1
uhs5_1247--udt19869,parquet_commercial_202512_comm_MI,166676-1.parquet,3
uhs5_1247--udt19869,parquet_commercial_202512_comm_MI,166814-1.parquet,2
uhs5_1247--udt19869,parquet_commercial_202512_comm_MI,167455-1.parquet,1
uhs5_1247--udt19869,parquet_commercial_202512_comm_MI,167931-1.parquet,1
uhs5_1247--udt19869,parquet_commercial_202512_comm_MI,167948-1.parquet,2
uhs5_1247--udt19869,parquet_commercial_202512_comm_MI,168053-1.parquet,1
uhs5_1247--udt19869,parquet_commercial_202512_comm_MI,168193-1.parquet,4
uhs5_1247--udt19869,parquet_commercial_202512_comm_MI,168278-1.parquet,1
uhs5_1247--udt19869,parquet_commercial_202512_comm_MI,168388-1.parquet,1
uhs5_1247--udt19869,parquet_commercial_202512_comm_MI,168675-1.parquet,1
uhs5_1247--udt19869,parquet_commercial_202512_comm_MI,168682-1.parquet,1
uhs5_1247--udt19869,parquet_commercial_202512_comm_MI,168901-1.parquet,3
uhs5_1247--udt19869,parquet_commercial_202512_comm_MI,169006-1.parquet,1
uhs5_1247--udt19869,parquet_commercial_202512_comm_MI,169293-1.parquet,1
uhs5_1247--udt19869,parquet_commercial_202512_comm_MI,169316-1.parquet,1
uhs5_1247--udt19869,parquet_commercial_202512_comm_MI,169433-1.parquet,1
uhs5_1247--udt19869,parquet_commercial_202512_comm_MI,169446-1.parquet,1
uhs5_1247--udt19869,parquet_commercial_202512_comm_MI,169593-1.parquet,1
uhs5_1247--udt19869,parquet_commercial_202512_comm_MI,169655-1.parquet,1
uhs5_1247--udt19869,parquet_commercial_202512_comm_MI,169898-1.parquet,1
uhs5_1247--udt19869,parquet_commercial_202512_comm_MI,170067-1.parquet,1
uhs5_1247--udt19869,parquet_residential_short_202512_res_MI,10381-1.parquet,2
uhs5_1247--udt19869,parquet_residential_short_202512_res_MI,109870-1.parquet,2
uhs5_1247--udt19869,parquet_residential_short_202512_res_MI,110028-1.parquet,1
uhs5_1247--udt19869,parquet_residential_short_202512_res_MI,111086-1.parquet,3
uhs5_1247--udt19869,parquet_residential_short_202512_res_MI,11278-1.parquet,2
uhs5_1247--udt19869,parquet_residential_short_202512_res_MI,113255-1.parquet,3
uhs5_1247--udt19869,parquet_residential_short_202512_res_MI,113495-1.parquet,1
uhs5_1247--udt19869,parquet_residential_short_202512_res_MI,11596-1.parquet,5
uhs5_1247--udt19869,parquet_residential_short_202512_res_MI,116219-1.parquet,2
uhs5_1247--udt19869,parquet_residential_short_202512_res_MI,118404-1.parquet,21
uhs5_1247--udt19869,parquet_residential_short_202512_res_MI,121458-1.parquet,3
uhs5_1247--udt19869,parquet_residential_short_202512_res_MI,129325-1.parquet,7
uhs5_1247--udt19869,parquet_residential_short_202512_res_MI,134138-1.parquet,2
uhs5_1247--udt19869,parquet_residential_short_202512_res_MI,141664-1.parquet,2
uhs5_1247--udt19869,parquet_residential_short_202512_res_MI,141942-1.parquet,1
uhs5_1247--udt19869,parquet_residential_short_202512_res_MI,14251-1.parquet,3
uhs5_1247--udt19869,parquet_residential_short_202512_res_MI,144803-1.parquet,2
uhs5_1247--udt19869,parquet_residential_short_202512_res_MI,145077-1.parquet,1
uhs5_1247--udt19869,parquet_residential_short_202512_res_MI,145104-1.parquet,2
uhs5_1247--udt19869,parquet_residential_short_202512_res_MI,15283-1.parquet,4
uhs5_1247--udt19869,parquet_residential_short_202512_res_MI,158553-1.parquet,2
uhs5_1247--udt19869,parquet_residential_short_202512_res_MI,163160-1.parquet,3
uhs5_1247--udt19869,parquet_residential_short_202512_res_MI,163888-1.parquet,11
uhs5_1247--udt19869,parquet_residential_short_202512_res_MI,163929-1.parquet,11
uhs5_1247--udt19869,parquet_residential_short_202512_res_MI,169556-1.parquet,1
uhs5_1247--udt19869,parquet_residential_short_202512_res_MI,178522-1.parquet,1
uhs5_1247--udt19869,parquet_residential_short_202512_res_MI,178848-1.parquet,49
uhs5_1247--udt19869,parquet_residential_short_202512_res_MI,178924-1.parquet,10
uhs5_1247--udt19869,parquet_residential_short_202512_res_MI,179061-1.parquet,88
uhs5_1247--udt19869,parquet_residential_short_202512_res_MI,179402-1.parquet,3
uhs5_1247--udt19869,parquet_residential_short_202512_res_MI,179991-1.parquet,3
uhs5_1247--udt19869,parquet_residential_short_202512_res_MI,180563-1.parquet,4
uhs5_1247--udt19869,parquet_residential_short_202512_res_MI,181568-1.parquet,1
uhs5_1247--udt19869,parquet_residential_short_202512_res_MI,189827-1.parquet,4
uhs5_1247--udt19869,parquet_residential_short_202512_res_MI,193304-1.parquet,7
uhs5_1247--udt19869,parquet_residential_short_202512_res_MI,195848-1.parquet,6
uhs5_1247--udt19869,parquet_residential_short_202512_res_MI,202225-1.parquet,1
uhs5_1247--udt19869,parquet_residential_short_202512_res_MI,203104-1.parquet,1
uhs5_1247--udt19869,parquet_residential_short_202512_res_MI,204257-1.parquet,1
uhs5_1247--udt19869,parquet_residential_short_202512_res_MI,206690-1.parquet,2
uhs5_1247--udt19869,parquet_residential_short_202512_res_MI,219061-1.parquet,5
uhs5_1247--udt19869,parquet_residential_short_202512_res_MI,224704-1.parquet,1
uhs5_1247--udt19869,parquet_residential_short_202512_res_MI,229456-1.parquet,3
uhs5_1247--udt19869,parquet_residential_short_202512_res_MI,240169-1.parquet,2
uhs5_1247--udt19869,parquet_residential_short_202512_res_MI,242004-1.parquet,2
uhs5_1247--udt19869,parquet_residential_short_202512_res_MI,245364-1.parquet,2
uhs5_1247--udt19869,parquet_residential_short_202512_res_MI,255062-1.parquet,6
uhs5_1247--udt19869,parquet_residential_short_202512_res_MI,258760-1.parquet,1
uhs5_1247--udt19869,parquet_residential_short_202512_res_MI,261491-1.parquet,5
uhs5_1247--udt19869,parquet_residential_short_202512_res_MI,263197-1.parquet,6
uhs5_1247--udt19869,parquet_residential_short_202512_res_MI,26343-1.parquet,6
uhs5_1247--udt19869,parquet_residential_short_202512_res_MI,275115-1.parquet,33
uhs5_1247--udt19869,parquet_residential_short_202512_res_MI,275600-1.parquet,4
uhs5_1247--udt19869,parquet_residential_short_202512_res_MI,277511-1.parquet,4
uhs5_1247--udt19869,parquet_residential_short_202512_res_MI,280750-1.parquet,1
uhs5_1247--udt19869,parquet_residential_short_202512_res_MI,281826-1.parquet,2
uhs5_1247--udt19869,parquet_residential_short_202512_res_MI,282194-1.parquet,3
uhs5_1247--udt19869,parquet_residential_short_202512_res_MI,285946-1.parquet,1
uhs5_1247--udt19869,parquet_residential_short_202512_res_MI,292113-1.parquet,8
uhs5_1247--udt19869,parquet_residential_short_202512_res_MI,300299-1.parquet,1
uhs5_1247--udt19869,parquet_residential_short_202512_res_MI,305511-1.parquet,2
uhs5_1247--udt19869,parquet_residential_short_202512_res_MI,308094-1.parquet,1
uhs5_1247--udt19869,parquet_residential_short_202512_res_MI,31043-1.parquet,3
uhs5_1247--udt19869,parquet_residential_short_202512_res_MI,31214-1.parquet,2
uhs5_1247--udt19869,parquet_residential_short_202512_res_MI,317135-1.parquet,2
uhs5_1247--udt19869,parquet_residential_short_202512_res_MI,317368-1.parquet,3
uhs5_1247--udt19869,parquet_residential_short_202512_res_MI,320231-1.parquet,9
uhs5_1247--udt19869,parquet_residential_short_202512_res_MI,32711-1.parquet,1
uhs5_1247--udt19869,parquet_residential_short_202512_res_MI,329472-1.parquet,5
uhs5_1247--udt19869,parquet_residential_short_202512_res_MI,329529-1.parquet,1
uhs5_1247--udt19869,parquet_residential_short_202512_res_MI,32956-1.parquet,3
uhs5_1247--udt19869,parquet_residential_short_202512_res_MI,331207-1.parquet,1
uhs5_1247--udt19869,parquet_residential_short_202512_res_MI,331355-1.parquet,3
uhs5_1247--udt19869,parquet_residential_short_202512_res_MI,334073-1.parquet,63
uhs5_1247--udt19869,parquet_residential_short_202512_res_MI,335327-1.parquet,1
uhs5_1247--udt19869,parquet_residential_short_202512_res_MI,340841-1.parquet,2
uhs5_1247--udt19869,parquet_residential_short_202512_res_MI,344633-1.parquet,1
uhs5_1247--udt19869,parquet_residential_short_202512_res_MI,345199-1.parquet,1
uhs5_1247--udt19869,parquet_residential_short_202512_res_MI,346477-1.parquet,6
uhs5_1247--udt19869,parquet_residential_short_202512_res_MI,354403-1.parquet,10
uhs5_1247--udt19869,parquet_residential_short_202512_res_MI,356343-1.parquet,1
uhs5_1247--udt19869,parquet_residential_short_202512_res_MI,361783-1.parquet,56
uhs5_1247--udt19869,parquet_residential_short_202512_res_MI,363455-1.parquet,1
uhs5_1247--udt19869,parquet_residential_short_202512_res_MI,365825-1.parquet,3
uhs5_1247--udt19869,parquet_residential_short_202512_res_MI,368387-1.parquet,3
uhs5_1247--udt19869,parquet_residential_short_202512_res_MI,368438-1.parquet,1
uhs5_1247--udt19869,parquet_residential_short_202512_res_MI,370010-1.parquet,3
uhs5_1247--udt19869,parquet_residential_short_202512_res_MI,378338-1.parquet,19
uhs5_1247--udt19869,parquet_residential_short_202512_res_MI,380296-1.parquet,2
uhs5_1247--udt19869,parquet_residential_short_202512_res_MI,381828-1.parquet,2
uhs5_1247--udt19869,parquet_residential_short_202512_res_MI,381867-1.parquet,8
uhs5_1247--udt19869,parquet_residential_short_202512_res_MI,384283-1.parquet,1
uhs5_1247--udt19869,parquet_residential_short_202512_res_MI,387495-1.parquet,11
uhs5_1247--udt19869,parquet_residential_short_202512_res_MI,392142-1.parquet,14
uhs5_1247--udt19869,parquet_residential_short_202512_res_MI,395863-1.parquet,3
uhs5_1247--udt19869,parquet_residential_short_202512_res_MI,400912-1.parquet,16
uhs5_1247--udt19869,parquet_residential_short_202512_res_MI,402675-1.parquet,1
uhs5_1247--udt19869,parquet_residential_short_202512_res_MI,409398-1.parquet,1
uhs5_1247--udt19869,parquet_residential_short_202512_res_MI,411616-1.parquet,69
uhs5_1247--udt19869,parquet_residential_short_202512_res_MI,418555-1.parquet,2
uhs5_1247--udt19869,parquet_residential_short_202512_res_MI,421729-1.parquet,3
uhs5_1247--udt19869,parquet_residential_short_202512_res_MI,426204-1.parquet,7
uhs5_1247--udt19869,parquet_residential_short_202512_res_MI,430122-1.parquet,1
uhs5_1247--udt19869,parquet_residential_short_202512_res_MI,433379-1.parquet,4
uhs5_1247--udt19869,parquet_residential_short_202512_res_MI,433741-1.parquet,1
uhs5_1247--udt19869,parquet_residential_short_202512_res_MI,436629-1.parquet,8
uhs5_1247--udt19869,parquet_residential_short_202512_res_MI,437871-1.parquet,11
uhs5_1247--udt19869,parquet_residential_short_202512_res_MI,439442-1.parquet,7
uhs5_1247--udt19869,parquet_residential_short_202512_res_MI,441370-1.parquet,6
uhs5_1247--udt19869,parquet_residential_short_202512_res_MI,444065-1.parquet,7
uhs5_1247--udt19869,parquet_residential_short_202512_res_MI,445779-1.parquet,1
uhs5_1247--udt19869,parquet_residential_short_202512_res_MI,446161-1.parquet,2
uhs5_1247--udt19869,parquet_residential_short_202512_res_MI,449575-1.parquet,2
uhs5_1247--udt19869,parquet_residential_short_202512_res_MI,449958-1.parquet,7
uhs5_1247--udt19869,parquet_residential_short_202512_res_MI,450644-1.parquet,2
uhs5_1247--udt19869,parquet_residential_short_202512_res_MI,453782-1.parquet,3
uhs5_1247--udt19869,parquet_residential_short_202512_res_MI,457273-1.parquet,4
uhs5_1247--udt19869,parquet_residential_short_202512_res_MI,459710-1.parquet,6
uhs5_1247--udt19869,parquet_residential_short_202512_res_MI,459832-1.parquet,3
uhs5_1247--udt19869,parquet_residential_short_202512_res_MI,463711-1.parquet,2
uhs5_1247--udt19869,parquet_residential_short_202512_res_MI,465000-1.parquet,2
uhs5_1247--udt19869,parquet_residential_short_202512_res_MI,465693-1.parquet,6
uhs5_1247--udt19869,parquet_residential_short_202512_res_MI,467658-1.parquet,1
uhs5_1247--udt19869,parquet_residential_short_202512_res_MI,473383-1.parquet,6
uhs5_1247--udt19869,parquet_residential_short_202512_res_MI,474345-1.parquet,8
uhs5_1247--udt19869,parquet_residential_short_202512_res_MI,478155-1.parquet,3
uhs5_1247--udt19869,parquet_residential_short_202512_res_MI,48368-1.parquet,2
uhs5_1247--udt19869,parquet_residential_short_202512_res_MI,485286-1.parquet,1
uhs5_1247--udt19869,parquet_residential_short_202512_res_MI,485537-1.parquet,6
uhs5_1247--udt19869,parquet_residential_short_202512_res_MI,491904-1.parquet,6
uhs5_1247--udt19869,parquet_residential_short_202512_res_MI,494108-1.parquet,6
uhs5_1247--udt19869,parquet_residential_short_202512_res_MI,498993-1.parquet,4
uhs5_1247--udt19869,parquet_residential_short_202512_res_MI,502032-1.parquet,4
uhs5_1247--udt19869,parquet_residential_short_202512_res_MI,505391-1.parquet,6
uhs5_1247--udt19869,parquet_residential_short_202512_res_MI,507422-1.parquet,1
uhs5_1247--udt19869,parquet_residential_short_202512_res_MI,508330-1.parquet,39
uhs5_1247--udt19869,parquet_residential_short_202512_res_MI,509345-1.parquet,2
uhs5_1247--udt19869,parquet_residential_short_202512_res_MI,513814-1.parquet,12
uhs5_1247--udt19869,parquet_residential_short_202512_res_MI,515788-1.parquet,1
uhs5_1247--udt19869,parquet_residential_short_202512_res_MI,521610-1.parquet,5
uhs5_1247--udt19869,parquet_residential_short_202512_res_MI,525496-1.parquet,6
uhs5_1247--udt19869,parquet_residential_short_202512_res_MI,526776-1.parquet,2
uhs5_1247--udt19869,parquet_residential_short_202512_res_MI,530245-1.parquet,1
uhs5_1247--udt19869,parquet_residential_short_202512_res_MI,533319-1.parquet,3
uhs5_1247--udt19869,parquet_residential_short_202512_res_MI,53721-1.parquet,1
uhs5_1247--udt19869,parquet_residential_short_202512_res_MI,538350-1.parquet,5
uhs5_1247--udt19869,parquet_residential_short_202512_res_MI,546177-1.parquet,1
uhs5_1247--udt19869,parquet_residential_short_202512_res_MI,54618-1.parquet,1
uhs5_1247--udt19869,parquet_residential_short_202512_res_MI,60207-1.parquet,2
uhs5_1247--udt19869,parquet_residential_short_202512_res_MI,68724-1.parquet,1
uhs5_1247--udt19869,parquet_residential_short_202512_res_MI,73789-1.parquet,2
uhs5_1247--udt19869,parquet_residential_short_202512_res_MI,74525-1.parquet,4
uhs5_1247--udt19869,parquet_residential_short_202512_res_MI,8111-1.parquet,3
uhs5_1247--udt19869,parquet_residential_short_202512_res_MI,82218-1.parquet,3
uhs5_1247--udt19869,parquet_residential_short_202512_res_MI,83885-1.parquet,1
uhs5_1247--udt19869,parquet_residential_short_202512_res_MI,87751-1.parquet,1
uhs5_1247--udt19869,parquet_residential_short_202512_res_MI,90350-1.parquet,5
uhs5_1247--udt19869,parquet_residential_short_202512_res_MI,92876-1.parquet,2
uhs5_1247--udt20368,parquet_commercial_202512_comm_MI,157770-1.parquet,1
uhs5_1247--udt20368,parquet_commercial_202512_comm_MI,157810-1.parquet,1
uhs5_1247--udt20368,parquet_commercial_202512_comm_MI,157823-1.parquet,5
uhs5_1247--udt20368,parquet_commercial_202512_comm_MI,158073-1.parquet,2
uhs5_1247--udt20368,parquet_commercial_202512_comm_MI,158147-1.parquet,1
uhs5_1247--udt20368,parquet_commercial_202512_comm_MI,158188-1.parquet,1
uhs5_1247--udt20368,parquet_commercial_202512_comm_MI,158335-1.parquet,1
uhs5_1247--udt20368,parquet_commercial_202512_comm_MI,158376-1.parquet,7
uhs5_1247--udt20368,parquet_commercial_202512_comm_MI,158456-1.parquet,1
uhs5_1247--udt20368,parquet_commercial_202512_comm_MI,158460-1.parquet,11
uhs5_1247--udt20368,parquet_commercial_202512_comm_MI,159114-1.parquet,4
uhs5_1247--udt20368,parquet_commercial_202512_comm_MI,159485-1.parquet,2
uhs5_1247--udt20368,parquet_commercial_202512_comm_MI,159799-8.parquet,2
uhs5_1247--udt20368,parquet_commercial_202512_comm_MI,159841-1.parquet,2
uhs5_1247--udt20368,parquet_commercial_202512_comm_MI,159922-8.parquet,3
uhs5_1247--udt20368,parquet_commercial_202512_comm_MI,160069-1.parquet,1
uhs5_1247--udt20368,parquet_commercial_202512_comm_MI,160078-1.parquet,2
uhs5_1247--udt20368,parquet_commercial_202512_comm_MI,160264-1.parquet,1
uhs5_1247--udt20368,parquet_commercial_202512_comm_MI,160365-1.parquet,2
uhs5_1247--udt20368,parquet_commercial_202512_comm_MI,160529-1.parquet,3
uhs5_1247--udt20368,parquet_commercial_202512_comm_MI,160562-1.parquet,3
uhs5_1247--udt20368,parquet_commercial_202512_comm_MI,160673-1.parquet,1
uhs5_1247--udt20368,parquet_commercial_202512_comm_MI,160747-1.parquet,1
uhs5_1247--udt20368,parquet_commercial_202512_comm_MI,160855-8.parquet,1
uhs5_1247--udt20368,parquet_commercial_202512_comm_MI,161134-1.parquet,4
uhs5_1247--udt20368,parquet_commercial_202512_comm_MI,161632-1.parquet,1
uhs5_1247--udt20368,parquet_commercial_202512_comm_MI,161726-1.parquet,1
uhs5_1247--udt20368,parquet_commercial_202512_comm_MI,161940-1.parquet,1
uhs5_1247--udt20368,parquet_commercial_202512_comm_MI,161954-8.parquet,1
uhs5_1247--udt20368,parquet_commercial_202512_comm_MI,161969-1.parquet,1
uhs5_1247--udt20368,parquet_commercial_202512_comm_MI,162547-1.parquet,1
uhs5_1247--udt20368,parquet_commercial_202512_comm_MI,162850-1.parquet,1
uhs5_1247--udt20368,parquet_commercial_202512_comm_MI,162993-1.parquet,2
uhs5_1247--udt20368,parquet_commercial_202512_comm_MI,163035-1.parquet,1
uhs5_1247--udt20368,parquet_commercial_202512_comm_MI,163497-1.parquet,1
uhs5_1247--udt20368,parquet_commercial_202512_comm_MI,163772-1.parquet,1
uhs5_1247--udt20368,parquet_commercial_202512_comm_MI,163839-1.parquet,2
uhs5_1247--udt20368,parquet_commercial_202512_comm_MI,163891-1.parquet,6
uhs5_1247--udt20368,parquet_commercial_202512_comm_MI,163959-1.parquet,1
uhs5_1247--udt20368,parquet_commercial_202512_comm_MI,164079-1.parquet,1
uhs5_1247--udt20368,parquet_commercial_202512_comm_MI,164606-1.parquet,4
uhs5_1247--udt20368,parquet_commercial_202512_comm_MI,164675-8.parquet,1
uhs5_1247--udt20368,parquet_commercial_202512_comm_MI,164698-8.parquet,2
uhs5_1247--udt20368,parquet_commercial_202512_comm_MI,164743-1.parquet,2
uhs5_1247--udt20368,parquet_commercial_202512_comm_MI,164928-8.parquet,3
uhs5_1247--udt20368,parquet_commercial_202512_comm_MI,165018-8.parquet,1
uhs5_1247--udt20368,parquet_commercial_202512_comm_MI,165045-1.parquet,2
uhs5_1247--udt20368,parquet_commercial_202512_comm_MI,165224-1.parquet,1
uhs5_1247--udt20368,parquet_commercial_202512_comm_MI,165234-1.parquet,1
uhs5_1247--udt20368,parquet_commercial_202512_comm_MI,165260-1.parquet,1
uhs5_1247--udt20368,parquet_commercial_202512_comm_MI,165352-8.parquet,1
uhs5_1247--udt20368,parquet_commercial_202512_comm_MI,165786-1.parquet,1
uhs5_1247--udt20368,parquet_commercial_202512_comm_MI,166183-1.parquet,4
uhs5_1247--udt20368,parquet_commercial_202512_comm_MI,166676-1.parquet,2
uhs5_1247--udt20368,parquet_commercial_202512_comm_MI,166814-1.parquet,3
uhs5_1247--udt20368,parquet_commercial_202512_comm_MI,166958-1.parquet,1
uhs5_1247--udt20368,parquet_commercial_202512_comm_MI,167273-1.parquet,1
uhs5_1247--udt20368,parquet_commercial_202512_comm_MI,167382-1.parquet,1
uhs5_1247--udt20368,parquet_commercial_202512_comm_MI,167455-1.parquet,2
uhs5_1247--udt20368,parquet_commercial_202512_comm_MI,167614-1.parquet,2
uhs5_1247--udt20368,parquet_commercial_202512_comm_MI,167724-1.parquet,1
uhs5_1247--udt20368,parquet_commercial_202512_comm_MI,167828-1.parquet,1
uhs5_1247--udt20368,parquet_commercial_202512_comm_MI,167908-1.parquet,1
uhs5_1247--udt20368,parquet_commercial_202512_comm_MI,167931-1.parquet,21
uhs5_1247--udt20368,parquet_commercial_202512_comm_MI,168053-1.parquet,1
uhs5_1247--udt20368,parquet_commercial_202512_comm_MI,168324-1.parquet,1
uhs5_1247--udt20368,parquet_commercial_202512_comm_MI,168541-1.parquet,1
uhs5_1247--udt20368,parquet_commercial_202512_comm_MI,168555-1.parquet,2
uhs5_1247--udt20368,parquet_commercial_202512_comm_MI,168740-1.parquet,1
uhs5_1247--udt20368,parquet_commercial_202512_comm_MI,169042-1.parquet,1
uhs5_1247--udt20368,parquet_commercial_202512_comm_MI,169103-1.parquet,1
uhs5_1247--udt20368,parquet_commercial_202512_comm_MI,169159-1.parquet,1
uhs5_1247--udt20368,parquet_commercial_202512_comm_MI,169316-1.parquet,1
uhs5_1247--udt20368,parquet_commercial_202512_comm_MI,169601-8.parquet,1
uhs5_1247--udt20368,parquet_commercial_202512_comm_MI,169748-1.parquet,1
uhs5_1247--udt20368,parquet_commercial_202512_comm_MI,169749-1.parquet,1
uhs5_1247--udt20368,parquet_commercial_202512_comm_MI,169899-8.parquet,1
uhs5_1247--udt20368,parquet_residential_short_202512_res_MI,111086-1.parquet,2
uhs5_1247--udt20368,parquet_residential_short_202512_res_MI,113255-1.parquet,6
uhs5_1247--udt20368,parquet_residential_short_202512_res_MI,116219-1.parquet,1
uhs5_1247--udt20368,parquet_residential_short_202512_res_MI,118404-1.parquet,11
uhs5_1247--udt20368,parquet_residential_short_202512_res_MI,129893-1.parquet,1
uhs5_1247--udt20368,parquet_residential_short_202512_res_MI,141942-1.parquet,1
uhs5_1247--udt20368,parquet_residential_short_202512_res_MI,144380-1.parquet,2
uhs5_1247--udt20368,parquet_residential_short_202512_res_MI,144803-1.parquet,1
uhs5_1247--udt20368,parquet_residential_short_202512_res_MI,15283-1.parquet,1
uhs5_1247--udt20368,parquet_residential_short_202512_res_MI,163888-1.parquet,1
uhs5_1247--udt20368,parquet_residential_short_202512_res_MI,163929-1.parquet,4
uhs5_1247--udt20368,parquet_residential_short_202512_res_MI,169556-1.parquet,1
uhs5_1247--udt20368,parquet_residential_short_202512_res_MI,170914-1.parquet,1
uhs5_1247--udt20368,parquet_residential_short_202512_res_MI,178522-1.parquet,1
uhs5_1247--udt20368,parquet_residential_short_202512_res_MI,178848-1.parquet,9
uhs5_1247--udt20368,parquet_residential_short_202512_res_MI,178924-1.parquet,3
uhs5_1247--udt20368,parquet_residential_short_202512_res_MI,179061-1.parquet,34
uhs5_1247--udt20368,parquet_residential_short_202512_res_MI,180563-1.parquet,2
uhs5_1247--udt20368,parquet_residential_short_202512_res_MI,189827-1.parquet,4
uhs5_1247--udt20368,parquet_residential_short_202512_res_MI,193304-1.parquet,1
uhs5_1247--udt20368,parquet_residential_short_202512_res_MI,195848-1.parquet,2
uhs5_1247--udt20368,parquet_residential_short_202512_res_MI,205005-1.parquet,3
uhs5_1247--udt20368,parquet_residential_short_202512_res_MI,206690-1.parquet,1
uhs5_1247--udt20368,parquet_residential_short_202512_res_MI,218749-1.parquet,1
uhs5_1247--udt20368,parquet_residential_short_202512_res_MI,219061-1.parquet,1
uhs5_1247--udt20368,parquet_residential_short_202512_res_MI,224704-1.parquet,3
uhs5_1247--udt20368,parquet_residential_short_202512_res_MI,229456-1.parquet,2
uhs5_1247--udt20368,parquet_residential_short_202512_res_MI,240169-1.parquet,3
uhs5_1247--udt20368,parquet_residential_short_202512_res_MI,263197-1.parquet,2
uhs5_1247--udt20368,parquet_residential_short_202512_res_MI,26343-1.parquet,3
uhs5_1247--udt20368,parquet_residential_short_202512_res_MI,275115-1.parquet,7
uhs5_1247--udt20368,parquet_residential_short_202512_res_MI,277511-1.parquet,3
uhs5_1247--udt20368,parquet_residential_short_202512_res_MI,277988-1.parquet,1
uhs5_1247--udt20368,parquet_residential_short_202512_res_MI,281826-1.parquet,1
uhs5_1247--udt20368,parquet_residential_short_202512_res_MI,285946-1.parquet,1
uhs5_1247--udt20368,parquet_residential_short_202512_res_MI,292113-1.parquet,2
uhs5_1247--udt20368,parquet_residential_short_202512_res_MI,305511-1.parquet,2
uhs5_1247--udt20368,parquet_residential_short_202512_res_MI,31043-1.parquet,1
uhs5_1247--udt20368,parquet_residential_short_202512_res_MI,316670-1.parquet,3
uhs5_1247--udt20368,parquet_residential_short_202512_res_MI,317135-1.parquet,2
uhs5_1247--udt20368,parquet_residential_short_202512_res_MI,320231-1.parquet,5
uhs5_1247--udt20368,parquet_residential_short_202512_res_MI,32711-1.parquet,1
uhs5_1247--udt20368,parquet_residential_short_202512_res_MI,329472-1.parquet,2
uhs5_1247--udt20368,parquet_residential_short_202512_res_MI,331207-1.parquet,1
uhs5_1247--udt20368,parquet_residential_short_202512_res_MI,331355-1.parquet,2
uhs5_1247--udt20368,parquet_residential_short_202512_res_MI,334073-1.parquet,12
uhs5_1247--udt20368,parquet_residential_short_202512_res_MI,335327-1.parquet,1
uhs5_1247--udt20368,parquet_residential_short_202512_res_MI,354403-1.parquet,3
uhs5_1247--udt20368,parquet_residential_short_202512_res_MI,361783-1.parquet,12
uhs5_1247--udt20368,parquet_residential_short_202512_res_MI,363455-1.parquet,2
uhs5_1247--udt20368,parquet_residential_short_202512_res_MI,365825-1.parquet,1
uhs5_1247--udt20368,parquet_residential_short_202512_res_MI,368438-1.parquet,3
uhs5_1247--udt20368,parquet_residential_short_202512_res_MI,378338-1.parquet,3
uhs5_1247--udt20368,parquet_residential_short_202512_res_MI,380296-1.parquet,4
uhs5_1247--udt20368,parquet_residential_short_202512_res_MI,381828-1.parquet,2
uhs5_1247--udt20368,parquet_residential_short_202512_res_MI,387495-1.parquet,11
uhs5_1247--udt20368,parquet_residential_short_202512_res_MI,392142-1.parquet,2
uhs5_1247--udt20368,parquet_residential_short_202512_res_MI,400912-1.parquet,3
uhs5_1247--udt20368,parquet_residential_short_202512_res_MI,411616-1.parquet,7
uhs5_1247--udt20368,parquet_residential_short_202512_res_MI,412179-1.parquet,1
uhs5_1247--udt20368,parquet_residential_short_202512_res_MI,418555-1.parquet,1
uhs5_1247--udt20368,parquet_residential_short_202512_res_MI,428505-1.parquet,1
uhs5_1247--udt20368,parquet_residential_short_202512_res_MI,433379-1.parquet,2
uhs5_1247--udt20368,parquet_residential_short_202512_res_MI,436629-1.parquet,6
uhs5_1247--udt20368,parquet_residential_short_202512_res_MI,437871-1.parquet,16
uhs5_1247--udt20368,parquet_residential_short_202512_res_MI,439442-1.parquet,1
uhs5_1247--udt20368,parquet_residential_short_202512_res_MI,444065-1.parquet,2
uhs5_1247--udt20368,parquet_residential_short_202512_res_MI,445779-1.parquet,1
uhs5_1247--udt20368,parquet_residential_short_202512_res_MI,449575-1.parquet,1
uhs5_1247--udt20368,parquet_residential_short_202512_res_MI,449958-1.parquet,3
uhs5_1247--udt20368,parquet_residential_short_202512_res_MI,450644-1.parquet,1
uhs5_1247--udt20368,parquet_residential_short_202512_res_MI,459832-1.parquet,1
uhs5_1247--udt20368,parquet_residential_short_202512_res_MI,463711-1.parquet,2
uhs5_1247--udt20368,parquet_residential_short_202512_res_MI,465000-1.parquet,1
uhs5_1247--udt20368,parquet_residential_short_202512_res_MI,465693-1.parquet,15
uhs5_1247--udt20368,parquet_residential_short_202512_res_MI,473383-1.parquet,2
uhs5_1247--udt20368,parquet_residential_short_202512_res_MI,474345-1.parquet,2
uhs5_1247--udt20368,parquet_residential_short_202512_res_MI,478155-1.parquet,2
uhs5_1247--udt20368,parquet_residential_short_202512_res_MI,48368-1.parquet,1
uhs5_1247--udt20368,parquet_residential_short_202512_res_MI,485286-1.parquet,1
uhs5_1247--udt20368,parquet_residential_short_202512_res_MI,485537-1.parquet,3
uhs5_1247--udt20368,parquet_residential_short_202512_res_MI,491904-1.parquet,3
uhs5_1247--udt20368,parquet_residential_short_202512_res_MI,494108-1.parquet,5
uhs5_1247--udt20368,parquet_residential_short_202512_res_MI,502032-1.parquet,1
uhs5_1247--udt20368,parquet_residential_short_202512_res_MI,508330-1.parquet,1
uhs5_1247--udt20368,parquet_residential_short_202512_res_MI,513814-1.parquet,6
uhs5_1247--udt20368,parquet_residential_short_202512_res_MI,520323-1.parquet,1
uhs5_1247--udt20368,parquet_residential_short_202512_res_MI,521610-1.parquet,1
uhs5_1247--udt20368,parquet_residential_short_202512_res_MI,538350-1.parquet,6
uhs5_1247--udt20368,parquet_residential_short_202512_res_MI,7956-1.parquet,2
uhs5_1247--udt20368,parquet_residential_short_202512_res_MI,8111-1.parquet,2
uhs5_1247--udt20368,parquet_residential_short_202512_res_MI,83885-1.parquet,2
uhs5_1247--udt20368,parquet_residential_short_202512_res_MI,90350-1.parquet,8
uhs5_1247--udt20368,parquet_residential_short_202512_res_MI,97944-1.parquet,1
uhs6_1247--udt10788,parquet_commercial_202512_comm_MI,158147-1.parquet,1
uhs6_1247--udt10788,parquet_commercial_202512_comm_MI,158414-1.parquet,1
uhs6_1247--udt10788,parquet_commercial_202512_comm_MI,159158-1.parquet,1
uhs6_1247--udt10788,parquet_commercial_202512_comm_MI,159322-1.parquet,1
uhs6_1247--udt10788,parquet_commercial_202512_comm_MI,159409-1.parquet,1
uhs6_1247--udt10788,parquet_commercial_202512_comm_MI,160003-1.parquet,1
uhs6_1247--udt10788,parquet_commercial_202512_comm_MI,160044-8.parquet,1
uhs6_1247--udt10788,parquet_commercial_202512_comm_MI,160477-1.parquet,1
uhs6_1247--udt10788,parquet_commercial_202512_comm_MI,162367-1.parquet,1
uhs6_1247--udt10788,parquet_commercial_202512_comm_MI,163166-1.parquet,1
uhs6_1247--udt10788,parquet_commercial_202512_comm_MI,164185-1.parquet,1
uhs6_1247--udt10788,parquet_commercial_202512_comm_MI,164606-1.parquet,1
uhs6_1247--udt10788,parquet_commercial_202512_comm_MI,165224-1.parquet,1
uhs6_1247--udt10788,parquet_commercial_202512_comm_MI,166044-1.parquet,1
uhs6_1247--udt10788,parquet_commercial_202512_comm_MI,166622-1.parquet,1
uhs6_1247--udt10788,parquet_commercial_202512_comm_MI,168277-8.parquet,1
uhs6_1247--udt10788,parquet_commercial_202512_comm_MI,169159-1.parquet,1
uhs6_1247--udt10788,parquet_commercial_202512_comm_MI,169316-1.parquet,1
uhs6_1247--udt10788,parquet_commercial_202512_comm_MI,169446-1.parquet,1
uhs6_1247--udt10788,parquet_commercial_202512_comm_MI,169634-1.parquet,1
uhs6_1247--udt10788,parquet_residential_short_202512_res_MI,10381-1.parquet,5
uhs6_1247--udt10788,parquet_residential_short_202512_res_MI,110028-1.parquet,3
uhs6_1247--udt10788,parquet_residential_short_202512_res_MI,11278-1.parquet,4
uhs6_1247--udt10788,parquet_residential_short_202512_res_MI,113495-1.parquet,1
uhs6_1247--udt10788,parquet_residential_short_202512_res_MI,11596-1.parquet,9
uhs6_1247--udt10788,parquet_residential_short_202512_res_MI,116219-1.parquet,2
uhs6_1247--udt10788,parquet_residential_short_202512_res_MI,118404-1.parquet,4
uhs6_1247--udt10788,parquet_residential_short_202512_res_MI,134138-1.parquet,1
uhs6_1247--udt10788,parquet_residential_short_202512_res_MI,138622-1.parquet,1
uhs6_1247--udt10788,parquet_residential_short_202512_res_MI,141664-1.parquet,6
uhs6_1247--udt10788,parquet_residential_short_202512_res_MI,144380-1.parquet,1
uhs6_1247--udt10788,parquet_residential_short_202512_res_MI,144557-1.parquet,1
uhs6_1247--udt10788,parquet_residential_short_202512_res_MI,145104-1.parquet,2
uhs6_1247--udt10788,parquet_residential_short_202512_res_MI,15283-1.parquet,1
uhs6_1247--udt10788,parquet_residential_short_202512_res_MI,163888-1.parquet,15
uhs6_1247--udt10788,parquet_residential_short_202512_res_MI,163929-1.parquet,15
uhs6_1247--udt10788,parquet_residential_short_202512_res_MI,169556-1.parquet,3
uhs6_1247--udt10788,parquet_residential_short_202512_res_MI,178848-1.parquet,44
uhs6_1247--udt10788,parquet_residential_short_202512_res_MI,178924-1.parquet,2
uhs6_1247--udt10788,parquet_residential_short_202512_res_MI,179061-1.parquet,18
uhs6_1247--udt10788,parquet_residential_short_202512_res_MI,179402-1.parquet,4
uhs6_1247--udt10788,parquet_residential_short_202512_res_MI,181066-1.parquet,1
uhs6_1247--udt10788,parquet_residential_short_202512_res_MI,181568-1.parquet,1
uhs6_1247--udt10788,parquet_residential_short_202512_res_MI,193304-1.parquet,41
uhs6_1247--udt10788,parquet_residential_short_202512_res_MI,198563-1.parquet,2
uhs6_1247--udt10788,parquet_residential_short_202512_res_MI,203104-1.parquet,1
uhs6_1247--udt10788,parquet_residential_short_202512_res_MI,206690-1.parquet,4
uhs6_1247--udt10788,parquet_residential_short_202512_res_MI,211618-1.parquet,2
uhs6_1247--udt10788,parquet_residential_short_202512_res_MI,215616-1.parquet,1
uhs6_1247--udt10788,parquet_residential_short_202512_res_MI,219061-1.parquet,3
uhs6_1247--udt10788,parquet_residential_short_202512_res_MI,234183-1.parquet,2
uhs6_1247--udt10788,parquet_residential_short_202512_res_MI,242004-1.parquet,36
uhs6_1247--udt10788,parquet_residential_short_202512_res_MI,252372-1.parquet,4
uhs6_1247--udt10788,parquet_residential_short_202512_res_MI,255062-1.parquet,11
uhs6_1247--udt10788,parquet_residential_short_202512_res_MI,263197-1.parquet,12
uhs6_1247--udt10788,parquet_residential_short_202512_res_MI,26343-1.parquet,5
uhs6_1247--udt10788,parquet_residential_short_202512_res_MI,274249-1.parquet,1
uhs6_1247--udt10788,parquet_residential_short_202512_res_MI,275115-1.parquet,12
uhs6_1247--udt10788,parquet_residential_short_202512_res_MI,277511-1.parquet,2
uhs6_1247--udt10788,parquet_residential_short_202512_res_MI,277988-1.parquet,2
uhs6_1247--udt10788,parquet_residential_short_202512_res_MI,280750-1.parquet,1
uhs6_1247--udt10788,parquet_residential_short_202512_res_MI,281826-1.parquet,1
uhs6_1247--udt10788,parquet_residential_short_202512_res_MI,282194-1.parquet,2
uhs6_1247--udt10788,parquet_residential_short_202512_res_MI,285678-1.parquet,9
uhs6_1247--udt10788,parquet_residential_short_202512_res_MI,286308-1.parquet,1
uhs6_1247--udt10788,parquet_residential_short_202512_res_MI,292113-1.parquet,5
uhs6_1247--udt10788,parquet_residential_short_202512_res_MI,300299-1.parquet,4
uhs6_1247--udt10788,parquet_residential_short_202512_res_MI,316181-1.parquet,5
uhs6_1247--udt10788,parquet_residential_short_202512_res_MI,316670-1.parquet,1
uhs6_1247--udt10788,parquet_residential_short_202512_res_MI,317135-1.parquet,2
uhs6_1247--udt10788,parquet_residential_short_202512_res_MI,329472-1.parquet,5
uhs6_1247--udt10788,parquet_residential_short_202512_res_MI,329529-1.parquet,1
uhs6_1247--udt10788,parquet_residential_short_202512_res_MI,32956-1.parquet,4
uhs6_1247--udt10788,parquet_residential_short_202512_res_MI,334073-1.parquet,30
uhs6_1247--udt10788,parquet_residential_short_202512_res_MI,344633-1.parquet,2
uhs6_1247--udt10788,parquet_residential_short_202512_res_MI,346477-1.parquet,14
uhs6_1247--udt10788,parquet_residential_short_202512_res_MI,350694-1.parquet,5
uhs6_1247--udt10788,parquet_residential_short_202512_res_MI,361783-1.parquet,64
uhs6_1247--udt10788,parquet_residential_short_202512_res_MI,368387-1.parquet,42
uhs6_1247--udt10788,parquet_residential_short_202512_res_MI,370010-1.parquet,2
uhs6_1247--udt10788,parquet_residential_short_202512_res_MI,378338-1.parquet,2
uhs6_1247--udt10788,parquet_residential_short_202512_res_MI,380296-1.parquet,1
uhs6_1247--udt10788,parquet_residential_short_202512_res_MI,381828-1.parquet,2
uhs6_1247--udt10788,parquet_residential_short_202512_res_MI,381867-1.parquet,27
uhs6_1247--udt10788,parquet_residential_short_202512_res_MI,392142-1.parquet,3
uhs6_1247--udt10788,parquet_residential_short_202512_res_MI,39516-1.parquet,4
uhs6_1247--udt10788,parquet_residential_short_202512_res_MI,39539-1.parquet,1
uhs6_1247--udt10788,parquet_residential_short_202512_res_MI,396717-1.parquet,3
uhs6_1247--udt10788,parquet_residential_short_202512_res_MI,400912-1.parquet,8
uhs6_1247--udt10788,parquet_residential_short_202512_res_MI,402675-1.parquet,3
uhs6_1247--udt10788,parquet_residential_short_202512_res_MI,405426-1.parquet,4
uhs6_1247--udt10788,parquet_residential_short_202512_res_MI,411616-1.parquet,104
uhs6_1247--udt10788,parquet_residential_short_202512_res_MI,417744-1.parquet,3
uhs6_1247--udt10788,parquet_residential_short_202512_res_MI,418555-1.parquet,9
uhs6_1247--udt10788,parquet_residential_short_202512_res_MI,426204-1.parquet,16
uhs6_1247--udt10788,parquet_residential_short_202512_res_MI,430122-1.parquet,1
uhs6_1247--udt10788,parquet_residential_short_202512_res_MI,432811-1.parquet,3
uhs6_1247--udt10788,parquet_residential_short_202512_res_MI,433000-1.parquet,1
uhs6_1247--udt10788,parquet_residential_short_202512_res_MI,436629-1.parquet,6
uhs6_1247--udt10788,parquet_residential_short_202512_res_MI,437871-1.parquet,4
uhs6_1247--udt10788,parquet_residential_short_202512_res_MI,441370-1.parquet,21
uhs6_1247--udt10788,parquet_residential_short_202512_res_MI,444065-1.parquet,5
uhs6_1247--udt10788,parquet_residential_short_202512_res_MI,449958-1.parquet,1
uhs6_1247--udt10788,parquet_residential_short_202512_res_MI,455633-1.parquet,7
uhs6_1247--udt10788,parquet_residential_short_202512_res_MI,457273-1.parquet,10
uhs6_1247--udt10788,parquet_residential_short_202512_res_MI,457563-1.parquet,2
uhs6_1247--udt10788,parquet_residential_short_202512_res_MI,458168-1.parquet,4
uhs6_1247--udt10788,parquet_residential_short_202512_res_MI,459710-1.parquet,3
uhs6_1247--udt10788,parquet_residential_short_202512_res_MI,464078-1.parquet,1
uhs6_1247--udt10788,parquet_residential_short_202512_res_MI,465000-1.parquet,4
uhs6_1247--udt10788,parquet_residential_short_202512_res_MI,467658-1.parquet,2
uhs6_1247--udt10788,parquet_residential_short_202512_res_MI,473383-1.parquet,5
uhs6_1247--udt10788,parquet_residential_short_202512_res_MI,474345-1.parquet,5
uhs6_1247--udt10788,parquet_residential_short_202512_res_MI,48368-1.parquet,1
uhs6_1247--udt10788,parquet_residential_short_202512_res_MI,485537-1.parquet,2
uhs6_1247--udt10788,parquet_residential_short_202512_res_MI,48737-1.parquet,1
uhs6_1247--udt10788,parquet_residential_short_202512_res_MI,491904-1.parquet,2
uhs6_1247--udt10788,parquet_residential_short_202512_res_MI,494108-1.parquet,7
uhs6_1247--udt10788,parquet_residential_short_202512_res_MI,505391-1.parquet,7
uhs6_1247--udt10788,parquet_residential_short_202512_res_MI,508330-1.parquet,131
uhs6_1247--udt10788,parquet_residential_short_202512_res_MI,509345-1.parquet,32
uhs6_1247--udt10788,parquet_residential_short_202512_res_MI,519249-1.parquet,3
uhs6_1247--udt10788,parquet_residential_short_202512_res_MI,520323-1.parquet,1
uhs6_1247--udt10788,parquet_residential_short_202512_res_MI,521610-1.parquet,4
uhs6_1247--udt10788,parquet_residential_short_202512_res_MI,523472-1.parquet,3
uhs6_1247--udt10788,parquet_residential_short_202512_res_MI,525496-1.parquet,10
uhs6_1247--udt10788,parquet_residential_short_202512_res_MI,529961-1.parquet,2
uhs6_1247--udt10788,parquet_residential_short_202512_res_MI,530245-1.parquet,1
uhs6_1247--udt10788,parquet_residential_short_202512_res_MI,530429-1.parquet,2
uhs6_1247--udt10788,parquet_residential_short_202512_res_MI,533319-1.parquet,1
uhs6_1247--udt10788,parquet_residential_short_202512_res_MI,53721-1.parquet,1
uhs6_1247--udt10788,parquet_residential_short_202512_res_MI,538350-1.parquet,3
uhs6_1247--udt10788,parquet_residential_short_202512_res_MI,540993-1.parquet,2
uhs6_1247--udt10788,parquet_residential_short_202512_res_MI,68756-1.parquet,1
uhs6_1247--udt10788,parquet_residential_short_202512_res_MI,71172-1.parquet,1
uhs6_1247--udt10788,parquet_residential_short_202512_res_MI,73789-1.parquet,3
uhs6_1247--udt10788,parquet_residential_short_202512_res_MI,74525-1.parquet,20
uhs6_1247--udt10788,parquet_residential_short_202512_res_MI,8111-1.parquet,7
uhs6_1247--udt10788,parquet_residential_short_202512_res_MI,82218-1.parquet,6
uhs6_1247--udt10788,parquet_residential_short_202512_res_MI,83885-1.parquet,1
uhs6_1247--udt10788,parquet_residential_short_202512_res_MI,87751-1.parquet,1
uhs6_1247--udt10788,parquet_residential_short_202512_res_MI,92876-1.parquet,9
uhs6_1247--udt10788,parquet_residential_short_202512_res_MI,95747-1.parquet,2
uhs6_1247--udt10788,parquet_residential_short_202512_res_MI,97944-1.parquet,4
uhs6_1247--udt6570,parquet_commercial_202512_comm_MI,158376-1.parquet,1
uhs6_1247--udt6570,parquet_commercial_202512_comm_MI,158634-1.parquet,1
uhs6_1247--udt6570,parquet_commercial_202512_comm_MI,161134-1.parquet,1
uhs6_1247--udt6570,parquet_commercial_202512_comm_MI,163035-1.parquet,1
uhs6_1247--udt6570,parquet_commercial_202512_comm_MI,164743-1.parquet,1
uhs6_1247--udt6570,parquet_commercial_202512_comm_MI,168033-1.parquet,1
uhs6_1247--udt6570,parquet_residential_short_202512_res_MI,10381-1.parquet,1
uhs6_1247--udt6570,parquet_residential_short_202512_res_MI,104079-1.parquet,1
uhs6_1247--udt6570,parquet_residential_short_202512_res_MI,110028-1.parquet,3
uhs6_1247--udt6570,parquet_residential_short_202512_res_MI,11278-1.parquet,4
uhs6_1247--udt6570,parquet_residential_short_202512_res_MI,113255-1.parquet,1
uhs6_1247--udt6570,parquet_residential_short_202512_res_MI,113495-1.parquet,1
uhs6_1247--udt6570,parquet_residential_short_202512_res_MI,11596-1.parquet,15
uhs6_1247--udt6570,parquet_residential_short_202512_res_MI,116219-1.parquet,1
uhs6_1247--udt6570,parquet_residential_short_202512_res_MI,118404-1.parquet,10
uhs6_1247--udt6570,parquet_residential_short_202512_res_MI,129325-1.parquet,1
uhs6_1247--udt6570,parquet_residential_short_202512_res_MI,129893-1.parquet,1
uhs6_1247--udt6570,parquet_residential_short_202512_res_MI,134138-1.parquet,1
uhs6_1247--udt6570,parquet_residential_short_202512_res_MI,138622-1.parquet,1
uhs6_1247--udt6570,parquet_residential_short_202512_res_MI,141664-1.parquet,9
uhs6_1247--udt6570,parquet_residential_short_202512_res_MI,14251-1.parquet,1
uhs6_1247--udt6570,parquet_residential_short_202512_res_MI,144380-1.parquet,5
uhs6_1247--udt6570,parquet_residential_short_202512_res_MI,144557-1.parquet,1
uhs6_1247--udt6570,parquet_residential_short_202512_res_MI,144707-1.parquet,1
uhs6_1247--udt6570,parquet_residential_short_202512_res_MI,145104-1.parquet,2
uhs6_1247--udt6570,parquet_residential_short_202512_res_MI,147835-1.parquet,1
uhs6_1247--udt6570,parquet_residential_short_202512_res_MI,15283-1.parquet,1
uhs6_1247--udt6570,parquet_residential_short_202512_res_MI,158553-1.parquet,1
uhs6_1247--udt6570,parquet_residential_short_202512_res_MI,161125-1.parquet,1
uhs6_1247--udt6570,parquet_residential_short_202512_res_MI,163888-1.parquet,28
uhs6_1247--udt6570,parquet_residential_short_202512_res_MI,163929-1.parquet,26
uhs6_1247--udt6570,parquet_residential_short_202512_res_MI,169556-1.parquet,6
uhs6_1247--udt6570,parquet_residential_short_202512_res_MI,174128-1.parquet,1
uhs6_1247--udt6570,parquet_residential_short_202512_res_MI,178848-1.parquet,96
uhs6_1247--udt6570,parquet_residential_short_202512_res_MI,178924-1.parquet,7
uhs6_1247--udt6570,parquet_residential_short_202512_res_MI,179061-1.parquet,40
uhs6_1247--udt6570,parquet_residential_short_202512_res_MI,179402-1.parquet,6
uhs6_1247--udt6570,parquet_residential_short_202512_res_MI,179991-1.parquet,4
uhs6_1247--udt6570,parquet_residential_short_202512_res_MI,181066-1.parquet,1
uhs6_1247--udt6570,parquet_residential_short_202512_res_MI,181568-1.parquet,3
uhs6_1247--udt6570,parquet_residential_short_202512_res_MI,193304-1.parquet,55
uhs6_1247--udt6570,parquet_residential_short_202512_res_MI,193666-1.parquet,2
uhs6_1247--udt6570,parquet_residential_short_202512_res_MI,202225-1.parquet,1
uhs6_1247--udt6570,parquet_residential_short_202512_res_MI,205005-1.parquet,3
uhs6_1247--udt6570,parquet_residential_short_202512_res_MI,206690-1.parquet,12
uhs6_1247--udt6570,parquet_residential_short_202512_res_MI,208625-1.parquet,5
uhs6_1247--udt6570,parquet_residential_short_202512_res_MI,211618-1.parquet,7
uhs6_1247--udt6570,parquet_residential_short_202512_res_MI,215616-1.parquet,2
uhs6_1247--udt6570,parquet_residential_short_202512_res_MI,219061-1.parquet,1
uhs6_1247--udt6570,parquet_residential_short_202512_res_MI,219912-1.parquet,1
uhs6_1247--udt6570,parquet_residential_short_202512_res_MI,22378-1.parquet,2
uhs6_1247--udt6570,parquet_residential_short_202512_res_MI,240070-1.parquet,1
uhs6_1247--udt6570,parquet_residential_short_202512_res_MI,242004-1.parquet,70
uhs6_1247--udt6570,parquet_residential_short_202512_res_MI,245364-1.parquet,1
uhs6_1247--udt6570,parquet_residential_short_202512_res_MI,252372-1.parquet,13
uhs6_1247--udt6570,parquet_residential_short_202512_res_MI,255062-1.parquet,20
uhs6_1247--udt6570,parquet_residential_short_202512_res_MI,256339-1.parquet,1
uhs6_1247--udt6570,parquet_residential_short_202512_res_MI,25870-1.parquet,1
uhs6_1247--udt6570,parquet_residential_short_202512_res_MI,258760-1.parquet,1
uhs6_1247--udt6570,parquet_residential_short_202512_res_MI,26004-1.parquet,1
uhs6_1247--udt6570,parquet_residential_short_202512_res_MI,263197-1.parquet,32
uhs6_1247--udt6570,parquet_residential_short_202512_res_MI,26343-1.parquet,3
uhs6_1247--udt6570,parquet_residential_short_202512_res_MI,275115-1.parquet,21
uhs6_1247--udt6570,parquet_residential_short_202512_res_MI,277511-1.parquet,2
uhs6_1247--udt6570,parquet_residential_short_202512_res_MI,277988-1.parquet,1
uhs6_1247--udt6570,parquet_residential_short_202512_res_MI,280750-1.parquet,1
uhs6_1247--udt6570,parquet_residential_short_202512_res_MI,282194-1.parquet,3
uhs6_1247--udt6570,parquet_residential_short_202512_res_MI,285504-1.parquet,1
uhs6_1247--udt6570,parquet_residential_short_202512_res_MI,285678-1.parquet,22
uhs6_1247--udt6570,parquet_residential_short_202512_res_MI,286308-1.parquet,1
uhs6_1247--udt6570,parquet_residential_short_202512_res_MI,292113-1.parquet,25
uhs6_1247--udt6570,parquet_residential_short_202512_res_MI,300299-1.parquet,2
uhs6_1247--udt6570,parquet_residential_short_202512_res_MI,305049-1.parquet,1
uhs6_1247--udt6570,parquet_residential_short_202512_res_MI,31043-1.parquet,2
uhs6_1247--udt6570,parquet_residential_short_202512_res_MI,316181-1.parquet,10
uhs6_1247--udt6570,parquet_residential_short_202512_res_MI,317135-1.parquet,3
uhs6_1247--udt6570,parquet_residential_short_202512_res_MI,317368-1.parquet,1
uhs6_1247--udt6570,parquet_residential_short_202512_res_MI,329472-1.parquet,4
uhs6_1247--udt6570,parquet_residential_short_202512_res_MI,32956-1.parquet,6
uhs6_1247--udt6570,parquet_residential_short_202512_res_MI,331207-1.parquet,1
uhs6_1247--udt6570,parquet_residential_short_202512_res_MI,334073-1.parquet,74
uhs6_1247--udt6570,parquet_residential_short_202512_res_MI,335327-1.parquet,5
uhs6_1247--udt6570,parquet_residential_short_202512_res_MI,343063-1.parquet,1
uhs6_1247--udt6570,parquet_residential_short_202512_res_MI,344633-1.parquet,2
uhs6_1247--udt6570,parquet_residential_short_202512_res_MI,346477-1.parquet,25
uhs6_1247--udt6570,parquet_residential_short_202512_res_MI,34826-1.parquet,2
uhs6_1247--udt6570,parquet_residential_short_202512_res_MI,350694-1.parquet,5
uhs6_1247--udt6570,parquet_residential_short_202512_res_MI,361783-1.parquet,126
uhs6_1247--udt6570,parquet_residential_short_202512_res_MI,368387-1.parquet,69
uhs6_1247--udt6570,parquet_residential_short_202512_res_MI,370010-1.parquet,6
uhs6_1247--udt6570,parquet_residential_short_202512_res_MI,378338-1.parquet,4
uhs6_1247--udt6570,parquet_residential_short_202512_res_MI,380296-1.parquet,2
uhs6_1247--udt6570,parquet_residential_short_202512_res_MI,381828-1.parquet,3
uhs6_1247--udt6570,parquet_residential_short_202512_res_MI,381867-1.parquet,44
uhs6_1247--udt6570,parquet_residential_short_202512_res_MI,382671-1.parquet,1
uhs6_1247--udt6570,parquet_residential_short_202512_res_MI,383089-1.parquet,1
uhs6_1247--udt6570,parquet_residential_short_202512_res_MI,392142-1.parquet,8
uhs6_1247--udt6570,parquet_residential_short_202512_res_MI,39516-1.parquet,9
uhs6_1247--udt6570,parquet_residential_short_202512_res_MI,39539-1.parquet,4
uhs6_1247--udt6570,parquet_residential_short_202512_res_MI,395863-1.parquet,2
uhs6_1247--udt6570,parquet_residential_short_202512_res_MI,396717-1.parquet,2
uhs6_1247--udt6570,parquet_residential_short_202512_res_MI,400912-1.parquet,18
uhs6_1247--udt6570,parquet_residential_short_202512_res_MI,402675-1.parquet,12
uhs6_1247--udt6570,parquet_residential_short_202512_res_MI,405426-1.parquet,11
uhs6_1247--udt6570,parquet_residential_short_202512_res_MI,411616-1.parquet,195
uhs6_1247--udt6570,parquet_residential_short_202512_res_MI,412179-1.parquet,1
uhs6_1247--udt6570,parquet_residential_short_202512_res_MI,417744-1.parquet,1
uhs6_1247--udt6570,parquet_residential_short_202512_res_MI,418555-1.parquet,4
uhs6_1247--udt6570,parquet_residential_short_202512_res_MI,426204-1.parquet,30
uhs6_1247--udt6570,parquet_residential_short_202512_res_MI,430122-1.parquet,2
uhs6_1247--udt6570,parquet_residential_short_202512_res_MI,432811-1.parquet,1
uhs6_1247--udt6570,parquet_residential_short_202512_res_MI,433741-1.parquet,3
uhs6_1247--udt6570,parquet_residential_short_202512_res_MI,436629-1.parquet,15
uhs6_1247--udt6570,parquet_residential_short_202512_res_MI,437871-1.parquet,6
uhs6_1247--udt6570,parquet_residential_short_202512_res_MI,441370-1.parquet,21
uhs6_1247--udt6570,parquet_residential_short_202512_res_MI,444065-1.parquet,3
uhs6_1247--udt6570,parquet_residential_short_202512_res_MI,449958-1.parquet,1
uhs6_1247--udt6570,parquet_residential_short_202512_res_MI,453782-1.parquet,1
uhs6_1247--udt6570,parquet_residential_short_202512_res_MI,455633-1.parquet,10
uhs6_1247--udt6570,parquet_residential_short_202512_res_MI,457273-1.parquet,21
uhs6_1247--udt6570,parquet_residential_short_202512_res_MI,457563-1.parquet,7
uhs6_1247--udt6570,parquet_residential_short_202512_res_MI,458168-1.parquet,4
uhs6_1247--udt6570,parquet_residential_short_202512_res_MI,459710-1.parquet,9
uhs6_1247--udt6570,parquet_residential_short_202512_res_MI,464078-1.parquet,2
uhs6_1247--udt6570,parquet_residential_short_202512_res_MI,465000-1.parquet,5
uhs6_1247--udt6570,parquet_residential_short_202512_res_MI,467658-1.parquet,7
uhs6_1247--udt6570,parquet_residential_short_202512_res_MI,473383-1.parquet,4
uhs6_1247--udt6570,parquet_residential_short_202512_res_MI,474345-1.parquet,16
uhs6_1247--udt6570,parquet_residential_short_202512_res_MI,474857-1.parquet,1
uhs6_1247--udt6570,parquet_residential_short_202512_res_MI,48368-1.parquet,1
uhs6_1247--udt6570,parquet_residential_short_202512_res_MI,485286-1.parquet,2
uhs6_1247--udt6570,parquet_residential_short_202512_res_MI,485537-1.parquet,5
uhs6_1247--udt6570,parquet_residential_short_202512_res_MI,48737-1.parquet,1
uhs6_1247--udt6570,parquet_residential_short_202512_res_MI,491904-1.parquet,5
uhs6_1247--udt6570,parquet_residential_short_202512_res_MI,492169-1.parquet,1
uhs6_1247--udt6570,parquet_residential_short_202512_res_MI,494108-1.parquet,4
uhs6_1247--udt6570,parquet_residential_short_202512_res_MI,498993-1.parquet,1
uhs6_1247--udt6570,parquet_residential_short_202512_res_MI,49911-1.parquet,1
uhs6_1247--udt6570,parquet_residential_short_202512_res_MI,502032-1.parquet,2
uhs6_1247--udt6570,parquet_residential_short_202512_res_MI,505391-1.parquet,3
uhs6_1247--udt6570,parquet_residential_short_202512_res_MI,505432-1.parquet,3
uhs6_1247--udt6570,parquet_residential_short_202512_res_MI,508330-1.parquet,240
uhs6_1247--udt6570,parquet_residential_short_202512_res_MI,509345-1.parquet,35
uhs6_1247--udt6570,parquet_residential_short_202512_res_MI,513814-1.parquet,6
uhs6_1247--udt6570,parquet_residential_short_202512_res_MI,517920-1.parquet,1
uhs6_1247--udt6570,parquet_residential_short_202512_res_MI,519249-1.parquet,2
uhs6_1247--udt6570,parquet_residential_short_202512_res_MI,521610-1.parquet,5
uhs6_1247--udt6570,parquet_residential_short_202512_res_MI,523472-1.parquet,1
uhs6_1247--udt6570,parquet_residential_short_202512_res_MI,525496-1.parquet,11
uhs6_1247--udt6570,parquet_residential_short_202512_res_MI,530245-1.parquet,1
uhs6_1247--udt6570,parquet_residential_short_202512_res_MI,530429-1.parquet,2
uhs6_1247--udt6570,parquet_residential_short_202512_res_MI,533319-1.parquet,5
uhs6_1247--udt6570,parquet_residential_short_202512_res_MI,53721-1.parquet,1
uhs6_1247--udt6570,parquet_residential_short_202512_res_MI,538350-1.parquet,4
uhs6_1247--udt6570,parquet_residential_short_202512_res_MI,540993-1.parquet,1
uhs6_1247--udt6570,parquet_residential_short_202512_res_MI,546177-1.parquet,1
uhs6_1247--udt6570,parquet_residential_short_202512_res_MI,549574-1.parquet,3
uhs6_1247--udt6570,parquet_residential_short_202512_res_MI,66663-1.parquet,1
uhs6_1247--udt6570,parquet_residential_short_202512_res_MI,73789-1.parquet,13
uhs6_1247--udt6570,parquet_residential_short_202512_res_MI,74525-1.parquet,38
uhs6_1247--udt6570,parquet_residential_short_202512_res_MI,78734-1.parquet,1
uhs6_1247--udt6570,parquet_residential_short_202512_res_MI,8111-1.parquet,18
uhs6_1247--udt6570,parquet_residential_short_202512_res_MI,82218-1.parquet,6
uhs6_1247--udt6570,parquet_residential_short_202512_res_MI,83885-1.parquet,3
uhs6_1247--udt6570,parquet_residential_short_202512_res_MI,84894-1.parquet,2
uhs6_1247--udt6570,parquet_residential_short_202512_res_MI,87751-1.parquet,1
uhs6_1247--udt6570,parquet_residential_short_202512_res_MI,92876-1.parquet,27
uhs6_1247--udt6570,parquet_residential_short_202512_res_MI,95747-1.parquet,2
uhs6_1247--udt6570,parquet_residential_short_202512_res_MI,97944-1.parquet,6
uhs6_1247--udt9964,parquet_commercial_202512_comm_MI,158460-1.parquet,1
uhs6_1247--udt9964,parquet_commercial_202512_comm_MI,159485-1.parquet,1
uhs6_1247--udt9964,parquet_commercial_202512_comm_MI,161940-1.parquet,1
uhs6_1247--udt9964,parquet_commercial_202512_comm_MI,162220-1.parquet,1
uhs6_1247--udt9964,parquet_commercial_202512_comm_MI,163035-1.parquet,1
uhs6_1247--udt9964,parquet_commercial_202512_comm_MI,164606-1.parquet,1
uhs6_1247--udt9964,parquet_commercial_202512_comm_MI,166531-1.parquet,1
uhs6_1247--udt9964,parquet_commercial_202512_comm_MI,166814-1.parquet,2
uhs6_1247--udt9964,parquet_commercial_202512_comm_MI,167931-1.parquet,1
uhs6_1247--udt9964,parquet_residential_short_202512_res_MI,10381-1.parquet,5
uhs6_1247--udt9964,parquet_residential_short_202512_res_MI,104079-1.parquet,1
uhs6_1247--udt9964,parquet_residential_short_202512_res_MI,110028-1.parquet,3
uhs6_1247--udt9964,parquet_residential_short_202512_res_MI,11278-1.parquet,7
uhs6_1247--udt9964,parquet_residential_short_202512_res_MI,113255-1.parquet,1
uhs6_1247--udt9964,parquet_residential_short_202512_res_MI,113495-1.parquet,1
uhs6_1247--udt9964,parquet_residential_short_202512_res_MI,11596-1.parquet,9
uhs6_1247--udt9964,parquet_residential_short_202512_res_MI,116219-1.parquet,1
uhs6_1247--udt9964,parquet_residential_short_202512_res_MI,118404-1.parquet,9
uhs6_1247--udt9964,parquet_residential_short_202512_res_MI,134138-1.parquet,1
uhs6_1247--udt9964,parquet_residential_short_202512_res_MI,141664-1.parquet,7
uhs6_1247--udt9964,parquet_residential_short_202512_res_MI,14251-1.parquet,1
uhs6_1247--udt9964,parquet_residential_short_202512_res_MI,144380-1.parquet,3
uhs6_1247--udt9964,parquet_residential_short_202512_res_MI,144557-1.parquet,2
uhs6_1247--udt9964,parquet_residential_short_202512_res_MI,145104-1.parquet,4
uhs6_1247--udt9964,parquet_residential_short_202512_res_MI,15283-1.parquet,5
uhs6_1247--udt9964,parquet_residential_short_202512_res_MI,161034-1.parquet,1
uhs6_1247--udt9964,parquet_residential_short_202512_res_MI,163888-1.parquet,45
uhs6_1247--udt9964,parquet_residential_short_202512_res_MI,163929-1.parquet,16
uhs6_1247--udt9964,parquet_residential_short_202512_res_MI,169556-1.parquet,1
uhs6_1247--udt9964,parquet_residential_short_202512_res_MI,178848-1.parquet,108
uhs6_1247--udt9964,parquet_residential_short_202512_res_MI,178924-1.parquet,8
uhs6_1247--udt9964,parquet_residential_short_202512_res_MI,179061-1.parquet,22
uhs6_1247--udt9964,parquet_residential_short_202512_res_MI,179402-1.parquet,18
uhs6_1247--udt9964,parquet_residential_short_202512_res_MI,181568-1.parquet,1
uhs6_1247--udt9964,parquet_residential_short_202512_res_MI,18662-1.parquet,1
uhs6_1247--udt9964,parquet_residential_short_202512_res_MI,193304-1.parquet,36
uhs6_1247--udt9964,parquet_residential_short_202512_res_MI,193666-1.parquet,3
uhs6_1247--udt9964,parquet_residential_short_202512_res_MI,198563-1.parquet,1
uhs6_1247--udt9964,parquet_residential_short_202512_res_MI,202225-1.parquet,1
uhs6_1247--udt9964,parquet_residential_short_202512_res_MI,206690-1.parquet,2
uhs6_1247--udt9964,parquet_residential_short_202512_res_MI,208625-1.parquet,1
uhs6_1247--udt9964,parquet_residential_short_202512_res_MI,211618-1.parquet,5
uhs6_1247--udt9964,parquet_residential_short_202512_res_MI,219061-1.parquet,4
uhs6_1247--udt9964,parquet_residential_short_202512_res_MI,219912-1.parquet,2
uhs6_1247--udt9964,parquet_residential_short_202512_res_MI,22378-1.parquet,2
uhs6_1247--udt9964,parquet_residential_short_202512_res_MI,229456-1.parquet,1
uhs6_1247--udt9964,parquet_residential_short_202512_res_MI,242004-1.parquet,27
uhs6_1247--udt9964,parquet_residential_short_202512_res_MI,252372-1.parquet,7
uhs6_1247--udt9964,parquet_residential_short_202512_res_MI,255062-1.parquet,27
uhs6_1247--udt9964,parquet_residential_short_202512_res_MI,256339-1.parquet,1
uhs6_1247--udt9964,parquet_residential_short_202512_res_MI,261491-1.parquet,1
uhs6_1247--udt9964,parquet_residential_short_202512_res_MI,263197-1.parquet,46
uhs6_1247--udt9964,parquet_residential_short_202512_res_MI,26343-1.parquet,2
uhs6_1247--udt9964,parquet_residential_short_202512_res_MI,275115-1.parquet,30
uhs6_1247--udt9964,parquet_residential_short_202512_res_MI,282194-1.parquet,1
uhs6_1247--udt9964,parquet_residential_short_202512_res_MI,285678-1.parquet,10
uhs6_1247--udt9964,parquet_residential_short_202512_res_MI,286308-1.parquet,1
uhs6_1247--udt9964,parquet_residential_short_202512_res_MI,292113-1.parquet,25
uhs6_1247--udt9964,parquet_residential_short_202512_res_MI,300299-1.parquet,7
uhs6_1247--udt9964,parquet_residential_short_202512_res_MI,31043-1.parquet,4
uhs6_1247--udt9964,parquet_residential_short_202512_res_MI,316181-1.parquet,12
uhs6_1247--udt9964,parquet_residential_short_202512_res_MI,329472-1.parquet,13
uhs6_1247--udt9964,parquet_residential_short_202512_res_MI,32956-1.parquet,7
uhs6_1247--udt9964,parquet_residential_short_202512_res_MI,334073-1.parquet,78
uhs6_1247--udt9964,parquet_residential_short_202512_res_MI,335327-1.parquet,3
uhs6_1247--udt9964,parquet_residential_short_202512_res_MI,343063-1.parquet,1
uhs6_1247--udt9964,parquet_residential_short_202512_res_MI,344633-1.parquet,5
uhs6_1247--udt9964,parquet_residential_short_202512_res_MI,346477-1.parquet,16
uhs6_1247--udt9964,parquet_residential_short_202512_res_MI,34826-1.parquet,2
uhs6_1247--udt9964,parquet_residential_short_202512_res_MI,350694-1.parquet,4
uhs6_1247--udt9964,parquet_residential_short_202512_res_MI,361783-1.parquet,180
uhs6_1247--udt9964,parquet_residential_short_202512_res_MI,368387-1.parquet,53
uhs6_1247--udt9964,parquet_residential_short_202512_res_MI,378338-1.parquet,5
uhs6_1247--udt9964,parquet_residential_short_202512_res_MI,379240-1.parquet,1
uhs6_1247--udt9964,parquet_residential_short_202512_res_MI,380296-1.parquet,1
uhs6_1247--udt9964,parquet_residential_short_202512_res_MI,381828-1.parquet,3
uhs6_1247--udt9964,parquet_residential_short_202512_res_MI,381867-1.parquet,44
uhs6_1247--udt9964,parquet_residential_short_202512_res_MI,384283-1.parquet,2
uhs6_1247--udt9964,parquet_residential_short_202512_res_MI,392142-1.parquet,5
uhs6_1247--udt9964,parquet_residential_short_202512_res_MI,39516-1.parquet,7
uhs6_1247--udt9964,parquet_residential_short_202512_res_MI,39539-1.parquet,5
uhs6_1247--udt9964,parquet_residential_short_202512_res_MI,395863-1.parquet,2
uhs6_1247--udt9964,parquet_residential_short_202512_res_MI,396717-1.parquet,2
uhs6_1247--udt9964,parquet_residential_short_202512_res_MI,400912-1.parquet,13
uhs6_1247--udt9964,parquet_residential_short_202512_res_MI,402675-1.parquet,10
uhs6_1247--udt9964,parquet_residential_short_202512_res_MI,405426-1.parquet,1
uhs6_1247--udt9964,parquet_residential_short_202512_res_MI,411616-1.parquet,260
uhs6_1247--udt9964,parquet_residential_short_202512_res_MI,412179-1.parquet,1
uhs6_1247--udt9964,parquet_residential_short_202512_res_MI,417744-1.parquet,2
uhs6_1247--udt9964,parquet_residential_short_202512_res_MI,418555-1.parquet,11
uhs6_1247--udt9964,parquet_residential_short_202512_res_MI,423218-1.parquet,1
uhs6_1247--udt9964,parquet_residential_short_202512_res_MI,426204-1.parquet,40
uhs6_1247--udt9964,parquet_residential_short_202512_res_MI,42984-1.parquet,1
uhs6_1247--udt9964,parquet_residential_short_202512_res_MI,430122-1.parquet,5
uhs6_1247--udt9964,parquet_residential_short_202512_res_MI,433741-1.parquet,1
uhs6_1247--udt9964,parquet_residential_short_202512_res_MI,436629-1.parquet,16
uhs6_1247--udt9964,parquet_residential_short_202512_res_MI,437871-1.parquet,3
uhs6_1247--udt9964,parquet_residential_short_202512_res_MI,441370-1.parquet,23
uhs6_1247--udt9964,parquet_residential_short_202512_res_MI,444065-1.parquet,5
uhs6_1247--udt9964,parquet_residential_short_202512_res_MI,449958-1.parquet,2
uhs6_1247--udt9964,parquet_residential_short_202512_res_MI,453782-1.parquet,2
uhs6_1247--udt9964,parquet_residential_short_202512_res_MI,455633-1.parquet,4
uhs6_1247--udt9964,parquet_residential_short_202512_res_MI,457273-1.parquet,21
uhs6_1247--udt9964,parquet_residential_short_202512_res_MI,457563-1.parquet,8
uhs6_1247--udt9964,parquet_residential_short_202512_res_MI,458168-1.parquet,2
uhs6_1247--udt9964,parquet_residential_short_202512_res_MI,459710-1.parquet,5
uhs6_1247--udt9964,parquet_residential_short_202512_res_MI,464078-1.parquet,1
uhs6_1247--udt9964,parquet_residential_short_202512_res_MI,465000-1.parquet,7
uhs6_1247--udt9964,parquet_residential_short_202512_res_MI,467658-1.parquet,9
uhs6_1247--udt9964,parquet_residential_short_202512_res_MI,473383-1.parquet,4
uhs6_1247--udt9964,parquet_residential_short_202512_res_MI,474345-1.parquet,11
uhs6_1247--udt9964,parquet_residential_short_202512_res_MI,485286-1.parquet,2
uhs6_1247--udt9964,parquet_residential_short_202512_res_MI,485537-1.parquet,9
uhs6_1247--udt9964,parquet_residential_short_202512_res_MI,48737-1.parquet,2
uhs6_1247--udt9964,parquet_residential_short_202512_res_MI,491904-1.parquet,1
uhs6_1247--udt9964,parquet_residential_short_202512_res_MI,494108-1.parquet,8
uhs6_1247--udt9964,parquet_residential_short_202512_res_MI,498993-1.parquet,1
uhs6_1247--udt9964,parquet_residential_short_202512_res_MI,502032-1.parquet,1
uhs6_1247--udt9964,parquet_residential_short_202512_res_MI,505391-1.parquet,2
uhs6_1247--udt9964,parquet_residential_short_202512_res_MI,505432-1.parquet,1
uhs6_1247--udt9964,parquet_residential_short_202512_res_MI,508330-1.parquet,208
uhs6_1247--udt9964,parquet_residential_short_202512_res_MI,509345-1.parquet,29
uhs6_1247--udt9964,parquet_residential_short_202512_res_MI,513814-1.parquet,8
uhs6_1247--udt9964,parquet_residential_short_202512_res_MI,519249-1.parquet,6
uhs6_1247--udt9964,parquet_residential_short_202512_res_MI,523472-1.parquet,2
uhs6_1247--udt9964,parquet_residential_short_202512_res_MI,525496-1.parquet,15
uhs6_1247--udt9964,parquet_residential_short_202512_res_MI,526776-1.parquet,1
uhs6_1247--udt9964,parquet_residential_short_202512_res_MI,529961-1.parquet,1
uhs6_1247--udt9964,parquet_residential_short_202512_res_MI,530429-1.parquet,1
uhs6_1247--udt9964,parquet_residential_short_202512_res_MI,5319-1.parquet,1
uhs6_1247--udt9964,parquet_residential_short_202512_res_MI,533319-1.parquet,3
uhs6_1247--udt9964,parquet_residential_short_202512_res_MI,53721-1.parquet,3
uhs6_1247--udt9964,parquet_residential_short_202512_res_MI,538350-1.parquet,2
uhs6_1247--udt9964,parquet_residential_short_202512_res_MI,540993-1.parquet,3
uhs6_1247--udt9964,parquet_residential_short_202512_res_MI,73789-1.parquet,18
uhs6_1247--udt9964,parquet_residential_short_202512_res_MI,74525-1.parquet,37
uhs6_1247--udt9964,parquet_residential_short_202512_res_MI,78734-1.parquet,1
uhs6_1247--udt9964,parquet_residential_short_202512_res_MI,8111-1.parquet,11
uhs6_1247--udt9964,parquet_residential_short_202512_res_MI,82218-1.parquet,4
uhs6_1247--udt9964,parquet_residential_short_202512_res_MI,83885-1.parquet,8
uhs6_1247--udt9964,parquet_residential_short_202512_res_MI,87751-1.parquet,1
uhs6_1247--udt9964,parquet_residential_short_202512_res_MI,90350-1.parquet,1
uhs6_1247--udt9964,parquet_residential_short_202512_res_MI,92876-1.parquet,19
uhs6_1247--udt9964,parquet_residential_short_202512_res_MI,95747-1.parquet,2
uhs6_1247--udt9964,parquet_residential_short_202512_res_MI,97944-1.parquet,3
uhs7_1247--udt15849,parquet_commercial_202512_comm_MI,157668-1.parquet,1
uhs7_1247--udt15849,parquet_commercial_202512_comm_MI,158335-1.parquet,2
uhs7_1247--udt15849,parquet_commercial_202512_comm_MI,158376-1.parquet,2
uhs7_1247--udt15849,parquet_commercial_202512_comm_MI,158456-1.parquet,2
uhs7_1247--udt15849,parquet_commercial_202512_comm_MI,158460-1.parquet,2
uhs7_1247--udt15849,parquet_commercial_202512_comm_MI,158603-1.parquet,2
uhs7_1247--udt15849,parquet_commercial_202512_comm_MI,158634-1.parquet,1
uhs7_1247--udt15849,parquet_commercial_202512_comm_MI,158635-1.parquet,1
uhs7_1247--udt15849,parquet_commercial_202512_comm_MI,158886-8.parquet,1
uhs7_1247--udt15849,parquet_commercial_202512_comm_MI,159004-8.parquet,1
uhs7_1247--udt15849,parquet_commercial_202512_comm_MI,159114-1.parquet,2
uhs7_1247--udt15849,parquet_commercial_202512_comm_MI,159357-1.parquet,1
uhs7_1247--udt15849,parquet_commercial_202512_comm_MI,159409-1.parquet,4
uhs7_1247--udt15849,parquet_commercial_202512_comm_MI,159565-8.parquet,1
uhs7_1247--udt15849,parquet_commercial_202512_comm_MI,159686-1.parquet,1
uhs7_1247--udt15849,parquet_commercial_202512_comm_MI,159799-8.parquet,6
uhs7_1247--udt15849,parquet_commercial_202512_comm_MI,160008-1.parquet,2
uhs7_1247--udt15849,parquet_commercial_202512_comm_MI,160949-1.parquet,2
uhs7_1247--udt15849,parquet_commercial_202512_comm_MI,161077-1.parquet,2
uhs7_1247--udt15849,parquet_commercial_202512_comm_MI,161335-1.parquet,1
uhs7_1247--udt15849,parquet_commercial_202512_comm_MI,161746-1.parquet,1
uhs7_1247--udt15849,parquet_commercial_202512_comm_MI,161949-1.parquet,1
uhs7_1247--udt15849,parquet_commercial_202512_comm_MI,162058-1.parquet,1
uhs7_1247--udt15849,parquet_commercial_202512_comm_MI,162280-1.parquet,1
uhs7_1247--udt15849,parquet_commercial_202512_comm_MI,162590-8.parquet,1
uhs7_1247--udt15849,parquet_commercial_202512_comm_MI,162993-1.parquet,1
uhs7_1247--udt15849,parquet_commercial_202512_comm_MI,163035-1.parquet,1
uhs7_1247--udt15849,parquet_commercial_202512_comm_MI,163861-8.parquet,1
uhs7_1247--udt15849,parquet_commercial_202512_comm_MI,164580-1.parquet,1
uhs7_1247--udt15849,parquet_commercial_202512_comm_MI,164698-8.parquet,2
uhs7_1247--udt15849,parquet_commercial_202512_comm_MI,164742-1.parquet,1
uhs7_1247--udt15849,parquet_commercial_202512_comm_MI,164928-8.parquet,3
uhs7_1247--udt15849,parquet_commercial_202512_comm_MI,165179-8.parquet,2
uhs7_1247--udt15849,parquet_commercial_202512_comm_MI,165246-1.parquet,3
uhs7_1247--udt15849,parquet_commercial_202512_comm_MI,165564-1.parquet,1
uhs7_1247--udt15849,parquet_commercial_202512_comm_MI,165773-1.parquet,1
uhs7_1247--udt15849,parquet_commercial_202512_comm_MI,165819-1.parquet,1
uhs7_1247--udt15849,parquet_commercial_202512_comm_MI,166339-1.parquet,1
uhs7_1247--udt15849,parquet_commercial_202512_comm_MI,166676-1.parquet,1
uhs7_1247--udt15849,parquet_commercial_202512_comm_MI,166814-1.parquet,1
uhs7_1247--udt15849,parquet_commercial_202512_comm_MI,167931-1.parquet,1
uhs7_1247--udt15849,parquet_commercial_202512_comm_MI,168277-8.parquet,1
uhs7_1247--udt15849,parquet_commercial_202512_comm_MI,168364-1.parquet,1
uhs7_1247--udt15849,parquet_commercial_202512_comm_MI,168388-1.parquet,1
uhs7_1247--udt15849,parquet_commercial_202512_comm_MI,169316-1.parquet,2
uhs7_1247--udt15849,parquet_commercial_202512_comm_MI,169446-1.parquet,1
uhs7_1247--udt15849,parquet_commercial_202512_comm_MI,169644-1.parquet,1
uhs7_1247--udt15849,parquet_commercial_202512_comm_MI,169748-1.parquet,1
uhs7_1247--udt15849,parquet_commercial_202512_comm_MI,169749-1.parquet,1
uhs7_1247--udt15849,parquet_residential_short_202512_res_MI,10381-1.parquet,1
uhs7_1247--udt15849,parquet_residential_short_202512_res_MI,113255-1.parquet,1
uhs7_1247--udt15849,parquet_residential_short_202512_res_MI,118404-1.parquet,53
uhs7_1247--udt15849,parquet_residential_short_202512_res_MI,145104-1.parquet,4
uhs7_1247--udt15849,parquet_residential_short_202512_res_MI,15283-1.parquet,5
uhs7_1247--udt15849,parquet_residential_short_202512_res_MI,158553-1.parquet,1
uhs7_1247--udt15849,parquet_residential_short_202512_res_MI,163929-1.parquet,7
uhs7_1247--udt15849,parquet_residential_short_202512_res_MI,178848-1.parquet,18
uhs7_1247--udt15849,parquet_residential_short_202512_res_MI,178924-1.parquet,4
uhs7_1247--udt15849,parquet_residential_short_202512_res_MI,179061-1.parquet,99
uhs7_1247--udt15849,parquet_residential_short_202512_res_MI,179991-1.parquet,2
uhs7_1247--udt15849,parquet_residential_short_202512_res_MI,189827-1.parquet,3
uhs7_1247--udt15849,parquet_residential_short_202512_res_MI,193304-1.parquet,1
uhs7_1247--udt15849,parquet_residential_short_202512_res_MI,195848-1.parquet,1
uhs7_1247--udt15849,parquet_residential_short_202512_res_MI,211600-1.parquet,1
uhs7_1247--udt15849,parquet_residential_short_202512_res_MI,219061-1.parquet,1
uhs7_1247--udt15849,parquet_residential_short_202512_res_MI,229456-1.parquet,4
uhs7_1247--udt15849,parquet_residential_short_202512_res_MI,255062-1.parquet,2
uhs7_1247--udt15849,parquet_residential_short_202512_res_MI,256339-1.parquet,1
uhs7_1247--udt15849,parquet_residential_short_202512_res_MI,258760-1.parquet,1
uhs7_1247--udt15849,parquet_residential_short_202512_res_MI,26343-1.parquet,2
uhs7_1247--udt15849,parquet_residential_short_202512_res_MI,275115-1.parquet,10
uhs7_1247--udt15849,parquet_residential_short_202512_res_MI,281826-1.parquet,1
uhs7_1247--udt15849,parquet_residential_short_202512_res_MI,282194-1.parquet,1
uhs7_1247--udt15849,parquet_residential_short_202512_res_MI,285946-1.parquet,1
uhs7_1247--udt15849,parquet_residential_short_202512_res_MI,292113-1.parquet,2
uhs7_1247--udt15849,parquet_residential_short_202512_res_MI,29488-1.parquet,1
uhs7_1247--udt15849,parquet_residential_short_202512_res_MI,31043-1.parquet,1
uhs7_1247--udt15849,parquet_residential_short_202512_res_MI,31214-1.parquet,1
uhs7_1247--udt15849,parquet_residential_short_202512_res_MI,316670-1.parquet,2
uhs7_1247--udt15849,parquet_residential_short_202512_res_MI,317135-1.parquet,5
uhs7_1247--udt15849,parquet_residential_short_202512_res_MI,317368-1.parquet,1
uhs7_1247--udt15849,parquet_residential_short_202512_res_MI,320231-1.parquet,3
uhs7_1247--udt15849,parquet_residential_short_202512_res_MI,329472-1.parquet,7
uhs7_1247--udt15849,parquet_residential_short_202512_res_MI,331207-1.parquet,2
uhs7_1247--udt15849,parquet_residential_short_202512_res_MI,334073-1.parquet,19
uhs7_1247--udt15849,parquet_residential_short_202512_res_MI,345199-1.parquet,1
uhs7_1247--udt15849,parquet_residential_short_202512_res_MI,354403-1.parquet,8
uhs7_1247--udt15849,parquet_residential_short_202512_res_MI,361783-1.parquet,14
uhs7_1247--udt15849,parquet_residential_short_202512_res_MI,378338-1.parquet,25
uhs7_1247--udt15849,parquet_residential_short_202512_res_MI,380296-1.parquet,2
uhs7_1247--udt15849,parquet_residential_short_202512_res_MI,392142-1.parquet,4
uhs7_1247--udt15849,parquet_residential_short_202512_res_MI,395863-1.parquet,3
uhs7_1247--udt15849,parquet_residential_short_202512_res_MI,400912-1.parquet,4
uhs7_1247--udt15849,parquet_residential_short_202512_res_MI,411616-1.parquet,11
uhs7_1247--udt15849,parquet_residential_short_202512_res_MI,414172-1.parquet,1
uhs7_1247--udt15849,parquet_residential_short_202512_res_MI,426204-1.parquet,2
uhs7_1247--udt15849,parquet_residential_short_202512_res_MI,428505-1.parquet,1
uhs7_1247--udt15849,parquet_residential_short_202512_res_MI,433741-1.parquet,2
uhs7_1247--udt15849,parquet_residential_short_202512_res_MI,436629-1.parquet,3
uhs7_1247--udt15849,parquet_residential_short_202512_res_MI,437871-1.parquet,25
uhs7_1247--udt15849,parquet_residential_short_202512_res_MI,441370-1.parquet,1
uhs7_1247--udt15849,parquet_residential_short_202512_res_MI,444065-1.parquet,12
uhs7_1247--udt15849,parquet_residential_short_202512_res_MI,445779-1.parquet,1
uhs7_1247--udt15849,parquet_residential_short_202512_res_MI,449958-1.parquet,3
uhs7_1247--udt15849,parquet_residential_short_202512_res_MI,457712-1.parquet,2
uhs7_1247--udt15849,parquet_residential_short_202512_res_MI,459832-1.parquet,1
uhs7_1247--udt15849,parquet_residential_short_202512_res_MI,465693-1.parquet,3
uhs7_1247--udt15849,parquet_residential_short_202512_res_MI,473383-1.parquet,1
uhs7_1247--udt15849,parquet_residential_short_202512_res_MI,474345-1.parquet,1
uhs7_1247--udt15849,parquet_residential_short_202512_res_MI,478155-1.parquet,3
uhs7_1247--udt15849,parquet_residential_short_202512_res_MI,48368-1.parquet,1
uhs7_1247--udt15849,parquet_residential_short_202512_res_MI,485286-1.parquet,6
uhs7_1247--udt15849,parquet_residential_short_202512_res_MI,491904-1.parquet,14
uhs7_1247--udt15849,parquet_residential_short_202512_res_MI,494108-1.parquet,4
uhs7_1247--udt15849,parquet_residential_short_202512_res_MI,498993-1.parquet,1
uhs7_1247--udt15849,parquet_residential_short_202512_res_MI,502032-1.parquet,3
uhs7_1247--udt15849,parquet_residential_short_202512_res_MI,505391-1.parquet,3
uhs7_1247--udt15849,parquet_residential_short_202512_res_MI,508330-1.parquet,4
uhs7_1247--udt15849,parquet_residential_short_202512_res_MI,511999-1.parquet,1
uhs7_1247--udt15849,parquet_residential_short_202512_res_MI,513814-1.parquet,7
uhs7_1247--udt15849,parquet_residential_short_202512_res_MI,520334-1.parquet,1
uhs7_1247--udt15849,parquet_residential_short_202512_res_MI,521610-1.parquet,7
uhs7_1247--udt15849,parquet_residential_short_202512_res_MI,526776-1.parquet,1
uhs7_1247--udt15849,parquet_residential_short_202512_res_MI,530245-1.parquet,1
uhs7_1247--udt15849,parquet_residential_short_202512_res_MI,533319-1.parquet,2
uhs7_1247--udt15849,parquet_residential_short_202512_res_MI,538350-1.parquet,13
uhs7_1247--udt15849,parquet_residential_short_202512_res_MI,549574-1.parquet,3
uhs7_1247--udt15849,parquet_residential_short_202512_res_MI,78734-1.parquet,2
uhs7_1247--udt15849,parquet_residential_short_202512_res_MI,8111-1.parquet,1
uhs7_1247--udt15849,parquet_residential_short_202512_res_MI,82218-1.parquet,1
uhs7_1247--udt15849,parquet_residential_short_202512_res_MI,95747-1.parquet,1
uhs7_1247--udt9662,parquet_commercial_202512_comm_MI,157661-1.parquet,1
uhs7_1247--udt9662,parquet_commercial_202512_comm_MI,157810-1.parquet,4
uhs7_1247--udt9662,parquet_commercial_202512_comm_MI,157823-1.parquet,3
uhs7_1247--udt9662,parquet_commercial_202512_comm_MI,158147-1.parquet,2
uhs7_1247--udt9662,parquet_commercial_202512_comm_MI,158188-1.parquet,1
uhs7_1247--udt9662,parquet_commercial_202512_comm_MI,158365-1.parquet,1
uhs7_1247--udt9662,parquet_commercial_202512_comm_MI,158456-1.parquet,14
uhs7_1247--udt9662,parquet_commercial_202512_comm_MI,158460-1.parquet,18
uhs7_1247--udt9662,parquet_commercial_202512_comm_MI,158634-1.parquet,1
uhs7_1247--udt9662,parquet_commercial_202512_comm_MI,158635-1.parquet,1
uhs7_1247--udt9662,parquet_commercial_202512_comm_MI,158954-1.parquet,1
uhs7_1247--udt9662,parquet_commercial_202512_comm_MI,159099-1.parquet,1
uhs7_1247--udt9662,parquet_commercial_202512_comm_MI,159114-1.parquet,3
uhs7_1247--udt9662,parquet_commercial_202512_comm_MI,159357-1.parquet,1
uhs7_1247--udt9662,parquet_commercial_202512_comm_MI,159409-1.parquet,1
uhs7_1247--udt9662,parquet_commercial_202512_comm_MI,159485-1.parquet,3
uhs7_1247--udt9662,parquet_commercial_202512_comm_MI,159544-8.parquet,1
uhs7_1247--udt9662,parquet_commercial_202512_comm_MI,159799-8.parquet,2
uhs7_1247--udt9662,parquet_commercial_202512_comm_MI,159841-1.parquet,1
uhs7_1247--udt9662,parquet_commercial_202512_comm_MI,159922-8.parquet,2
uhs7_1247--udt9662,parquet_commercial_202512_comm_MI,159958-1.parquet,1
uhs7_1247--udt9662,parquet_commercial_202512_comm_MI,160011-1.parquet,1
uhs7_1247--udt9662,parquet_commercial_202512_comm_MI,160078-1.parquet,1
uhs7_1247--udt9662,parquet_commercial_202512_comm_MI,160365-1.parquet,1
uhs7_1247--udt9662,parquet_commercial_202512_comm_MI,160529-1.parquet,3
uhs7_1247--udt9662,parquet_commercial_202512_comm_MI,160747-1.parquet,4
uhs7_1247--udt9662,parquet_commercial_202512_comm_MI,160855-8.parquet,1
uhs7_1247--udt9662,parquet_commercial_202512_comm_MI,161054-1.parquet,1
uhs7_1247--udt9662,parquet_commercial_202512_comm_MI,161134-1.parquet,4
uhs7_1247--udt9662,parquet_commercial_202512_comm_MI,161135-1.parquet,1
uhs7_1247--udt9662,parquet_commercial_202512_comm_MI,161267-1.parquet,1
uhs7_1247--udt9662,parquet_commercial_202512_comm_MI,161275-1.parquet,2
uhs7_1247--udt9662,parquet_commercial_202512_comm_MI,161335-1.parquet,1
uhs7_1247--udt9662,parquet_commercial_202512_comm_MI,161677-1.parquet,1
uhs7_1247--udt9662,parquet_commercial_202512_comm_MI,161936-8.parquet,1
uhs7_1247--udt9662,parquet_commercial_202512_comm_MI,162172-1.parquet,1
uhs7_1247--udt9662,parquet_commercial_202512_comm_MI,162262-1.parquet,2
uhs7_1247--udt9662,parquet_commercial_202512_comm_MI,162281-8.parquet,1
uhs7_1247--udt9662,parquet_commercial_202512_comm_MI,162486-1.parquet,1
uhs7_1247--udt9662,parquet_commercial_202512_comm_MI,162547-1.parquet,1
uhs7_1247--udt9662,parquet_commercial_202512_comm_MI,162590-8.parquet,1
uhs7_1247--udt9662,parquet_commercial_202512_comm_MI,162646-8.parquet,1
uhs7_1247--udt9662,parquet_commercial_202512_comm_MI,162850-1.parquet,2
uhs7_1247--udt9662,parquet_commercial_202512_comm_MI,162868-1.parquet,1
uhs7_1247--udt9662,parquet_commercial_202512_comm_MI,163035-1.parquet,3
uhs7_1247--udt9662,parquet_commercial_202512_comm_MI,163365-1.parquet,1
uhs7_1247--udt9662,parquet_commercial_202512_comm_MI,163388-1.parquet,1
uhs7_1247--udt9662,parquet_commercial_202512_comm_MI,163398-1.parquet,1
uhs7_1247--udt9662,parquet_commercial_202512_comm_MI,163559-1.parquet,4
uhs7_1247--udt9662,parquet_commercial_202512_comm_MI,163839-1.parquet,2
uhs7_1247--udt9662,parquet_commercial_202512_comm_MI,164079-1.parquet,2
uhs7_1247--udt9662,parquet_commercial_202512_comm_MI,164126-8.parquet,1
uhs7_1247--udt9662,parquet_commercial_202512_comm_MI,164547-1.parquet,1
uhs7_1247--udt9662,parquet_commercial_202512_comm_MI,164606-1.parquet,2
uhs7_1247--udt9662,parquet_commercial_202512_comm_MI,164677-1.parquet,2
uhs7_1247--udt9662,parquet_commercial_202512_comm_MI,164698-8.parquet,1
uhs7_1247--udt9662,parquet_commercial_202512_comm_MI,164742-1.parquet,1
uhs7_1247--udt9662,parquet_commercial_202512_comm_MI,164743-1.parquet,1
uhs7_1247--udt9662,parquet_commercial_202512_comm_MI,164787-1.parquet,1
uhs7_1247--udt9662,parquet_commercial_202512_comm_MI,164928-8.parquet,5
uhs7_1247--udt9662,parquet_commercial_202512_comm_MI,165018-8.parquet,2
uhs7_1247--udt9662,parquet_commercial_202512_comm_MI,165167-1.parquet,1
uhs7_1247--udt9662,parquet_commercial_202512_comm_MI,165224-1.parquet,2
uhs7_1247--udt9662,parquet_commercial_202512_comm_MI,165234-1.parquet,2
uhs7_1247--udt9662,parquet_commercial_202512_comm_MI,165336-1.parquet,1
uhs7_1247--udt9662,parquet_commercial_202512_comm_MI,165410-1.parquet,1
uhs7_1247--udt9662,parquet_commercial_202512_comm_MI,165531-8.parquet,1
uhs7_1247--udt9662,parquet_commercial_202512_comm_MI,165724-1.parquet,1
uhs7_1247--udt9662,parquet_commercial_202512_comm_MI,165944-1.parquet,1
uhs7_1247--udt9662,parquet_commercial_202512_comm_MI,166041-1.parquet,1
uhs7_1247--udt9662,parquet_commercial_202512_comm_MI,166080-1.parquet,1
uhs7_1247--udt9662,parquet_commercial_202512_comm_MI,166183-1.parquet,2
uhs7_1247--udt9662,parquet_commercial_202512_comm_MI,166262-1.parquet,2
uhs7_1247--udt9662,parquet_commercial_202512_comm_MI,166488-1.parquet,1
uhs7_1247--udt9662,parquet_commercial_202512_comm_MI,166527-1.parquet,2
uhs7_1247--udt9662,parquet_commercial_202512_comm_MI,166609-1.parquet,1
uhs7_1247--udt9662,parquet_commercial_202512_comm_MI,166676-1.parquet,1
uhs7_1247--udt9662,parquet_commercial_202512_comm_MI,166814-1.parquet,3
uhs7_1247--udt9662,parquet_commercial_202512_comm_MI,166841-1.parquet,1
uhs7_1247--udt9662,parquet_commercial_202512_comm_MI,166993-1.parquet,1
uhs7_1247--udt9662,parquet_commercial_202512_comm_MI,166998-1.parquet,1
uhs7_1247--udt9662,parquet_commercial_202512_comm_MI,167382-1.parquet,2
uhs7_1247--udt9662,parquet_commercial_202512_comm_MI,167455-1.parquet,2
uhs7_1247--udt9662,parquet_commercial_202512_comm_MI,167746-1.parquet,1
uhs7_1247--udt9662,parquet_commercial_202512_comm_MI,167767-1.parquet,1
uhs7_1247--udt9662,parquet_commercial_202512_comm_MI,167919-1.parquet,1
uhs7_1247--udt9662,parquet_commercial_202512_comm_MI,167931-1.parquet,2
uhs7_1247--udt9662,parquet_commercial_202512_comm_MI,168033-1.parquet,4
uhs7_1247--udt9662,parquet_commercial_202512_comm_MI,168053-1.parquet,1
uhs7_1247--udt9662,parquet_commercial_202512_comm_MI,168675-1.parquet,1
uhs7_1247--udt9662,parquet_commercial_202512_comm_MI,168680-1.parquet,1
uhs7_1247--udt9662,parquet_commercial_202512_comm_MI,168695-8.parquet,1
uhs7_1247--udt9662,parquet_commercial_202512_comm_MI,168901-1.parquet,4
uhs7_1247--udt9662,parquet_commercial_202512_comm_MI,169002-1.parquet,2
uhs7_1247--udt9662,parquet_commercial_202512_comm_MI,169085-1.parquet,1
uhs7_1247--udt9662,parquet_commercial_202512_comm_MI,169159-1.parquet,2
uhs7_1247--udt9662,parquet_commercial_202512_comm_MI,169293-1.parquet,2
uhs7_1247--udt9662,parquet_commercial_202512_comm_MI,169316-1.parquet,1
uhs7_1247--udt9662,parquet_commercial_202512_comm_MI,169331-1.parquet,1
uhs7_1247--udt9662,parquet_commercial_202512_comm_MI,169364-1.parquet,1
uhs7_1247--udt9662,parquet_commercial_202512_comm_MI,169412-1.parquet,1
uhs7_1247--udt9662,parquet_commercial_202512_comm_MI,169593-1.parquet,6
uhs7_1247--udt9662,parquet_commercial_202512_comm_MI,169601-8.parquet,2
uhs7_1247--udt9662,parquet_commercial_202512_comm_MI,169680-1.parquet,1
uhs7_1247--udt9662,parquet_commercial_202512_comm_MI,169913-1.parquet,2
uhs7_1247--udt9662,parquet_commercial_202512_comm_MI,170044-1.parquet,1
uhs7_1247--udt9662,parquet_residential_short_202512_res_MI,10381-1.parquet,6
uhs7_1247--udt9662,parquet_residential_short_202512_res_MI,104079-1.parquet,1
uhs7_1247--udt9662,parquet_residential_short_202512_res_MI,11278-1.parquet,1
uhs7_1247--udt9662,parquet_residential_short_202512_res_MI,113255-1.parquet,5
uhs7_1247--udt9662,parquet_residential_short_202512_res_MI,113495-1.parquet,1
uhs7_1247--udt9662,parquet_residential_short_202512_res_MI,11596-1.parquet,5
uhs7_1247--udt9662,parquet_residential_short_202512_res_MI,116219-1.parquet,6
uhs7_1247--udt9662,parquet_residential_short_202512_res_MI,116626-1.parquet,1
uhs7_1247--udt9662,parquet_residential_short_202512_res_MI,118404-1.parquet,78
uhs7_1247--udt9662,parquet_residential_short_202512_res_MI,129893-1.parquet,1
uhs7_1247--udt9662,parquet_residential_short_202512_res_MI,134138-1.parquet,4
uhs7_1247--udt9662,parquet_residential_short_202512_res_MI,14251-1.parquet,1
uhs7_1247--udt9662,parquet_residential_short_202512_res_MI,144380-1.parquet,3
uhs7_1247--udt9662,parquet_residential_short_202512_res_MI,144707-1.parquet,1
uhs7_1247--udt9662,parquet_residential_short_202512_res_MI,145104-1.parquet,9
uhs7_1247--udt9662,parquet_residential_short_202512_res_MI,15283-1.parquet,9
uhs7_1247--udt9662,parquet_residential_short_202512_res_MI,158553-1.parquet,5
uhs7_1247--udt9662,parquet_residential_short_202512_res_MI,163888-1.parquet,7
uhs7_1247--udt9662,parquet_residential_short_202512_res_MI,163929-1.parquet,13
uhs7_1247--udt9662,parquet_residential_short_202512_res_MI,165775-1.parquet,1
uhs7_1247--udt9662,parquet_residential_short_202512_res_MI,178848-1.parquet,143
uhs7_1247--udt9662,parquet_residential_short_202512_res_MI,178924-1.parquet,25
uhs7_1247--udt9662,parquet_residential_short_202512_res_MI,179061-1.parquet,301
uhs7_1247--udt9662,parquet_residential_short_202512_res_MI,179402-1.parquet,1
uhs7_1247--udt9662,parquet_residential_short_202512_res_MI,179991-1.parquet,4
uhs7_1247--udt9662,parquet_residential_short_202512_res_MI,181066-1.parquet,2
uhs7_1247--udt9662,parquet_residential_short_202512_res_MI,18662-1.parquet,1
uhs7_1247--udt9662,parquet_residential_short_202512_res_MI,193304-1.parquet,2
uhs7_1247--udt9662,parquet_residential_short_202512_res_MI,198563-1.parquet,1
uhs7_1247--udt9662,parquet_residential_short_202512_res_MI,20070-1.parquet,2
uhs7_1247--udt9662,parquet_residential_short_202512_res_MI,202225-1.parquet,1
uhs7_1247--udt9662,parquet_residential_short_202512_res_MI,205005-1.parquet,1
uhs7_1247--udt9662,parquet_residential_short_202512_res_MI,211618-1.parquet,4
uhs7_1247--udt9662,parquet_residential_short_202512_res_MI,213050-1.parquet,4
uhs7_1247--udt9662,parquet_residential_short_202512_res_MI,215616-1.parquet,1
uhs7_1247--udt9662,parquet_residential_short_202512_res_MI,218749-1.parquet,1
uhs7_1247--udt9662,parquet_residential_short_202512_res_MI,219061-1.parquet,9
uhs7_1247--udt9662,parquet_residential_short_202512_res_MI,224704-1.parquet,1
uhs7_1247--udt9662,parquet_residential_short_202512_res_MI,229456-1.parquet,2
uhs7_1247--udt9662,parquet_residential_short_202512_res_MI,240169-1.parquet,3
uhs7_1247--udt9662,parquet_residential_short_202512_res_MI,242004-1.parquet,1
uhs7_1247--udt9662,parquet_residential_short_202512_res_MI,252372-1.parquet,1
uhs7_1247--udt9662,parquet_residential_short_202512_res_MI,255062-1.parquet,8
uhs7_1247--udt9662,parquet_residential_short_202512_res_MI,256339-1.parquet,2
uhs7_1247--udt9662,parquet_residential_short_202512_res_MI,25790-1.parquet,1
uhs7_1247--udt9662,parquet_residential_short_202512_res_MI,258760-1.parquet,1
uhs7_1247--udt9662,parquet_residential_short_202512_res_MI,263197-1.parquet,3
uhs7_1247--udt9662,parquet_residential_short_202512_res_MI,26343-1.parquet,18
uhs7_1247--udt9662,parquet_residential_short_202512_res_MI,275115-1.parquet,16
uhs7_1247--udt9662,parquet_residential_short_202512_res_MI,277511-1.parquet,1
uhs7_1247--udt9662,parquet_residential_short_202512_res_MI,278143-1.parquet,1
uhs7_1247--udt9662,parquet_residential_short_202512_res_MI,280750-1.parquet,1
uhs7_1247--udt9662,parquet_residential_short_202512_res_MI,281826-1.parquet,3
uhs7_1247--udt9662,parquet_residential_short_202512_res_MI,282194-1.parquet,5
uhs7_1247--udt9662,parquet_residential_short_202512_res_MI,285504-1.parquet,1
uhs7_1247--udt9662,parquet_residential_short_202512_res_MI,285678-1.parquet,1
uhs7_1247--udt9662,parquet_residential_short_202512_res_MI,285946-1.parquet,1
uhs7_1247--udt9662,parquet_residential_short_202512_res_MI,292113-1.parquet,9
uhs7_1247--udt9662,parquet_residential_short_202512_res_MI,292202-1.parquet,1
uhs7_1247--udt9662,parquet_residential_short_202512_res_MI,31043-1.parquet,7
uhs7_1247--udt9662,parquet_residential_short_202512_res_MI,316670-1.parquet,5
uhs7_1247--udt9662,parquet_residential_short_202512_res_MI,317135-1.parquet,10
uhs7_1247--udt9662,parquet_residential_short_202512_res_MI,317368-1.parquet,1
uhs7_1247--udt9662,parquet_residential_short_202512_res_MI,320231-1.parquet,1
uhs7_1247--udt9662,parquet_residential_short_202512_res_MI,329472-1.parquet,5
uhs7_1247--udt9662,parquet_residential_short_202512_res_MI,32956-1.parquet,2
uhs7_1247--udt9662,parquet_residential_short_202512_res_MI,330999-1.parquet,2
uhs7_1247--udt9662,parquet_residential_short_202512_res_MI,331207-1.parquet,3
uhs7_1247--udt9662,parquet_residential_short_202512_res_MI,331355-1.parquet,3
uhs7_1247--udt9662,parquet_residential_short_202512_res_MI,334073-1.parquet,115
uhs7_1247--udt9662,parquet_residential_short_202512_res_MI,335327-1.parquet,1
uhs7_1247--udt9662,parquet_residential_short_202512_res_MI,344633-1.parquet,2
uhs7_1247--udt9662,parquet_residential_short_202512_res_MI,350694-1.parquet,1
uhs7_1247--udt9662,parquet_residential_short_202512_res_MI,351964-1.parquet,1
uhs7_1247--udt9662,parquet_residential_short_202512_res_MI,361783-1.parquet,63
uhs7_1247--udt9662,parquet_residential_short_202512_res_MI,368387-1.parquet,3
uhs7_1247--udt9662,parquet_residential_short_202512_res_MI,370010-1.parquet,6
uhs7_1247--udt9662,parquet_residential_short_202512_res_MI,378338-1.parquet,48
uhs7_1247--udt9662,parquet_residential_short_202512_res_MI,380296-1.parquet,4
uhs7_1247--udt9662,parquet_residential_short_202512_res_MI,381867-1.parquet,2
uhs7_1247--udt9662,parquet_residential_short_202512_res_MI,382671-1.parquet,1
uhs7_1247--udt9662,parquet_residential_short_202512_res_MI,392142-1.parquet,22
uhs7_1247--udt9662,parquet_residential_short_202512_res_MI,394743-1.parquet,1
uhs7_1247--udt9662,parquet_residential_short_202512_res_MI,39516-1.parquet,1
uhs7_1247--udt9662,parquet_residential_short_202512_res_MI,39539-1.parquet,3
uhs7_1247--udt9662,parquet_residential_short_202512_res_MI,395863-1.parquet,5
uhs7_1247--udt9662,parquet_residential_short_202512_res_MI,400912-1.parquet,38
uhs7_1247--udt9662,parquet_residential_short_202512_res_MI,411616-1.parquet,36
uhs7_1247--udt9662,parquet_residential_short_202512_res_MI,418555-1.parquet,4
uhs7_1247--udt9662,parquet_residential_short_202512_res_MI,426204-1.parquet,7
uhs7_1247--udt9662,parquet_residential_short_202512_res_MI,430122-1.parquet,1
uhs7_1247--udt9662,parquet_residential_short_202512_res_MI,432811-1.parquet,1
uhs7_1247--udt9662,parquet_residential_short_202512_res_MI,433315-1.parquet,1
uhs7_1247--udt9662,parquet_residential_short_202512_res_MI,433379-1.parquet,1
uhs7_1247--udt9662,parquet_residential_short_202512_res_MI,433741-1.parquet,1
uhs7_1247--udt9662,parquet_residential_short_202512_res_MI,436629-1.parquet,17
uhs7_1247--udt9662,parquet_residential_short_202512_res_MI,437871-1.parquet,46
uhs7_1247--udt9662,parquet_residential_short_202512_res_MI,441370-1.parquet,4
uhs7_1247--udt9662,parquet_residential_short_202512_res_MI,444065-1.parquet,12
uhs7_1247--udt9662,parquet_residential_short_202512_res_MI,449958-1.parquet,14
uhs7_1247--udt9662,parquet_residential_short_202512_res_MI,453782-1.parquet,3
uhs7_1247--udt9662,parquet_residential_short_202512_res_MI,455633-1.parquet,2
uhs7_1247--udt9662,parquet_residential_short_202512_res_MI,457563-1.parquet,2
uhs7_1247--udt9662,parquet_residential_short_202512_res_MI,457712-1.parquet,1
uhs7_1247--udt9662,parquet_residential_short_202512_res_MI,458168-1.parquet,1
uhs7_1247--udt9662,parquet_residential_short_202512_res_MI,459710-1.parquet,8
uhs7_1247--udt9662,parquet_residential_short_202512_res_MI,463711-1.parquet,1
uhs7_1247--udt9662,parquet_residential_short_202512_res_MI,464078-1.parquet,1
uhs7_1247--udt9662,parquet_residential_short_202512_res_MI,465000-1.parquet,1
uhs7_1247--udt9662,parquet_residential_short_202512_res_MI,465693-1.parquet,2
uhs7_1247--udt9662,parquet_residential_short_202512_res_MI,473383-1.parquet,9
uhs7_1247--udt9662,parquet_residential_short_202512_res_MI,474345-1.parquet,4
uhs7_1247--udt9662,parquet_residential_short_202512_res_MI,474857-1.parquet,1
uhs7_1247--udt9662,parquet_residential_short_202512_res_MI,478155-1.parquet,1
uhs7_1247--udt9662,parquet_residential_short_202512_res_MI,48368-1.parquet,2
uhs7_1247--udt9662,parquet_residential_short_202512_res_MI,485286-1.parquet,6
uhs7_1247--udt9662,parquet_residential_short_202512_res_MI,485537-1.parquet,7
uhs7_1247--udt9662,parquet_residential_short_202512_res_MI,48737-1.parquet,1
uhs7_1247--udt9662,parquet_residential_short_202512_res_MI,49048-1.parquet,1
uhs7_1247--udt9662,parquet_residential_short_202512_res_MI,491904-1.parquet,42
uhs7_1247--udt9662,parquet_residential_short_202512_res_MI,494108-1.parquet,15
uhs7_1247--udt9662,parquet_residential_short_202512_res_MI,498993-1.parquet,8
uhs7_1247--udt9662,parquet_residential_short_202512_res_MI,502032-1.parquet,7
uhs7_1247--udt9662,parquet_residential_short_202512_res_MI,505391-1.parquet,15
uhs7_1247--udt9662,parquet_residential_short_202512_res_MI,505432-1.parquet,1
uhs7_1247--udt9662,parquet_residential_short_202512_res_MI,508330-1.parquet,22
uhs7_1247--udt9662,parquet_residential_short_202512_res_MI,509345-1.parquet,2
uhs7_1247--udt9662,parquet_residential_short_202512_res_MI,513814-1.parquet,19
uhs7_1247--udt9662,parquet_residential_short_202512_res_MI,520460-1.parquet,1
uhs7_1247--udt9662,parquet_residential_short_202512_res_MI,521610-1.parquet,7
uhs7_1247--udt9662,parquet_residential_short_202512_res_MI,525496-1.parquet,2
uhs7_1247--udt9662,parquet_residential_short_202512_res_MI,530245-1.parquet,3
uhs7_1247--udt9662,parquet_residential_short_202512_res_MI,533319-1.parquet,15
uhs7_1247--udt9662,parquet_residential_short_202512_res_MI,53721-1.parquet,4
uhs7_1247--udt9662,parquet_residential_short_202512_res_MI,538350-1.parquet,20
uhs7_1247--udt9662,parquet_residential_short_202512_res_MI,540993-1.parquet,1
uhs7_1247--udt9662,parquet_residential_short_202512_res_MI,544131-1.parquet,1
uhs7_1247--udt9662,parquet_residential_short_202512_res_MI,549574-1.parquet,4
uhs7_1247--udt9662,parquet_residential_short_202512_res_MI,74525-1.parquet,4
uhs7_1247--udt9662,parquet_residential_short_202512_res_MI,78734-1.parquet,1
uhs7_1247--udt9662,parquet_residential_short_202512_res_MI,8111-1.parquet,11
uhs7_1247--udt9662,parquet_residential_short_202512_res_MI,83885-1.parquet,4
uhs7_1247--udt9662,parquet_residential_short_202512_res_MI,87112-1.parquet,1
uhs7_1247--udt9662,parquet_residential_short_202512_res_MI,87751-1.parquet,1
uhs7_1247--udt9662,parquet_residential_short_202512_res_MI,90350-1.parquet,4
uhs7_1247--udt9662,parquet_residential_short_202512_res_MI,92876-1.parquet,2
uhs7_1247--udt9662,parquet_residential_short_202512_res_MI,95747-1.parquet,3
uhs7_1247--udt9662,parquet_residential_short_202512_res_MI,97944-1.parquet,1
uhs7_1247--udt9675,parquet_commercial_202512_comm_MI,157688-1.parquet,2
uhs7_1247--udt9675,parquet_commercial_202512_comm_MI,157823-1.parquet,9
uhs7_1247--udt9675,parquet_commercial_202512_comm_MI,157953-1.parquet,1
uhs7_1247--udt9675,parquet_commercial_202512_comm_MI,158188-1.parquet,1
uhs7_1247--udt9675,parquet_commercial_202512_comm_MI,158267-1.parquet,1
uhs7_1247--udt9675,parquet_commercial_202512_comm_MI,158365-1.parquet,2
uhs7_1247--udt9675,parquet_commercial_202512_comm_MI,158376-1.parquet,1
uhs7_1247--udt9675,parquet_commercial_202512_comm_MI,158456-1.parquet,16
uhs7_1247--udt9675,parquet_commercial_202512_comm_MI,158460-1.parquet,4
uhs7_1247--udt9675,parquet_commercial_202512_comm_MI,158521-1.parquet,1
uhs7_1247--udt9675,parquet_commercial_202512_comm_MI,158634-1.parquet,1
uhs7_1247--udt9675,parquet_commercial_202512_comm_MI,158712-1.parquet,1
uhs7_1247--udt9675,parquet_commercial_202512_comm_MI,159114-1.parquet,1
uhs7_1247--udt9675,parquet_commercial_202512_comm_MI,159409-1.parquet,1
uhs7_1247--udt9675,parquet_commercial_202512_comm_MI,159485-1.parquet,7
uhs7_1247--udt9675,parquet_commercial_202512_comm_MI,159686-1.parquet,2
uhs7_1247--udt9675,parquet_commercial_202512_comm_MI,159786-1.parquet,1
uhs7_1247--udt9675,parquet_commercial_202512_comm_MI,159799-8.parquet,2
uhs7_1247--udt9675,parquet_commercial_202512_comm_MI,159922-8.parquet,1
uhs7_1247--udt9675,parquet_commercial_202512_comm_MI,160078-1.parquet,1
uhs7_1247--udt9675,parquet_commercial_202512_comm_MI,160365-1.parquet,2
uhs7_1247--udt9675,parquet_commercial_202512_comm_MI,160529-1.parquet,7
uhs7_1247--udt9675,parquet_commercial_202512_comm_MI,160949-1.parquet,1
uhs7_1247--udt9675,parquet_commercial_202512_comm_MI,160988-1.parquet,1
uhs7_1247--udt9675,parquet_commercial_202512_comm_MI,161134-1.parquet,2
uhs7_1247--udt9675,parquet_commercial_202512_comm_MI,161135-1.parquet,2
uhs7_1247--udt9675,parquet_commercial_202512_comm_MI,161150-1.parquet,2
uhs7_1247--udt9675,parquet_commercial_202512_comm_MI,161365-1.parquet,1
uhs7_1247--udt9675,parquet_commercial_202512_comm_MI,161451-1.parquet,1
uhs7_1247--udt9675,parquet_commercial_202512_comm_MI,161582-1.parquet,1
uhs7_1247--udt9675,parquet_commercial_202512_comm_MI,161632-1.parquet,3
uhs7_1247--udt9675,parquet_commercial_202512_comm_MI,161642-1.parquet,1
uhs7_1247--udt9675,parquet_commercial_202512_comm_MI,161746-1.parquet,1
uhs7_1247--udt9675,parquet_commercial_202512_comm_MI,161940-1.parquet,1
uhs7_1247--udt9675,parquet_commercial_202512_comm_MI,162281-8.parquet,1
uhs7_1247--udt9675,parquet_commercial_202512_comm_MI,162590-8.parquet,3
uhs7_1247--udt9675,parquet_commercial_202512_comm_MI,162648-1.parquet,1
uhs7_1247--udt9675,parquet_commercial_202512_comm_MI,162785-1.parquet,1
uhs7_1247--udt9675,parquet_commercial_202512_comm_MI,163035-1.parquet,2
uhs7_1247--udt9675,parquet_commercial_202512_comm_MI,163268-1.parquet,1
uhs7_1247--udt9675,parquet_commercial_202512_comm_MI,163365-1.parquet,2
uhs7_1247--udt9675,parquet_commercial_202512_comm_MI,163398-1.parquet,1
uhs7_1247--udt9675,parquet_commercial_202512_comm_MI,163416-1.parquet,1
uhs7_1247--udt9675,parquet_commercial_202512_comm_MI,163559-1.parquet,2
uhs7_1247--udt9675,parquet_commercial_202512_comm_MI,163710-1.parquet,1
uhs7_1247--udt9675,parquet_commercial_202512_comm_MI,163891-1.parquet,3
uhs7_1247--udt9675,parquet_commercial_202512_comm_MI,163959-1.parquet,1
uhs7_1247--udt9675,parquet_commercial_202512_comm_MI,164126-8.parquet,1
uhs7_1247--udt9675,parquet_commercial_202512_comm_MI,164547-1.parquet,1
uhs7_1247--udt9675,parquet_commercial_202512_comm_MI,164675-8.parquet,1
uhs7_1247--udt9675,parquet_commercial_202512_comm_MI,164677-1.parquet,1
uhs7_1247--udt9675,parquet_commercial_202512_comm_MI,164742-1.parquet,2
uhs7_1247--udt9675,parquet_commercial_202512_comm_MI,164743-1.parquet,1
uhs7_1247--udt9675,parquet_commercial_202512_comm_MI,164928-8.parquet,6
uhs7_1247--udt9675,parquet_commercial_202512_comm_MI,164945-8.parquet,1
uhs7_1247--udt9675,parquet_commercial_202512_comm_MI,165209-8.parquet,1
uhs7_1247--udt9675,parquet_commercial_202512_comm_MI,165260-1.parquet,1
uhs7_1247--udt9675,parquet_commercial_202512_comm_MI,165423-1.parquet,1
uhs7_1247--udt9675,parquet_commercial_202512_comm_MI,165531-8.parquet,1
uhs7_1247--udt9675,parquet_commercial_202512_comm_MI,165583-1.parquet,1
uhs7_1247--udt9675,parquet_commercial_202512_comm_MI,165734-1.parquet,1
uhs7_1247--udt9675,parquet_commercial_202512_comm_MI,165799-1.parquet,1
uhs7_1247--udt9675,parquet_commercial_202512_comm_MI,165981-1.parquet,2
uhs7_1247--udt9675,parquet_commercial_202512_comm_MI,166183-1.parquet,1
uhs7_1247--udt9675,parquet_commercial_202512_comm_MI,166339-1.parquet,1
uhs7_1247--udt9675,parquet_commercial_202512_comm_MI,166488-1.parquet,1
uhs7_1247--udt9675,parquet_commercial_202512_comm_MI,166609-1.parquet,1
uhs7_1247--udt9675,parquet_commercial_202512_comm_MI,166622-1.parquet,1
uhs7_1247--udt9675,parquet_commercial_202512_comm_MI,166814-1.parquet,1
uhs7_1247--udt9675,parquet_commercial_202512_comm_MI,166998-1.parquet,1
uhs7_1247--udt9675,parquet_commercial_202512_comm_MI,167382-1.parquet,1
uhs7_1247--udt9675,parquet_commercial_202512_comm_MI,167455-1.parquet,1
uhs7_1247--udt9675,parquet_commercial_202512_comm_MI,167535-1.parquet,1
uhs7_1247--udt9675,parquet_commercial_202512_comm_MI,167724-1.parquet,1
uhs7_1247--udt9675,parquet_commercial_202512_comm_MI,167729-8.parquet,1
uhs7_1247--udt9675,parquet_commercial_202512_comm_MI,167790-1.parquet,1
uhs7_1247--udt9675,parquet_commercial_202512_comm_MI,167919-1.parquet,1
uhs7_1247--udt9675,parquet_commercial_202512_comm_MI,167931-1.parquet,4
uhs7_1247--udt9675,parquet_commercial_202512_comm_MI,168342-1.parquet,1
uhs7_1247--udt9675,parquet_commercial_202512_comm_MI,168388-1.parquet,2
uhs7_1247--udt9675,parquet_commercial_202512_comm_MI,168680-1.parquet,1
uhs7_1247--udt9675,parquet_commercial_202512_comm_MI,168695-8.parquet,1
uhs7_1247--udt9675,parquet_commercial_202512_comm_MI,168759-1.parquet,1
uhs7_1247--udt9675,parquet_commercial_202512_comm_MI,168901-1.parquet,4
uhs7_1247--udt9675,parquet_commercial_202512_comm_MI,169002-1.parquet,1
uhs7_1247--udt9675,parquet_commercial_202512_comm_MI,169293-1.parquet,1
uhs7_1247--udt9675,parquet_commercial_202512_comm_MI,169316-1.parquet,1
uhs7_1247--udt9675,parquet_commercial_202512_comm_MI,169333-1.parquet,1
uhs7_1247--udt9675,parquet_commercial_202512_comm_MI,169433-1.parquet,1
uhs7_1247--udt9675,parquet_commercial_202512_comm_MI,169471-1.parquet,1
uhs7_1247--udt9675,parquet_commercial_202512_comm_MI,169572-8.parquet,1
uhs7_1247--udt9675,parquet_commercial_202512_comm_MI,169593-1.parquet,2
uhs7_1247--udt9675,parquet_commercial_202512_comm_MI,169644-1.parquet,1
uhs7_1247--udt9675,parquet_commercial_202512_comm_MI,169759-1.parquet,2
uhs7_1247--udt9675,parquet_commercial_202512_comm_MI,169773-1.parquet,1
uhs7_1247--udt9675,parquet_commercial_202512_comm_MI,169913-1.parquet,3
uhs7_1247--udt9675,parquet_commercial_202512_comm_MI,170008-1.parquet,1
uhs7_1247--udt9675,parquet_residential_short_202512_res_MI,10381-1.parquet,5
uhs7_1247--udt9675,parquet_residential_short_202512_res_MI,104079-1.parquet,2
uhs7_1247--udt9675,parquet_residential_short_202512_res_MI,111086-1.parquet,3
uhs7_1247--udt9675,parquet_residential_short_202512_res_MI,113255-1.parquet,6
uhs7_1247--udt9675,parquet_residential_short_202512_res_MI,113495-1.parquet,3
uhs7_1247--udt9675,parquet_residential_short_202512_res_MI,11596-1.parquet,1
uhs7_1247--udt9675,parquet_residential_short_202512_res_MI,116219-1.parquet,4
uhs7_1247--udt9675,parquet_residential_short_202512_res_MI,118404-1.parquet,135
uhs7_1247--udt9675,parquet_residential_short_202512_res_MI,129893-1.parquet,3
uhs7_1247--udt9675,parquet_residential_short_202512_res_MI,134138-1.parquet,5
uhs7_1247--udt9675,parquet_residential_short_202512_res_MI,14251-1.parquet,3
uhs7_1247--udt9675,parquet_residential_short_202512_res_MI,144380-1.parquet,10
uhs7_1247--udt9675,parquet_residential_short_202512_res_MI,144557-1.parquet,1
uhs7_1247--udt9675,parquet_residential_short_202512_res_MI,144707-1.parquet,1
uhs7_1247--udt9675,parquet_residential_short_202512_res_MI,145104-1.parquet,3
uhs7_1247--udt9675,parquet_residential_short_202512_res_MI,15283-1.parquet,8
uhs7_1247--udt9675,parquet_residential_short_202512_res_MI,158553-1.parquet,6
uhs7_1247--udt9675,parquet_residential_short_202512_res_MI,163888-1.parquet,6
uhs7_1247--udt9675,parquet_residential_short_202512_res_MI,163929-1.parquet,14
uhs7_1247--udt9675,parquet_residential_short_202512_res_MI,178848-1.parquet,141
uhs7_1247--udt9675,parquet_residential_short_202512_res_MI,178924-1.parquet,18
uhs7_1247--udt9675,parquet_residential_short_202512_res_MI,179061-1.parquet,364
uhs7_1247--udt9675,parquet_residential_short_202512_res_MI,179402-1.parquet,1
uhs7_1247--udt9675,parquet_residential_short_202512_res_MI,179991-1.parquet,3
uhs7_1247--udt9675,parquet_residential_short_202512_res_MI,181066-1.parquet,2
uhs7_1247--udt9675,parquet_residential_short_202512_res_MI,18662-1.parquet,1
uhs7_1247--udt9675,parquet_residential_short_202512_res_MI,189827-1.parquet,3
uhs7_1247--udt9675,parquet_residential_short_202512_res_MI,193304-1.parquet,4
uhs7_1247--udt9675,parquet_residential_short_202512_res_MI,195848-1.parquet,1
uhs7_1247--udt9675,parquet_residential_short_202512_res_MI,20070-1.parquet,1
uhs7_1247--udt9675,parquet_residential_short_202512_res_MI,202225-1.parquet,1
uhs7_1247--udt9675,parquet_residential_short_202512_res_MI,206690-1.parquet,1
uhs7_1247--udt9675,parquet_residential_short_202512_res_MI,213050-1.parquet,1
uhs7_1247--udt9675,parquet_residential_short_202512_res_MI,215616-1.parquet,1
uhs7_1247--udt9675,parquet_residential_short_202512_res_MI,219061-1.parquet,10
uhs7_1247--udt9675,parquet_residential_short_202512_res_MI,224704-1.parquet,1
uhs7_1247--udt9675,parquet_residential_short_202512_res_MI,229456-1.parquet,6
uhs7_1247--udt9675,parquet_residential_short_202512_res_MI,242004-1.parquet,2
uhs7_1247--udt9675,parquet_residential_short_202512_res_MI,245364-1.parquet,1
uhs7_1247--udt9675,parquet_residential_short_202512_res_MI,255062-1.parquet,9
uhs7_1247--udt9675,parquet_residential_short_202512_res_MI,256339-1.parquet,4
uhs7_1247--udt9675,parquet_residential_short_202512_res_MI,258760-1.parquet,1
uhs7_1247--udt9675,parquet_residential_short_202512_res_MI,263197-1.parquet,3
uhs7_1247--udt9675,parquet_residential_short_202512_res_MI,26343-1.parquet,14
uhs7_1247--udt9675,parquet_residential_short_202512_res_MI,270072-1.parquet,1
uhs7_1247--udt9675,parquet_residential_short_202512_res_MI,275115-1.parquet,33
uhs7_1247--udt9675,parquet_residential_short_202512_res_MI,277511-1.parquet,1
uhs7_1247--udt9675,parquet_residential_short_202512_res_MI,277988-1.parquet,1
uhs7_1247--udt9675,parquet_residential_short_202512_res_MI,280750-1.parquet,3
uhs7_1247--udt9675,parquet_residential_short_202512_res_MI,281826-1.parquet,3
uhs7_1247--udt9675,parquet_residential_short_202512_res_MI,282194-1.parquet,7
uhs7_1247--udt9675,parquet_residential_short_202512_res_MI,285946-1.parquet,3
uhs7_1247--udt9675,parquet_residential_short_202512_res_MI,292113-1.parquet,1
uhs7_1247--udt9675,parquet_residential_short_202512_res_MI,305049-1.parquet,1
uhs7_1247--udt9675,parquet_residential_short_202512_res_MI,305511-1.parquet,2
uhs7_1247--udt9675,parquet_residential_short_202512_res_MI,31043-1.parquet,11
uhs7_1247--udt9675,parquet_residential_short_202512_res_MI,31214-1.parquet,1
uhs7_1247--udt9675,parquet_residential_short_202512_res_MI,316181-1.parquet,2
uhs7_1247--udt9675,parquet_residential_short_202512_res_MI,316670-1.parquet,4
uhs7_1247--udt9675,parquet_residential_short_202512_res_MI,317135-1.parquet,4
uhs7_1247--udt9675,parquet_residential_short_202512_res_MI,317368-1.parquet,2
uhs7_1247--udt9675,parquet_residential_short_202512_res_MI,329472-1.parquet,11
uhs7_1247--udt9675,parquet_residential_short_202512_res_MI,32956-1.parquet,1
uhs7_1247--udt9675,parquet_residential_short_202512_res_MI,330999-1.parquet,1
uhs7_1247--udt9675,parquet_residential_short_202512_res_MI,331207-1.parquet,3
uhs7_1247--udt9675,parquet_residential_short_202512_res_MI,334073-1.parquet,106
uhs7_1247--udt9675,parquet_residential_short_202512_res_MI,344633-1.parquet,4
uhs7_1247--udt9675,parquet_residential_short_202512_res_MI,346477-1.parquet,2
uhs7_1247--udt9675,parquet_residential_short_202512_res_MI,361783-1.parquet,64
uhs7_1247--udt9675,parquet_residential_short_202512_res_MI,368957-1.parquet,1
uhs7_1247--udt9675,parquet_residential_short_202512_res_MI,370010-1.parquet,7
uhs7_1247--udt9675,parquet_residential_short_202512_res_MI,378338-1.parquet,66
uhs7_1247--udt9675,parquet_residential_short_202512_res_MI,380296-1.parquet,9
uhs7_1247--udt9675,parquet_residential_short_202512_res_MI,381828-1.parquet,3
uhs7_1247--udt9675,parquet_residential_short_202512_res_MI,381867-1.parquet,4
uhs7_1247--udt9675,parquet_residential_short_202512_res_MI,387495-1.parquet,4
uhs7_1247--udt9675,parquet_residential_short_202512_res_MI,392142-1.parquet,15
uhs7_1247--udt9675,parquet_residential_short_202512_res_MI,395863-1.parquet,7
uhs7_1247--udt9675,parquet_residential_short_202512_res_MI,396164-1.parquet,1
uhs7_1247--udt9675,parquet_residential_short_202512_res_MI,400912-1.parquet,45
uhs7_1247--udt9675,parquet_residential_short_202512_res_MI,411616-1.parquet,34
uhs7_1247--udt9675,parquet_residential_short_202512_res_MI,418555-1.parquet,5
uhs7_1247--udt9675,parquet_residential_short_202512_res_MI,426204-1.parquet,7
uhs7_1247--udt9675,parquet_residential_short_202512_res_MI,430122-1.parquet,2
uhs7_1247--udt9675,parquet_residential_short_202512_res_MI,433741-1.parquet,6
uhs7_1247--udt9675,parquet_residential_short_202512_res_MI,436629-1.parquet,18
uhs7_1247--udt9675,parquet_residential_short_202512_res_MI,437871-1.parquet,101
uhs7_1247--udt9675,parquet_residential_short_202512_res_MI,441370-1.parquet,4
uhs7_1247--udt9675,parquet_residential_short_202512_res_MI,444065-1.parquet,38
uhs7_1247--udt9675,parquet_residential_short_202512_res_MI,449958-1.parquet,14
uhs7_1247--udt9675,parquet_residential_short_202512_res_MI,453782-1.parquet,3
uhs7_1247--udt9675,parquet_residential_short_202512_res_MI,455633-1.parquet,1
uhs7_1247--udt9675,parquet_residential_short_202512_res_MI,457273-1.parquet,2
uhs7_1247--udt9675,parquet_residential_short_202512_res_MI,459710-1.parquet,2
uhs7_1247--udt9675,parquet_residential_short_202512_res_MI,463711-1.parquet,1
uhs7_1247--udt9675,parquet_residential_short_202512_res_MI,465693-1.parquet,2
uhs7_1247--udt9675,parquet_residential_short_202512_res_MI,473383-1.parquet,7
uhs7_1247--udt9675,parquet_residential_short_202512_res_MI,474345-1.parquet,12
uhs7_1247--udt9675,parquet_residential_short_202512_res_MI,478155-1.parquet,5
uhs7_1247--udt9675,parquet_residential_short_202512_res_MI,48368-1.parquet,10
uhs7_1247--udt9675,parquet_residential_short_202512_res_MI,485286-1.parquet,10
uhs7_1247--udt9675,parquet_residential_short_202512_res_MI,485537-1.parquet,10
uhs7_1247--udt9675,parquet_residential_short_202512_res_MI,491904-1.parquet,45
uhs7_1247--udt9675,parquet_residential_short_202512_res_MI,494108-1.parquet,18
uhs7_1247--udt9675,parquet_residential_short_202512_res_MI,498779-1.parquet,1
uhs7_1247--udt9675,parquet_residential_short_202512_res_MI,498993-1.parquet,5
uhs7_1247--udt9675,parquet_residential_short_202512_res_MI,502032-1.parquet,13
uhs7_1247--udt9675,parquet_residential_short_202512_res_MI,505391-1.parquet,17
uhs7_1247--udt9675,parquet_residential_short_202512_res_MI,505432-1.parquet,1
uhs7_1247--udt9675,parquet_residential_short_202512_res_MI,508330-1.parquet,19
uhs7_1247--udt9675,parquet_residential_short_202512_res_MI,509345-1.parquet,1
uhs7_1247--udt9675,parquet_residential_short_202512_res_MI,513814-1.parquet,18
uhs7_1247--udt9675,parquet_residential_short_202512_res_MI,519249-1.parquet,1
uhs7_1247--udt9675,parquet_residential_short_202512_res_MI,520460-1.parquet,3
uhs7_1247--udt9675,parquet_residential_short_202512_res_MI,521610-1.parquet,13
uhs7_1247--udt9675,parquet_residential_short_202512_res_MI,526776-1.parquet,4
uhs7_1247--udt9675,parquet_residential_short_202512_res_MI,527997-1.parquet,1
uhs7_1247--udt9675,parquet_residential_short_202512_res_MI,530245-1.parquet,6
uhs7_1247--udt9675,parquet_residential_short_202512_res_MI,530429-1.parquet,1
uhs7_1247--udt9675,parquet_residential_short_202512_res_MI,533319-1.parquet,11
uhs7_1247--udt9675,parquet_residential_short_202512_res_MI,53721-1.parquet,5
uhs7_1247--udt9675,parquet_residential_short_202512_res_MI,538350-1.parquet,41
uhs7_1247--udt9675,parquet_residential_short_202512_res_MI,540993-1.parquet,1
uhs7_1247--udt9675,parquet_residential_short_202512_res_MI,549574-1.parquet,9
uhs7_1247--udt9675,parquet_residential_short_202512_res_MI,74525-1.parquet,1
uhs7_1247--udt9675,parquet_residential_short_202512_res_MI,78734-1.parquet,3
uhs7_1247--udt9675,parquet_residential_short_202512_res_MI,8111-1.parquet,13
uhs7_1247--udt9675,parquet_residential_short_202512_res_MI,82218-1.parquet,2
uhs7_1247--udt9675,parquet_residential_short_202512_res_MI,87751-1.parquet,1
uhs7_1247--udt9675,parquet_residential_short_202512_res_MI,90350-1.parquet,1
uhs7_1247--udt9675,parquet_residential_short_202512_res_MI,92876-1.parquet,2
uhs7_1247--udt9675,parquet_residential_short_202512_res_MI,95747-1.parquet,3
uhs8_1247--udt12494,parquet_commercial_202512_comm_MI,157810-1.parquet,1
uhs8_1247--udt12494,parquet_commercial_202512_comm_MI,157823-1.parquet,3
uhs8_1247--udt12494,parquet_commercial_202512_comm_MI,157918-1.parquet,1
uhs8_1247--udt12494,parquet_commercial_202512_comm_MI,158456-1.parquet,5
uhs8_1247--udt12494,parquet_commercial_202512_comm_MI,158460-1.parquet,1
uhs8_1247--udt12494,parquet_commercial_202512_comm_MI,159114-1.parquet,2
uhs8_1247--udt12494,parquet_commercial_202512_comm_MI,159450-1.parquet,1
uhs8_1247--udt12494,parquet_commercial_202512_comm_MI,159485-1.parquet,3
uhs8_1247--udt12494,parquet_commercial_202512_comm_MI,160078-1.parquet,3
uhs8_1247--udt12494,parquet_commercial_202512_comm_MI,160365-1.parquet,1
uhs8_1247--udt12494,parquet_commercial_202512_comm_MI,160467-1.parquet,1
uhs8_1247--udt12494,parquet_commercial_202512_comm_MI,160477-1.parquet,1
uhs8_1247--udt12494,parquet_commercial_202512_comm_MI,160529-1.parquet,4
uhs8_1247--udt12494,parquet_commercial_202512_comm_MI,160747-1.parquet,1
uhs8_1247--udt12494,parquet_commercial_202512_comm_MI,160855-8.parquet,1
uhs8_1247--udt12494,parquet_commercial_202512_comm_MI,161054-1.parquet,1
uhs8_1247--udt12494,parquet_commercial_202512_comm_MI,161077-1.parquet,1
uhs8_1247--udt12494,parquet_commercial_202512_comm_MI,161134-1.parquet,3
uhs8_1247--udt12494,parquet_commercial_202512_comm_MI,161969-1.parquet,1
uhs8_1247--udt12494,parquet_commercial_202512_comm_MI,162172-1.parquet,1
uhs8_1247--udt12494,parquet_commercial_202512_comm_MI,162590-8.parquet,1
uhs8_1247--udt12494,parquet_commercial_202512_comm_MI,163659-1.parquet,1
uhs8_1247--udt12494,parquet_commercial_202512_comm_MI,164206-1.parquet,1
uhs8_1247--udt12494,parquet_commercial_202512_comm_MI,164547-1.parquet,1
uhs8_1247--udt12494,parquet_commercial_202512_comm_MI,164606-1.parquet,1
uhs8_1247--udt12494,parquet_commercial_202512_comm_MI,164928-8.parquet,1
uhs8_1247--udt12494,parquet_commercial_202512_comm_MI,164945-8.parquet,1
uhs8_1247--udt12494,parquet_commercial_202512_comm_MI,167314-1.parquet,1
uhs8_1247--udt12494,parquet_commercial_202512_comm_MI,167382-1.parquet,2
uhs8_1247--udt12494,parquet_commercial_202512_comm_MI,168388-1.parquet,1
uhs8_1247--udt12494,parquet_commercial_202512_comm_MI,168555-1.parquet,1
uhs8_1247--udt12494,parquet_commercial_202512_comm_MI,168901-1.parquet,1
uhs8_1247--udt12494,parquet_commercial_202512_comm_MI,169316-1.parquet,1
uhs8_1247--udt12494,parquet_commercial_202512_comm_MI,169634-1.parquet,2
uhs8_1247--udt12494,parquet_commercial_202512_comm_MI,169644-1.parquet,1
uhs8_1247--udt12494,parquet_commercial_202512_comm_MI,169655-1.parquet,1
uhs8_1247--udt12494,parquet_commercial_202512_comm_MI,169660-8.parquet,1
uhs8_1247--udt12494,parquet_commercial_202512_comm_MI,169773-1.parquet,1
uhs8_1247--udt12494,parquet_residential_short_202512_res_MI,10381-1.parquet,8
uhs8_1247--udt12494,parquet_residential_short_202512_res_MI,104079-1.parquet,2
uhs8_1247--udt12494,parquet_residential_short_202512_res_MI,111086-1.parquet,1
uhs8_1247--udt12494,parquet_residential_short_202512_res_MI,11278-1.parquet,3
uhs8_1247--udt12494,parquet_residential_short_202512_res_MI,113255-1.parquet,7
uhs8_1247--udt12494,parquet_residential_short_202512_res_MI,113495-1.parquet,2
uhs8_1247--udt12494,parquet_residential_short_202512_res_MI,11596-1.parquet,5
uhs8_1247--udt12494,parquet_residential_short_202512_res_MI,116219-1.parquet,3
uhs8_1247--udt12494,parquet_residential_short_202512_res_MI,118404-1.parquet,65
uhs8_1247--udt12494,parquet_residential_short_202512_res_MI,129325-1.parquet,1
uhs8_1247--udt12494,parquet_residential_short_202512_res_MI,129893-1.parquet,1
uhs8_1247--udt12494,parquet_residential_short_202512_res_MI,134138-1.parquet,3
uhs8_1247--udt12494,parquet_residential_short_202512_res_MI,141664-1.parquet,2
uhs8_1247--udt12494,parquet_residential_short_202512_res_MI,14251-1.parquet,3
uhs8_1247--udt12494,parquet_residential_short_202512_res_MI,144380-1.parquet,1
uhs8_1247--udt12494,parquet_residential_short_202512_res_MI,144557-1.parquet,1
uhs8_1247--udt12494,parquet_residential_short_202512_res_MI,144803-1.parquet,2
uhs8_1247--udt12494,parquet_residential_short_202512_res_MI,145104-1.parquet,1
uhs8_1247--udt12494,parquet_residential_short_202512_res_MI,15283-1.parquet,4
uhs8_1247--udt12494,parquet_residential_short_202512_res_MI,158553-1.parquet,1
uhs8_1247--udt12494,parquet_residential_short_202512_res_MI,161125-1.parquet,1
uhs8_1247--udt12494,parquet_residential_short_202512_res_MI,163888-1.parquet,10
uhs8_1247--udt12494,parquet_residential_short_202512_res_MI,163929-1.parquet,16
uhs8_1247--udt12494,parquet_residential_short_202512_res_MI,169556-1.parquet,5
uhs8_1247--udt12494,parquet_residential_short_202512_res_MI,178522-1.parquet,1
uhs8_1247--udt12494,parquet_residential_short_202512_res_MI,178848-1.parquet,82
uhs8_1247--udt12494,parquet_residential_short_202512_res_MI,178924-1.parquet,9
uhs8_1247--udt12494,parquet_residential_short_202512_res_MI,179061-1.parquet,149
uhs8_1247--udt12494,parquet_residential_short_202512_res_MI,179402-1.parquet,1
uhs8_1247--udt12494,parquet_residential_short_202512_res_MI,179991-1.parquet,2
uhs8_1247--udt12494,parquet_residential_short_202512_res_MI,181066-1.parquet,1
uhs8_1247--udt12494,parquet_residential_short_202512_res_MI,181096-1.parquet,1
uhs8_1247--udt12494,parquet_residential_short_202512_res_MI,181568-1.parquet,2
uhs8_1247--udt12494,parquet_residential_short_202512_res_MI,18662-1.parquet,1
uhs8_1247--udt12494,parquet_residential_short_202512_res_MI,189827-1.parquet,9
uhs8_1247--udt12494,parquet_residential_short_202512_res_MI,193304-1.parquet,25
uhs8_1247--udt12494,parquet_residential_short_202512_res_MI,193666-1.parquet,1
uhs8_1247--udt12494,parquet_residential_short_202512_res_MI,195848-1.parquet,1
uhs8_1247--udt12494,parquet_residential_short_202512_res_MI,20070-1.parquet,3
uhs8_1247--udt12494,parquet_residential_short_202512_res_MI,206690-1.parquet,3
uhs8_1247--udt12494,parquet_residential_short_202512_res_MI,208625-1.parquet,2
uhs8_1247--udt12494,parquet_residential_short_202512_res_MI,211618-1.parquet,3
uhs8_1247--udt12494,parquet_residential_short_202512_res_MI,213050-1.parquet,1
uhs8_1247--udt12494,parquet_residential_short_202512_res_MI,219061-1.parquet,3
uhs8_1247--udt12494,parquet_residential_short_202512_res_MI,22378-1.parquet,1
uhs8_1247--udt12494,parquet_residential_short_202512_res_MI,224704-1.parquet,1
uhs8_1247--udt12494,parquet_residential_short_202512_res_MI,229456-1.parquet,4
uhs8_1247--udt12494,parquet_residential_short_202512_res_MI,229902-1.parquet,1
uhs8_1247--udt12494,parquet_residential_short_202512_res_MI,240169-1.parquet,1
uhs8_1247--udt12494,parquet_residential_short_202512_res_MI,242004-1.parquet,28
uhs8_1247--udt12494,parquet_residential_short_202512_res_MI,245364-1.parquet,1
uhs8_1247--udt12494,parquet_residential_short_202512_res_MI,252372-1.parquet,7
uhs8_1247--udt12494,parquet_residential_short_202512_res_MI,255062-1.parquet,7
uhs8_1247--udt12494,parquet_residential_short_202512_res_MI,256339-1.parquet,3
uhs8_1247--udt12494,parquet_residential_short_202512_res_MI,25870-1.parquet,2
uhs8_1247--udt12494,parquet_residential_short_202512_res_MI,26004-1.parquet,3
uhs8_1247--udt12494,parquet_residential_short_202512_res_MI,261491-1.parquet,1
uhs8_1247--udt12494,parquet_residential_short_202512_res_MI,263197-1.parquet,15
uhs8_1247--udt12494,parquet_residential_short_202512_res_MI,26343-1.parquet,3
uhs8_1247--udt12494,parquet_residential_short_202512_res_MI,275115-1.parquet,6
uhs8_1247--udt12494,parquet_residential_short_202512_res_MI,275600-1.parquet,2
uhs8_1247--udt12494,parquet_residential_short_202512_res_MI,277511-1.parquet,1
uhs8_1247--udt12494,parquet_residential_short_202512_res_MI,277988-1.parquet,1
uhs8_1247--udt12494,parquet_residential_short_202512_res_MI,278143-1.parquet,1
uhs8_1247--udt12494,parquet_residential_short_202512_res_MI,280750-1.parquet,2
uhs8_1247--udt12494,parquet_residential_short_202512_res_MI,281826-1.parquet,2
uhs8_1247--udt12494,parquet_residential_short_202512_res_MI,282194-1.parquet,3
uhs8_1247--udt12494,parquet_residential_short_202512_res_MI,285678-1.parquet,3
uhs8_1247--udt12494,parquet_residential_short_202512_res_MI,292113-1.parquet,8
uhs8_1247--udt12494,parquet_residential_short_202512_res_MI,29488-1.parquet,1
uhs8_1247--udt12494,parquet_residential_short_202512_res_MI,298607-1.parquet,1
uhs8_1247--udt12494,parquet_residential_short_202512_res_MI,300299-1.parquet,2
uhs8_1247--udt12494,parquet_residential_short_202512_res_MI,31043-1.parquet,1
uhs8_1247--udt12494,parquet_residential_short_202512_res_MI,316181-1.parquet,6
uhs8_1247--udt12494,parquet_residential_short_202512_res_MI,316670-1.parquet,2
uhs8_1247--udt12494,parquet_residential_short_202512_res_MI,317135-1.parquet,3
uhs8_1247--udt12494,parquet_residential_short_202512_res_MI,317368-1.parquet,2
uhs8_1247--udt12494,parquet_residential_short_202512_res_MI,320231-1.parquet,2
uhs8_1247--udt12494,parquet_residential_short_202512_res_MI,329472-1.parquet,5
uhs8_1247--udt12494,parquet_residential_short_202512_res_MI,32956-1.parquet,7
uhs8_1247--udt12494,parquet_residential_short_202512_res_MI,331355-1.parquet,6
uhs8_1247--udt12494,parquet_residential_short_202512_res_MI,334073-1.parquet,64
uhs8_1247--udt12494,parquet_residential_short_202512_res_MI,335327-1.parquet,3
uhs8_1247--udt12494,parquet_residential_short_202512_res_MI,346477-1.parquet,6
uhs8_1247--udt12494,parquet_residential_short_202512_res_MI,350694-1.parquet,1
uhs8_1247--udt12494,parquet_residential_short_202512_res_MI,354403-1.parquet,10
uhs8_1247--udt12494,parquet_residential_short_202512_res_MI,356343-1.parquet,1
uhs8_1247--udt12494,parquet_residential_short_202512_res_MI,361783-1.parquet,65
uhs8_1247--udt12494,parquet_residential_short_202512_res_MI,363455-1.parquet,1
uhs8_1247--udt12494,parquet_residential_short_202512_res_MI,368387-1.parquet,22
uhs8_1247--udt12494,parquet_residential_short_202512_res_MI,368438-1.parquet,1
uhs8_1247--udt12494,parquet_residential_short_202512_res_MI,378338-1.parquet,23
uhs8_1247--udt12494,parquet_residential_short_202512_res_MI,380296-1.parquet,1
uhs8_1247--udt12494,parquet_residential_short_202512_res_MI,381867-1.parquet,20
uhs8_1247--udt12494,parquet_residential_short_202512_res_MI,387495-1.parquet,2
uhs8_1247--udt12494,parquet_residential_short_202512_res_MI,392142-1.parquet,13
uhs8_1247--udt12494,parquet_residential_short_202512_res_MI,39516-1.parquet,1
uhs8_1247--udt12494,parquet_residential_short_202512_res_MI,39539-1.parquet,2
uhs8_1247--udt12494,parquet_residential_short_202512_res_MI,396717-1.parquet,2
uhs8_1247--udt12494,parquet_residential_short_202512_res_MI,400912-1.parquet,18
uhs8_1247--udt12494,parquet_residential_short_202512_res_MI,405426-1.parquet,2
uhs8_1247--udt12494,parquet_residential_short_202512_res_MI,411616-1.parquet,102
uhs8_1247--udt12494,parquet_residential_short_202512_res_MI,417744-1.parquet,1
uhs8_1247--udt12494,parquet_residential_short_202512_res_MI,418555-1.parquet,3
uhs8_1247--udt12494,parquet_residential_short_202512_res_MI,421729-1.parquet,1
uhs8_1247--udt12494,parquet_residential_short_202512_res_MI,426204-1.parquet,9
uhs8_1247--udt12494,parquet_residential_short_202512_res_MI,430122-1.parquet,1
uhs8_1247--udt12494,parquet_residential_short_202512_res_MI,433000-1.parquet,1
uhs8_1247--udt12494,parquet_residential_short_202512_res_MI,433379-1.parquet,1
uhs8_1247--udt12494,parquet_residential_short_202512_res_MI,433741-1.parquet,1
uhs8_1247--udt12494,parquet_residential_short_202512_res_MI,436629-1.parquet,10
uhs8_1247--udt12494,parquet_residential_short_202512_res_MI,437871-1.parquet,35
uhs8_1247--udt12494,parquet_residential_short_202512_res_MI,439442-1.parquet,5
uhs8_1247--udt12494,parquet_residential_short_202512_res_MI,441370-1.parquet,8
uhs8_1247--udt12494,parquet_residential_short_202512_res_MI,444065-1.parquet,10
uhs8_1247--udt12494,parquet_residential_short_202512_res_MI,445779-1.parquet,1
uhs8_1247--udt12494,parquet_residential_short_202512_res_MI,449575-1.parquet,2
uhs8_1247--udt12494,parquet_residential_short_202512_res_MI,449958-1.parquet,7
uhs8_1247--udt12494,parquet_residential_short_202512_res_MI,453782-1.parquet,3
uhs8_1247--udt12494,parquet_residential_short_202512_res_MI,455633-1.parquet,3
uhs8_1247--udt12494,parquet_residential_short_202512_res_MI,457273-1.parquet,12
uhs8_1247--udt12494,parquet_residential_short_202512_res_MI,457563-1.parquet,3
uhs8_1247--udt12494,parquet_residential_short_202512_res_MI,457712-1.parquet,1
uhs8_1247--udt12494,parquet_residential_short_202512_res_MI,458168-1.parquet,1
uhs8_1247--udt12494,parquet_residential_short_202512_res_MI,459710-1.parquet,2
uhs8_1247--udt12494,parquet_residential_short_202512_res_MI,463711-1.parquet,2
uhs8_1247--udt12494,parquet_residential_short_202512_res_MI,465000-1.parquet,1
uhs8_1247--udt12494,parquet_residential_short_202512_res_MI,465693-1.parquet,18
uhs8_1247--udt12494,parquet_residential_short_202512_res_MI,473383-1.parquet,5
uhs8_1247--udt12494,parquet_residential_short_202512_res_MI,474345-1.parquet,3
uhs8_1247--udt12494,parquet_residential_short_202512_res_MI,478155-1.parquet,1
uhs8_1247--udt12494,parquet_residential_short_202512_res_MI,48368-1.parquet,1
uhs8_1247--udt12494,parquet_residential_short_202512_res_MI,485286-1.parquet,6
uhs8_1247--udt12494,parquet_residential_short_202512_res_MI,485537-1.parquet,1
uhs8_1247--udt12494,parquet_residential_short_202512_res_MI,488964-1.parquet,1
uhs8_1247--udt12494,parquet_residential_short_202512_res_MI,491904-1.parquet,22
uhs8_1247--udt12494,parquet_residential_short_202512_res_MI,494108-1.parquet,8
uhs8_1247--udt12494,parquet_residential_short_202512_res_MI,498993-1.parquet,4
uhs8_1247--udt12494,parquet_residential_short_202512_res_MI,502032-1.parquet,4
uhs8_1247--udt12494,parquet_residential_short_202512_res_MI,505391-1.parquet,7
uhs8_1247--udt12494,parquet_residential_short_202512_res_MI,505432-1.parquet,1
uhs8_1247--udt12494,parquet_residential_short_202512_res_MI,508330-1.parquet,87
uhs8_1247--udt12494,parquet_residential_short_202512_res_MI,509345-1.parquet,26
uhs8_1247--udt12494,parquet_residential_short_202512_res_MI,511999-1.parquet,1
uhs8_1247--udt12494,parquet_residential_short_202512_res_MI,513814-1.parquet,3
uhs8_1247--udt12494,parquet_residential_short_202512_res_MI,519249-1.parquet,3
uhs8_1247--udt12494,parquet_residential_short_202512_res_MI,521610-1.parquet,6
uhs8_1247--udt12494,parquet_residential_short_202512_res_MI,523472-1.parquet,2
uhs8_1247--udt12494,parquet_residential_short_202512_res_MI,525496-1.parquet,6
uhs8_1247--udt12494,parquet_residential_short_202512_res_MI,526776-1.parquet,1
uhs8_1247--udt12494,parquet_residential_short_202512_res_MI,527997-1.parquet,1
uhs8_1247--udt12494,parquet_residential_short_202512_res_MI,530429-1.parquet,1
uhs8_1247--udt12494,parquet_residential_short_202512_res_MI,533319-1.parquet,1
uhs8_1247--udt12494,parquet_residential_short_202512_res_MI,538350-1.parquet,18
uhs8_1247--udt12494,parquet_residential_short_202512_res_MI,540993-1.parquet,1
uhs8_1247--udt12494,parquet_residential_short_202512_res_MI,549574-1.parquet,1
uhs8_1247--udt12494,parquet_residential_short_202512_res_MI,73789-1.parquet,4
uhs8_1247--udt12494,parquet_residential_short_202512_res_MI,74525-1.parquet,16
uhs8_1247--udt12494,parquet_residential_short_202512_res_MI,78734-1.parquet,1
uhs8_1247--udt12494,parquet_residential_short_202512_res_MI,8111-1.parquet,1
uhs8_1247--udt12494,parquet_residential_short_202512_res_MI,82218-1.parquet,2
uhs8_1247--udt12494,parquet_residential_short_202512_res_MI,83885-1.parquet,5
uhs8_1247--udt12494,parquet_residential_short_202512_res_MI,84894-1.parquet,1
uhs8_1247--udt12494,parquet_residential_short_202512_res_MI,87751-1.parquet,1
uhs8_1247--udt12494,parquet_residential_short_202512_res_MI,90350-1.parquet,4
uhs8_1247--udt12494,parquet_residential_short_202512_res_MI,92876-1.parquet,8
uhs8_1247--udt12494,parquet_residential_short_202512_res_MI,95747-1.parquet,2
uhs8_1247--udt12494,parquet_residential_short_202512_res_MI,97944-1.parquet,2
uhs8_1247--udt7252,parquet_commercial_202512_comm_MI,157661-1.parquet,1
uhs8_1247--udt7252,parquet_commercial_202512_comm_MI,157688-1.parquet,1
uhs8_1247--udt7252,parquet_commercial_202512_comm_MI,157823-1.parquet,4
uhs8_1247--udt7252,parquet_commercial_202512_comm_MI,158184-1.parquet,1
uhs8_1247--udt7252,parquet_commercial_202512_comm_MI,158365-1.parquet,1
uhs8_1247--udt7252,parquet_commercial_202512_comm_MI,158460-1.parquet,4
uhs8_1247--udt7252,parquet_commercial_202512_comm_MI,158634-1.parquet,4
uhs8_1247--udt7252,parquet_commercial_202512_comm_MI,158792-8.parquet,1
uhs8_1247--udt7252,parquet_commercial_202512_comm_MI,158941-1.parquet,1
uhs8_1247--udt7252,parquet_commercial_202512_comm_MI,159075-1.parquet,1
uhs8_1247--udt7252,parquet_commercial_202512_comm_MI,159158-1.parquet,1
uhs8_1247--udt7252,parquet_commercial_202512_comm_MI,159485-1.parquet,28
uhs8_1247--udt7252,parquet_commercial_202512_comm_MI,159615-8.parquet,2
uhs8_1247--udt7252,parquet_commercial_202512_comm_MI,160078-1.parquet,1
uhs8_1247--udt7252,parquet_commercial_202512_comm_MI,160365-1.parquet,1
uhs8_1247--udt7252,parquet_commercial_202512_comm_MI,160434-1.parquet,1
uhs8_1247--udt7252,parquet_commercial_202512_comm_MI,160467-1.parquet,1
uhs8_1247--udt7252,parquet_commercial_202512_comm_MI,160477-1.parquet,1
uhs8_1247--udt7252,parquet_commercial_202512_comm_MI,161214-1.parquet,2
uhs8_1247--udt7252,parquet_commercial_202512_comm_MI,161335-1.parquet,1
uhs8_1247--udt7252,parquet_commercial_202512_comm_MI,161632-1.parquet,1
uhs8_1247--udt7252,parquet_commercial_202512_comm_MI,161642-1.parquet,2
uhs8_1247--udt7252,parquet_commercial_202512_comm_MI,161674-1.parquet,1
uhs8_1247--udt7252,parquet_commercial_202512_comm_MI,161761-1.parquet,1
uhs8_1247--udt7252,parquet_commercial_202512_comm_MI,161810-1.parquet,2
uhs8_1247--udt7252,parquet_commercial_202512_comm_MI,162088-1.parquet,1
uhs8_1247--udt7252,parquet_commercial_202512_comm_MI,162093-1.parquet,4
uhs8_1247--udt7252,parquet_commercial_202512_comm_MI,162221-1.parquet,1
uhs8_1247--udt7252,parquet_commercial_202512_comm_MI,162280-1.parquet,1
uhs8_1247--udt7252,parquet_commercial_202512_comm_MI,162329-1.parquet,1
uhs8_1247--udt7252,parquet_commercial_202512_comm_MI,162701-1.parquet,1
uhs8_1247--udt7252,parquet_commercial_202512_comm_MI,163559-1.parquet,6
uhs8_1247--udt7252,parquet_commercial_202512_comm_MI,163710-1.parquet,1
uhs8_1247--udt7252,parquet_commercial_202512_comm_MI,164001-8.parquet,1
uhs8_1247--udt7252,parquet_commercial_202512_comm_MI,164079-1.parquet,17
uhs8_1247--udt7252,parquet_commercial_202512_comm_MI,164341-1.parquet,1
uhs8_1247--udt7252,parquet_commercial_202512_comm_MI,164606-1.parquet,3
uhs8_1247--udt7252,parquet_commercial_202512_comm_MI,164928-8.parquet,1
uhs8_1247--udt7252,parquet_commercial_202512_comm_MI,164945-8.parquet,1
uhs8_1247--udt7252,parquet_commercial_202512_comm_MI,165018-8.parquet,5
uhs8_1247--udt7252,parquet_commercial_202512_comm_MI,165166-1.parquet,1
uhs8_1247--udt7252,parquet_commercial_202512_comm_MI,165234-1.parquet,1
uhs8_1247--udt7252,parquet_commercial_202512_comm_MI,165246-1.parquet,1
uhs8_1247--udt7252,parquet_commercial_202512_comm_MI,165260-1.parquet,1
uhs8_1247--udt7252,parquet_commercial_202512_comm_MI,165277-1.parquet,1
uhs8_1247--udt7252,parquet_commercial_202512_comm_MI,165376-1.parquet,1
uhs8_1247--udt7252,parquet_commercial_202512_comm_MI,165583-1.parquet,2
uhs8_1247--udt7252,parquet_commercial_202512_comm_MI,165799-1.parquet,1
uhs8_1247--udt7252,parquet_commercial_202512_comm_MI,166183-1.parquet,1
uhs8_1247--udt7252,parquet_commercial_202512_comm_MI,166339-1.parquet,3
uhs8_1247--udt7252,parquet_commercial_202512_comm_MI,166676-1.parquet,1
uhs8_1247--udt7252,parquet_commercial_202512_comm_MI,167209-1.parquet,2
uhs8_1247--udt7252,parquet_commercial_202512_comm_MI,167455-1.parquet,2
uhs8_1247--udt7252,parquet_commercial_202512_comm_MI,167931-1.parquet,2
uhs8_1247--udt7252,parquet_commercial_202512_comm_MI,168033-1.parquet,7
uhs8_1247--udt7252,parquet_commercial_202512_comm_MI,168053-1.parquet,3
uhs8_1247--udt7252,parquet_commercial_202512_comm_MI,168064-1.parquet,1
uhs8_1247--udt7252,parquet_commercial_202512_comm_MI,168193-1.parquet,1
uhs8_1247--udt7252,parquet_commercial_202512_comm_MI,169085-1.parquet,1
uhs8_1247--udt7252,parquet_commercial_202512_comm_MI,169263-1.parquet,1
uhs8_1247--udt7252,parquet_commercial_202512_comm_MI,169293-1.parquet,4
uhs8_1247--udt7252,parquet_commercial_202512_comm_MI,169316-1.parquet,1
uhs8_1247--udt7252,parquet_commercial_202512_comm_MI,169471-1.parquet,2
uhs8_1247--udt7252,parquet_commercial_202512_comm_MI,169537-1.parquet,1
uhs8_1247--udt7252,parquet_commercial_202512_comm_MI,169601-8.parquet,2
uhs8_1247--udt7252,parquet_commercial_202512_comm_MI,169655-1.parquet,1
uhs8_1247--udt7252,parquet_commercial_202512_comm_MI,169898-1.parquet,1
uhs8_1247--udt7252,parquet_commercial_202512_comm_MI,170028-1.parquet,1
uhs8_1247--udt7252,parquet_commercial_202512_comm_MI,170067-1.parquet,1
uhs8_1247--udt7252,parquet_residential_short_202512_res_MI,10381-1.parquet,4
uhs8_1247--udt7252,parquet_residential_short_202512_res_MI,110028-1.parquet,1
uhs8_1247--udt7252,parquet_residential_short_202512_res_MI,111086-1.parquet,1
uhs8_1247--udt7252,parquet_residential_short_202512_res_MI,113255-1.parquet,1
uhs8_1247--udt7252,parquet_residential_short_202512_res_MI,11596-1.parquet,3
uhs8_1247--udt7252,parquet_residential_short_202512_res_MI,118404-1.parquet,2
uhs8_1247--udt7252,parquet_residential_short_202512_res_MI,129325-1.parquet,1
uhs8_1247--udt7252,parquet_residential_short_202512_res_MI,134138-1.parquet,1
uhs8_1247--udt7252,parquet_residential_short_202512_res_MI,141664-1.parquet,2
uhs8_1247--udt7252,parquet_residential_short_202512_res_MI,144380-1.parquet,3
uhs8_1247--udt7252,parquet_residential_short_202512_res_MI,144803-1.parquet,1
uhs8_1247--udt7252,parquet_residential_short_202512_res_MI,15283-1.parquet,1
uhs8_1247--udt7252,parquet_residential_short_202512_res_MI,163888-1.parquet,11
uhs8_1247--udt7252,parquet_residential_short_202512_res_MI,163929-1.parquet,7
uhs8_1247--udt7252,parquet_residential_short_202512_res_MI,169556-1.parquet,3
uhs8_1247--udt7252,parquet_residential_short_202512_res_MI,178848-1.parquet,45
uhs8_1247--udt7252,parquet_residential_short_202512_res_MI,178924-1.parquet,2
uhs8_1247--udt7252,parquet_residential_short_202512_res_MI,179061-1.parquet,17
uhs8_1247--udt7252,parquet_residential_short_202512_res_MI,179402-1.parquet,4
uhs8_1247--udt7252,parquet_residential_short_202512_res_MI,180563-1.parquet,4
uhs8_1247--udt7252,parquet_residential_short_202512_res_MI,181066-1.parquet,1
uhs8_1247--udt7252,parquet_residential_short_202512_res_MI,181568-1.parquet,1
uhs8_1247--udt7252,parquet_residential_short_202512_res_MI,18662-1.parquet,1
uhs8_1247--udt7252,parquet_residential_short_202512_res_MI,193304-1.parquet,18
uhs8_1247--udt7252,parquet_residential_short_202512_res_MI,193666-1.parquet,1
uhs8_1247--udt7252,parquet_residential_short_202512_res_MI,198563-1.parquet,2
uhs8_1247--udt7252,parquet_residential_short_202512_res_MI,202225-1.parquet,1
uhs8_1247--udt7252,parquet_residential_short_202512_res_MI,203104-1.parquet,1
uhs8_1247--udt7252,parquet_residential_short_202512_res_MI,204257-1.parquet,1
uhs8_1247--udt7252,parquet_residential_short_202512_res_MI,206690-1.parquet,3
uhs8_1247--udt7252,parquet_residential_short_202512_res_MI,208625-1.parquet,3
uhs8_1247--udt7252,parquet_residential_short_202512_res_MI,211618-1.parquet,1
uhs8_1247--udt7252,parquet_residential_short_202512_res_MI,215616-1.parquet,1
uhs8_1247--udt7252,parquet_residential_short_202512_res_MI,219061-1.parquet,2
uhs8_1247--udt7252,parquet_residential_short_202512_res_MI,22378-1.parquet,2
uhs8_1247--udt7252,parquet_residential_short_202512_res_MI,229456-1.parquet,1
uhs8_1247--udt7252,parquet_residential_short_202512_res_MI,242004-1.parquet,17
uhs8_1247--udt7252,parquet_residential_short_202512_res_MI,252372-1.parquet,2
uhs8_1247--udt7252,parquet_residential_short_202512_res_MI,255062-1.parquet,4
uhs8_1247--udt7252,parquet_residential_short_202512_res_MI,26004-1.parquet,1
uhs8_1247--udt7252,parquet_residential_short_202512_res_MI,263197-1.parquet,14
uhs8_1247--udt7252,parquet_residential_short_202512_res_MI,26343-1.parquet,3
uhs8_1247--udt7252,parquet_residential_short_202512_res_MI,275115-1.parquet,9
uhs8_1247--udt7252,parquet_residential_short_202512_res_MI,275600-1.parquet,1
uhs8_1247--udt7252,parquet_residential_short_202512_res_MI,277511-1.parquet,3
uhs8_1247--udt7252,parquet_residential_short_202512_res_MI,277988-1.parquet,2
uhs8_1247--udt7252,parquet_residential_short_202512_res_MI,285678-1.parquet,12
uhs8_1247--udt7252,parquet_residential_short_202512_res_MI,286308-1.parquet,2
uhs8_1247--udt7252,parquet_residential_short_202512_res_MI,292113-1.parquet,9
uhs8_1247--udt7252,parquet_residential_short_202512_res_MI,292202-1.parquet,1
uhs8_1247--udt7252,parquet_residential_short_202512_res_MI,300299-1.parquet,5
uhs8_1247--udt7252,parquet_residential_short_202512_res_MI,301831-1.parquet,1
uhs8_1247--udt7252,parquet_residential_short_202512_res_MI,306457-1.parquet,1
uhs8_1247--udt7252,parquet_residential_short_202512_res_MI,31043-1.parquet,1
uhs8_1247--udt7252,parquet_residential_short_202512_res_MI,316181-1.parquet,1
uhs8_1247--udt7252,parquet_residential_short_202512_res_MI,317135-1.parquet,1
uhs8_1247--udt7252,parquet_residential_short_202512_res_MI,32711-1.parquet,3
uhs8_1247--udt7252,parquet_residential_short_202512_res_MI,329472-1.parquet,3
uhs8_1247--udt7252,parquet_residential_short_202512_res_MI,329529-1.parquet,1
uhs8_1247--udt7252,parquet_residential_short_202512_res_MI,330999-1.parquet,15
uhs8_1247--udt7252,parquet_residential_short_202512_res_MI,331355-1.parquet,1
uhs8_1247--udt7252,parquet_residential_short_202512_res_MI,334073-1.parquet,29
uhs8_1247--udt7252,parquet_residential_short_202512_res_MI,340841-1.parquet,1
uhs8_1247--udt7252,parquet_residential_short_202512_res_MI,344633-1.parquet,1
uhs8_1247--udt7252,parquet_residential_short_202512_res_MI,346477-1.parquet,9
uhs8_1247--udt7252,parquet_residential_short_202512_res_MI,34826-1.parquet,2
uhs8_1247--udt7252,parquet_residential_short_202512_res_MI,350694-1.parquet,1
uhs8_1247--udt7252,parquet_residential_short_202512_res_MI,353453-1.parquet,1
uhs8_1247--udt7252,parquet_residential_short_202512_res_MI,361783-1.parquet,32
uhs8_1247--udt7252,parquet_residential_short_202512_res_MI,365825-1.parquet,1
uhs8_1247--udt7252,parquet_residential_short_202512_res_MI,368387-1.parquet,21
uhs8_1247--udt7252,parquet_residential_short_202512_res_MI,368957-1.parquet,1
uhs8_1247--udt7252,parquet_residential_short_202512_res_MI,370010-1.parquet,1
uhs8_1247--udt7252,parquet_residential_short_202512_res_MI,377543-1.parquet,2
uhs8_1247--udt7252,parquet_residential_short_202512_res_MI,378338-1.parquet,1
uhs8_1247--udt7252,parquet_residential_short_202512_res_MI,379240-1.parquet,3
uhs8_1247--udt7252,parquet_residential_short_202512_res_MI,381867-1.parquet,25
uhs8_1247--udt7252,parquet_residential_short_202512_res_MI,387495-1.parquet,5
uhs8_1247--udt7252,parquet_residential_short_202512_res_MI,392142-1.parquet,6
uhs8_1247--udt7252,parquet_residential_short_202512_res_MI,39516-1.parquet,4
uhs8_1247--udt7252,parquet_residential_short_202512_res_MI,39539-1.parquet,1
uhs8_1247--udt7252,parquet_residential_short_202512_res_MI,396717-1.parquet,3
uhs8_1247--udt7252,parquet_residential_short_202512_res_MI,400439-1.parquet,2
uhs8_1247--udt7252,parquet_residential_short_202512_res_MI,400912-1.parquet,7
uhs8_1247--udt7252,parquet_residential_short_202512_res_MI,402675-1.parquet,3
uhs8_1247--udt7252,parquet_residential_short_202512_res_MI,405426-1.parquet,4
uhs8_1247--udt7252,parquet_residential_short_202512_res_MI,411616-1.parquet,84
uhs8_1247--udt7252,parquet_residential_short_202512_res_MI,417744-1.parquet,3
uhs8_1247--udt7252,parquet_residential_short_202512_res_MI,418555-1.parquet,2
uhs8_1247--udt7252,parquet_residential_short_202512_res_MI,421729-1.parquet,1
uhs8_1247--udt7252,parquet_residential_short_202512_res_MI,426204-1.parquet,6
uhs8_1247--udt7252,parquet_residential_short_202512_res_MI,430122-1.parquet,4
uhs8_1247--udt7252,parquet_residential_short_202512_res_MI,432489-1.parquet,1
uhs8_1247--udt7252,parquet_residential_short_202512_res_MI,432811-1.parquet,1
uhs8_1247--udt7252,parquet_residential_short_202512_res_MI,433379-1.parquet,1
uhs8_1247--udt7252,parquet_residential_short_202512_res_MI,436629-1.parquet,2
uhs8_1247--udt7252,parquet_residential_short_202512_res_MI,437871-1.parquet,4
uhs8_1247--udt7252,parquet_residential_short_202512_res_MI,439442-1.parquet,1
uhs8_1247--udt7252,parquet_residential_short_202512_res_MI,441370-1.parquet,12
uhs8_1247--udt7252,parquet_residential_short_202512_res_MI,444065-1.parquet,1
uhs8_1247--udt7252,parquet_residential_short_202512_res_MI,449575-1.parquet,2
uhs8_1247--udt7252,parquet_residential_short_202512_res_MI,44963-1.parquet,1
uhs8_1247--udt7252,parquet_residential_short_202512_res_MI,449958-1.parquet,1
uhs8_1247--udt7252,parquet_residential_short_202512_res_MI,455633-1.parquet,4
uhs8_1247--udt7252,parquet_residential_short_202512_res_MI,457273-1.parquet,6
uhs8_1247--udt7252,parquet_residential_short_202512_res_MI,458168-1.parquet,1
uhs8_1247--udt7252,parquet_residential_short_202512_res_MI,459710-1.parquet,3
uhs8_1247--udt7252,parquet_residential_short_202512_res_MI,465000-1.parquet,4
uhs8_1247--udt7252,parquet_residential_short_202512_res_MI,473383-1.parquet,5
uhs8_1247--udt7252,parquet_residential_short_202512_res_MI,474345-1.parquet,5
uhs8_1247--udt7252,parquet_residential_short_202512_res_MI,482834-1.parquet,1
uhs8_1247--udt7252,parquet_residential_short_202512_res_MI,485537-1.parquet,2
uhs8_1247--udt7252,parquet_residential_short_202512_res_MI,491904-1.parquet,1
uhs8_1247--udt7252,parquet_residential_short_202512_res_MI,494108-1.parquet,1
uhs8_1247--udt7252,parquet_residential_short_202512_res_MI,498993-1.parquet,1
uhs8_1247--udt7252,parquet_residential_short_202512_res_MI,502032-1.parquet,2
uhs8_1247--udt7252,parquet_residential_short_202512_res_MI,505391-1.parquet,1
uhs8_1247--udt7252,parquet_residential_short_202512_res_MI,508330-1.parquet,102
uhs8_1247--udt7252,parquet_residential_short_202512_res_MI,509345-1.parquet,9
uhs8_1247--udt7252,parquet_residential_short_202512_res_MI,519249-1.parquet,5
uhs8_1247--udt7252,parquet_residential_short_202512_res_MI,521610-1.parquet,2
uhs8_1247--udt7252,parquet_residential_short_202512_res_MI,525496-1.parquet,4
uhs8_1247--udt7252,parquet_residential_short_202512_res_MI,526776-1.parquet,1
uhs8_1247--udt7252,parquet_residential_short_202512_res_MI,530429-1.parquet,1
uhs8_1247--udt7252,parquet_residential_short_202512_res_MI,5319-1.parquet,1
uhs8_1247--udt7252,parquet_residential_short_202512_res_MI,533319-1.parquet,3
uhs8_1247--udt7252,parquet_residential_short_202512_res_MI,538350-1.parquet,4
uhs8_1247--udt7252,parquet_residential_short_202512_res_MI,540993-1.parquet,4
uhs8_1247--udt7252,parquet_residential_short_202512_res_MI,549574-1.parquet,1
uhs8_1247--udt7252,parquet_residential_short_202512_res_MI,73789-1.parquet,2
uhs8_1247--udt7252,parquet_residential_short_202512_res_MI,74525-1.parquet,14
uhs8_1247--udt7252,parquet_residential_short_202512_res_MI,8111-1.parquet,2
uhs8_1247--udt7252,parquet_residential_short_202512_res_MI,82218-1.parquet,5
uhs8_1247--udt7252,parquet_residential_short_202512_res_MI,83885-1.parquet,1
uhs8_1247--udt7252,parquet_residential_short_202512_res_MI,87751-1.parquet,2
uhs8_1247--udt7252,parquet_residential_short_202512_res_MI,87871-1.parquet,1
uhs8_1247--udt7252,parquet_residential_short_202512_res_MI,90350-1.parquet,2
uhs8_1247--udt7252,parquet_residential_short_202512_res_MI,92876-1.parquet,6
uhs8_1247--udt7252,parquet_residential_short_202512_res_MI,95747-1.parquet,1
uhs8_1247--udt7252,parquet_residential_short_202512_res_MI,97944-1.parquet,2
uhs9_1247--udt11456,parquet_commercial_202512_comm_MI,158460-1.parquet,1
uhs9_1247--udt11456,parquet_commercial_202512_comm_MI,161134-1.parquet,1
uhs9_1247--udt11456,parquet_commercial_202512_comm_MI,161642-1.parquet,1
uhs9_1247--udt11456,parquet_commercial_202512_comm_MI,161940-1.parquet,2
uhs9_1247--udt11456,parquet_commercial_202512_comm_MI,163471-1.parquet,1
uhs9_1247--udt11456,parquet_commercial_202512_comm_MI,163559-1.parquet,1
uhs9_1247--udt11456,parquet_commercial_202512_comm_MI,164001-8.parquet,1
uhs9_1247--udt11456,parquet_commercial_202512_comm_MI,164742-1.parquet,1
uhs9_1247--udt11456,parquet_commercial_202512_comm_MI,165251-1.parquet,1
uhs9_1247--udt11456,parquet_commercial_202512_comm_MI,166814-1.parquet,1
uhs9_1247--udt11456,parquet_commercial_202512_comm_MI,168033-1.parquet,2
uhs9_1247--udt11456,parquet_commercial_202512_comm_MI,169680-1.parquet,1
uhs9_1247--udt11456,parquet_residential_short_202512_res_MI,10381-1.parquet,3
uhs9_1247--udt11456,parquet_residential_short_202512_res_MI,11596-1.parquet,3
uhs9_1247--udt11456,parquet_residential_short_202512_res_MI,116219-1.parquet,1
uhs9_1247--udt11456,parquet_residential_short_202512_res_MI,118404-1.parquet,4
uhs9_1247--udt11456,parquet_residential_short_202512_res_MI,144380-1.parquet,2
uhs9_1247--udt11456,parquet_residential_short_202512_res_MI,144803-1.parquet,1
uhs9_1247--udt11456,parquet_residential_short_202512_res_MI,145104-1.parquet,2
uhs9_1247--udt11456,parquet_residential_short_202512_res_MI,161125-1.parquet,2
uhs9_1247--udt11456,parquet_residential_short_202512_res_MI,163888-1.parquet,2
uhs9_1247--udt11456,parquet_residential_short_202512_res_MI,163929-1.parquet,7
uhs9_1247--udt11456,parquet_residential_short_202512_res_MI,169556-1.parquet,1
uhs9_1247--udt11456,parquet_residential_short_202512_res_MI,178848-1.parquet,37
uhs9_1247--udt11456,parquet_residential_short_202512_res_MI,178924-1.parquet,7
uhs9_1247--udt11456,parquet_residential_short_202512_res_MI,179061-1.parquet,32
uhs9_1247--udt11456,parquet_residential_short_202512_res_MI,179402-1.parquet,2
uhs9_1247--udt11456,parquet_residential_short_202512_res_MI,193304-1.parquet,6
uhs9_1247--udt11456,parquet_residential_short_202512_res_MI,193666-1.parquet,1
uhs9_1247--udt11456,parquet_residential_short_202512_res_MI,195848-1.parquet,1
uhs9_1247--udt11456,parquet_residential_short_202512_res_MI,202225-1.parquet,1
uhs9_1247--udt11456,parquet_residential_short_202512_res_MI,205005-1.parquet,1
uhs9_1247--udt11456,parquet_residential_short_202512_res_MI,206690-1.parquet,1
uhs9_1247--udt11456,parquet_residential_short_202512_res_MI,211618-1.parquet,2
uhs9_1247--udt11456,parquet_residential_short_202512_res_MI,219061-1.parquet,1
uhs9_1247--udt11456,parquet_residential_short_202512_res_MI,229902-1.parquet,1
uhs9_1247--udt11456,parquet_residential_short_202512_res_MI,242004-1.parquet,4
uhs9_1247--udt11456,parquet_residential_short_202512_res_MI,255062-1.parquet,8
uhs9_1247--udt11456,parquet_residential_short_202512_res_MI,25870-1.parquet,2
uhs9_1247--udt11456,parquet_residential_short_202512_res_MI,263197-1.parquet,5
uhs9_1247--udt11456,parquet_residential_short_202512_res_MI,26343-1.parquet,2
uhs9_1247--udt11456,parquet_residential_short_202512_res_MI,275115-1.parquet,2
uhs9_1247--udt11456,parquet_residential_short_202512_res_MI,275600-1.parquet,2
uhs9_1247--udt11456,parquet_residential_short_202512_res_MI,277511-1.parquet,1
uhs9_1247--udt11456,parquet_residential_short_202512_res_MI,280750-1.parquet,1
uhs9_1247--udt11456,parquet_residential_short_202512_res_MI,282194-1.parquet,3
uhs9_1247--udt11456,parquet_residential_short_202512_res_MI,285678-1.parquet,1
uhs9_1247--udt11456,parquet_residential_short_202512_res_MI,286308-1.parquet,1
uhs9_1247--udt11456,parquet_residential_short_202512_res_MI,292113-1.parquet,6
uhs9_1247--udt11456,parquet_residential_short_202512_res_MI,29488-1.parquet,1
uhs9_1247--udt11456,parquet_residential_short_202512_res_MI,300299-1.parquet,1
uhs9_1247--udt11456,parquet_residential_short_202512_res_MI,31043-1.parquet,3
uhs9_1247--udt11456,parquet_residential_short_202512_res_MI,316181-1.parquet,1
uhs9_1247--udt11456,parquet_residential_short_202512_res_MI,317135-1.parquet,1
uhs9_1247--udt11456,parquet_residential_short_202512_res_MI,329472-1.parquet,4
uhs9_1247--udt11456,parquet_residential_short_202512_res_MI,32956-1.parquet,2
uhs9_1247--udt11456,parquet_residential_short_202512_res_MI,334073-1.parquet,41
uhs9_1247--udt11456,parquet_residential_short_202512_res_MI,346477-1.parquet,5
uhs9_1247--udt11456,parquet_residential_short_202512_res_MI,350694-1.parquet,2
uhs9_1247--udt11456,parquet_residential_short_202512_res_MI,361783-1.parquet,63
uhs9_1247--udt11456,parquet_residential_short_202512_res_MI,368387-1.parquet,7
uhs9_1247--udt11456,parquet_residential_short_202512_res_MI,370010-1.parquet,2
uhs9_1247--udt11456,parquet_residential_short_202512_res_MI,378338-1.parquet,1
uhs9_1247--udt11456,parquet_residential_short_202512_res_MI,380296-1.parquet,2
uhs9_1247--udt11456,parquet_residential_short_202512_res_MI,381867-1.parquet,8
uhs9_1247--udt11456,parquet_residential_short_202512_res_MI,389065-1.parquet,1
uhs9_1247--udt11456,parquet_residential_short_202512_res_MI,392142-1.parquet,1
uhs9_1247--udt11456,parquet_residential_short_202512_res_MI,39539-1.parquet,1
uhs9_1247--udt11456,parquet_residential_short_202512_res_MI,395863-1.parquet,1
uhs9_1247--udt11456,parquet_residential_short_202512_res_MI,400439-1.parquet,1
uhs9_1247--udt11456,parquet_residential_short_202512_res_MI,400912-1.parquet,9
uhs9_1247--udt11456,parquet_residential_short_202512_res_MI,402675-1.parquet,3
uhs9_1247--udt11456,parquet_residential_short_202512_res_MI,405426-1.parquet,1
uhs9_1247--udt11456,parquet_residential_short_202512_res_MI,411616-1.parquet,52
uhs9_1247--udt11456,parquet_residential_short_202512_res_MI,418555-1.parquet,4
uhs9_1247--udt11456,parquet_residential_short_202512_res_MI,426204-1.parquet,9
uhs9_1247--udt11456,parquet_residential_short_202512_res_MI,433741-1.parquet,1
uhs9_1247--udt11456,parquet_residential_short_202512_res_MI,436629-1.parquet,9
uhs9_1247--udt11456,parquet_residential_short_202512_res_MI,437871-1.parquet,2
uhs9_1247--udt11456,parquet_residential_short_202512_res_MI,439442-1.parquet,2
uhs9_1247--udt11456,parquet_residential_short_202512_res_MI,441370-1.parquet,5
uhs9_1247--udt11456,parquet_residential_short_202512_res_MI,444065-1.parquet,2
uhs9_1247--udt11456,parquet_residential_short_202512_res_MI,449958-1.parquet,1
uhs9_1247--udt11456,parquet_residential_short_202512_res_MI,453782-1.parquet,1
uhs9_1247--udt11456,parquet_residential_short_202512_res_MI,455633-1.parquet,1
uhs9_1247--udt11456,parquet_residential_short_202512_res_MI,457273-1.parquet,4
uhs9_1247--udt11456,parquet_residential_short_202512_res_MI,459710-1.parquet,2
uhs9_1247--udt11456,parquet_residential_short_202512_res_MI,467658-1.parquet,2
uhs9_1247--udt11456,parquet_residential_short_202512_res_MI,473383-1.parquet,1
uhs9_1247--udt11456,parquet_residential_short_202512_res_MI,474345-1.parquet,5
uhs9_1247--udt11456,parquet_residential_short_202512_res_MI,485286-1.parquet,1
uhs9_1247--udt11456,parquet_residential_short_202512_res_MI,485537-1.parquet,1
uhs9_1247--udt11456,parquet_residential_short_202512_res_MI,491904-1.parquet,2
uhs9_1247--udt11456,parquet_residential_short_202512_res_MI,494108-1.parquet,2
uhs9_1247--udt11456,parquet_residential_short_202512_res_MI,505391-1.parquet,1
uhs9_1247--udt11456,parquet_residential_short_202512_res_MI,508330-1.parquet,45
uhs9_1247--udt11456,parquet_residential_short_202512_res_MI,509345-1.parquet,5
uhs9_1247--udt11456,parquet_residential_short_202512_res_MI,513814-1.parquet,2
uhs9_1247--udt11456,parquet_residential_short_202512_res_MI,520460-1.parquet,1
uhs9_1247--udt11456,parquet_residential_short_202512_res_MI,521610-1.parquet,5
uhs9_1247--udt11456,parquet_residential_short_202512_res_MI,525496-1.parquet,9
uhs9_1247--udt11456,parquet_residential_short_202512_res_MI,530429-1.parquet,1
uhs9_1247--udt11456,parquet_residential_short_202512_res_MI,5319-1.parquet,1
uhs9_1247--udt11456,parquet_residential_short_202512_res_MI,53721-1.parquet,1
uhs9_1247--udt11456,parquet_residential_short_202512_res_MI,71172-1.parquet,1
uhs9_1247--udt11456,parquet_residential_short_202512_res_MI,73789-1.parquet,2
uhs9_1247--udt11456,parquet_residential_short_202512_res_MI,74525-1.parquet,4
uhs9_1247--udt11456,parquet_residential_short_202512_res_MI,8111-1.parquet,3
uhs9_1247--udt11456,parquet_residential_short_202512_res_MI,82218-1.parquet,2
uhs9_1247--udt11456,parquet_residential_short_202512_res_MI,83885-1.parquet,1
uhs9_1247--udt11456,parquet_residential_short_202512_res_MI,92876-1.parquet,1
uhs9_1247--udt11456,parquet_residential_short_202512_res_MI,97944-1.parquet,1
uhs9_1247--udt13714,parquet_commercial_202512_comm_MI,158456-1.parquet,5
uhs9_1247--udt13714,parquet_commercial_202512_comm_MI,158460-1.parquet,1
uhs9_1247--udt13714,parquet_commercial_202512_comm_MI,158477-1.parquet,1
uhs9_1247--udt13714,parquet_commercial_202512_comm_MI,160365-1.parquet,2
uhs9_1247--udt13714,parquet_commercial_202512_comm_MI,161054-1.parquet,1
uhs9_1247--udt13714,parquet_commercial_202512_comm_MI,161746-1.parquet,1
uhs9_1247--udt13714,parquet_commercial_202512_comm_MI,162262-1.parquet,1
uhs9_1247--udt13714,parquet_commercial_202512_comm_MI,163891-1.parquet,8
uhs9_1247--udt13714,parquet_commercial_202512_comm_MI,164126-8.parquet,1
uhs9_1247--udt13714,parquet_commercial_202512_comm_MI,165075-1.parquet,1
uhs9_1247--udt13714,parquet_commercial_202512_comm_MI,165352-8.parquet,1
uhs9_1247--udt13714,parquet_commercial_202512_comm_MI,165531-8.parquet,1
uhs9_1247--udt13714,parquet_commercial_202512_comm_MI,165720-8.parquet,1
uhs9_1247--udt13714,parquet_commercial_202512_comm_MI,165786-1.parquet,1
uhs9_1247--udt13714,parquet_commercial_202512_comm_MI,166041-1.parquet,1
uhs9_1247--udt13714,parquet_commercial_202512_comm_MI,166431-1.parquet,1
uhs9_1247--udt13714,parquet_commercial_202512_comm_MI,166488-1.parquet,1
uhs9_1247--udt13714,parquet_commercial_202512_comm_MI,166814-1.parquet,2
uhs9_1247--udt13714,parquet_commercial_202512_comm_MI,166911-1.parquet,1
uhs9_1247--udt13714,parquet_commercial_202512_comm_MI,167007-1.parquet,1
uhs9_1247--udt13714,parquet_commercial_202512_comm_MI,167350-8.parquet,1
uhs9_1247--udt13714,parquet_commercial_202512_comm_MI,167455-1.parquet,1
uhs9_1247--udt13714,parquet_commercial_202512_comm_MI,167767-1.parquet,1
uhs9_1247--udt13714,parquet_commercial_202512_comm_MI,167931-1.parquet,13
uhs9_1247--udt13714,parquet_commercial_202512_comm_MI,168324-1.parquet,1
uhs9_1247--udt13714,parquet_commercial_202512_comm_MI,168388-1.parquet,1
uhs9_1247--udt13714,parquet_commercial_202512_comm_MI,168740-1.parquet,1
uhs9_1247--udt13714,parquet_commercial_202512_comm_MI,168901-1.parquet,3
uhs9_1247--udt13714,parquet_commercial_202512_comm_MI,169006-1.parquet,1
uhs9_1247--udt13714,parquet_commercial_202512_comm_MI,169593-1.parquet,2
uhs9_1247--udt13714,parquet_commercial_202512_comm_MI,169748-1.parquet,1
uhs9_1247--udt13714,parquet_commercial_202512_comm_MI,169936-1.parquet,2
uhs9_1247--udt14110,parquet_commercial_202512_comm_MI,157688-1.parquet,3
uhs9_1247--udt14110,parquet_commercial_202512_comm_MI,157748-1.parquet,1
uhs9_1247--udt14110,parquet_commercial_202512_comm_MI,157770-1.parquet,3
uhs9_1247--udt14110,parquet_commercial_202512_comm_MI,157823-1.parquet,6
uhs9_1247--udt14110,parquet_commercial_202512_comm_MI,158188-1.parquet,1
uhs9_1247--udt14110,parquet_commercial_202512_comm_MI,158374-1.parquet,1
uhs9_1247--udt14110,parquet_commercial_202512_comm_MI,158376-1.parquet,1
uhs9_1247--udt14110,parquet_commercial_202512_comm_MI,158456-1.parquet,18
uhs9_1247--udt14110,parquet_commercial_202512_comm_MI,158460-1.parquet,1
uhs9_1247--udt14110,parquet_commercial_202512_comm_MI,158634-1.parquet,3
uhs9_1247--udt14110,parquet_commercial_202512_comm_MI,158745-1.parquet,1
uhs9_1247--udt14110,parquet_commercial_202512_comm_MI,158886-8.parquet,1
uhs9_1247--udt14110,parquet_commercial_202512_comm_MI,159114-1.parquet,1
uhs9_1247--udt14110,parquet_commercial_202512_comm_MI,159485-1.parquet,4
uhs9_1247--udt14110,parquet_commercial_202512_comm_MI,159799-8.parquet,1
uhs9_1247--udt14110,parquet_commercial_202512_comm_MI,159905-1.parquet,1
uhs9_1247--udt14110,parquet_commercial_202512_comm_MI,160078-1.parquet,1
uhs9_1247--udt14110,parquet_commercial_202512_comm_MI,160355-1.parquet,1
uhs9_1247--udt14110,parquet_commercial_202512_comm_MI,160365-1.parquet,3
uhs9_1247--udt14110,parquet_commercial_202512_comm_MI,160477-1.parquet,1
uhs9_1247--udt14110,parquet_commercial_202512_comm_MI,160529-1.parquet,14
uhs9_1247--udt14110,parquet_commercial_202512_comm_MI,160562-1.parquet,1
uhs9_1247--udt14110,parquet_commercial_202512_comm_MI,160627-1.parquet,1
uhs9_1247--udt14110,parquet_commercial_202512_comm_MI,161066-1.parquet,1
uhs9_1247--udt14110,parquet_commercial_202512_comm_MI,161134-1.parquet,1
uhs9_1247--udt14110,parquet_commercial_202512_comm_MI,161221-1.parquet,1
uhs9_1247--udt14110,parquet_commercial_202512_comm_MI,161325-1.parquet,1
uhs9_1247--udt14110,parquet_commercial_202512_comm_MI,161434-1.parquet,2
uhs9_1247--udt14110,parquet_commercial_202512_comm_MI,161746-1.parquet,1
uhs9_1247--udt14110,parquet_commercial_202512_comm_MI,161940-1.parquet,2
uhs9_1247--udt14110,parquet_commercial_202512_comm_MI,162590-8.parquet,8
uhs9_1247--udt14110,parquet_commercial_202512_comm_MI,162646-8.parquet,1
uhs9_1247--udt14110,parquet_commercial_202512_comm_MI,162701-1.parquet,1
uhs9_1247--udt14110,parquet_commercial_202512_comm_MI,163365-1.parquet,2
uhs9_1247--udt14110,parquet_commercial_202512_comm_MI,163559-1.parquet,7
uhs9_1247--udt14110,parquet_commercial_202512_comm_MI,163772-1.parquet,2
uhs9_1247--udt14110,parquet_commercial_202512_comm_MI,163891-1.parquet,1
uhs9_1247--udt14110,parquet_commercial_202512_comm_MI,163928-1.parquet,1
uhs9_1247--udt14110,parquet_commercial_202512_comm_MI,164248-1.parquet,1
uhs9_1247--udt14110,parquet_commercial_202512_comm_MI,164352-1.parquet,1
uhs9_1247--udt14110,parquet_commercial_202512_comm_MI,164450-1.parquet,3
uhs9_1247--udt14110,parquet_commercial_202512_comm_MI,164606-1.parquet,1
uhs9_1247--udt14110,parquet_commercial_202512_comm_MI,164742-1.parquet,1
uhs9_1247--udt14110,parquet_commercial_202512_comm_MI,164928-8.parquet,21
uhs9_1247--udt14110,parquet_commercial_202512_comm_MI,164945-8.parquet,1
uhs9_1247--udt14110,parquet_commercial_202512_comm_MI,165209-8.parquet,1
uhs9_1247--udt14110,parquet_commercial_202512_comm_MI,165260-1.parquet,2
uhs9_1247--udt14110,parquet_commercial_202512_comm_MI,165316-1.parquet,1
uhs9_1247--udt14110,parquet_commercial_202512_comm_MI,165352-8.parquet,4
uhs9_1247--udt14110,parquet_commercial_202512_comm_MI,165376-1.parquet,2
uhs9_1247--udt14110,parquet_commercial_202512_comm_MI,165531-8.parquet,1
uhs9_1247--udt14110,parquet_commercial_202512_comm_MI,165786-1.parquet,1
uhs9_1247--udt14110,parquet_commercial_202512_comm_MI,165919-8.parquet,1
uhs9_1247--udt14110,parquet_commercial_202512_comm_MI,166041-1.parquet,2
uhs9_1247--udt14110,parquet_commercial_202512_comm_MI,166119-1.parquet,1
uhs9_1247--udt14110,parquet_commercial_202512_comm_MI,166182-1.parquet,1
uhs9_1247--udt14110,parquet_commercial_202512_comm_MI,166183-1.parquet,1
uhs9_1247--udt14110,parquet_commercial_202512_comm_MI,166262-1.parquet,2
uhs9_1247--udt14110,parquet_commercial_202512_comm_MI,166339-1.parquet,2
uhs9_1247--udt14110,parquet_commercial_202512_comm_MI,166488-1.parquet,1
uhs9_1247--udt14110,parquet_commercial_202512_comm_MI,166676-1.parquet,1
uhs9_1247--udt14110,parquet_commercial_202512_comm_MI,166798-1.parquet,1
uhs9_1247--udt14110,parquet_commercial_202512_comm_MI,166814-1.parquet,1
uhs9_1247--udt14110,parquet_commercial_202512_comm_MI,167350-8.parquet,1
uhs9_1247--udt14110,parquet_commercial_202512_comm_MI,167382-1.parquet,1
uhs9_1247--udt14110,parquet_commercial_202512_comm_MI,167455-1.parquet,2
uhs9_1247--udt14110,parquet_commercial_202512_comm_MI,167790-1.parquet,2
uhs9_1247--udt14110,parquet_commercial_202512_comm_MI,167931-1.parquet,1
uhs9_1247--udt14110,parquet_commercial_202512_comm_MI,167937-1.parquet,1
uhs9_1247--udt14110,parquet_commercial_202512_comm_MI,168023-1.parquet,1
uhs9_1247--udt14110,parquet_commercial_202512_comm_MI,168053-1.parquet,2
uhs9_1247--udt14110,parquet_commercial_202512_comm_MI,168103-1.parquet,1
uhs9_1247--udt14110,parquet_commercial_202512_comm_MI,168388-1.parquet,1
uhs9_1247--udt14110,parquet_commercial_202512_comm_MI,168682-1.parquet,1
uhs9_1247--udt14110,parquet_commercial_202512_comm_MI,168740-1.parquet,1
uhs9_1247--udt14110,parquet_commercial_202512_comm_MI,168815-1.parquet,1
uhs9_1247--udt14110,parquet_commercial_202512_comm_MI,168901-1.parquet,1
uhs9_1247--udt14110,parquet_commercial_202512_comm_MI,169006-1.parquet,1
uhs9_1247--udt14110,parquet_commercial_202512_comm_MI,169063-1.parquet,1
uhs9_1247--udt14110,parquet_commercial_202512_comm_MI,169159-1.parquet,2
uhs9_1247--udt14110,parquet_commercial_202512_comm_MI,169263-1.parquet,2
uhs9_1247--udt14110,parquet_commercial_202512_comm_MI,169316-1.parquet,1
uhs9_1247--udt14110,parquet_commercial_202512_comm_MI,169412-1.parquet,1
uhs9_1247--udt14110,parquet_commercial_202512_comm_MI,169593-1.parquet,2
uhs9_1247--udt14110,parquet_commercial_202512_comm_MI,169601-8.parquet,1
uhs9_1247--udt14110,parquet_commercial_202512_comm_MI,169680-1.parquet,1
uhs9_1247--udt14110,parquet_commercial_202512_comm_MI,169749-1.parquet,3
uhs9_1247--udt14110,parquet_residential_short_202512_res_MI,10381-1.parquet,5
uhs9_1247--udt14110,parquet_residential_short_202512_res_MI,109870-1.parquet,13
uhs9_1247--udt14110,parquet_residential_short_202512_res_MI,111086-1.parquet,1
uhs9_1247--udt14110,parquet_residential_short_202512_res_MI,113255-1.parquet,10
uhs9_1247--udt14110,parquet_residential_short_202512_res_MI,11596-1.parquet,1
uhs9_1247--udt14110,parquet_residential_short_202512_res_MI,116219-1.parquet,1
uhs9_1247--udt14110,parquet_residential_short_202512_res_MI,118404-1.parquet,14
uhs9_1247--udt14110,parquet_residential_short_202512_res_MI,121458-1.parquet,2
uhs9_1247--udt14110,parquet_residential_short_202512_res_MI,123079-1.parquet,2
uhs9_1247--udt14110,parquet_residential_short_202512_res_MI,129325-1.parquet,10
uhs9_1247--udt14110,parquet_residential_short_202512_res_MI,134138-1.parquet,1
uhs9_1247--udt14110,parquet_residential_short_202512_res_MI,135030-1.parquet,2
uhs9_1247--udt14110,parquet_residential_short_202512_res_MI,141664-1.parquet,1
uhs9_1247--udt14110,parquet_residential_short_202512_res_MI,144380-1.parquet,3
uhs9_1247--udt14110,parquet_residential_short_202512_res_MI,144557-1.parquet,1
uhs9_1247--udt14110,parquet_residential_short_202512_res_MI,144707-1.parquet,1
uhs9_1247--udt14110,parquet_residential_short_202512_res_MI,144803-1.parquet,2
uhs9_1247--udt14110,parquet_residential_short_202512_res_MI,145077-1.parquet,6
uhs9_1247--udt14110,parquet_residential_short_202512_res_MI,145104-1.parquet,4
uhs9_1247--udt14110,parquet_residential_short_202512_res_MI,15283-1.parquet,2
uhs9_1247--udt14110,parquet_residential_short_202512_res_MI,163689-1.parquet,1
uhs9_1247--udt14110,parquet_residential_short_202512_res_MI,163888-1.parquet,7
uhs9_1247--udt14110,parquet_residential_short_202512_res_MI,163929-1.parquet,10
uhs9_1247--udt14110,parquet_residential_short_202512_res_MI,169556-1.parquet,2
uhs9_1247--udt14110,parquet_residential_short_202512_res_MI,178848-1.parquet,51
uhs9_1247--udt14110,parquet_residential_short_202512_res_MI,178924-1.parquet,4
uhs9_1247--udt14110,parquet_residential_short_202512_res_MI,179061-1.parquet,33
uhs9_1247--udt14110,parquet_residential_short_202512_res_MI,179402-1.parquet,1
uhs9_1247--udt14110,parquet_residential_short_202512_res_MI,180563-1.parquet,1
uhs9_1247--udt14110,parquet_residential_short_202512_res_MI,181066-1.parquet,1
uhs9_1247--udt14110,parquet_residential_short_202512_res_MI,181982-1.parquet,1
uhs9_1247--udt14110,parquet_residential_short_202512_res_MI,18662-1.parquet,1
uhs9_1247--udt14110,parquet_residential_short_202512_res_MI,189827-1.parquet,19
uhs9_1247--udt14110,parquet_residential_short_202512_res_MI,193304-1.parquet,25
uhs9_1247--udt14110,parquet_residential_short_202512_res_MI,195848-1.parquet,2
uhs9_1247--udt14110,parquet_residential_short_202512_res_MI,198563-1.parquet,1
uhs9_1247--udt14110,parquet_residential_short_202512_res_MI,202225-1.parquet,1
uhs9_1247--udt14110,parquet_residential_short_202512_res_MI,204257-1.parquet,2
uhs9_1247--udt14110,parquet_residential_short_202512_res_MI,205005-1.parquet,1
uhs9_1247--udt14110,parquet_residential_short_202512_res_MI,213050-1.parquet,2
uhs9_1247--udt14110,parquet_residential_short_202512_res_MI,215616-1.parquet,1
uhs9_1247--udt14110,parquet_residential_short_202512_res_MI,219061-1.parquet,6
uhs9_1247--udt14110,parquet_residential_short_202512_res_MI,224704-1.parquet,1
uhs9_1247--udt14110,parquet_residential_short_202512_res_MI,229456-1.parquet,1
uhs9_1247--udt14110,parquet_residential_short_202512_res_MI,240169-1.parquet,3
uhs9_1247--udt14110,parquet_residential_short_202512_res_MI,242004-1.parquet,5
uhs9_1247--udt14110,parquet_residential_short_202512_res_MI,252372-1.parquet,2
uhs9_1247--udt14110,parquet_residential_short_202512_res_MI,255062-1.parquet,12
uhs9_1247--udt14110,parquet_residential_short_202512_res_MI,261491-1.parquet,3
uhs9_1247--udt14110,parquet_residential_short_202512_res_MI,263197-1.parquet,4
uhs9_1247--udt14110,parquet_residential_short_202512_res_MI,26343-1.parquet,2
uhs9_1247--udt14110,parquet_residential_short_202512_res_MI,275115-1.parquet,5
uhs9_1247--udt14110,parquet_residential_short_202512_res_MI,275600-1.parquet,8
uhs9_1247--udt14110,parquet_residential_short_202512_res_MI,277511-1.parquet,11
uhs9_1247--udt14110,parquet_residential_short_202512_res_MI,278143-1.parquet,3
uhs9_1247--udt14110,parquet_residential_short_202512_res_MI,280750-1.parquet,1
uhs9_1247--udt14110,parquet_residential_short_202512_res_MI,282194-1.parquet,2
uhs9_1247--udt14110,parquet_residential_short_202512_res_MI,285504-1.parquet,1
uhs9_1247--udt14110,parquet_residential_short_202512_res_MI,285678-1.parquet,2
uhs9_1247--udt14110,parquet_residential_short_202512_res_MI,285946-1.parquet,1
uhs9_1247--udt14110,parquet_residential_short_202512_res_MI,292113-1.parquet,5
uhs9_1247--udt14110,parquet_residential_short_202512_res_MI,292202-1.parquet,1
uhs9_1247--udt14110,parquet_residential_short_202512_res_MI,29488-1.parquet,4
uhs9_1247--udt14110,parquet_residential_short_202512_res_MI,305049-1.parquet,8
uhs9_1247--udt14110,parquet_residential_short_202512_res_MI,305511-1.parquet,3
uhs9_1247--udt14110,parquet_residential_short_202512_res_MI,307579-1.parquet,1
uhs9_1247--udt14110,parquet_residential_short_202512_res_MI,31043-1.parquet,3
uhs9_1247--udt14110,parquet_residential_short_202512_res_MI,31214-1.parquet,2
uhs9_1247--udt14110,parquet_residential_short_202512_res_MI,316181-1.parquet,1
uhs9_1247--udt14110,parquet_residential_short_202512_res_MI,316670-1.parquet,1
uhs9_1247--udt14110,parquet_residential_short_202512_res_MI,317135-1.parquet,3
uhs9_1247--udt14110,parquet_residential_short_202512_res_MI,317368-1.parquet,3
uhs9_1247--udt14110,parquet_residential_short_202512_res_MI,320231-1.parquet,4
uhs9_1247--udt14110,parquet_residential_short_202512_res_MI,32711-1.parquet,2
uhs9_1247--udt14110,parquet_residential_short_202512_res_MI,329472-1.parquet,5
uhs9_1247--udt14110,parquet_residential_short_202512_res_MI,32956-1.parquet,2
uhs9_1247--udt14110,parquet_residential_short_202512_res_MI,330999-1.parquet,2
uhs9_1247--udt14110,parquet_residential_short_202512_res_MI,331207-1.parquet,2
uhs9_1247--udt14110,parquet_residential_short_202512_res_MI,331355-1.parquet,4
uhs9_1247--udt14110,parquet_residential_short_202512_res_MI,334073-1.parquet,57
uhs9_1247--udt14110,parquet_residential_short_202512_res_MI,340841-1.parquet,1
uhs9_1247--udt14110,parquet_residential_short_202512_res_MI,346477-1.parquet,2
uhs9_1247--udt14110,parquet_residential_short_202512_res_MI,354403-1.parquet,12
uhs9_1247--udt14110,parquet_residential_short_202512_res_MI,356343-1.parquet,1
uhs9_1247--udt14110,parquet_residential_short_202512_res_MI,361783-1.parquet,54
uhs9_1247--udt14110,parquet_residential_short_202512_res_MI,363455-1.parquet,3
uhs9_1247--udt14110,parquet_residential_short_202512_res_MI,365825-1.parquet,1
uhs9_1247--udt14110,parquet_residential_short_202512_res_MI,368387-1.parquet,4
uhs9_1247--udt14110,parquet_residential_short_202512_res_MI,368438-1.parquet,2
uhs9_1247--udt14110,parquet_residential_short_202512_res_MI,370010-1.parquet,1
uhs9_1247--udt14110,parquet_residential_short_202512_res_MI,377543-1.parquet,9
uhs9_1247--udt14110,parquet_residential_short_202512_res_MI,378338-1.parquet,4
uhs9_1247--udt14110,parquet_residential_short_202512_res_MI,380296-1.parquet,29
uhs9_1247--udt14110,parquet_residential_short_202512_res_MI,381828-1.parquet,1
uhs9_1247--udt14110,parquet_residential_short_202512_res_MI,387495-1.parquet,10
uhs9_1247--udt14110,parquet_residential_short_202512_res_MI,392142-1.parquet,4
uhs9_1247--udt14110,parquet_residential_short_202512_res_MI,39516-1.parquet,1
uhs9_1247--udt14110,parquet_residential_short_202512_res_MI,39539-1.parquet,1
uhs9_1247--udt14110,parquet_residential_short_202512_res_MI,395863-1.parquet,1
uhs9_1247--udt14110,parquet_residential_short_202512_res_MI,400912-1.parquet,9
uhs9_1247--udt14110,parquet_residential_short_202512_res_MI,402675-1.parquet,1
uhs9_1247--udt14110,parquet_residential_short_202512_res_MI,409398-1.parquet,6
uhs9_1247--udt14110,parquet_residential_short_202512_res_MI,411616-1.parquet,50
uhs9_1247--udt14110,parquet_residential_short_202512_res_MI,412179-1.parquet,1
uhs9_1247--udt14110,parquet_residential_short_202512_res_MI,418555-1.parquet,2
uhs9_1247--udt14110,parquet_residential_short_202512_res_MI,421729-1.parquet,2
uhs9_1247--udt14110,parquet_residential_short_202512_res_MI,426204-1.parquet,7
uhs9_1247--udt14110,parquet_residential_short_202512_res_MI,428505-1.parquet,4
uhs9_1247--udt14110,parquet_residential_short_202512_res_MI,430122-1.parquet,2
uhs9_1247--udt14110,parquet_residential_short_202512_res_MI,432811-1.parquet,1
uhs9_1247--udt14110,parquet_residential_short_202512_res_MI,433379-1.parquet,1
uhs9_1247--udt14110,parquet_residential_short_202512_res_MI,433741-1.parquet,4
uhs9_1247--udt14110,parquet_residential_short_202512_res_MI,436629-1.parquet,7
uhs9_1247--udt14110,parquet_residential_short_202512_res_MI,437871-1.parquet,20
uhs9_1247--udt14110,parquet_residential_short_202512_res_MI,439442-1.parquet,6
uhs9_1247--udt14110,parquet_residential_short_202512_res_MI,440127-1.parquet,1
uhs9_1247--udt14110,parquet_residential_short_202512_res_MI,441370-1.parquet,10
uhs9_1247--udt14110,parquet_residential_short_202512_res_MI,444065-1.parquet,9
uhs9_1247--udt14110,parquet_residential_short_202512_res_MI,446161-1.parquet,4
uhs9_1247--udt14110,parquet_residential_short_202512_res_MI,449575-1.parquet,1
uhs9_1247--udt14110,parquet_residential_short_202512_res_MI,450644-1.parquet,1
uhs9_1247--udt14110,parquet_residential_short_202512_res_MI,457273-1.parquet,3
uhs9_1247--udt14110,parquet_residential_short_202512_res_MI,457563-1.parquet,2
uhs9_1247--udt14110,parquet_residential_short_202512_res_MI,459710-1.parquet,2
uhs9_1247--udt14110,parquet_residential_short_202512_res_MI,463711-1.parquet,4
uhs9_1247--udt14110,parquet_residential_short_202512_res_MI,464078-1.parquet,3
uhs9_1247--udt14110,parquet_residential_short_202512_res_MI,465693-1.parquet,22
uhs9_1247--udt14110,parquet_residential_short_202512_res_MI,473383-1.parquet,3
uhs9_1247--udt14110,parquet_residential_short_202512_res_MI,474345-1.parquet,5
uhs9_1247--udt14110,parquet_residential_short_202512_res_MI,478155-1.parquet,12
uhs9_1247--udt14110,parquet_residential_short_202512_res_MI,48368-1.parquet,1
uhs9_1247--udt14110,parquet_residential_short_202512_res_MI,485286-1.parquet,3
uhs9_1247--udt14110,parquet_residential_short_202512_res_MI,485537-1.parquet,2
uhs9_1247--udt14110,parquet_residential_short_202512_res_MI,491904-1.parquet,3
uhs9_1247--udt14110,parquet_residential_short_202512_res_MI,494108-1.parquet,2
uhs9_1247--udt14110,parquet_residential_short_202512_res_MI,498993-1.parquet,1
uhs9_1247--udt14110,parquet_residential_short_202512_res_MI,505391-1.parquet,1
uhs9_1247--udt14110,parquet_residential_short_202512_res_MI,508330-1.parquet,36
uhs9_1247--udt14110,parquet_residential_short_202512_res_MI,509345-1.parquet,1
uhs9_1247--udt14110,parquet_residential_short_202512_res_MI,513814-1.parquet,4
uhs9_1247--udt14110,parquet_residential_short_202512_res_MI,519249-1.parquet,1
uhs9_1247--udt14110,parquet_residential_short_202512_res_MI,520460-1.parquet,1
uhs9_1247--udt14110,parquet_residential_short_202512_res_MI,521610-1.parquet,2
uhs9_1247--udt14110,parquet_residential_short_202512_res_MI,525496-1.parquet,4
uhs9_1247--udt14110,parquet_residential_short_202512_res_MI,526776-1.parquet,1
uhs9_1247--udt14110,parquet_residential_short_202512_res_MI,533319-1.parquet,2
uhs9_1247--udt14110,parquet_residential_short_202512_res_MI,538350-1.parquet,8
uhs9_1247--udt14110,parquet_residential_short_202512_res_MI,54618-1.parquet,1
uhs9_1247--udt14110,parquet_residential_short_202512_res_MI,55789-1.parquet,3
uhs9_1247--udt14110,parquet_residential_short_202512_res_MI,63130-1.parquet,1
uhs9_1247--udt14110,parquet_residential_short_202512_res_MI,68756-1.parquet,1
uhs9_1247--udt14110,parquet_residential_short_202512_res_MI,73789-1.parquet,4
uhs9_1247--udt14110,parquet_residential_short_202512_res_MI,74525-1.parquet,5
uhs9_1247--udt14110,parquet_residential_short_202512_res_MI,8111-1.parquet,6
uhs9_1247--udt14110,parquet_residential_short_202512_res_MI,82218-1.parquet,1
uhs9_1247--udt14110,parquet_residential_short_202512_res_MI,83885-1.parquet,3
uhs9_1247--udt14110,parquet_residential_short_202512_res_MI,90350-1.parquet,4
uhs9_1247--udt14110,parquet_residential_short_202512_res_MI,92876-1.parquet,3
uhs9_1247--udt16813,parquet_commercial_202512_comm_MI,158374-1.parquet,1
uhs9_1247--udt16813,parquet_commercial_202512_comm_MI,158376-1.parquet,1
uhs9_1247--udt16813,parquet_commercial_202512_comm_MI,158456-1.parquet,16
uhs9_1247--udt16813,parquet_commercial_202512_comm_MI,158460-1.parquet,1
uhs9_1247--udt16813,parquet_commercial_202512_comm_MI,158954-1.parquet,1
uhs9_1247--udt16813,parquet_commercial_202512_comm_MI,159799-8.parquet,2
uhs9_1247--udt16813,parquet_commercial_202512_comm_MI,160069-1.parquet,1
uhs9_1247--udt16813,parquet_commercial_202512_comm_MI,160747-1.parquet,1
uhs9_1247--udt16813,parquet_commercial_202512_comm_MI,161134-1.parquet,1
uhs9_1247--udt16813,parquet_commercial_202512_comm_MI,161326-1.parquet,1
uhs9_1247--udt16813,parquet_commercial_202512_comm_MI,161642-1.parquet,2
uhs9_1247--udt16813,parquet_commercial_202512_comm_MI,161746-1.parquet,1
uhs9_1247--udt16813,parquet_commercial_202512_comm_MI,161936-8.parquet,1
uhs9_1247--udt16813,parquet_commercial_202512_comm_MI,161940-1.parquet,1
uhs9_1247--udt16813,parquet_commercial_202512_comm_MI,162708-1.parquet,1
uhs9_1247--udt16813,parquet_commercial_202512_comm_MI,163559-1.parquet,2
uhs9_1247--udt16813,parquet_commercial_202512_comm_MI,163710-1.parquet,1
uhs9_1247--udt16813,parquet_commercial_202512_comm_MI,163753-1.parquet,1
uhs9_1247--udt16813,parquet_commercial_202512_comm_MI,164547-1.parquet,2
uhs9_1247--udt16813,parquet_commercial_202512_comm_MI,164677-1.parquet,2
uhs9_1247--udt16813,parquet_commercial_202512_comm_MI,165352-8.parquet,1
uhs9_1247--udt16813,parquet_commercial_202512_comm_MI,165376-1.parquet,1
uhs9_1247--udt16813,parquet_commercial_202512_comm_MI,165410-1.parquet,1
uhs9_1247--udt16813,parquet_commercial_202512_comm_MI,166044-1.parquet,1
uhs9_1247--udt16813,parquet_commercial_202512_comm_MI,166527-1.parquet,1
uhs9_1247--udt16813,parquet_commercial_202512_comm_MI,167346-1.parquet,1
uhs9_1247--udt16813,parquet_commercial_202512_comm_MI,168901-1.parquet,1
uhs9_1247--udt16813,parquet_commercial_202512_comm_MI,169002-1.parquet,1
uhs9_1247--udt16813,parquet_commercial_202512_comm_MI,169263-1.parquet,1
uhs9_1247--udt16813,parquet_commercial_202512_comm_MI,169293-1.parquet,1
uhs9_1247--udt16813,parquet_commercial_202512_comm_MI,169471-1.parquet,1
uhs9_1247--udt16813,parquet_residential_short_202512_res_MI,113255-1.parquet,1
uhs9_1247--udt16813,parquet_residential_short_202512_res_MI,11596-1.parquet,4
uhs9_1247--udt16813,parquet_residential_short_202512_res_MI,118404-1.parquet,9
uhs9_1247--udt16813,parquet_residential_short_202512_res_MI,141664-1.parquet,1
uhs9_1247--udt16813,parquet_residential_short_202512_res_MI,14251-1.parquet,2
uhs9_1247--udt16813,parquet_residential_short_202512_res_MI,145104-1.parquet,1
uhs9_1247--udt16813,parquet_residential_short_202512_res_MI,161125-1.parquet,1
uhs9_1247--udt16813,parquet_residential_short_202512_res_MI,163160-1.parquet,2
uhs9_1247--udt16813,parquet_residential_short_202512_res_MI,163888-1.parquet,5
uhs9_1247--udt16813,parquet_residential_short_202512_res_MI,163929-1.parquet,5
uhs9_1247--udt16813,parquet_residential_short_202512_res_MI,178848-1.parquet,37
uhs9_1247--udt16813,parquet_residential_short_202512_res_MI,178924-1.parquet,2
uhs9_1247--udt16813,parquet_residential_short_202512_res_MI,179061-1.parquet,28
uhs9_1247--udt16813,parquet_residential_short_202512_res_MI,179402-1.parquet,2
uhs9_1247--udt16813,parquet_residential_short_202512_res_MI,181066-1.parquet,1
uhs9_1247--udt16813,parquet_residential_short_202512_res_MI,18662-1.parquet,1
uhs9_1247--udt16813,parquet_residential_short_202512_res_MI,193304-1.parquet,2
uhs9_1247--udt16813,parquet_residential_short_202512_res_MI,204257-1.parquet,1
uhs9_1247--udt16813,parquet_residential_short_202512_res_MI,211618-1.parquet,1
uhs9_1247--udt16813,parquet_residential_short_202512_res_MI,219061-1.parquet,2
uhs9_1247--udt16813,parquet_residential_short_202512_res_MI,224704-1.parquet,1
uhs9_1247--udt16813,parquet_residential_short_202512_res_MI,242004-1.parquet,2
uhs9_1247--udt16813,parquet_residential_short_202512_res_MI,255062-1.parquet,5
uhs9_1247--udt16813,parquet_residential_short_202512_res_MI,263197-1.parquet,4
uhs9_1247--udt16813,parquet_residential_short_202512_res_MI,26343-1.parquet,1
uhs9_1247--udt16813,parquet_residential_short_202512_res_MI,275115-1.parquet,1
uhs9_1247--udt16813,parquet_residential_short_202512_res_MI,285678-1.parquet,1
uhs9_1247--udt16813,parquet_residential_short_202512_res_MI,292113-1.parquet,1
uhs9_1247--udt16813,parquet_residential_short_202512_res_MI,316181-1.parquet,1
uhs9_1247--udt16813,parquet_residential_short_202512_res_MI,320231-1.parquet,1
uhs9_1247--udt16813,parquet_residential_short_202512_res_MI,331355-1.parquet,2
uhs9_1247--udt16813,parquet_residential_short_202512_res_MI,334073-1.parquet,29
uhs9_1247--udt16813,parquet_residential_short_202512_res_MI,346477-1.parquet,3
uhs9_1247--udt16813,parquet_residential_short_202512_res_MI,361783-1.parquet,30
uhs9_1247--udt16813,parquet_residential_short_202512_res_MI,368387-1.parquet,4
uhs9_1247--udt16813,parquet_residential_short_202512_res_MI,370010-1.parquet,1
uhs9_1247--udt16813,parquet_residential_short_202512_res_MI,378338-1.parquet,4
uhs9_1247--udt16813,parquet_residential_short_202512_res_MI,381867-1.parquet,2
uhs9_1247--udt16813,parquet_residential_short_202512_res_MI,387495-1.parquet,1
uhs9_1247--udt16813,parquet_residential_short_202512_res_MI,392142-1.parquet,2
uhs9_1247--udt16813,parquet_residential_short_202512_res_MI,39516-1.parquet,2
uhs9_1247--udt16813,parquet_residential_short_202512_res_MI,39539-1.parquet,1
uhs9_1247--udt16813,parquet_residential_short_202512_res_MI,395863-1.parquet,1
uhs9_1247--udt16813,parquet_residential_short_202512_res_MI,400912-1.parquet,5
uhs9_1247--udt16813,parquet_residential_short_202512_res_MI,405426-1.parquet,1
uhs9_1247--udt16813,parquet_residential_short_202512_res_MI,411616-1.parquet,28
uhs9_1247--udt16813,parquet_residential_short_202512_res_MI,418555-1.parquet,1
uhs9_1247--udt16813,parquet_residential_short_202512_res_MI,426204-1.parquet,2
uhs9_1247--udt16813,parquet_residential_short_202512_res_MI,430122-1.parquet,3
uhs9_1247--udt16813,parquet_residential_short_202512_res_MI,436629-1.parquet,1
uhs9_1247--udt16813,parquet_residential_short_202512_res_MI,437871-1.parquet,8
uhs9_1247--udt16813,parquet_residential_short_202512_res_MI,441370-1.parquet,2
uhs9_1247--udt16813,parquet_residential_short_202512_res_MI,446161-1.parquet,1
uhs9_1247--udt16813,parquet_residential_short_202512_res_MI,449958-1.parquet,2
uhs9_1247--udt16813,parquet_residential_short_202512_res_MI,453782-1.parquet,1
uhs9_1247--udt16813,parquet_residential_short_202512_res_MI,455768-1.parquet,1
uhs9_1247--udt16813,parquet_residential_short_202512_res_MI,457273-1.parquet,1
uhs9_1247--udt16813,parquet_residential_short_202512_res_MI,459710-1.parquet,1
uhs9_1247--udt16813,parquet_residential_short_202512_res_MI,465693-1.parquet,1
uhs9_1247--udt16813,parquet_residential_short_202512_res_MI,474345-1.parquet,2
uhs9_1247--udt16813,parquet_residential_short_202512_res_MI,485286-1.parquet,1
uhs9_1247--udt16813,parquet_residential_short_202512_res_MI,491904-1.parquet,3
uhs9_1247--udt16813,parquet_residential_short_202512_res_MI,498993-1.parquet,1
uhs9_1247--udt16813,parquet_residential_short_202512_res_MI,508330-1.parquet,10
uhs9_1247--udt16813,parquet_residential_short_202512_res_MI,513814-1.parquet,1
uhs9_1247--udt16813,parquet_residential_short_202512_res_MI,521610-1.parquet,3
uhs9_1247--udt16813,parquet_residential_short_202512_res_MI,525496-1.parquet,1
uhs9_1247--udt16813,parquet_residential_short_202512_res_MI,533319-1.parquet,3
uhs9_1247--udt16813,parquet_residential_short_202512_res_MI,74525-1.parquet,3
uhs9_1247--udt16813,parquet_residential_short_202512_res_MI,8111-1.parquet,1
uhs9_1247--udt16813,parquet_residential_short_202512_res_MI,95747-1.parquet,1
uhs9_1247--udt2508,parquet_commercial_202512_comm_MI,157810-1.parquet,1
uhs9_1247--udt2508,parquet_commercial_202512_comm_MI,157823-1.parquet,10
uhs9_1247--udt2508,parquet_commercial_202512_comm_MI,158188-1.parquet,1
uhs9_1247--udt2508,parquet_commercial_202512_comm_MI,158376-1.parquet,1
uhs9_1247--udt2508,parquet_commercial_202512_comm_MI,158456-1.parquet,77
uhs9_1247--udt2508,parquet_commercial_202512_comm_MI,158460-1.parquet,5
uhs9_1247--udt2508,parquet_commercial_202512_comm_MI,158634-1.parquet,1
uhs9_1247--udt2508,parquet_commercial_202512_comm_MI,159114-1.parquet,2
uhs9_1247--udt2508,parquet_commercial_202512_comm_MI,159409-1.parquet,1
uhs9_1247--udt2508,parquet_commercial_202512_comm_MI,159485-1.parquet,5
uhs9_1247--udt2508,parquet_commercial_202512_comm_MI,159533-1.parquet,1
uhs9_1247--udt2508,parquet_commercial_202512_comm_MI,159799-8.parquet,4
uhs9_1247--udt2508,parquet_commercial_202512_comm_MI,159905-1.parquet,1
uhs9_1247--udt2508,parquet_commercial_202512_comm_MI,160078-1.parquet,6
uhs9_1247--udt2508,parquet_commercial_202512_comm_MI,160429-1.parquet,1
uhs9_1247--udt2508,parquet_commercial_202512_comm_MI,160529-1.parquet,3
uhs9_1247--udt2508,parquet_commercial_202512_comm_MI,160638-1.parquet,1
uhs9_1247--udt2508,parquet_commercial_202512_comm_MI,160855-8.parquet,1
uhs9_1247--udt2508,parquet_commercial_202512_comm_MI,161119-8.parquet,1
uhs9_1247--udt2508,parquet_commercial_202512_comm_MI,161134-1.parquet,1
uhs9_1247--udt2508,parquet_commercial_202512_comm_MI,161139-8.parquet,1
uhs9_1247--udt2508,parquet_commercial_202512_comm_MI,161150-1.parquet,2
uhs9_1247--udt2508,parquet_commercial_202512_comm_MI,161335-1.parquet,1
uhs9_1247--udt2508,parquet_commercial_202512_comm_MI,161501-1.parquet,1
uhs9_1247--udt2508,parquet_commercial_202512_comm_MI,161726-1.parquet,1
uhs9_1247--udt2508,parquet_commercial_202512_comm_MI,162280-1.parquet,1
uhs9_1247--udt2508,parquet_commercial_202512_comm_MI,162850-1.parquet,1
uhs9_1247--udt2508,parquet_commercial_202512_comm_MI,162868-1.parquet,1
uhs9_1247--udt2508,parquet_commercial_202512_comm_MI,162882-8.parquet,1
uhs9_1247--udt2508,parquet_commercial_202512_comm_MI,163166-1.parquet,1
uhs9_1247--udt2508,parquet_commercial_202512_comm_MI,163321-8.parquet,1
uhs9_1247--udt2508,parquet_commercial_202512_comm_MI,163388-1.parquet,1
uhs9_1247--udt2508,parquet_commercial_202512_comm_MI,163546-8.parquet,1
uhs9_1247--udt2508,parquet_commercial_202512_comm_MI,163559-1.parquet,4
uhs9_1247--udt2508,parquet_commercial_202512_comm_MI,163584-1.parquet,1
uhs9_1247--udt2508,parquet_commercial_202512_comm_MI,163710-1.parquet,1
uhs9_1247--udt2508,parquet_commercial_202512_comm_MI,163839-1.parquet,1
uhs9_1247--udt2508,parquet_commercial_202512_comm_MI,163891-1.parquet,2
uhs9_1247--udt2508,parquet_commercial_202512_comm_MI,163919-1.parquet,1
uhs9_1247--udt2508,parquet_commercial_202512_comm_MI,164450-1.parquet,1
uhs9_1247--udt2508,parquet_commercial_202512_comm_MI,164464-1.parquet,1
uhs9_1247--udt2508,parquet_commercial_202512_comm_MI,164606-1.parquet,3
uhs9_1247--udt2508,parquet_commercial_202512_comm_MI,164742-1.parquet,1
uhs9_1247--udt2508,parquet_commercial_202512_comm_MI,164928-8.parquet,6
uhs9_1247--udt2508,parquet_commercial_202512_comm_MI,165260-1.parquet,1
uhs9_1247--udt2508,parquet_commercial_202512_comm_MI,165336-1.parquet,1
uhs9_1247--udt2508,parquet_commercial_202512_comm_MI,165410-1.parquet,1
uhs9_1247--udt2508,parquet_commercial_202512_comm_MI,165799-1.parquet,1
uhs9_1247--udt2508,parquet_commercial_202512_comm_MI,166183-1.parquet,1
uhs9_1247--udt2508,parquet_commercial_202512_comm_MI,166339-1.parquet,4
uhs9_1247--udt2508,parquet_commercial_202512_comm_MI,166514-1.parquet,1
uhs9_1247--udt2508,parquet_commercial_202512_comm_MI,166798-1.parquet,1
uhs9_1247--udt2508,parquet_commercial_202512_comm_MI,166814-1.parquet,2
uhs9_1247--udt2508,parquet_commercial_202512_comm_MI,167209-1.parquet,1
uhs9_1247--udt2508,parquet_commercial_202512_comm_MI,167455-1.parquet,1
uhs9_1247--udt2508,parquet_commercial_202512_comm_MI,167614-1.parquet,1
uhs9_1247--udt2508,parquet_commercial_202512_comm_MI,167724-1.parquet,1
uhs9_1247--udt2508,parquet_commercial_202512_comm_MI,167767-1.parquet,1
uhs9_1247--udt2508,parquet_commercial_202512_comm_MI,167908-1.parquet,2
uhs9_1247--udt2508,parquet_commercial_202512_comm_MI,167931-1.parquet,4
uhs9_1247--udt2508,parquet_commercial_202512_comm_MI,168033-1.parquet,1
uhs9_1247--udt2508,parquet_commercial_202512_comm_MI,168053-1.parquet,2
uhs9_1247--udt2508,parquet_commercial_202512_comm_MI,168064-1.parquet,2
uhs9_1247--udt2508,parquet_commercial_202512_comm_MI,168193-1.parquet,3
uhs9_1247--udt2508,parquet_commercial_202512_comm_MI,168324-1.parquet,2
uhs9_1247--udt2508,parquet_commercial_202512_comm_MI,168388-1.parquet,1
uhs9_1247--udt2508,parquet_commercial_202512_comm_MI,168487-1.parquet,1
uhs9_1247--udt2508,parquet_commercial_202512_comm_MI,168555-1.parquet,2
uhs9_1247--udt2508,parquet_commercial_202512_comm_MI,168682-1.parquet,1
uhs9_1247--udt2508,parquet_commercial_202512_comm_MI,168695-8.parquet,1
uhs9_1247--udt2508,parquet_commercial_202512_comm_MI,168901-1.parquet,4
uhs9_1247--udt2508,parquet_commercial_202512_comm_MI,169006-1.parquet,1
uhs9_1247--udt2508,parquet_commercial_202512_comm_MI,169316-1.parquet,2
uhs9_1247--udt2508,parquet_commercial_202512_comm_MI,169344-1.parquet,1
uhs9_1247--udt2508,parquet_commercial_202512_comm_MI,169446-1.parquet,1
uhs9_1247--udt2508,parquet_commercial_202512_comm_MI,169471-1.parquet,1
uhs9_1247--udt2508,parquet_commercial_202512_comm_MI,169531-1.parquet,1
uhs9_1247--udt2508,parquet_commercial_202512_comm_MI,169593-1.parquet,1
uhs9_1247--udt2508,parquet_commercial_202512_comm_MI,169655-1.parquet,3
uhs9_1247--udt2508,parquet_commercial_202512_comm_MI,169936-1.parquet,1
uhs9_1247--udt2508,parquet_commercial_202512_comm_MI,169985-1.parquet,1
uhs9_1247--udt2508,parquet_residential_short_202512_res_MI,10381-1.parquet,2
uhs9_1247--udt2508,parquet_residential_short_202512_res_MI,109870-1.parquet,1
uhs9_1247--udt2508,parquet_residential_short_202512_res_MI,111086-1.parquet,10
uhs9_1247--udt2508,parquet_residential_short_202512_res_MI,11278-1.parquet,1
uhs9_1247--udt2508,parquet_residential_short_202512_res_MI,113255-1.parquet,6
uhs9_1247--udt2508,parquet_residential_short_202512_res_MI,11596-1.parquet,5
uhs9_1247--udt2508,parquet_residential_short_202512_res_MI,116219-1.parquet,4
uhs9_1247--udt2508,parquet_residential_short_202512_res_MI,118404-1.parquet,50
uhs9_1247--udt2508,parquet_residential_short_202512_res_MI,123079-1.parquet,1
uhs9_1247--udt2508,parquet_residential_short_202512_res_MI,129325-1.parquet,1
uhs9_1247--udt2508,parquet_residential_short_202512_res_MI,129893-1.parquet,1
uhs9_1247--udt2508,parquet_residential_short_202512_res_MI,134138-1.parquet,2
uhs9_1247--udt2508,parquet_residential_short_202512_res_MI,141664-1.parquet,5
uhs9_1247--udt2508,parquet_residential_short_202512_res_MI,141942-1.parquet,1
uhs9_1247--udt2508,parquet_residential_short_202512_res_MI,14251-1.parquet,3
uhs9_1247--udt2508,parquet_residential_short_202512_res_MI,144380-1.parquet,3
uhs9_1247--udt2508,parquet_residential_short_202512_res_MI,144803-1.parquet,2
uhs9_1247--udt2508,parquet_residential_short_202512_res_MI,145104-1.parquet,2
uhs9_1247--udt2508,parquet_residential_short_202512_res_MI,15283-1.parquet,1
uhs9_1247--udt2508,parquet_residential_short_202512_res_MI,158553-1.parquet,3
uhs9_1247--udt2508,parquet_residential_short_202512_res_MI,163888-1.parquet,11
uhs9_1247--udt2508,parquet_residential_short_202512_res_MI,163929-1.parquet,11
uhs9_1247--udt2508,parquet_residential_short_202512_res_MI,169556-1.parquet,1
uhs9_1247--udt2508,parquet_residential_short_202512_res_MI,178522-1.parquet,2
uhs9_1247--udt2508,parquet_residential_short_202512_res_MI,178848-1.parquet,57
uhs9_1247--udt2508,parquet_residential_short_202512_res_MI,178924-1.parquet,10
uhs9_1247--udt2508,parquet_residential_short_202512_res_MI,179061-1.parquet,101
uhs9_1247--udt2508,parquet_residential_short_202512_res_MI,179402-1.parquet,1
uhs9_1247--udt2508,parquet_residential_short_202512_res_MI,180563-1.parquet,2
uhs9_1247--udt2508,parquet_residential_short_202512_res_MI,181066-1.parquet,1
uhs9_1247--udt2508,parquet_residential_short_202512_res_MI,181568-1.parquet,2
uhs9_1247--udt2508,parquet_residential_short_202512_res_MI,189827-1.parquet,10
uhs9_1247--udt2508,parquet_residential_short_202512_res_MI,193304-1.parquet,20
uhs9_1247--udt2508,parquet_residential_short_202512_res_MI,195848-1.parquet,4
uhs9_1247--udt2508,parquet_residential_short_202512_res_MI,205005-1.parquet,1
uhs9_1247--udt2508,parquet_residential_short_202512_res_MI,206690-1.parquet,1
uhs9_1247--udt2508,parquet_residential_short_202512_res_MI,211618-1.parquet,2
uhs9_1247--udt2508,parquet_residential_short_202512_res_MI,213050-1.parquet,1
uhs9_1247--udt2508,parquet_residential_short_202512_res_MI,215616-1.parquet,2
uhs9_1247--udt2508,parquet_residential_short_202512_res_MI,219061-1.parquet,6
uhs9_1247--udt2508,parquet_residential_short_202512_res_MI,229456-1.parquet,3
uhs9_1247--udt2508,parquet_residential_short_202512_res_MI,240169-1.parquet,2
uhs9_1247--udt2508,parquet_residential_short_202512_res_MI,240521-1.parquet,1
uhs9_1247--udt2508,parquet_residential_short_202512_res_MI,242004-1.parquet,11
uhs9_1247--udt2508,parquet_residential_short_202512_res_MI,252372-1.parquet,1
uhs9_1247--udt2508,parquet_residential_short_202512_res_MI,255062-1.parquet,2
uhs9_1247--udt2508,parquet_residential_short_202512_res_MI,25790-1.parquet,1
uhs9_1247--udt2508,parquet_residential_short_202512_res_MI,258760-1.parquet,1
uhs9_1247--udt2508,parquet_residential_short_202512_res_MI,263197-1.parquet,17
uhs9_1247--udt2508,parquet_residential_short_202512_res_MI,26343-1.parquet,2
uhs9_1247--udt2508,parquet_residential_short_202512_res_MI,274249-1.parquet,1
uhs9_1247--udt2508,parquet_residential_short_202512_res_MI,275115-1.parquet,7
uhs9_1247--udt2508,parquet_residential_short_202512_res_MI,275600-1.parquet,1
uhs9_1247--udt2508,parquet_residential_short_202512_res_MI,277511-1.parquet,5
uhs9_1247--udt2508,parquet_residential_short_202512_res_MI,278143-1.parquet,2
uhs9_1247--udt2508,parquet_residential_short_202512_res_MI,281826-1.parquet,1
uhs9_1247--udt2508,parquet_residential_short_202512_res_MI,285678-1.parquet,6
uhs9_1247--udt2508,parquet_residential_short_202512_res_MI,292113-1.parquet,9
uhs9_1247--udt2508,parquet_residential_short_202512_res_MI,292202-1.parquet,1
uhs9_1247--udt2508,parquet_residential_short_202512_res_MI,29488-1.parquet,2
uhs9_1247--udt2508,parquet_residential_short_202512_res_MI,303787-1.parquet,1
uhs9_1247--udt2508,parquet_residential_short_202512_res_MI,305511-1.parquet,2
uhs9_1247--udt2508,parquet_residential_short_202512_res_MI,31043-1.parquet,4
uhs9_1247--udt2508,parquet_residential_short_202512_res_MI,316181-1.parquet,4
uhs9_1247--udt2508,parquet_residential_short_202512_res_MI,316670-1.parquet,1
uhs9_1247--udt2508,parquet_residential_short_202512_res_MI,317135-1.parquet,2
uhs9_1247--udt2508,parquet_residential_short_202512_res_MI,317368-1.parquet,1
uhs9_1247--udt2508,parquet_residential_short_202512_res_MI,320231-1.parquet,1
uhs9_1247--udt2508,parquet_residential_short_202512_res_MI,32711-1.parquet,2
uhs9_1247--udt2508,parquet_residential_short_202512_res_MI,329472-1.parquet,11
uhs9_1247--udt2508,parquet_residential_short_202512_res_MI,32956-1.parquet,1
uhs9_1247--udt2508,parquet_residential_short_202512_res_MI,331355-1.parquet,4
uhs9_1247--udt2508,parquet_residential_short_202512_res_MI,334073-1.parquet,38
uhs9_1247--udt2508,parquet_residential_short_202512_res_MI,335327-1.parquet,1
uhs9_1247--udt2508,parquet_residential_short_202512_res_MI,345199-1.parquet,1
uhs9_1247--udt2508,parquet_residential_short_202512_res_MI,346477-1.parquet,11
uhs9_1247--udt2508,parquet_residential_short_202512_res_MI,350694-1.parquet,2
uhs9_1247--udt2508,parquet_residential_short_202512_res_MI,354403-1.parquet,8
uhs9_1247--udt2508,parquet_residential_short_202512_res_MI,356343-1.parquet,1
uhs9_1247--udt2508,parquet_residential_short_202512_res_MI,361783-1.parquet,53
uhs9_1247--udt2508,parquet_residential_short_202512_res_MI,363455-1.parquet,3
uhs9_1247--udt2508,parquet_residential_short_202512_res_MI,368387-1.parquet,21
uhs9_1247--udt2508,parquet_residential_short_202512_res_MI,368438-1.parquet,1
uhs9_1247--udt2508,parquet_residential_short_202512_res_MI,368957-1.parquet,1
uhs9_1247--udt2508,parquet_residential_short_202512_res_MI,370010-1.parquet,3
uhs9_1247--udt2508,parquet_residential_short_202512_res_MI,377543-1.parquet,1
uhs9_1247--udt2508,parquet_residential_short_202512_res_MI,378338-1.parquet,20
uhs9_1247--udt2508,parquet_residential_short_202512_res_MI,380296-1.parquet,5
uhs9_1247--udt2508,parquet_residential_short_202512_res_MI,381867-1.parquet,9
uhs9_1247--udt2508,parquet_residential_short_202512_res_MI,387495-1.parquet,21
uhs9_1247--udt2508,parquet_residential_short_202512_res_MI,392142-1.parquet,8
uhs9_1247--udt2508,parquet_residential_short_202512_res_MI,39516-1.parquet,5
uhs9_1247--udt2508,parquet_residential_short_202512_res_MI,39539-1.parquet,3
uhs9_1247--udt2508,parquet_residential_short_202512_res_MI,395863-1.parquet,3
uhs9_1247--udt2508,parquet_residential_short_202512_res_MI,400439-1.parquet,1
uhs9_1247--udt2508,parquet_residential_short_202512_res_MI,400912-1.parquet,12
uhs9_1247--udt2508,parquet_residential_short_202512_res_MI,409398-1.parquet,1
uhs9_1247--udt2508,parquet_residential_short_202512_res_MI,411616-1.parquet,75
uhs9_1247--udt2508,parquet_residential_short_202512_res_MI,412179-1.parquet,1
uhs9_1247--udt2508,parquet_residential_short_202512_res_MI,418555-1.parquet,1
uhs9_1247--udt2508,parquet_residential_short_202512_res_MI,421729-1.parquet,1
uhs9_1247--udt2508,parquet_residential_short_202512_res_MI,426204-1.parquet,12
uhs9_1247--udt2508,parquet_residential_short_202512_res_MI,428505-1.parquet,3
uhs9_1247--udt2508,parquet_residential_short_202512_res_MI,430122-1.parquet,3
uhs9_1247--udt2508,parquet_residential_short_202512_res_MI,433741-1.parquet,4
uhs9_1247--udt2508,parquet_residential_short_202512_res_MI,436629-1.parquet,10
uhs9_1247--udt2508,parquet_residential_short_202512_res_MI,437871-1.parquet,36
uhs9_1247--udt2508,parquet_residential_short_202512_res_MI,439442-1.parquet,12
uhs9_1247--udt2508,parquet_residential_short_202512_res_MI,441370-1.parquet,7
uhs9_1247--udt2508,parquet_residential_short_202512_res_MI,444065-1.parquet,26
uhs9_1247--udt2508,parquet_residential_short_202512_res_MI,449575-1.parquet,2
uhs9_1247--udt2508,parquet_residential_short_202512_res_MI,449958-1.parquet,3
uhs9_1247--udt2508,parquet_residential_short_202512_res_MI,453782-1.parquet,1
uhs9_1247--udt2508,parquet_residential_short_202512_res_MI,455633-1.parquet,3
uhs9_1247--udt2508,parquet_residential_short_202512_res_MI,457273-1.parquet,7
uhs9_1247--udt2508,parquet_residential_short_202512_res_MI,457563-1.parquet,7
uhs9_1247--udt2508,parquet_residential_short_202512_res_MI,458168-1.parquet,2
uhs9_1247--udt2508,parquet_residential_short_202512_res_MI,459710-1.parquet,3
uhs9_1247--udt2508,parquet_residential_short_202512_res_MI,459832-1.parquet,1
uhs9_1247--udt2508,parquet_residential_short_202512_res_MI,463711-1.parquet,13
uhs9_1247--udt2508,parquet_residential_short_202512_res_MI,464078-1.parquet,2
uhs9_1247--udt2508,parquet_residential_short_202512_res_MI,465000-1.parquet,1
uhs9_1247--udt2508,parquet_residential_short_202512_res_MI,465693-1.parquet,8
uhs9_1247--udt2508,parquet_residential_short_202512_res_MI,473383-1.parquet,4
uhs9_1247--udt2508,parquet_residential_short_202512_res_MI,474345-1.parquet,5
uhs9_1247--udt2508,parquet_residential_short_202512_res_MI,478155-1.parquet,5
uhs9_1247--udt2508,parquet_residential_short_202512_res_MI,48368-1.parquet,1
uhs9_1247--udt2508,parquet_residential_short_202512_res_MI,485286-1.parquet,6
uhs9_1247--udt2508,parquet_residential_short_202512_res_MI,491904-1.parquet,12
uhs9_1247--udt2508,parquet_residential_short_202512_res_MI,494108-1.parquet,16
uhs9_1247--udt2508,parquet_residential_short_202512_res_MI,498993-1.parquet,4
uhs9_1247--udt2508,parquet_residential_short_202512_res_MI,502032-1.parquet,2
uhs9_1247--udt2508,parquet_residential_short_202512_res_MI,505391-1.parquet,5
uhs9_1247--udt2508,parquet_residential_short_202512_res_MI,507422-1.parquet,2
uhs9_1247--udt2508,parquet_residential_short_202512_res_MI,508330-1.parquet,84
uhs9_1247--udt2508,parquet_residential_short_202512_res_MI,509345-1.parquet,19
uhs9_1247--udt2508,parquet_residential_short_202512_res_MI,513814-1.parquet,8
uhs9_1247--udt2508,parquet_residential_short_202512_res_MI,515788-1.parquet,1
uhs9_1247--udt2508,parquet_residential_short_202512_res_MI,519249-1.parquet,3
uhs9_1247--udt2508,parquet_residential_short_202512_res_MI,520460-1.parquet,1
uhs9_1247--udt2508,parquet_residential_short_202512_res_MI,521610-1.parquet,5
uhs9_1247--udt2508,parquet_residential_short_202512_res_MI,523472-1.parquet,1
uhs9_1247--udt2508,parquet_residential_short_202512_res_MI,525496-1.parquet,6
uhs9_1247--udt2508,parquet_residential_short_202512_res_MI,5319-1.parquet,1
uhs9_1247--udt2508,parquet_residential_short_202512_res_MI,533319-1.parquet,3
uhs9_1247--udt2508,parquet_residential_short_202512_res_MI,53721-1.parquet,2
uhs9_1247--udt2508,parquet_residential_short_202512_res_MI,538350-1.parquet,17
uhs9_1247--udt2508,parquet_residential_short_202512_res_MI,542380-1.parquet,1
uhs9_1247--udt2508,parquet_residential_short_202512_res_MI,544131-1.parquet,1
uhs9_1247--udt2508,parquet_residential_short_202512_res_MI,54618-1.parquet,3
uhs9_1247--udt2508,parquet_residential_short_202512_res_MI,549574-1.parquet,1
uhs9_1247--udt2508,parquet_residential_short_202512_res_MI,55789-1.parquet,2
uhs9_1247--udt2508,parquet_residential_short_202512_res_MI,63130-1.parquet,1
uhs9_1247--udt2508,parquet_residential_short_202512_res_MI,73789-1.parquet,4
uhs9_1247--udt2508,parquet_residential_short_202512_res_MI,74525-1.parquet,20
uhs9_1247--udt2508,parquet_residential_short_202512_res_MI,78734-1.parquet,1
uhs9_1247--udt2508,parquet_residential_short_202512_res_MI,7956-1.parquet,1
uhs9_1247--udt2508,parquet_residential_short_202512_res_MI,8111-1.parquet,2
uhs9_1247--udt2508,parquet_residential_short_202512_res_MI,82218-1.parquet,3
uhs9_1247--udt2508,parquet_residential_short_202512_res_MI,90350-1.parquet,4
uhs9_1247--udt2508,parquet_residential_short_202512_res_MI,92876-1.parquet,5
uhs9_1247--udt2508,parquet_residential_short_202512_res_MI,95747-1.parquet,2
uhs9_1247--udt2508,parquet_residential_short_202512_res_MI,97944-1.parquet,2
