bldg_id,upgrade,in.sqft,in.representative_income,in.area_median_income,in.battery,in.bedrooms,in.building_america_climate_zone,in.city,in.county,in.electric_vehicle,in.geometry_building_type_acs,in.geometry_stories,in.heating_fuel,in.heating_setpoint,in.heating_setpoint_has_offset,in.heating_setpoint_offset_magnitude,in.heating_setpoint_offset_period,in.hvac_cooling_efficiency,in.hvac_cooling_partial_space_conditioning,in.hvac_cooling_type,in.hvac_heating_efficiency,in.hvac_heating_type,in.hvac_heating_type_and_fuel,in.hvac_secondary_heating_efficiency,in.hvac_secondary_heating_fuel,in.hvac_secondary_heating_partial_space_conditioning,in.income,in.occupants,in.plug_load_diversity,in.plug_loads,in.vacancy_status,in.water_heater_efficiency,in.water_heater_fuel,out.params.size_cooling_system_primary_k_btu_h,out.params.size_heat_pump_backup_primary_k_btu_h,out.params.size_heating_system_primary_k_btu_h,out.params.size_heating_system_secondary_k_btu_h,out.params.size_water_heater_gal,out.electricity.heating.energy_consumption.kwh,out.electricity.heating_fans_pumps.energy_consumption.kwh,out.electricity.heating_hp_bkup.energy_consumption.kwh,out.electricity.heating_hp_bkup_fa.energy_consumption.kwh,out.electricity.hot_water.energy_consumption.kwh,out.electricity.total.energy_consumption.kwh,out.fuel_oil.heating.energy_consumption.kwh,out.fuel_oil.heating_hp_bkup.energy_consumption.kwh,out.fuel_oil.hot_water.energy_consumption.kwh,out.fuel_oil.total.energy_consumption.kwh,out.natural_gas.heating.energy_consumption.kwh,out.natural_gas.heating_hp_bkup.energy_consumption.kwh,out.natural_gas.hot_water.energy_consumption.kwh,out.natural_gas.total.energy_consumption.kwh,out.propane.heating.energy_consumption.kwh,out.propane.heating_hp_bkup.energy_consumption.kwh,out.propane.hot_water.energy_consumption.kwh,out.propane.total.energy_consumption.kwh,out.site_energy.total.energy_consumption.kwh,out.load.cooling.energy_delivered.kbtu,out.load.heating.energy_delivered.kbtu,out.load.hot_water.energy_delivered.kbtu,out.electricity.summer.peak.kw,out.electricity.winter.peak.kw,out.load.cooling.peak.kbtu_hr,out.load.heating.peak.kbtu_hr,Folder_File,State
1652,0,2179,280058.0,150%+,,3,Cold,In another census Place,G5000070,,Single-Family Detached,2,Natural Gas,70F,No,0F,,"Room AC, EER 10.7",20% Conditioned,Room AC,"Fuel Furnace, 80% AFUE",Ducted Heating,Natural Gas Fuel Furnace,,,,200000+,2,200%,99%,Occupied,Natural Gas Tankless,Natural Gas,3.49,0.0,94.23,0,0,0.0,1039.8161569710444,0.0,0.0,0.0,11008.628608879184,0.0,0.0,0.0,0.0,41494.17439926391,0.0,6110.238742020661,47604.41314128457,0.0,0.0,0.0,0.0,58613.04175016375,3723.0,116802.0,15723.0,9.4715,10.109,5.661,82.473,Metadata_VT_Residential_VT_baseline_metadata_and_annual_results.csv,VT
2153,0,2179,149501.0,120-150%,,3,Cold,In another census Place,G5000030,,Single-Family Detached,1,Propane,70F,Yes,3F,Night -1h,"Room AC, EER 12.0",20% Conditioned,Room AC,"Fuel Furnace, 80% AFUE",Ducted Heating,Propane Fuel Furnace,,,,140000-159999,5,50%,99%,Occupied,Electric Standard,Electricity,2.8,0.0,55.91,0,50,0.0,681.3902381504167,0.0,0.0,3431.2760895763777,11743.650852871117,0.0,0.0,0.0,0.0,0.0,0.0,0.0,0.0,26792.557235144555,0.0,0.0,27764.67397490581,39508.32482777693,1591.0,75319.0,10660.0,6.1352,8.863299999999999,2.59,57.198,Metadata_VT_Residential_VT_baseline_metadata_and_annual_results.csv,VT
4840,0,1228,47457.0,80-100%,,3,Cold,Not in a census Place,G5000210,,Single-Family Detached,1,Other Fuel,65F,No,0F,,,,,"Fuel Wall/Floor Furnace, 60% AFUE",Non-Ducted Heating,Other Fuel Fuel Wall/Floor Furnace,,,,45000-49999,1,200%,99%,Occupied,Fuel Oil Standard,Fuel Oil,0.0,0.0,43.6,0,40,0.0,0.0,0.0,0.0,0.0,5614.362491289261,0.0,0.0,4349.46775242595,4349.46775242595,0.0,0.0,0.0,0.0,0.0,0.0,0.0,815.6167882892944,10779.447032004506,0.0,60691.0,7758.0,12.7344,13.0751,0.0,54.365,Metadata_VT_Residential_VT_baseline_metadata_and_annual_results.csv,VT
4990,0,2179,149501.0,150%+,,3,Cold,Not in a census Place,G5000210,,Single-Family Detached,2,Fuel Oil,67F,No,0F,,"Room AC, EER 9.8",20% Conditioned,Room AC,"Fuel Furnace, 80% AFUE",Ducted Heating,Fuel Oil Fuel Furnace,,,,140000-159999,5,100%,99%,Occupied,Fuel Oil Standard,Fuel Oil,10.91,0.0,162.05,0,40,0.0,2230.8569861509554,0.0,0.0,0.0,11582.168693206224,87739.03084601954,0.0,8157.047096103461,95896.077942123,0.0,0.0,0.0,0.0,0.0,0.0,0.0,0.0,107478.24663532924,8226.0,247097.0,18512.0,6.6023000000000005,7.4395,9.84,157.935,Metadata_VT_Residential_VT_baseline_metadata_and_annual_results.csv,VT
7032,0,1228,74751.0,120-150%,,1,Cold,Not in a census Place,G5000230,,Single-Family Detached,1,Fuel Oil,68F,Yes,3F,Night +1h,,,,"Fuel Furnace, 80% AFUE",Ducted Heating,Fuel Oil Fuel Furnace,,,,70000-79999,1,100%,99%,Occupied,Propane Tankless,Propane,0.0,0.0,42.66,0,0,0.0,637.7226486947555,0.0,0.0,0.0,4324.263640391139,24794.691749780515,0.0,0.0,24794.691749780515,0.0,0.0,0.0,0.0,0.0,0.0,1545.3637530181277,1545.3637530181277,30664.31914318978,0.0,69810.0,3976.0,9.005600000000001,9.4224,0.0,50.046,Metadata_VT_Residential_VT_baseline_metadata_and_annual_results.csv,VT
7179,0,1698,63747.0,100-120%,,2,Cold,In another census Place,G5000250,,Single-Family Detached,1,Propane,67F,No,0F,,,,,"Fuel Furnace, 80% AFUE",Ducted Heating,Propane Fuel Furnace,,,,60000-69999,2,200%,99%,Occupied,Electric Standard,Electricity,0.0,0.0,30.66,0,30,0.0,334.1010199963333,0.0,0.0,5119.65852483855,11600.3390995569,0.0,0.0,0.0,0.0,0.0,0.0,0.0,0.0,13252.96686425806,0.0,0.0,15316.187198270509,26916.526297827408,0.0,37315.0,16221.0,5.9663,7.3507,0.0,34.172,Metadata_VT_Residential_VT_baseline_metadata_and_annual_results.csv,VT
7329,0,2179,0.0,Not Available,,5,Cold,Not in a census Place,G5000270,,Single-Family Detached,2,Other Fuel,55F,Yes,6F,Night -3h,"Room AC, EER 12.0",80% Conditioned,Room AC,"Fuel Furnace, 60% AFUE",Ducted Heating,Other Fuel Fuel Furnace,,,,Not Available,0,50%,99%,Vacant,Electric Standard,Electricity,19.24,0.0,98.66,0,66,0.0,596.1065567303,0.0,0.0,358.13284775045554,2452.711786271328,0.0,0.0,0.0,0.0,0.0,0.0,0.0,0.0,0.0,0.0,0.0,0.0,2452.711786271328,7793.0,66158.0,0.0,3.373,2.7768,14.863,87.693,Metadata_VT_Residential_VT_baseline_metadata_and_annual_results.csv,VT
7583,0,2179,13633.0,0-30%,,4,Cold,Not in a census Place,G5000030,,Single-Family Detached,1,Fuel Oil,67F,No,0F,,,,,"Fuel Furnace, 80% AFUE",Ducted Heating,Fuel Oil Fuel Furnace,,,,10000-14999,1,200%,99%,Occupied,Fuel Oil Standard,Fuel Oil,0.0,0.0,92.55,0,40,0.0,1390.9152990373668,0.0,0.0,0.0,7851.960112054178,54678.2695620315,0.0,4226.084831883444,58904.35439391495,0.0,0.0,0.0,0.0,0.0,0.0,0.0,0.0,66756.31450596913,0.0,153991.0,8070.0,19.8562,16.911900000000003,0.0,107.672,Metadata_VT_Residential_VT_baseline_metadata_and_annual_results.csv,VT
8390,0,2678,267342.0,150%+,,4,Cold,"VT, Burlington",G5000070,,Single-Family Detached,2,Propane,72F,Yes,3F,Night -2h,"AC, SEER 10",100% Conditioned,Central AC,"Fuel Wall/Floor Furnace, 60% AFUE",Non-Ducted Heating,Propane Fuel Wall/Floor Furnace,,,,200000+,3,50%,99%,Occupied,Propane Standard,Propane,11.48,0.0,34.82,0,40,0.0,0.0,0.0,0.0,0.0,8342.85415459265,0.0,0.0,0.0,0.0,0.0,0.0,0.0,0.0,31961.158628701865,0.0,3704.418326976889,36423.45874314412,44766.31289773677,12286.0,65299.00000000001,6061.0,4.5462,4.0557,10.138,35.504,Metadata_VT_Residential_VT_baseline_metadata_and_annual_results.csv,VT
9426,0,1698,89096.0,120-150%,,3,Cold,Not in a census Place,G5000050,,Single-Family Detached,1,Fuel Oil,68F,No,0F,,"AC, SEER 15",100% Conditioned,Central AC,"Fuel Furnace, 80% AFUE",Ducted Heating,Fuel Oil Fuel Furnace,,,,80000-99999,2,200%,99%,Occupied,Propane Standard,Propane,11.52,0.0,39.03,0,40,0.0,466.5691437141778,0.0,0.0,0.0,8470.340070117567,18158.097365730544,0.0,0.0,18158.097365730544,0.0,0.0,0.0,0.0,0.0,0.0,8098.139810998845,8098.139810998845,34726.57724684696,6652.0,51162.0,16788.0,21.5322,21.4275,10.795,50.92,Metadata_VT_Residential_VT_baseline_metadata_and_annual_results.csv,VT
10174,0,7414,0.0,Not Available,,4,Cold,Not in a census Place,G5000270,,Single-Family Attached,2,Electricity,55F,Yes,6F,Day and Night -4h,Ducted Heat Pump,100% Conditioned,Ducted Heat Pump,"ASHP, SEER 10, 6.2 HSPF",Ducted Heat Pump,Electricity ASHP,,,,Not Available,0,200%,84%,Vacant,Electric Standard,Electricity,20.52,50.04,20.52,0,50,2800.2940754955835,109.60858024441112,4945.281238086078,60.079569385305554,372.2002591187222,8783.633044131671,0.0,0.0,0.0,0.0,0.0,0.0,0.0,0.0,0.0,0.0,0.0,0.0,8783.633044131671,232.0,35188.0,0.0,2.1491,18.122,6.728,63.427,Metadata_VT_Residential_VT_baseline_metadata_and_annual_results.csv,VT
10402,0,3310,149501.0,150%+,,4,Cold,Not in a census Place,G5000110,,Single-Family Detached,2,Other Fuel,62F,No,0F,,,,,"Fuel Wall/Floor Furnace, 60% AFUE",Non-Ducted Heating,Other Fuel Fuel Wall/Floor Furnace,,,,140000-159999,2,100%,99%,Occupied,Propane Tankless,Propane,0.0,0.0,62.3,0,0,0.0,0.0,0.0,0.0,0.0,6498.557909998855,0.0,0.0,0.0,0.0,0.0,0.0,0.0,0.0,0.0,0.0,3138.7911615445,4427.424657091761,10925.982567090618,0.0,76623.0,8077.0,2.7329,2.9606,0.0,62.452,Metadata_VT_Residential_VT_baseline_metadata_and_annual_results.csv,VT
10612,0,623,32204.0,30-60%,,1,Cold,Not in a census Place,G5000070,,50 or more Unit,6,Electricity,65F,Yes,6F,Night +3h,Ducted Heat Pump,100% Conditioned,Ducted Heat Pump,"ASHP, SEER 13, 7.7 HSPF",Ducted Heat Pump,Electricity ASHP,,,,30000-34999,1,50%,94%,Occupied,Electric Standard,Electricity,6.76,11.64,6.76,0,30,1015.7843292169224,60.37264045547777,449.27795057401664,10.257487456027778,1020.76653740985,5775.258508813811,0.0,0.0,0.0,0.0,0.0,0.0,0.0,0.0,0.0,0.0,0.0,0.0,5775.258508813811,7315.0,8477.0,2252.0,7.973899999999999,9.8238,7.805,10.029,Metadata_VT_Residential_VT_baseline_metadata_and_annual_results.csv,VT
10915,0,1698,74877.0,100-120%,,3,Cold,In another census Place,G5000190,,Single-Family Detached,2,Other Fuel,70F,No,0F,,"Room AC, EER 12.0",20% Conditioned,Room AC,"Fuel Wall/Floor Furnace, 60% AFUE",Non-Ducted Heating,Other Fuel Fuel Wall/Floor Furnace,,,,70000-79999,2,100%,99%,Occupied,Fuel Oil Standard,Fuel Oil,4.35,0.0,86.55,0,40,0.0,0.0,0.0,0.0,0.0,4699.101539141411,0.0,0.0,4303.455594408911,4303.455594408911,0.0,0.0,0.0,0.0,0.0,0.0,0.0,0.0,9002.557133550323,1159.0,159440.0,8297.0,8.3829,7.99,4.145,97.426,Metadata_VT_Residential_VT_baseline_metadata_and_annual_results.csv,VT
11201,0,2179,64407.0,100-120%,,3,Cold,Not in a census Place,G5000250,,Single-Family Detached,1,Fuel Oil,68F,Yes,3F,Night +3h,,,,"Fuel Furnace, 80% AFUE",Ducted Heating,Fuel Oil Fuel Furnace,,,,60000-69999,1,100%,99%,Occupied,FIXME Fuel Oil Indirect,Fuel Oil,0.0,0.0,84.08,0,40,0.0,1152.3554479171778,0.0,0.0,0.0,7413.525791076533,45736.96428214717,0.0,2815.826842214711,48552.79112436189,0.0,0.0,0.0,0.0,0.0,0.0,0.0,0.0,55966.31691543842,0.0,128698.0,4261.0,5.8631,5.6659,0.0,86.611,Metadata_VT_Residential_VT_baseline_metadata_and_annual_results.csv,VT
11428,0,1138,32204.0,60-80%,,4,Cold,Not in a census Place,G5000150,,2 Unit,1,Fuel Oil,72F,Yes,6F,Night +5h,,,,Shared Heating,Non-Ducted Heating,Fuel Oil Shared Heating,,,,30000-34999,1,100%,121%,Occupied,Electric Tankless,Electricity,0.0,0.0,36.72,0,0,0.0,156.49995147196668,0.0,0.0,1340.8001460379166,4699.687681281756,21311.835151853826,0.0,0.0,21311.835151853826,0.0,0.0,0.0,1294.4949169507056,0.0,0.0,0.0,0.0,27306.01775008629,0.0,55184.0,4166.0,4.552899999999999,6.565300000000001,0.0,39.461,Metadata_VT_Residential_VT_baseline_metadata_and_annual_results.csv,VT
13177,0,1138,22473.0,30-60%,,2,Cold,In another census Place,G5000070,,2 Unit,2,Natural Gas,70F,Yes,3F,Night -3h,"Room AC, EER 10.7",20% Conditioned,Room AC,"Fuel Wall/Floor Furnace, 68% AFUE",Non-Ducted Heating,Natural Gas Fuel Wall/Floor Furnace,,,,20000-24999,2,50%,121%,Occupied,Natural Gas Standard,Natural Gas,3.53,0.0,41.46,0,30,0.0,0.0,0.0,0.0,0.0,3369.731164840211,0.0,0.0,0.0,0.0,27461.345417277567,0.0,2953.277174125484,30414.32952033288,0.0,0.0,0.0,0.0,33784.06068517309,2253.0,63637.0,3918.0,7.6209,7.660399999999999,3.743,44.217,Metadata_VT_Residential_VT_baseline_metadata_and_annual_results.csv,VT
13764,0,1698,55104.0,80-100%,,3,Cold,Not in a census Place,G5000010,,Single-Family Detached,1,Other Fuel,72F,Yes,3F,Night,"Room AC, EER 9.8",20% Conditioned,Room AC,"Fuel Wall/Floor Furnace, 60% AFUE",Non-Ducted Heating,Other Fuel Fuel Wall/Floor Furnace,,,,50000-59999,2,50%,99%,Occupied,Electric Premium,Electricity,2.98,0.0,68.79,0,50,0.0,0.0,0.0,0.0,1584.6352764212056,5354.408452046499,0.0,0.0,0.0,0.0,0.0,0.0,0.0,773.7076252546667,0.0,0.0,0.0,650.9108468525055,6779.026924153672,2337.0,122675.0,4765.0,9.926,9.7692,4.03,69.236,Metadata_VT_Residential_VT_baseline_metadata_and_annual_results.csv,VT
13849,0,881,55558.0,60-80%,,3,Cold,Not in a census Place,G5000250,,Single-Family Detached,1,Fuel Oil,72F,Yes,6F,Day and Night -1h,,,,"Fuel Furnace, 80% AFUE",Ducted Heating,Fuel Oil Fuel Furnace,,,,50000-59999,4,100%,99%,Occupied,Fuel Oil Premium,Fuel Oil,0.0,0.0,46.17,0,40,0.0,571.7816579060055,0.0,0.0,0.0,6660.040069663751,22698.35438483861,0.0,6242.413794668333,28940.768179506944,0.0,0.0,0.0,0.0,0.0,0.0,0.0,0.0,35600.808249170695,0.0,63524.0,14986.0,4.1238,4.6886,0.0,48.202,Metadata_VT_Residential_VT_baseline_metadata_and_annual_results.csv,VT
14811,0,1228,109096.0,150%+,,3,Cold,Not in a census Place,G5000030,,Single-Family Detached,1,Fuel Oil,70F,No,0F,,,,,"Fuel Furnace, 80% AFUE",Ducted Heating,Fuel Oil Fuel Furnace,,,,100000-119999,3,50%,99%,Occupied,FIXME Fuel Oil Indirect,Fuel Oil,0.0,0.0,63.97,0,40,0.0,910.8648860952668,0.0,0.0,0.0,6750.012888206622,35814.750130396416,0.0,3830.438887150945,39645.18901754736,0.0,0.0,0.0,0.0,0.0,0.0,0.0,0.0,46395.20190575398,0.0,100865.0,6761.0,9.3081,9.900799999999998,0.0,63.487,Metadata_VT_Residential_VT_baseline_metadata_and_annual_results.csv,VT
16478,0,1698,13633.0,0-30%,,4,Cold,Not in a census Place,G5000050,,Single-Family Detached,1,Fuel Oil,65F,No,0F,,,,,"Fuel Boiler, 80% AFUE",Non-Ducted Heating,Fuel Oil Fuel Boiler,,,,10000-14999,1,50%,99%,Occupied,Fuel Oil Standard,Fuel Oil,0.0,0.0,67.94,0,40,0.0,207.49431768193327,0.0,0.0,0.0,5847.060921006006,34197.583965186095,0.0,2378.271734447583,36575.85569963368,0.0,0.0,0.0,0.0,0.0,0.0,0.0,543.9399062396444,42966.85652687933,0.0,89718.0,2257.0,8.5952,9.06,0.0,68.61,Metadata_VT_Residential_VT_baseline_metadata_and_annual_results.csv,VT
17018,0,2678,27012.0,30-60%,,4,Cold,Not in a census Place,G5000210,,Single-Family Detached,1,Fuel Oil,75F,No,0F,,"Room AC, EER 9.8",<10% Conditioned,Room AC,"Fuel Furnace, 80% AFUE",Ducted Heating,Fuel Oil Fuel Furnace,,,,25000-29999,1,100%,99%,Occupied,Electric Premium,Electricity,1.95,0.0,88.75,0,50,0.0,1725.309390103872,0.0,0.0,1448.06415772095,8015.4937692102785,67826.61005423807,0.0,0.0,67826.61005423807,0.0,0.0,0.0,0.0,0.0,0.0,0.0,0.0,75842.10382344836,1410.0,191021.0,4335.0,11.393,12.3685,2.399,93.882,Metadata_VT_Residential_VT_baseline_metadata_and_annual_results.csv,VT
17344,0,1228,68718.0,80-100%,,3,Cold,Not in a census Place,G5000110,,Single-Family Detached,1,Fuel Oil,68F,Yes,12F,Night +1h,"Room AC, EER 12.0",60% Conditioned,Room AC,"Fuel Boiler, 80% AFUE",Non-Ducted Heating,Fuel Oil Fuel Boiler,,,,60000-69999,2,50%,99%,Occupied,Propane Standard,Propane,6.18,0.0,38.87,0,40,0.0,161.48215966489445,0.0,0.0,0.0,3282.1029148587168,15154.41196753544,0.0,0.0,15154.41196753544,0.0,0.0,0.0,0.0,0.0,0.0,3157.25463896535,3807.8724147476833,22244.38729714184,8996.0,40387.0,4231.0,3.8799,3.7786,7.621,56.266,Metadata_VT_Residential_VT_baseline_metadata_and_annual_results.csv,VT
17742,0,881,4219.0,0-30%,,3,Cold,Not in a census Place,G5000070,,Mobile Home,1,Fuel Oil,75F,Yes,6F,Night -4h,,,,"Fuel Furnace, 80% AFUE",Ducted Heating,Fuel Oil Fuel Furnace,,,,<10000,4,100%,137%,Occupied,Electric Premium,Electricity,0.0,0.0,54.98,0,50,0.0,948.0849120071388,0.0,0.0,4685.913340983661,11789.07686874781,37810.85718933942,0.0,0.0,37810.85718933942,0.0,0.0,0.0,0.0,0.0,0.0,0.0,0.0,49599.93405808723,0.0,106245.0,15390.0,9.5181,11.0447,0.0,56.917,Metadata_VT_Residential_VT_baseline_metadata_and_annual_results.csv,VT
17868,0,1228,19323.0,30-60%,,2,Cold,Not in a census Place,G5000270,,Single-Family Detached,1,Fuel Oil,72F,Yes,12F,Night +2h,"AC, SEER 15",100% Conditioned,Central AC,"Fuel Furnace, 80% AFUE",Ducted Heating,Fuel Oil Fuel Furnace,,,,15000-19999,1,100%,99%,Occupied,Fuel Oil Standard,Fuel Oil,7.85,0.0,27.77,0,30,0.0,440.7788895390222,0.0,0.0,0.0,4546.704582651855,17446.227736282217,0.0,2731.7154450752832,20177.9431813575,0.0,0.0,0.0,0.0,0.0,0.0,0.0,0.0,24724.647764009354,4350.0,48824.0,3944.0,5.4813,5.4864,7.08,33.212,Metadata_VT_Residential_VT_baseline_metadata_and_annual_results.csv,VT
18730,0,1228,128932.0,150%+,,2,Cold,Not in a census Place,G5000190,,Single-Family Detached,1,Fuel Oil,68F,Yes,3F,Night +5h,,,,"Fuel Boiler, 76% AFUE",Non-Ducted Heating,Fuel Oil Fuel Boiler,,,,120000-139999,2,100%,99%,Occupied,Electric Standard,Electricity,0.0,0.0,28.54,0,30,0.0,243.54205931311665,0.0,0.0,2932.762199213428,9694.204859156767,17464.98428477324,0.0,0.0,17464.98428477324,0.0,0.0,0.0,0.0,0.0,0.0,0.0,0.0,27159.18914393001,0.0,44755.0,8935.0,10.706,11.3698,0.0,42.793,Metadata_VT_Residential_VT_baseline_metadata_and_annual_results.csv,VT
21030,0,2179,109096.0,100-120%,,4,Cold,Not in a census Place,G5000070,,Single-Family Detached,2,Natural Gas,68F,Yes,6F,Day and Night +2h,,,,"Fuel Furnace, 80% AFUE",Ducted Heating,Natural Gas Fuel Furnace,,,,100000-119999,5,200%,99%,Occupied,Electric Premium,Electricity,0.0,0.0,59.66,0,50,0.0,605.7779020459834,0.0,0.0,10394.351645798206,24620.021391957875,0.0,0.0,0.0,0.0,24154.03839038404,0.0,0.0,34180.58584311611,0.0,0.0,0.0,0.0,58800.60723507399,0.0,67693.0,34806.0,10.0555,11.2813,0.0,60.798,Metadata_VT_Residential_VT_baseline_metadata_and_annual_results.csv,VT
21910,0,2179,85012.0,80-100%,,4,Cold,In another census Place,G5000110,,Single-Family Detached,1,Other Fuel,68F,No,0F,,"Room AC, EER 10.7",<10% Conditioned,Room AC,"Fuel Wall/Floor Furnace, 60% AFUE",Non-Ducted Heating,Other Fuel Fuel Wall/Floor Furnace,,,,80000-99999,5,200%,99%,Occupied,Propane Premium,Propane,2.17,0.0,49.46,0,40,0.0,0.0,0.0,0.0,0.0,11979.573064359754,0.0,0.0,0.0,0.0,0.0,0.0,0.0,0.0,0.0,0.0,14334.399113193562,15791.841545160025,27771.41460951978,2134.0,57806.0,36359.0,6.047,6.9795,2.845,44.654,Metadata_VT_Residential_VT_baseline_metadata_and_annual_results.csv,VT
22927,0,881,22223.0,30-60%,,2,Cold,Not in a census Place,G5000230,,Single-Family Detached,1,Fuel Oil,65F,No,0F,,"Room AC, EER 10.7",20% Conditioned,Room AC,"Fuel Furnace, 80% AFUE",Ducted Heating,Fuel Oil Fuel Furnace,,,,20000-24999,1,50%,99%,Occupied,Electric Standard,Electricity,2.56,0.0,54.79,0,30,0.0,632.1542983614834,0.0,0.0,1081.4322489355,4339.210264969922,24587.49050316876,0.0,0.0,24587.49050316876,0.0,0.0,0.0,556.2488911868777,0.0,0.0,0.0,0.0,29482.94965932556,1205.0,69268.0,2464.0,11.3526,11.5385,3.119,50.442,Metadata_VT_Residential_VT_baseline_metadata_and_annual_results.csv,VT
25684,0,1698,22473.0,30-60%,,2,Cold,In another census Place,G5000250,,Mobile Home,1,Fuel Oil,72F,Yes,3F,Night -1h,"Room AC, EER 12.0",20% Conditioned,Room AC,"Fuel Furnace, 80% AFUE",Ducted Heating,Fuel Oil Fuel Furnace,,,,20000-24999,2,100%,137%,Occupied,Electric Premium,Electricity,2.0,0.0,28.82,0,30,0.0,444.8818845214333,0.0,0.0,2407.8719125349776,8491.441187169967,17656.945835736045,0.0,0.0,17656.945835736045,0.0,0.0,0.0,0.0,0.0,0.0,0.0,0.0,26148.38702290601,2557.0,49626.0,7562.0,8.3626,8.4655,3.618,32.729,Metadata_VT_Residential_VT_baseline_metadata_and_annual_results.csv,VT
26383,0,854,38588.0,30-60%,,1,Cold,In another census Place,G5000070,,10 to 19 Unit,3,Electricity,68F,Yes,12F,Night +2h,"Room AC, EER 10.7",60% Conditioned,Room AC,"Electric Wall Furnace, 100% AFUE",Non-Ducted Heating,Electricity Electric Wall Furnace,,,,35000-39999,1,50%,94%,Occupied,Electric Standard,Electricity,3.95,0.0,18.25,0,30,5322.4637053977285,0.0,0.0,0.0,937.5343534809388,8561.192101870956,0.0,0.0,0.0,0.0,0.0,0.0,0.0,0.0,0.0,0.0,0.0,0.0,8561.192101870956,3894.0,17941.0,2032.0,3.3621,7.3201,3.562,18.117,Metadata_VT_Residential_VT_baseline_metadata_and_annual_results.csv,VT
26404,0,2179,129299.0,150%+,,4,Cold,Not in a census Place,G5000250,,Single-Family Detached,2,Other Fuel,65F,Yes,3F,Night -1h,"Room AC, EER 10.7",20% Conditioned,Room AC,"Fuel Wall/Floor Furnace, 60% AFUE",Non-Ducted Heating,Other Fuel Fuel Wall/Floor Furnace,,,,120000-139999,4,200%,99%,Occupied,Electric Premium,Electricity,4.41,0.0,97.74,0,50,0.0,0.0,0.0,0.0,8704.210784115,20160.35891714717,0.0,0.0,0.0,0.0,0.0,0.0,0.0,0.0,0.0,0.0,0.0,1297.1325565822556,21457.491473729424,3789.0,131272.0,28991.0,13.6738,14.4209,7.049,97.685,Metadata_VT_Residential_VT_baseline_metadata_and_annual_results.csv,VT
26574,0,1138,47457.0,60-80%,,2,Cold,Not in a census Place,G5000210,,3 or 4 Unit,2,Fuel Oil,67F,Yes,6F,Night -2h,"Room AC, EER 12.0",20% Conditioned,Room AC,Shared Heating,Non-Ducted Heating,Fuel Oil Shared Heating,,,,45000-49999,3,100%,121%,Occupied,Propane Standard,Propane,2.77,0.0,38.52,0,30,0.0,134.22655013887777,0.0,0.0,0.0,4800.797200491173,19106.475348807857,0.0,0.0,19106.475348807857,0.0,0.0,0.0,867.1972966396056,0.0,0.0,4912.457278226789,4912.457278226789,29686.927124165424,2744.0,49584.0,8937.0,1.201,1.4921,3.119,50.936,Metadata_VT_Residential_VT_baseline_metadata_and_annual_results.csv,VT
27289,0,623,280058.0,150%+,,1,Cold,In another census Place,G5000070,,3 or 4 Unit,3,Natural Gas,70F,No,0F,,"Room AC, EER 10.7",40% Conditioned,Room AC,"Fuel Wall/Floor Furnace, 60% AFUE",Non-Ducted Heating,Natural Gas Fuel Wall/Floor Furnace,,,,200000+,2,100%,121%,Occupied,Electric Standard,Electricity,5.21,0.0,27.85,0,30,0.0,0.0,0.0,0.0,2360.101328096906,6572.118748612083,0.0,0.0,0.0,0.0,20306.601381163106,0.0,0.0,21087.635783172074,0.0,0.0,0.0,0.0,27659.75453178416,3705.0,41573.0,6812.0,6.0956,6.861800000000001,6.524,32.403,Metadata_VT_Residential_VT_baseline_metadata_and_annual_results.csv,VT
28163,0,1228,74909.0,100-120%,,3,Cold,In another census Place,G5000250,,Single-Family Detached,1,Fuel Oil,72F,Yes,3F,Night +1h,"Room AC, EER 10.7",20% Conditioned,Room AC,"Fuel Boiler, 76% AFUE",Non-Ducted Heating,Fuel Oil Fuel Boiler,,,,70000-79999,3,100%,99%,Occupied,Other Fuel,Other Fuel,2.31,0.0,52.91,0,40,0.0,269.0392424181,0.0,0.0,0.0,6760.856517802994,35655.6125392929,0.0,0.0,35655.6125392929,0.0,0.0,0.0,0.0,0.0,0.0,0.0,0.0,42416.4690570959,3592.0,90816.0,12407.0,8.7574,9.0298,3.872,57.041,Metadata_VT_Residential_VT_baseline_metadata_and_annual_results.csv,VT
28985,0,1138,55104.0,60-80%,,2,Cold,"VT, Burlington",G5000070,,2 Unit,2,Electricity,70F,Yes,3F,Night +3h,"Room AC, EER 12.0",60% Conditioned,Room AC,Shared Heating,Non-Ducted Heating,Electricity Shared Heating,,,,50000-59999,2,100%,121%,Occupied,Propane Standard,Propane,8.92,0.0,30.29,0,30,13511.162477079788,155.91380933162222,0.0,0.0,0.0,18385.22744511401,0.0,0.0,0.0,0.0,0.0,0.0,0.0,679.6318117293833,0.0,0.0,4006.8676713946224,4006.8676713946224,23071.726928238026,4426.0,45322.0,6819.0,5.2081,12.0226,8.118,37.392,Metadata_VT_Residential_VT_baseline_metadata_and_annual_results.csv,VT
30119,0,2678,87842.0,120-150%,,3,Cold,In another census Place,G5000070,,Single-Family Detached,2,Natural Gas,68F,Yes,3F,Night +2h,"Room AC, EER 10.7",20% Conditioned,Room AC,"Fuel Furnace, 92.5% AFUE",Ducted Heating,Natural Gas Fuel Furnace,,,,80000-99999,1,50%,99%,Occupied,Natural Gas Premium,Natural Gas,8.02,0.0,150.86,0,40,0.0,1341.6793592484337,0.0,0.0,0.0,7841.702624598151,0.0,0.0,0.0,0.0,61741.28235318205,0.0,1673.4358106833888,63958.36499903492,0.0,0.0,0.0,0.0,71800.06762363308,5445.0,199256.0,2407.0,8.2574,8.7044,9.012,129.491,Metadata_VT_Residential_VT_baseline_metadata_and_annual_results.csv,VT
30249,0,2179,111217.0,100-120%,,5,Cold,Not in a census Place,G5000190,,Single-Family Detached,1,Other Fuel,70F,No,0F,,,,,"Fuel Wall/Floor Furnace, 60% AFUE",Non-Ducted Heating,Other Fuel Fuel Wall/Floor Furnace,,,,100000-119999,6,200%,99%,Occupied,Electric Premium,Electricity,0.0,0.0,49.66,0,66,0.0,0.0,0.0,0.0,13329.751484643182,25162.789013916827,0.0,0.0,0.0,0.0,0.0,0.0,0.0,0.0,0.0,0.0,0.0,0.0,25162.789013916827,0.0,79710.0,44847.0,13.5171,14.0692,0.0,50.74,Metadata_VT_Residential_VT_baseline_metadata_and_annual_results.csv,VT
31065,0,5587,128932.0,150%+,,3,Cold,Not in a census Place,G5000030,,Single-Family Detached,1,Fuel Oil,72F,No,0F,,,,,"Fuel Furnace, 80% AFUE",Ducted Heating,Fuel Oil Fuel Furnace,,,,120000-139999,2,50%,99%,Occupied,Fuel Oil Standard,Fuel Oil,0.0,0.0,127.48,0,40,0.0,1944.819621662867,0.0,0.0,0.0,7233.873225060961,76483.050253915,0.0,2763.074049583712,79245.83123242855,0.0,0.0,0.0,0.0,0.0,0.0,0.0,650.9108468525055,87130.61530434202,0.0,215395.0,4271.0,3.4414,4.2795,0.0,120.924,Metadata_VT_Residential_VT_baseline_metadata_and_annual_results.csv,VT
31513,0,1698,4187.0,0-30%,,4,Cold,Not in a census Place,G5000270,,Single-Family Detached,2,Fuel Oil,68F,Yes,3F,Night -4h,"Room AC, EER 10.7",20% Conditioned,Room AC,"Fuel Furnace, 80% AFUE",Ducted Heating,Fuel Oil Fuel Furnace,,,,<10000,2,50%,99%,Occupied,Electric Standard,Electricity,4.86,0.0,103.87,0,50,0.0,1352.5229888448057,0.0,0.0,1608.3740331051556,6517.60752956005,53554.34200792104,0.0,0.0,53554.34200792104,0.0,0.0,0.0,0.0,0.0,0.0,0.0,0.0,60071.94953748109,2763.0,150592.0,4426.0,8.9865,9.842,5.077,94.685,Metadata_VT_Residential_VT_baseline_metadata_and_annual_results.csv,VT
31908,0,854,108692.0,150%+,,2,Cold,Not in a census Place,G5000210,,3 or 4 Unit,1,Fuel Oil,72F,No,0F,,"Room AC, EER 10.7",60% Conditioned,Room AC,"Fuel Boiler, 80% AFUE",Non-Ducted Heating,Fuel Oil Fuel Boiler,,,,100000-119999,2,100%,121%,Occupied,Fuel Oil Standard,Fuel Oil,3.93,0.0,22.33,0,30,0.0,247.0589121551833,0.0,0.0,0.0,3872.0549791154,13146.875136855717,0.0,4071.6363779026833,17218.5115147584,0.0,0.0,0.0,0.0,0.0,0.0,0.0,0.0,21090.5664938738,3941.0,35605.0,7041.0,3.4341,3.2047,3.973,20.996,Metadata_VT_Residential_VT_baseline_metadata_and_annual_results.csv,VT
32221,0,2678,74986.0,80-100%,,4,Cold,Not in a census Place,G5000250,,Single-Family Detached,2,Fuel Oil,68F,No,0F,,,,,"Fuel Furnace, 80% AFUE",Ducted Heating,Fuel Oil Fuel Furnace,,,,70000-79999,5,100%,99%,Occupied,Electric Standard,Electricity,0.0,0.0,87.72,0,50,0.0,1216.8310833550668,0.0,0.0,6010.887649232278,15850.74883026464,48299.87079080326,0.0,0.0,48299.87079080326,0.0,0.0,0.0,0.0,0.0,0.0,0.0,0.0,64150.6196210679,0.0,135988.0,19473.0,12.5935,13.7806,0.0,86.825,Metadata_VT_Residential_VT_baseline_metadata_and_annual_results.csv,VT
34964,0,854,41258.0,30-60%,,2,Cold,Not in a census Place,G5000070,,3 or 4 Unit,3,Fuel Oil,68F,Yes,6F,Night +3h,"Room AC, EER 10.7",40% Conditioned,Room AC,Shared Heating,Ducted Heating,Fuel Oil Shared Heating,,,,40000-44999,3,50%,121%,Occupied,Electric Standard,Electricity,7.23,0.0,60.93,0,30,0.0,132.46812371784443,0.0,0.0,1643.542561525822,5705.2145230426495,30101.036546318774,0.0,0.0,30101.036546318774,0.0,0.0,0.0,0.0,0.0,0.0,0.0,0.0,35806.251069361424,6129.0,77062.0,4447.0,3.7692,5.015899999999999,9.294,55.967,Metadata_VT_Residential_VT_baseline_metadata_and_annual_results.csv,VT
36959,0,1138,55104.0,60-80%,,1,Cold,In another census Place,G5000110,,2 Unit,1,Electricity,70F,No,0F,,Non-Ducted Heat Pump,100% Conditioned,Non-Ducted Heat Pump,"MSHP, SEER 14.5, 8.2 HSPF",Non-Ducted Heat Pump,Electricity MSHP,,,,50000-59999,2,200%,121%,Occupied,Electric Standard,Electricity,17.8,53.41,17.8,0,30,5876.6610990934,119.86606770043888,7681.392749213945,52.752792631,4492.779505740166,26125.820550502747,0.0,0.0,0.0,0.0,0.0,0.0,0.0,0.0,0.0,0.0,0.0,0.0,26125.820550502747,5032.0,78520.0,14100.0,8.710600000000001,23.3432,13.162,55.543,Metadata_VT_Residential_VT_baseline_metadata_and_annual_results.csv,VT
37414,0,1228,109096.0,150%+,,2,Cold,Not in a census Place,G5000230,,Single-Family Detached,1,Other Fuel,70F,Yes,3F,Night -4h,"Room AC, EER 12.0",20% Conditioned,Room AC,"Fuel Wall/Floor Furnace, 60% AFUE",Non-Ducted Heating,Other Fuel Fuel Wall/Floor Furnace,,,,100000-119999,3,50%,99%,Occupied,Propane Standard,Propane,1.38,0.0,18.56,0,30,0.0,0.0,0.0,0.0,0.0,4818.96760684185,0.0,0.0,0.0,0.0,0.0,0.0,0.0,0.0,0.0,0.0,4218.171912988794,4218.171912988794,9037.139519830644,2442.0,25529.0,6934.0,4.098199999999999,4.5596000000000005,2.231,18.832,Metadata_VT_Residential_VT_baseline_metadata_and_annual_results.csv,VT
37943,0,2179,47457.0,80-100%,,2,Cold,Not in a census Place,G5000050,,Single-Family Detached,1,Other Fuel,70F,Yes,3F,Night +4h,"Room AC, EER 12.0",20% Conditioned,Room AC,"Fuel Wall/Floor Furnace, 60% AFUE",Non-Ducted Heating,Other Fuel Fuel Wall/Floor Furnace,,,,45000-49999,1,200%,99%,Occupied,Fuel Oil Premium,Fuel Oil,2.56,0.0,71.63,0,30,0.0,0.0,0.0,0.0,0.0,7224.201879745277,0.0,0.0,4068.4125961307886,4068.4125961307886,0.0,0.0,0.0,0.0,0.0,0.0,0.0,815.6167882892944,12108.23126416536,4377.0,104711.0,8203.0,17.2441,17.4847,5.234,81.685,Metadata_VT_Residential_VT_baseline_metadata_and_annual_results.csv,VT
38201,0,1228,22473.0,30-60%,,3,Cold,In another census Place,G5000070,,Single-Family Detached,1,Propane,70F,Yes,6F,Night -5h,,,,"Fuel Wall/Floor Furnace, 60% AFUE",Non-Ducted Heating,Propane Fuel Wall/Floor Furnace,,,,20000-24999,2,200%,99%,Occupied,Propane Standard,Propane,0.0,0.0,64.14,0,40,0.0,0.0,0.0,0.0,0.0,6477.163721876284,0.0,0.0,0.0,0.0,0.0,0.0,0.0,0.0,45887.01667007536,0.0,7337.620383901927,53224.63705397728,59701.80077585357,0.0,93632.0,15716.0,10.1972,9.9659,0.0,78.8,Metadata_VT_Residential_VT_baseline_metadata_and_annual_results.csv,VT
38999,0,3310,4849.0,0-30%,,4,Cold,Not in a census Place,G5000150,,Single-Family Detached,2,Fuel Oil,67F,No,0F,,"Room AC, EER 12.0",20% Conditioned,Room AC,"Fuel Furnace, 80% AFUE",Ducted Heating,Fuel Oil Fuel Furnace,,,,<10000,1,50%,99%,Occupied,Propane Standard,Propane,7.64,0.0,179.15,0,40,0.0,2211.514295519589,0.0,0.0,0.0,8285.119153768723,86009.03231879292,0.0,0.0,86009.03231879292,0.0,0.0,0.0,0.0,0.0,0.0,2402.303562201705,2402.303562201705,96696.45503476336,1392.0,242308.0,2489.0,9.6332,11.1891,5.573,156.906,Metadata_VT_Residential_VT_baseline_metadata_and_annual_results.csv,VT
39951,0,623,11140.0,0-30%,,1,Cold,Not in a census Place,G5000230,,2 Unit,2,Fuel Oil,75F,No,0F,,,,,"Fuel Boiler, 90% AFUE",Non-Ducted Heating,Fuel Oil Fuel Boiler,,,,10000-14999,1,100%,121%,Occupied,Electric Premium,Electricity,0.0,0.0,31.61,0,30,0.0,213.64881015555,0.0,0.0,1387.9845883356445,4592.423669598722,14680.516047066954,0.0,0.0,14680.516047066954,0.0,0.0,0.0,0.0,0.0,0.0,0.0,0.0,19272.93971666568,0.0,43295.0,4165.0,4.607399999999999,5.1397,0.0,25.546,Metadata_VT_Residential_VT_baseline_metadata_and_annual_results.csv,VT
40854,0,1228,92315.0,120-150%,,3,Cold,Not in a census Place,G5000230,,Single-Family Detached,1,Fuel Oil,70F,No,0F,,,,,"Fuel Furnace, 80% AFUE",Ducted Heating,Fuel Oil Fuel Furnace,,,,80000-99999,3,200%,99%,Occupied,Fuel Oil Standard,Fuel Oil,0.0,0.0,73.56,0,40,0.0,912.0371703759556,0.0,0.0,0.0,10479.928398288495,35458.961851207336,0.0,10290.897558027413,45749.85940923475,0.0,0.0,0.0,0.0,0.0,0.0,0.0,0.0,56229.78780752325,0.0,99896.0,24149.0,12.4078,12.6286,0.0,69.045,Metadata_VT_Residential_VT_baseline_metadata_and_annual_results.csv,VT
40912,0,1207,89096.0,120-150%,,1,Cold,Not in a census Place,G5000010,,Single-Family Attached,1,Natural Gas,67F,No,0F,,,,,"Fuel Boiler, 76% AFUE",Non-Ducted Heating,Natural Gas Fuel Boiler,,,,80000-99999,2,50%,84%,Occupied,Fuel Oil Standard,Fuel Oil,0.0,0.0,44.67,0,30,0.0,119.27992556009444,0.0,0.0,0.0,3002.2200428442443,0.0,0.0,2826.084329670739,2826.084329670739,26044.346792994875,0.0,0.0,26044.346792994875,0.0,0.0,0.0,0.0,31872.65116550986,0.0,65710.0,4239.0,4.3329,4.562399999999999,0.0,48.971,Metadata_VT_Residential_VT_baseline_metadata_and_annual_results.csv,VT
41174,0,1228,66973.0,60-80%,,2,Cold,"VT, Burlington",G5000070,,Single-Family Detached,1,Fuel Oil,72F,No,0F,,"Room AC, EER 12.0",20% Conditioned,Room AC,"Fuel Boiler, 90% AFUE",Non-Ducted Heating,Fuel Oil Fuel Boiler,,,,60000-69999,3,200%,99%,Occupied,Fuel Oil Premium,Fuel Oil,3.03,0.0,76.87,0,30,0.0,228.8885058045056,0.0,0.0,0.0,8311.202479014051,37515.44155060583,0.0,8976.473808304994,46491.62228784064,0.0,0.0,0.0,0.0,0.0,0.0,0.0,0.0,54802.82476685469,3828.0,111918.0,23737.0,14.6412,16.1457,5.239,82.244,Metadata_VT_Residential_VT_baseline_metadata_and_annual_results.csv,VT
41592,0,854,16639.0,30-60%,,1,Cold,Not in a census Place,G5000050,,5 to 9 Unit,4,Fuel Oil,72F,Yes,3F,Day +2h,,,,Shared Heating,Non-Ducted Heating,Fuel Oil Shared Heating,,,,15000-19999,1,100%,94%,Occupied,Electric Standard,Electricity,0.0,0.0,32.17,0,30,0.0,165.58515464730553,0.0,0.0,1514.0051485097,4488.383439687583,19654.81132110008,0.0,0.0,19654.81132110008,0.0,0.0,0.0,0.0,0.0,0.0,0.0,0.0,24143.194760787665,0.0,50998.0,4177.0,5.720899999999999,6.6862,0.0,34.11,Metadata_VT_Residential_VT_baseline_metadata_and_annual_results.csv,VT
42872,0,872,4187.0,0-30%,,2,Cold,Not in a census Place,G5000230,,Single-Family Attached,1,Electricity,67F,No,0F,,"AC, SEER 15",100% Conditioned,Central AC,"Electric Furnace, 100% AFUE",Ducted Heating,Electricity Electric Furnace,,,,<10000,2,50%,84%,Occupied,Electric Standard,Electricity,7.02,0.0,27.91,0,30,7984.721306842194,192.54769310315,0.0,0.0,1433.1175331421666,13353.197170256964,0.0,0.0,0.0,0.0,0.0,0.0,0.0,0.0,0.0,0.0,0.0,0.0,13353.197170256964,8226.0,27899.0,3672.0,3.2792,8.9945,6.534,24.046,Metadata_VT_Residential_VT_baseline_metadata_and_annual_results.csv,VT
43035,0,298,13633.0,0-30%,,2,Cold,In another census Place,G5000230,,Single-Family Detached,2,Fuel Oil,67F,No,0F,,"Room AC, EER 12.0",20% Conditioned,Room AC,"Fuel Boiler, 80% AFUE",Non-Ducted Heating,Fuel Oil Fuel Boiler,,,,10000-14999,1,100%,99%,Occupied,Fuel Oil Standard,Fuel Oil,1.24,0.0,16.32,0,30,0.0,225.3716529624389,0.0,0.0,0.0,2933.9344834941166,8650.285707203311,0.0,2705.3390487597835,11355.624755963094,0.0,0.0,0.0,0.0,0.0,0.0,0.0,679.6318117293833,14969.191051186594,1448.0,23521.0,3719.0,5.9476,7.5469,3.078,28.99,Metadata_VT_Residential_VT_baseline_metadata_and_annual_results.csv,VT
43528,0,623,36175.0,30-60%,,1,Cold,In another census Place,G5000070,,20 to 49 Unit,4,Electricity,68F,No,0F,,,,,Shared Heating,Non-Ducted Heating,Electricity Shared Heating,,,,35000-39999,1,100%,94%,Occupied,Electric Standard,Electricity,0.0,0.0,25.56,0,30,9052.965357619943,121.6244941214722,0.0,0.0,1566.4648700705277,13951.062153408297,0.0,0.0,0.0,0.0,0.0,0.0,0.0,0.0,0.0,0.0,0.0,0.0,13951.062153408297,0.0,29838.0,4084.0,7.6404,9.9319,0.0,23.196,Metadata_VT_Residential_VT_baseline_metadata_and_annual_results.csv,VT
44002,0,1138,12566.0,0-30%,,4,Cold,Not in a census Place,G5000070,,20 to 49 Unit,3,Electricity,75F,No,0F,,"AC, SEER 13",100% Conditioned,Central AC,"Electric Baseboard, 100% Efficiency",Non-Ducted Heating,Electricity Baseboard,,,,10000-14999,4,100%,94%,Occupied,Natural Gas Standard,Natural Gas,5.91,0.0,5.81,0,40,1095.7927313739388,0.0,0.0,0.0,0.0,5724.850284744189,0.0,0.0,0.0,0.0,0.0,0.0,5852.0431291989335,5852.0431291989335,0.0,0.0,0.0,0.0,11576.893413943122,9255.0,3739.0,11635.0,3.5089,4.6335,5.511,5.81,Metadata_VT_Residential_VT_baseline_metadata_and_annual_results.csv,VT
44048,0,2179,92315.0,120-150%,,4,Cold,Not in a census Place,G5000250,,Single-Family Detached,2,Fuel Oil,67F,No,0F,,,,,"Fuel Furnace, 80% AFUE",Ducted Heating,Fuel Oil Fuel Furnace,,,,80000-99999,3,50%,99%,Occupied,Fuel Oil Standard,Fuel Oil,0.0,0.0,133.18,0,40,0.0,1555.9143115443278,0.0,0.0,0.0,5225.750252240894,61738.64471355051,0.0,3705.8836823277497,65444.52839587826,0.0,0.0,0.0,0.0,0.0,0.0,0.0,757.8817874653666,71428.16043558452,0.0,173809.0,6627.0,5.5747,6.162100000000001,0.0,110.277,Metadata_VT_Residential_VT_baseline_metadata_and_annual_results.csv,VT
44379,0,1228,22425.0,0-30%,,3,Cold,Not in a census Place,G5000250,,Single-Family Detached,1,Fuel Oil,70F,No,0F,,"Room AC, EER 9.8",20% Conditioned,Room AC,"Fuel Furnace, 80% AFUE",Ducted Heating,Fuel Oil Fuel Furnace,,,,20000-24999,4,100%,99%,Occupied,Electric Premium,Electricity,2.59,0.0,60.74,0,50,0.0,779.8621177282834,0.0,0.0,4868.203546630783,13105.552115961436,30964.716990116314,0.0,0.0,30964.716990116314,0.0,0.0,0.0,0.0,0.0,0.0,0.0,0.0,44070.26910607775,2190.0,87179.0,15965.0,15.3173,15.6614,3.432,62.238,Metadata_VT_Residential_VT_baseline_metadata_and_annual_results.csv,VT
44895,0,1698,47457.0,60-80%,,2,Cold,Not in a census Place,G5000230,,Mobile Home,1,Fuel Oil,70F,No,0F,,"Room AC, EER 12.0",60% Conditioned,Room AC,"Fuel Boiler, 80% AFUE",Non-Ducted Heating,Fuel Oil Fuel Boiler,,,,45000-49999,2,50%,137%,Occupied,Electric Standard,Electricity,5.78,0.0,52.49,0,30,0.0,233.5776429272611,0.0,0.0,1655.8515464730556,6087.672269617399,29558.56199542999,0.0,0.0,29558.56199542999,0.0,0.0,0.0,0.0,0.0,0.0,0.0,0.0,35646.23426504739,7493.0,78168.0,4488.0,7.698600000000001,7.765899999999999,9.441,48.403,Metadata_VT_Residential_VT_baseline_metadata_and_annual_results.csv,VT
45104,0,3310,273335.0,150%+,,5,Cold,Not in a census Place,G5000070,,Single-Family Detached,2,Propane,70F,Yes,3F,Day +5h,,,,"Fuel Furnace, 92.5% AFUE",Ducted Heating,Propane Fuel Furnace,,,,200000+,5,100%,99%,Occupied,Propane Tankless,Propane,0.0,0.0,140.28,0,0,0.0,1367.469613423589,0.0,0.0,0.0,9966.46788334676,0.0,0.0,0.0,0.0,0.0,0.0,0.0,0.0,62918.84191313404,0.0,7139.504340465506,72191.31750231299,82157.78538565975,0.0,203068.0,18370.0,2.9237,3.3857,0.0,140.277,Metadata_VT_Residential_VT_baseline_metadata_and_annual_results.csv,VT
46432,0,2152,168960.0,150%+,,4,Cold,In another census Place,G5000110,,Single-Family Attached,2,Natural Gas,72F,Yes,3F,Night +4h,"AC, SEER 10",100% Conditioned,Central AC,"Fuel Furnace, 80% AFUE",Ducted Heating,Natural Gas Fuel Furnace,,,,160000-179999,4,200%,84%,Occupied,Electric Premium,Electricity,9.6,0.0,28.97,0,50,0.0,323.84353254030555,0.0,0.0,6938.750657397532,14983.844604695209,0.0,0.0,0.0,0.0,12923.554981384485,0.0,0.0,14067.997510407013,0.0,0.0,0.0,0.0,29051.84211510222,12645.0,36319.0,23036.0,10.0755,10.3828,8.364,31.648,Metadata_VT_Residential_VT_baseline_metadata_and_annual_results.csv,VT
48138,0,5587,270137.0,150%+,,5,Cold,Not in a census Place,G5000150,,Single-Family Detached,1,Propane,72F,No,0F,,"Room AC, EER 12.0",20% Conditioned,Room AC,"Fuel Furnace, 80% AFUE",Ducted Heating,Propane Fuel Furnace,,,,200000+,4,50%,99%,Occupied,Propane Premium,Propane,4.47,0.0,163.81,0,50,0.0,2526.8587670249,0.0,0.0,0.0,11040.866426598128,0.0,0.0,0.0,0.0,0.0,0.0,0.0,0.0,98269.66053944784,0.0,3805.820917256478,102691.80991727648,113732.67634387464,2648.0,276851.0,7990.0,4.0191,4.706300000000001,4.947,131.223,Metadata_VT_Residential_VT_baseline_metadata_and_annual_results.csv,VT
48367,0,1698,94954.0,80-100%,,4,Cold,Not in a census Place,G5000010,,Single-Family Detached,2,Fuel Oil,68F,No,0F,,,,,"Fuel Boiler, 90% AFUE",Non-Ducted Heating,Fuel Oil Fuel Boiler,,,,80000-99999,5,100%,99%,Occupied,Electric Standard,Electricity,0.0,0.0,73.87,0,50,0.0,205.14974912055555,0.0,0.0,5805.44482904155,16828.726991429343,32445.605107696552,0.0,0.0,32445.605107696552,0.0,0.0,0.0,0.0,0.0,0.0,0.0,0.0,49274.332099125895,0.0,96407.0,18779.0,16.174,17.7853,0.0,66.857,Metadata_VT_Residential_VT_baseline_metadata_and_annual_results.csv,VT
48621,0,3310,63747.0,100-120%,,4,Cold,Not in a census Place,G5000150,,Single-Family Detached,2,Fuel Oil,70F,Yes,6F,Night -3h,"Room AC, EER 12.0",20% Conditioned,Room AC,"Fuel Furnace, 80% AFUE",Ducted Heating,Fuel Oil Fuel Furnace,,,,60000-69999,2,50%,99%,Occupied,Electric Standard,Electricity,5.75,0.0,245.7,0,50,0.0,3254.8473053327,0.0,0.0,1613.3562412980832,13698.434890919838,126574.75756775124,0.0,0.0,126574.75756775124,0.0,0.0,0.0,0.0,0.0,0.0,0.0,652.3762022033667,140925.56866087444,3458.0,355418.0,4468.0,12.0057,12.841,6.9,242.528,Metadata_VT_Residential_VT_baseline_metadata_and_annual_results.csv,VT
49202,0,1207,22223.0,30-60%,,2,Cold,Not in a census Place,G5000270,,Single-Family Attached,2,Natural Gas,68F,Yes,3F,Night -2h,"AC, SEER 15",100% Conditioned,Central AC,"Fuel Furnace, 80% AFUE",Ducted Heating,Natural Gas Fuel Furnace,,,,20000-24999,1,100%,84%,Occupied,Electric Standard,Electricity,8.19,0.0,27.68,0,30,0.0,331.46338036478335,0.0,0.0,1698.6399227182,7443.125969163927,0.0,0.0,0.0,0.0,13129.290872645382,0.0,0.0,13129.290872645382,0.0,0.0,0.0,0.0,20572.41684180931,9102.0,36935.0,4670.0,29.0078,29.3235,7.965,43.024,Metadata_VT_Residential_VT_baseline_metadata_and_annual_results.csv,VT
49235,0,2179,74877.0,100-120%,,5,Cold,Not in a census Place,G5000270,,Single-Family Detached,2,Fuel Oil,68F,No,0F,,"Room AC, EER 12.0",40% Conditioned,Room AC,"Fuel Boiler, 80% AFUE",Non-Ducted Heating,Fuel Oil Fuel Boiler,,,,70000-79999,2,200%,99%,Occupied,Electric Standard,Electricity,11.24,0.0,96.92,0,66,0.0,238.85292219036108,0.0,0.0,5164.205327504727,15675.199259231476,55679.69340880998,0.0,0.0,55679.69340880998,0.0,0.0,0.0,0.0,0.0,0.0,0.0,976.2197347436722,72331.11240278513,10757.0,147008.0,16517.0,20.297400000000003,20.8906,15.361,131.062,Metadata_VT_Residential_VT_baseline_metadata_and_annual_results.csv,VT
49399,0,881,64828.0,60-80%,,3,Cold,Not in a census Place,G5000110,,Single-Family Detached,2,Other Fuel,68F,No,0F,,"Room AC, EER 12.0",20% Conditioned,Room AC,"Fuel Wall/Floor Furnace, 60% AFUE",Non-Ducted Heating,Other Fuel Fuel Wall/Floor Furnace,,,,60000-69999,4,100%,99%,Occupied,Electric Premium,Electricity,3.57,0.0,70.21,0,50,0.0,0.0,0.0,0.0,4704.962960544855,11345.074197436894,0.0,0.0,0.0,0.0,0.0,0.0,0.0,1883.8608390670445,0.0,0.0,0.0,0.0,13228.93503650394,1113.0,115028.0,15398.0,9.6227,11.0204,4.016,71.593,Metadata_VT_Residential_VT_baseline_metadata_and_annual_results.csv,VT
49640,0,1698,280058.0,150%+,,4,Cold,Not in a census Place,G5000190,,Single-Family Detached,1,Fuel Oil,72F,No,0F,,"Room AC, EER 10.7",<10% Conditioned,Room AC,"Fuel Boiler, 90% AFUE",Non-Ducted Heating,Fuel Oil Fuel Boiler,,,,200000+,2,200%,99%,Occupied,FIXME Fuel Oil Indirect,Fuel Oil,1.65,0.0,70.28,0,40,0.0,268.74617134792777,0.0,0.0,0.0,11172.162266035284,40115.2750141036,0.0,7433.747694918416,47549.02270902202,0.0,0.0,0.0,0.0,0.0,0.0,0.0,0.0,58721.1849750573,1390.0,120200.0,16753.0,13.7137,12.8818,2.437,69.539,Metadata_VT_Residential_VT_baseline_metadata_and_annual_results.csv,VT
49904,0,1698,37492.0,30-60%,,2,Cold,In another census Place,G5000070,,Single-Family Detached,2,Fuel Oil,70F,No,0F,,"Room AC, EER 12.0",20% Conditioned,Room AC,"Fuel Boiler, 90% AFUE",Non-Ducted Heating,Fuel Oil Fuel Boiler,,,,35000-39999,2,100%,99%,Occupied,FIXME Fuel Oil Indirect,Fuel Oil,2.36,0.0,44.34,0,30,0.0,280.7620852249889,0.0,0.0,0.0,5713.1274419373,26145.74938327446,0.0,4495.124074301544,30640.58038650584,0.0,0.0,0.0,0.0,0.0,0.0,0.0,0.0,36353.70782844313,2033.0,79460.0,8746.0,7.315600000000001,7.626,3.147,53.379,Metadata_VT_Residential_VT_baseline_metadata_and_annual_results.csv,VT
50830,0,1698,32204.0,30-60%,,3,Cold,Not in a census Place,G5000190,,Single-Family Detached,1,Other Fuel,68F,No,0F,,"Room AC, EER 12.0",20% Conditioned,Room AC,"Fuel Boiler, 76% AFUE",Non-Ducted Heating,Other Fuel Fuel Boiler,,,,30000-34999,1,200%,99%,Occupied,Electric Standard,Electricity,2.38,0.0,28.02,0,50,0.0,108.43629596372222,0.0,0.0,2627.0890730238,8887.087131902466,0.0,0.0,0.0,0.0,0.0,0.0,0.0,0.0,0.0,0.0,0.0,815.6167882892944,9702.70392019176,1697.0,36549.0,7600.0,20.6555,20.1356,5.475,51.786,Metadata_VT_Residential_VT_baseline_metadata_and_annual_results.csv,VT
51668,0,2179,64828.0,80-100%,,3,Cold,Not in a census Place,G5000030,,Single-Family Detached,2,Fuel Oil,67F,Yes,6F,Night,"Room AC, EER 9.8",<10% Conditioned,Room AC,"Fuel Boiler, 90% AFUE",Non-Ducted Heating,Fuel Oil Fuel Boiler,,,,60000-69999,4,200%,99%,Occupied,Fuel Oil Premium,Fuel Oil,1.78,0.0,45.39,0,40,0.0,184.92784527867224,0.0,0.0,0.0,10658.99482216372,17850.665813119882,0.0,11036.763431615716,28887.4292447356,0.0,0.0,0.0,0.0,0.0,0.0,0.0,0.0,39546.42406689932,3226.0,53663.0,29926.0,8.0067,8.6008,2.819,66.381,Metadata_VT_Residential_VT_baseline_metadata_and_annual_results.csv,VT
51886,0,1678,55104.0,60-80%,,3,Cold,In another census Place,G5000110,,Single-Family Attached,1,Natural Gas,75F,No,0F,,"AC, SEER 13",100% Conditioned,Central AC,"Fuel Furnace, 92.5% AFUE",Ducted Heating,Natural Gas Fuel Furnace,,,,50000-59999,2,200%,84%,Occupied,Natural Gas Tankless,Natural Gas,7.21,0.0,22.72,0,0,0.0,211.30424159417225,0.0,0.0,0.0,7274.317032744728,0.0,0.0,0.0,0.0,9721.167397612611,0.0,5424.159366747489,16609.802902010695,0.0,0.0,0.0,0.0,23884.11993475542,10418.0,31398.0,13957.0,3.5019,3.8679,7.753,26.501,Metadata_VT_Residential_VT_baseline_metadata_and_annual_results.csv,VT
52196,0,2678,107345.0,150%+,,3,Cold,Not in a census Place,G5000250,,Single-Family Detached,2,Other Fuel,68F,Yes,3F,Night -2h,"AC, SEER 13",100% Conditioned,Central AC,"Fuel Wall/Floor Furnace, 60% AFUE",Non-Ducted Heating,Other Fuel Fuel Wall/Floor Furnace,,,,100000-119999,1,100%,99%,Occupied,Other Fuel,Other Fuel,15.18,0.0,53.51,0,40,0.0,0.0,0.0,0.0,0.0,6363.452146649462,0.0,0.0,0.0,0.0,0.0,0.0,0.0,624.2413794668333,0.0,0.0,0.0,679.6318117293833,7667.325337845678,7792.0,87259.0,4269.0,9.115,6.6709,16.247,64.45,Metadata_VT_Residential_VT_baseline_metadata_and_annual_results.csv,VT
54880,0,2179,109096.0,150%+,,3,Cold,Not in a census Place,G5000210,,Single-Family Detached,2,Fuel Oil,72F,No,0F,,"Room AC, EER 10.7",40% Conditioned,Room AC,"Fuel Furnace, 80% AFUE",Ducted Heating,Fuel Oil Fuel Furnace,,,,100000-119999,3,100%,99%,Occupied,Electric Premium,Electricity,9.14,0.0,144.31,0,50,0.0,2024.241881679539,0.0,0.0,3638.184265117967,14229.186599001734,79598.68880091589,0.0,0.0,79598.68880091589,0.0,0.0,0.0,0.0,0.0,0.0,0.0,0.0,93827.87539991764,9177.0,224183.0,11771.0,8.8293,10.7301,12.075,131.177,Metadata_VT_Residential_VT_baseline_metadata_and_annual_results.csv,VT
55434,0,322,109096.0,150%+,,1,Cold,In another census Place,G5000210,,2 Unit,2,Fuel Oil,70F,No,0F,,"Room AC, EER 12.0",20% Conditioned,Room AC,Shared Heating,Non-Ducted Heating,Fuel Oil Shared Heating,,,,100000-119999,3,100%,121%,Occupied,Electric Standard,Electricity,1.9,0.0,23.13,0,30,0.0,133.0542658581889,0.0,0.0,3141.7218722462226,6895.6692100822165,11418.341964979949,0.0,0.0,11418.341964979949,0.0,0.0,0.0,867.1972966396056,0.0,0.0,0.0,0.0,19181.20847170177,2390.0,29608.0,9460.0,3.6124,3.9213,2.334,24.752,Metadata_VT_Residential_VT_baseline_metadata_and_annual_results.csv,VT
55739,0,1698,128932.0,150%+,,3,Cold,In another census Place,G5000070,,Single-Family Detached,1,Natural Gas,67F,No,0F,,"Room AC, EER 12.0",20% Conditioned,Room AC,"Fuel Wall/Floor Furnace, 68% AFUE",Non-Ducted Heating,Natural Gas Fuel Wall/Floor Furnace,,,,120000-139999,2,100%,99%,Occupied,Natural Gas Standard,Natural Gas,2.89,0.0,37.53,0,40,0.0,0.0,0.0,0.0,0.0,5226.629465451411,0.0,0.0,0.0,0.0,23792.38868979152,0.0,4573.6671211077,28366.05581089921,0.0,0.0,0.0,0.0,33592.685276350625,2678.0,55201.0,8125.999999999999,5.538,5.5759,3.842,39.723,Metadata_VT_Residential_VT_baseline_metadata_and_annual_results.csv,VT
58188,0,854,32325.0,30-60%,,3,Cold,In another census Place,G5000010,,3 or 4 Unit,1,Fuel Oil,80F,Yes,3F,Night -5h,,,,"Fuel Boiler, 80% AFUE",Non-Ducted Heating,Fuel Oil Fuel Boiler,,,,30000-34999,4,100%,121%,Occupied,Electric Premium,Electricity,0.0,0.0,36.65,0,50,0.0,299.8117047861833,0.0,0.0,3615.324721644533,7734.438612915116,26026.76252878454,0.0,0.0,26026.76252878454,0.0,0.0,0.0,0.0,0.0,0.0,0.0,0.0,33761.201141699654,0.0,70309.0,11625.0,5.7257,6.585,0.0,39.07,Metadata_VT_Residential_VT_baseline_metadata_and_annual_results.csv,VT
58386,0,2179,18566.0,0-30%,,3,Cold,In another census Place,G5000270,,Single-Family Detached,1,Fuel Oil,70F,Yes,3F,Night,,,,"Fuel Furnace, 80% AFUE",Ducted Heating,Fuel Oil Fuel Furnace,,,,15000-19999,2,100%,99%,Occupied,Fuel Oil Standard,Fuel Oil,0.0,0.0,79.46,0,40,0.0,1084.6560307073944,0.0,0.0,0.0,5932.05153135595,42955.42675514261,0.0,4073.980946464061,47029.40770160667,0.0,0.0,0.0,0.0,0.0,0.0,0.0,0.0,52961.45923296263,0.0,120774.0,7744.0,9.4975,10.0278,0.0,88.187,Metadata_VT_Residential_VT_baseline_metadata_and_annual_results.csv,VT
58522,0,2179,63747.0,100-120%,,2,Cold,In another census Place,G5000270,,Single-Family Detached,1,Other Fuel,70F,Yes,3F,Night -1h,,,,"Fuel Wall/Floor Furnace, 60% AFUE",Non-Ducted Heating,Other Fuel Fuel Wall/Floor Furnace,,,,60000-69999,2,100%,99%,Occupied,Propane Tankless,Propane,0.0,0.0,50.28,0,0,0.0,0.0,0.0,0.0,0.0,6951.352713414939,0.0,0.0,0.0,0.0,0.0,0.0,0.0,0.0,0.0,0.0,3407.244261822256,3407.244261822256,10358.596975237197,0.0,86077.0,8767.0,4.9288,5.4686,0.0,50.232,Metadata_VT_Residential_VT_baseline_metadata_and_annual_results.csv,VT
58541,0,2678,47457.0,30-60%,,3,Cold,In another census Place,G5000070,,Single-Family Detached,1,Fuel Oil,68F,Yes,3F,Night -2h,,,,"Fuel Furnace, 92.5% AFUE",Ducted Heating,Fuel Oil Fuel Furnace,,,,45000-49999,4,100%,99%,Occupied,Propane Standard,Propane,0.0,0.0,144.08,0,40,0.0,1455.6840055454277,0.0,0.0,0.0,7843.167979949011,66972.01481361588,0.0,0.0,66972.01481361588,0.0,0.0,0.0,0.0,0.0,0.0,7299.814215849711,8380.660322644866,83195.84311620975,0.0,216048.0,15405.0,8.0073,8.828700000000001,0.0,147.572,Metadata_VT_Residential_VT_baseline_metadata_and_annual_results.csv,VT
58944,0,3310,109096.0,120-150%,,5,Cold,Not in a census Place,G5000090,,Single-Family Detached,2,Propane,72F,No,0F,,,,,"Fuel Wall/Floor Furnace, 60% AFUE",Non-Ducted Heating,Propane Fuel Wall/Floor Furnace,,,,100000-119999,5,100%,99%,Occupied,Propane Tankless,Propane,0.0,0.0,118.8,0,0,0.0,0.0,0.0,0.0,0.0,13188.491228820172,0.0,0.0,0.0,0.0,0.0,0.0,0.0,0.0,120303.622808206,0.0,7416.163430708083,127719.7862389141,140908.27746773427,0.0,246269.0,19082.0,5.9468000000000005,6.6209,0.0,119.978,Metadata_VT_Residential_VT_baseline_metadata_and_annual_results.csv,VT
58955,0,3310,110733.0,120-150%,,3,Cold,Not in a census Place,G5000070,,Single-Family Detached,1,Fuel Oil,67F,No,0F,,"Room AC, EER 10.7",20% Conditioned,Room AC,"Fuel Furnace, 80% AFUE",Ducted Heating,Fuel Oil Fuel Furnace,,,,100000-119999,4,200%,99%,Occupied,Electric Tankless,Electricity,4.19,0.0,144.48,0,0,0.0,1250.8273274950443,0.0,0.0,9559.978309017888,20589.70803494947,49905.90025534704,0.0,0.0,49905.90025534704,0.0,0.0,0.0,1205.6943826885222,0.0,0.0,0.0,1297.1325565822556,72998.43522956729,1907.0,140479.0,29698.0,19.6643,18.329,4.573,113.794,Metadata_VT_Residential_VT_baseline_metadata_and_annual_results.csv,VT
60624,0,2179,42184.0,60-80%,,3,Cold,Not in a census Place,G5000210,,Single-Family Detached,1,Electricity,67F,No,0F,,,,,"Electric Baseboard, 100% Efficiency",Non-Ducted Heating,Electricity Baseboard,,,,40000-44999,1,200%,99%,Occupied,Electric Premium,Electricity,0.0,0.0,65.86,0,50,27951.36024660552,0.0,0.0,0.0,2427.800745306689,36949.81438517344,0.0,0.0,0.0,0.0,0.0,0.0,0.0,0.0,0.0,0.0,0.0,0.0,36949.81438517344,0.0,95366.0,7528.0,19.8166,35.3796,0.0,65.857,Metadata_VT_Residential_VT_baseline_metadata_and_annual_results.csv,VT
60690,0,1698,64915.0,80-100%,,3,Cold,Not in a census Place,G5000210,,Single-Family Detached,1,Fuel Oil,67F,No,0F,,"Room AC, EER 12.0",20% Conditioned,Room AC,"Fuel Furnace, 80% AFUE",Ducted Heating,Fuel Oil Fuel Furnace,,,,60000-69999,5,200%,99%,Occupied,Electric Premium,Electricity,1.52,0.0,22.32,0,50,0.0,230.06079008519444,0.0,0.0,10727.28038151385,20645.684609352367,9048.276220497188,0.0,0.0,9048.276220497188,0.0,0.0,0.0,0.0,0.0,0.0,0.0,0.0,29693.960829849555,4711.0,25446.0,35876.0,11.6703,12.6155,3.703,23.573,Metadata_VT_Residential_VT_baseline_metadata_and_annual_results.csv,VT
61303,0,854,16639.0,30-60%,,1,Cold,In another census Place,G5000210,,3 or 4 Unit,2,Fuel Oil,67F,No,0F,,,,,"Fuel Furnace, 80% AFUE",Ducted Heating,Fuel Oil Fuel Furnace,,,,15000-19999,1,100%,121%,Occupied,Electric Standard,Electricity,0.0,0.0,37.51,0,30,0.0,479.7573418719278,0.0,0.0,1510.488295667633,4878.461034086811,18860.881792003533,0.0,0.0,18860.881792003533,0.0,0.0,0.0,0.0,0.0,0.0,0.0,0.0,23739.342826090346,0.0,53118.0,4107.0,5.4547,6.1389,0.0,31.936,Metadata_VT_Residential_VT_baseline_metadata_and_annual_results.csv,VT
62499,0,1698,87842.0,120-150%,,4,Cold,"VT, Burlington",G5000070,,Single-Family Detached,1,Natural Gas,70F,No,0F,,"Room AC, EER 10.7",20% Conditioned,Room AC,"Fuel Furnace, 76% AFUE",Ducted Heating,Natural Gas Fuel Furnace,,,,80000-99999,1,200%,99%,Occupied,Natural Gas Standard,Natural Gas,4.26,0.0,82.63,0,40,0.0,1221.8132915479944,0.0,0.0,0.0,11326.610720016046,0.0,0.0,0.0,0.0,51329.932585313865,0.0,4488.383439687583,56633.93281329074,0.0,0.0,0.0,0.0,67960.54353330679,4494.0,137272.0,8038.0,14.6081,15.5505,9.885,93.319,Metadata_VT_Residential_VT_baseline_metadata_and_annual_results.csv,VT
62617,0,3310,280058.0,150%+,,4,Cold,Not in a census Place,G5000070,,Single-Family Detached,1,Other Fuel,70F,No,0F,,,,,"Fuel Wall/Floor Furnace, 60% AFUE",Non-Ducted Heating,Other Fuel Fuel Wall/Floor Furnace,,,,200000+,2,200%,99%,Occupied,Fuel Oil Standard,Fuel Oil,0.0,0.0,87.34,0,40,0.0,0.0,0.0,0.0,0.0,8907.895177884695,0.0,0.0,7536.322569478694,7536.322569478694,0.0,0.0,0.0,0.0,0.0,0.0,0.0,0.0,16444.21774736339,0.0,138668.0,16506.0,9.0926,9.0849,0.0,76.632,Metadata_VT_Residential_VT_baseline_metadata_and_annual_results.csv,VT
63111,0,1228,128932.0,150%+,,3,Cold,In another census Place,G5000250,,Single-Family Detached,1,Fuel Oil,68F,Yes,6F,Night,"Room AC, EER 12.0",40% Conditioned,Room AC,"Fuel Furnace, 80% AFUE",Ducted Heating,Fuel Oil Fuel Furnace,,,,120000-139999,2,50%,99%,Occupied,Fuel Oil Standard,Fuel Oil,3.14,0.0,34.41,0,40,0.0,473.8959204684833,0.0,0.0,0.0,3556.1243654697446,18818.093415758387,0.0,2862.132071301922,21680.22548706031,0.0,0.0,0.0,0.0,0.0,0.0,0.0,0.0,25236.349852530053,5362.0,52835.0,4167.0,6.0133,5.8051,7.003,37.777,Metadata_VT_Residential_VT_baseline_metadata_and_annual_results.csv,VT
63376,0,1138,110733.0,120-150%,,2,Cold,Not in a census Place,G5000070,,3 or 4 Unit,2,Natural Gas,65F,No,0F,,"AC, SEER 13",100% Conditioned,Central AC,"Fuel Furnace, 80% AFUE",Ducted Heating,Natural Gas Fuel Furnace,,,,100000-119999,4,50%,121%,Occupied,Natural Gas Standard,Natural Gas,10.58,0.0,21.67,0,30,0.0,183.7555609979833,0.0,0.0,0.0,5302.241801555844,0.0,0.0,0.0,0.0,8957.4241887438,0.0,3822.819039326466,14047.189464424782,0.0,0.0,0.0,0.0,19349.431265980627,6521.0,25077.0,6122.0,3.4171,2.7496,8.623,23.053,Metadata_VT_Residential_VT_baseline_metadata_and_annual_results.csv,VT
63466,0,3310,17504.0,0-30%,,5,Cold,In another census Place,G5000050,,Single-Family Detached,2,Fuel Oil,70F,Yes,6F,Night +4h,,,,"Fuel Boiler, 90% AFUE",Non-Ducted Heating,Fuel Oil Fuel Boiler,,,,15000-19999,3,100%,99%,Occupied,Fuel Oil Standard,Fuel Oil,0.0,0.0,157.29,0,50,0.0,231.5261454360556,0.0,0.0,0.0,6812.437026153306,78146.52164821254,0.0,6250.326713562984,84396.84836177551,0.0,0.0,0.0,0.0,0.0,0.0,0.0,0.0,91209.28538792882,0.0,231383.0,12781.0,8.6243,9.0201,0.0,168.275,Metadata_VT_Residential_VT_baseline_metadata_and_annual_results.csv,VT
64028,0,1698,54746.0,60-80%,,3,Cold,Not in a census Place,G5000130,,Single-Family Detached,1,Natural Gas,67F,No,0F,,,,,"Fuel Furnace, 80% AFUE",Ducted Heating,Natural Gas Fuel Furnace,,,,50000-59999,3,50%,99%,Occupied,Electric Tankless,Electricity,0.0,0.0,98.52,0,0,0.0,1037.7646594798389,0.0,0.0,1812.05842687485,5986.562750407983,0.0,0.0,0.0,0.0,41415.04521031741,0.0,0.0,41415.04521031741,0.0,0.0,0.0,0.0,47401.60796072539,0.0,116584.0,5629.0,5.4877,5.5308,0.0,77.946,Metadata_VT_Residential_VT_baseline_metadata_and_annual_results.csv,VT
64301,0,1228,23202.0,0-30%,,3,Cold,Not in a census Place,G5000150,,Single-Family Detached,1,Propane,70F,Yes,12F,Night -1h,"Room AC, EER 12.0",40% Conditioned,Room AC,"Fuel Boiler, 80% AFUE",Non-Ducted Heating,Propane Fuel Boiler,,,,20000-24999,3,200%,99%,Occupied,Propane Standard,Propane,7.01,0.0,59.63,0,40,0.0,98.47187957786667,0.0,0.0,0.0,8351.93935776799,0.0,0.0,0.0,0.0,0.0,0.0,0.0,0.0,27526.993336996144,0.0,10644.634339725282,38171.33460565126,46523.27396341925,2783.0,72541.0,23479.0,8.3451,8.3965,5.804,82.971,Metadata_VT_Residential_VT_baseline_metadata_and_annual_results.csv,VT
64436,0,854,87842.0,150%+,,2,Cold,In another census Place,G5000270,,3 or 4 Unit,3,Fuel Oil,72F,No,0F,,,,,Shared Heating,Ducted Heating,Fuel Oil Shared Heating,,,,80000-99999,1,200%,121%,Occupied,Electric Standard,Electricity,0.0,0.0,44.72,0,30,0.0,172.61886033143887,0.0,0.0,2778.313745232667,7638.897444038973,28363.418171267665,0.0,0.0,28363.418171267665,0.0,0.0,0.0,0.0,0.0,0.0,0.0,0.0,36002.31561530664,0.0,73673.0,8500.0,6.6492,6.9141,0.0,49.195,Metadata_VT_Residential_VT_baseline_metadata_and_annual_results.csv,VT
65278,0,1698,74751.0,120-150%,,3,Cold,In another census Place,G5000030,,Single-Family Detached,2,Other Fuel,68F,Yes,3F,Night +3h,,,,"Fuel Wall/Floor Furnace, 60% AFUE",Non-Ducted Heating,Other Fuel Fuel Wall/Floor Furnace,,,,70000-79999,1,100%,99%,Occupied,Propane Standard,Propane,0.0,0.0,49.89,0,40,0.0,0.0,0.0,0.0,0.0,4375.551077671278,0.0,0.0,0.0,0.0,0.0,0.0,0.0,0.0,0.0,0.0,2968.516869774439,2968.516869774439,7344.067947445717,0.0,77781.0,4110.0,9.537,9.737,0.0,53.649,Metadata_VT_Residential_VT_baseline_metadata_and_annual_results.csv,VT
65381,0,1228,31921.0,30-60%,,3,Cold,Not in a census Place,G5000210,,Single-Family Detached,1,Fuel Oil,65F,Yes,6F,Day +5h,,,,"Fuel Furnace, 92.5% AFUE",Ducted Heating,Fuel Oil Fuel Furnace,,,,30000-34999,2,100%,99%,Occupied,Fuel Oil Standard,Fuel Oil,0.0,0.0,84.65,0,40,0.0,735.0222439919334,0.0,0.0,0.0,5131.381367645439,33336.541161020104,0.0,4530.878744862556,37867.41990588266,0.0,0.0,0.0,0.0,0.0,0.0,0.0,0.0,42998.8012735281,0.0,107493.0,8773.0,14.1722,15.0471,0.0,76.493,Metadata_VT_Residential_VT_baseline_metadata_and_annual_results.csv,VT
65506,0,5587,63747.0,100-120%,,5,Cold,Not in a census Place,G5000230,,Single-Family Detached,2,Fuel Oil,68F,No,0F,,,,,"Fuel Furnace, 80% AFUE",Ducted Heating,Fuel Oil Fuel Furnace,,,,60000-69999,2,100%,99%,Occupied,Fuel Oil Premium,Fuel Oil,0.0,0.0,150.79,0,50,0.0,1663.7644653677055,0.0,0.0,0.0,8453.048876977406,64702.179375132015,0.0,4195.898511655706,68898.07788678772,0.0,0.0,0.0,0.0,0.0,0.0,0.0,0.0,77351.12676376513,0.0,182279.0,8935.0,11.0919,10.5745,0.0,150.075,Metadata_VT_Residential_VT_baseline_metadata_and_annual_results.csv,VT
65610,0,2179,89096.0,150%+,,3,Cold,Not in a census Place,G5000270,,Single-Family Detached,1,Fuel Oil,68F,Yes,6F,Night +4h,"Room AC, EER 10.7",40% Conditioned,Room AC,"Fuel Boiler, 80% AFUE",Non-Ducted Heating,Fuel Oil Fuel Boiler,,,,80000-99999,2,50%,99%,Occupied,Propane Premium,Propane,12.21,0.0,94.8,0,40,0.0,231.5261454360556,0.0,0.0,0.0,3973.4575693949887,52707.65968619348,0.0,0.0,52707.65968619348,0.0,0.0,0.0,0.0,0.0,0.0,2593.972042094339,3244.589817876672,59925.70707346514,3059.0,139839.0,4735.0,10.209,9.8365,11.445,106.183,Metadata_VT_Residential_VT_baseline_metadata_and_annual_results.csv,VT
66976,0,1228,37492.0,30-60%,,3,Cold,Not in a census Place,G5000070,,Single-Family Detached,1,Natural Gas,67F,Yes,3F,Night -3h,"Room AC, EER 10.7",20% Conditioned,Room AC,"Fuel Furnace, 80% AFUE",Ducted Heating,Natural Gas Fuel Furnace,,,,35000-39999,2,200%,99%,Occupied,Natural Gas Standard,Natural Gas,3.65,0.0,74.07,0,40,0.0,852.8368142011667,0.0,0.0,0.0,7516.393736706983,0.0,0.0,0.0,0.0,34030.53345518793,0.0,7433.161552778072,42439.91474270968,0.0,0.0,0.0,0.0,49956.30847941666,1351.0,95705.0,15727.0,13.774299999999998,14.5633,4.472,99.848,Metadata_VT_Residential_VT_baseline_metadata_and_annual_results.csv,VT
67790,0,623,12426.0,0-30%,,2,Cold,In another census Place,G5000010,,3 or 4 Unit,3,Fuel Oil,70F,No,0F,,"Room AC, EER 10.7",40% Conditioned,Room AC,Shared Heating,Ducted Heating,Fuel Oil Shared Heating,,,,10000-14999,3,50%,121%,Occupied,Electric Premium,Electricity,3.03,0.0,26.14,0,30,0.0,107.26401168303332,0.0,0.0,1718.8618265600835,5958.42792767145,10582.796343918944,0.0,0.0,10582.796343918944,0.0,0.0,0.0,0.0,0.0,0.0,0.0,0.0,16541.224271590392,4281.0,26931.0,5189.0,9.8575,9.6442,3.941,37.503,Metadata_VT_Residential_VT_baseline_metadata_and_annual_results.csv,VT
68095,0,2179,94954.0,100-120%,,4,Cold,Not in a census Place,G5000150,,Single-Family Detached,1,Other Fuel,67F,No,0F,,,,,"Fuel Wall/Floor Furnace, 60% AFUE",Non-Ducted Heating,Other Fuel Fuel Wall/Floor Furnace,,,,80000-99999,5,100%,99%,Occupied,Propane Tankless,Propane,0.0,0.0,33.65,0,0,0.0,0.0,0.0,0.0,0.0,10802.599646548111,0.0,0.0,0.0,0.0,0.0,0.0,0.0,0.0,0.0,0.0,7330.586678217794,8545.073193011483,19347.6728395596,0.0,38883.0,18862.0,3.8993,4.5196000000000005,0.0,33.155,Metadata_VT_Residential_VT_baseline_metadata_and_annual_results.csv,VT
69193,0,1698,55104.0,80-100%,,4,Cold,In another census Place,G5000090,,Single-Family Detached,2,Other Fuel,68F,Yes,6F,Night +1h,,,,"Fuel Wall/Floor Furnace, 60% AFUE",Non-Ducted Heating,Other Fuel Fuel Wall/Floor Furnace,,,,50000-59999,2,200%,99%,Occupied,Electric Standard,Electricity,0.0,0.0,100.45,0,50,0.0,0.0,0.0,0.0,5491.858783957273,12102.95598490226,0.0,0.0,0.0,0.0,0.0,0.0,0.0,0.0,0.0,0.0,0.0,976.2197347436722,13079.175719645931,0.0,137501.0,17387.0,13.9631,14.0773,0.0,89.387,Metadata_VT_Residential_VT_baseline_metadata_and_annual_results.csv,VT
69377,0,1138,4187.0,0-30%,,2,Cold,Not in a census Place,G5000110,,3 or 4 Unit,3,Propane,70F,Yes,3F,Night +1h,,,,Shared Heating,Ducted Heating,Propane Shared Heating,,,,<10000,2,100%,121%,Occupied,Propane Standard,Propane,0.0,0.0,67.35,0,30,0.0,159.13759110351668,0.0,0.0,0.0,4395.186839372816,0.0,0.0,0.0,0.0,0.0,0.0,0.0,0.0,39445.90068983025,0.0,4335.693412127856,43781.30103088793,48176.487870260746,0.0,102113.0,7777.0,8.1362,8.709100000000001,0.0,74.208,Metadata_VT_Residential_VT_baseline_metadata_and_annual_results.csv,VT
69777,0,2179,55104.0,80-100%,,4,Cold,Not in a census Place,G5000250,,Single-Family Detached,1,Other Fuel,67F,Yes,3F,Night -2h,"Room AC, EER 10.7",20% Conditioned,Room AC,"Fuel Wall/Floor Furnace, 60% AFUE",Non-Ducted Heating,Other Fuel Fuel Wall/Floor Furnace,,,,50000-59999,2,50%,99%,Occupied,Propane Tankless,Propane,3.26,0.0,57.73,0,0,0.0,0.0,0.0,0.0,0.0,5841.199499602561,0.0,0.0,0.0,0.0,0.0,0.0,0.0,0.0,0.0,0.0,1820.5574879098444,1820.5574879098444,7661.756987512406,4233.0,88848.0,4685.0,11.6881,11.6009,6.047,62.439,Metadata_VT_Residential_VT_baseline_metadata_and_annual_results.csv,VT
69976,0,2179,22425.0,0-30%,,4,Cold,In another census Place,G5000270,,Single-Family Detached,2,Propane,72F,No,0F,,,,,"Fuel Furnace, 80% AFUE",Ducted Heating,Propane Fuel Furnace,,,,20000-24999,4,50%,99%,Occupied,Propane Premium,Propane,0.0,0.0,78.2,0,40,0.0,1392.380654388228,0.0,0.0,0.0,5609.380283096333,0.0,0.0,0.0,0.0,0.0,0.0,0.0,0.0,55137.51192899137,0.0,3764.4978963621934,58902.00982535357,64511.3901084499,0.0,155243.0,8122.0,6.2775,7.0261000000000005,0.0,81.052,Metadata_VT_Residential_VT_baseline_metadata_and_annual_results.csv,VT
70771,0,881,27012.0,30-60%,,1,Cold,Not in a census Place,G5000110,,Mobile Home,1,Fuel Oil,68F,No,0F,,"Room AC, EER 10.7",60% Conditioned,Room AC,"Fuel Furnace, 80% AFUE",Ducted Heating,Fuel Oil Fuel Furnace,,,,25000-29999,1,50%,137%,Occupied,Electric Tankless,Electricity,6.21,0.0,28.16,0,0,0.0,384.8023151361278,0.0,0.0,708.352776606261,4357.6737423907725,15355.458721673584,0.0,0.0,15355.458721673584,0.0,0.0,0.0,0.0,0.0,0.0,0.0,0.0,19713.13246406436,4367.0,43226.0,2201.0,6.4126,6.6324,7.035,30.713,Metadata_VT_Residential_VT_baseline_metadata_and_annual_results.csv,VT
71581,0,1228,47457.0,80-100%,,3,Cold,Not in a census Place,G5000250,,Single-Family Detached,1,Fuel Oil,65F,Yes,3F,Night -1h,,,,"Fuel Furnace, 80% AFUE",Ducted Heating,Fuel Oil Fuel Furnace,,,,45000-49999,1,100%,99%,Occupied,Fuel Oil Premium,Fuel Oil,0.0,0.0,76.63,0,40,0.0,560.9380283096333,0.0,0.0,0.0,6572.118748612083,22255.52399780838,0.0,2497.258588937506,24752.78258674589,0.0,0.0,0.0,0.0,0.0,0.0,0.0,0.0,31324.90133535797,0.0,62565.0,3596.0,8.6495,9.566,0.0,94.166,Metadata_VT_Residential_VT_baseline_metadata_and_annual_results.csv,VT
73072,0,1698,270137.0,150%+,,3,Cold,Not in a census Place,G5000170,,Single-Family Detached,1,Electricity,70F,No,0F,,"AC, SEER 10",100% Conditioned,Central AC,"Electric Baseboard, 100% Efficiency",Non-Ducted Heating,Electricity Baseboard,,,,200000+,4,100%,99%,Occupied,"Electric Heat Pump, 50 gal, 3.45 UEF",Electricity,12.57,0.0,35.88,0,50,18922.133645669528,0.0,0.0,0.0,1263.1363124422776,29590.799813148933,0.0,0.0,0.0,0.0,0.0,0.0,0.0,0.0,0.0,0.0,0.0,0.0,29590.799813148933,11089.0,64560.0,16538.0,10.6539,18.799,11.217,35.878,Metadata_VT_Residential_VT_baseline_metadata_and_annual_results.csv,VT
73165,0,2179,64407.0,120-150%,,3,Cold,Not in a census Place,G5000030,,Single-Family Detached,1,Fuel Oil,70F,Yes,6F,Night -2h,"Room AC, EER 10.7",<10% Conditioned,Room AC,"Fuel Furnace, 80% AFUE",Ducted Heating,Fuel Oil Fuel Furnace,,,,60000-69999,1,100%,99%,Occupied,Electric Premium,Electricity,1.88,0.0,81.99,0,50,0.0,1072.0539746899888,0.0,0.0,1484.1118993521334,8965.044036568277,42151.23973859003,0.0,0.0,42151.23973859003,0.0,0.0,0.0,0.0,0.0,0.0,0.0,0.0,51116.28377515832,3714.0,118615.0,4345.0,16.201700000000002,16.403200000000002,3.536,87.571,Metadata_VT_Residential_VT_baseline_metadata_and_annual_results.csv,VT
73947,0,2678,270137.0,150%+,,3,Cold,"VT, Burlington",G5000070,,Single-Family Detached,1,Natural Gas,68F,No,0F,,,,,"Fuel Wall/Floor Furnace, 60% AFUE",Non-Ducted Heating,Natural Gas Fuel Wall/Floor Furnace,,,,200000+,4,100%,99%,Occupied,Natural Gas Premium,Natural Gas,0.0,0.0,100.82,0,40,0.0,0.0,0.0,0.0,0.0,8974.422310813788,0.0,0.0,0.0,0.0,69597.34546021864,0.0,7002.054008554733,76599.39946877338,0.0,0.0,0.0,0.0,85573.82177958716,0.0,142476.0,16103.000000000002,8.7095,9.6928,0.0,87.56,Metadata_VT_Residential_VT_baseline_metadata_and_annual_results.csv,VT
74401,0,2179,107345.0,150%+,,4,Cold,Not in a census Place,G5000110,,Single-Family Detached,1,Fuel Oil,68F,No,0F,,"Room AC, EER 10.7",80% Conditioned,Room AC,"Fuel Furnace, 80% AFUE",Ducted Heating,Fuel Oil Fuel Furnace,,,,100000-119999,1,50%,99%,Occupied,Propane Standard,Propane,19.03,0.0,119.87,0,40,0.0,1384.1746644234056,0.0,0.0,0.0,5277.91690273155,55237.74223499028,0.0,0.0,55237.74223499028,0.0,0.0,0.0,0.0,0.0,0.0,2256.0610981857667,2800.001004425412,63315.66014214724,12241.0,155497.0,2067.0,7.4966,7.1385,18.582,116.786,Metadata_VT_Residential_VT_baseline_metadata_and_annual_results.csv,VT
74467,0,1698,50608.0,60-80%,,3,Cold,In another census Place,G5000030,,Single-Family Detached,1,Fuel Oil,67F,No,0F,,,,,"Fuel Boiler, 80% AFUE",Non-Ducted Heating,Fuel Oil Fuel Boiler,,,,50000-59999,4,200%,99%,Occupied,Propane Tankless,Propane,0.0,0.0,49.78,0,0,0.0,210.71809945382776,0.0,0.0,0.0,13976.266265443106,25076.03997714585,0.0,0.0,25076.03997714585,0.0,0.0,0.0,0.0,0.0,0.0,12003.311821043706,12003.311821043706,51055.61806363266,0.0,66938.0,30886.0,8.2077,8.9713,0.0,52.509,Metadata_VT_Residential_VT_baseline_metadata_and_annual_results.csv,VT
75331,0,2678,280058.0,150%+,,4,Cold,In another census Place,G5000050,,Single-Family Detached,2,Other Fuel,62F,No,0F,,"Room AC, EER 12.0",20% Conditioned,Room AC,"Fuel Wall/Floor Furnace, 60% AFUE",Non-Ducted Heating,Other Fuel Fuel Wall/Floor Furnace,,,,200000+,2,50%,99%,Occupied,Propane Tankless,Propane,4.29,0.0,47.43,0,0,0.0,0.0,0.0,0.0,0.0,5990.6657453903945,0.0,0.0,0.0,0.0,0.0,0.0,0.0,724.7647565359055,0.0,0.0,1744.0659385948943,1744.0659385948943,8459.496440521194,1265.0,54758.0,4488.0,2.3522,2.6283000000000003,4.43,43.049,Metadata_VT_Residential_VT_baseline_metadata_and_annual_results.csv,VT
75771,0,1698,47457.0,60-80%,,3,Cold,Not in a census Place,G5000210,,Mobile Home,1,Fuel Oil,70F,No,0F,,"Room AC, EER 12.0",20% Conditioned,Room AC,"Fuel Furnace, 92.5% AFUE",Ducted Heating,Fuel Oil Fuel Furnace,,,,45000-49999,3,100%,137%,Occupied,Electric Standard,Electricity,2.44,0.0,39.97,0,50,0.0,413.5232800130056,0.0,0.0,3991.921046815839,10766.551904916929,18737.205800390853,0.0,0.0,18737.205800390853,0.0,0.0,0.0,0.0,0.0,0.0,0.0,0.0,29503.757705307784,1187.0,60544.0,12610.0,12.1669,11.0349,3.047,42.202,Metadata_VT_Residential_VT_baseline_metadata_and_annual_results.csv,VT
77137,0,1698,108692.0,120-150%,,2,Cold,In another census Place,G5000070,,Single-Family Detached,1,Natural Gas,68F,Yes,12F,Night -4h,,,,"Fuel Wall/Floor Furnace, 68% AFUE",Non-Ducted Heating,Natural Gas Fuel Wall/Floor Furnace,,,,100000-119999,2,100%,99%,Occupied,Natural Gas Premium,Natural Gas,0.0,0.0,41.76,0,30,0.0,0.0,0.0,0.0,0.0,4205.862928041562,0.0,0.0,0.0,0.0,23291.82330193736,0.0,3828.3873896597393,27933.775982395186,0.0,0.0,0.0,0.0,32139.638910436748,0.0,53433.0,8137.0,5.6357,5.0389,0.0,42.739,Metadata_VT_Residential_VT_baseline_metadata_and_annual_results.csv,VT
77343,0,1228,54023.0,100-120%,,3,Cold,In another census Place,G5000030,,Single-Family Detached,2,Fuel Oil,67F,No,0F,,"Room AC, EER 8.5",60% Conditioned,Room AC,"Fuel Furnace, 80% AFUE",Ducted Heating,Fuel Oil Fuel Furnace,,,,50000-59999,1,50%,99%,Occupied,Propane Standard,Propane,9.98,0.0,72.09,0,40,0.0,1035.7131619886334,0.0,0.0,0.0,6398.327603999956,40732.18961681613,0.0,0.0,40732.18961681613,0.0,0.0,0.0,0.0,0.0,0.0,2303.5386115536667,2847.478517793311,49977.9957386094,12187.0,114715.0,2080.0,9.4002,9.6491,13.548,82.421,Metadata_VT_Residential_VT_baseline_metadata_and_annual_results.csv,VT
78265,0,1228,54023.0,80-100%,,2,Cold,Not in a census Place,G5000210,,Single-Family Detached,2,Fuel Oil,68F,No,0F,,"Room AC, EER 10.7",20% Conditioned,Room AC,"Fuel Furnace, 76% AFUE",Ducted Heating,Fuel Oil Fuel Furnace,,,,50000-59999,1,200%,99%,Occupied,Electric Standard,Electricity,4.37,0.0,86.94,0,30,0.0,1293.6157037401888,0.0,0.0,2549.425239428161,10610.638095585306,53543.791449394834,0.0,0.0,53543.791449394834,0.0,0.0,0.0,0.0,0.0,0.0,0.0,0.0,64154.42954498014,4083.0,143271.0,7600.0,43.4419,44.5112,11.307,122.68,Metadata_VT_Residential_VT_baseline_metadata_and_annual_results.csv,VT
78442,0,881,15960.0,0-30%,,2,Cold,In another census Place,G5000270,,Mobile Home,1,Fuel Oil,70F,No,0F,,,,,"Fuel Boiler, 80% AFUE",Non-Ducted Heating,Fuel Oil Fuel Boiler,,,,15000-19999,2,200%,137%,Occupied,Electric Standard,Electricity,0.0,0.0,30.81,0,30,0.0,251.45497820776663,0.0,0.0,5126.985301592856,14965.674198344526,18057.573988661472,0.0,0.0,18057.573988661472,0.0,0.0,0.0,0.0,0.0,0.0,0.0,0.0,33023.248187006,0.0,48793.0,16496.0,38.1655,34.9884,0.0,65.436,Metadata_VT_Residential_VT_baseline_metadata_and_annual_results.csv,VT
80441,0,1228,31921.0,30-60%,,3,Cold,In another census Place,G5000150,,Single-Family Detached,1,Propane,70F,Yes,12F,Night -5h,,,,"Fuel Furnace, 92.5% AFUE",Ducted Heating,Propane Fuel Furnace,,,,30000-34999,2,50%,99%,Occupied,Electric Premium,Electricity,0.0,0.0,58.46,0,50,0.0,579.9876478708278,0.0,0.0,1450.4087262823275,6792.801264451767,0.0,0.0,0.0,0.0,0.0,0.0,0.0,0.0,26013.867401696963,0.0,0.0,26013.867401696963,32806.66866614873,0.0,83586.0,4294.0,7.6223,7.6058,0.0,60.205,Metadata_VT_Residential_VT_baseline_metadata_and_annual_results.csv,VT
80784,0,1228,36870.0,30-60%,,3,Cold,Not in a census Place,G5000170,,Single-Family Detached,1,Fuel Oil,68F,No,0F,,,,,"Fuel Furnace, 80% AFUE",Ducted Heating,Fuel Oil Fuel Furnace,,,,35000-39999,4,100%,99%,Occupied,Fuel Oil Standard,Fuel Oil,0.0,0.0,72.13,0,40,0.0,1028.6794563045,0.0,0.0,0.0,7711.579069441683,40007.42486028023,0.0,7034.58489734385,47042.00975762408,0.0,0.0,0.0,0.0,0.0,0.0,0.0,0.0,54753.58882706576,0.0,112711.0,15671.0,8.07,8.803799999999999,0.0,74.661,Metadata_VT_Residential_VT_baseline_metadata_and_annual_results.csv,VT
81046,0,1228,82516.0,120-150%,,3,Cold,Not in a census Place,G5000050,,Single-Family Detached,1,Fuel Oil,68F,No,0F,,"Room AC, EER 9.8",40% Conditioned,Room AC,"Fuel Boiler, 80% AFUE",Non-Ducted Heating,Fuel Oil Fuel Boiler,,,,80000-99999,3,100%,99%,Occupied,Electric Premium,Electricity,8.78,0.0,66.83,0,50,0.0,219.51023155899443,0.0,0.0,3802.010993344239,8905.257538253145,35504.680938154204,0.0,0.0,35504.680938154204,0.0,0.0,0.0,0.0,0.0,0.0,0.0,947.2056987966224,45357.14417520397,2160.0,93353.0,12177.0,11.6132,11.4453,8.104,58.353,Metadata_VT_Residential_VT_baseline_metadata_and_annual_results.csv,VT
81102,0,3310,268295.0,150%+,,4,Cold,In another census Place,G5000070,,Single-Family Detached,1,Other Fuel,67F,Yes,3F,Night +2h,"Room AC, EER 12.0",<10% Conditioned,Room AC,"Fuel Wall/Floor Furnace, 60% AFUE",Non-Ducted Heating,Other Fuel Fuel Wall/Floor Furnace,,,,200000+,6,200%,99%,Occupied,Propane Standard,Propane,1.28,0.0,61.52,0,40,0.0,0.0,0.0,0.0,0.0,13279.636331643733,0.0,0.0,0.0,0.0,0.0,0.0,0.0,0.0,0.0,0.0,18092.156374941795,18092.156374941795,31371.79270658553,1604.0,77059.0,43924.0,10.5457,10.1855,2.373,60.494,Metadata_VT_Residential_VT_baseline_metadata_and_annual_results.csv,VT
81495,0,1138,73741.0,80-100%,,2,Cold,Not in a census Place,G5000070,,3 or 4 Unit,2,Propane,65F,No,0F,,,,,"Fuel Wall/Floor Furnace, 68% AFUE",Non-Ducted Heating,Propane Fuel Wall/Floor Furnace,,,,70000-79999,4,200%,121%,Occupied,Electric Tankless,Electricity,0.0,0.0,45.85,0,0,0.0,0.0,0.0,0.0,7490.017340391483,14701.910235189527,0.0,0.0,0.0,0.0,0.0,0.0,0.0,1983.5050029256,24561.7002489936,0.0,0.0,24561.7002489936,41247.115487108735,0.0,56986.0,23268.0,13.6275,17.919700000000002,0.0,45.878,Metadata_VT_Residential_VT_baseline_metadata_and_annual_results.csv,VT
81676,0,2179,74986.0,80-100%,,4,Cold,Not in a census Place,G5000210,,Single-Family Detached,1,Fuel Oil,65F,Yes,3F,Night -4h,"Room AC, EER 10.7",40% Conditioned,Room AC,"Fuel Furnace, 80% AFUE",Ducted Heating,Fuel Oil Fuel Furnace,,,,70000-79999,5,100%,99%,Occupied,Electric Standard,Electricity,4.7,0.0,44.62,0,50,0.0,553.3181804851555,0.0,0.0,5863.765972005822,13765.255094919106,21763.7507420594,0.0,0.0,21763.7507420594,0.0,0.0,0.0,0.0,0.0,0.0,0.0,0.0,35529.0058369785,6744.0,61235.0,18851.0,12.0525,12.6598,6.05,46.462,Metadata_VT_Residential_VT_baseline_metadata_and_annual_results.csv,VT
81923,0,1228,89096.0,120-150%,,3,Cold,In another census Place,G5000070,,Single-Family Detached,1,Fuel Oil,67F,No,0F,,"Room AC, EER 12.0",40% Conditioned,Room AC,"Fuel Furnace, 80% AFUE",Ducted Heating,Fuel Oil Fuel Furnace,,,,80000-99999,2,100%,99%,Occupied,Fuel Oil Standard,Fuel Oil,5.46,0.0,53.91,0,40,0.0,671.7188928347333,0.0,0.0,0.0,5473.395306536422,26796.95330119714,0.0,4350.640036706639,31147.59333790377,0.0,0.0,0.0,0.0,0.0,0.0,0.0,813.5652907980889,37434.55393523829,1796.0,75434.0,8319.0,7.6357,8.02,5.36,56.143,Metadata_VT_Residential_VT_baseline_metadata_and_annual_results.csv,VT
82483,0,2179,109096.0,120-150%,,3,Cold,Not in a census Place,G5000070,,Single-Family Detached,1,Other Fuel,67F,Yes,3F,Night -2h,"Room AC, EER 12.0",<10% Conditioned,Room AC,"Fuel Wall/Floor Furnace, 60% AFUE",Non-Ducted Heating,Other Fuel Fuel Wall/Floor Furnace,,,,100000-119999,3,50%,99%,Occupied,Electric Standard,Electricity,2.06,0.0,75.77,0,50,0.0,0.0,0.0,0.0,2121.5414769767167,5713.1274419373,0.0,0.0,0.0,0.0,0.0,0.0,0.0,952.4809780597222,0.0,0.0,0.0,0.0,6665.608419997023,2448.0,102838.0,6107.0,6.103,6.6216,3.595,74.256,Metadata_VT_Residential_VT_baseline_metadata_and_annual_results.csv,VT
83135,0,1698,55104.0,80-100%,,4,Cold,Not in a census Place,G5000250,,Single-Family Detached,1,Other Fuel,65F,Yes,3F,Night -2h,"Room AC, EER 12.0",20% Conditioned,Room AC,"Fuel Wall/Floor Furnace, 60% AFUE",Non-Ducted Heating,Other Fuel Fuel Wall/Floor Furnace,,,,50000-59999,2,50%,99%,Occupied,Propane Standard,Propane,2.06,0.0,25.71,0,40,0.0,0.0,0.0,0.0,0.0,5240.98994788985,0.0,0.0,0.0,0.0,0.0,0.0,0.0,0.0,0.0,0.0,3347.7508345772944,4072.222520043028,9313.212467932875,2457.0,34600.0,4655.0,6.0311,5.084,5.092,29.996,Metadata_VT_Residential_VT_baseline_metadata_and_annual_results.csv,VT
84119,0,854,89096.0,120-150%,,4,Cold,Not in a census Place,G5000250,,3 or 4 Unit,2,Propane,70F,No,0F,,"AC, SEER 13",100% Conditioned,Central AC,"Fuel Furnace, 76% AFUE",Ducted Heating,Propane Fuel Furnace,,,,80000-99999,2,200%,121%,Occupied,Electric Premium,Electricity,8.18,0.0,24.41,0,50,0.0,238.85292219036108,0.0,0.0,4221.981836901034,12410.973679653269,0.0,0.0,0.0,0.0,0.0,0.0,0.0,0.0,9968.519380837968,0.0,0.0,9968.519380837968,22379.49306049124,13624.0,26665.0,13764.0,9.7891,10.3452,8.148,28.443,Metadata_VT_Residential_VT_baseline_metadata_and_annual_results.csv,VT
84413,0,2678,55104.0,80-100%,,3,Cold,Not in a census Place,G5000250,,Single-Family Detached,1,Fuel Oil,70F,No,0F,,,,,"Fuel Boiler, 90% AFUE",Non-Ducted Heating,Fuel Oil Fuel Boiler,,,,50000-59999,2,50%,99%,Occupied,FIXME Fuel Oil Indirect,Fuel Oil,0.0,0.0,75.36,0,40,0.0,238.55985112018888,0.0,0.0,0.0,4225.205618672928,38392.60326363128,0.0,2923.970067108261,41316.57333073955,0.0,0.0,0.0,0.0,0.0,0.0,0.0,0.0,45541.77894941247,0.0,114312.0,4684.0,5.7083,5.6131,0.0,63.822,Metadata_VT_Residential_VT_baseline_metadata_and_annual_results.csv,VT
85248,0,3310,55104.0,80-100%,,3,Cold,Not in a census Place,G5000170,,Single-Family Detached,2,Other Fuel,70F,No,0F,,"Room AC, EER 10.7",20% Conditioned,Room AC,"Fuel Wall/Floor Furnace, 60% AFUE",Non-Ducted Heating,Other Fuel Fuel Wall/Floor Furnace,,,,50000-59999,2,100%,99%,Occupied,Electric Standard,Electricity,4.03,0.0,102.76,0,50,0.0,0.0,0.0,0.0,2917.522503564472,10885.53875940685,0.0,0.0,0.0,0.0,0.0,0.0,0.0,0.0,0.0,0.0,0.0,0.0,10885.53875940685,1026.0,169267.0,8906.0,10.1595,10.7269,3.388,101.679,Metadata_VT_Residential_VT_baseline_metadata_and_annual_results.csv,VT
85373,0,1698,37492.0,30-60%,,3,Cold,Not in a census Place,G5000110,,Single-Family Detached,1,Other Fuel,72F,Yes,6F,Night -1h,"Room AC, EER 9.8",60% Conditioned,Room AC,"Fuel Wall/Floor Furnace, 60% AFUE",Non-Ducted Heating,Other Fuel Fuel Wall/Floor Furnace,,,,35000-39999,2,200%,99%,Occupied,Fuel Oil Standard,Fuel Oil,6.87,0.0,35.92,0,40,0.0,0.0,0.0,0.0,0.0,8608.669615238856,0.0,0.0,7350.515510989505,7350.515510989505,0.0,0.0,0.0,0.0,0.0,0.0,0.0,0.0,15959.18512622836,9684.0,58088.0,16403.0,9.8683,9.6296,11.168,38.83,Metadata_VT_Residential_VT_baseline_metadata_and_annual_results.csv,VT
85778,0,1228,66973.0,60-80%,,2,Cold,Not in a census Place,G5000110,,Mobile Home,1,Fuel Oil,70F,Yes,6F,Day and Night +4h,"AC, SEER 13",100% Conditioned,Central AC,"Fuel Furnace, 80% AFUE",Ducted Heating,Fuel Oil Fuel Furnace,,,,60000-69999,3,100%,137%,Occupied,Electric Standard,Electricity,10.79,0.0,35.22,0,30,0.0,430.2283310128222,0.0,0.0,3720.830306906533,10319.325451834116,17153.449737180166,0.0,0.0,17153.449737180166,0.0,0.0,0.0,0.0,0.0,0.0,0.0,0.0,27472.775189014283,1969.0,48068.0,11630.0,8.231399999999999,9.3115,8.877,38.22,Metadata_VT_Residential_VT_baseline_metadata_and_annual_results.csv,VT
86059,0,1138,0.0,Not Available,,3,Cold,Not in a census Place,G5000110,,5 to 9 Unit,2,Electricity,55F,Yes,3F,Night -2h,"Room AC, EER 10.7",100% Conditioned,Room AC,"Electric Baseboard, 100% Efficiency",Non-Ducted Heating,Electricity Baseboard,,,,Not Available,0,100%,94%,Vacant,Electric Standard,Electricity,13.03,0.0,36.07,0,50,6792.2151223114215,0.0,0.0,0.0,365.1665534345889,8084.951612841094,0.0,0.0,0.0,0.0,0.0,0.0,0.0,0.0,0.0,0.0,0.0,0.0,8084.951612841094,3933.0,23175.0,0.0,2.8291,9.2288,8.918,31.368,Metadata_VT_Residential_VT_baseline_metadata_and_annual_results.csv,VT
86392,0,1682,92315.0,120-150%,,2,Cold,In another census Place,G5000230,,3 or 4 Unit,4,Fuel Oil,80F,No,0F,,"Room AC, EER 10.7",20% Conditioned,Room AC,Shared Heating,Non-Ducted Heating,Fuel Oil Shared Heating,,,,80000-99999,3,50%,121%,Occupied,Propane Standard,Propane,3.56,0.0,53.45,0,30,0.0,208.08045982227776,0.0,0.0,0.0,4607.663365247678,40702.88250979891,0.0,0.0,40702.88250979891,0.0,0.0,0.0,693.69922309765,0.0,0.0,3168.0982685617223,3168.0982685617223,49172.34336670596,1477.0,106033.0,4962.0,2.0227,2.2428000000000003,3.169,58.672,Metadata_VT_Residential_VT_baseline_metadata_and_annual_results.csv,VT
86505,0,2179,54023.0,80-100%,,3,Cold,Not in a census Place,G5000130,,Single-Family Detached,1,Natural Gas,68F,No,0F,,"Room AC, EER 10.7",20% Conditioned,Room AC,"Fuel Furnace, 92.5% AFUE",Ducted Heating,Natural Gas Fuel Furnace,,,,50000-59999,1,200%,99%,Occupied,Natural Gas Standard,Natural Gas,3.0,0.0,56.15,0,40,0.0,480.0504129421,0.0,0.0,0.0,8696.884007360695,0.0,0.0,0.0,0.0,22086.42199031901,0.0,4390.204631179889,27292.53648085837,0.0,0.0,0.0,0.0,35989.42048821907,2605.0,71345.0,7478.0,6.2477,6.8251,3.475,63.368,Metadata_VT_Residential_VT_baseline_metadata_and_annual_results.csv,VT
89035,0,1698,17535.0,0-30%,,4,Cold,Not in a census Place,G5000250,,Single-Family Detached,1,Other Fuel,75F,No,0F,,"Room AC, EER 12.0",<10% Conditioned,Room AC,"Fuel Wall/Floor Furnace, 60% AFUE",Non-Ducted Heating,Other Fuel Fuel Wall/Floor Furnace,,,,15000-19999,5,200%,99%,Occupied,Propane Standard,Propane,0.98,0.0,26.02,0,40,0.0,0.0,0.0,0.0,0.0,10028.892021293444,0.0,0.0,0.0,0.0,0.0,0.0,0.0,0.0,0.0,0.0,14941.05622845006,14941.05622845006,24969.948249743506,1185.0,44758.0,35872.0,9.3088,9.7088,1.392,26.593,Metadata_VT_Residential_VT_baseline_metadata_and_annual_results.csv,VT
92408,0,1228,82516.0,120-150%,,2,Cold,Not in a census Place,G5000090,,Single-Family Detached,1,Fuel Oil,68F,Yes,6F,Night -5h,"Room AC, EER 12.0",20% Conditioned,Room AC,"Fuel Furnace, 80% AFUE",Ducted Heating,Fuel Oil Fuel Furnace,,,,80000-99999,3,100%,99%,Occupied,Electric Standard,Electricity,1.87,0.0,41.2,0,30,0.0,550.9736119237778,0.0,0.0,4310.489300093044,10187.150399186445,21408.548605010663,0.0,0.0,21408.548605010663,0.0,0.0,0.0,0.0,0.0,0.0,0.0,947.2056987966224,32542.90470299373,1456.0,60167.0,13583.0,9.9805,10.5966,2.514,38.992,Metadata_VT_Residential_VT_baseline_metadata_and_annual_results.csv,VT
92497,0,623,16639.0,0-30%,,1,Cold,Not in a census Place,G5000110,,3 or 4 Unit,2,Fuel Oil,72F,No,0F,,"Room AC, EER 10.7",60% Conditioned,Room AC,Shared Heating,Non-Ducted Heating,Fuel Oil Shared Heating,,,,15000-19999,1,100%,121%,Occupied,Electric Standard,Electricity,4.69,0.0,16.61,0,30,0.0,142.13946903352775,0.0,0.0,1681.348729578039,6398.620675070128,8427.551693872423,0.0,0.0,8427.551693872423,0.0,0.0,0.0,0.0,0.0,0.0,0.0,0.0,14826.17236894255,4638.0,22140.0,4662.0,12.1031,12.6246,5.837,30.831,Metadata_VT_Residential_VT_baseline_metadata_and_annual_results.csv,VT
93051,0,854,150186.0,150%+,,2,Cold,In another census Place,G5000070,,2 Unit,2,Natural Gas,68F,No,0F,,"Room AC, EER 12.0",40% Conditioned,Room AC,Shared Heating,Ducted Heating,Natural Gas Shared Heating,,,,140000-159999,1,200%,121%,Occupied,Natural Gas Standard,Natural Gas,4.26,0.0,25.73,0,30,0.0,143.01868224404444,0.0,0.0,0.0,5655.978583253716,0.0,0.0,0.0,0.0,13305.71965688906,0.0,4970.77842119106,19110.578343790265,0.0,0.0,0.0,0.0,24766.55692704398,4571.0,34853.0,9225.0,13.1185,14.7756,5.883,43.863,Metadata_VT_Residential_VT_baseline_metadata_and_annual_results.csv,VT
95827,0,3310,87842.0,150%+,,3,Cold,In another census Place,G5000210,,Single-Family Detached,1,Fuel Oil,67F,No,0F,,"Room AC, EER 9.8",20% Conditioned,Room AC,"Fuel Furnace, 80% AFUE",Ducted Heating,Fuel Oil Fuel Furnace,,,,80000-99999,1,100%,99%,Occupied,FIXME Fuel Oil Indirect,Fuel Oil,5.55,0.0,146.95,0,40,0.0,1758.7194921035057,0.0,0.0,0.0,6991.796521098705,69152.75664676739,0.0,2953.863316265828,72106.32689196304,0.0,0.0,0.0,679.6318117293833,0.0,0.0,0.0,0.0,79777.75522479112,5040.0,194752.0,4368.0,14.7471,16.2376,7.463,152.709,Metadata_VT_Residential_VT_baseline_metadata_and_annual_results.csv,VT
98621,0,1138,87842.0,120-150%,,2,Cold,Not in a census Place,G5000070,,2 Unit,1,Propane,70F,Yes,3F,Night -2h,"Room AC, EER 10.7",20% Conditioned,Room AC,"Fuel Boiler, 80% AFUE",Non-Ducted Heating,Propane Fuel Boiler,,,,80000-99999,1,100%,121%,Occupied,Propane Standard,Propane,1.9,0.0,25.53,0,30,0.0,122.50370733198888,0.0,0.0,0.0,5147.793347575083,0.0,0.0,0.0,0.0,0.0,0.0,0.0,0.0,14313.884138281506,0.0,3528.868755943728,17842.752894225232,22990.546241800315,1087.0,38512.0,4951.0,7.6088,8.1227,2.318,41.962,Metadata_VT_Residential_VT_baseline_metadata_and_annual_results.csv,VT
100409,0,2678,267342.0,150%+,,2,Cold,In another census Place,G5000070,,Single-Family Detached,2,Fuel Oil,67F,Yes,3F,Night +2h,,,,"Fuel Furnace, 80% AFUE",Ducted Heating,Fuel Oil Fuel Furnace,,,,200000+,3,200%,99%,Occupied,Electric Premium,Electricity,0.0,0.0,94.05,0,30,0.0,1179.904128513367,0.0,0.0,6631.319104786872,16475.86942294199,47077.17828604474,0.0,0.0,47077.17828604474,0.0,0.0,0.0,0.0,0.0,0.0,0.0,0.0,63553.047708986735,0.0,132440.0,21967.0,9.7827,10.2596,0.0,97.204,Metadata_VT_Residential_VT_baseline_metadata_and_annual_results.csv,VT
101102,0,1678,50507.0,80-100%,,3,Cold,In another census Place,G5000230,,Single-Family Attached,1,Natural Gas,75F,No,0F,,"Room AC, EER 10.7",<10% Conditioned,Room AC,"Fuel Furnace, 92.5% AFUE",Ducted Heating,Natural Gas Fuel Furnace,,,,50000-59999,2,200%,84%,Occupied,Electric Standard,Electricity,0.86,0.0,28.29,0,50,0.0,338.4970860489167,0.0,0.0,4460.541688021222,10161.653216081462,0.0,0.0,0.0,0.0,15180.78836385094,0.0,0.0,15708.023219090766,0.0,0.0,0.0,0.0,25869.67643517223,527.0,49063.0,14222.0,9.0966,9.7511,1.186,31.404,Metadata_VT_Residential_VT_baseline_metadata_and_annual_results.csv,VT
101155,0,634,12655.0,0-30%,,2,Cold,Not in a census Place,G5000070,,Mobile Home,1,Propane,65F,No,0F,,"Room AC, EER 12.0",20% Conditioned,Room AC,"Fuel Furnace, 92.5% AFUE",Ducted Heating,Propane Fuel Furnace,,,,10000-14999,2,100%,137%,Occupied,Natural Gas Premium,Natural Gas,2.11,0.0,25.23,0,30,0.0,191.9615509628056,0.0,0.0,0.0,5000.9647414188,0.0,0.0,0.0,0.0,0.0,0.0,3908.102720746584,3908.102720746584,8837.558121043361,0.0,0.0,8837.558121043361,17746.625583208745,624.0,28548.0,8319.0,10.3436,10.7099,2.254,29.017,Metadata_VT_Residential_VT_baseline_metadata_and_annual_results.csv,VT
102177,0,2179,4187.0,0-30%,,3,Cold,Not in a census Place,G5000230,,Single-Family Detached,1,Other Fuel,67F,No,0F,,"Room AC, EER 10.7",<10% Conditioned,Room AC,"Fuel Wall/Floor Furnace, 60% AFUE",Non-Ducted Heating,Other Fuel Fuel Wall/Floor Furnace,,,,<10000,2,100%,99%,Occupied,Electric Standard,Electricity,1.38,0.0,31.84,0,50,0.0,0.0,0.0,0.0,2889.3876808279388,7916.142676421894,0.0,0.0,0.0,0.0,0.0,0.0,0.0,0.0,0.0,0.0,0.0,0.0,7916.142676421894,1048.0,42226.0,8490.0,9.5491,10.265,2.304,32.109,Metadata_VT_Residential_VT_baseline_metadata_and_annual_results.csv,VT
102200,0,1698,108692.0,150%+,,2,Cold,Not in a census Place,G5000030,,Single-Family Detached,1,Other Fuel,70F,No,0F,,"Room AC, EER 9.8",20% Conditioned,Room AC,"Fuel Wall/Floor Furnace, 60% AFUE",Non-Ducted Heating,Other Fuel Fuel Wall/Floor Furnace,,,,100000-119999,2,50%,99%,Occupied,Other Fuel,Other Fuel,3.54,0.0,69.21,0,30,0.0,0.0,0.0,0.0,0.0,6039.315543038983,0.0,0.0,0.0,0.0,0.0,0.0,0.0,1570.8609361231113,0.0,0.0,0.0,0.0,7610.176479162094,5322.0,116259.0,4766.0,5.8437,5.6825,4.882,70.649,Metadata_VT_Residential_VT_baseline_metadata_and_annual_results.csv,VT
102410,0,1228,108692.0,120-150%,,2,Cold,Not in a census Place,G5000070,,Single-Family Detached,1,Natural Gas,68F,Yes,3F,Night +4h,"Room AC, EER 9.8",20% Conditioned,Room AC,"Fuel Furnace, 76% AFUE",Ducted Heating,Natural Gas Fuel Furnace,,,,100000-119999,2,200%,99%,Occupied,Natural Gas Standard,Natural Gas,3.02,0.0,61.86,0,30,0.0,779.2759755879388,0.0,0.0,0.0,7452.211172339267,0.0,0.0,0.0,0.0,32720.798842588265,0.0,7503.791680689577,41201.10332909169,0.0,0.0,0.0,0.0,48653.31450143096,5133.0,87498.0,15720.0,10.0755,8.4695,6.135,64.382,Metadata_VT_Residential_VT_baseline_metadata_and_annual_results.csv,VT
103396,0,322,27012.0,30-60%,,1,Cold,Not in a census Place,G5000250,,3 or 4 Unit,1,Propane,72F,No,0F,,"Room AC, EER 10.7",40% Conditioned,Room AC,"Fuel Furnace, 92.5% AFUE",Ducted Heating,Propane Fuel Furnace,,,,25000-29999,1,200%,121%,Occupied,Propane Standard,Propane,2.71,0.0,17.88,0,30,0.0,159.13759110351668,0.0,0.0,0.0,5507.977692816745,0.0,0.0,0.0,0.0,0.0,0.0,0.0,833.7871946399723,7282.229951639378,0.0,4933.265324209016,12215.495275848394,18557.26016330511,3008.0,23551.0,9083.0,13.9816,13.8939,6.696,30.174,Metadata_VT_Residential_VT_baseline_metadata_and_annual_results.csv,VT
103422,0,1228,89096.0,100-120%,,3,Cold,In another census Place,G5000070,,Single-Family Detached,1,Natural Gas,72F,No,0F,,"Room AC, EER 10.7",20% Conditioned,Room AC,"Fuel Furnace, 80% AFUE",Ducted Heating,Natural Gas Fuel Furnace,,,,80000-99999,2,50%,99%,Occupied,Natural Gas Standard,Natural Gas,2.33,0.0,24.09,0,40,0.0,318.56825327720554,0.0,0.0,0.0,3400.5036272082943,0.0,0.0,0.0,0.0,12721.042871895475,0.0,3125.8960344569223,16497.849753204904,0.0,0.0,0.0,0.0,19898.3533804132,3289.0,35788.0,4219.0,4.6332,5.2273000000000005,3.334,26.188,Metadata_VT_Residential_VT_baseline_metadata_and_annual_results.csv,VT
104595,0,1698,109096.0,120-150%,,3,Cold,Not in a census Place,G5000010,,Single-Family Detached,1,Fuel Oil,75F,No,0F,,"Room AC, EER 10.7",20% Conditioned,Room AC,"Fuel Boiler, 90% AFUE",Non-Ducted Heating,Fuel Oil Fuel Boiler,,,,100000-119999,5,100%,99%,Occupied,Electric Standard,Electricity,3.53,0.0,50.31,0,50,0.0,240.02520647105,0.0,0.0,5606.156501324439,11515.348489206955,25700.867498753025,0.0,0.0,25700.867498753025,0.0,0.0,0.0,0.0,0.0,0.0,0.0,0.0,37216.21598795998,3342.0,77021.0,18083.0,6.5057,7.0023,4.577,49.984,Metadata_VT_Residential_VT_baseline_metadata_and_annual_results.csv,VT
105192,0,2678,149226.0,150%+,,3,Cold,Not in a census Place,G5000070,,Single-Family Detached,2,Natural Gas,70F,No,0F,,"Room AC, EER 10.7",<10% Conditioned,Room AC,"Fuel Furnace, 80% AFUE",Ducted Heating,Natural Gas Fuel Furnace,,,,140000-159999,6,100%,99%,Occupied,Natural Gas Standard,Natural Gas,2.2,0.0,103.19,0,40,0.0,1573.7916468248334,0.0,0.0,0.0,9089.892312461645,0.0,0.0,0.0,0.0,62791.6490686793,0.0,10211.182226940566,75731.9091010636,0.0,0.0,0.0,0.0,84821.80141352525,2621.0,176762.0,23087.0,8.268600000000001,8.9398,3.854,107.02,Metadata_VT_Residential_VT_baseline_metadata_and_annual_results.csv,VT
105415,0,881,74877.0,120-150%,,3,Cold,In another census Place,G5000190,,Single-Family Detached,1,Fuel Oil,70F,Yes,3F,Night -2h,,,,"Fuel Furnace, 80% AFUE",Ducted Heating,Fuel Oil Fuel Furnace,,,,70000-79999,2,200%,99%,Occupied,Fuel Oil Standard,Fuel Oil,0.0,0.0,41.15,0,40,0.0,459.2423669598722,0.0,0.0,0.0,6414.7395839296005,17858.285660944362,0.0,7664.9807692843,25523.559501298834,0.0,0.0,0.0,0.0,0.0,0.0,0.0,1087.0005992687722,33025.29968449721,0.0,50244.0,16846.0,3.7421,4.6827,0.0,48.624,Metadata_VT_Residential_VT_baseline_metadata_and_annual_results.csv,VT
105505,0,2179,129611.0,150%+,,5,Cold,Not in a census Place,G5000070,,Single-Family Detached,2,Natural Gas,65F,Yes,3F,Night +2h,"AC, SEER 13",100% Conditioned,Central AC,"Fuel Furnace, 80% AFUE",Ducted Heating,Natural Gas Fuel Furnace,,,,120000-139999,5,50%,99%,Occupied,Natural Gas Standard,Natural Gas,12.65,0.0,38.77,0,50,0.0,401.8004372061167,0.0,0.0,0.0,6048.107675144151,0.0,0.0,0.0,0.0,16024.246903806594,0.0,5648.944877569583,22645.015450067265,0.0,0.0,0.0,0.0,28693.123125211416,6212.0,45016.0,10615.0,5.3551,4.908399999999999,10.654,40.305,Metadata_VT_Residential_VT_baseline_metadata_and_annual_results.csv,VT
105689,0,2179,47457.0,60-80%,,3,Cold,Not in a census Place,G5000270,,Single-Family Detached,1,Other Fuel,68F,Yes,6F,Night +2h,"AC, SEER 10",80% Conditioned,Central AC,"Fuel Furnace, 60% AFUE",Ducted Heating,Other Fuel Fuel Furnace,,,,45000-49999,2,100%,99%,Occupied,Electric Standard,Electricity,12.2,0.0,74.53,0,50,0.0,764.0362799389834,0.0,0.0,2719.9926022683944,11787.318442326778,0.0,0.0,0.0,0.0,0.0,0.0,0.0,0.0,0.0,0.0,0.0,0.0,11787.318442326778,9978.0,84945.0,8157.0,9.0885,8.783700000000001,12.136,70.373,Metadata_VT_Residential_VT_baseline_metadata_and_annual_results.csv,VT
105710,0,322,31921.0,30-60%,,2,Cold,Not in a census Place,G5000050,,2 Unit,1,Fuel Oil,68F,No,0F,,"Room AC, EER 9.8",40% Conditioned,Room AC,Shared Heating,Ducted Heating,Fuel Oil Shared Heating,,,,30000-34999,2,200%,121%,Occupied,Propane Standard,Propane,4.31,0.0,20.95,0,30,0.0,104.62637205148332,0.0,0.0,0.0,6111.704097371522,8275.447808453038,0.0,0.0,8275.447808453038,0.0,0.0,0.0,937.2412824107666,0.0,0.0,7196.067057008744,7196.067057008744,22520.46024524408,3878.0,21105.0,14479.0,4.2328,4.2597,5.729,21.081,Metadata_VT_Residential_VT_baseline_metadata_and_annual_results.csv,VT
105736,0,322,32325.0,30-60%,,2,Cold,Not in a census Place,G5000190,,2 Unit,2,Propane,70F,No,0F,,,,,"Fuel Furnace, 80% AFUE",Ducted Heating,Propane Fuel Furnace,,,,30000-34999,4,200%,121%,Occupied,Electric Standard,Electricity,0.0,0.0,17.54,0,30,0.0,139.20875833180554,0.0,0.0,6854.346189187934,13138.37607582072,0.0,0.0,0.0,0.0,0.0,0.0,0.0,0.0,5417.711803203701,0.0,0.0,5417.711803203701,18556.08787902442,0.0,15262.0,22461.0,5.317399999999999,5.759,0.0,17.203,Metadata_VT_Residential_VT_baseline_metadata_and_annual_results.csv,VT
105993,0,2179,149501.0,150%+,,5,Cold,Not in a census Place,G5000030,,Single-Family Detached,1,Fuel Oil,70F,Yes,3F,Night,"Room AC, EER 10.7",20% Conditioned,Room AC,"Fuel Furnace, 80% AFUE",Ducted Heating,Fuel Oil Fuel Furnace,,,,140000-159999,2,50%,99%,Occupied,Fuel Oil Standard,Fuel Oil,2.45,0.0,29.53,0,50,0.0,448.1056662933278,0.0,0.0,0.0,6386.018619052722,17631.155581560888,0.0,2990.204128967184,20621.35971052807,0.0,0.0,0.0,0.0,0.0,0.0,0.0,0.0,27007.378329580795,2121.0,49591.0,4712.0,6.414,7.0009,2.941,31.497,Metadata_VT_Residential_VT_baseline_metadata_and_annual_results.csv,VT
107256,0,2179,36175.0,60-80%,,3,Cold,Not in a census Place,G5000250,,Single-Family Detached,2,Electricity,72F,No,0F,,Ducted Heat Pump,100% Conditioned,Ducted Heat Pump,"ASHP, SEER 15, 8.5 HSPF",Ducted Heat Pump,Electricity ASHP,,,,35000-39999,1,100%,99%,Occupied,Electric Standard,Electricity,23.16,46.6,23.16,0,50,6560.395905805195,373.3725433994112,6729.204842224394,107.85015382337778,1552.6905297724334,20422.95059602148,0.0,0.0,0.0,0.0,0.0,0.0,0.0,0.0,0.0,0.0,0.0,0.0,20422.95059602148,9455.0,80533.0,4292.0,9.2464,20.7566,19.723,51.197,Metadata_VT_Residential_VT_baseline_metadata_and_annual_results.csv,VT
107298,0,1698,149501.0,150%+,,4,Cold,In another census Place,G5000250,,Single-Family Detached,1,Fuel Oil,68F,No,0F,,,,,"Fuel Boiler, 80% AFUE",Non-Ducted Heating,Fuel Oil Fuel Boiler,,,,140000-159999,2,100%,99%,Occupied,Electric Standard,Electricity,0.0,0.0,26.85,0,50,0.0,251.7480492779389,0.0,0.0,2830.7734667934947,8303.875702259744,16045.054949788822,0.0,0.0,16045.054949788822,0.0,0.0,0.0,0.0,0.0,0.0,0.0,0.0,24348.93065204857,0.0,43440.0,8623.0,9.7418,11.0197,0.0,39.872,Metadata_VT_Residential_VT_baseline_metadata_and_annual_results.csv,VT
108578,0,322,13633.0,0-30%,,1,Cold,In another census Place,G5000230,,5 to 9 Unit,2,Fuel Oil,68F,Yes,3F,Day and Night -5h,"Room AC, EER 12.0",20% Conditioned,Room AC,"Fuel Wall/Floor Furnace, 60% AFUE",Non-Ducted Heating,Fuel Oil Fuel Wall/Floor Furnace,,,,10000-14999,1,100%,94%,Occupied,Electric Premium,Electricity,1.15,0.0,7.96,0,30,0.0,0.0,0.0,0.0,1421.9808324756225,3620.013858767289,4048.483763359078,0.0,0.0,4048.483763359078,0.0,0.0,0.0,0.0,0.0,0.0,0.0,0.0,7668.497622126367,843.0,8273.0,4180.0,4.6502,5.3448,1.608,9.027,Metadata_VT_Residential_VT_baseline_metadata_and_annual_results.csv,VT
108848,0,881,22223.0,30-60%,,2,Cold,In another census Place,G5000030,,Mobile Home,1,Fuel Oil,68F,No,0F,,"AC, SEER 15",100% Conditioned,Central AC,"Fuel Boiler, 90% AFUE",Non-Ducted Heating,Fuel Oil Fuel Boiler,,,,20000-24999,1,100%,137%,Occupied,Fuel Oil Standard,Fuel Oil,12.9,0.0,48.55,0,30,0.0,249.69655178673327,0.0,0.0,0.0,6123.133869108239,25469.341353316973,0.0,2775.3830345309448,28244.72438784792,0.0,0.0,0.0,0.0,0.0,0.0,0.0,0.0,34367.858256956155,6180.0,76714.0,4106.0,25.0055,26.5829,12.499,94.105,Metadata_VT_Residential_VT_baseline_metadata_and_annual_results.csv,VT
109363,0,2678,87842.0,150%+,,3,Cold,In another census Place,G5000210,,Single-Family Detached,1,Fuel Oil,68F,Yes,3F,Night -3h,,,,"Fuel Furnace, 80% AFUE",Ducted Heating,Fuel Oil Fuel Furnace,,,,80000-99999,1,100%,99%,Occupied,Electric Standard,Electricity,0.0,0.0,83.56,0,50,0.0,1086.7075281986,0.0,0.0,1496.1278132291943,7074.735633957444,42727.7105336188,0.0,0.0,42727.7105336188,0.0,0.0,0.0,0.0,0.0,0.0,0.0,0.0,49802.44616757624,0.0,120158.0,3954.0,6.205100000000001,7.0748,0.0,88.072,Metadata_VT_Residential_VT_baseline_metadata_and_annual_results.csv,VT
109748,0,2179,13633.0,0-30%,,4,Cold,Not in a census Place,G5000010,,Single-Family Detached,1,Other Fuel,75F,Yes,3F,Night +1h,"Room AC, EER 10.7",20% Conditioned,Room AC,"Fuel Wall/Floor Furnace, 60% AFUE",Non-Ducted Heating,Other Fuel Fuel Wall/Floor Furnace,,,,10000-14999,1,100%,99%,Occupied,Propane Standard,Propane,3.27,0.0,61.89,0,40,0.0,0.0,0.0,0.0,0.0,7494.413406444067,0.0,0.0,0.0,0.0,0.0,0.0,0.0,0.0,0.0,0.0,3005.1507535459664,3005.1507535459664,10499.564159990034,5863.0,93135.0,3912.0,8.3536,8.5518,7.689,72.13,Metadata_VT_Residential_VT_baseline_metadata_and_annual_results.csv,VT
110111,0,322,16639.0,30-60%,,1,Cold,Not in a census Place,G5000150,,5 to 9 Unit,2,Propane,70F,No,0F,,"Room AC, EER 12.0",100% Conditioned,Room AC,"Fuel Boiler, 90% AFUE",Non-Ducted Heating,Propane Fuel Boiler,,,,15000-19999,1,100%,94%,Occupied,Propane Premium,Propane,9.92,0.0,14.08,0,30,0.0,83.52525499908333,0.0,0.0,0.0,2798.53564907455,0.0,0.0,0.0,0.0,0.0,0.0,0.0,0.0,4995.689462155699,0.0,2465.899984429078,7461.589446584778,10260.125095659329,6623.0,14713.0,4471.0,4.275399999999999,3.4955,8.797,14.65,Metadata_VT_Residential_VT_baseline_metadata_and_annual_results.csv,VT
111376,0,623,12655.0,0-30%,,2,Cold,In another census Place,G5000230,,10 to 19 Unit,3,Electricity,72F,No,0F,,,,,"Electric Furnace, 100% AFUE",Ducted Heating,Electricity Electric Furnace,,,,10000-14999,2,100%,94%,Occupied,Electric Standard,Electricity,0.0,0.0,11.38,0,30,3060.5411858085167,73.56083861322777,0.0,0.0,2373.289526254656,8260.794254944429,0.0,0.0,0.0,0.0,0.0,0.0,0.0,0.0,0.0,0.0,0.0,0.0,8260.794254944429,0.0,10694.0,7179.0,4.6273,6.765,0.0,12.312,Metadata_VT_Residential_VT_baseline_metadata_and_annual_results.csv,VT
113460,0,2678,280058.0,150%+,,4,Cold,Not in a census Place,G5000230,,Single-Family Detached,2,Fuel Oil,72F,Yes,6F,Night -1h,"AC, SEER 13",80% Conditioned,Central AC,"Fuel Furnace, 92.5% AFUE",Ducted Heating,Fuel Oil Fuel Furnace,,,,200000+,2,50%,99%,Occupied,Electric Standard,Electricity,38.7,0.0,120.6,0,50,0.0,1319.1128868451724,0.0,0.0,1625.3721551751446,9922.214151750755,59155.51630105254,0.0,0.0,59155.51630105254,0.0,0.0,0.0,0.0,0.0,0.0,0.0,650.9108468525055,69728.6412996558,14592.0,190691.0,4485.0,9.9932,8.8216,28.055,122.526,Metadata_VT_Residential_VT_baseline_metadata_and_annual_results.csv,VT
114984,0,881,42426.0,60-80%,,3,Cold,In another census Place,G5000230,,Single-Family Detached,1,Fuel Oil,75F,Yes,6F,Night +2h,"Room AC, EER 10.7",100% Conditioned,Room AC,"Fuel Boiler, 90% AFUE",Non-Ducted Heating,Fuel Oil Fuel Boiler,,,,40000-44999,2,100%,99%,Occupied,FIXME Fuel Oil Indirect,Fuel Oil,13.26,0.0,56.63,0,40,0.0,288.08886197929445,0.0,0.0,0.0,4835.96572891184,34544.28704119984,0.0,4491.021079319134,39035.30812051897,0.0,0.0,0.0,0.0,0.0,0.0,0.0,0.0,43871.27384943081,3667.0,104017.0,8944.0,10.0955,9.1574,10.641,69.791,Metadata_VT_Residential_VT_baseline_metadata_and_annual_results.csv,VT
115478,0,2179,27012.0,30-60%,,3,Cold,Not in a census Place,G5000250,,Single-Family Detached,1,Propane,75F,Yes,3F,Night +4h,"Room AC, EER 10.7",20% Conditioned,Room AC,"Fuel Furnace, 80% AFUE",Ducted Heating,Propane Fuel Furnace,,,,25000-29999,1,200%,99%,Occupied,Propane Tankless,Propane,3.23,0.0,52.35,0,0,0.0,790.7057473246556,0.0,0.0,0.0,8312.081692224567,0.0,0.0,0.0,0.0,0.0,0.0,0.0,0.0,31393.47996577827,0.0,3071.0917443347166,34464.571710112985,42776.65340233755,3127.0,88375.0,7902.0,27.0455,27.037,5.224,64.943,Metadata_VT_Residential_VT_baseline_metadata_and_annual_results.csv,VT
116630,0,1207,128932.0,150%+,,2,Cold,In another census Place,G5000110,,Single-Family Attached,1,Natural Gas,68F,No,0F,,"AC, SEER 13",80% Conditioned,Central AC,"Fuel Furnace, 92.5% AFUE",Ducted Heating,Natural Gas Fuel Furnace,,,,120000-139999,2,100%,84%,Occupied,Natural Gas Standard,Natural Gas,7.77,0.0,46.88,0,30,0.0,495.5831796612278,0.0,0.0,0.0,5143.397281522501,0.0,0.0,0.0,0.0,22801.51540153924,0.0,4467.282322635184,28049.832126183388,0.0,0.0,0.0,0.0,33193.22940770589,6998.0,73638.0,7828.0,11.4565,11.2357,7.639,48.307,Metadata_VT_Residential_VT_baseline_metadata_and_annual_results.csv,VT
116654,0,2179,63747.0,100-120%,,3,Cold,Not in a census Place,G5000270,,Single-Family Detached,2,Other Fuel,60F,Yes,3F,Night -5h,,,,"Fuel Wall/Floor Furnace, 60% AFUE",Non-Ducted Heating,Other Fuel Fuel Wall/Floor Furnace,,,,60000-69999,2,100%,99%,Occupied,Electric Standard,Electricity,0.0,0.0,143.06,0,50,0.0,0.0,0.0,0.0,2753.9888464083724,7353.153150621056,0.0,0.0,0.0,0.0,0.0,0.0,0.0,0.0,0.0,0.0,0.0,813.5652907980889,8166.718441419145,0.0,149772.0,8099.0,7.4683,8.358799999999999,0.0,134.602,Metadata_VT_Residential_VT_baseline_metadata_and_annual_results.csv,VT
117921,0,1228,107345.0,150%+,,2,Cold,In another census Place,G5000110,,Single-Family Detached,1,Fuel Oil,65F,Yes,3F,Night +5h,"Room AC, EER 10.7",<10% Conditioned,Room AC,"Fuel Furnace, 80% AFUE",Ducted Heating,Fuel Oil Fuel Furnace,,,,100000-119999,1,200%,99%,Occupied,FIXME Fuel Oil Indirect,Fuel Oil,0.99,0.0,35.75,0,30,0.0,352.85756848735554,0.0,0.0,0.0,6752.064385697829,14071.221292178903,0.0,4097.426632077839,18168.647924256744,0.0,0.0,0.0,1210.3835198112777,0.0,0.0,0.0,815.6167882892944,26946.712618055142,1443.0,39593.0,7505.0,20.5663,20.7827,2.607,55.705,Metadata_VT_Residential_VT_baseline_metadata_and_annual_results.csv,VT
118189,0,634,42184.0,60-80%,,1,Cold,In another census Place,G5000050,,Single-Family Detached,1,Propane,68F,Yes,3F,Night +1h,"Room AC, EER 10.7",60% Conditioned,Room AC,"Fuel Boiler, 90% AFUE",Non-Ducted Heating,Propane Fuel Boiler,,,,40000-44999,1,50%,99%,Occupied,Electric Standard,Electricity,4.67,0.0,32.27,0,30,0.0,114.59078843733889,0.0,0.0,1051.245928707761,4414.236458934011,0.0,0.0,0.0,0.0,0.0,0.0,0.0,0.0,15337.874457463253,0.0,0.0,15836.974489966544,20251.21094890056,6430.0,45614.0,2445.0,4.0662,4.4342,8.658,48.965,Metadata_VT_Residential_VT_baseline_metadata_and_annual_results.csv,VT
119243,0,2179,74751.0,120-150%,,4,Cold,Not in a census Place,G5000230,,Single-Family Detached,1,Propane,62F,Yes,6F,Night +4h,"Room AC, EER 10.7",20% Conditioned,Room AC,"Fuel Furnace, 80% AFUE",Ducted Heating,Propane Fuel Furnace,,,,70000-79999,1,200%,99%,Occupied,Propane Standard,Propane,2.72,0.0,28.97,0,40,0.0,227.42315045364444,0.0,0.0,0.0,6752.650527838172,0.0,0.0,0.0,0.0,0.0,0.0,0.0,0.0,8839.023476394223,0.0,4704.083747334338,14358.724012017856,21111.374539856028,1956.0,24811.0,8214.0,10.1444,10.4266,4.113,31.829,Metadata_VT_Residential_VT_baseline_metadata_and_annual_results.csv,VT
119887,0,2678,27621.0,30-60%,,2,Cold,In another census Place,G5000030,,Single-Family Detached,3,Fuel Oil,68F,Yes,6F,Night +2h,"AC, SEER 13",100% Conditioned,Central AC,"Fuel Furnace, 80% AFUE",Ducted Heating,Fuel Oil Fuel Furnace,,,,25000-29999,2,50%,99%,Occupied,Electric Standard,Electricity,26.92,0.0,88.65,0,30,0.0,1290.0988508981222,0.0,0.0,1535.3993366322725,8746.4130182198,50715.65562223289,0.0,0.0,50715.65562223289,0.0,0.0,0.0,0.0,0.0,0.0,0.0,0.0,59462.068640452686,31607.0,142493.0,4110.0,5.782,5.538399999999999,25.871,90.719,Metadata_VT_Residential_VT_baseline_metadata_and_annual_results.csv,VT
120648,0,2179,74877.0,100-120%,,3,Cold,In another census Place,G5000230,,Single-Family Detached,1,Other Fuel,70F,Yes,6F,Night -3h,,,,"Fuel Wall/Floor Furnace, 60% AFUE",Non-Ducted Heating,Other Fuel Fuel Wall/Floor Furnace,,,,70000-79999,2,50%,99%,Occupied,Electric Standard,Electricity,0.0,0.0,41.17,0,50,0.0,0.0,0.0,0.0,1715.9311158583612,8386.814815118483,0.0,0.0,0.0,0.0,0.0,0.0,0.0,0.0,0.0,0.0,0.0,0.0,8386.814815118483,0.0,71684.0,4802.0,8.611799999999999,7.9158,0.0,41.559,Metadata_VT_Residential_VT_baseline_metadata_and_annual_results.csv,VT
121582,0,1228,55104.0,80-100%,,3,Cold,Not in a census Place,G5000010,,Mobile Home,1,Fuel Oil,70F,No,0F,,"Room AC, EER 10.7",40% Conditioned,Room AC,"Fuel Furnace, 92.5% AFUE",Ducted Heating,Fuel Oil Fuel Furnace,,,,50000-59999,2,100%,137%,Occupied,Electric Standard,Electricity,6.14,0.0,48.55,0,50,0.0,428.7629756619612,0.0,0.0,2884.112401564839,9484.072901843285,19718.114672257285,0.0,0.0,19718.114672257285,0.0,0.0,0.0,0.0,0.0,0.0,0.0,0.0,29202.187574100568,6129.0,63695.0,8676.0,16.438299999999998,17.2769,9.75,55.096,Metadata_VT_Residential_VT_baseline_metadata_and_annual_results.csv,VT
121863,0,2678,128932.0,150%+,,3,Cold,Not in a census Place,G5000250,,Single-Family Detached,2,Fuel Oil,68F,Yes,3F,Night -4h,"Room AC, EER 12.0",20% Conditioned,Room AC,"Fuel Furnace, 80% AFUE",Ducted Heating,Fuel Oil Fuel Furnace,,,,120000-139999,2,100%,99%,Occupied,Propane Standard,Propane,4.12,0.0,79.88,0,40,0.0,1131.54740193495,0.0,0.0,0.0,7201.635407342017,44930.72576810339,0.0,0.0,44930.72576810339,0.0,0.0,0.0,0.0,0.0,0.0,4747.75133679,4747.75133679,56880.112512235406,4990.0,126376.0,8577.0,8.867299999999998,9.5554,6.025,81.891,Metadata_VT_Residential_VT_baseline_metadata_and_annual_results.csv,VT
122024,0,1228,22473.0,30-60%,,3,Cold,In another census Place,G5000190,,Single-Family Detached,1,Other Fuel,68F,No,0F,,"Room AC, EER 12.0",20% Conditioned,Room AC,"Fuel Furnace, 60% AFUE",Ducted Heating,Other Fuel Fuel Furnace,,,,20000-24999,2,100%,99%,Occupied,Fuel Oil Standard,Fuel Oil,3.0,0.0,68.05,0,40,0.0,679.9248827995555,0.0,0.0,0.0,4950.263446279005,0.0,0.0,4547.8768669325445,4547.8768669325445,0.0,0.0,0.0,0.0,0.0,0.0,0.0,813.5652907980889,10311.705604009638,1110.0,74486.0,8891.0,9.1862,10.4654,3.618,73.684,Metadata_VT_Residential_VT_baseline_metadata_and_annual_results.csv,VT
123527,0,1207,64407.0,80-100%,,2,Cold,"VT, Burlington",G5000070,,Single-Family Attached,1,Natural Gas,67F,Yes,6F,Night -5h,"AC, SEER 13",100% Conditioned,Central AC,"Fuel Furnace, 80% AFUE",Ducted Heating,Natural Gas Fuel Furnace,,,,60000-69999,1,100%,84%,Occupied,Natural Gas Premium,Natural Gas,6.67,0.0,21.13,0,30,0.0,240.31827754122224,0.0,0.0,0.0,4320.746787549072,0.0,0.0,0.0,0.0,9595.7329795789,0.0,2543.8568890948886,12139.296797603616,0.0,0.0,0.0,0.0,16460.04358515269,8058.0,26955.0,4485.0,6.693899999999999,7.9238,5.809,25.881,Metadata_VT_Residential_VT_baseline_metadata_and_annual_results.csv,VT
123703,0,2179,108692.0,150%+,,3,Cold,In another census Place,G5000230,,Single-Family Detached,2,Fuel Oil,65F,Yes,3F,Night +5h,"Room AC, EER 10.7",<10% Conditioned,Room AC,"Fuel Furnace, 80% AFUE",Ducted Heating,Fuel Oil Fuel Furnace,,,,100000-119999,2,50%,99%,Occupied,Electric Standard,Electricity,2.95,0.0,120.52,0,50,0.0,1323.2158818275832,0.0,0.0,1757.2541367526446,8660.250123589167,51445.10951589155,0.0,0.0,51445.10951589155,0.0,0.0,0.0,0.0,0.0,0.0,0.0,650.9108468525055,60756.270486333226,782.0,144866.0,4853.0,8.670200000000001,9.8002,2.881,95.824,Metadata_VT_Residential_VT_baseline_metadata_and_annual_results.csv,VT
123729,0,2179,22473.0,30-60%,,4,Cold,In another census Place,G5000010,,Single-Family Detached,1,Fuel Oil,72F,No,0F,,"Room AC, EER 12.0",20% Conditioned,Room AC,"Fuel Furnace, 80% AFUE",Ducted Heating,Fuel Oil Fuel Furnace,,,,20000-24999,2,100%,99%,Occupied,Electric Standard,Electricity,4.86,0.0,153.78,0,50,0.0,1907.5995957509945,0.0,0.0,2568.181787919183,9344.278001371133,76113.78070549801,0.0,0.0,76113.78070549801,0.0,0.0,0.0,0.0,0.0,0.0,0.0,0.0,85458.05870686914,2761.0,214263.0,7713.0,7.4221,8.6582,5.841,133.186,Metadata_VT_Residential_VT_baseline_metadata_and_annual_results.csv,VT
123870,0,1698,189083.0,150%+,,4,Cold,"VT, Burlington",G5000070,,Single-Family Detached,1,Fuel Oil,67F,No,0F,,"Room AC, EER 12.0",20% Conditioned,Room AC,"Fuel Boiler, 80% AFUE",Non-Ducted Heating,Fuel Oil Fuel Boiler,,,,180000-199999,2,100%,99%,Occupied,Electric Standard,Electricity,3.78,0.0,55.54,0,50,0.0,214.23495229589443,0.0,0.0,2878.837122301739,7906.178260036039,28449.5810658983,0.0,0.0,28449.5810658983,0.0,0.0,0.0,0.0,0.0,0.0,0.0,813.5652907980889,37169.32461673243,2316.0,75670.0,8727.0,24.2686,26.1702,5.926,91.393,Metadata_VT_Residential_VT_baseline_metadata_and_annual_results.csv,VT
124665,0,3310,107345.0,150%+,,3,Cold,Not in a census Place,G5000190,,Single-Family Detached,3,Other Fuel,68F,No,0F,,"Room AC, EER 12.0",<10% Conditioned,Room AC,"Fuel Wall/Floor Furnace, 60% AFUE",Non-Ducted Heating,Other Fuel Fuel Wall/Floor Furnace,,,,100000-119999,1,100%,99%,Occupied,Fuel Oil Standard,Fuel Oil,2.77,0.0,153.45,0,40,0.0,0.0,0.0,0.0,0.0,4984.845832559328,0.0,0.0,2782.416740215078,2782.416740215078,0.0,0.0,0.0,834.3733367803167,0.0,0.0,0.0,679.6318117293833,9281.267721284106,1977.0,267089.0,4020.0,5.5131000000000006,5.8973,4.225,155.01,Metadata_VT_Residential_VT_baseline_metadata_and_annual_results.csv,VT
126478,0,1228,36175.0,60-80%,,3,Cold,In another census Place,G5000210,,Single-Family Detached,1,Fuel Oil,68F,Yes,6F,Night -3h,"Room AC, EER 12.0",20% Conditioned,Room AC,"Fuel Boiler, 80% AFUE",Non-Ducted Heating,Fuel Oil Fuel Boiler,,,,35000-39999,1,50%,99%,Occupied,Electric Standard,Electricity,1.58,0.0,32.27,0,50,0.0,262.00553673396666,0.0,0.0,1031.0240248658777,3717.606525134639,19846.186729922545,0.0,0.0,19846.186729922545,0.0,0.0,0.0,0.0,0.0,0.0,0.0,543.9399062396444,24107.73316129683,2560.0,54255.0,2412.0,8.072899999999999,8.5693,3.852,45.165,Metadata_VT_Residential_VT_baseline_metadata_and_annual_results.csv,VT
127208,0,2678,129299.0,120-150%,,3,Cold,Not in a census Place,G5000110,,Single-Family Detached,2,Fuel Oil,70F,Yes,3F,Night -2h,,,,"Fuel Boiler, 80% AFUE",Non-Ducted Heating,Fuel Oil Fuel Boiler,,,,120000-139999,4,50%,99%,Occupied,FIXME Fuel Oil Indirect,Fuel Oil,0.0,0.0,54.75,0,40,0.0,266.6946738567222,0.0,0.0,0.0,5914.760338215789,34624.88158549719,0.0,4686.792554194178,39311.3810686212,0.0,0.0,0.0,0.0,0.0,0.0,0.0,0.0,45226.14140683699,0.0,93181.0,8694.0,6.984100000000001,6.4624,0.0,71.728,Metadata_VT_Residential_VT_baseline_metadata_and_annual_results.csv,VT
127743,0,322,11140.0,0-30%,,2,Cold,Not in a census Place,G5000230,,5 to 9 Unit,2,Propane,75F,No,0F,,"Room AC, EER 12.0",40% Conditioned,Room AC,"Fuel Boiler, 80% AFUE",Non-Ducted Heating,Propane Fuel Boiler,,,,10000-14999,1,100%,94%,Occupied,Electric Standard,Electricity,2.68,0.0,14.26,0,30,0.0,89.38667640252777,0.0,0.0,1620.976089122561,4792.2981394561775,0.0,0.0,0.0,0.0,0.0,0.0,0.0,0.0,6058.072091530005,0.0,0.0,6058.072091530005,10850.370230986184,2086.0,15913.0,4465.0,5.2319,5.4699,3.435,20.344,Metadata_VT_Residential_VT_baseline_metadata_and_annual_results.csv,VT
127822,0,2678,108692.0,150%+,,3,Cold,Not in a census Place,G5000030,,Single-Family Detached,2,Propane,68F,No,0F,,"Room AC, EER 10.7",40% Conditioned,Room AC,"Fuel Furnace, 92.5% AFUE",Ducted Heating,Propane Fuel Furnace,,,,100000-119999,2,100%,99%,Occupied,Propane Standard,Propane,6.46,0.0,72.4,0,40,0.0,652.9623443437112,0.0,0.0,0.0,7592.006072811417,0.0,0.0,0.0,0.0,0.0,0.0,0.0,0.0,29601.643442745302,0.0,5046.390757295495,34648.0342000408,42240.04027285222,9840.0,95551.0,8777.0,8.465,8.4438,8.771,74.793,Metadata_VT_Residential_VT_baseline_metadata_and_annual_results.csv,VT
128578,0,1138,32204.0,30-60%,,3,Cold,"VT, Burlington",G5000070,,2 Unit,2,Natural Gas,65F,No,0F,,"Room AC, EER 10.7",40% Conditioned,Room AC,"Fuel Furnace, 92.5% AFUE",Ducted Heating,Natural Gas Fuel Furnace,,,,30000-34999,1,50%,121%,Occupied,Natural Gas Tankless,Natural Gas,9.9,0.0,53.46,0,0,0.0,516.6842967136278,0.0,0.0,0.0,3389.6599976119223,0.0,0.0,0.0,0.0,23766.59843561636,0.0,981.2019429366,25303.46312759949,0.0,0.0,0.0,0.0,28693.123125211416,5238.0,76770.0,2524.0,12.3659,11.9812,13.182,65.666,Metadata_VT_Residential_VT_baseline_metadata_and_annual_results.csv,VT
129420,0,2678,11140.0,0-30%,,3,Cold,Not in a census Place,G5000250,,Single-Family Detached,2,Fuel Oil,68F,Yes,3F,Night -1h,,,,"Fuel Furnace, 80% AFUE",Ducted Heating,Fuel Oil Fuel Furnace,,,,10000-14999,1,200%,99%,Occupied,Propane Standard,Propane,0.0,0.0,74.3,0,40,0.0,640.3602883263055,0.0,0.0,0.0,7421.438709971183,25405.451860019428,0.0,0.0,25405.451860019428,0.0,0.0,0.0,0.0,0.0,0.0,4556.962070107883,4556.962070107883,37383.85264009849,0.0,71368.0,7914.0,9.509799999999998,9.4726,0.0,78.102,Metadata_VT_Residential_VT_baseline_metadata_and_annual_results.csv,VT
130791,0,854,64407.0,100-120%,,1,Cold,In another census Place,G5000050,,5 to 9 Unit,3,Other Fuel,68F,Yes,6F,Night +4h,"Room AC, EER 8.5",60% Conditioned,Room AC,Shared Heating,Non-Ducted Heating,Other Fuel Shared Heating,,,,60000-69999,1,100%,94%,Occupied,Natural Gas Standard,Natural Gas,6.67,0.0,41.84,0,30,0.0,123.38292054250554,0.0,0.0,0.0,3621.1861430479776,0.0,0.0,0.0,0.0,0.0,0.0,3442.1197191727497,3442.1197191727497,0.0,0.0,0.0,0.0,7063.305862220727,5503.0,49524.0,4428.0,5.423,4.2249,8.931,36.625,Metadata_VT_Residential_VT_baseline_metadata_and_annual_results.csv,VT
131189,0,2678,54023.0,100-120%,,4,Cold,Not in a census Place,G5000270,,Single-Family Detached,1,Fuel Oil,65F,No,0F,,"Room AC, EER 10.7",20% Conditioned,Room AC,"Fuel Furnace, 80% AFUE",Ducted Heating,Fuel Oil Fuel Furnace,,,,50000-59999,1,200%,99%,Occupied,Propane Standard,Propane,4.24,0.0,68.81,0,40,0.0,805.3593008332667,0.0,0.0,0.0,9577.269502158051,31897.26913540432,0.0,0.0,31897.26913540432,0.0,0.0,0.0,0.0,0.0,0.0,4572.494836827012,5388.111625116306,46862.65026267868,1810.0,89805.0,8077.0,12.9631,13.7621,4.523,75.311,Metadata_VT_Residential_VT_baseline_metadata_and_annual_results.csv,VT
133099,0,2179,110733.0,100-120%,,4,Cold,"VT, Burlington",G5000070,,Single-Family Detached,1,Fuel Oil,67F,Yes,3F,Night -4h,"Room AC, EER 10.7",60% Conditioned,Room AC,"Fuel Furnace, 92.5% AFUE",Ducted Heating,Fuel Oil Fuel Furnace,,,,100000-119999,4,200%,99%,Occupied,Fuel Oil Standard,Fuel Oil,8.35,0.0,45.44,0,40,0.0,375.4240408906167,0.0,0.0,0.0,11981.624561850962,17264.23060170527,0.0,12612.020433791413,29876.25103549668,0.0,0.0,0.0,0.0,0.0,0.0,0.0,0.0,41857.87559734764,14473.0,55704.0,30554.0,6.6778,6.5897,11.416,44.75,Metadata_VT_Residential_VT_baseline_metadata_and_annual_results.csv,VT
133561,0,2179,42426.0,60-80%,,3,Cold,Not in a census Place,G5000150,,Single-Family Detached,2,Propane,70F,Yes,3F,Night +4h,,,,"Fuel Boiler, 80% AFUE",Non-Ducted Heating,Propane Fuel Boiler,,,,40000-44999,2,100%,99%,Occupied,Propane Tankless,Propane,0.0,0.0,83.69,0,0,0.0,139.79490047215,0.0,0.0,0.0,7129.2468530094775,0.0,0.0,0.0,0.0,0.0,0.0,0.0,0.0,54210.23506296647,0.0,3212.058929087556,58235.85928285211,65365.106135861584,0.0,144195.0,8265.0,4.847899999999999,5.4369,0.0,94.135,Metadata_VT_Residential_VT_baseline_metadata_and_annual_results.csv,VT
133599,0,2179,36175.0,60-80%,,3,Cold,Not in a census Place,G5000190,,Single-Family Detached,1,Fuel Oil,70F,Yes,3F,Night +3h,,,,"Fuel Furnace, 80% AFUE",Ducted Heating,Fuel Oil Fuel Furnace,,,,35000-39999,1,50%,99%,Occupied,Other Fuel,Other Fuel,0.0,0.0,87.18,0,40,0.0,1121.5829855490945,0.0,0.0,0.0,5738.331553972111,43601.64846487236,0.0,0.0,43601.64846487236,0.0,0.0,0.0,0.0,0.0,0.0,0.0,0.0,49339.98001884447,0.0,122732.0,2097.0,3.3135,4.4701,0.0,83.871,Metadata_VT_Residential_VT_baseline_metadata_and_annual_results.csv,VT
134740,0,1698,64828.0,80-100%,,3,Cold,Not in a census Place,G5000150,,Single-Family Detached,1,Fuel Oil,67F,No,0F,,,,,"Fuel Boiler, 80% AFUE",Non-Ducted Heating,Fuel Oil Fuel Boiler,,,,60000-69999,4,200%,99%,Occupied,Fuel Oil Standard,Fuel Oil,0.0,0.0,21.02,0,40,0.0,183.1694188576389,0.0,0.0,0.0,9312.040183652189,9263.683457073772,0.0,12732.472643632194,21996.156100705968,0.0,0.0,0.0,0.0,0.0,0.0,0.0,0.0,31308.19628435816,0.0,24910.0,31155.0,10.2033,11.2075,0.0,27.929,Metadata_VT_Residential_VT_baseline_metadata_and_annual_results.csv,VT
134870,0,1228,36175.0,30-60%,,2,Cold,In another census Place,G5000070,,Single-Family Detached,1,Fuel Oil,60F,No,0F,,,,,"Fuel Wall/Floor Furnace, 68% AFUE",Non-Ducted Heating,Fuel Oil Fuel Wall/Floor Furnace,,,,35000-39999,1,100%,99%,Occupied,Propane Standard,Propane,0.0,0.0,43.28,0,30,0.0,0.0,0.0,0.0,0.0,3633.495127995211,21739.13277216493,0.0,0.0,21739.13277216493,0.0,0.0,0.0,0.0,0.0,0.0,3181.286466719472,3861.211349519028,29233.839249679168,0.0,50438.0,4321.0,6.563899999999999,6.6534,0.0,46.253,Metadata_VT_Residential_VT_baseline_metadata_and_annual_results.csv,VT
136104,0,2678,27012.0,30-60%,,3,Cold,Not in a census Place,G5000270,,Single-Family Detached,2,Fuel Oil,67F,Yes,3F,Night +2h,"AC, SEER 13",80% Conditioned,Central AC,"Fuel Furnace, 80% AFUE",Ducted Heating,Fuel Oil Fuel Furnace,,,,25000-29999,1,100%,99%,Occupied,Electric Premium,Electricity,19.39,0.0,119.24,0,50,0.0,1480.3019754398945,0.0,0.0,1394.4321518794334,9909.319024663177,58625.05766404082,0.0,0.0,58625.05766404082,0.0,0.0,0.0,0.0,0.0,0.0,0.0,0.0,68534.376688704,10585.0,164885.0,4082.0,23.4094,25.1066,22.586,120.441,Metadata_VT_Residential_VT_baseline_metadata_and_annual_results.csv,VT
136446,0,2678,55104.0,80-100%,,3,Cold,Not in a census Place,G5000190,,Single-Family Detached,2,Fuel Oil,70F,Yes,3F,Night +1h,"Room AC, EER 10.7",20% Conditioned,Room AC,"Fuel Furnace, 80% AFUE",Ducted Heating,Fuel Oil Fuel Furnace,,,,50000-59999,2,100%,99%,Occupied,Electric Premium,Electricity,5.44,0.0,129.42,0,50,0.0,1666.6951760694278,0.0,0.0,2712.958896584261,9494.916531439656,64822.04544283245,0.0,0.0,64822.04544283245,0.0,0.0,0.0,0.0,0.0,0.0,0.0,0.0,74316.96197427211,1564.0,182394.0,8465.0,10.5432,11.4628,5.646,120.299,Metadata_VT_Residential_VT_baseline_metadata_and_annual_results.csv,VT
137298,0,298,4849.0,0-30%,,2,Cold,In another census Place,G5000250,,Mobile Home,1,Fuel Oil,68F,No,0F,,,,,"Fuel Wall/Floor Furnace, 68% AFUE",Non-Ducted Heating,Fuel Oil Fuel Wall/Floor Furnace,,,,<10000,1,100%,137%,Occupied,Electric Standard,Electricity,0.0,0.0,14.53,0,30,0.0,0.0,0.0,0.0,1473.8544118961056,6626.6299676641165,6949.301215923733,0.0,0.0,6949.301215923733,0.0,0.0,0.0,0.0,0.0,0.0,0.0,0.0,13575.93118358785,0.0,16134.0,4050.0,8.629100000000001,8.8669,0.0,22.642,Metadata_VT_Residential_VT_baseline_metadata_and_annual_results.csv,VT
138321,0,2179,63747.0,100-120%,,4,Cold,Not in a census Place,G5000230,,Single-Family Detached,1,Fuel Oil,75F,Yes,3F,Night -5h,"Room AC, EER 10.7",20% Conditioned,Room AC,"Fuel Furnace, 80% AFUE",Ducted Heating,Fuel Oil Fuel Furnace,,,,60000-69999,2,50%,99%,Occupied,Fuel Oil Standard,Fuel Oil,3.5,0.0,85.93,0,40,0.0,1147.080168654078,0.0,0.0,0.0,5350.598528134262,44603.072311650845,0.0,3401.089769348639,48004.455152069655,0.0,0.0,0.0,0.0,0.0,0.0,0.0,0.0,53355.05368020391,1466.0,125594.0,4807.0,7.0804,8.544,3.452,85.952,Metadata_VT_Residential_VT_baseline_metadata_and_annual_results.csv,VT
139149,0,1228,82516.0,100-120%,,3,Cold,In another census Place,G5000230,,Mobile Home,1,Propane,70F,No,0F,,,,,"Fuel Wall/Floor Furnace, 60% AFUE",Non-Ducted Heating,Propane Fuel Wall/Floor Furnace,,,,80000-99999,3,50%,137%,Occupied,Propane Tankless,Propane,0.0,0.0,23.07,0,0,0.0,0.0,0.0,0.0,0.0,5005.946949611727,0.0,0.0,0.0,0.0,0.0,0.0,0.0,0.0,17561.697737930073,0.0,2402.303562201705,19964.00130013178,24969.948249743506,0.0,35952.0,6182.0,5.1705,5.3916,0.0,26.705,Metadata_VT_Residential_VT_baseline_metadata_and_annual_results.csv,VT
139779,0,634,32204.0,30-60%,,1,Cold,In another census Place,G5000110,,Mobile Home,1,Fuel Oil,68F,Yes,3F,Night +1h,"AC, SEER 15",100% Conditioned,Central AC,"Fuel Furnace, 80% AFUE",Ducted Heating,Fuel Oil Fuel Furnace,,,,30000-34999,1,100%,137%,Occupied,Electric Standard,Electricity,8.39,0.0,21.38,0,30,0.0,216.87259192744443,0.0,0.0,1584.928347491378,7055.099872255905,8642.079717238488,0.0,0.0,8642.079717238488,0.0,0.0,0.0,0.0,0.0,0.0,0.0,0.0,15697.179589494392,3081.0,24309.0,4350.0,11.4177,11.6292,8.351,28.574,Metadata_VT_Residential_VT_baseline_metadata_and_annual_results.csv,VT
140400,0,3310,47457.0,60-80%,,3,Cold,In another census Place,G5000070,,Single-Family Detached,2,Fuel Oil,68F,No,0F,,"Room AC, EER 9.8",<10% Conditioned,Room AC,"Fuel Furnace, 80% AFUE",Ducted Heating,Fuel Oil Fuel Furnace,,,,45000-49999,2,200%,99%,Occupied,Electric Standard,Electricity,3.29,0.0,133.91,0,50,0.0,1291.271135178811,0.0,0.0,5167.722180346794,15838.732916387577,51520.4287809258,0.0,0.0,51520.4287809258,0.0,0.0,0.0,0.0,0.0,0.0,0.0,0.0,67359.16169731338,4134.0,145021.0,16520.0,17.306,19.0009,5.27,114.888,Metadata_VT_Residential_VT_baseline_metadata_and_annual_results.csv,VT
140428,0,1228,55558.0,60-80%,,3,Cold,Not in a census Place,G5000050,,Single-Family Detached,2,Fuel Oil,70F,No,0F,,"AC, SEER 13",100% Conditioned,Central AC,"Fuel Boiler, 80% AFUE",Non-Ducted Heating,Fuel Oil Fuel Boiler,,,,50000-59999,4,100%,99%,Occupied,FIXME Fuel Oil Indirect,Fuel Oil,8.85,0.0,23.43,0,40,0.0,201.04675413814445,0.0,0.0,0.0,10105.676641678569,11320.456227542429,0.0,7393.30388723465,18713.76011477708,0.0,0.0,0.0,0.0,0.0,0.0,0.0,0.0,28819.436756455645,13502.0,30404.0,16504.0,8.5907,8.0429,7.805,24.902,Metadata_VT_Residential_VT_baseline_metadata_and_annual_results.csv,VT
141648,0,623,42426.0,60-80%,,2,Cold,Not in a census Place,G5000190,,2 Unit,2,Propane,75F,No,0F,,"Room AC, EER 12.0",40% Conditioned,Room AC,"Fuel Furnace, 80% AFUE",Ducted Heating,Propane Fuel Furnace,,,,40000-44999,2,100%,121%,Occupied,Propane Standard,Propane,4.39,0.0,31.82,0,30,0.0,378.35475159233886,0.0,0.0,0.0,4622.609989826461,0.0,0.0,0.0,0.0,0.0,0.0,0.0,781.0344020089723,14722.425210101585,0.0,4275.906913812722,18998.332123914308,24401.976515749742,4372.0,41451.0,7341.0,3.5873000000000004,3.914,5.589,36.497,Metadata_VT_Residential_VT_baseline_metadata_and_annual_results.csv,VT
141856,0,1228,280058.0,150%+,,2,Cold,Not in a census Place,G5000070,,Mobile Home,1,Fuel Oil,70F,Yes,6F,Night +2h,,,,"Fuel Furnace, 92.5% AFUE",Ducted Heating,Fuel Oil Fuel Furnace,,,,200000+,2,100%,137%,Occupied,Electric Standard,Electricity,0.0,0.0,47.61,0,30,0.0,475.9474179596889,0.0,0.0,2686.289429198589,9166.090790706425,21909.99320607533,0.0,0.0,21909.99320607533,0.0,0.0,0.0,0.0,0.0,0.0,0.0,0.0,31076.08399678176,0.0,70594.0,8109.999999999999,6.6946,8.4099,0.0,49.584,Metadata_VT_Residential_VT_baseline_metadata_and_annual_results.csv,VT
142044,0,1228,85012.0,100-120%,,3,Cold,In another census Place,G5000230,,Mobile Home,1,Other Fuel,67F,No,0F,,"Room AC, EER 10.7",20% Conditioned,Room AC,"Fuel Wall/Floor Furnace, 60% AFUE",Non-Ducted Heating,Other Fuel Fuel Wall/Floor Furnace,,,,80000-99999,5,100%,137%,Occupied,Electric Standard,Electricity,2.17,0.0,56.7,0,50,0.0,0.0,0.0,0.0,6235.673160054373,15342.856665656176,0.0,0.0,0.0,0.0,0.0,0.0,0.0,0.0,0.0,0.0,0.0,0.0,15342.856665656176,2201.0,76543.0,20151.0,11.778,12.2678,3.646,54.135,Metadata_VT_Residential_VT_baseline_metadata_and_annual_results.csv,VT
142442,0,2678,280058.0,150%+,,3,Cold,Not in a census Place,G5000050,,Single-Family Detached,2,Fuel Oil,70F,Yes,3F,Night -3h,"Room AC, EER 8.5",<10% Conditioned,Room AC,"Fuel Furnace, 80% AFUE",Ducted Heating,Fuel Oil Fuel Furnace,,,,200000+,2,100%,99%,Occupied,Electric Standard,Electricity,2.05,0.0,77.76,0,50,0.0,1116.3077062859943,0.0,0.0,2927.7799910205,12230.148829357006,43411.44534033059,0.0,0.0,43411.44534033059,0.0,0.0,0.0,0.0,0.0,0.0,0.0,0.0,55641.5941696876,1061.0,122187.0,8916.0,11.409,12.852799999999998,2.121,80.397,Metadata_VT_Residential_VT_baseline_metadata_and_annual_results.csv,VT
142534,0,5587,108692.0,150%+,,4,Cold,Not in a census Place,G5000230,,Single-Family Detached,1,Fuel Oil,68F,Yes,3F,Night -4h,"Room AC, EER 9.8",20% Conditioned,Room AC,"Fuel Wall/Floor Furnace, 68% AFUE",Non-Ducted Heating,Fuel Oil Fuel Wall/Floor Furnace,,,,100000-119999,2,100%,99%,Occupied,Electric Standard,Electricity,7.53,0.0,116.17,0,50,0.0,0.0,0.0,0.0,2936.2790520554945,14802.4336122586,81965.2376925566,0.0,0.0,81965.2376925566,0.0,0.0,0.0,0.0,0.0,0.0,0.0,0.0,96767.6713048152,2984.0,189806.0,8919.0,10.759799999999998,12.5101,7.277,115.404,Metadata_VT_Residential_VT_baseline_metadata_and_annual_results.csv,VT
142631,0,2179,189083.0,150%+,,4,Cold,Not in a census Place,G5000030,,Single-Family Detached,1,Fuel Oil,67F,Yes,3F,Night +5h,"Room AC, EER 10.7",<10% Conditioned,Room AC,"Fuel Boiler, 90% AFUE",Non-Ducted Heating,Fuel Oil Fuel Boiler,,,,180000-199999,4,100%,99%,Occupied,Fuel Oil Standard,Fuel Oil,2.36,0.0,87.83,0,40,0.0,213.0626680152056,0.0,0.0,0.0,6975.091470098889,40101.20760273533,0.0,7322.673759323145,47423.88136205848,0.0,0.0,0.0,0.0,0.0,0.0,0.0,1080.8461067951555,55479.81893895253,2769.0,119063.0,16160.0,8.674100000000001,8.703100000000001,3.253,72.991,Metadata_VT_Residential_VT_baseline_metadata_and_annual_results.csv,VT
142795,0,5587,109096.0,120-150%,,4,Cold,Not in a census Place,G5000010,,Single-Family Detached,2,Propane,72F,No,0F,,,,,"Fuel Furnace, 92.5% AFUE",Ducted Heating,Propane Fuel Furnace,,,,100000-119999,5,100%,99%,Occupied,Propane Standard,Propane,0.0,0.0,234.59,0,40,0.0,2521.5834877618,0.0,0.0,0.0,11667.74544569651,0.0,0.0,0.0,0.0,0.0,0.0,0.0,3228.763980087372,116014.52769623554,0.0,8793.011318377183,124807.53901461272,139704.0484403966,0.0,374749.0,19684.0,8.8234,9.9046,0.0,202.158,Metadata_VT_Residential_VT_baseline_metadata_and_annual_results.csv,VT
143513,0,2179,15960.0,30-60%,,4,Cold,Not in a census Place,G5000090,,Single-Family Detached,2,Propane,68F,Yes,3F,Night,,,,"Fuel Wall/Floor Furnace, 68% AFUE",Non-Ducted Heating,Propane Fuel Wall/Floor Furnace,,,,15000-19999,2,200%,99%,Occupied,Propane Tankless,Propane,0.0,0.0,45.68,0,0,0.0,0.0,0.0,0.0,0.0,7426.420918164111,0.0,0.0,0.0,0.0,0.0,0.0,0.0,0.0,29205.411355872464,0.0,6918.821824625822,36124.52625156846,43550.94716973257,0.0,67622.0,17803.0,11.801,12.263,0.0,49.084,Metadata_VT_Residential_VT_baseline_metadata_and_annual_results.csv,VT
144801,0,2678,38588.0,60-80%,,3,Cold,Not in a census Place,G5000250,,Single-Family Detached,1,Propane,65F,No,0F,,"Room AC, EER 12.0",<10% Conditioned,Room AC,"Fuel Boiler, 80% AFUE",Non-Ducted Heating,Propane Fuel Boiler,,,,35000-39999,1,100%,99%,Occupied,Propane Standard,Propane,1.59,0.0,79.8,0,40,0.0,91.43817389373334,0.0,0.0,0.0,5488.92807325555,0.0,0.0,0.0,0.0,0.0,0.0,0.0,0.0,34629.86379369012,0.0,3296.756468367328,37926.62026205745,43415.548335313,2788.0,89813.0,3825.0,8.1429,7.0583,3.584,90.872,Metadata_VT_Residential_VT_baseline_metadata_and_annual_results.csv,VT
144883,0,1698,32204.0,30-60%,,4,Cold,Not in a census Place,G5000130,,Single-Family Detached,1,Natural Gas,68F,No,0F,,"Room AC, EER 9.8",<10% Conditioned,Room AC,"Fuel Furnace, 80% AFUE",Ducted Heating,Natural Gas Fuel Furnace,,,,30000-34999,1,200%,99%,Occupied,Natural Gas Standard,Natural Gas,2.34,0.0,107.39,0,40,0.0,1139.7533918997722,0.0,0.0,0.0,8961.234112656039,0.0,0.0,0.0,0.0,45479.06174039562,0.0,4423.028591039178,50718.00019079426,0.0,0.0,0.0,0.0,59679.2343034503,2049.0,128028.0,7727.0,17.7712,19.7043,4.344,118.009,Metadata_VT_Residential_VT_baseline_metadata_and_annual_results.csv,VT
146535,0,1228,108692.0,150%+,,3,Cold,Not in a census Place,G5000270,,Single-Family Detached,1,Fuel Oil,68F,No,0F,,"Room AC, EER 10.7",20% Conditioned,Room AC,"Fuel Furnace, 76% AFUE",Ducted Heating,Fuel Oil Fuel Furnace,,,,100000-119999,2,50%,99%,Occupied,Propane Standard,Propane,2.87,0.0,36.79,0,40,0.0,497.9277482226056,0.0,0.0,0.0,4974.295274033128,20747.96641284248,0.0,0.0,20747.96641284248,0.0,0.0,0.0,0.0,0.0,0.0,3314.047661507489,3964.9585083599945,29687.2201952356,3318.0,55488.0,4765.0,7.445399999999999,7.44,3.998,39.641,Metadata_VT_Residential_VT_baseline_metadata_and_annual_results.csv,VT
146944,0,2179,280058.0,150%+,,2,Cold,Not in a census Place,G5000150,,Single-Family Detached,1,Fuel Oil,80F,No,0F,,"AC, SEER 13",80% Conditioned,Central AC,"Fuel Boiler, 80% AFUE",Non-Ducted Heating,Fuel Oil Fuel Boiler,,,,200000+,2,200%,99%,Occupied,Fuel Oil Premium,Fuel Oil,15.63,0.0,34.95,0,30,0.0,297.4671362248056,0.0,0.0,0.0,10938.29155203785,24742.525099289865,0.0,7141.555837956711,31884.080937246574,0.0,0.0,0.0,0.0,0.0,0.0,0.0,0.0,42822.372489284426,5975.0,66588.0,16884.0,9.7686,10.2905,13.333,43.256,Metadata_VT_Residential_VT_baseline_metadata_and_annual_results.csv,VT
147074,0,1228,42426.0,60-80%,,3,Cold,Not in a census Place,G5000250,,Single-Family Detached,1,Other Fuel,72F,No,0F,,,,,"Fuel Boiler, 76% AFUE",Non-Ducted Heating,Other Fuel Fuel Boiler,,,,40000-44999,2,200%,99%,Occupied,Fuel Oil Premium,Fuel Oil,0.0,0.0,35.13,0,40,0.0,146.5355350861111,0.0,0.0,0.0,6936.113017765983,0.0,0.0,6448.735828069578,6448.735828069578,0.0,0.0,0.0,0.0,0.0,0.0,0.0,0.0,13384.84884583556,0.0,63594.0,16297.999999999998,10.2174,13.2416,0.0,41.935,Metadata_VT_Residential_VT_baseline_metadata_and_annual_results.csv,VT
148017,0,3310,12655.0,0-30%,,3,Cold,Not in a census Place,G5000170,,Single-Family Detached,2,Fuel Oil,62F,No,0F,,"Room AC, EER 10.7",20% Conditioned,Room AC,"Fuel Furnace, 80% AFUE",Ducted Heating,Fuel Oil Fuel Furnace,,,,10000-14999,2,100%,99%,Occupied,Electric Standard,Electricity,5.57,0.0,136.06,0,50,0.0,1481.1811886504113,0.0,0.0,2819.343695056777,10434.5023824118,57611.03176124493,0.0,0.0,57611.03176124493,0.0,0.0,0.0,0.0,0.0,0.0,0.0,0.0,68045.53414365673,2638.0,162303.0,8453.0,13.9833,14.4447,6.847,129.538,Metadata_VT_Residential_VT_baseline_metadata_and_annual_results.csv,VT
148295,0,854,89096.0,120-150%,,2,Cold,In another census Place,G5000210,,3 or 4 Unit,2,Fuel Oil,68F,Yes,6F,Day and Night -1h,"Room AC, EER 12.0",20% Conditioned,Room AC,Shared Heating,Non-Ducted Heating,Fuel Oil Shared Heating,,,,80000-99999,2,200%,121%,Occupied,Electric Standard,Electricity,1.86,0.0,33.38,0,30,0.0,127.48591552491666,0.0,0.0,4426.545443881244,11019.472238475557,15607.20677095152,0.0,0.0,15607.20677095152,0.0,0.0,0.0,937.2412824107666,0.0,0.0,0.0,0.0,27563.920291837843,2792.0,40470.0,13932.0,13.5657,15.711,5.697,57.126,Metadata_VT_Residential_VT_baseline_metadata_and_annual_results.csv,VT
149154,0,2179,64828.0,80-100%,,4,Cold,Not in a census Place,G5000090,,Single-Family Detached,2,Fuel Oil,68F,Yes,3F,Night -3h,"Room AC, EER 12.0",20% Conditioned,Room AC,"Fuel Boiler, 90% AFUE",Non-Ducted Heating,Fuel Oil Fuel Boiler,,,,60000-69999,4,100%,99%,Occupied,Fuel Oil Standard,Fuel Oil,3.11,0.0,40.52,0,40,0.0,215.99337871692777,0.0,0.0,0.0,6543.98392587555,18845.05595421424,0.0,8106.052729893494,26951.108684107727,0.0,0.0,0.0,0.0,0.0,0.0,0.0,0.0,33495.09260998328,2992.0,56145.0,17451.0,7.5956,8.1487,3.854,39.033,Metadata_VT_Residential_VT_baseline_metadata_and_annual_results.csv,VT
150238,0,1228,89096.0,100-120%,,4,Cold,"VT, Burlington",G5000070,,Single-Family Detached,1,Fuel Oil,70F,No,0F,,"Room AC, EER 10.7",20% Conditioned,Room AC,"Fuel Furnace, 80% AFUE",Ducted Heating,Fuel Oil Fuel Furnace,,,,80000-99999,2,200%,99%,Occupied,Fuel Oil Premium,Fuel Oil,2.19,0.0,41.92,0,40,0.0,560.0588150991167,0.0,0.0,0.0,7482.690563637178,22340.807679228503,0.0,6583.841591418972,28924.64927064747,0.0,0.0,0.0,0.0,0.0,0.0,0.0,976.2197347436722,37383.55956902832,1692.0,62891.0,16454.0,8.7094,9.1951,3.508,44.172,Metadata_VT_Residential_VT_baseline_metadata_and_annual_results.csv,VT
150691,0,5587,0.0,Not Available,,5,Cold,Not in a census Place,G5000230,,Single-Family Detached,3,Propane,55F,Yes,12F,Night,"Room AC, EER 10.7",<10% Conditioned,Room AC,"Fuel Furnace, 80% AFUE",Ducted Heating,Propane Fuel Furnace,,,,Not Available,0,50%,99%,Vacant,Electric Premium,Electricity,1.66,0.0,138.45,0,66,0.0,796.5671687281,0.0,0.0,245.8866278744944,3822.525968256294,0.0,0.0,0.0,0.0,0.0,0.0,0.0,0.0,30974.095264361826,0.0,0.0,30974.095264361826,34796.62123261812,998.0,86209.0,0.0,3.004,3.5535,4.971,138.959,Metadata_VT_Residential_VT_baseline_metadata_and_annual_results.csv,VT
150972,0,2179,55104.0,80-100%,,4,Cold,In another census Place,G5000230,,Single-Family Detached,1,Propane,68F,Yes,12F,Night +5h,"AC, SEER 15",100% Conditioned,Central AC,"Fuel Furnace, 80% AFUE",Ducted Heating,Propane Fuel Furnace,,,,50000-59999,2,100%,99%,Occupied,Electric Standard,Electricity,11.27,0.0,53.35,0,50,0.0,564.4548811517,0.0,0.0,3000.754687493384,10785.601524478125,0.0,0.0,0.0,0.0,0.0,0.0,0.0,0.0,21954.24693767133,0.0,0.0,22767.519157399256,33553.12068187738,3292.0,61264.0,8932.0,10.4337,12.41,10.064,55.785,Metadata_VT_Residential_VT_baseline_metadata_and_annual_results.csv,VT
152092,0,5587,280058.0,150%+,,5,Cold,In another census Place,G5000050,,Single-Family Detached,2,Fuel Oil,68F,Yes,3F,Night -1h,"AC, SEER 13",80% Conditioned,Central AC,"Fuel Furnace, 80% AFUE",Ducted Heating,Fuel Oil Fuel Furnace,,,,200000+,2,100%,99%,Occupied,FIXME Fuel Oil Indirect,Fuel Oil,18.2,0.0,124.62,0,50,0.0,1912.2887328737504,0.0,0.0,0.0,9352.190920265784,74359.75035051725,0.0,4364.707448074906,78724.45779859216,0.0,0.0,0.0,744.4005182374444,0.0,0.0,0.0,0.0,88821.04923709539,13747.0,209261.0,8272.0,5.8619,7.7254,21.355,128.49,Metadata_VT_Residential_VT_baseline_metadata_and_annual_results.csv,VT
152140,0,1698,89096.0,150%+,,3,Cold,Not in a census Place,G5000030,,Single-Family Detached,1,Other Fuel,68F,No,0F,,,,,"Fuel Wall/Floor Furnace, 60% AFUE",Non-Ducted Heating,Other Fuel Fuel Wall/Floor Furnace,,,,80000-99999,2,200%,99%,Occupied,FIXME Fuel Oil Indirect,Fuel Oil,0.0,0.0,33.28,0,40,0.0,0.0,0.0,0.0,0.0,6300.4418665624335,0.0,0.0,7048.945379782289,7048.945379782289,0.0,0.0,0.0,0.0,0.0,0.0,0.0,976.2197347436722,14325.606981088396,0.0,53212.0,15826.0,5.475899999999999,6.072100000000001,0.0,36.803,Metadata_VT_Residential_VT_baseline_metadata_and_annual_results.csv,VT
152338,0,1207,64407.0,80-100%,,3,Cold,"VT, Burlington",G5000070,,Single-Family Attached,3,Natural Gas,70F,No,0F,,"AC, SEER 15",100% Conditioned,Central AC,"Fuel Furnace, 80% AFUE",Ducted Heating,Natural Gas Fuel Furnace,,,,60000-69999,1,200%,84%,Occupied,Natural Gas Standard,Natural Gas,16.36,0.0,65.54,0,40,0.0,795.6879555175833,0.0,0.0,0.0,8207.455320173083,0.0,0.0,0.0,0.0,31736.666188949945,0.0,4733.683925421734,38908.11527606422,0.0,0.0,0.0,0.0,47115.5705962373,7518.0,89339.0,9177.0,19.0473,19.0833,15.285,80.079,Metadata_VT_Residential_VT_baseline_metadata_and_annual_results.csv,VT
154175,0,2179,16639.0,0-30%,,3,Cold,In another census Place,G5000270,,Single-Family Detached,2,Propane,70F,Yes,3F,Night +3h,,,,"Fuel Furnace, 92.5% AFUE",Ducted Heating,Propane Fuel Furnace,,,,15000-19999,1,100%,99%,Occupied,Propane Standard,Propane,0.0,0.0,139.31,0,40,0.0,1403.5173550547722,0.0,0.0,0.0,8129.498415507272,0.0,0.0,0.0,0.0,0.0,0.0,0.0,0.0,64075.30035603363,0.0,3079.883876439884,67155.18423247352,75284.6826479808,0.0,206852.0,4392.0,20.7904,21.5642,0.0,144.801,Metadata_VT_Residential_VT_baseline_metadata_and_annual_results.csv,VT
155160,0,1678,92315.0,100-120%,,3,Cold,"VT, Burlington",G5000070,,Single-Family Attached,2,Natural Gas,70F,Yes,3F,Night +1h,"AC, SEER 10",100% Conditioned,Central AC,"Fuel Furnace, 80% AFUE",Ducted Heating,Natural Gas Fuel Furnace,,,,80000-99999,3,100%,84%,Occupied,Natural Gas Tankless,Natural Gas,9.22,0.0,28.91,0,0,0.0,378.0616805221667,0.0,0.0,0.0,5264.435633503628,0.0,0.0,0.0,0.0,15074.40356537842,0.0,4002.764676412211,20096.17635277945,0.0,0.0,0.0,0.0,25360.61198628308,7826.0,42417.0,10299.0,3.8714,2.8567,7.405,30.91,Metadata_VT_Residential_VT_baseline_metadata_and_annual_results.csv,VT
155282,0,1138,280058.0,150%+,,2,Cold,Not in a census Place,G5000110,,2 Unit,1,Natural Gas,68F,No,0F,,"Room AC, EER 10.7",40% Conditioned,Room AC,"Fuel Wall/Floor Furnace, 60% AFUE",Non-Ducted Heating,Natural Gas Fuel Wall/Floor Furnace,,,,200000+,2,100%,121%,Occupied,Natural Gas Standard,Natural Gas,5.71,0.0,43.88,0,30,0.0,0.0,0.0,0.0,0.0,4916.853344279372,0.0,0.0,0.0,0.0,32919.50102816503,0.0,4159.264627884178,37859.80005805818,0.0,0.0,0.0,0.0,42776.65340233755,2228.0,67392.0,7171.0,4.6419,4.3775,4.976,47.886,Metadata_VT_Residential_VT_baseline_metadata_and_annual_results.csv,VT
157703,0,1698,63747.0,100-120%,,3,Cold,Not in a census Place,G5000210,,Single-Family Detached,2,Fuel Oil,68F,Yes,3F,Night +1h,"AC, SEER 13",100% Conditioned,Central AC,"Fuel Furnace, 92.5% AFUE",Ducted Heating,Fuel Oil Fuel Furnace,,,,60000-69999,2,100%,99%,Occupied,Electric Premium,Electricity,19.31,0.0,92.08,0,50,0.0,886.2469162008,0.0,0.0,2762.4879074433666,9250.202187845847,40177.11300990995,0.0,0.0,40177.11300990995,0.0,0.0,0.0,0.0,0.0,0.0,0.0,813.5652907980889,50240.880488553885,11295.0,129701.0,8766.0,17.0409,16.6685,19.314,93.98,Metadata_VT_Residential_VT_baseline_metadata_and_annual_results.csv,VT
157817,0,1138,32204.0,30-60%,,2,Cold,Not in a census Place,G5000070,,2 Unit,2,Electricity,80F,No,0F,,"Room AC, EER 10.7",40% Conditioned,Room AC,Shared Heating,Non-Ducted Heating,Electricity Shared Heating,,,,30000-34999,1,100%,121%,Occupied,Natural Gas Standard,Natural Gas,5.86,0.0,41.41,0,30,21445.47555985236,181.4109924366056,0.0,0.0,0.0,25377.90317942324,0.0,0.0,0.0,0.0,0.0,0.0,2882.94011728415,2882.94011728415,0.0,0.0,0.0,0.0,28260.84329670739,3625.0,71699.0,4069.0,2.921,13.4365,5.977,43.401,Metadata_VT_Residential_VT_baseline_metadata_and_annual_results.csv,VT
158243,0,1698,280058.0,150%+,,3,Cold,In another census Place,G5000010,,Single-Family Detached,1,Other Fuel,68F,Yes,3F,Night,"AC, SEER 13",80% Conditioned,Central AC,"Fuel Boiler, 76% AFUE",Non-Ducted Heating,Other Fuel Fuel Boiler,,,,200000+,2,100%,99%,Occupied,Electric Standard,Electricity,12.59,0.0,49.17,0,50,0.0,99.9372349287278,0.0,0.0,2950.6395344939333,9510.742369228956,0.0,0.0,0.0,0.0,0.0,0.0,0.0,0.0,0.0,0.0,0.0,813.5652907980889,10324.307660027043,11141.0,60694.0,8751.0,14.2384,14.3532,13.896,55.74,Metadata_VT_Residential_VT_baseline_metadata_and_annual_results.csv,VT
159114,0,2179,189249.0,150%+,,3,Cold,"VT, Burlington",G5000070,,Single-Family Detached,2,Fuel Oil,70F,No,0F,,"Room AC, EER 12.0",40% Conditioned,Room AC,"Fuel Furnace, 80% AFUE",Ducted Heating,Fuel Oil Fuel Furnace,,,,180000-199999,3,100%,99%,Occupied,FIXME Fuel Oil Indirect,Fuel Oil,11.01,0.0,151.0,0,40,0.0,1849.5715238568944,0.0,0.0,0.0,8456.565729819473,73788.55483475159,0.0,5979.235973653678,79767.79080840526,0.0,0.0,0.0,0.0,0.0,0.0,0.0,0.0,88224.35653822473,11505.0,207687.0,12475.0,8.803799999999999,8.8742,16.343,145.707,Metadata_VT_Residential_VT_baseline_metadata_and_annual_results.csv,VT
161337,0,2678,22223.0,30-60%,,4,Cold,Not in a census Place,G5000030,,Single-Family Detached,2,Other Fuel,68F,No,0F,,,,,"Fuel Wall/Floor Furnace, 60% AFUE",Non-Ducted Heating,Other Fuel Fuel Wall/Floor Furnace,,,,20000-24999,1,100%,99%,Occupied,Electric Premium,Electricity,0.0,0.0,71.91,0,50,0.0,0.0,0.0,0.0,1253.1718960564222,5876.954170163573,0.0,0.0,0.0,0.0,0.0,0.0,0.0,0.0,0.0,0.0,0.0,0.0,5876.954170163573,0.0,107984.0,3664.0,16.4823,16.4943,0.0,98.546,Metadata_VT_Residential_VT_baseline_metadata_and_annual_results.csv,VT
161506,0,2678,280058.0,150%+,,3,Cold,Not in a census Place,G5000270,,Single-Family Detached,2,Fuel Oil,72F,Yes,3F,Night -5h,,,,"Fuel Boiler, 80% AFUE",Non-Ducted Heating,Fuel Oil Fuel Boiler,,,,200000+,2,100%,99%,Occupied,Fuel Oil Standard,Fuel Oil,0.0,0.0,79.37,0,40,0.0,271.67688204965003,0.0,0.0,0.0,7327.362896445899,51091.07966312351,0.0,4182.710313497955,55273.789976621454,0.0,0.0,0.0,0.0,0.0,0.0,0.0,0.0,62601.15287306735,0.0,137240.0,8132.999999999999,7.61,7.578399999999999,0.0,87.966,Metadata_VT_Residential_VT_baseline_metadata_and_annual_results.csv,VT
162089,0,3310,128932.0,150%+,,5,Cold,Not in a census Place,G5000150,,Single-Family Detached,2,Fuel Oil,68F,No,0F,,"Room AC, EER 12.0",<10% Conditioned,Room AC,"Fuel Furnace, 80% AFUE",Ducted Heating,Fuel Oil Fuel Furnace,,,,120000-139999,2,100%,99%,Occupied,Fuel Oil Standard,Fuel Oil,2.16,0.0,147.48,0,50,0.0,1936.3205606278725,0.0,0.0,0.0,7707.183003389099,75285.26879012113,0.0,4606.491080966989,79891.75987108811,0.0,0.0,0.0,0.0,0.0,0.0,0.0,0.0,87598.94287447722,1555.0,212023.0,8919.0,7.411,8.366100000000001,3.094,139.615,Metadata_VT_Residential_VT_baseline_metadata_and_annual_results.csv,VT
162426,0,2179,92315.0,120-150%,,4,Cold,Not in a census Place,G5000270,,Single-Family Detached,1,Other Fuel,67F,No,0F,,"Room AC, EER 9.8",20% Conditioned,Room AC,"Fuel Wall/Floor Furnace, 60% AFUE",Non-Ducted Heating,Other Fuel Fuel Wall/Floor Furnace,,,,80000-99999,3,50%,99%,Occupied,Electric Standard,Electricity,3.95,0.0,78.9,0,50,0.0,0.0,0.0,0.0,2119.196908415339,7063.892004361072,0.0,0.0,0.0,0.0,0.0,0.0,0.0,0.0,0.0,0.0,0.0,1256.1026067581442,8319.994611119217,2593.0,113284.0,6137.0,5.4568,5.073300000000001,4.444,71.257,Metadata_VT_Residential_VT_baseline_metadata_and_annual_results.csv,VT
163552,0,3310,87842.0,150%+,,4,Cold,Not in a census Place,G5000170,,Single-Family Detached,1,Fuel Oil,68F,No,0F,,,,,"Fuel Boiler, 80% AFUE",Non-Ducted Heating,Fuel Oil Fuel Boiler,,,,80000-99999,1,100%,99%,Occupied,Electric Standard,Electricity,0.0,0.0,107.49,0,50,0.0,230.9400032957111,0.0,0.0,1604.5641091929165,9074.65261681269,59931.27542379841,0.0,0.0,59931.27542379841,0.0,0.0,0.0,0.0,0.0,0.0,0.0,0.0,69005.9280406111,0.0,157554.0,4416.0,13.781,14.4921,0.0,98.316,Metadata_VT_Residential_VT_baseline_metadata_and_annual_results.csv,VT
163670,0,2179,129299.0,120-150%,,3,Cold,Not in a census Place,G5000070,,Single-Family Detached,1,Natural Gas,72F,Yes,6F,Night,"AC, SEER 13",100% Conditioned,Central AC,"Fuel Furnace, 80% AFUE",Ducted Heating,Natural Gas Fuel Furnace,,,,120000-139999,4,100%,99%,Occupied,Natural Gas Standard,Natural Gas,19.9,0.0,67.02,0,40,0.0,743.5213050269277,0.0,0.0,0.0,7272.558606323695,0.0,0.0,0.0,0.0,29662.895296411298,0.0,7465.399370497016,41165.05558746051,0.0,0.0,0.0,0.0,48437.61419378421,19934.0,83041.0,15054.0,2.7021,2.0388,18.509,69.803,Metadata_VT_Residential_VT_baseline_metadata_and_annual_results.csv,VT
163788,0,3310,94954.0,100-120%,,5,Cold,Not in a census Place,G5000210,,Single-Family Detached,1,Other Fuel,70F,No,0F,,,,,"Fuel Wall/Floor Furnace, 60% AFUE",Non-Ducted Heating,Other Fuel Fuel Wall/Floor Furnace,,,,80000-99999,5,200%,99%,Occupied,Fuel Oil Standard,Fuel Oil,0.0,0.0,65.51,0,50,0.0,0.0,0.0,0.0,0.0,10743.985432513666,0.0,0.0,14548.927136559629,14548.927136559629,0.0,0.0,0.0,0.0,0.0,0.0,0.0,0.0,25292.91256907329,0.0,122903.0,36053.0,7.0242,6.6887,0.0,66.013,Metadata_VT_Residential_VT_baseline_metadata_and_annual_results.csv,VT
164234,0,3310,110733.0,120-150%,,4,Cold,In another census Place,G5000250,,Single-Family Detached,1,Fuel Oil,65F,Yes,3F,Day and Night -2h,"Room AC, EER 9.8",20% Conditioned,Room AC,"Fuel Boiler, 80% AFUE",Non-Ducted Heating,Fuel Oil Fuel Boiler,,,,100000-119999,4,50%,99%,Occupied,Propane Standard,Propane,4.0,0.0,74.71,0,40,0.0,177.60106852436667,0.0,0.0,0.0,8443.08446059155,32252.178201382885,0.0,0.0,32252.178201382885,0.0,0.0,0.0,0.0,0.0,0.0,4790.539713035145,4790.539713035145,45485.80237500957,5561.0,84743.0,8542.0,6.0072,7.2456,5.253,76.553,Metadata_VT_Residential_VT_baseline_metadata_and_annual_results.csv,VT
164307,0,623,4187.0,0-30%,,2,Cold,Not in a census Place,G5000210,,2 Unit,2,Fuel Oil,68F,No,0F,,"Room AC, EER 12.0",40% Conditioned,Room AC,Shared Heating,Non-Ducted Heating,Fuel Oil Shared Heating,,,,<10000,2,50%,121%,Occupied,Electric Premium,Electricity,5.11,0.0,37.54,0,30,0.0,157.37916468248335,0.0,0.0,1168.47435677665,4406.909682179706,21740.891198585963,0.0,0.0,21740.891198585963,0.0,0.0,0.0,0.0,0.0,0.0,0.0,0.0,26147.80088076567,2416.0,56473.0,3344.0,3.5009,3.8269,4.774,37.424,Metadata_VT_Residential_VT_baseline_metadata_and_annual_results.csv,VT
165069,0,2179,110733.0,120-150%,,3,Cold,Not in a census Place,G5000190,,Single-Family Detached,2,Other Fuel,70F,No,0F,,,,,"Fuel Wall/Floor Furnace, 60% AFUE",Non-Ducted Heating,Other Fuel Fuel Wall/Floor Furnace,,,,100000-119999,4,100%,99%,Occupied,Fuel Oil Standard,Fuel Oil,0.0,0.0,127.79,0,40,0.0,0.0,0.0,0.0,0.0,5852.629271339278,0.0,0.0,7287.212159832305,7287.212159832305,0.0,0.0,0.0,0.0,0.0,0.0,0.0,1080.8461067951555,14220.687537966738,0.0,235485.0,16403.0,9.7649,11.125,0.0,129.621,Metadata_VT_Residential_VT_baseline_metadata_and_annual_results.csv,VT
165361,0,2678,63747.0,80-100%,,4,Cold,"VT, Burlington",G5000070,,Single-Family Detached,2,Natural Gas,68F,Yes,6F,Night +4h,,,,"Fuel Boiler, 80% AFUE",Non-Ducted Heating,Natural Gas Fuel Boiler,,,,60000-69999,2,100%,99%,Occupied,Natural Gas Standard,Natural Gas,0.0,0.0,95.81,0,40,0.0,114.00464629699444,0.0,0.0,0.0,5291.398171959472,0.0,0.0,0.0,0.0,50915.82316316051,0.0,4604.439583475783,55520.2627466363,0.0,0.0,0.0,0.0,60811.66091859577,0.0,134784.0,8308.0,6.3939,6.6979,0.0,100.212,Metadata_VT_Residential_VT_baseline_metadata_and_annual_results.csv,VT
165486,0,1228,37492.0,60-80%,,3,Cold,In another census Place,G5000230,,Mobile Home,1,Fuel Oil,70F,Yes,3F,Night -2h,,,,"Fuel Furnace, 92.5% AFUE",Ducted Heating,Fuel Oil Fuel Furnace,,,,35000-39999,2,200%,137%,Occupied,Electric Standard,Electricity,0.0,0.0,69.23,0,50,0.0,619.2591712739055,0.0,0.0,4990.4141828926,13721.0013633231,27774.63839129167,0.0,0.0,27774.63839129167,0.0,0.0,0.0,0.0,0.0,0.0,0.0,0.0,41495.63975461477,0.0,89700.0,16000.0,16.6632,18.2808,0.0,77.949,Metadata_VT_Residential_VT_baseline_metadata_and_annual_results.csv,VT
166072,0,2179,74986.0,80-100%,,4,Cold,Not in a census Place,G5000010,,Single-Family Detached,1,Fuel Oil,65F,Yes,3F,Night -4h,,,,"Fuel Furnace, 80% AFUE",Ducted Heating,Fuel Oil Fuel Furnace,,,,70000-79999,5,200%,99%,Occupied,Fuel Oil Standard,Fuel Oil,0.0,0.0,50.5,0,40,0.0,483.27419471399446,0.0,0.0,0.0,10821.942337179478,19291.696265156697,0.0,14723.3044233121,34015.0006884688,0.0,0.0,0.0,0.0,0.0,0.0,0.0,0.0,44836.943025648274,0.0,54247.0,35743.0,11.0363,11.727,0.0,54.429,Metadata_VT_Residential_VT_baseline_metadata_and_annual_results.csv,VT
167172,0,1698,22473.0,0-30%,,3,Cold,In another census Place,G5000070,,Mobile Home,1,Propane,70F,Yes,3F,Night,"Room AC, EER 10.7",20% Conditioned,Room AC,"Fuel Furnace, 92.5% AFUE",Ducted Heating,Propane Fuel Furnace,,,,20000-24999,2,50%,137%,Occupied,Electric Standard,Electricity,2.66,0.0,41.4,0,50,0.0,424.3669096093778,0.0,0.0,1536.5716209129612,5609.966425236677,0.0,0.0,0.0,0.0,0.0,0.0,0.0,0.0,19525.273908083964,0.0,0.0,19905.387086097333,25515.35351133401,309.0,63003.0,4205.0,3.9006,5.573600000000001,2.634,42.265,Metadata_VT_Residential_VT_baseline_metadata_and_annual_results.csv,VT
168837,0,2179,4849.0,0-30%,,3,Cold,In another census Place,G5000230,,Single-Family Detached,1,Fuel Oil,67F,No,0F,,"Room AC, EER 12.0",20% Conditioned,Room AC,"Fuel Furnace, 80% AFUE",Ducted Heating,Fuel Oil Fuel Furnace,,,,<10000,1,50%,99%,Occupied,Electric Standard,Electricity,2.78,0.0,52.77,0,50,0.0,633.3265826421722,0.0,0.0,1099.3095842160055,6721.5849943999165,24634.67494546648,0.0,0.0,24634.67494546648,0.0,0.0,0.0,0.0,0.0,0.0,0.0,0.0,31356.2599398664,1688.0,69401.0,2444.0,11.4095,12.2982,3.573,54.941,Metadata_VT_Residential_VT_baseline_metadata_and_annual_results.csv,VT
170402,0,1228,87842.0,150%+,,3,Cold,Not in a census Place,G5000250,,Single-Family Detached,1,Propane,68F,No,0F,,,,,"Fuel Boiler, 80% AFUE",Non-Ducted Heating,Propane Fuel Boiler,,,,80000-99999,1,100%,99%,Occupied,Propane Premium,Propane,0.0,0.0,45.45,0,40,0.0,134.51962120905,0.0,0.0,0.0,3520.369694908733,0.0,0.0,0.0,0.0,0.0,0.0,0.0,0.0,28229.48469219896,0.0,2216.2034326423445,30445.68812484131,33966.05781975004,0.0,75386.0,3875.0,4.7616000000000005,7.0206,0.0,68.831,Metadata_VT_Residential_VT_baseline_metadata_and_annual_results.csv,VT
170604,0,1228,87842.0,120-150%,,2,Cold,Not in a census Place,G5000110,,Single-Family Detached,1,Fuel Oil,68F,No,0F,,,,,"Fuel Furnace, 80% AFUE",Ducted Heating,Fuel Oil Fuel Furnace,,,,80000-99999,1,50%,99%,Occupied,Fuel Oil Standard,Fuel Oil,0.0,0.0,54.16,0,30,0.0,618.9661002037334,0.0,0.0,0.0,4514.466764932911,24684.49702739576,0.0,1982.0396475747389,26666.5366749705,0.0,0.0,0.0,364.2873402240722,0.0,0.0,0.0,0.0,31545.29078012748,0.0,69490.0,2082.0,6.2896,6.9474,0.0,64.554,Metadata_VT_Residential_VT_baseline_metadata_and_annual_results.csv,VT
171202,0,1678,63747.0,100-120%,,2,Cold,Not in a census Place,G5000230,,Single-Family Attached,2,Natural Gas,65F,No,0F,,"AC, SEER 10",100% Conditioned,Central AC,"Fuel Furnace, 92.5% AFUE",Ducted Heating,Natural Gas Fuel Furnace,,,,60000-69999,2,100%,84%,Occupied,Natural Gas Standard,Natural Gas,11.58,0.0,56.38,0,30,0.0,444.8818845214333,0.0,0.0,0.0,5152.482484697839,0.0,0.0,0.0,0.0,19954.32995481609,0.0,4344.485544233022,24298.81549904912,0.0,0.0,0.0,0.0,29451.29798374696,5074.0,64492.99999999999,7352.0,11.3805,10.0092,11.214,63.043,Metadata_VT_Residential_VT_baseline_metadata_and_annual_results.csv,VT
171720,0,1698,27621.0,30-60%,,3,Cold,Not in a census Place,G5000070,,Mobile Home,1,Fuel Oil,70F,No,0F,,,,,"Fuel Boiler, 80% AFUE",Non-Ducted Heating,Fuel Oil Fuel Boiler,,,,25000-29999,2,100%,137%,Occupied,Electric Premium,Electricity,0.0,0.0,65.12,0,50,0.0,280.46901415481665,0.0,0.0,2423.1116081839336,8049.783084420427,43099.031579527,0.0,0.0,43099.031579527,0.0,0.0,0.0,0.0,0.0,0.0,0.0,0.0,51148.81466394743,0.0,116241.0,7668.0,6.6403,8.734,0.0,83.453,Metadata_VT_Residential_VT_baseline_metadata_and_annual_results.csv,VT
171907,0,3171,92315.0,120-150%,,3,Cold,In another census Place,G5000270,,3 or 4 Unit,3,Fuel Oil,70F,No,0F,,Shared Cooling,100% Conditioned,Central AC,Shared Heating,Ducted Heating,Fuel Oil Shared Heating,,,,80000-99999,3,50%,121%,Occupied,Propane Standard,Propane,24.31,0.0,87.98,0,40,0.0,348.4615024347722,0.0,0.0,0.0,8105.46658775315,55414.46409030412,0.0,0.0,55414.46409030412,0.0,0.0,0.0,693.69922309765,0.0,0.0,3312.582306156628,3312.582306156628,67526.21220731155,8131.0,142848.0,5003.0,4.9829,4.1679,20.617,91.991,Metadata_VT_Residential_VT_baseline_metadata_and_annual_results.csv,VT
172203,0,2179,89096.0,120-150%,,3,Cold,Not in a census Place,G5000210,,Single-Family Detached,2,Fuel Oil,70F,No,0F,,,,,"Fuel Boiler, 80% AFUE",Non-Ducted Heating,Fuel Oil Fuel Boiler,,,,80000-99999,2,50%,99%,Occupied,Fuel Oil Standard,Fuel Oil,0.0,0.0,117.59,0,40,0.0,297.4671362248056,0.0,0.0,0.0,5162.446901083694,82684.7271698294,0.0,2662.2576014444667,85347.27784234403,0.0,0.0,0.0,0.0,0.0,0.0,0.0,0.0,90509.72474342772,0.0,221929.0,3921.0,5.1834,4.6429,0.0,119.874,Metadata_VT_Residential_VT_baseline_metadata_and_annual_results.csv,VT
172244,0,1228,27012.0,30-60%,,2,Cold,In another census Place,G5000230,,Single-Family Detached,1,Fuel Oil,70F,No,0F,,"Room AC, EER 10.7",20% Conditioned,Room AC,"Fuel Furnace, 80% AFUE",Ducted Heating,Fuel Oil Fuel Furnace,,,,25000-29999,1,100%,99%,Occupied,Fuel Oil Standard,Fuel Oil,2.06,0.0,49.6,0,30,0.0,620.1383844844222,0.0,0.0,0.0,3865.900486641784,24123.8520701563,0.0,2693.03006381255,26816.88213396885,0.0,0.0,0.0,0.0,0.0,0.0,0.0,679.6318117293833,31362.414432340018,839.0,67970.0,3964.0,7.1404,6.8108,2.51,60.532,Metadata_VT_Residential_VT_baseline_metadata_and_annual_results.csv,VT
174842,0,2179,280058.0,150%+,,4,Cold,Not in a census Place,G5000030,,Single-Family Detached,2,Fuel Oil,68F,Yes,3F,Night +4h,"Room AC, EER 10.7",<10% Conditioned,Room AC,"Fuel Furnace, 80% AFUE",Ducted Heating,Fuel Oil Fuel Furnace,,,,200000+,2,100%,99%,Occupied,Propane Tankless,Propane,2.58,0.0,102.57,0,0,0.0,1274.2730131088222,0.0,0.0,0.0,6128.70221944151,50108.11929376586,0.0,0.0,50108.11929376586,0.0,0.0,0.0,828.8049864470444,0.0,0.0,3014.8220988616504,3014.8220988616504,60080.44859851607,1880.0,141027.0,7757.0,6.3237,7.5523,3.028,85.364,Metadata_VT_Residential_VT_baseline_metadata_and_annual_results.csv,VT
174881,0,1698,128932.0,150%+,,2,Cold,Not in a census Place,G5000270,,Single-Family Detached,2,Propane,68F,No,0F,,,,,"Fuel Furnace, 80% AFUE",Ducted Heating,Propane Fuel Furnace,,,,120000-139999,2,200%,99%,Occupied,Propane Standard,Propane,0.0,0.0,65.6,0,30,0.0,906.4688200426832,0.0,0.0,0.0,8008.166992455972,0.0,0.0,0.0,0.0,0.0,0.0,0.0,0.0,35880.39805011499,0.0,7661.463916442233,44628.862565826,52637.02955828197,0.0,101022.0,16536.0,3.588,3.7923,0.0,67.797,Metadata_VT_Residential_VT_baseline_metadata_and_annual_results.csv,VT
175557,0,5587,280058.0,150%+,,4,Cold,Not in a census Place,G5000210,,Single-Family Detached,1,Propane,75F,Yes,3F,Night -2h,,,,"Fuel Furnace, 80% AFUE",Ducted Heating,Propane Fuel Furnace,,,,200000+,2,100%,99%,Occupied,Propane Tankless,Propane,0.0,0.0,101.39,0,0,0.0,1486.163396843339,0.0,0.0,0.0,8013.1492006489,0.0,0.0,0.0,0.0,0.0,0.0,0.0,0.0,58444.8189558849,0.0,3400.2105561381222,62658.59480282111,70671.74400347001,0.0,164286.0,8749.0,12.6762,13.6601,0.0,103.951,Metadata_VT_Residential_VT_baseline_metadata_and_annual_results.csv,VT
176345,0,1698,63747.0,80-100%,,3,Cold,In another census Place,G5000070,,Single-Family Detached,1,Other Fuel,67F,Yes,3F,Night -2h,"Room AC, EER 12.0",20% Conditioned,Room AC,"Fuel Wall/Floor Furnace, 60% AFUE",Non-Ducted Heating,Other Fuel Fuel Wall/Floor Furnace,,,,60000-69999,2,200%,99%,Occupied,Fuel Oil Premium,Fuel Oil,3.36,0.0,68.44,0,40,0.0,0.0,0.0,0.0,0.0,7300.693429060228,0.0,0.0,6636.301312979799,6636.301312979799,0.0,0.0,0.0,0.0,0.0,0.0,0.0,976.2197347436722,14913.2144767837,1961.0,90156.0,16416.0,8.417200000000001,9.25,3.966,68.621,Metadata_VT_Residential_VT_baseline_metadata_and_annual_results.csv,VT
176576,0,2179,16639.0,30-60%,,4,Cold,Not in a census Place,G5000010,,Single-Family Detached,2,Fuel Oil,70F,Yes,6F,Night -1h,"Room AC, EER 10.7",20% Conditioned,Room AC,"Fuel Furnace, 80% AFUE",Ducted Heating,Fuel Oil Fuel Furnace,,,,15000-19999,1,200%,99%,Occupied,Propane Standard,Propane,3.58,0.0,85.57,0,40,0.0,915.5540232180224,0.0,0.0,0.0,7813.567801861617,36531.60196803767,0.0,0.0,36531.60196803767,0.0,0.0,0.0,0.0,0.0,0.0,4750.975118561894,5566.5919068511885,49911.76167675047,3357.0,102445.0,8048.999999999999,28.8332,29.898,6.632,113.906,Metadata_VT_Residential_VT_baseline_metadata_and_annual_results.csv,VT
177787,0,623,32204.0,60-80%,,1,Cold,Not in a census Place,G5000170,,2 Unit,2,Other Fuel,75F,No,0F,,"Room AC, EER 10.7",40% Conditioned,Room AC,"Fuel Furnace, 60% AFUE",Ducted Heating,Other Fuel Fuel Furnace,,,,30000-34999,1,100%,121%,Occupied,Electric Standard,Electricity,5.05,0.0,56.28,0,30,0.0,876.2824998149445,0.0,0.0,1510.195224597461,5785.222925199666,0.0,0.0,0.0,0.0,0.0,0.0,0.0,1098.1372999353166,0.0,0.0,0.0,0.0,6883.360225134982,1661.0,96057.0,4185.0,11.8062,10.5016,7.182,53.526,Metadata_VT_Residential_VT_baseline_metadata_and_annual_results.csv,VT
178270,0,2179,189083.0,150%+,,3,Cold,Not in a census Place,G5000150,,Single-Family Detached,1,Propane,68F,Yes,3F,Night +4h,,,,"Fuel Furnace, 80% AFUE",Ducted Heating,Propane Fuel Furnace,,,,180000-199999,4,100%,99%,Occupied,Propane Standard,Propane,0.0,0.0,75.51,0,40,0.0,887.712271551661,0.0,0.0,0.0,9563.788232930128,0.0,0.0,0.0,0.0,0.0,0.0,0.0,0.0,34510.29079705985,0.0,7857.5284623874495,42367.81925944731,51931.60749237744,0.0,97136.0,16540.0,7.819,8.5161,0.0,64.641,Metadata_VT_Residential_VT_baseline_metadata_and_annual_results.csv,VT
178660,0,1698,89096.0,120-150%,,3,Cold,Not in a census Place,G5000230,,Single-Family Detached,2,Fuel Oil,68F,Yes,3F,Night -2h,"Room AC, EER 12.0",20% Conditioned,Room AC,"Fuel Furnace, 80% AFUE",Ducted Heating,Fuel Oil Fuel Furnace,,,,80000-99999,2,100%,99%,Occupied,Propane Tankless,Propane,2.42,0.0,57.86,0,0,0.0,552.1458962044667,0.0,0.0,0.0,7337.9134549721,21473.02424044855,0.0,0.0,21473.02424044855,0.0,0.0,0.0,0.0,0.0,0.0,3470.840684049628,3470.840684049628,32281.77837947028,505.0,60384.0,8931.0,10.2501,10.1699,1.914,61.769,Metadata_VT_Residential_VT_baseline_metadata_and_annual_results.csv,VT
179229,0,3310,189083.0,150%+,,4,Cold,In another census Place,G5000210,,Single-Family Detached,2,Other Fuel,62F,No,0F,,"Room AC, EER 12.0",<10% Conditioned,Room AC,"Fuel Wall/Floor Furnace, 60% AFUE",Non-Ducted Heating,Other Fuel Fuel Wall/Floor Furnace,,,,180000-199999,2,200%,99%,Occupied,Electric Standard,Electricity,2.31,0.0,58.44,0,50,0.0,0.0,0.0,0.0,5000.378599278456,13150.685060767955,0.0,0.0,0.0,0.0,0.0,0.0,0.0,976.2197347436722,0.0,0.0,0.0,0.0,14126.904795511628,4437.0,59276.0,15729.0,10.6966,11.4414,4.454,59.432,Metadata_VT_Residential_VT_baseline_metadata_and_annual_results.csv,VT
179247,0,881,63747.0,100-120%,,3,Cold,Not in a census Place,G5000190,,Single-Family Detached,2,Fuel Oil,70F,Yes,3F,Night -4h,"Room AC, EER 12.0",80% Conditioned,Room AC,"Fuel Furnace, 80% AFUE",Ducted Heating,Fuel Oil Fuel Furnace,,,,60000-69999,2,200%,99%,Occupied,Fuel Oil Standard,Fuel Oil,13.38,0.0,61.56,0,40,0.0,866.3180834290889,0.0,0.0,0.0,8052.71379512215,33678.555099911086,0.0,7269.920966692144,40948.47606660324,0.0,0.0,0.0,0.0,0.0,0.0,0.0,0.0,49001.18986172539,6331.0,94819.0,16286.999999999998,12.4978,13.415,13.358,63.354,Metadata_VT_Residential_VT_baseline_metadata_and_annual_results.csv,VT
179823,0,2179,128932.0,150%+,,4,Cold,Not in a census Place,G5000010,,Single-Family Detached,2,Fuel Oil,65F,No,0F,,"Room AC, EER 12.0",20% Conditioned,Room AC,"Fuel Furnace, 92.5% AFUE",Ducted Heating,Fuel Oil Fuel Furnace,,,,120000-139999,2,200%,99%,Occupied,Electric Standard,Electricity,6.85,0.0,149.31,0,50,0.0,1215.3657280042055,0.0,0.0,5164.205327504727,15218.594531903154,55915.615620298624,0.0,0.0,55915.615620298624,0.0,0.0,0.0,0.0,0.0,0.0,0.0,0.0,71134.21015220178,10336.0,180617.0,16401.0,11.8601,13.425,12.54,149.782,Metadata_VT_Residential_VT_baseline_metadata_and_annual_results.csv,VT
179856,0,881,63747.0,100-120%,,2,Cold,Not in a census Place,G5000010,,Single-Family Detached,1,Other Fuel,68F,No,0F,,,,,"Fuel Wall/Floor Furnace, 60% AFUE",Non-Ducted Heating,Other Fuel Fuel Wall/Floor Furnace,,,,60000-69999,2,50%,99%,Occupied,Electric Standard,Electricity,0.0,0.0,41.44,0,30,0.0,0.0,0.0,0.0,1689.847790613033,4176.555821024339,0.0,0.0,0.0,0.0,0.0,0.0,0.0,0.0,0.0,0.0,0.0,650.9108468525055,4827.466667876844,0.0,62787.0,4730.0,13.0572,14.5245,0.0,46.202,Metadata_VT_Residential_VT_baseline_metadata_and_annual_results.csv,VT
180642,0,881,27012.0,30-60%,,3,Cold,In another census Place,G5000250,,Single-Family Detached,2,Propane,76F,Yes,12F,Night -3h,"Room AC, EER 9.8",20% Conditioned,Room AC,"Fuel Furnace, 80% AFUE",Ducted Heating,Propane Fuel Furnace,,,,25000-29999,1,50%,99%,Occupied,Electric Tankless,Electricity,4.06,0.0,68.1,0,0,0.0,995.8554964452112,0.0,0.0,593.7619881689221,4129.078307656439,0.0,0.0,0.0,0.0,0.0,0.0,0.0,0.0,39528.54673161882,0.0,0.0,39528.54673161882,43657.62503927526,2860.0,110469.0,1845.0,5.8653,7.2411,4.184,75.055,Metadata_VT_Residential_VT_baseline_metadata_and_annual_results.csv,VT
182265,0,1228,89642.0,100-120%,,3,Cold,In another census Place,G5000030,,Single-Family Detached,1,Fuel Oil,68F,Yes,6F,Night +1h,"Room AC, EER 9.8",60% Conditioned,Room AC,"Fuel Furnace, 92.5% AFUE",Ducted Heating,Fuel Oil Fuel Furnace,,,,80000-99999,4,200%,99%,Occupied,Electric Premium,Electricity,14.98,0.0,68.42,0,50,0.0,587.0213535549611,0.0,0.0,9220.01586761811,19467.24583618986,26616.12845090088,0.0,0.0,26616.12845090088,0.0,0.0,0.0,0.0,0.0,0.0,0.0,1297.1325565822556,47380.50684367299,13656.0,85829.0,30769.0,15.0242,15.1082,13.438,68.613,Metadata_VT_Residential_VT_baseline_metadata_and_annual_results.csv,VT
183009,0,322,54023.0,60-80%,,1,Cold,Not in a census Place,G5000070,,2 Unit,1,Natural Gas,72F,No,0F,,"Room AC, EER 12.0",40% Conditioned,Room AC,Shared Heating,Non-Ducted Heating,Natural Gas Shared Heating,,,,50000-59999,1,200%,121%,Occupied,Natural Gas Tankless,Natural Gas,2.53,0.0,13.85,0,0,0.0,181.70406350677777,0.0,0.0,0.0,4888.425450472667,0.0,0.0,0.0,0.0,8804.734161184071,0.0,3575.760127171284,13214.281482995328,0.0,0.0,0.0,0.0,18102.706933467995,907.0,23618.0,9201.0,10.4653,11.587,4.608,27.929,Metadata_VT_Residential_VT_baseline_metadata_and_annual_results.csv,VT
183018,0,623,55104.0,80-100%,,2,Cold,Not in a census Place,G5000230,,2 Unit,1,Propane,67F,No,0F,,"Room AC, EER 12.0",20% Conditioned,Room AC,"Fuel Wall/Floor Furnace, 68% AFUE",Non-Ducted Heating,Propane Fuel Wall/Floor Furnace,,,,50000-59999,2,200%,121%,Occupied,Electric Standard,Electricity,1.8,0.0,28.69,0,30,0.0,0.0,0.0,0.0,4486.918084336722,9978.190726153647,0.0,0.0,0.0,0.0,0.0,0.0,0.0,0.0,14065.066799705288,0.0,0.0,14065.066799705288,24043.25752585893,2265.0,32632.0,13992.0,5.9425,5.912,2.389,26.364,Metadata_VT_Residential_VT_baseline_metadata_and_annual_results.csv,VT
183677,0,1698,64407.0,120-150%,,3,Cold,Not in a census Place,G5000030,,Single-Family Detached,1,Fuel Oil,68F,Yes,3F,Night -1h,,,,"Fuel Boiler, 80% AFUE",Non-Ducted Heating,Fuel Oil Fuel Boiler,,,,60000-69999,1,200%,99%,Occupied,FIXME Fuel Oil Indirect,Fuel Oil,0.0,0.0,26.11,0,40,0.0,208.08045982227776,0.0,0.0,0.0,6129.8745037222,12714.595308351689,0.0,4337.744909619061,17052.340217970752,0.0,0.0,0.0,0.0,0.0,0.0,0.0,815.6167882892944,23997.831509982247,0.0,34460.0,7540.0,16.0235,21.2728,0.0,56.295,Metadata_VT_Residential_VT_baseline_metadata_and_annual_results.csv,VT
184863,0,2678,34359.0,30-60%,,3,Cold,In another census Place,G5000210,,Single-Family Detached,2,Propane,70F,Yes,12F,Day and Night +1h,,,,"Fuel Furnace, 80% AFUE",Ducted Heating,Propane Fuel Furnace,,,,30000-34999,2,100%,99%,Occupied,Propane Standard,Propane,0.0,0.0,86.74,0,40,0.0,850.492245639789,0.0,0.0,0.0,7852.546254194523,0.0,0.0,0.0,0.0,0.0,0.0,0.0,1798.8702287171,33442.33981735228,0.0,5053.7175340498,39309.62264220016,48961.03912511178,0.0,91927.0,8802.0,9.7922,11.0346,0.0,88.833,Metadata_VT_Residential_VT_baseline_metadata_and_annual_results.csv,VT
185244,0,1228,12655.0,0-30%,,3,Cold,Not in a census Place,G5000170,,Single-Family Detached,1,Other Fuel,70F,Yes,3F,Night +5h,"Room AC, EER 8.5",20% Conditioned,Room AC,"Fuel Wall/Floor Furnace, 60% AFUE",Non-Ducted Heating,Other Fuel Fuel Wall/Floor Furnace,,,,10000-14999,2,100%,99%,Occupied,Propane Standard,Propane,2.25,0.0,56.95,0,40,0.0,0.0,0.0,0.0,0.0,4433.87222063555,0.0,0.0,0.0,0.0,0.0,0.0,0.0,0.0,0.0,0.0,4650.15867042265,4650.15867042265,9084.0308910582,560.0,92463.0,8492.0,4.6428,5.1534,2.001,56.171,Metadata_VT_Residential_VT_baseline_metadata_and_annual_results.csv,VT
185504,0,1228,128932.0,150%+,,3,Cold,In another census Place,G5000070,,Single-Family Detached,2,Natural Gas,70F,Yes,3F,Night -3h,"Room AC, EER 9.8",20% Conditioned,Room AC,"Fuel Wall/Floor Furnace, 68% AFUE",Non-Ducted Heating,Natural Gas Fuel Wall/Floor Furnace,,,,120000-139999,2,50%,99%,Occupied,Natural Gas Standard,Natural Gas,3.32,0.0,44.54,0,40,0.0,0.0,0.0,0.0,0.0,5214.320480504178,0.0,0.0,0.0,0.0,30381.798631543763,0.0,3474.3575368916945,33856.15616843546,0.0,0.0,0.0,0.0,39070.47664893964,1206.0,70392.0,4716.0,6.666,6.5363,3.406,45.665,Metadata_VT_Residential_VT_baseline_metadata_and_annual_results.csv,VT
186348,0,1698,89096.0,120-150%,,3,Cold,In another census Place,G5000070,,Single-Family Detached,1,Fuel Oil,65F,Yes,3F,Night +5h,"Room AC, EER 12.0",<10% Conditioned,Room AC,"Fuel Wall/Floor Furnace, 68% AFUE",Non-Ducted Heating,Fuel Oil Fuel Wall/Floor Furnace,,,,80000-99999,2,100%,99%,Occupied,Fuel Oil Premium,Fuel Oil,1.58,0.0,43.88,0,40,0.0,0.0,0.0,0.0,0.0,7298.641931569022,24155.5037457349,0.0,4190.623232392605,28345.83390705733,0.0,0.0,0.0,0.0,0.0,0.0,0.0,0.0,35644.47583862636,1184.0,55976.0,8117.000000000001,6.7728,6.9194,1.859,44.004,Metadata_VT_Residential_VT_baseline_metadata_and_annual_results.csv,VT
186619,0,1698,109096.0,120-150%,,3,Cold,Not in a census Place,G5000210,,Single-Family Detached,1,Fuel Oil,68F,Yes,6F,Night +5h,"Room AC, EER 9.8",<10% Conditioned,Room AC,"Fuel Furnace, 80% AFUE",Ducted Heating,Fuel Oil Fuel Furnace,,,,100000-119999,5,200%,99%,Occupied,Propane Premium,Propane,1.5,0.0,61.07,0,40,0.0,599.6234095723667,0.0,0.0,0.0,13246.2262296441,23578.739879635963,0.0,0.0,23578.739879635963,0.0,0.0,0.0,0.0,0.0,0.0,14742.647113943469,14742.647113943469,51567.61322322353,1553.0,66148.0,37465.0,8.2555,8.3559,1.804,59.328,Metadata_VT_Residential_VT_baseline_metadata_and_annual_results.csv,VT
187347,0,2179,4849.0,0-30%,,3,Cold,Not in a census Place,G5000150,,Single-Family Detached,1,Other Fuel,68F,No,0F,,,,,"Fuel Boiler, 76% AFUE",Non-Ducted Heating,Other Fuel Fuel Boiler,,,,<10000,1,50%,99%,Occupied,Propane Standard,Propane,0.0,0.0,70.78,0,40,0.0,138.91568726163334,0.0,0.0,0.0,4968.726923699855,0.0,0.0,0.0,0.0,0.0,0.0,0.0,0.0,0.0,0.0,2295.6256926590167,2295.6256926590167,7264.352616358872,0.0,121169.0,2252.0,7.3278,7.320699999999999,0.0,78.585,Metadata_VT_Residential_VT_baseline_metadata_and_annual_results.csv,VT
188141,0,1698,4849.0,0-30%,,2,Cold,Not in a census Place,G5000250,,Single-Family Detached,2,Fuel Oil,70F,No,0F,,,,,"Fuel Furnace, 80% AFUE",Ducted Heating,Fuel Oil Fuel Furnace,,,,<10000,1,50%,99%,Occupied,Electric Premium,Electricity,0.0,0.0,70.99,0,30,0.0,1066.7786954268888,0.0,0.0,819.1336411313611,4682.689559211766,42360.492482693,0.0,0.0,42360.492482693,0.0,0.0,0.0,397.11130008336113,0.0,0.0,0.0,0.0,47440.29334198813,0.0,119265.0,2180.0,9.0797,10.1486,0.0,76.707,Metadata_VT_Residential_VT_baseline_metadata_and_annual_results.csv,VT
188151,0,881,42184.0,80-100%,,2,Cold,In another census Place,G5000270,,Single-Family Detached,1,Other Fuel,68F,Yes,6F,Night +4h,"Room AC, EER 10.7",60% Conditioned,Room AC,"Fuel Wall/Floor Furnace, 60% AFUE",Non-Ducted Heating,Other Fuel Fuel Wall/Floor Furnace,,,,40000-44999,1,200%,99%,Occupied,Fuel Oil Standard,Fuel Oil,5.87,0.0,22.74,0,30,0.0,0.0,0.0,0.0,0.0,6575.0494593138055,0.0,0.0,4128.785236586266,4128.785236586266,0.0,0.0,0.0,0.0,0.0,0.0,0.0,815.6167882892944,11519.451484189369,9491.0,28067.0,7557.0,7.8692,9.9342,9.6,34.716,Metadata_VT_Residential_VT_baseline_metadata_and_annual_results.csv,VT
188359,0,1138,22223.0,30-60%,,2,Cold,Not in a census Place,G5000070,,3 or 4 Unit,2,Natural Gas,70F,No,0F,,,,,Shared Heating,Non-Ducted Heating,Natural Gas Shared Heating,,,,20000-24999,1,100%,121%,Occupied,Natural Gas Standard,Natural Gas,0.0,0.0,32.89,0,30,0.0,159.4306621736889,0.0,0.0,0.0,4383.170925495755,0.0,0.0,0.0,0.0,19245.977178209832,0.0,2901.110523634828,22146.79463077449,0.0,0.0,0.0,0.0,26529.965556270246,0.0,50201.0,4061.0,2.2657,2.7557,0.0,36.661,Metadata_VT_Residential_VT_baseline_metadata_and_annual_results.csv,VT
188856,0,322,89096.0,120-150%,,1,Cold,Not in a census Place,G5000190,,3 or 4 Unit,1,Fuel Oil,68F,No,0F,,"Room AC, EER 12.0",40% Conditioned,Room AC,Shared Heating,Non-Ducted Heating,Fuel Oil Shared Heating,,,,80000-99999,2,200%,121%,Occupied,Fuel Oil Standard,Fuel Oil,1.96,0.0,7.99,0,30,0.0,53.33893477134444,0.0,0.0,0.0,6561.275119015711,1454.804792334911,0.0,7047.480024431428,8502.284816766338,0.0,0.0,0.0,0.0,0.0,0.0,0.0,0.0,15063.55993578205,4298.0,3884.0,14873.0,9.3234,10.7863,4.248,15.714,Metadata_VT_Residential_VT_baseline_metadata_and_annual_results.csv,VT
189342,0,3310,54746.0,80-100%,,4,Cold,Not in a census Place,G5000170,,Single-Family Detached,2,Other Fuel,65F,No,0F,,"Room AC, EER 12.0",<10% Conditioned,Room AC,"Fuel Wall/Floor Furnace, 60% AFUE",Non-Ducted Heating,Other Fuel Fuel Wall/Floor Furnace,,,,50000-59999,3,100%,99%,Occupied,Fuel Oil Standard,Fuel Oil,4.75,0.0,178.21,0,40,0.0,0.0,0.0,0.0,0.0,6863.431392363273,0.0,0.0,5864.645185216339,5864.645185216339,0.0,0.0,0.0,0.0,0.0,0.0,0.0,0.0,12728.076577579612,3396.0,265114.0,12201.0,8.0542,8.0958,5.704,180.368,Metadata_VT_Residential_VT_baseline_metadata_and_annual_results.csv,VT
189462,0,2179,37492.0,60-80%,,4,Cold,In another census Place,G5000050,,Single-Family Detached,2,Other Fuel,70F,No,0F,,"Room AC, EER 12.0",20% Conditioned,Room AC,"Fuel Wall/Floor Furnace, 60% AFUE",Non-Ducted Heating,Other Fuel Fuel Wall/Floor Furnace,,,,35000-39999,2,50%,99%,Occupied,Electric Standard,Electricity,3.03,0.0,43.19,0,50,0.0,0.0,0.0,0.0,1813.230711155539,7078.838628939856,0.0,0.0,0.0,0.0,0.0,0.0,0.0,0.0,0.0,0.0,0.0,650.9108468525055,7729.749475792361,2754.0,61291.0,4834.0,6.684,6.797899999999999,3.712,43.39,Metadata_VT_Residential_VT_baseline_metadata_and_annual_results.csv,VT
189539,0,6348,4219.0,0-30%,,4,Cold,Not in a census Place,G5000070,,10 to 19 Unit,3,Electricity,65F,No,0F,,"Room AC, EER 12.0",20% Conditioned,Room AC,Shared Heating,Non-Ducted Heating,Electricity Shared Heating,,,,<10000,4,100%,94%,Occupied,Electric Standard,Electricity,7.51,0.0,77.64,0,50,31079.307778553648,140.0879715423222,0.0,0.0,3872.641121255745,46784.10721587252,0.0,0.0,0.0,0.0,0.0,0.0,0.0,0.0,0.0,0.0,0.0,0.0,46784.10721587252,7424.0,103681.0,12097.0,6.7657,26.8986,12.666,80.061,Metadata_VT_Residential_VT_baseline_metadata_and_annual_results.csv,VT
192001,0,623,31921.0,30-60%,,1,Cold,In another census Place,G5000070,,3 or 4 Unit,2,Natural Gas,68F,No,0F,,,,,"Fuel Furnace, 80% AFUE",Ducted Heating,Natural Gas Fuel Furnace,,,,30000-34999,2,200%,121%,Occupied,Natural Gas Tankless,Natural Gas,0.0,0.0,36.06,0,0,0.0,368.6834062766556,0.0,0.0,0.0,6573.877175033117,0.0,0.0,0.0,0.0,14717.736072978829,0.0,5666.822212850088,21322.092639309856,0.0,0.0,0.0,0.0,27895.96981434297,0.0,41447.0,14581.0,15.7626,16.093600000000002,0.0,48.706,Metadata_VT_Residential_VT_baseline_metadata_and_annual_results.csv,VT
192504,0,1678,94954.0,80-100%,,4,Cold,In another census Place,G5000070,,Single-Family Attached,2,Natural Gas,67F,No,0F,,"AC, SEER 10",60% Conditioned,Central AC,"Fuel Furnace, 92.5% AFUE",Ducted Heating,Natural Gas Fuel Furnace,,,,80000-99999,5,100%,84%,Occupied,Natural Gas Standard,Natural Gas,8.61,0.0,50.11,0,40,0.0,306.55233940014443,0.0,0.0,0.0,8178.441284226033,0.0,0.0,0.0,0.0,14108.734389160947,0.0,7079.424771080199,23776.855923072388,0.0,0.0,0.0,0.0,31955.29720729842,14375.0,45572.0,14332.0,6.0745,5.368399999999999,10.745,43.956,Metadata_VT_Residential_VT_baseline_metadata_and_annual_results.csv,VT
192661,0,1698,108692.0,150%+,,2,Cold,Not in a census Place,G5000110,,Single-Family Detached,1,Propane,60F,No,0F,,"Room AC, EER 10.7",<10% Conditioned,Room AC,"Fuel Furnace, 76% AFUE",Ducted Heating,Propane Fuel Furnace,,,,100000-119999,2,100%,99%,Occupied,Propane Premium,Propane,0.95,0.0,36.14,0,30,0.0,333.2218067858167,0.0,0.0,0.0,6488.593493613,0.0,0.0,0.0,0.0,0.0,0.0,0.0,0.0,13981.834615776375,0.0,3889.346172255561,18684.746078830027,25173.339572443027,781.0,37392.0,8070.0,3.2895,4.7795,1.82,37.423,Metadata_VT_Residential_VT_baseline_metadata_and_annual_results.csv,VT
193563,0,5587,74986.0,80-100%,,4,Cold,Not in a census Place,G5000050,,Single-Family Detached,2,Fuel Oil,70F,No,0F,,,,,"Fuel Boiler, 80% AFUE",Non-Ducted Heating,Fuel Oil Fuel Boiler,,,,70000-79999,5,100%,99%,Occupied,Propane Premium,Propane,0.0,0.0,113.05,0,40,0.0,262.5916788743111,0.0,0.0,0.0,8663.180834290888,70765.52674592512,0.0,0.0,70765.52674592512,0.0,0.0,0.0,0.0,0.0,0.0,7784.846836984739,7784.846836984739,87213.55441720075,0.0,188371.0,18874.0,5.2275,5.6285,0.0,102.97,Metadata_VT_Residential_VT_baseline_metadata_and_annual_results.csv,VT
194249,0,1698,108692.0,150%+,,4,Cold,Not in a census Place,G5000210,,Single-Family Detached,1,Fuel Oil,72F,Yes,6F,Day and Night -5h,,,,"Fuel Furnace, 80% AFUE",Ducted Heating,Fuel Oil Fuel Furnace,,,,100000-119999,2,100%,99%,Occupied,Fuel Oil Standard,Fuel Oil,0.0,0.0,35.81,0,40,0.0,585.8490692742722,0.0,0.0,0.0,4921.542481402127,23037.1445419577,0.0,4278.8376245144445,27315.982166472146,0.0,0.0,0.0,0.0,0.0,0.0,0.0,0.0,32237.52464787428,0.0,64602.00000000001,8377.0,8.8988,9.4217,0.0,39.078,Metadata_VT_Residential_VT_baseline_metadata_and_annual_results.csv,VT
195834,0,5587,149501.0,150%+,,4,Cold,Not in a census Place,G5000010,,Single-Family Detached,2,Propane,68F,Yes,6F,Night +5h,"Room AC, EER 12.0",20% Conditioned,Room AC,"Fuel Boiler, 90% AFUE",Non-Ducted Heating,Propane Fuel Boiler,,,,140000-159999,3,100%,99%,Occupied,Propane Standard,Propane,9.39,0.0,119.63,0,40,0.0,93.48967138493887,0.0,0.0,0.0,15679.30225421389,0.0,0.0,0.0,0.0,0.0,0.0,0.0,0.0,46977.24105111602,0.0,6492.110346455067,54656.87537390893,70336.17762812282,14251.0,138581.0,12596.0,6.1902,8.610899999999999,12.828,100.257,Metadata_VT_Residential_VT_baseline_metadata_and_annual_results.csv,VT
196738,0,1228,87842.0,120-150%,,3,Cold,In another census Place,G5000070,,Single-Family Detached,1,Natural Gas,68F,No,0F,,"Room AC, EER 10.7",20% Conditioned,Room AC,"Fuel Wall/Floor Furnace, 68% AFUE",Non-Ducted Heating,Natural Gas Fuel Wall/Floor Furnace,,,,80000-99999,1,50%,99%,Occupied,Natural Gas Standard,Natural Gas,2.62,0.0,59.22,0,40,0.0,0.0,0.0,0.0,0.0,3996.903255008767,0.0,0.0,0.0,0.0,36448.36978410876,0.0,2450.9533598502944,39443.2630501987,0.0,0.0,0.0,0.0,43440.166305207465,3880.0,84564.0,2407.0,6.209,6.336399999999999,5.189,59.055,Metadata_VT_Residential_VT_baseline_metadata_and_annual_results.csv,VT
197356,0,2179,0.0,Not Available,,2,Cold,Not in a census Place,G5000210,,Single-Family Detached,2,Fuel Oil,55F,Yes,3F,Night -4h,"AC, SEER 15",100% Conditioned,Central AC,"Fuel Furnace, 80% AFUE",Ducted Heating,Fuel Oil Fuel Furnace,,,,Not Available,0,100%,99%,Vacant,Propane Tankless,Propane,29.62,0.0,113.24,0,0,0.0,821.1851386225667,0.0,0.0,0.0,2318.4852361324497,32288.225943014066,0.0,0.0,32288.225943014066,0.0,0.0,0.0,0.0,0.0,0.0,0.0,0.0,34606.711179146514,7400.0,90787.0,0.0,2.2817,0.8547,26.735,78.995,Metadata_VT_Residential_VT_baseline_metadata_and_annual_results.csv,VT
198468,0,2179,280058.0,150%+,,4,Cold,Not in a census Place,G5000170,,Single-Family Detached,1,Other Fuel,68F,No,0F,,"Room AC, EER 12.0",20% Conditioned,Room AC,"Fuel Wall/Floor Furnace, 60% AFUE",Non-Ducted Heating,Other Fuel Fuel Wall/Floor Furnace,,,,200000+,2,100%,99%,Occupied,Propane Tankless,Propane,3.85,0.0,61.36,0,0,0.0,0.0,0.0,0.0,0.0,7224.201879745277,0.0,0.0,0.0,0.0,0.0,0.0,0.0,0.0,0.0,0.0,3460.876267663772,3460.876267663772,10685.078147409047,2781.0,102506.0,8905.0,6.7301,6.9914,4.191,61.38,Metadata_VT_Residential_VT_baseline_metadata_and_annual_results.csv,VT
199478,0,881,50608.0,60-80%,,3,Cold,Not in a census Place,G5000010,,Single-Family Detached,2,Other Fuel,72F,No,0F,,,,,"Fuel Wall/Floor Furnace, 60% AFUE",Non-Ducted Heating,Other Fuel Fuel Wall/Floor Furnace,,,,50000-59999,4,100%,99%,Occupied,Electric Standard,Electricity,0.0,0.0,24.95,0,50,0.0,0.0,0.0,0.0,4493.072576810338,9741.096230384324,0.0,0.0,0.0,0.0,0.0,0.0,0.0,1883.8608390670445,0.0,0.0,0.0,0.0,11624.957069451368,0.0,25571.0,14390.0,7.2026,8.6645,0.0,23.964,Metadata_VT_Residential_VT_baseline_metadata_and_annual_results.csv,VT
201010,0,3310,74877.0,100-120%,,4,Cold,In another census Place,G5000070,,Single-Family Detached,2,Propane,68F,No,0F,,,,,"Fuel Boiler, 80% AFUE",Non-Ducted Heating,Propane Fuel Boiler,,,,70000-79999,2,50%,99%,Occupied,Propane Standard,Propane,0.0,0.0,68.72,0,40,0.0,128.36512873543333,0.0,0.0,0.0,5477.791372589005,0.0,0.0,0.0,0.0,0.0,0.0,0.0,0.0,40702.0032965884,0.0,3008.667606388033,44361.28867875876,49839.08005134776,0.0,108725.0,4221.0,6.6552,6.7132,0.0,92.055,Metadata_VT_Residential_VT_baseline_metadata_and_annual_results.csv,VT
201026,0,2678,16639.0,0-30%,,5,Cold,Not in a census Place,G5000190,,Single-Family Detached,1,Other Fuel,68F,No,0F,,,,,"Fuel Wall/Floor Furnace, 60% AFUE",Non-Ducted Heating,Other Fuel Fuel Wall/Floor Furnace,,,,15000-19999,1,100%,99%,Occupied,Propane Tankless,Propane,0.0,0.0,56.17,0,0,0.0,0.0,0.0,0.0,0.0,4656.606233966439,0.0,0.0,0.0,0.0,0.0,0.0,0.0,0.0,0.0,0.0,1733.8084511388668,2413.4402628682496,7070.046496834688,0.0,90654.0,4461.0,14.6989,15.0217,0.0,61.288,Metadata_VT_Residential_VT_baseline_metadata_and_annual_results.csv,VT
201316,0,3310,110733.0,120-150%,,4,Cold,Not in a census Place,G5000210,,Single-Family Detached,2,Fuel Oil,67F,Yes,3F,Night +1h,,,,"Fuel Furnace, 92.5% AFUE",Ducted Heating,Fuel Oil Fuel Furnace,,,,100000-119999,4,200%,99%,Occupied,Electric Premium,Electricity,0.0,0.0,104.88,0,50,0.0,789.5334630439667,0.0,0.0,9207.120740530534,20214.8701361992,35801.26886116849,0.0,0.0,35801.26886116849,0.0,0.0,0.0,0.0,0.0,0.0,0.0,1297.1325565822556,57313.27155394995,0.0,115459.0,30772.0,13.7419,15.1775,0.0,99.626,Metadata_VT_Residential_VT_baseline_metadata_and_annual_results.csv,VT
201585,0,1698,4849.0,0-30%,,3,Cold,In another census Place,G5000270,,Mobile Home,1,Other Fuel,72F,No,0F,,"Room AC, EER 12.0",40% Conditioned,Room AC,"Fuel Wall/Floor Furnace, 60% AFUE",Non-Ducted Heating,Other Fuel Fuel Wall/Floor Furnace,,,,<10000,1,50%,137%,Occupied,Electric Standard,Electricity,3.84,0.0,29.12,0,50,0.0,0.0,0.0,0.0,1035.127019848289,4396.359123653506,0.0,0.0,0.0,0.0,0.0,0.0,0.0,1319.6990289855166,0.0,0.0,0.0,0.0,5716.058152639022,3606.0,45866.0,2439.0,15.2258,16.2302,7.89,34.455,Metadata_VT_Residential_VT_baseline_metadata_and_annual_results.csv,VT
201807,0,881,47457.0,60-80%,,2,Cold,"VT, Burlington",G5000070,,Mobile Home,1,Fuel Oil,70F,No,0F,,"Room AC, EER 12.0",60% Conditioned,Room AC,"Fuel Furnace, 80% AFUE",Ducted Heating,Fuel Oil Fuel Furnace,,,,45000-49999,3,50%,137%,Occupied,Electric Standard,Electricity,5.93,0.0,31.33,0,30,0.0,463.9315040826278,0.0,0.0,2095.458151731389,7419.68028355015,18518.86785311255,0.0,0.0,18518.86785311255,0.0,0.0,0.0,0.0,0.0,0.0,0.0,0.0,25938.548136662703,1919.0,52131.0,6108.0,5.8979,5.8024,5.637,34.1,Metadata_VT_Residential_VT_baseline_metadata_and_annual_results.csv,VT
202720,0,2678,109096.0,120-150%,,2,Cold,Not in a census Place,G5000070,,Single-Family Detached,2,Fuel Oil,70F,Yes,12F,Night +3h,"AC, SEER 13",100% Conditioned,Central AC,"Fuel Furnace, 80% AFUE",Ducted Heating,Fuel Oil Fuel Furnace,,,,100000-119999,3,100%,99%,Occupied,Electric Standard,Electricity,12.69,0.0,52.19,0,30,0.0,597.2788410109888,0.0,0.0,3738.121500046695,15607.20677095152,23838.69391887873,0.0,0.0,23838.69391887873,0.0,0.0,0.0,0.0,0.0,0.0,0.0,947.2056987966224,40393.10638862687,14522.0,66427.0,11658.0,6.1655,7.565600000000001,11.845,53.653,Metadata_VT_Residential_VT_baseline_metadata_and_annual_results.csv,VT
202812,0,2678,149501.0,150%+,,4,Cold,In another census Place,G5000110,,Single-Family Detached,2,Fuel Oil,70F,Yes,6F,Night -4h,"Room AC, EER 9.8",<10% Conditioned,Room AC,"Fuel Boiler, 80% AFUE",Non-Ducted Heating,Fuel Oil Fuel Boiler,,,,140000-159999,4,100%,99%,Occupied,Fuel Oil Standard,Fuel Oil,1.78,0.0,49.29,0,40,0.0,244.1282014534611,0.0,0.0,0.0,6789.2844116097,28300.40789118064,0.0,6864.896747714133,35165.30463889478,0.0,0.0,0.0,0.0,0.0,0.0,0.0,0.0,41954.58905050448,1363.0,76533.0,15098.0,4.9442,5.1415,2.301,82.937,Metadata_VT_Residential_VT_baseline_metadata_and_annual_results.csv,VT
203999,0,854,89096.0,150%+,,2,Cold,Not in a census Place,G5000230,,3 or 4 Unit,2,Propane,76F,Yes,3F,Night +4h,"Room AC, EER 12.0",20% Conditioned,Room AC,Shared Heating,Non-Ducted Heating,Propane Shared Heating,,,,80000-99999,2,100%,121%,Occupied,Propane Standard,Propane,1.92,0.0,22.16,0,30,0.0,111.36700666544444,0.0,0.0,0.0,5166.842967136277,0.0,0.0,0.0,0.0,0.0,0.0,0.0,781.0344020089723,9238.186273968788,0.0,4519.742044196011,13757.9283181648,19705.80568731005,2018.0,23738.0,7937.0,6.7519,7.3522,2.077,30.132,Metadata_VT_Residential_VT_baseline_metadata_and_annual_results.csv,VT
204054,0,1228,74877.0,120-150%,,3,Cold,Not in a census Place,G5000170,,Single-Family Detached,1,Fuel Oil,70F,No,0F,,"Room AC, EER 10.7",20% Conditioned,Room AC,"Fuel Boiler, 80% AFUE",Non-Ducted Heating,Fuel Oil Fuel Boiler,,,,70000-79999,2,100%,99%,Occupied,Propane Standard,Propane,2.84,0.0,54.01,0,40,0.0,201.6328962784889,0.0,0.0,0.0,6069.5018632667225,26477.79890577959,0.0,0.0,26477.79890577959,0.0,0.0,0.0,0.0,0.0,0.0,4953.4872280509,4953.4872280509,37500.78799709721,2987.0,69468.0,8888.0,8.385299999999999,8.9,4.141,54.667,Metadata_VT_Residential_VT_baseline_metadata_and_annual_results.csv,VT
204487,0,1228,11140.0,0-30%,,3,Cold,Not in a census Place,G5000090,,Mobile Home,1,Propane,70F,No,0F,,"AC, SEER 13",100% Conditioned,Central AC,"Fuel Furnace, 80% AFUE",Ducted Heating,Propane Fuel Furnace,,,,10000-14999,1,200%,137%,Occupied,Electric Standard,Electricity,13.55,0.0,77.0,0,50,0.0,1179.904128513367,0.0,0.0,2756.33341496975,13055.14389189181,0.0,0.0,0.0,0.0,0.0,0.0,0.0,0.0,45814.33504467263,0.0,0.0,45814.33504467263,58869.47893656444,3963.0,129071.0,8351.0,13.9384,14.5122,13.423,68.153,Metadata_VT_Residential_VT_baseline_metadata_and_annual_results.csv,VT
204998,0,1228,12655.0,0-30%,,3,Cold,In another census Place,G5000190,,Single-Family Detached,1,Other Fuel,72F,Yes,3F,Night -1h,,,,"Fuel Wall/Floor Furnace, 60% AFUE",Non-Ducted Heating,Other Fuel Fuel Wall/Floor Furnace,,,,10000-14999,2,100%,99%,Occupied,Other Fuel,Other Fuel,0.0,0.0,31.44,0,40,0.0,0.0,0.0,0.0,0.0,6693.450171663383,0.0,0.0,0.0,0.0,0.0,0.0,0.0,0.0,0.0,0.0,0.0,0.0,6693.450171663383,0.0,51735.0,8935.0,8.3712,8.8316,0.0,34.616,Metadata_VT_Residential_VT_baseline_metadata_and_annual_results.csv,VT
206651,0,2179,267342.0,150%+,,3,Cold,Not in a census Place,G5000070,,Single-Family Detached,1,Fuel Oil,65F,No,0F,,"Room AC, EER 10.7",20% Conditioned,Room AC,"Fuel Furnace, 80% AFUE",Ducted Heating,Fuel Oil Fuel Furnace,,,,200000+,3,100%,99%,Occupied,Propane Standard,Propane,1.91,0.0,28.87,0,40,0.0,340.5485835401222,0.0,0.0,0.0,6072.139502898272,13584.723315693018,0.0,0.0,13584.723315693018,0.0,0.0,0.0,0.0,0.0,0.0,6305.131003685188,6305.131003685188,25961.99382227648,4092.0,38242.0,12487.0,10.7475,10.9991,3.417,30.992,Metadata_VT_Residential_VT_baseline_metadata_and_annual_results.csv,VT
206652,0,3310,11140.0,0-30%,,2,Cold,In another census Place,G5000210,,Single-Family Detached,2,Propane,68F,No,0F,,"Room AC, EER 10.7",<10% Conditioned,Room AC,"Fuel Wall/Floor Furnace, 60% AFUE",Non-Ducted Heating,Propane Fuel Wall/Floor Furnace,,,,10000-14999,1,50%,99%,Occupied,Propane Standard,Propane,1.22,0.0,62.15,0,30,0.0,0.0,0.0,0.0,0.0,6327.990547158622,0.0,0.0,0.0,0.0,0.0,0.0,0.0,1694.2438566656165,47703.17809193261,0.0,2413.733333938422,50116.91142587103,58139.14582969527,2402.0,97655.0,2413.0,10.7435,11.3217,2.915,62.389,Metadata_VT_Residential_VT_baseline_metadata_and_annual_results.csv,VT
206820,0,3310,128932.0,150%+,,3,Cold,Not in a census Place,G5000230,,Single-Family Detached,2,Other Fuel,67F,Yes,3F,Night +5h,,,,"Fuel Wall/Floor Furnace, 60% AFUE",Non-Ducted Heating,Other Fuel Fuel Wall/Floor Furnace,,,,120000-139999,2,100%,99%,Occupied,Propane Tankless,Propane,0.0,0.0,161.13,0,0,0.0,0.0,0.0,0.0,0.0,5349.1331727834,0.0,0.0,0.0,0.0,0.0,0.0,0.0,585.2629271339279,0.0,0.0,3477.2882475934166,4290.853538391506,10225.249638308833,0.0,246367.0,8948.0,9.2089,13.1221,0.0,162.564,Metadata_VT_Residential_VT_baseline_metadata_and_annual_results.csv,VT
207112,0,1698,89096.0,120-150%,,3,Cold,In another census Place,G5000270,,Single-Family Detached,1,Fuel Oil,68F,No,0F,,"Room AC, EER 10.7",40% Conditioned,Room AC,"Fuel Boiler, 90% AFUE",Non-Ducted Heating,Fuel Oil Fuel Boiler,,,,80000-99999,2,100%,99%,Occupied,Electric Premium,Electricity,4.48,0.0,26.22,0,50,0.0,203.39132269952225,0.0,0.0,2755.7472728294056,8238.81392468151,11403.68841147134,0.0,0.0,11403.68841147134,0.0,0.0,0.0,0.0,0.0,0.0,0.0,813.5652907980889,20456.06762695094,593.0,34297.0,8770.0,9.8681,10.4497,3.028,28.776,Metadata_VT_Residential_VT_baseline_metadata_and_annual_results.csv,VT
209793,0,2179,47457.0,60-80%,,2,Cold,"VT, Burlington",G5000070,,Single-Family Detached,1,Natural Gas,70F,No,0F,,,,,"Fuel Furnace, 92.5% AFUE",Ducted Heating,Natural Gas Fuel Furnace,,,,45000-49999,3,200%,99%,Occupied,Natural Gas Standard,Natural Gas,0.0,0.0,186.9,0,30,0.0,2001.0892671359327,0.0,0.0,0.0,9687.171153472636,0.0,0.0,0.0,0.0,92073.25890279652,0.0,9962.071817294176,102782.66194902988,0.0,0.0,0.0,0.0,112469.83310250253,0.0,297414.0,22636.0,2.8769,3.9324,0.0,191.64,Metadata_VT_Residential_VT_baseline_metadata_and_annual_results.csv,VT
209834,0,1698,55104.0,80-100%,,3,Cold,Not in a census Place,G5000270,,Single-Family Detached,1,Fuel Oil,70F,No,0F,,,,,"Fuel Furnace, 80% AFUE",Ducted Heating,Fuel Oil Fuel Furnace,,,,50000-59999,2,50%,99%,Occupied,Fuel Oil Standard,Fuel Oil,0.0,0.0,84.07,0,40,0.0,1120.1176301982334,0.0,0.0,0.0,4418.04638284625,44339.60141956602,0.0,2892.025320459489,47231.91981109568,0.0,0.0,0.0,0.0,0.0,0.0,0.0,650.9108468525055,52300.87704079444,0.0,124837.0,4246.0,4.2443,4.8131,0.0,73.678,Metadata_VT_Residential_VT_baseline_metadata_and_annual_results.csv,VT
210483,0,2678,108692.0,150%+,,4,Cold,In another census Place,G5000230,,Single-Family Detached,1,Fuel Oil,70F,Yes,12F,Night +5h,"Room AC, EER 10.7",<10% Conditioned,Room AC,"Fuel Boiler, 80% AFUE",Non-Ducted Heating,Fuel Oil Fuel Boiler,,,,100000-119999,2,200%,99%,Occupied,Electric Standard,Electricity,1.61,0.0,73.58,0,50,0.0,232.1122875764,0.0,0.0,4864.686693788717,12185.308955620656,40439.70468878425,0.0,0.0,40439.70468878425,0.0,0.0,0.0,0.0,0.0,0.0,0.0,976.2197347436722,53601.23337914858,750.0,108849.0,15499.0,9.2443,9.492,2.305,117.837,Metadata_VT_Residential_VT_baseline_metadata_and_annual_results.csv,VT
211076,0,2678,168960.0,150%+,,3,Cold,In another census Place,G5000070,,Single-Family Detached,2,Fuel Oil,70F,No,0F,,,,,"Fuel Furnace, 80% AFUE",Ducted Heating,Fuel Oil Fuel Furnace,,,,160000-179999,4,200%,99%,Occupied,Electric Standard,Electricity,0.0,0.0,99.09,0,50,0.0,1055.9350658305168,0.0,0.0,9006.660128532732,19586.232690679783,42119.8811340816,0.0,0.0,42119.8811340816,0.0,0.0,0.0,0.0,0.0,0.0,0.0,0.0,61706.113824761385,0.0,118567.0,29462.0,9.8425,12.3094,0.0,86.176,Metadata_VT_Residential_VT_baseline_metadata_and_annual_results.csv,VT
211160,0,854,42426.0,60-80%,,1,Cold,Not in a census Place,G5000270,,5 to 9 Unit,2,Fuel Oil,68F,No,0F,,"Room AC, EER 10.7",40% Conditioned,Room AC,"Fuel Wall/Floor Furnace, 68% AFUE",Non-Ducted Heating,Fuel Oil Fuel Wall/Floor Furnace,,,,40000-44999,2,100%,94%,Occupied,Other Fuel,Other Fuel,3.47,0.0,11.81,0,30,0.0,0.0,0.0,0.0,0.0,3534.437106277,5256.522714608977,0.0,0.0,5256.522714608977,0.0,0.0,0.0,781.0344020089723,0.0,0.0,0.0,0.0,9571.99422289495,3123.0,12199.0,7801.0,7.2746,8.027899999999999,4.042,15.164,Metadata_VT_Residential_VT_baseline_metadata_and_annual_results.csv,VT
211317,0,881,63747.0,100-120%,,3,Cold,Not in a census Place,G5000270,,Mobile Home,1,Fuel Oil,68F,No,0F,,"AC, SEER 15",100% Conditioned,Central AC,"Fuel Furnace, 76% AFUE",Ducted Heating,Fuel Oil Fuel Furnace,,,,60000-69999,2,100%,137%,Occupied,Electric Premium,Electricity,14.65,0.0,25.51,0,50,0.0,172.9119314016111,0.0,0.0,2536.530112340583,8362.78298736436,12001.553394622671,0.0,0.0,12001.553394622671,0.0,0.0,0.0,0.0,0.0,0.0,0.0,0.0,20364.336381987032,16204.999999999998,31708.0,7982.0,6.6173,5.9177,13.925,26.353,Metadata_VT_Residential_VT_baseline_metadata_and_annual_results.csv,VT
211484,0,322,128932.0,150%+,,1,Cold,"VT, Burlington",G5000070,,3 or 4 Unit,3,Natural Gas,80F,Yes,3F,Night +1h,"Room AC, EER 12.0",40% Conditioned,Room AC,Shared Heating,Ducted Heating,Natural Gas Shared Heating,,,,120000-139999,2,200%,121%,Occupied,Natural Gas Standard,Natural Gas,3.47,0.0,17.81,0,30,0.0,201.9259673486611,0.0,0.0,0.0,4867.617404490439,0.0,0.0,0.0,0.0,12403.35383182879,0.0,6335.6103949831,19676.20550922266,0.0,0.0,0.0,0.0,24543.8229137131,1890.0,33029.0,13428.0,6.4049,7.6246,4.037,32.908,Metadata_VT_Residential_VT_baseline_metadata_and_annual_results.csv,VT
212073,0,854,50507.0,80-100%,,2,Cold,In another census Place,G5000230,,50 or more Unit,3,Propane,70F,No,0F,,"Room AC, EER 12.0",40% Conditioned,Room AC,Shared Heating,Non-Ducted Heating,Propane Shared Heating,,,,50000-59999,2,50%,94%,Occupied,Electric Standard,Electricity,3.63,0.0,42.28,0,30,0.0,163.2405860859278,0.0,0.0,1304.166262266389,3553.1936547680225,0.0,0.0,0.0,0.0,0.0,0.0,0.0,0.0,25564.29638005277,0.0,0.0,25564.29638005277,29117.4900348208,1292.0,65850.0,3384.0,3.1747,3.7002,2.881,48.043,Metadata_VT_Residential_VT_baseline_metadata_and_annual_results.csv,VT
212130,0,854,32325.0,30-60%,,2,Cold,In another census Place,G5000070,,3 or 4 Unit,4,Electricity,75F,Yes,6F,Night -4h,"Room AC, EER 12.0",20% Conditioned,Room AC,"Electric Wall Furnace, 100% AFUE",Non-Ducted Heating,Electricity Electric Wall Furnace,,,,30000-34999,4,50%,121%,Occupied,Propane Standard,Propane,2.29,0.0,29.57,0,30,13124.8948065928,0.0,0.0,0.0,0.0,17527.11535164975,0.0,0.0,0.0,0.0,0.0,0.0,0.0,0.0,0.0,0.0,3825.4566789580167,3825.4566789580167,21352.572030607767,2318.0,44677.0,6376.0,4.405600000000001,11.8204,3.262,30.065,Metadata_VT_Residential_VT_baseline_metadata_and_annual_results.csv,VT
213389,0,881,31921.0,30-60%,,2,Cold,Not in a census Place,G5000270,,Mobile Home,1,Other Fuel,70F,No,0F,,"Room AC, EER 12.0",20% Conditioned,Room AC,"Fuel Wall/Floor Furnace, 60% AFUE",Non-Ducted Heating,Other Fuel Fuel Wall/Floor Furnace,,,,30000-34999,2,100%,137%,Occupied,Propane Standard,Propane,1.59,0.0,21.92,0,30,0.0,0.0,0.0,0.0,0.0,4954.073370191244,0.0,0.0,0.0,0.0,0.0,0.0,0.0,0.0,0.0,0.0,4789.367428754455,4789.367428754455,9743.4407989457,1612.0,35267.0,8758.0,13.8332,13.9561,2.964,29.328,Metadata_VT_Residential_VT_baseline_metadata_and_annual_results.csv,VT
214023,0,854,32204.0,60-80%,,1,Cold,In another census Place,G5000210,,3 or 4 Unit,2,Propane,70F,No,0F,,"Room AC, EER 10.7",60% Conditioned,Room AC,"Fuel Boiler, 80% AFUE",Non-Ducted Heating,Propane Fuel Boiler,,,,30000-34999,1,100%,121%,Occupied,Propane Tankless,Propane,6.06,0.0,36.13,0,0,0.0,123.67599161267778,0.0,0.0,0.0,4896.338369367317,0.0,0.0,0.0,0.0,0.0,0.0,0.0,0.0,20766.429890263324,0.0,1598.1165456491278,22364.546435912453,27260.88480527977,6051.0,55213.0,4112.0,14.0311,14.4262,9.453,35.85,Metadata_VT_Residential_VT_baseline_metadata_and_annual_results.csv,VT
214113,0,623,74751.0,100-120%,,1,Cold,Not in a census Place,G5000130,,2 Unit,2,Natural Gas,68F,No,0F,,"Room AC, EER 12.0",100% Conditioned,Room AC,Shared Heating,Ducted Heating,Natural Gas Shared Heating,,,,70000-79999,1,100%,121%,Occupied,Electric Premium,Electricity,9.19,0.0,22.05,0,30,0.0,140.38104261249444,0.0,0.0,1546.5360372988166,6033.161050565366,0.0,0.0,0.0,0.0,11267.410363841254,0.0,0.0,11267.410363841254,0.0,0.0,0.0,0.0,17300.571414406622,10685.0,29458.0,4590.0,25.4914,26.2855,10.373,59.538,Metadata_VT_Residential_VT_baseline_metadata_and_annual_results.csv,VT
215394,0,854,11140.0,0-30%,,1,Cold,"VT, Burlington",G5000070,,5 to 9 Unit,3,Natural Gas,68F,No,0F,,"Room AC, EER 12.0",20% Conditioned,Room AC,"Fuel Furnace, 92.5% AFUE",Ducted Heating,Natural Gas Fuel Furnace,,,,10000-14999,1,200%,94%,Occupied,Electric Standard,Electricity,2.39,0.0,29.32,0,30,0.0,175.84264210333333,0.0,0.0,2728.491663303389,6688.467963470455,0.0,0.0,0.0,0.0,8094.91602922695,0.0,0.0,8928.703223866922,0.0,0.0,0.0,0.0,15617.171187337375,3621.0,26114.0,8157.0,3.2311,3.4905,4.429,20.522,Metadata_VT_Residential_VT_baseline_metadata_and_annual_results.csv,VT
220671,0,1138,47457.0,80-100%,,2,Cold,Not in a census Place,G5000050,,3 or 4 Unit,3,Propane,72F,No,0F,,"Room AC, EER 12.0",100% Conditioned,Room AC,Shared Heating,Ducted Heating,Propane Shared Heating,,,,45000-49999,1,100%,121%,Occupied,Propane Premium,Propane,15.24,0.0,32.52,0,30,0.0,162.36137287541112,0.0,0.0,0.0,4995.689462155699,0.0,0.0,0.0,0.0,0.0,0.0,0.0,0.0,19294.62697585842,0.0,2627.0890730238,21921.716048882223,26917.405511037923,7534.0,50199.0,5017.0,26.3124,25.2993,14.631,67.839,Metadata_VT_Residential_VT_baseline_metadata_and_annual_results.csv,VT
221937,0,881,149501.0,150%+,,3,Cold,Not in a census Place,G5000030,,Single-Family Detached,1,Other Fuel,67F,No,0F,,,,,"Fuel Wall/Floor Furnace, 60% AFUE",Non-Ducted Heating,Other Fuel Fuel Wall/Floor Furnace,,,,140000-159999,4,100%,99%,Occupied,Fuel Oil Standard,Fuel Oil,0.0,0.0,21.85,0,40,0.0,0.0,0.0,0.0,0.0,8327.907530013867,0.0,0.0,7493.827264303723,7493.827264303723,0.0,0.0,0.0,0.0,0.0,0.0,0.0,1080.8461067951555,16902.580901112742,0.0,23849.0,16169.0,8.5502,8.9948,0.0,23.745,Metadata_VT_Residential_VT_baseline_metadata_and_annual_results.csv,VT
222783,0,1228,15960.0,30-60%,,3,Cold,Not in a census Place,G5000210,,Mobile Home,1,Propane,65F,No,0F,,"AC, SEER 13",100% Conditioned,Central AC,"Fuel Wall/Floor Furnace, 68% AFUE",Non-Ducted Heating,Propane Fuel Wall/Floor Furnace,,,,15000-19999,2,100%,137%,Occupied,Propane Tankless,Propane,15.75,0.0,78.52,0,0,0.0,0.0,0.0,0.0,0.0,6163.577676792005,0.0,0.0,0.0,0.0,0.0,0.0,0.0,0.0,43502.29737208398,0.0,3238.142254332883,46740.43962641687,52904.01730320887,7840.0,100929.0,8332.0,8.7534,7.020899999999999,14.386,68.526,Metadata_VT_Residential_VT_baseline_metadata_and_annual_results.csv,VT
223153,0,1228,12426.0,0-30%,,3,Cold,Not in a census Place,G5000250,,Mobile Home,1,Fuel Oil,65F,No,0F,,"Room AC, EER 9.8",20% Conditioned,Room AC,"Fuel Furnace, 80% AFUE",Ducted Heating,Fuel Oil Fuel Furnace,,,,10000-14999,3,200%,137%,Occupied,Electric Tankless,Electricity,2.53,0.0,41.03,0,0,0.0,451.03637699505,0.0,0.0,7320.915332902111,17408.12849715983,17916.899874978804,0.0,0.0,17916.899874978804,0.0,0.0,0.0,1713.0004051566389,0.0,0.0,0.0,0.0,37038.02877729527,4120.0,50444.0,22743.0,21.2041,19.5825,6.885,44.229,Metadata_VT_Residential_VT_baseline_metadata_and_annual_results.csv,VT
223741,0,1698,27012.0,30-60%,,3,Cold,In another census Place,G5000250,,Single-Family Detached,1,Other Fuel,65F,No,0F,,,,,"Fuel Wall/Floor Furnace, 60% AFUE",Non-Ducted Heating,Other Fuel Fuel Wall/Floor Furnace,,,,25000-29999,1,200%,99%,Occupied,Electric Standard,Electricity,0.0,0.0,47.64,0,50,0.0,0.0,0.0,0.0,2488.1733857621666,8150.306461489499,0.0,0.0,0.0,0.0,0.0,0.0,0.0,0.0,0.0,0.0,0.0,815.6167882892944,8965.923249778794,0.0,48603.0,7427.0,9.4551,10.3439,0.0,53.099,Metadata_VT_Residential_VT_baseline_metadata_and_annual_results.csv,VT
223805,0,1138,109096.0,120-150%,,3,Cold,Not in a census Place,G5000010,,2 Unit,2,Propane,68F,Yes,6F,Night -3h,"Room AC, EER 12.0",40% Conditioned,Room AC,Shared Heating,Ducted Heating,Propane Shared Heating,,,,100000-119999,5,200%,121%,Occupied,Electric Standard,Electricity,4.24,0.0,34.07,0,50,0.0,118.10764127940556,0.0,0.0,8682.816595992428,17479.344767211678,0.0,0.0,0.0,0.0,0.0,0.0,0.0,2166.674421783239,14922.006608888863,0.0,0.0,14922.006608888863,34568.02579788378,6622.0,38699.0,28478.0,15.2294,15.5445,7.629,45.785,Metadata_VT_Residential_VT_baseline_metadata_and_annual_results.csv,VT
225892,0,881,0.0,Not Available,,2,Cold,Not in a census Place,G5000250,,Single-Family Detached,1,Propane,55F,No,0F,,"Room AC, EER 10.7",20% Conditioned,Room AC,"Fuel Furnace, 80% AFUE",Ducted Heating,Propane Fuel Furnace,,,,Not Available,0,100%,99%,Vacant,Propane Tankless,Propane,2.66,0.0,50.62,0,0,0.0,372.7864012590667,0.0,0.0,0.0,881.5577790780444,0.0,0.0,0.0,0.0,0.0,0.0,0.0,0.0,14800.089043697222,0.0,0.0,14800.089043697222,15681.646822775268,645.0,41668.0,0.0,0.2897,0.342,1.891,33.916,Metadata_VT_Residential_VT_baseline_metadata_and_annual_results.csv,VT
227655,0,1698,108692.0,150%+,,3,Cold,Not in a census Place,G5000270,,Single-Family Detached,1,Fuel Oil,65F,No,0F,,,,,"Fuel Furnace, 80% AFUE",Ducted Heating,Fuel Oil Fuel Furnace,,,,100000-119999,2,100%,99%,Occupied,Fuel Oil Standard,Fuel Oil,0.0,0.0,62.67,0,40,0.0,701.3190709221277,0.0,0.0,0.0,7119.575507693794,27764.67397490581,0.0,4370.275798408178,32134.949773313994,0.0,0.0,0.0,0.0,0.0,0.0,0.0,0.0,39254.52528100779,0.0,78172.0,8386.0,7.364,8.6874,0.0,59.032,Metadata_VT_Residential_VT_baseline_metadata_and_annual_results.csv,VT
228129,0,2179,47457.0,60-80%,,4,Cold,In another census Place,G5000230,,Single-Family Detached,1,Fuel Oil,70F,No,0F,,,,,"Fuel Boiler, 76% AFUE",Non-Ducted Heating,Fuel Oil Fuel Boiler,,,,45000-49999,3,50%,99%,Occupied,Fuel Oil Premium,Fuel Oil,0.0,0.0,82.64,0,40,0.0,258.19561282172776,0.0,0.0,0.0,3508.646852101844,53868.22112407549,0.0,3549.090659785611,57417.311783861085,0.0,0.0,0.0,0.0,0.0,0.0,0.0,0.0,60925.95863596293,0.0,135608.0,6005.0,2.4554,2.6227,0.0,74.789,Metadata_VT_Residential_VT_baseline_metadata_and_annual_results.csv,VT
228218,0,2678,64514.0,60-80%,,5,Cold,Not in a census Place,G5000050,,Mobile Home,1,Fuel Oil,65F,No,0F,,"Room AC, EER 12.0",20% Conditioned,Room AC,"Fuel Boiler, 80% AFUE",Non-Ducted Heating,Fuel Oil Fuel Boiler,,,,60000-69999,6,200%,137%,Occupied,Electric Standard,Electricity,3.09,0.0,91.03,0,66,0.0,190.20312454177224,0.0,0.0,13526.695243798917,27847.320016694383,42211.31930797534,0.0,0.0,42211.31930797534,0.0,0.0,0.0,4422.149377828661,0.0,0.0,0.0,0.0,74480.7887024984,3221.0,110135.0,45003.0,14.4504,15.354,5.394,80.83,Metadata_VT_Residential_VT_baseline_metadata_and_annual_results.csv,VT
228420,0,3310,63747.0,100-120%,,3,Cold,Not in a census Place,G5000210,,Single-Family Detached,2,Fuel Oil,70F,Yes,12F,Night -4h,"Room AC, EER 9.8",20% Conditioned,Room AC,"Fuel Boiler, 90% AFUE",Non-Ducted Heating,Fuel Oil Fuel Boiler,,,,60000-69999,2,100%,99%,Occupied,Electric Premium,Electricity,4.73,0.0,105.31,0,50,0.0,244.4212725236333,0.0,0.0,2778.313745232667,10805.823428320004,53467.59297115005,0.0,0.0,53467.59297115005,0.0,0.0,0.0,0.0,0.0,0.0,0.0,813.5652907980889,65086.98169026815,925.0,161749.0,8827.0,10.4213,12.8957,5.311,179.092,Metadata_VT_Residential_VT_baseline_metadata_and_annual_results.csv,VT
230222,0,1698,92315.0,120-150%,,3,Cold,Not in a census Place,G5000270,,Single-Family Detached,1,Electricity,72F,No,0F,,"Room AC, EER 12.0",20% Conditioned,Room AC,"Electric Baseboard, 100% Efficiency",Non-Ducted Heating,Electricity Baseboard,,,,80000-99999,3,50%,99%,Occupied,Fuel Oil Standard,Fuel Oil,3.46,0.0,64.12,0,40,28400.34512610937,0.0,0.0,0.0,0.0,33833.29662496202,0.0,0.0,3703.2460426962,3703.2460426962,0.0,0.0,0.0,0.0,0.0,0.0,0.0,0.0,37536.54266765822,3373.0,96895.0,5681.0,3.0705,17.148,3.786,54.767,Metadata_VT_Residential_VT_baseline_metadata_and_annual_results.csv,VT
230565,0,2179,63747.0,100-120%,,4,Cold,Not in a census Place,G5000030,,Single-Family Detached,1,Fuel Oil,70F,No,0F,,"Room AC, EER 10.7",80% Conditioned,Room AC,"Fuel Boiler, 80% AFUE",Non-Ducted Heating,Fuel Oil Fuel Boiler,,,,60000-69999,2,100%,99%,Occupied,Electric Standard,Electricity,15.37,0.0,53.03,0,50,0.0,231.81921650622772,0.0,0.0,2883.233188354322,12404.81918717965,29428.731511343696,0.0,0.0,29428.731511343696,0.0,0.0,0.0,0.0,0.0,0.0,0.0,0.0,41833.550698523344,16289.000000000002,78405.0,8772.0,10.6944,10.8557,15.097,48.728,Metadata_VT_Residential_VT_baseline_metadata_and_annual_results.csv,VT
230812,0,2678,109096.0,120-150%,,4,Cold,In another census Place,G5000230,,Single-Family Detached,2,Fuel Oil,67F,No,0F,,,,,"Fuel Boiler, 90% AFUE",Non-Ducted Heating,Fuel Oil Fuel Boiler,,,,100000-119999,5,100%,99%,Occupied,Fuel Oil Premium,Fuel Oil,0.0,0.0,42.1,0,40,0.0,212.76959694503333,0.0,0.0,0.0,10845.094951723084,19193.51745664901,0.0,7408.250511813433,26601.76796846244,0.0,0.0,0.0,0.0,0.0,0.0,0.0,0.0,37446.86292018552,0.0,57236.0,18912.0,7.853,8.4796,0.0,37.75,Metadata_VT_Residential_VT_baseline_metadata_and_annual_results.csv,VT
231009,0,322,22223.0,30-60%,,1,Cold,Not in a census Place,G5000270,,2 Unit,2,Fuel Oil,68F,No,0F,,"Room AC, EER 10.7",100% Conditioned,Room AC,"Fuel Boiler, 80% AFUE",Non-Ducted Heating,Fuel Oil Fuel Boiler,,,,20000-24999,1,100%,121%,Occupied,Electric Standard,Electricity,8.17,0.0,16.1,0,30,0.0,213.0626680152056,0.0,0.0,1785.68203055935,6650.9548664884105,8099.019024209361,0.0,0.0,8099.019024209361,0.0,0.0,0.0,0.0,0.0,0.0,0.0,0.0,14749.973890697773,6662.0,21959.0,5000.0,13.1203,12.2671,7.74,34.773,Metadata_VT_Residential_VT_baseline_metadata_and_annual_results.csv,VT
231223,0,2179,39195.0,30-60%,,4,Cold,Not in a census Place,G5000170,,Single-Family Detached,2,Electricity,70F,Yes,6F,Night -4h,,,,"Electric Furnace, 100% AFUE",Ducted Heating,Electricity Electric Furnace,,,,35000-39999,4,100%,99%,Occupied,Electric Standard,Electricity,0.0,0.0,171.75,0,50,66118.29878620419,1594.0135506667166,0.0,0.0,5121.710022329756,80796.1771936396,0.0,0.0,0.0,0.0,0.0,0.0,0.0,0.0,0.0,0.0,0.0,0.0,80796.1771936396,0.0,230252.0,16435.0,15.5911,57.3446,0.0,162.987,Metadata_VT_Residential_VT_baseline_metadata_and_annual_results.csv,VT
231447,0,2179,110733.0,150%+,,3,Cold,Not in a census Place,G5000050,,Single-Family Detached,2,Fuel Oil,68F,Yes,6F,Night -2h,"Room AC, EER 12.0",<10% Conditioned,Room AC,"Fuel Furnace, 80% AFUE",Ducted Heating,Fuel Oil Fuel Furnace,,,,100000-119999,4,200%,99%,Occupied,Fuel Oil Standard,Fuel Oil,1.85,0.0,88.51,0,40,0.0,975.0474504629832,0.0,0.0,0.0,9913.42201964559,37914.01820604004,0.0,12374.925938022085,50288.94414406212,0.0,0.0,0.0,0.0,0.0,0.0,0.0,0.0,60202.36616370772,478.0,106527.0,30015.0,6.6837,7.1761,1.709,89.468,Metadata_VT_Residential_VT_baseline_metadata_and_annual_results.csv,VT
232232,0,2179,27012.0,30-60%,,4,Cold,In another census Place,G5000210,,Single-Family Detached,2,Fuel Oil,72F,Yes,6F,Night -2h,,,,"Fuel Furnace, 80% AFUE",Ducted Heating,Fuel Oil Fuel Furnace,,,,25000-29999,1,100%,99%,Occupied,Electric Premium,Electricity,0.0,0.0,86.33,0,50,0.0,1369.8141819849668,0.0,0.0,1332.5941560730944,6873.981950889472,53843.89622525119,0.0,0.0,53843.89622525119,0.0,0.0,0.0,0.0,0.0,0.0,0.0,0.0,60717.87817614066,0.0,151301.0,3941.0,15.021,16.0904,0.0,99.599,Metadata_VT_Residential_VT_baseline_metadata_and_annual_results.csv,VT
234029,0,881,129243.0,150%+,,3,Cold,In another census Place,G5000250,,Single-Family Detached,1,Fuel Oil,68F,No,0F,,,,,"Fuel Furnace, 80% AFUE",Ducted Heating,Fuel Oil Fuel Furnace,,,,120000-139999,3,50%,99%,Occupied,Electric Standard,Electricity,0.0,0.0,16.43,0,50,0.0,239.1459932605333,0.0,0.0,2056.479699398484,5916.518764636822,9496.968028930862,0.0,0.0,9496.968028930862,0.0,0.0,0.0,0.0,0.0,0.0,0.0,0.0,15413.486793567685,0.0,26740.0,5990.0,7.0638000000000005,7.0666,0.0,18.636,Metadata_VT_Residential_VT_baseline_metadata_and_annual_results.csv,VT
234454,0,881,50507.0,80-100%,,2,Cold,In another census Place,G5000030,,Single-Family Detached,2,Fuel Oil,68F,Yes,3F,Night,,,,"Fuel Furnace, 80% AFUE",Ducted Heating,Fuel Oil Fuel Furnace,,,,50000-59999,2,200%,99%,Occupied,Propane Standard,Propane,0.0,0.0,77.31,0,30,0.0,1046.8498626551775,0.0,0.0,0.0,7383.632541918966,41180.00221203929,0.0,0.0,41180.00221203929,0.0,0.0,0.0,0.0,0.0,0.0,7681.0996781437725,8657.319412887444,57220.9541668457,0.0,115890.0,16537.0,27.4601,28.195,0.0,105.876,Metadata_VT_Residential_VT_baseline_metadata_and_annual_results.csv,VT
234618,0,2179,89096.0,100-120%,,4,Cold,In another census Place,G5000070,,Single-Family Detached,3,Fuel Oil,65F,Yes,3F,Night -2h,"Room AC, EER 12.0",20% Conditioned,Room AC,"Fuel Boiler, 90% AFUE",Non-Ducted Heating,Fuel Oil Fuel Boiler,,,,80000-99999,2,100%,99%,Occupied,Electric Premium,Electricity,6.4,0.0,152.42,0,50,0.0,199.5813987872833,0.0,0.0,2752.8165621276835,8362.196845224016,65373.60519689658,0.0,0.0,65373.60519689658,0.0,0.0,0.0,0.0,0.0,0.0,0.0,0.0,73735.80204212059,6223.0,193377.0,8658.0,9.1768,10.3889,9.181,161.446,Metadata_VT_Residential_VT_baseline_metadata_and_annual_results.csv,VT
234868,0,881,22473.0,30-60%,,3,Cold,Not in a census Place,G5000250,,Single-Family Detached,2,Propane,68F,Yes,3F,Night +5h,,,,"Fuel Furnace, 80% AFUE",Ducted Heating,Propane Fuel Furnace,,,,20000-24999,2,100%,99%,Occupied,Propane Standard,Propane,0.0,0.0,89.49,0,40,0.0,1072.6401168303337,0.0,0.0,0.0,5068.664158628584,0.0,0.0,0.0,0.0,0.0,0.0,0.0,0.0,42574.72743498889,0.0,4689.430193825729,48077.72291961271,53146.38707824129,0.0,119874.0,8617.0,10.3263,11.1064,0.0,82.509,Metadata_VT_Residential_VT_baseline_metadata_and_annual_results.csv,VT
235488,0,1682,87842.0,120-150%,,2,Cold,Not in a census Place,G5000110,,20 to 49 Unit,3,Natural Gas,70F,No,0F,,"Room AC, EER 12.0",40% Conditioned,Room AC,"Fuel Furnace, 80% AFUE",Ducted Heating,Natural Gas Fuel Furnace,,,,80000-99999,1,200%,94%,Occupied,Natural Gas Tankless,Natural Gas,3.5,0.0,6.03,0,0,0.0,18.170406350677776,0.0,0.0,0.0,6919.701037836339,0.0,0.0,0.0,0.0,724.7647565359055,0.0,3566.9679950661166,5125.226875171822,0.0,0.0,0.0,0.0,12044.92791300816,4381.0,2044.0,9178.0,14.0445,13.7813,5.195,8.18,Metadata_VT_Residential_VT_baseline_metadata_and_annual_results.csv,VT
236524,0,1228,74877.0,100-120%,,3,Cold,"VT, Burlington",G5000070,,Single-Family Detached,1,Natural Gas,68F,No,0F,,"Room AC, EER 10.7",100% Conditioned,Room AC,"Fuel Wall/Floor Furnace, 68% AFUE",Non-Ducted Heating,Natural Gas Fuel Wall/Floor Furnace,,,,70000-79999,2,100%,99%,Occupied,Natural Gas Standard,Natural Gas,11.23,0.0,42.92,0,40,0.0,0.0,0.0,0.0,0.0,6102.032752055839,0.0,0.0,0.0,0.0,27874.28255515023,0.0,4731.632427930527,33419.18720280867,0.0,0.0,0.0,0.0,39521.21995486452,5947.0,64671.00000000001,8764.0,9.0325,9.522200000000002,9.236,46.043,Metadata_VT_Residential_VT_baseline_metadata_and_annual_results.csv,VT
236846,0,881,66973.0,80-100%,,3,Cold,Not in a census Place,G5000210,,Mobile Home,1,Propane,70F,Yes,6F,Night -1h,"AC, SEER 13",80% Conditioned,Central AC,"Fuel Furnace, 80% AFUE",Ducted Heating,Propane Fuel Furnace,,,,60000-69999,3,200%,137%,Occupied,Electric Premium,Electricity,6.65,0.0,31.62,0,50,0.0,408.83414289025,0.0,0.0,6667.366846418056,16115.098935559983,0.0,0.0,0.0,0.0,0.0,0.0,0.0,0.0,16080.809620349832,0.0,0.0,16080.809620349832,32195.908555909817,5825.0,45183.0,22097.0,14.0445,14.0205,8.132,39.539,Metadata_VT_Residential_VT_baseline_metadata_and_annual_results.csv,VT
236853,0,1228,55104.0,80-100%,,3,Cold,In another census Place,G5000150,,Single-Family Detached,1,Fuel Oil,68F,No,0F,,,,,"Fuel Wall/Floor Furnace, 60% AFUE",Non-Ducted Heating,Fuel Oil Fuel Wall/Floor Furnace,,,,50000-59999,2,200%,99%,Occupied,Electric Premium,Electricity,0.0,0.0,42.01,0,50,0.0,0.0,0.0,0.0,4792.591210526351,12611.72736272124,30098.98504882757,0.0,0.0,30098.98504882757,0.0,0.0,0.0,0.0,0.0,0.0,0.0,0.0,42710.7124115488,0.0,61618.0,15560.0,8.8495,9.9357,0.0,48.456,Metadata_VT_Residential_VT_baseline_metadata_and_annual_results.csv,VT
237259,0,1228,50608.0,30-60%,,3,Cold,In another census Place,G5000070,,Mobile Home,1,Fuel Oil,72F,Yes,3F,Night -2h,"AC, SEER 13",100% Conditioned,Central AC,"Fuel Boiler, 80% AFUE",Non-Ducted Heating,Fuel Oil Fuel Boiler,,,,50000-59999,4,50%,137%,Occupied,Electric Standard,Electricity,17.06,0.0,50.32,0,50,0.0,258.4886838919,0.0,0.0,2431.9037402891,9131.215333355927,31046.776889764536,0.0,0.0,31046.776889764536,0.0,0.0,0.0,0.0,0.0,0.0,0.0,0.0,40177.99222312046,6924.0,83041.0,7268.0,6.719600000000001,6.8103,14.803,55.836,Metadata_VT_Residential_VT_baseline_metadata_and_annual_results.csv,VT
237424,0,1138,64828.0,60-80%,,3,Cold,Not in a census Place,G5000070,,2 Unit,1,Propane,70F,No,0F,,,,,"Fuel Wall/Floor Furnace, 68% AFUE",Non-Ducted Heating,Propane Fuel Wall/Floor Furnace,,,,60000-69999,4,100%,121%,Occupied,Electric Standard,Electricity,0.0,0.0,41.7,0,50,0.0,0.0,0.0,0.0,4089.806784253361,9053.258428690116,0.0,0.0,0.0,0.0,0.0,0.0,0.0,0.0,29375.978718712693,0.0,0.0,29375.978718712693,38429.23714740281,0.0,68155.0,12729.0,8.5502,9.8425,0.0,39.93,Metadata_VT_Residential_VT_baseline_metadata_and_annual_results.csv,VT
237466,0,881,27012.0,30-60%,,2,Cold,Not in a census Place,G5000070,,Single-Family Detached,1,Natural Gas,68F,No,0F,,"Room AC, EER 10.7",20% Conditioned,Room AC,"Fuel Boiler, 76% AFUE",Non-Ducted Heating,Natural Gas Fuel Boiler,,,,25000-29999,1,100%,99%,Occupied,Natural Gas Standard,Natural Gas,2.72,0.0,52.72,0,30,0.0,129.24434194595,0.0,0.0,0.0,4455.266408758122,0.0,0.0,0.0,0.0,33051.96915188288,0.0,3093.658216737977,36145.33429755068,0.0,0.0,0.0,0.0,40600.6007063088,1698.0,83890.0,4322.0,14.3685,16.7494,3.121,85.883,Metadata_VT_Residential_VT_baseline_metadata_and_annual_results.csv,VT
237584,0,2179,297129.0,150%+,,3,Cold,Not in a census Place,G5000010,,Single-Family Detached,2,Fuel Oil,68F,No,0F,,,,,"Fuel Furnace, 80% AFUE",Ducted Heating,Fuel Oil Fuel Furnace,,,,200000+,1,200%,99%,Occupied,Fuel Oil Standard,Fuel Oil,0.0,0.0,87.07,0,40,0.0,1229.7262104426443,0.0,0.0,0.0,7658.240134670339,49060.097146830005,0.0,4180.65881600675,53240.755962836745,0.0,0.0,0.0,0.0,0.0,0.0,0.0,0.0,60898.996097507086,0.0,138107.0,7969.0,10.321,11.0397,0.0,90.797,Metadata_VT_Residential_VT_baseline_metadata_and_annual_results.csv,VT
238207,0,1698,149501.0,150%+,,3,Cold,Not in a census Place,G5000110,,Single-Family Detached,1,Fuel Oil,68F,No,0F,,"Room AC, EER 9.8",20% Conditioned,Room AC,"Fuel Furnace, 80% AFUE",Ducted Heating,Fuel Oil Fuel Furnace,,,,140000-159999,3,200%,99%,Occupied,FIXME Fuel Oil Indirect,Fuel Oil,3.53,0.0,78.73,0,40,0.0,1114.5492798649611,0.0,0.0,0.0,9627.677726227672,44467.38040616111,0.0,10042.66636159154,54510.33983882282,0.0,0.0,0.0,0.0,0.0,0.0,0.0,0.0,64138.0175650505,2137.0,125178.0,23762.0,6.7224,6.9568,5.386,81.484,Metadata_VT_Residential_VT_baseline_metadata_and_annual_results.csv,VT
238397,0,1228,32204.0,60-80%,,4,Cold,Not in a census Place,G5000050,,Single-Family Detached,1,Propane,70F,Yes,6F,Night +4h,,,,"Fuel Furnace, 80% AFUE",Ducted Heating,Propane Fuel Furnace,,,,30000-34999,1,100%,99%,Occupied,Propane Standard,Propane,0.0,0.0,65.37,0,40,0.0,926.9837949547388,0.0,0.0,0.0,4630.522908721111,0.0,0.0,0.0,0.0,0.0,0.0,0.0,0.0,36041.587138709714,0.0,3129.412887298989,39171.00002600871,43801.52293472982,0.0,101375.0,4448.0,11.4393,12.1773,0.0,72.269,Metadata_VT_Residential_VT_baseline_metadata_and_annual_results.csv,VT
239068,0,1698,30944.0,30-60%,,2,Cold,Not in a census Place,G5000070,,Single-Family Detached,2,Natural Gas,68F,No,0F,,"Room AC, EER 10.7",20% Conditioned,Room AC,"Fuel Furnace, 92.5% AFUE",Ducted Heating,Natural Gas Fuel Furnace,,,,30000-34999,3,200%,99%,Occupied,Natural Gas Standard,Natural Gas,3.84,0.0,93.91,0,30,0.0,771.0699856231166,0.0,0.0,0.0,8526.609715590634,0.0,0.0,0.0,0.0,35473.029262575605,0.0,10474.06697688505,47083.91892065871,0.0,0.0,0.0,0.0,55610.52863624934,3433.0,114565.0,22894.0,8.187899999999999,8.5583,5.327,84.359,Metadata_VT_Residential_VT_baseline_metadata_and_annual_results.csv,VT
239416,0,2179,55104.0,80-100%,,3,Cold,In another census Place,G5000270,,Single-Family Detached,1,Fuel Oil,68F,No,0F,,"Room AC, EER 12.0",20% Conditioned,Room AC,"Fuel Boiler, 90% AFUE",Non-Ducted Heating,Fuel Oil Fuel Boiler,,,,50000-59999,2,200%,99%,Occupied,Fuel Oil Premium,Fuel Oil,3.29,0.0,42.95,0,40,0.0,217.4587340677889,0.0,0.0,0.0,9622.402446964572,19894.54345650096,0.0,6632.491389067561,26527.03484556852,0.0,0.0,0.0,1682.8140849289,0.0,0.0,0.0,0.0,37832.25137746199,1246.0,59669.0,15754.0,6.4282,7.295,3.277,61.018,Metadata_VT_Residential_VT_baseline_metadata_and_annual_results.csv,VT
239663,0,1698,4187.0,0-30%,,3,Cold,Not in a census Place,G5000210,,Mobile Home,1,Propane,70F,No,0F,,"Room AC, EER 10.7",40% Conditioned,Room AC,"Fuel Wall/Floor Furnace, 68% AFUE",Non-Ducted Heating,Propane Fuel Wall/Floor Furnace,,,,<10000,2,50%,137%,Occupied,Propane Tankless,Propane,5.21,0.0,47.39,0,0,0.0,0.0,0.0,0.0,0.0,5612.310993798055,0.0,0.0,0.0,0.0,0.0,0.0,0.0,0.0,38984.02068323883,0.0,1846.347742085,40830.368425323824,46442.67941912188,971.0,90449.0,4750.0,11.1286,11.7296,6.356,55.168,Metadata_VT_Residential_VT_baseline_metadata_and_annual_results.csv,VT
239727,0,1698,270137.0,150%+,,2,Cold,Not in a census Place,G5000250,,Single-Family Detached,1,Fuel Oil,65F,Yes,3F,Night -1h,"AC, SEER 13",100% Conditioned,Central AC,"Fuel Boiler, 90% AFUE",Non-Ducted Heating,Fuel Oil Fuel Boiler,,,,200000+,4,200%,99%,Occupied,Electric Premium,Electricity,13.78,0.0,38.18,0,30,0.0,160.30987538420555,0.0,0.0,8657.026341817273,19935.866477395244,13250.03615355634,0.0,0.0,13250.03615355634,0.0,0.0,0.0,0.0,0.0,0.0,0.0,0.0,33185.90263095158,22461.0,39305.0,28845.0,9.0671,8.476899999999999,13.157,40.504,Metadata_VT_Residential_VT_baseline_metadata_and_annual_results.csv,VT
239763,0,1698,31921.0,30-60%,,3,Cold,Not in a census Place,G5000070,,Single-Family Detached,2,Fuel Oil,67F,Yes,3F,Night +4h,,,,"Fuel Furnace, 80% AFUE",Ducted Heating,Fuel Oil Fuel Furnace,,,,30000-34999,2,100%,99%,Occupied,Electric Premium,Electricity,0.0,0.0,120.14,0,50,0.0,1198.0745348640444,0.0,0.0,2628.8474994448334,10247.816110712094,47808.390606124434,0.0,0.0,47808.390606124434,0.0,0.0,0.0,0.0,0.0,0.0,0.0,0.0,58056.20671683653,0.0,134571.0,8328.0,9.052700000000002,11.2021,0.0,93.412,Metadata_VT_Residential_VT_baseline_metadata_and_annual_results.csv,VT
240561,0,3310,110733.0,100-120%,,4,Cold,In another census Place,G5000070,,Single-Family Detached,1,Natural Gas,68F,No,0F,,,,,"Fuel Furnace, 80% AFUE",Ducted Heating,Natural Gas Fuel Furnace,,,,100000-119999,4,50%,99%,Occupied,Natural Gas Tankless,Natural Gas,0.0,0.0,84.9,0,0,0.0,1072.9331879005056,0.0,0.0,0.0,5589.158379254451,0.0,0.0,0.0,0.0,42808.891220056496,0.0,3384.3847183488224,47058.12866648355,0.0,0.0,0.0,0.0,52647.287045738,0.0,120508.0,8708.0,4.584,5.248600000000001,0.0,80.039,Metadata_VT_Residential_VT_baseline_metadata_and_annual_results.csv,VT
240579,0,623,32204.0,30-60%,,1,Cold,Not in a census Place,G5000110,,5 to 9 Unit,2,Propane,70F,No,0F,,"AC, SEER 13",100% Conditioned,Central AC,"Fuel Furnace, 92.5% AFUE",Ducted Heating,Propane Fuel Furnace,,,,30000-34999,1,100%,94%,Occupied,Propane Standard,Propane,11.27,0.0,30.71,0,30,0.0,305.08698404928333,0.0,0.0,0.0,4299.059528356328,0.0,0.0,0.0,0.0,0.0,0.0,0.0,0.0,14028.139844863588,0.0,2974.964433318228,17002.811207111645,21301.87073546797,6396.0,45313.0,4078.000000000001,3.842,3.3573000000000004,10.397,32.159,Metadata_VT_Residential_VT_baseline_metadata_and_annual_results.csv,VT
241660,0,1138,0.0,Not Available,,2,Cold,Not in a census Place,G5000030,,3 or 4 Unit,1,Electricity,55F,No,0F,,Ducted Heat Pump,100% Conditioned,Ducted Heat Pump,"ASHP, SEER 15, 8.5 HSPF",Ducted Heat Pump,Electricity ASHP,,,,Not Available,0,100%,121%,Vacant,Electric Premium,Electricity,19.69,77.36,19.69,0,30,3601.2573102762667,319.7405375578944,7717.7335619153,133.3473369283611,208.37353089245,13692.280398446224,0.0,0.0,0.0,0.0,0.0,0.0,0.0,0.0,0.0,0.0,0.0,0.0,13692.280398446224,9685.0,62667.0,0.0,2.6562,17.6487,16.134,58.939,Metadata_VT_Residential_VT_baseline_metadata_and_annual_results.csv,VT
242608,0,872,55104.0,60-80%,,1,Cold,Not in a census Place,G5000070,,Single-Family Attached,1,Natural Gas,72F,No,0F,,,,,"Fuel Furnace, 80% AFUE",Ducted Heating,Natural Gas Fuel Furnace,,,,50000-59999,2,100%,84%,Occupied,Natural Gas Standard,Natural Gas,0.0,0.0,42.42,0,30,0.0,700.4398577116111,0.0,0.0,0.0,5249.782079995017,0.0,0.0,0.0,0.0,27945.205754131905,0.0,4258.908791742733,32204.40761694481,0.0,0.0,0.0,0.0,37454.18969693982,0.0,78668.0,7766.0,8.149899999999999,8.648,0.0,47.549,Metadata_VT_Residential_VT_baseline_metadata_and_annual_results.csv,VT
243599,0,2678,47457.0,60-80%,,3,Cold,Not in a census Place,G5000050,,Single-Family Detached,2,Fuel Oil,68F,No,0F,,"Room AC, EER 12.0",20% Conditioned,Room AC,"Fuel Furnace, 80% AFUE",Ducted Heating,Fuel Oil Fuel Furnace,,,,45000-49999,2,100%,99%,Occupied,Electric Standard,Electricity,3.79,0.0,61.39,0,50,0.0,807.7038693946444,0.0,0.0,2842.203238530212,8848.401750639734,31392.60075256776,0.0,0.0,31392.60075256776,0.0,0.0,0.0,885.6607740604555,0.0,0.0,0.0,813.5652907980889,41940.22856806604,4260.0,88404.0,8444.0,9.7006,10.5363,5.169,63.277,Metadata_VT_Residential_VT_baseline_metadata_and_annual_results.csv,VT
243603,0,2179,54023.0,80-100%,,2,Cold,In another census Place,G5000110,,Single-Family Detached,1,Natural Gas,68F,Yes,3F,Night -2h,"Room AC, EER 12.0",20% Conditioned,Room AC,"Fuel Boiler, 80% AFUE",Non-Ducted Heating,Natural Gas Fuel Boiler,,,,50000-59999,1,100%,99%,Occupied,Natural Gas Standard,Natural Gas,3.11,0.0,68.15,0,30,0.0,99.35109278838334,0.0,0.0,0.0,4785.557504842217,0.0,0.0,0.0,0.0,31891.99385614122,0.0,3151.686288632078,35723.31195650269,0.0,0.0,0.0,0.0,40508.8694613449,3166.0,83566.0,4345.0,6.8384,6.5895,4.51,66.907,Metadata_VT_Residential_VT_baseline_metadata_and_annual_results.csv,VT
245542,0,2179,108692.0,150%+,,3,Cold,Not in a census Place,G5000170,,Single-Family Detached,2,Fuel Oil,68F,No,0F,,,,,"Fuel Furnace, 80% AFUE",Ducted Heating,Fuel Oil Fuel Furnace,,,,100000-119999,2,100%,99%,Occupied,Fuel Oil Standard,Fuel Oil,0.0,0.0,95.26,0,40,0.0,1386.226161914611,0.0,0.0,0.0,5760.6049553052,53903.68272356632,0.0,4520.9143284767,58424.59705204302,0.0,0.0,0.0,0.0,0.0,0.0,0.0,813.5652907980889,64998.76729814631,0.0,151861.0,8873.0,6.3527,6.7542,0.0,98.81,Metadata_VT_Residential_VT_baseline_metadata_and_annual_results.csv,VT
245654,0,2678,92315.0,120-150%,,3,Cold,Not in a census Place,G5000250,,Mobile Home,1,Propane,75F,No,0F,,"Room AC, EER 12.0",20% Conditioned,Room AC,"Fuel Wall/Floor Furnace, 68% AFUE",Non-Ducted Heating,Propane Fuel Wall/Floor Furnace,,,,80000-99999,3,100%,137%,Occupied,Electric Premium,Electricity,4.06,0.0,88.81,0,50,0.0,0.0,0.0,0.0,3816.0784047125057,10793.221372302602,0.0,0.0,0.0,0.0,0.0,0.0,0.0,0.0,74229.33372429061,0.0,0.0,74229.33372429061,85022.55509659322,2860.0,172175.0,12395.0,12.2805,14.0152,6.062,90.671,Metadata_VT_Residential_VT_baseline_metadata_and_annual_results.csv,VT
245940,0,1228,16639.0,30-60%,,2,Cold,In another census Place,G5000030,,Mobile Home,1,Fuel Oil,72F,No,0F,,"Room AC, EER 12.0",20% Conditioned,Room AC,"Fuel Boiler, 80% AFUE",Non-Ducted Heating,Fuel Oil Fuel Boiler,,,,15000-19999,1,50%,137%,Occupied,Electric Standard,Electricity,2.99,0.0,64.58,0,30,0.0,317.9821111368611,0.0,0.0,945.4472723755888,4205.862928041562,48562.75554074774,0.0,0.0,48562.75554074774,0.0,0.0,0.0,0.0,0.0,0.0,0.0,0.0,52768.6184687893,740.0,130763.0,2221.0,9.9114,7.725899999999999,3.211,70.522,Metadata_VT_Residential_VT_baseline_metadata_and_annual_results.csv,VT
246199,0,2115,16639.0,0-30%,,1,Cold,In another census Place,G5000250,,2 Unit,1,Other Fuel,68F,Yes,6F,Night -5h,"AC, SEER 15",100% Conditioned,Central AC,"Fuel Wall/Floor Furnace, 60% AFUE",Non-Ducted Heating,Other Fuel Fuel Wall/Floor Furnace,,,,15000-19999,1,200%,121%,Occupied,Natural Gas Standard,Natural Gas,12.25,0.0,56.06,0,30,0.0,0.0,0.0,0.0,0.0,7210.427539447183,0.0,0.0,0.0,0.0,0.0,0.0,4658.0715893173,4658.0715893173,0.0,0.0,0.0,0.0,11868.499128764484,7837.0,66917.0,8413.0,5.6718,5.3718,11.537,54.754,Metadata_VT_Residential_VT_baseline_metadata_and_annual_results.csv,VT
246806,0,2179,55104.0,60-80%,,5,Cold,In another census Place,G5000070,,Single-Family Detached,1,Fuel Oil,68F,Yes,6F,Night +3h,,,,"Fuel Boiler, 80% AFUE",Non-Ducted Heating,Fuel Oil Fuel Boiler,,,,50000-59999,2,200%,99%,Occupied,Fuel Oil Standard,Fuel Oil,0.0,0.0,85.56,0,50,0.0,213.64881015555,0.0,0.0,0.0,8551.813827625445,43911.13151497422,0.0,7076.787131448649,50987.91864642288,0.0,0.0,0.0,0.0,0.0,0.0,0.0,0.0,59539.73247404832,0.0,116597.0,15704.0,5.961,7.4741,0.0,89.936,Metadata_VT_Residential_VT_baseline_metadata_and_annual_results.csv,VT
247193,0,3310,108692.0,120-150%,,5,Cold,Not in a census Place,G5000070,,Single-Family Detached,1,Fuel Oil,70F,Yes,3F,Night +2h,"Room AC, EER 12.0",<10% Conditioned,Room AC,"Fuel Furnace, 80% AFUE",Ducted Heating,Fuel Oil Fuel Furnace,,,,100000-119999,2,200%,99%,Occupied,Fuel Oil Standard,Fuel Oil,2.95,0.0,102.64,0,50,0.0,1201.0052455657667,0.0,0.0,0.0,9160.81551144332,47919.46454171972,0.0,7045.721598010395,54965.18613973011,0.0,0.0,0.0,0.0,0.0,0.0,0.0,976.2197347436722,65102.2213859171,1688.0,134767.0,15693.0,6.5396,7.0543000000000005,3.113,105.145,Metadata_VT_Residential_VT_baseline_metadata_and_annual_results.csv,VT
247546,0,1228,107345.0,150%+,,2,Cold,In another census Place,G5000070,,Single-Family Detached,1,Natural Gas,68F,No,0F,,"Room AC, EER 10.7",40% Conditioned,Room AC,"Fuel Wall/Floor Furnace, 68% AFUE",Non-Ducted Heating,Natural Gas Fuel Wall/Floor Furnace,,,,100000-119999,1,50%,99%,Occupied,Electric Standard,Electricity,5.29,0.0,61.29,0,30,0.0,0.0,0.0,0.0,932.2590742178388,4940.592100963322,0.0,0.0,0.0,0.0,41386.03117437037,0.0,0.0,41929.67800953983,0.0,0.0,0.0,0.0,46870.27011050315,7607.0,96020.0,2078.0,5.238899999999999,4.879899999999999,8.876,61.329,Metadata_VT_Residential_VT_baseline_metadata_and_annual_results.csv,VT
248524,0,854,94954.0,100-120%,,2,Cold,In another census Place,G5000270,,3 or 4 Unit,3,Other Fuel,68F,No,0F,,"Room AC, EER 10.7",40% Conditioned,Room AC,"Fuel Boiler, 76% AFUE",Non-Ducted Heating,Other Fuel Fuel Boiler,,,,80000-99999,5,100%,121%,Occupied,Electric Premium,Electricity,3.82,0.0,18.75,0,30,0.0,66.23406185892222,0.0,0.0,4683.275701352111,11168.059271052873,0.0,0.0,0.0,0.0,0.0,0.0,0.0,1039.8161569710444,0.0,0.0,0.0,0.0,12207.875428023915,5372.0,15444.0,15173.0,7.7002,7.2599,4.245,16.747,Metadata_VT_Residential_VT_baseline_metadata_and_annual_results.csv,VT
249149,0,854,55104.0,60-80%,,1,Cold,"VT, Burlington",G5000070,,50 or more Unit,3,Fuel Oil,70F,No,0F,,"Room AC, EER 10.7",20% Conditioned,Room AC,Shared Heating,Non-Ducted Heating,Fuel Oil Shared Heating,,,,50000-59999,2,100%,94%,Occupied,Electric Standard,Electricity,1.18,0.0,17.03,0,30,0.0,152.39695648955555,0.0,0.0,2286.540489483677,5657.443938604577,9452.421226264683,0.0,0.0,9452.421226264683,0.0,0.0,0.0,0.0,0.0,0.0,0.0,0.0,15109.86516486926,371.0,24920.0,6781.0,5.8305,6.5924,1.193,25.914,Metadata_VT_Residential_VT_baseline_metadata_and_annual_results.csv,VT
249676,0,1682,15960.0,30-60%,,2,Cold,In another census Place,G5000170,,5 to 9 Unit,2,,72F,Yes,12F,Night +2h,,,,,,,,,,15000-19999,2,100%,94%,Occupied,Electric Standard,Electricity,0.0,0.0,0.0,0,30,0.0,0.0,0.0,0.0,2376.220236956378,5936.4475974085335,0.0,0.0,0.0,0.0,0.0,0.0,0.0,0.0,0.0,0.0,0.0,0.0,5936.4475974085335,0.0,0.0,6791.0,5.1921,5.929,0.0,0.0,Metadata_VT_Residential_VT_baseline_metadata_and_annual_results.csv,VT
251138,0,3171,64407.0,100-120%,,3,Cold,Not in a census Place,G5000010,,2 Unit,1,Fuel Oil,72F,Yes,3F,Night +1h,,,,Shared Heating,Ducted Heating,Fuel Oil Shared Heating,,,,60000-69999,1,200%,121%,Occupied,Fuel Oil Standard,Fuel Oil,0.0,0.0,94.57,0,40,0.0,190.49619561194444,0.0,0.0,0.0,10739.29629539091,65618.0264694202,0.0,4581.286968932178,70199.31343835239,0.0,0.0,0.0,0.0,0.0,0.0,0.0,0.0,80938.6097337433,0.0,171536.0,9163.0,9.1391,11.5284,0.0,118.133,Metadata_VT_Residential_VT_baseline_metadata_and_annual_results.csv,VT
251777,0,854,89096.0,100-120%,,2,Cold,Not in a census Place,G5000110,,50 or more Unit,4,Natural Gas,72F,No,0F,,Shared Cooling,100% Conditioned,Central AC,Shared Heating,Ducted Heating,Natural Gas Shared Heating,,,,80000-99999,2,50%,94%,Occupied,Natural Gas Standard,Natural Gas,5.1,0.0,9.24,0,30,0.0,266.6946738567222,0.0,0.0,0.0,2789.4504458992114,0.0,0.0,0.0,0.0,4466.696180494839,0.0,2795.0187962324835,8533.643421274766,0.0,0.0,0.0,0.0,11323.09386717398,3052.0,12248.0,3785.0,3.7699,3.5474,4.083,21.716,Metadata_VT_Residential_VT_baseline_metadata_and_annual_results.csv,VT
252636,0,1228,64828.0,60-80%,,3,Cold,In another census Place,G5000070,,Single-Family Detached,1,Natural Gas,68F,Yes,6F,Night -4h,,,,"Fuel Furnace, 92.5% AFUE",Ducted Heating,Natural Gas Fuel Furnace,,,,60000-69999,4,200%,99%,Occupied,Natural Gas Premium,Natural Gas,0.0,0.0,74.09,0,40,0.0,560.6449572394611,0.0,0.0,0.0,8753.153652833762,0.0,0.0,0.0,0.0,25793.18488585728,0.0,11425.375670664083,37218.56055652136,0.0,0.0,0.0,0.0,45971.71420935512,0.0,83000.0,28510.0,7.3605,7.6497,0.0,72.394,Metadata_VT_Residential_VT_baseline_metadata_and_annual_results.csv,VT
253264,0,1682,32204.0,60-80%,,4,Cold,Not in a census Place,G5000050,,3 or 4 Unit,2,Fuel Oil,65F,Yes,6F,Night -4h,"Room AC, EER 10.7",20% Conditioned,Room AC,Shared Heating,Ducted Heating,Fuel Oil Shared Heating,,,,30000-34999,1,50%,121%,Occupied,Propane Standard,Propane,3.06,0.0,37.0,0,40,0.0,114.00464629699444,0.0,0.0,0.0,3311.4100218759386,15662.59720321407,0.0,0.0,15662.59720321407,0.0,0.0,0.0,555.9558201167056,0.0,0.0,2630.3128547956944,2630.3128547956944,22160.27590000241,3016.0,40478.0,2769.0,7.4429,8.7854,5.11,50.987,Metadata_VT_Residential_VT_baseline_metadata_and_annual_results.csv,VT
253343,0,1682,280058.0,150%+,,2,Cold,Not in a census Place,G5000110,,50 or more Unit,4,Natural Gas,68F,Yes,3F,Night +5h,"AC, SEER 15",80% Conditioned,Central AC,"Fuel Furnace, 80% AFUE",Ducted Heating,Natural Gas Fuel Furnace,,,,200000+,2,100%,94%,Occupied,Natural Gas Standard,Natural Gas,6.05,0.0,15.28,0,30,0.0,104.91944312165556,0.0,0.0,0.0,4534.395597704622,0.0,0.0,0.0,0.0,4185.054882059333,0.0,4356.501458110083,9322.590742178389,0.0,0.0,0.0,0.0,13856.98633988301,1064.0,11767.0,7777.0,16.4073,16.392599999999998,5.885,18.88,Metadata_VT_Residential_VT_baseline_metadata_and_annual_results.csv,VT
253639,0,854,89096.0,150%+,,3,Cold,Not in a census Place,G5000150,,2 Unit,2,Propane,70F,No,0F,,"Room AC, EER 10.7",100% Conditioned,Room AC,Shared Heating,Non-Ducted Heating,Propane Shared Heating,,,,80000-99999,2,50%,121%,Occupied,Electric Premium,Electricity,8.61,0.0,39.94,0,50,0.0,108.14322489355,0.0,0.0,1481.1811886504113,5990.6657453903945,0.0,0.0,0.0,0.0,0.0,0.0,0.0,624.8275216071778,16388.82731510084,0.0,0.0,16388.82731510084,23004.32058209841,10146.0,41287.0,4350.0,6.7551000000000005,7.2493,7.111,33.865,Metadata_VT_Residential_VT_baseline_metadata_and_annual_results.csv,VT
254547,0,881,55558.0,60-80%,,3,Cold,Not in a census Place,G5000050,,Single-Family Detached,2,Propane,68F,Yes,3F,Night -5h,"Room AC, EER 10.7",20% Conditioned,Room AC,"Fuel Boiler, 80% AFUE",Non-Ducted Heating,Propane Fuel Boiler,,,,50000-59999,4,50%,99%,Occupied,Electric Standard,Electricity,2.53,0.0,34.01,0,50,0.0,113.41850415665,0.0,0.0,2693.909277023067,6530.795727717799,0.0,0.0,0.0,0.0,0.0,0.0,0.0,0.0,18081.31274534542,0.0,0.0,18946.16547342365,25476.96120114145,2671.0,48050.0,8054.0,7.7942,7.672,4.353,40.82,Metadata_VT_Residential_VT_baseline_metadata_and_annual_results.csv,VT
255664,0,881,0.0,Not Available,,3,Cold,In another census Place,G5000070,,Single-Family Detached,1,Propane,55F,No,0F,,"AC, SEER 13",100% Conditioned,Central AC,"Fuel Furnace, 80% AFUE",Ducted Heating,Propane Fuel Furnace,,,,Not Available,0,200%,99%,Vacant,Electric Tankless,Electricity,19.67,0.0,54.61,0,0,0.0,257.3163996112111,0.0,0.0,0.0,2909.9026557399943,0.0,0.0,0.0,0.0,0.0,0.0,0.0,0.0,10261.297379940015,0.0,0.0,10261.297379940015,13171.20003568001,5058.0,28887.0,0.0,2.0677,0.5054,15.757,31.115,Metadata_VT_Residential_VT_baseline_metadata_and_annual_results.csv,VT
256855,0,623,11140.0,0-30%,,1,Cold,In another census Place,G5000270,,2 Unit,1,Electricity,70F,Yes,6F,Night -4h,,,,Shared Heating,Ducted Heating,Electricity Shared Heating,,,,10000-14999,1,100%,121%,Occupied,Natural Gas Premium,Natural Gas,0.0,0.0,22.29,0,30,8873.312791604372,140.38104261249444,0.0,0.0,0.0,12880.180462998997,0.0,0.0,0.0,0.0,0.0,0.0,2503.12001034095,2503.12001034095,0.0,0.0,0.0,0.0,15383.300473339945,0.0,29799.0,4224.0,9.6606,15.9036,0.0,42.216,Metadata_VT_Residential_VT_baseline_metadata_and_annual_results.csv,VT
256946,0,1207,89096.0,120-150%,,3,Cold,"VT, Burlington",G5000070,,Single-Family Attached,2,Natural Gas,68F,No,0F,,"AC, SEER 13",80% Conditioned,Central AC,"Fuel Furnace, 80% AFUE",Ducted Heating,Natural Gas Fuel Furnace,,,,80000-99999,2,200%,84%,Occupied,Natural Gas Standard,Natural Gas,9.95,0.0,50.39,0,40,0.0,557.1281043973944,0.0,0.0,0.0,6038.143258758295,0.0,0.0,0.0,0.0,22239.40508894891,0.0,6807.74788903055,29574.38783321929,0.0,0.0,0.0,0.0,35612.53109197759,5655.0,62604.0,13957.0,4.3806,3.4771,9.538,55.069,Metadata_VT_Residential_VT_baseline_metadata_and_annual_results.csv,VT
257414,0,623,22473.0,30-60%,,1,Cold,In another census Place,G5000030,,2 Unit,2,Fuel Oil,70F,No,0F,,"Room AC, EER 10.7",80% Conditioned,Room AC,Shared Heating,Ducted Heating,Fuel Oil Shared Heating,,,,20000-24999,2,50%,121%,Occupied,Electric Standard,Electricity,6.68,0.0,25.91,0,30,0.0,185.51398741901667,0.0,0.0,1324.6812371784442,4415.4087432147,17486.671543965982,0.0,0.0,17486.671543965982,0.0,0.0,0.0,0.0,0.0,0.0,0.0,0.0,21902.08028718068,5183.0,46014.0,3468.0,4.0177,4.6911000000000005,6.295,37.356,Metadata_VT_Residential_VT_baseline_metadata_and_annual_results.csv,VT
258038,0,1682,54023.0,100-120%,,3,Cold,Not in a census Place,G5000010,,2 Unit,2,Fuel Oil,80F,Yes,6F,Night -5h,"Room AC, EER 12.0",20% Conditioned,Room AC,"Fuel Furnace, 80% AFUE",Ducted Heating,Fuel Oil Fuel Furnace,,,,50000-59999,1,200%,121%,Occupied,Electric Standard,Electricity,3.49,0.0,97.5,0,50,0.0,1716.8103290688778,0.0,0.0,2709.735114812366,12063.391390429011,68477.52090109058,0.0,0.0,68477.52090109058,0.0,0.0,0.0,0.0,0.0,0.0,0.0,0.0,80540.91229151959,1045.0,192301.0,8322.0,10.3196,13.8374,4.254,107.996,Metadata_VT_Residential_VT_baseline_metadata_and_annual_results.csv,VT
258108,0,2179,55104.0,60-80%,,4,Cold,Not in a census Place,G5000070,,Single-Family Detached,1,Electricity,70F,No,0F,,Ducted Heat Pump,100% Conditioned,Ducted Heat Pump,"ASHP, SEER 13, 7.7 HSPF",Ducted Heat Pump,Electricity ASHP,,,,50000-59999,2,100%,99%,Occupied,Electric Standard,Electricity,20.39,86.92,20.39,0,50,7462.175588725122,285.1581512775722,18484.28546683223,203.09825162935,2738.456079689244,34782.55382124985,0.0,0.0,0.0,0.0,0.0,0.0,0.0,0.0,0.0,0.0,0.0,0.0,34782.55382124985,6686.0,124497.0,8299.0,13.2249,28.53,16.475,70.631,Metadata_VT_Residential_VT_baseline_metadata_and_annual_results.csv,VT
259706,0,854,63747.0,80-100%,,2,Cold,"VT, Burlington",G5000070,,20 to 49 Unit,2,Natural Gas,68F,No,0F,,Shared Cooling,100% Conditioned,Central AC,"Fuel Furnace, 92.5% AFUE",Ducted Heating,Natural Gas Fuel Furnace,,,,60000-69999,2,100%,94%,Occupied,Natural Gas Standard,Natural Gas,9.01,0.0,7.35,0,30,0.0,34.87545735049444,0.0,0.0,0.0,4068.119525060617,0.0,0.0,0.0,0.0,1596.6511902982668,0.0,4489.848795038444,6867.534387345683,0.0,0.0,0.0,0.0,10935.6539124063,10715.0,5159.0,7792.0,6.083699999999999,5.6294,8.135,8.72,Metadata_VT_Residential_VT_baseline_metadata_and_annual_results.csv,VT
259895,0,1207,74751.0,100-120%,,3,Cold,"VT, Burlington",G5000070,,Single-Family Attached,2,Natural Gas,70F,Yes,3F,Night +4h,"AC, SEER 13",100% Conditioned,Central AC,"Fuel Furnace, 92.5% AFUE",Ducted Heating,Natural Gas Fuel Furnace,,,,70000-79999,1,100%,84%,Occupied,Electric Standard,Electricity,5.81,0.0,12.79,0,50,0.0,105.505585262,0.0,0.0,1635.6296426311724,5915.932622496478,0.0,0.0,0.0,0.0,4857.066845964239,0.0,0.0,8389.452454750033,0.0,0.0,0.0,0.0,14305.385077246512,6629.0,15674.0,4507.0,8.2827,8.6093,6.408,18.183,Metadata_VT_Residential_VT_baseline_metadata_and_annual_results.csv,VT
260858,0,322,16639.0,0-30%,,1,Cold,Not in a census Place,G5000070,,5 to 9 Unit,7,Natural Gas,60F,Yes,3F,Night -5h,"AC, SEER 8",100% Conditioned,Central AC,"Fuel Furnace, 80% AFUE",Ducted Heating,Natural Gas Fuel Furnace,,,,15000-19999,1,50%,94%,Occupied,Natural Gas Standard,Natural Gas,8.83,0.0,14.55,0,30,0.0,48.649797648588894,0.0,0.0,0.0,3183.044893140506,0.0,0.0,0.0,0.0,3675.697362100011,0.0,2489.3456700428555,6165.043032142867,0.0,0.0,0.0,0.0,9348.087925283373,9597.0,10188.0,2281.0,5.856,4.797899999999999,9.382,11.978,Metadata_VT_Residential_VT_baseline_metadata_and_annual_results.csv,VT
261327,0,3310,92315.0,100-120%,,5,Cold,Not in a census Place,G5000070,,Single-Family Detached,2,Natural Gas,68F,Yes,3F,Night +1h,,,,"Fuel Wall/Floor Furnace, 60% AFUE",Non-Ducted Heating,Natural Gas Fuel Wall/Floor Furnace,,,,80000-99999,3,100%,99%,Occupied,Natural Gas Standard,Natural Gas,0.0,0.0,97.71,0,50,0.0,0.0,0.0,0.0,0.0,5403.6443918354325,0.0,0.0,0.0,0.0,73596.88635485896,0.0,6377.226486947556,81822.21901031256,0.0,0.0,0.0,0.0,87225.863402148,0.0,150443.0,12450.0,2.2526,2.6501,0.0,96.658,Metadata_VT_Residential_VT_baseline_metadata_and_annual_results.csv,VT
262002,0,3310,74877.0,100-120%,,4,Cold,In another census Place,G5000110,,Single-Family Detached,2,Other Fuel,70F,No,0F,,"Room AC, EER 9.8",20% Conditioned,Room AC,"Fuel Wall/Floor Furnace, 60% AFUE",Non-Ducted Heating,Other Fuel Fuel Wall/Floor Furnace,,,,70000-79999,2,100%,99%,Occupied,Electric Standard,Electricity,7.15,0.0,112.42,0,50,0.0,0.0,0.0,0.0,2903.455092196205,10077.541818942034,0.0,0.0,0.0,0.0,0.0,0.0,0.0,0.0,0.0,0.0,0.0,0.0,10077.541818942034,9547.0,138459.0,8733.0,10.5646,10.7703,10.334,106.212,Metadata_VT_Residential_VT_baseline_metadata_and_annual_results.csv,VT
262655,0,1698,108692.0,150%+,,3,Cold,Not in a census Place,G5000110,,Single-Family Detached,1,Other Fuel,75F,No,0F,,"Room AC, EER 10.7",20% Conditioned,Room AC,"Fuel Wall/Floor Furnace, 60% AFUE",Non-Ducted Heating,Other Fuel Fuel Wall/Floor Furnace,,,,100000-119999,2,100%,99%,Occupied,Electric Standard,Electricity,2.01,0.0,27.46,0,50,0.0,0.0,0.0,0.0,2860.6667159510607,7562.11282365385,0.0,0.0,0.0,0.0,0.0,0.0,0.0,0.0,0.0,0.0,0.0,0.0,7562.11282365385,1833.0,49567.0,8720.0,11.6536,12.2607,2.446,30.96,Metadata_VT_Residential_VT_baseline_metadata_and_annual_results.csv,VT
263260,0,881,32204.0,60-80%,,1,Cold,In another census Place,G5000150,,Single-Family Detached,1,Other Fuel,68F,No,0F,,"AC, SEER 13",100% Conditioned,Central AC,"Fuel Wall/Floor Furnace, 60% AFUE",Non-Ducted Heating,Other Fuel Fuel Wall/Floor Furnace,,,,30000-34999,1,100%,99%,Occupied,Electric Premium,Electricity,7.46,0.0,17.46,0,30,0.0,0.0,0.0,0.0,1480.5950465100666,6035.798690196916,0.0,0.0,0.0,0.0,0.0,0.0,0.0,0.0,0.0,0.0,0.0,679.6318117293833,6715.430501926299,2040.0,27034.0,4416.0,15.6295,15.605,7.34,29.121,Metadata_VT_Residential_VT_baseline_metadata_and_annual_results.csv,VT
263831,0,1228,47457.0,80-100%,,3,Cold,Not in a census Place,G5000270,,Single-Family Detached,1,Fuel Oil,70F,Yes,3F,Night -5h,,,,"Fuel Furnace, 80% AFUE",Ducted Heating,Fuel Oil Fuel Furnace,,,,45000-49999,2,200%,99%,Occupied,Fuel Oil Standard,Fuel Oil,0.0,0.0,75.15,0,40,0.0,895.332119376139,0.0,0.0,0.0,7424.95556281325,35439.326089505805,0.0,7225.960306166311,42665.28639567211,0.0,0.0,0.0,0.0,0.0,0.0,0.0,0.0,50090.24195848536,0.0,99674.0,15894.0,5.0446,5.45,0.0,73.501,Metadata_VT_Residential_VT_baseline_metadata_and_annual_results.csv,VT
265465,0,3310,109096.0,120-150%,,3,Cold,Not in a census Place,G5000070,,Single-Family Detached,2,Fuel Oil,68F,Yes,6F,Night -2h,,,,"Fuel Boiler, 90% AFUE",Non-Ducted Heating,Fuel Oil Fuel Boiler,,,,100000-119999,3,100%,99%,Occupied,Fuel Oil Standard,Fuel Oil,0.0,0.0,111.71,0,40,0.0,221.26865798002777,0.0,0.0,0.0,6837.641138188116,52787.37501728032,0.0,6097.050543862911,58884.42556114323,0.0,0.0,0.0,0.0,0.0,0.0,0.0,0.0,65722.06669933135,0.0,157482.0,12522.0,7.534800000000001,7.6085,0.0,148.909,Metadata_VT_Residential_VT_baseline_metadata_and_annual_results.csv,VT
266251,0,1228,42395.0,30-60%,,3,Cold,In another census Place,G5000270,,Single-Family Detached,1,Fuel Oil,68F,Yes,3F,Night +3h,,,,"Fuel Furnace, 80% AFUE",Ducted Heating,Fuel Oil Fuel Furnace,,,,40000-44999,4,50%,99%,Occupied,Fuel Oil Standard,Fuel Oil,0.0,0.0,32.94,0,40,0.0,440.48581846885,0.0,0.0,0.0,3547.3322333645774,17453.261441966348,0.0,3957.0455894653446,21410.600102501867,0.0,0.0,0.0,0.0,0.0,0.0,0.0,0.0,24957.932335866444,0.0,49092.0,7327.0,3.7184,3.8986,0.0,35.173,Metadata_VT_Residential_VT_baseline_metadata_and_annual_results.csv,VT
266897,0,1698,89096.0,150%+,,3,Cold,In another census Place,G5000270,,Single-Family Detached,1,Other Fuel,70F,No,0F,,,,,"Fuel Wall/Floor Furnace, 60% AFUE",Non-Ducted Heating,Other Fuel Fuel Wall/Floor Furnace,,,,80000-99999,2,200%,99%,Occupied,Electric Standard,Electricity,0.0,0.0,61.45,0,50,0.0,0.0,0.0,0.0,5007.412304962589,11923.010347816517,0.0,0.0,0.0,0.0,0.0,0.0,0.0,0.0,0.0,0.0,0.0,0.0,11923.010347816517,0.0,104721.0,16074.000000000002,11.1734,13.1645,0.0,60.616,Metadata_VT_Residential_VT_baseline_metadata_and_annual_results.csv,VT
267117,0,623,4849.0,0-30%,,1,Cold,Not in a census Place,G5000270,,20 to 49 Unit,1,Fuel Oil,70F,No,0F,,"AC, SEER 13",80% Conditioned,Central AC,"Fuel Boiler, 90% AFUE",Non-Ducted Heating,Fuel Oil Fuel Boiler,,,,<10000,1,100%,94%,Occupied,Natural Gas Standard,Natural Gas,4.62,0.0,9.57,0,30,0.0,152.39695648955555,0.0,0.0,0.0,4013.901377078756,2982.291210072533,0.0,0.0,2982.291210072533,0.0,0.0,3351.5607584895333,4046.1391947977,0.0,0.0,0.0,0.0,11042.33178194899,5944.0,9232.0,4681.0,10.1417,11.7281,7.517,19.074,Metadata_VT_Residential_VT_baseline_metadata_and_annual_results.csv,VT
267199,0,2179,280058.0,150%+,,3,Cold,Not in a census Place,G5000270,,Single-Family Detached,1,Fuel Oil,68F,No,0F,,"Room AC, EER 10.7",20% Conditioned,Room AC,"Fuel Boiler, 80% AFUE",Non-Ducted Heating,Fuel Oil Fuel Boiler,,,,200000+,2,50%,99%,Occupied,Electric Standard,Electricity,4.79,0.0,75.1,0,50,0.0,253.79954676914443,0.0,0.0,1631.2335765785888,5598.536653499961,45682.74613416531,0.0,0.0,45682.74613416531,0.0,0.0,0.0,0.0,0.0,0.0,0.0,1031.0240248658777,52312.30681253116,2338.0,121259.0,4285.0,4.2735,4.8037,5.596,71.126,Metadata_VT_Residential_VT_baseline_metadata_and_annual_results.csv,VT
267793,0,1228,169093.0,150%+,,3,Cold,In another census Place,G5000150,,Single-Family Detached,1,Other Fuel,70F,Yes,3F,Night -2h,,,,"Fuel Wall/Floor Furnace, 60% AFUE",Non-Ducted Heating,Other Fuel Fuel Wall/Floor Furnace,,,,160000-179999,2,100%,99%,Occupied,Electric Standard,Electricity,0.0,0.0,32.61,0,50,0.0,0.0,0.0,0.0,2815.5337711445386,6328.283618228795,0.0,0.0,0.0,0.0,0.0,0.0,0.0,0.0,0.0,0.0,0.0,813.5652907980889,7141.848909026883,0.0,54610.0,8316.0,9.0153,10.5109,0.0,37.38,Metadata_VT_Residential_VT_baseline_metadata_and_annual_results.csv,VT
268126,0,1228,54667.0,60-80%,,3,Cold,In another census Place,G5000070,,Mobile Home,1,Propane,72F,No,0F,,"Room AC, EER 12.0",20% Conditioned,Room AC,"Fuel Furnace, 80% AFUE",Ducted Heating,Propane Fuel Furnace,,,,50000-59999,5,200%,137%,Occupied,Propane Premium,Propane,2.69,0.0,43.49,0,40,0.0,546.5775458711944,0.0,0.0,0.0,11689.725775959429,0.0,0.0,0.0,0.0,0.0,0.0,0.0,0.0,21798.62619940989,0.0,13786.063140901331,35584.68934031122,47274.41511627065,3093.0,61328.0,34910.0,6.357,7.1644,4.228,43.362,Metadata_VT_Residential_VT_baseline_metadata_and_annual_results.csv,VT
269423,0,2678,107345.0,150%+,,2,Cold,Not in a census Place,G5000070,,Single-Family Detached,3,Fuel Oil,72F,Yes,3F,Day and Night -4h,,,,"Fuel Furnace, 80% AFUE",Ducted Heating,Fuel Oil Fuel Furnace,,,,100000-119999,1,100%,99%,Occupied,Electric Premium,Electricity,0.0,0.0,143.98,0,30,0.0,2139.4188122572223,0.0,0.0,1313.5445365119,8289.808290891478,85357.53532980007,0.0,0.0,85357.53532980007,0.0,0.0,0.0,0.0,0.0,0.0,0.0,0.0,93647.34362069156,0.0,239961.0,3895.0,7.2394,9.6822,0.0,149.131,Metadata_VT_Residential_VT_baseline_metadata_and_annual_results.csv,VT
270751,0,854,4849.0,0-30%,,1,Cold,Not in a census Place,G5000270,,5 to 9 Unit,3,Electricity,70F,Yes,3F,Day and Night +3h,"Room AC, EER 10.7",40% Conditioned,Room AC,"Electric Boiler, 100% AFUE",Non-Ducted Heating,Electricity Electric Boiler,,,,<10000,1,200%,94%,Occupied,Electric Premium,Electricity,4.29,0.0,29.9,0,30,9452.128155194512,82.64604178856666,0.0,0.0,2606.8671691819163,17696.510430209295,0.0,0.0,0.0,0.0,0.0,0.0,0.0,0.0,0.0,0.0,0.0,0.0,17696.510430209295,4208.0,30609.0,8205.0,5.0545,9.7761,4.627,26.095,Metadata_VT_Residential_VT_baseline_metadata_and_annual_results.csv,VT
272804,0,854,64407.0,120-150%,,1,Cold,Not in a census Place,G5000270,,20 to 49 Unit,3,Fuel Oil,70F,No,0F,,"Room AC, EER 10.7",100% Conditioned,Room AC,Shared Heating,Non-Ducted Heating,Fuel Oil Shared Heating,,,,60000-69999,1,100%,94%,Occupied,Electric Standard,Electricity,12.18,0.0,20.16,0,30,0.0,143.60482438438888,0.0,0.0,1769.563121699878,5874.609601602195,10532.974261989666,0.0,0.0,10532.974261989666,0.0,0.0,0.0,0.0,0.0,0.0,0.0,0.0,16407.583863591863,9316.0,27483.0,4970.0,17.7847,16.0553,10.843,42.775,Metadata_VT_Residential_VT_baseline_metadata_and_annual_results.csv,VT
273467,0,1228,149501.0,150%+,,3,Cold,In another census Place,G5000010,,Single-Family Detached,1,Fuel Oil,68F,Yes,3F,Night -2h,,,,"Fuel Furnace, 92.5% AFUE",Ducted Heating,Fuel Oil Fuel Furnace,,,,140000-159999,2,200%,99%,Occupied,Electric Standard,Electricity,0.0,0.0,45.25,0,50,0.0,365.1665534345889,0.0,0.0,4758.594966386372,11691.19113131029,16797.954529061262,0.0,0.0,16797.954529061262,0.0,0.0,0.0,0.0,0.0,0.0,0.0,0.0,28489.145660371552,0.0,54216.0,15205.0,14.0866,12.1509,0.0,52.957,Metadata_VT_Residential_VT_baseline_metadata_and_annual_results.csv,VT
274694,0,881,109096.0,150%+,,2,Cold,In another census Place,G5000190,,Single-Family Detached,1,Fuel Oil,75F,Yes,6F,Night +5h,"Room AC, EER 12.0",20% Conditioned,Room AC,"Fuel Wall/Floor Furnace, 68% AFUE",Non-Ducted Heating,Fuel Oil Fuel Wall/Floor Furnace,,,,100000-119999,3,50%,99%,Occupied,Fuel Oil Standard,Fuel Oil,2.35,0.0,54.18,0,30,0.0,0.0,0.0,0.0,0.0,3326.356646454722,41036.69045872507,0.0,3744.275992520311,44780.96645124538,0.0,0.0,0.0,0.0,0.0,0.0,0.0,0.0,48107.32309770011,1252.0,95106.0,6844.0,8.9268,8.6814,2.983,53.946,Metadata_VT_Residential_VT_baseline_metadata_and_annual_results.csv,VT
274704,0,2179,89096.0,150%+,,3,Cold,Not in a census Place,G5000270,,Single-Family Detached,3,Propane,70F,Yes,3F,Night,,,,"Fuel Furnace, 80% AFUE",Ducted Heating,Propane Fuel Furnace,,,,80000-99999,2,100%,99%,Occupied,Propane Standard,Propane,0.0,0.0,120.1,0,40,0.0,1349.8853492132555,0.0,0.0,0.0,5597.0712981491,0.0,0.0,0.0,0.0,0.0,0.0,0.0,0.0,53456.45627048351,0.0,4509.777627810156,58779.79918909175,64376.87048724085,0.0,150306.0,8170.999999999999,2.9914,4.413399999999999,0.0,110.439,Metadata_VT_Residential_VT_baseline_metadata_and_annual_results.csv,VT
275909,0,623,22223.0,30-60%,,1,Cold,Not in a census Place,G5000150,,3 or 4 Unit,2,Electricity,65F,No,0F,,"Room AC, EER 12.0",20% Conditioned,Room AC,"Electric Baseboard, 100% Efficiency",Non-Ducted Heating,Electricity Baseboard,,,,20000-24999,1,50%,121%,Occupied,Electric Standard,Electricity,1.69,0.0,24.39,0,30,8177.562071015516,0.0,0.0,0.0,998.7862071469332,11969.315576903728,0.0,0.0,0.0,0.0,0.0,0.0,0.0,0.0,0.0,0.0,0.0,0.0,11969.315576903728,1546.0,27901.0,2092.0,3.4476,7.667800000000001,2.103,20.578,Metadata_VT_Residential_VT_baseline_metadata_and_annual_results.csv,VT
276067,0,3310,149501.0,150%+,,4,Cold,"VT, Burlington",G5000070,,Single-Family Detached,1,Propane,68F,No,0F,,"Room AC, EER 10.7",<10% Conditioned,Room AC,"Fuel Furnace, 80% AFUE",Ducted Heating,Propane Fuel Furnace,,,,140000-159999,2,200%,99%,Occupied,Propane Standard,Propane,1.54,0.0,90.54,0,40,0.0,1127.1513358823668,0.0,0.0,0.0,8979.404519006717,0.0,0.0,0.0,0.0,0.0,0.0,0.0,0.0,44959.153661910095,0.0,7408.250511813433,53343.6239084672,62323.02842747392,1575.0,126562.0,15656.0,3.8856,4.581899999999999,2.303,84.806,Metadata_VT_Residential_VT_baseline_metadata_and_annual_results.csv,VT
276347,0,1228,74909.0,80-100%,,5,Cold,"VT, Burlington",G5000070,,Single-Family Detached,1,Fuel Oil,67F,Yes,3F,Night +2h,,,,"Fuel Furnace, 92.5% AFUE",Ducted Heating,Fuel Oil Fuel Furnace,,,,70000-79999,3,50%,99%,Occupied,Electric Standard,Electricity,0.0,0.0,68.7,0,66,0.0,541.0091955379222,0.0,0.0,2278.3344995188554,7471.26079190046,24881.733857621668,0.0,0.0,24881.733857621668,0.0,0.0,0.0,0.0,0.0,0.0,0.0,0.0,32352.99464952213,0.0,80291.0,6717.0,9.4525,11.4515,0.0,64.345,Metadata_VT_Residential_VT_baseline_metadata_and_annual_results.csv,VT
276725,0,2179,189083.0,150%+,,4,Cold,Not in a census Place,G5000070,,Single-Family Detached,2,Fuel Oil,65F,Yes,6F,Day and Night +3h,,,,"Fuel Boiler, 90% AFUE",Non-Ducted Heating,Fuel Oil Fuel Boiler,,,,180000-199999,2,100%,99%,Occupied,Fuel Oil Standard,Fuel Oil,0.0,0.0,69.51,0,40,0.0,185.8070584891889,0.0,0.0,0.0,6390.121614035133,27686.42399916984,0.0,4315.1784372158,32001.60243638564,0.0,0.0,0.0,0.0,0.0,0.0,0.0,813.5652907980889,39205.28934121886,0.0,82827.0,8083.0,4.9858,5.467,0.0,86.894,Metadata_VT_Residential_VT_baseline_metadata_and_annual_results.csv,VT
276945,0,1138,27621.0,30-60%,,2,Cold,In another census Place,G5000210,,10 to 19 Unit,2,Fuel Oil,68F,No,0F,,"Room AC, EER 12.0",20% Conditioned,Room AC,Shared Heating,Non-Ducted Heating,Fuel Oil Shared Heating,,,,25000-29999,2,200%,94%,Occupied,Natural Gas Standard,Natural Gas,1.87,0.0,28.63,0,30,0.0,114.00464629699444,0.0,0.0,0.0,4900.7344354199,12241.28553002355,0.0,0.0,12241.28553002355,0.0,0.0,6586.772302120695,6586.772302120695,0.0,0.0,0.0,0.0,23728.792267564146,2389.0,31325.0,13334.0,2.09,2.3133000000000004,2.05,25.227,Metadata_VT_Residential_VT_baseline_metadata_and_annual_results.csv,VT
277501,0,854,41258.0,30-60%,,2,Cold,Not in a census Place,G5000070,,5 to 9 Unit,2,Electricity,75F,Yes,3F,Night +5h,"Room AC, EER 12.0",20% Conditioned,Room AC,Shared Heating,Ducted Heating,Electricity Shared Heating,,,,40000-44999,3,50%,94%,Occupied,Electric Standard,Electricity,1.52,0.0,10.69,0,30,4200.294577708289,135.10576334939444,0.0,0.0,1737.9114461212778,9324.642239669594,0.0,0.0,0.0,0.0,0.0,0.0,0.0,0.0,0.0,0.0,0.0,0.0,9324.642239669594,2149.0,14386.0,4849.0,3.675,6.724,2.179,18.024,Metadata_VT_Residential_VT_baseline_metadata_and_annual_results.csv,VT
277891,0,1698,42184.0,80-100%,,3,Cold,Not in a census Place,G5000010,,Single-Family Detached,1,Fuel Oil,70F,Yes,6F,Night +5h,"Room AC, EER 10.7",20% Conditioned,Room AC,"Fuel Furnace, 80% AFUE",Ducted Heating,Fuel Oil Fuel Furnace,,,,40000-44999,1,100%,99%,Occupied,Electric Standard,Electricity,2.56,0.0,45.72,0,50,0.0,692.8200098871333,0.0,0.0,1516.349717071078,6736.238547908528,27629.56821155642,0.0,0.0,27629.56821155642,0.0,0.0,0.0,0.0,0.0,0.0,0.0,0.0,34365.80675946495,1634.0,77625.0,4080.0,33.2199,33.2308,9.586,57.092,Metadata_VT_Residential_VT_baseline_metadata_and_annual_results.csv,VT
278355,0,1138,47457.0,80-100%,,4,Cold,Not in a census Place,G5000210,,2 Unit,2,Natural Gas,72F,No,0F,,"Room AC, EER 9.8",40% Conditioned,Room AC,Shared Heating,Non-Ducted Heating,Natural Gas Shared Heating,,,,45000-49999,1,200%,121%,Occupied,Natural Gas Standard,Natural Gas,5.42,0.0,33.22,0,40,0.0,172.03271819109443,0.0,0.0,0.0,6297.511155860711,0.0,0.0,0.0,0.0,20872.81468873584,0.0,4775.593088456361,26482.19497183217,0.0,0.0,0.0,0.0,32779.70612769289,4490.0,54658.0,8952.0,5.8986,5.9671,7.834,45.402,Metadata_VT_Residential_VT_baseline_metadata_and_annual_results.csv,VT
278917,0,2678,4849.0,0-30%,,4,Cold,Not in a census Place,G5000010,,Single-Family Detached,1,Fuel Oil,70F,No,0F,,,,,"Fuel Furnace, 80% AFUE",Ducted Heating,Fuel Oil Fuel Furnace,,,,<10000,1,100%,99%,Occupied,Electric Standard,Electricity,0.0,0.0,85.39,0,50,0.0,1322.629739687239,0.0,0.0,1578.4807839475889,7501.4471121282,52775.65217447344,0.0,0.0,52775.65217447344,0.0,0.0,0.0,0.0,0.0,0.0,0.0,0.0,60277.09928660163,0.0,148566.0,4366.0,13.1163,14.8252,0.0,88.441,Metadata_VT_Residential_VT_baseline_metadata_and_annual_results.csv,VT
279420,0,881,54023.0,80-100%,,2,Cold,In another census Place,G5000070,,Single-Family Detached,1,Fuel Oil,70F,Yes,6F,Night +1h,"Room AC, EER 12.0",20% Conditioned,Room AC,"Fuel Furnace, 80% AFUE",Ducted Heating,Fuel Oil Fuel Furnace,,,,50000-59999,1,100%,99%,Occupied,Fuel Oil Standard,Fuel Oil,3.76,0.0,84.77,0,30,0.0,1133.8919704963278,0.0,0.0,0.0,4983.087406138295,45235.81275215267,0.0,2877.371766950878,48112.89144803338,0.0,0.0,0.0,0.0,0.0,0.0,0.0,679.6318117293833,53775.610665901055,682.0,127040.0,4354.0,5.5249,5.728,4.023,85.066,Metadata_VT_Residential_VT_baseline_metadata_and_annual_results.csv,VT
279739,0,2179,89096.0,120-150%,,3,Cold,Not in a census Place,G5000050,,Single-Family Detached,2,Propane,70F,Yes,6F,Night +5h,"Room AC, EER 10.7",20% Conditioned,Room AC,"Fuel Boiler, 80% AFUE",Non-Ducted Heating,Propane Fuel Boiler,,,,80000-99999,2,50%,99%,Occupied,Electric Premium,Electricity,2.95,0.0,49.48,0,50,0.0,103.45408777079444,0.0,0.0,1504.0407321238442,8895.000050797116,0.0,0.0,0.0,0.0,0.0,0.0,0.0,0.0,24228.18537113761,0.0,0.0,24608.298549150983,33503.2985999481,2471.0,63551.0,4327.0,4.6961,5.1193,4.232,61.45,Metadata_VT_Residential_VT_baseline_metadata_and_annual_results.csv,VT
280231,0,881,54746.0,60-80%,,3,Cold,Not in a census Place,G5000050,,Single-Family Detached,2,Fuel Oil,70F,Yes,3F,Night,"Room AC, EER 10.7",60% Conditioned,Room AC,"Fuel Boiler, 80% AFUE",Non-Ducted Heating,Fuel Oil Fuel Boiler,,,,50000-59999,3,100%,99%,Occupied,Fuel Oil Standard,Fuel Oil,9.62,0.0,52.92,0,40,0.0,255.85104426035,0.0,0.0,0.0,7510.532315303539,32333.06581675042,0.0,5990.07960325005,38323.43849107064,0.0,0.0,0.0,0.0,0.0,0.0,0.0,0.0,45833.97080637417,3909.0,86331.0,12813.0,8.5241,7.914,8.953,64.411,Metadata_VT_Residential_VT_baseline_metadata_and_annual_results.csv,VT
280321,0,1228,47457.0,80-100%,,2,Cold,Not in a census Place,G5000210,,Single-Family Detached,1,Fuel Oil,70F,Yes,12F,Night -1h,"Room AC, EER 12.0",40% Conditioned,Room AC,"Fuel Furnace, 80% AFUE",Ducted Heating,Fuel Oil Fuel Furnace,,,,45000-49999,1,50%,99%,Occupied,Propane Standard,Propane,6.91,0.0,72.27,0,30,0.0,875.9894287447722,0.0,0.0,0.0,3766.842464923572,34434.97153202559,0.0,0.0,34434.97153202559,0.0,0.0,0.0,0.0,0.0,0.0,2528.3241223757614,3027.717225949228,41229.5312228984,8275.0,96202.0,2422.0,5.4073,5.9455,9.328,72.624,Metadata_VT_Residential_VT_baseline_metadata_and_annual_results.csv,VT
281090,0,1228,22425.0,0-30%,,3,Cold,In another census Place,G5000230,,Single-Family Detached,1,Fuel Oil,70F,No,0F,,,,,"Fuel Wall/Floor Furnace, 68% AFUE",Non-Ducted Heating,Fuel Oil Fuel Wall/Floor Furnace,,,,20000-24999,4,200%,99%,Occupied,Propane Premium,Propane,0.0,0.0,45.03,0,40,0.0,0.0,0.0,0.0,0.0,8483.528268275317,27322.722801086104,0.0,0.0,27322.722801086104,0.0,0.0,0.0,0.0,0.0,0.0,12031.153572710067,12031.153572710067,47837.40464207149,0.0,63391.0,30315.0,6.7365,7.0536,0.0,45.449,Metadata_VT_Residential_VT_baseline_metadata_and_annual_results.csv,VT
281768,0,3310,108692.0,150%+,,4,Cold,Not in a census Place,G5000210,,Single-Family Detached,2,Fuel Oil,65F,No,0F,,"Room AC, EER 10.7",20% Conditioned,Room AC,"Fuel Furnace, 80% AFUE",Ducted Heating,Fuel Oil Fuel Furnace,,,,100000-119999,2,50%,99%,Occupied,Electric Standard,Electricity,3.82,0.0,97.82,0,50,0.0,1156.458442899589,0.0,0.0,1723.844034753011,7140.969695816367,45467.6319686589,0.0,0.0,45467.6319686589,0.0,0.0,0.0,0.0,0.0,0.0,0.0,650.9108468525055,53259.512511327775,2211.0,128048.0,4784.0,6.9096,8.334700000000002,3.976,84.187,Metadata_VT_Residential_VT_baseline_metadata_and_annual_results.csv,VT
282712,0,2678,110733.0,120-150%,,4,Cold,In another census Place,G5000210,,Single-Family Detached,1,Fuel Oil,70F,Yes,3F,Night +4h,,,,"Fuel Wall/Floor Furnace, 68% AFUE",Non-Ducted Heating,Fuel Oil Fuel Wall/Floor Furnace,,,,100000-119999,4,100%,99%,Occupied,FIXME Fuel Oil Indirect,Fuel Oil,0.0,0.0,65.59,0,40,0.0,0.0,0.0,0.0,0.0,6815.074665784856,39200.307133025926,0.0,7211.892894798045,46412.49309889415,0.0,0.0,0.0,0.0,0.0,0.0,0.0,0.0,53227.567764679006,0.0,90831.0,16242.999999999998,5.9675,7.0347,0.0,55.999,Metadata_VT_Residential_VT_baseline_metadata_and_annual_results.csv,VT
283003,0,1228,89096.0,120-150%,,2,Cold,Not in a census Place,G5000130,,Single-Family Detached,2,Fuel Oil,68F,Yes,3F,Night -2h,"Room AC, EER 10.7",40% Conditioned,Room AC,"Fuel Furnace, 80% AFUE",Ducted Heating,Fuel Oil Fuel Furnace,,,,80000-99999,2,50%,99%,Occupied,Electric Standard,Electricity,8.53,0.0,73.47,0,30,0.0,835.2525499908334,0.0,0.0,1731.463882577489,6971.281546186649,33328.04209998511,0.0,0.0,33328.04209998511,0.0,0.0,0.0,0.0,0.0,0.0,0.0,0.0,40299.32364617176,12325.0,93797.0,4715.0,9.3936,10.541,12.213,68.799,Metadata_VT_Residential_VT_baseline_metadata_and_annual_results.csv,VT
284535,0,2179,4187.0,0-30%,,3,Cold,In another census Place,G5000010,,Single-Family Detached,1,Fuel Oil,72F,No,0F,,"Room AC, EER 10.7",20% Conditioned,Room AC,"Fuel Boiler, 80% AFUE",Non-Ducted Heating,Fuel Oil Fuel Boiler,,,,<10000,2,100%,99%,Occupied,Fuel Oil Standard,Fuel Oil,4.06,0.0,77.61,0,40,0.0,283.6927959267111,0.0,0.0,0.0,5623.740765534772,52349.526838443024,0.0,4335.400341057683,56684.92717950071,0.0,0.0,0.0,0.0,0.0,0.0,0.0,0.0,62308.66794503548,4326.0,140624.0,8334.0,7.3969,7.166,8.019,95.761,Metadata_VT_Residential_VT_baseline_metadata_and_annual_results.csv,VT
284631,0,623,27012.0,30-60%,,1,Cold,"VT, Burlington",G5000070,,10 to 19 Unit,3,Natural Gas,68F,Yes,3F,Night +5h,Shared Cooling,100% Conditioned,Central AC,"Fuel Furnace, 80% AFUE",Ducted Heating,Natural Gas Fuel Furnace,,,,25000-29999,1,100%,94%,Occupied,Natural Gas Standard,Natural Gas,9.27,0.0,20.06,0,30,0.0,213.35573908537776,0.0,0.0,0.0,3403.4343379100164,0.0,0.0,0.0,0.0,8517.524512415293,0.0,3035.337073773705,11552.568515118826,0.0,0.0,0.0,0.0,14956.002853028844,8326.0,23966.0,4060.0,2.762,2.1143,9.073,19.197,Metadata_VT_Residential_VT_baseline_metadata_and_annual_results.csv,VT
285110,0,2179,55104.0,80-100%,,3,Cold,Not in a census Place,G5000210,,Single-Family Detached,2,Other Fuel,68F,Yes,6F,Night -4h,,,,"Fuel Wall/Floor Furnace, 60% AFUE",Non-Ducted Heating,Other Fuel Fuel Wall/Floor Furnace,,,,50000-59999,2,50%,99%,Occupied,Electric Premium,Electricity,0.0,0.0,99.13,0,50,0.0,0.0,0.0,0.0,1616.2869519998055,5413.022666080944,0.0,0.0,0.0,0.0,0.0,0.0,0.0,0.0,0.0,0.0,0.0,0.0,5413.022666080944,0.0,155340.0,4754.0,8.283,8.9574,0.0,100.625,Metadata_VT_Residential_VT_baseline_metadata_and_annual_results.csv,VT
286190,0,2179,63747.0,80-100%,,3,Cold,Not in a census Place,G5000070,,Single-Family Detached,1,Electricity,67F,No,0F,,"Room AC, EER 8.5",20% Conditioned,Room AC,"Electric Baseboard, 100% Efficiency",Non-Ducted Heating,Electricity Baseboard,,,,60000-69999,2,50%,99%,Occupied,Electric Standard,Electricity,4.48,0.0,75.26,0,50,30199.80149696681,0.0,0.0,0.0,1740.842156823,36026.64051413093,0.0,0.0,0.0,0.0,0.0,0.0,0.0,0.0,0.0,0.0,0.0,0.0,36026.64051413093,3028.0,103039.0,4693.0,8.1735,26.4428,5.205,64.506,Metadata_VT_Residential_VT_baseline_metadata_and_annual_results.csv,VT
287115,0,1228,27621.0,30-60%,,2,Cold,Not in a census Place,G5000110,,Mobile Home,1,Fuel Oil,70F,No,0F,,"Room AC, EER 12.0",40% Conditioned,Room AC,"Fuel Furnace, 80% AFUE",Ducted Heating,Fuel Oil Fuel Furnace,,,,25000-29999,2,50%,137%,Occupied,Electric Standard,Electricity,4.77,0.0,46.05,0,30,0.0,777.2244780967334,0.0,0.0,1548.001392649678,5931.465389215606,30996.661736765083,0.0,0.0,30996.661736765083,0.0,0.0,0.0,0.0,0.0,0.0,0.0,0.0,36928.12712598069,2702.0,87259.0,4215.0,6.428100000000001,7.2839,7.894,49.202,Metadata_VT_Residential_VT_baseline_metadata_and_annual_results.csv,VT
288305,0,1228,15960.0,0-30%,,3,Cold,Not in a census Place,G5000090,,Mobile Home,1,Propane,72F,No,0F,,"AC, SEER 13",80% Conditioned,Central AC,"Fuel Wall/Floor Furnace, 68% AFUE",Non-Ducted Heating,Propane Fuel Wall/Floor Furnace,,,,15000-19999,2,100%,137%,Occupied,Propane Standard,Propane,8.01,0.0,50.9,0,40,0.0,0.0,0.0,0.0,0.0,7240.613859674922,0.0,0.0,0.0,0.0,0.0,0.0,0.0,0.0,33066.91577646166,0.0,5011.222228874828,38077.84493426632,45318.45879394124,6670.0,76714.0,9416.0,8.7014,8.6489,9.233,47.244,Metadata_VT_Residential_VT_baseline_metadata_and_annual_results.csv,VT
288755,0,2179,89311.0,100-120%,,4,Cold,In another census Place,G5000230,,Single-Family Detached,2,Other Fuel,72F,No,0F,,,,,"Fuel Wall/Floor Furnace, 60% AFUE",Non-Ducted Heating,Other Fuel Fuel Wall/Floor Furnace,,,,80000-99999,6,200%,99%,Occupied,Other Fuel,Other Fuel,0.0,0.0,77.95,0,40,0.0,0.0,0.0,0.0,0.0,13660.628722867625,0.0,0.0,0.0,0.0,0.0,0.0,0.0,0.0,0.0,0.0,0.0,0.0,13660.628722867625,0.0,134439.0,45037.0,10.2485,10.703,0.0,78.026,Metadata_VT_Residential_VT_baseline_metadata_and_annual_results.csv,VT
289048,0,854,50507.0,80-100%,,1,Cold,Not in a census Place,G5000230,,10 to 19 Unit,1,Electricity,70F,No,0F,,"Room AC, EER 10.7",20% Conditioned,Room AC,"Electric Baseboard, 100% Efficiency",Non-Ducted Heating,Electricity Baseboard,,,,50000-59999,2,200%,94%,Occupied,Electric Standard,Electricity,1.22,0.0,24.58,0,30,8377.436540872972,0.0,0.0,0.0,4321.039858619244,16676.916177080133,0.0,0.0,0.0,0.0,0.0,0.0,0.0,937.2412824107666,0.0,0.0,0.0,0.0,17614.1574594909,1102.0,28583.0,13478.0,3.7578,8.1593,1.584,21.783,Metadata_VT_Residential_VT_baseline_metadata_and_annual_results.csv,VT
289941,0,1228,27621.0,30-60%,,2,Cold,Not in a census Place,G5000230,,Single-Family Detached,1,Fuel Oil,62F,Yes,3F,Night +1h,"Room AC, EER 10.7",20% Conditioned,Room AC,"Fuel Furnace, 80% AFUE",Ducted Heating,Fuel Oil Fuel Furnace,,,,25000-29999,2,100%,99%,Occupied,Fuel Oil Standard,Fuel Oil,3.02,0.0,79.43,0,30,0.0,650.0316336419888,0.0,0.0,0.0,5231.025531503995,25275.914447003302,0.0,4458.783261600189,29734.697708603497,0.0,0.0,0.0,0.0,0.0,0.0,0.0,0.0,34965.723240107494,2090.0,71120.0,8248.0,6.2744,6.7648,3.507,82.794,Metadata_VT_Residential_VT_baseline_metadata_and_annual_results.csv,VT
289955,0,881,92315.0,120-150%,,2,Cold,Not in a census Place,G5000190,,Mobile Home,1,Other Fuel,75F,No,0F,,"Room AC, EER 10.7",20% Conditioned,Room AC,"Fuel Wall/Floor Furnace, 60% AFUE",Non-Ducted Heating,Other Fuel Fuel Wall/Floor Furnace,,,,80000-99999,3,50%,137%,Occupied,Fuel Oil Standard,Fuel Oil,1.76,0.0,26.56,0,30,0.0,0.0,0.0,0.0,0.0,3293.8257576656056,0.0,0.0,3443.292003453439,3443.292003453439,0.0,0.0,0.0,0.0,0.0,0.0,0.0,0.0,6737.117761119045,703.0,48224.0,6237.0,4.9705,5.0839,1.935,30.312,Metadata_VT_Residential_VT_baseline_metadata_and_annual_results.csv,VT
290610,0,1228,82516.0,120-150%,,4,Cold,Not in a census Place,G5000250,,Single-Family Detached,1,Propane,67F,No,0F,,"Room AC, EER 10.7",40% Conditioned,Room AC,"Fuel Furnace, 80% AFUE",Ducted Heating,Propane Fuel Furnace,,,,80000-99999,3,50%,99%,Occupied,Propane Tankless,Propane,5.23,0.0,50.47,0,0,0.0,654.4276996945722,0.0,0.0,0.0,4260.667218163767,0.0,0.0,0.0,0.0,0.0,0.0,0.0,0.0,25960.52846692561,0.0,2585.4729810593444,29303.88323545033,33564.550453614094,7001.0,73082.0,6653.0,7.4345,7.3586,8.783,50.006,Metadata_VT_Residential_VT_baseline_metadata_and_annual_results.csv,VT
291584,0,2678,149501.0,150%+,,3,Cold,Not in a census Place,G5000270,,Single-Family Detached,1,Propane,68F,Yes,3F,Night +2h,"AC, SEER 10",60% Conditioned,Central AC,"Fuel Furnace, 92.5% AFUE",Ducted Heating,Propane Fuel Furnace,,,,140000-159999,3,200%,99%,Occupied,Electric Tankless,Electricity,9.91,0.0,82.13,0,0,0.0,800.9632347806834,0.0,0.0,7698.390871283934,21332.05705569571,0.0,0.0,0.0,0.0,0.0,0.0,0.0,0.0,36567.356638598685,0.0,0.0,36567.356638598685,57899.4136942944,8433.0,118064.0,23915.0,15.6192,18.8913,14.017,71.356,Metadata_VT_Residential_VT_baseline_metadata_and_annual_results.csv,VT
291682,0,623,4187.0,0-30%,,2,Cold,Not in a census Place,G5000070,,50 or more Unit,4,Other Fuel,70F,No,0F,,,,,"Fuel Wall/Floor Furnace, 60% AFUE",Non-Ducted Heating,Other Fuel Fuel Wall/Floor Furnace,,,,<10000,2,100%,94%,Occupied,Electric Standard,Electricity,0.0,0.0,9.81,0,30,0.0,0.0,0.0,0.0,2436.592877411856,5298.431877643606,0.0,0.0,0.0,0.0,0.0,0.0,0.0,781.0344020089723,0.0,0.0,0.0,0.0,6079.466279652578,0.0,13205.0,7386.0,15.8551,16.0038,0.0,18.854,Metadata_VT_Residential_VT_baseline_metadata_and_annual_results.csv,VT
292837,0,1228,31921.0,30-60%,,3,Cold,In another census Place,G5000250,,Single-Family Detached,2,Other Fuel,72F,No,0F,,,,,"Fuel Wall/Floor Furnace, 60% AFUE",Non-Ducted Heating,Other Fuel Fuel Wall/Floor Furnace,,,,30000-34999,2,200%,99%,Occupied,Electric Standard,Electricity,0.0,0.0,76.82,0,50,0.0,0.0,0.0,0.0,4829.225094297878,12104.128269182953,0.0,0.0,0.0,0.0,0.0,0.0,0.0,0.0,0.0,0.0,0.0,976.2197347436722,13080.348003926623,0.0,144343.0,15504.0,14.9061,15.9289,0.0,86.475,Metadata_VT_Residential_VT_baseline_metadata_and_annual_results.csv,VT
292927,0,2179,74877.0,120-150%,,3,Cold,In another census Place,G5000250,,Single-Family Detached,2,Propane,75F,Yes,3F,Night +1h,"Room AC, EER 10.7",20% Conditioned,Room AC,"Fuel Furnace, 80% AFUE",Ducted Heating,Propane Fuel Furnace,,,,70000-79999,2,100%,99%,Occupied,Electric Premium,Electricity,2.61,0.0,44.66,0,50,0.0,807.1177272543,0.0,0.0,2729.663947584078,11007.163253528322,0.0,0.0,0.0,0.0,0.0,0.0,0.0,0.0,32056.113655437664,0.0,0.0,32056.113655437664,43063.27690896599,1709.0,90098.0,8633.0,8.9921,9.0587,3.211,49.184,Metadata_VT_Residential_VT_baseline_metadata_and_annual_results.csv,VT
293616,0,623,12655.0,0-30%,,1,Cold,Not in a census Place,G5000070,,20 to 49 Unit,1,Natural Gas,70F,No,0F,,"AC, SEER 13",60% Conditioned,Central AC,"Fuel Furnace, 92.5% AFUE",Ducted Heating,Natural Gas Fuel Furnace,,,,10000-14999,2,100%,94%,Occupied,Electric Standard,Electricity,7.21,0.0,20.15,0,30,0.0,185.8070584891889,0.0,0.0,2477.036685095622,8044.214734087155,0.0,0.0,0.0,0.0,8549.469259064066,0.0,0.0,8549.469259064066,0.0,0.0,0.0,0.0,16593.683993151222,8026.0,27618.0,7364.0,9.1345,8.95,9.195,23.242,Metadata_VT_Residential_VT_baseline_metadata_and_annual_results.csv,VT
294026,0,3310,128932.0,150%+,,4,Cold,Not in a census Place,G5000210,,Single-Family Detached,2,Propane,70F,No,0F,,"Room AC, EER 9.8",20% Conditioned,Room AC,"Fuel Wall/Floor Furnace, 60% AFUE",Non-Ducted Heating,Propane Fuel Wall/Floor Furnace,,,,120000-139999,2,50%,99%,Occupied,Propane Standard,Propane,3.24,0.0,43.86,0,40,0.0,0.0,0.0,0.0,0.0,4651.037883633167,0.0,0.0,0.0,0.0,0.0,0.0,0.0,0.0,38334.86826280736,0.0,3146.70408043915,41481.86541431668,46132.90329794984,5115.0,78332.0,4258.0,7.6458,7.5128,5.874,46.549,Metadata_VT_Residential_VT_baseline_metadata_and_annual_results.csv,VT
294075,0,1138,25254.0,30-60%,,2,Cold,Not in a census Place,G5000190,,2 Unit,1,Fuel Oil,65F,Yes,3F,Night +5h,"Room AC, EER 12.0",20% Conditioned,Room AC,"Fuel Furnace, 80% AFUE",Ducted Heating,Fuel Oil Fuel Furnace,,,,25000-29999,2,200%,121%,Occupied,Electric Standard,Electricity,2.17,0.0,64.85,0,30,0.0,575.2985107480722,0.0,0.0,4314.592295075456,10506.597865674166,22364.25336484228,0.0,0.0,22364.25336484228,0.0,0.0,0.0,0.0,0.0,0.0,0.0,0.0,32870.85123051645,1649.0,62957.0,13532.0,5.590199999999999,6.138,2.55,49.227,Metadata_VT_Residential_VT_baseline_metadata_and_annual_results.csv,VT
294849,0,881,32414.0,30-60%,,3,Cold,Not in a census Place,G5000210,,Mobile Home,1,Fuel Oil,70F,No,0F,,"Room AC, EER 12.0",20% Conditioned,Room AC,"Fuel Furnace, 80% AFUE",Ducted Heating,Fuel Oil Fuel Furnace,,,,30000-34999,5,200%,137%,Occupied,Electric Premium,Electricity,2.14,0.0,43.42,0,50,0.0,571.4885868358333,0.0,0.0,10879.091195863062,23925.14988457953,22469.75895010428,0.0,0.0,22469.75895010428,0.0,0.0,0.0,0.0,0.0,0.0,0.0,0.0,46394.90883468381,2030.0,63281.0,36480.0,11.9446,13.1513,3.064,44.919,Metadata_VT_Residential_VT_baseline_metadata_and_annual_results.csv,VT
295349,0,3310,149501.0,150%+,,5,Cold,Not in a census Place,G5000190,,Single-Family Detached,1,Propane,72F,No,0F,,"Room AC, EER 10.7",<10% Conditioned,Room AC,"Fuel Wall/Floor Furnace, 68% AFUE",Non-Ducted Heating,Propane Fuel Wall/Floor Furnace,,,,140000-159999,2,100%,99%,Occupied,Electric Premium,Electricity,1.23,0.0,37.01,0,66,0.0,0.0,0.0,0.0,2487.8803146919945,9814.363997927378,0.0,0.0,0.0,0.0,0.0,0.0,0.0,0.0,34757.34970921504,0.0,0.0,36045.9832047623,45860.34720268968,464.0,80610.0,7861.0,6.4446,6.9217,2.36,38.01,Metadata_VT_Residential_VT_baseline_metadata_and_annual_results.csv,VT
296022,0,2678,42426.0,60-80%,,4,Cold,In another census Place,G5000210,,Single-Family Detached,2,Fuel Oil,70F,No,0F,,,,,"Fuel Boiler, 80% AFUE",Non-Ducted Heating,Fuel Oil Fuel Boiler,,,,40000-44999,2,50%,99%,Occupied,Propane Tankless,Propane,0.0,0.0,82.16,0,0,0.0,305.67312618962774,0.0,0.0,0.0,3644.631828661756,59094.264447386544,0.0,0.0,59094.264447386544,0.0,0.0,0.0,0.0,0.0,0.0,1646.1802011573725,1646.1802011573725,64385.07647720567,0.0,159604.0,4236.0,3.6173,3.7978,0.0,82.757,Metadata_VT_Residential_VT_baseline_metadata_and_annual_results.csv,VT
296256,0,1682,47457.0,80-100%,,3,Cold,In another census Place,G5000230,,2 Unit,2,Propane,70F,Yes,6F,Night,"Room AC, EER 10.7",20% Conditioned,Room AC,Shared Heating,Ducted Heating,Propane Shared Heating,,,,45000-49999,1,100%,121%,Occupied,Propane Standard,Propane,2.68,0.0,54.04,0,40,0.0,156.79302254213889,0.0,0.0,0.0,3964.37236621965,0.0,0.0,0.0,0.0,0.0,0.0,0.0,694.8715073783388,31336.91724923504,0.0,3371.7826623314168,34708.69991156645,39367.94378516444,1739.0,81054.0,5010.0,11.850700000000002,11.76,5.882,78.875,Metadata_VT_Residential_VT_baseline_metadata_and_annual_results.csv,VT
298207,0,2678,64514.0,30-60%,,4,Cold,Not in a census Place,G5000070,,Single-Family Detached,2,Natural Gas,70F,Yes,3F,Day and Night -5h,,,,"Fuel Furnace, 92.5% AFUE",Ducted Heating,Natural Gas Fuel Furnace,,,,60000-69999,6,100%,99%,Occupied,Natural Gas Standard,Natural Gas,0.0,0.0,179.53,0,40,0.0,1740.5490857528278,0.0,0.0,0.0,12047.858623709884,0.0,0.0,0.0,0.0,80072.29165031422,0.0,9658.450188595756,91077.98954849168,0.0,0.0,0.0,0.0,103125.84817220156,0.0,258356.0,21695.0,6.070600000000001,7.1652,0.0,180.932,Metadata_VT_Residential_VT_baseline_metadata_and_annual_results.csv,VT
298270,0,2179,129243.0,150%+,,3,Cold,Not in a census Place,G5000250,,Single-Family Detached,2,Other Fuel,68F,Yes,3F,Night +4h,,,,"Fuel Furnace, 60% AFUE",Ducted Heating,Other Fuel Fuel Furnace,,,,120000-139999,3,50%,99%,Occupied,Electric Standard,Electricity,0.0,0.0,44.96,0,50,0.0,566.2133075727334,0.0,0.0,2259.8710220980056,8576.43179751991,0.0,0.0,0.0,0.0,0.0,0.0,0.0,0.0,0.0,0.0,0.0,757.8817874653666,9334.313584985275,0.0,63200.0,6662.0,7.6832,8.472299999999999,0.0,44.452,Metadata_VT_Residential_VT_baseline_metadata_and_annual_results.csv,VT
298683,0,1228,37492.0,30-60%,,3,Cold,Not in a census Place,G5000070,,Single-Family Detached,1,Fuel Oil,65F,No,0F,,,,,"Fuel Furnace, 80% AFUE",Ducted Heating,Fuel Oil Fuel Furnace,,,,35000-39999,2,200%,99%,Occupied,Fuel Oil Standard,Fuel Oil,0.0,0.0,52.01,0,40,0.0,488.2564029069222,0.0,0.0,0.0,6697.846237715967,19483.364745049334,0.0,7064.478146501417,26547.842891550747,0.0,0.0,0.0,0.0,0.0,0.0,0.0,0.0,33245.68912926671,0.0,54846.0,15710.0,3.9739,4.5456,0.0,43.027,Metadata_VT_Residential_VT_baseline_metadata_and_annual_results.csv,VT
299203,0,1698,149501.0,150%+,,4,Cold,Not in a census Place,G5000130,,Single-Family Detached,1,Other Fuel,75F,No,0F,,"Room AC, EER 10.7",60% Conditioned,Room AC,"Fuel Wall/Floor Furnace, 60% AFUE",Non-Ducted Heating,Other Fuel Fuel Wall/Floor Furnace,,,,140000-159999,5,100%,99%,Occupied,Electric Standard,Electricity,5.95,0.0,23.14,0,50,0.0,0.0,0.0,0.0,5698.766959498861,15360.44092986651,0.0,0.0,0.0,0.0,0.0,0.0,0.0,0.0,0.0,0.0,0.0,0.0,15360.44092986651,4408.0,44385.0,18468.0,7.3,9.3402,5.137,24.144,Metadata_VT_Residential_VT_baseline_metadata_and_annual_results.csv,VT
299262,0,623,55104.0,60-80%,,1,Cold,"VT, Burlington",G5000070,,5 to 9 Unit,2,Natural Gas,67F,No,0F,,"Room AC, EER 12.0",40% Conditioned,Room AC,Shared Heating,Ducted Heating,Natural Gas Shared Heating,,,,50000-59999,2,100%,94%,Occupied,Natural Gas Standard,Natural Gas,2.98,0.0,13.99,0,30,0.0,94.9550267358,0.0,0.0,0.0,3630.564417293489,0.0,0.0,0.0,0.0,4999.499386067939,0.0,4214.9481312169,9214.447517284838,0.0,0.0,0.0,0.0,12845.011934578328,1480.0,12905.0,6632.0,2.7116,2.8367,2.749,12.841,Metadata_VT_Residential_VT_baseline_metadata_and_annual_results.csv,VT
300471,0,3310,16639.0,30-60%,,4,Cold,Not in a census Place,G5000250,,Single-Family Detached,2,Other Fuel,72F,No,0F,,,,,"Fuel Wall/Floor Furnace, 60% AFUE",Non-Ducted Heating,Other Fuel Fuel Wall/Floor Furnace,,,,15000-19999,1,100%,99%,Occupied,Fuel Oil Standard,Fuel Oil,0.0,0.0,100.87,0,40,0.0,0.0,0.0,0.0,0.0,6924.390174959094,0.0,0.0,3046.7668455104226,3046.7668455104226,0.0,0.0,0.0,0.0,0.0,0.0,0.0,679.6318117293833,10650.7888321989,0.0,169705.0,4287.0,5.4349,5.571,0.0,91.791,Metadata_VT_Residential_VT_baseline_metadata_and_annual_results.csv,VT
301697,0,2179,36175.0,60-80%,,3,Cold,Not in a census Place,G5000210,,Single-Family Detached,2,Fuel Oil,68F,No,0F,,,,,"Fuel Boiler, 80% AFUE",Non-Ducted Heating,Fuel Oil Fuel Boiler,,,,35000-39999,1,100%,99%,Occupied,Fuel Oil Standard,Fuel Oil,0.0,0.0,98.54,0,40,0.0,250.57576499725,0.0,0.0,0.0,4547.2907247922,58881.787921511685,0.0,2679.548794584628,61561.33671609632,0.0,0.0,0.0,0.0,0.0,0.0,0.0,0.0,66108.62744088852,0.0,156923.0,3929.0,5.5664,4.048,0.0,99.311,Metadata_VT_Residential_VT_baseline_metadata_and_annual_results.csv,VT
302446,0,322,4849.0,0-30%,,1,Cold,Not in a census Place,G5000210,,3 or 4 Unit,1,Fuel Oil,67F,Yes,3F,Night -1h,,,,"Fuel Boiler, 90% AFUE",Non-Ducted Heating,Fuel Oil Fuel Boiler,,,,<10000,1,100%,121%,Occupied,Electric Standard,Electricity,0.0,0.0,22.57,0,30,0.0,192.84076417332224,0.0,0.0,1727.947029735422,5638.394319043384,9331.382874283556,0.0,0.0,9331.382874283556,0.0,0.0,0.0,694.8715073783388,0.0,0.0,0.0,0.0,15664.648700705278,0.0,28093.0,4664.0,9.9796,10.1605,0.0,34.08,Metadata_VT_Residential_VT_baseline_metadata_and_annual_results.csv,VT
302565,0,1228,108692.0,150%+,,2,Cold,Not in a census Place,G5000270,,Single-Family Detached,1,Fuel Oil,68F,No,0F,,"Room AC, EER 12.0",20% Conditioned,Room AC,"Fuel Furnace, 80% AFUE",Ducted Heating,Fuel Oil Fuel Furnace,,,,100000-119999,2,200%,99%,Occupied,Propane Standard,Propane,2.34,0.0,37.28,0,30,0.0,464.8107172931445,0.0,0.0,0.0,8453.341948047579,18400.1740696928,0.0,0.0,18400.1740696928,0.0,0.0,0.0,0.0,0.0,0.0,7580.283230004527,7580.283230004527,34433.79924774491,2237.0,51809.0,15781.0,5.9316,5.928100000000001,3.015,43.513,Metadata_VT_Residential_VT_baseline_metadata_and_annual_results.csv,VT
302966,0,3310,89311.0,100-120%,,4,Cold,In another census Place,G5000070,,Single-Family Detached,2,Natural Gas,65F,No,0F,,,,,"Fuel Furnace, 80% AFUE",Ducted Heating,Natural Gas Fuel Furnace,,,,80000-99999,6,50%,99%,Occupied,Natural Gas Standard,Natural Gas,0.0,0.0,67.99,0,40,0.0,697.802218080061,0.0,0.0,0.0,9625.333157666297,0.0,0.0,0.0,0.0,27831.494178905083,0.0,6162.698463581489,33994.192642486574,0.0,0.0,0.0,0.0,43619.52580015287,0.0,78347.0,12481.0,6.4185,7.3707,0.0,61.918,Metadata_VT_Residential_VT_baseline_metadata_and_annual_results.csv,VT
303273,0,2179,74877.0,80-100%,,3,Cold,Not in a census Place,G5000070,,Single-Family Detached,2,Other Fuel,75F,No,0F,,"Room AC, EER 10.7",40% Conditioned,Room AC,"Fuel Wall/Floor Furnace, 60% AFUE",Non-Ducted Heating,Other Fuel Fuel Wall/Floor Furnace,,,,70000-79999,2,100%,99%,Occupied,Fuel Oil Standard,Fuel Oil,6.28,0.0,53.69,0,40,0.0,0.0,0.0,0.0,0.0,7442.832898093756,0.0,0.0,4682.982630281938,4682.982630281938,0.0,0.0,0.0,0.0,0.0,0.0,0.0,813.5652907980889,12939.380819173784,2868.0,95894.0,8757.0,8.3625,8.7987,5.934,54.156,Metadata_VT_Residential_VT_baseline_metadata_and_annual_results.csv,VT
303373,0,1228,55104.0,60-80%,,3,Cold,Not in a census Place,G5000110,,Mobile Home,1,Fuel Oil,65F,Yes,6F,Night -3h,"Room AC, EER 12.0",100% Conditioned,Room AC,"Fuel Boiler, 90% AFUE",Non-Ducted Heating,Fuel Oil Fuel Boiler,,,,50000-59999,2,50%,137%,Occupied,Electric Standard,Electricity,11.1,0.0,38.57,0,50,0.0,198.11604343642225,0.0,0.0,1722.6717504723222,7469.209294409256,16387.65503082015,0.0,0.0,16387.65503082015,0.0,0.0,0.0,0.0,0.0,0.0,0.0,0.0,23856.86432522941,4031.0,49057.0,4741.0,9.9404,9.8969,9.268,48.771,Metadata_VT_Residential_VT_baseline_metadata_and_annual_results.csv,VT
303680,0,1207,92315.0,100-120%,,3,Cold,"VT, Burlington",G5000070,,Single-Family Attached,2,Natural Gas,72F,No,0F,,"AC, SEER 15",100% Conditioned,Central AC,"Fuel Furnace, 80% AFUE",Ducted Heating,Natural Gas Fuel Furnace,,,,80000-99999,3,100%,84%,Occupied,Natural Gas Tankless,Natural Gas,14.89,0.0,39.91,0,0,0.0,525.7694998889667,0.0,0.0,0.0,5456.104113396262,0.0,0.0,0.0,0.0,20973.33806580491,0.0,3724.054088678428,24697.39215448334,0.0,0.0,0.0,0.0,30153.4962678796,12924.0,59040.0,9582.0,4.4543,3.9905,12.893,42.755,Metadata_VT_Residential_VT_baseline_metadata_and_annual_results.csv,VT
304597,0,2179,47457.0,80-100%,,5,Cold,Not in a census Place,G5000150,,Single-Family Detached,2,Other Fuel,68F,No,0F,,,,,"Fuel Furnace, 60% AFUE",Ducted Heating,Other Fuel Fuel Furnace,,,,45000-49999,1,100%,99%,Occupied,Electric Premium,Electricity,0.0,0.0,62.23,0,66,0.0,652.9623443437112,0.0,0.0,1489.387178615233,6871.637382328094,0.0,0.0,0.0,0.0,0.0,0.0,0.0,0.0,0.0,0.0,0.0,679.6318117293833,7551.269194057477,0.0,71522.0,4439.0,9.9026,12.2456,0.0,64.88,Metadata_VT_Residential_VT_baseline_metadata_and_annual_results.csv,VT
306704,0,2678,89096.0,120-150%,,3,Cold,In another census Place,G5000150,,Single-Family Detached,2,Other Fuel,72F,No,0F,,,,,"Fuel Wall/Floor Furnace, 60% AFUE",Non-Ducted Heating,Other Fuel Fuel Wall/Floor Furnace,,,,80000-99999,2,100%,99%,Occupied,Electric Premium,Electricity,0.0,0.0,59.23,0,50,0.0,0.0,0.0,0.0,2780.951384864217,7328.828251796762,0.0,0.0,0.0,0.0,0.0,0.0,0.0,905.882677902339,0.0,0.0,0.0,813.5652907980889,9048.27622049719,0.0,111717.0,8880.0,6.013,6.6509,0.0,59.484,Metadata_VT_Residential_VT_baseline_metadata_and_annual_results.csv,VT
309885,0,1228,31921.0,30-60%,,3,Cold,Not in a census Place,G5000250,,Single-Family Detached,1,Fuel Oil,67F,No,0F,,"Room AC, EER 10.7",20% Conditioned,Room AC,"Fuel Furnace, 80% AFUE",Ducted Heating,Fuel Oil Fuel Furnace,,,,30000-34999,2,200%,99%,Occupied,Fuel Oil Standard,Fuel Oil,2.36,0.0,36.64,0,40,0.0,411.1787114516278,0.0,0.0,0.0,7563.285107934538,16326.696248224329,0.0,6975.970683309406,23302.66693153373,0.0,0.0,0.0,0.0,0.0,0.0,0.0,0.0,30865.95203946828,1289.0,45966.0,15544.0,5.4318,6.1291,2.561,38.605,Metadata_VT_Residential_VT_baseline_metadata_and_annual_results.csv,VT
311532,0,3310,61887.0,80-100%,,4,Cold,In another census Place,G5000250,,Single-Family Detached,2,Other Fuel,68F,No,0F,,,,,"Fuel Wall/Floor Furnace, 60% AFUE",Non-Ducted Heating,Other Fuel Fuel Wall/Floor Furnace,,,,60000-69999,3,50%,99%,Occupied,Propane Standard,Propane,0.0,0.0,121.16,0,40,0.0,0.0,0.0,0.0,0.0,3673.059722468461,0.0,0.0,0.0,0.0,0.0,0.0,0.0,1082.0183910758444,0.0,0.0,3985.47348327205,3985.47348327205,8740.551596816356,0.0,202200.0,6038.0,4.3093,3.8821,0.0,115.169,Metadata_VT_Residential_VT_baseline_metadata_and_annual_results.csv,VT
313894,0,1138,108692.0,150%+,,2,Cold,In another census Place,G5000030,,5 to 9 Unit,3,Propane,68F,No,0F,,"Room AC, EER 10.7",20% Conditioned,Room AC,Shared Heating,Ducted Heating,Propane Shared Heating,,,,100000-119999,2,100%,94%,Occupied,Propane Standard,Propane,2.21,0.0,50.31,0,30,0.0,162.65444394558335,0.0,0.0,0.0,4663.053797510228,0.0,0.0,0.0,0.0,0.0,0.0,0.0,781.0344020089723,30033.044058038817,0.0,4257.1503653217,34290.19442336052,39734.28262287972,861.0,78043.0,7437.0,6.3136,6.752,2.94,57.25,Metadata_VT_Residential_VT_baseline_metadata_and_annual_results.csv,VT
314826,0,1698,0.0,Not Available,,3,Cold,In another census Place,G5000230,,Single-Family Detached,1,Propane,55F,No,0F,,"Room AC, EER 10.7",60% Conditioned,Room AC,"Fuel Wall/Floor Furnace, 68% AFUE",Non-Ducted Heating,Propane Fuel Wall/Floor Furnace,,,,Not Available,0,100%,99%,Vacant,Propane Tankless,Propane,15.36,0.0,65.59,0,0,0.0,0.0,0.0,0.0,0.0,4752.733544982927,0.0,0.0,0.0,0.0,0.0,0.0,0.0,0.0,26604.99175023433,0.0,0.0,26604.99175023433,31357.72529521726,11524.0,61725.0,0.0,2.2017,1.1592,19.757,53.508,Metadata_VT_Residential_VT_baseline_metadata_and_annual_results.csv,VT
314945,0,881,22473.0,30-60%,,3,Cold,Not in a census Place,G5000250,,Mobile Home,1,Fuel Oil,68F,No,0F,,"AC, SEER 13",100% Conditioned,Central AC,"Fuel Furnace, 80% AFUE",Ducted Heating,Fuel Oil Fuel Furnace,,,,20000-24999,2,100%,137%,Occupied,Electric Premium,Electricity,10.7,0.0,35.18,0,50,0.0,465.6899305036611,0.0,0.0,2600.7126767083,8464.18557764395,18492.19838572688,0.0,0.0,18492.19838572688,0.0,0.0,0.0,0.0,0.0,0.0,0.0,813.5652907980889,27769.949254168914,5735.0,52066.0,8225.0,20.2662,22.8362,11.774,43.062,Metadata_VT_Residential_VT_baseline_metadata_and_annual_results.csv,VT
315219,0,5587,168960.0,150%+,,4,Cold,"VT, Burlington",G5000070,,Single-Family Detached,2,Natural Gas,72F,No,0F,,,,,"Fuel Furnace, 80% AFUE",Ducted Heating,Natural Gas Fuel Furnace,,,,160000-179999,4,50%,99%,Occupied,Natural Gas Standard,Natural Gas,0.0,0.0,67.27,0,40,0.0,1044.2122230236278,0.0,0.0,0.0,6736.238547908528,0.0,0.0,0.0,0.0,41674.41310741983,0.0,4329.538919654239,46868.8047551523,0.0,0.0,0.0,0.0,53605.043303060826,0.0,117315.0,7914.0,6.1658,6.5273,0.0,62.417,Metadata_VT_Residential_VT_baseline_metadata_and_annual_results.csv,VT
315991,0,1682,18566.0,0-30%,,2,Cold,Not in a census Place,G5000030,,10 to 19 Unit,3,Electricity,72F,Yes,3F,Night +1h,"Room AC, EER 12.0",20% Conditioned,Room AC,"Electric Baseboard, 100% Efficiency",Non-Ducted Heating,Electricity Baseboard,,,,15000-19999,2,50%,94%,Occupied,Natural Gas Standard,Natural Gas,2.65,0.0,44.67,0,30,19879.303760852006,0.0,0.0,0.0,0.0,22206.8742001598,0.0,0.0,0.0,0.0,0.0,0.0,3041.491566247322,3041.491566247322,0.0,0.0,0.0,0.0,25248.365766407114,1404.0,67827.0,3335.0,2.9019,13.1728,2.167,41.977,Metadata_VT_Residential_VT_baseline_metadata_and_annual_results.csv,VT
316529,0,625,37544.0,30-60%,,2,Cold,Not in a census Place,G5000070,,Single-Family Attached,2,Natural Gas,65F,No,0F,,"AC, SEER 15",100% Conditioned,Central AC,"Fuel Furnace, 80% AFUE",Ducted Heating,Natural Gas Fuel Furnace,,,,35000-39999,3,100%,84%,Occupied,Natural Gas Standard,Natural Gas,7.76,0.0,26.35,0,30,0.0,306.84541047031666,0.0,0.0,0.0,4292.318893742367,0.0,0.0,0.0,0.0,12244.509311795444,0.0,4946.160451296594,17190.66976309204,0.0,0.0,0.0,0.0,21482.988656834405,5735.0,34469.0,9080.0,5.936100000000001,5.3779,6.703,29.501,Metadata_VT_Residential_VT_baseline_metadata_and_annual_results.csv,VT
316788,0,3310,149501.0,150%+,,3,Cold,In another census Place,G5000250,,Single-Family Detached,2,Natural Gas,65F,No,0F,,"Room AC, EER 12.0",20% Conditioned,Room AC,"Fuel Furnace, 92.5% AFUE",Ducted Heating,Natural Gas Fuel Furnace,,,,140000-159999,2,200%,99%,Occupied,Electric Standard,Electricity,6.65,0.0,106.06,0,50,0.0,706.8874212554,0.0,0.0,5117.020885207,14043.379540512544,0.0,0.0,0.0,0.0,32353.287720592303,0.0,0.0,34416.21498353458,0.0,0.0,0.0,0.0,48459.59452404712,11287.0,104515.0,16276.0,7.154,8.5684,9.491,82.569,Metadata_VT_Residential_VT_baseline_metadata_and_annual_results.csv,VT
317144,0,623,87842.0,120-150%,,1,Cold,Not in a census Place,G5000070,,20 to 49 Unit,2,Electricity,68F,No,0F,,,,,Shared Heating,Non-Ducted Heating,Electricity Shared Heating,,,,80000-99999,1,50%,94%,Occupied,Electric Premium,Electricity,0.0,0.0,6.73,0,30,2484.070390779756,132.17505264767223,0.0,0.0,972.9959529717776,5726.608711165222,0.0,0.0,0.0,0.0,0.0,0.0,0.0,0.0,0.0,0.0,0.0,0.0,5726.608711165222,0.0,8685.0,2730.0,10.9761,13.872,0.0,14.572,Metadata_VT_Residential_VT_baseline_metadata_and_annual_results.csv,VT
317958,0,2179,109096.0,120-150%,,3,Cold,In another census Place,G5000070,,Single-Family Detached,2,Other Fuel,70F,Yes,12F,Night +2h,,,,"Fuel Wall/Floor Furnace, 60% AFUE",Non-Ducted Heating,Other Fuel Fuel Wall/Floor Furnace,,,,100000-119999,3,50%,99%,Occupied,Propane Standard,Propane,0.0,0.0,113.83,0,40,0.0,0.0,0.0,0.0,0.0,3932.1345485007055,0.0,0.0,0.0,0.0,0.0,0.0,0.0,0.0,0.0,0.0,3771.531602046328,3771.531602046328,7703.666150547033,0.0,170401.0,6098.0,5.4274,5.8825,0.0,112.555,Metadata_VT_Residential_VT_baseline_metadata_and_annual_results.csv,VT
318749,0,1228,12426.0,0-30%,,2,Cold,Not in a census Place,G5000230,,Single-Family Detached,1,Fuel Oil,65F,No,0F,,,,,"Fuel Furnace, 80% AFUE",Ducted Heating,Fuel Oil Fuel Furnace,,,,10000-14999,3,200%,99%,Occupied,Electric Standard,Electricity,0.0,0.0,55.83,0,30,0.0,676.7011010276611,0.0,0.0,6772.286289539711,13681.143697779678,26311.92068006211,0.0,0.0,26311.92068006211,0.0,0.0,0.0,0.0,0.0,0.0,0.0,0.0,39993.06437784179,0.0,74127.0,22021.0,6.506399999999999,7.1656,0.0,53.414,Metadata_VT_Residential_VT_baseline_metadata_and_annual_results.csv,VT
319194,0,881,31921.0,30-60%,,3,Cold,Not in a census Place,G5000050,,Mobile Home,1,Fuel Oil,65F,No,0F,,,,,"Fuel Furnace, 80% AFUE",Ducted Heating,Fuel Oil Fuel Furnace,,,,30000-34999,2,100%,137%,Occupied,Electric Standard,Electricity,0.0,0.0,44.48,0,50,0.0,521.0803627662111,0.0,0.0,2810.258491881439,9146.455029004885,20266.743715619687,0.0,0.0,20266.743715619687,0.0,0.0,0.0,0.0,0.0,0.0,0.0,0.0,29413.19874462457,0.0,57096.0,8501.0,14.4804,18.0514,0.0,46.08,Metadata_VT_Residential_VT_baseline_metadata_and_annual_results.csv,VT
320951,0,2179,16639.0,30-60%,,3,Cold,Not in a census Place,G5000230,,Single-Family Detached,2,Fuel Oil,75F,No,0F,,,,,"Fuel Furnace, 80% AFUE",Ducted Heating,Fuel Oil Fuel Furnace,,,,15000-19999,1,100%,99%,Occupied,Electric Standard,Electricity,0.0,0.0,76.81,0,50,0.0,1289.2196376876057,0.0,0.0,1578.1877128774163,7573.249524320395,50140.35711148482,0.0,0.0,50140.35711148482,0.0,0.0,0.0,0.0,0.0,0.0,0.0,0.0,57713.60663580521,0.0,141261.0,4439.0,24.0448,24.4258,0.0,96.267,Metadata_VT_Residential_VT_baseline_metadata_and_annual_results.csv,VT
322304,0,1228,89642.0,100-120%,,4,Cold,Not in a census Place,G5000270,,Mobile Home,1,Other Fuel,70F,Yes,3F,Night +5h,"Room AC, EER 10.7",20% Conditioned,Room AC,"Fuel Wall/Floor Furnace, 60% AFUE",Non-Ducted Heating,Other Fuel Fuel Wall/Floor Furnace,,,,80000-99999,4,100%,137%,Occupied,Electric Standard,Electricity,3.5,0.0,52.55,0,50,0.0,0.0,0.0,0.0,5071.594869330305,13010.30401815546,0.0,0.0,0.0,0.0,0.0,0.0,0.0,0.0,0.0,0.0,0.0,0.0,13010.30401815546,788.0,77510.0,16259.0,11.5414,11.8318,3.304,49.343,Metadata_VT_Residential_VT_baseline_metadata_and_annual_results.csv,VT
322837,0,634,36175.0,60-80%,,1,Cold,Not in a census Place,G5000170,,Single-Family Detached,1,Fuel Oil,68F,No,0F,,"Room AC, EER 10.7",20% Conditioned,Room AC,"Fuel Furnace, 80% AFUE",Ducted Heating,Fuel Oil Fuel Furnace,,,,35000-39999,1,100%,99%,Occupied,Fuel Oil Standard,Fuel Oil,1.88,0.0,28.11,0,30,0.0,365.7526955749333,0.0,0.0,0.0,4078.963154656989,14216.291471914155,0.0,2896.7144575822444,17113.0059294964,0.0,0.0,0.0,0.0,0.0,0.0,0.0,0.0,21191.96908415339,535.0,40062.0,4472.0,13.8279,12.439,2.375,38.906,Metadata_VT_Residential_VT_baseline_metadata_and_annual_results.csv,VT
324086,0,1228,108692.0,120-150%,,2,Cold,In another census Place,G5000070,,Single-Family Detached,1,Fuel Oil,68F,Yes,3F,Day and Night -5h,"Room AC, EER 12.0",20% Conditioned,Room AC,"Fuel Boiler, 80% AFUE",Non-Ducted Heating,Fuel Oil Fuel Boiler,,,,100000-119999,2,50%,99%,Occupied,Propane Standard,Propane,3.96,0.0,55.81,0,30,0.0,207.49431768193327,0.0,0.0,0.0,4030.3133570084,27959.27316550017,0.0,0.0,27959.27316550017,0.0,0.0,0.0,0.0,0.0,0.0,3486.666521838928,3486.666521838928,35476.2530443475,4274.0,73890.0,4700.0,8.613,9.2791,5.378,66.848,Metadata_VT_Residential_VT_baseline_metadata_and_annual_results.csv,VT
324515,0,1228,149501.0,150%+,,3,Cold,In another census Place,G5000270,,Single-Family Detached,2,Fuel Oil,70F,No,0F,,"Room AC, EER 12.0",20% Conditioned,Room AC,"Fuel Boiler, 90% AFUE",Non-Ducted Heating,Fuel Oil Fuel Boiler,,,,140000-159999,4,50%,99%,Occupied,Propane Standard,Propane,5.02,0.0,75.52,0,40,0.0,279.8828720144722,0.0,0.0,0.0,3884.3639640626334,44751.36627315799,0.0,0.0,44751.36627315799,0.0,0.0,0.0,0.0,0.0,0.0,4425.9593017409,4425.9593017409,53061.68953896152,3710.0,134475.0,7868.0,3.7746,3.4741,5.549,84.44,Metadata_VT_Residential_VT_baseline_metadata_and_annual_results.csv,VT
325385,0,2179,189083.0,150%+,,4,Cold,Not in a census Place,G5000170,,Single-Family Detached,1,Fuel Oil,68F,Yes,12F,Night -2h,"Room AC, EER 10.7",20% Conditioned,Room AC,"Fuel Boiler, 80% AFUE",Non-Ducted Heating,Fuel Oil Fuel Boiler,,,,180000-199999,4,200%,99%,Occupied,Propane Tankless,Propane,4.05,0.0,89.04,0,0,0.0,211.59731266434443,0.0,0.0,0.0,12803.1027715437,44894.091884331865,0.0,0.0,44894.091884331865,0.0,0.0,0.0,0.0,0.0,0.0,12170.362331041872,12170.362331041872,69867.55698691744,1166.0,119933.0,31316.0,8.3118,8.7388,5.609,133.588,Metadata_VT_Residential_VT_baseline_metadata_and_annual_results.csv,VT
325661,0,1228,169093.0,150%+,,3,Cold,Not in a census Place,G5000170,,Single-Family Detached,1,Other Fuel,70F,Yes,3F,Night -1h,,,,"Fuel Wall/Floor Furnace, 60% AFUE",Non-Ducted Heating,Other Fuel Fuel Wall/Floor Furnace,,,,160000-179999,2,100%,99%,Occupied,Electric Standard,Electricity,0.0,0.0,35.25,0,50,0.0,0.0,0.0,0.0,2916.350219283784,8932.806218849333,0.0,0.0,0.0,0.0,0.0,0.0,0.0,0.0,0.0,0.0,0.0,813.5652907980889,9746.371509647422,0.0,46293.0,8917.0,8.8494,12.2844,0.0,36.005,Metadata_VT_Residential_VT_baseline_metadata_and_annual_results.csv,VT
326005,0,3310,128932.0,150%+,,4,Cold,In another census Place,G5000030,,Single-Family Detached,1,Fuel Oil,68F,No,0F,,"Room AC, EER 8.5",20% Conditioned,Room AC,"Fuel Boiler, 90% AFUE",Non-Ducted Heating,Fuel Oil Fuel Boiler,,,,120000-139999,2,50%,99%,Occupied,Propane Standard,Propane,3.38,0.0,60.22,0,40,0.0,243.54205931311665,0.0,0.0,0.0,4359.432168811805,31107.735672360355,0.0,0.0,31107.735672360355,0.0,0.0,0.0,0.0,0.0,0.0,3377.0579415945167,4027.67571737685,39494.84355854901,1956.0,93415.0,4231.0,4.3673,4.1785,3.615,60.066,Metadata_VT_Residential_VT_baseline_metadata_and_annual_results.csv,VT
326191,0,1682,22223.0,30-60%,,2,Cold,Not in a census Place,G5000010,,50 or more Unit,15,Fuel Oil,70F,Yes,3F,Night -1h,Shared Cooling,100% Conditioned,Central AC,Shared Heating,Non-Ducted Heating,Fuel Oil Shared Heating,,,,20000-24999,1,100%,94%,Occupied,Fuel Oil Standard,Fuel Oil,14.34,0.0,27.23,0,30,0.0,253.79954676914443,0.0,0.0,0.0,3700.9014741348224,12692.614978088772,0.0,2774.7968923906,15467.411870479373,0.0,0.0,0.0,0.0,0.0,0.0,0.0,0.0,19168.313344614195,3849.0,32893.0,4089.000000000001,3.6174,2.6076,10.419,28.695,Metadata_VT_Residential_VT_baseline_metadata_and_annual_results.csv,VT
327330,0,1228,64915.0,60-80%,,3,Cold,In another census Place,G5000010,,Single-Family Detached,1,Fuel Oil,68F,No,0F,,"Room AC, EER 8.5",20% Conditioned,Room AC,"Fuel Boiler, 90% AFUE",Non-Ducted Heating,Fuel Oil Fuel Boiler,,,,60000-69999,5,100%,99%,Occupied,Electric Premium,Electricity,3.87,0.0,49.15,0,50,0.0,223.90629761157777,0.0,0.0,5510.322261378122,11307.854171525025,23457.408456584668,0.0,0.0,23457.408456584668,0.0,0.0,0.0,0.0,0.0,0.0,0.0,0.0,34765.26262810969,3059.0,70255.0,18133.0,7.3517,8.0175,4.327,49.561,Metadata_VT_Residential_VT_baseline_metadata_and_annual_results.csv,VT
327876,0,1698,128683.0,120-150%,,4,Cold,Not in a census Place,G5000070,,Single-Family Detached,1,Other Fuel,68F,No,0F,,,,,"Fuel Wall/Floor Furnace, 60% AFUE",Non-Ducted Heating,Other Fuel Fuel Wall/Floor Furnace,,,,120000-139999,6,200%,99%,Occupied,Electric Standard,Electricity,0.0,0.0,37.59,0,50,0.0,0.0,0.0,0.0,13157.132624311744,25372.334829089967,0.0,0.0,0.0,0.0,0.0,0.0,0.0,0.0,0.0,0.0,0.0,1618.045378420839,26990.380207510807,0.0,47508.0,43878.0,13.1702,14.5415,0.0,38.005,Metadata_VT_Residential_VT_baseline_metadata_and_annual_results.csv,VT
328081,0,2179,13633.0,0-30%,,4,Cold,Not in a census Place,G5000110,,Single-Family Detached,2,Natural Gas,67F,Yes,3F,Night -1h,"Room AC, EER 10.7",20% Conditioned,Room AC,"Fuel Furnace, 92.5% AFUE",Ducted Heating,Natural Gas Fuel Furnace,,,,10000-14999,1,200%,99%,Occupied,Natural Gas Standard,Natural Gas,4.84,0.0,106.47,0,40,0.0,1011.9744053046832,0.0,0.0,0.0,8400.589155416577,0.0,0.0,0.0,0.0,46561.95934468198,0.0,4370.861940548522,52793.236438683765,0.0,0.0,0.0,0.0,61193.82559410034,517.0,150297.0,7664.0,17.007099999999998,17.6816,4.585,106.609,Metadata_VT_Residential_VT_baseline_metadata_and_annual_results.csv,VT
328979,0,2179,74909.0,100-120%,,4,Cold,Not in a census Place,G5000230,,Single-Family Detached,1,Fuel Oil,68F,No,0F,,,,,"Fuel Wall/Floor Furnace, 68% AFUE",Non-Ducted Heating,Fuel Oil Fuel Wall/Floor Furnace,,,,70000-79999,3,100%,99%,Occupied,Fuel Oil Standard,Fuel Oil,0.0,0.0,54.56,0,40,0.0,0.0,0.0,0.0,0.0,5048.4422547867,35809.76792220349,0.0,6018.214425986584,41827.98234819008,0.0,0.0,0.0,0.0,0.0,0.0,0.0,947.2056987966224,47823.6303017734,0.0,83082.0,12182.0,7.5901,7.9197,0.0,55.848,Metadata_VT_Residential_VT_baseline_metadata_and_annual_results.csv,VT
329542,0,2678,31921.0,30-60%,,3,Cold,Not in a census Place,G5000030,,Single-Family Detached,1,Fuel Oil,72F,Yes,6F,Night +1h,"Room AC, EER 12.0",<10% Conditioned,Room AC,"Fuel Boiler, 90% AFUE",Non-Ducted Heating,Fuel Oil Fuel Boiler,,,,30000-34999,2,200%,99%,Occupied,Fuel Oil Standard,Fuel Oil,1.4,0.0,92.3,0,40,0.0,192.54769310315,0.0,0.0,0.0,10261.88352208036,38495.47120926173,0.0,7257.611981744911,45752.79011993647,0.0,0.0,0.0,0.0,0.0,0.0,0.0,0.0,56014.67364201683,450.0,113484.0,15300.0,6.3264,7.5821,1.391,96.175,Metadata_VT_Residential_VT_baseline_metadata_and_annual_results.csv,VT
330113,0,1228,64407.0,120-150%,,2,Cold,Not in a census Place,G5000030,,Mobile Home,1,Fuel Oil,68F,Yes,6F,Night -5h,,,,"Fuel Furnace, 80% AFUE",Ducted Heating,Fuel Oil Fuel Furnace,,,,60000-69999,1,100%,137%,Occupied,Electric Standard,Electricity,0.0,0.0,51.01,0,30,0.0,716.2656955009111,0.0,0.0,1586.393702842239,6660.333140733922,28179.662610269686,0.0,0.0,28179.662610269686,0.0,0.0,0.0,0.0,0.0,0.0,0.0,0.0,34839.99575100361,0.0,79179.0,4357.0,12.4367,13.5546,0.0,57.146,Metadata_VT_Residential_VT_baseline_metadata_and_annual_results.csv,VT
331213,0,5587,169093.0,150%+,,5,Cold,In another census Place,G5000210,,Single-Family Detached,1,Fuel Oil,70F,No,0F,,"Room AC, EER 10.7",20% Conditioned,Room AC,"Fuel Furnace, 92.5% AFUE",Ducted Heating,Fuel Oil Fuel Furnace,,,,160000-179999,2,100%,99%,Occupied,Fuel Oil Standard,Fuel Oil,2.68,0.0,43.11,0,50,0.0,537.1992716256833,0.0,0.0,0.0,11382.294223348768,24372.66940873252,0.0,4559.599709739433,28932.26911847195,0.0,0.0,0.0,0.0,0.0,0.0,0.0,0.0,40314.56334182072,4349.0,78754.0,8783.0,12.5964,12.6766,5.427,45.292,Metadata_VT_Residential_VT_baseline_metadata_and_annual_results.csv,VT
331551,0,1698,149501.0,150%+,,5,Cold,Not in a census Place,G5000170,,Single-Family Detached,1,Other Fuel,67F,Yes,6F,Night -3h,,,,"Fuel Wall/Floor Furnace, 60% AFUE",Non-Ducted Heating,Other Fuel Fuel Wall/Floor Furnace,,,,140000-159999,2,100%,99%,Occupied,Propane Standard,Propane,0.0,0.0,36.18,0,50,0.0,0.0,0.0,0.0,0.0,5192.340150241261,0.0,0.0,0.0,0.0,0.0,0.0,0.0,0.0,0.0,0.0,4847.395500648555,4847.395500648555,10039.735650889816,0.0,47921.0,8964.0,8.7552,8.7491,0.0,36.197,Metadata_VT_Residential_VT_baseline_metadata_and_annual_results.csv,VT
332036,0,2179,54746.0,60-80%,,4,Cold,"VT, Burlington",G5000070,,Single-Family Detached,2,Natural Gas,65F,No,0F,,"Room AC, EER 12.0",20% Conditioned,Room AC,"Fuel Furnace, 92.5% AFUE",Ducted Heating,Natural Gas Fuel Furnace,,,,50000-59999,3,200%,99%,Occupied,Natural Gas Standard,Natural Gas,4.71,0.0,110.09,0,40,0.0,1019.8873241993332,0.0,0.0,0.0,13981.541544706206,0.0,0.0,0.0,0.0,46921.5575477833,0.0,10490.772027884866,64213.62990115492,0.0,0.0,0.0,0.0,78195.17144586112,640.0,151565.0,23793.0,8.334100000000001,9.4494,5.073,107.949,Metadata_VT_Residential_VT_baseline_metadata_and_annual_results.csv,VT
332321,0,1698,92315.0,120-150%,,3,Cold,In another census Place,G5000270,,Single-Family Detached,1,Propane,70F,No,0F,,,,,"Fuel Furnace, 80% AFUE",Ducted Heating,Propane Fuel Furnace,,,,80000-99999,3,100%,99%,Occupied,Propane Standard,Propane,0.0,0.0,58.06,0,40,0.0,832.321839289111,0.0,0.0,0.0,7290.729012674372,0.0,0.0,0.0,0.0,0.0,0.0,0.0,0.0,32967.85775474345,0.0,6128.70221944151,40284.08395052281,47574.81296319718,0.0,92822.0,12571.0,3.1699,3.8276,0.0,59.99,Metadata_VT_Residential_VT_baseline_metadata_and_annual_results.csv,VT
334167,0,2152,55104.0,80-100%,,3,Cold,In another census Place,G5000170,,Single-Family Attached,2,Natural Gas,68F,Yes,3F,Night +1h,"Room AC, EER 12.0",<10% Conditioned,Room AC,"Fuel Boiler, 80% AFUE",Non-Ducted Heating,Natural Gas Fuel Boiler,,,,50000-59999,2,100%,84%,Occupied,Natural Gas Standard,Natural Gas,0.82,0.0,32.86,0,40,0.0,108.43629596372222,0.0,0.0,0.0,5691.733253814728,0.0,0.0,0.0,0.0,16624.749526589476,0.0,4509.484556739983,21915.268485338434,0.0,0.0,0.0,0.0,27607.00173915316,714.0,44185.0,7948.0,6.3929,6.8063,1.421,45.869,Metadata_VT_Residential_VT_baseline_metadata_and_annual_results.csv,VT
334289,0,1228,27012.0,30-60%,,2,Cold,Not in a census Place,G5000050,,Single-Family Detached,1,Fuel Oil,68F,Yes,3F,Night -2h,,,,"Fuel Boiler, 80% AFUE",Non-Ducted Heating,Fuel Oil Fuel Boiler,,,,25000-29999,1,100%,99%,Occupied,Electric Standard,Electricity,0.0,0.0,51.54,0,30,0.0,222.14787119054444,0.0,0.0,1608.6671041753275,7441.953684883239,27547.80138297837,0.0,0.0,27547.80138297837,0.0,0.0,0.0,0.0,0.0,0.0,0.0,0.0,34989.75506786161,0.0,73079.0,4430.0,16.1933,22.7463,0.0,80.773,Metadata_VT_Residential_VT_baseline_metadata_and_annual_results.csv,VT
335314,0,1698,4849.0,0-30%,,3,Cold,Not in a census Place,G5000190,,Mobile Home,1,Fuel Oil,65F,No,0F,,"Room AC, EER 12.0",60% Conditioned,Room AC,"Fuel Furnace, 80% AFUE",Ducted Heating,Fuel Oil Fuel Furnace,,,,<10000,1,100%,137%,Occupied,Electric Standard,Electricity,5.62,0.0,51.4,0,50,0.0,667.0297557119777,0.0,0.0,1547.122179439161,8481.476770784111,25950.857121609934,0.0,0.0,25950.857121609934,0.0,0.0,0.0,0.0,0.0,0.0,0.0,0.0,34432.33389239405,430.0,73110.0,4171.0,8.149899999999999,9.8529,5.329,55.676,Metadata_VT_Residential_VT_baseline_metadata_and_annual_results.csv,VT
336535,0,3310,27012.0,30-60%,,5,Cold,In another census Place,G5000230,,Single-Family Detached,2,Fuel Oil,68F,Yes,6F,Day and Night +1h,"Room AC, EER 10.7",20% Conditioned,Room AC,"Fuel Furnace, 80% AFUE",Ducted Heating,Fuel Oil Fuel Furnace,,,,25000-29999,1,100%,99%,Occupied,FIXME Fuel Oil Indirect,Fuel Oil,5.17,0.0,145.9,0,50,0.0,1888.5499761898,0.0,0.0,0.0,6682.606542067011,73443.61018515889,0.0,2771.2800395485333,76214.59715363725,0.0,0.0,0.0,0.0,0.0,0.0,0.0,679.6318117293833,83576.83550743364,140.0,206175.0,3972.0,11.2729,11.9706,3.287,151.081,Metadata_VT_Residential_VT_baseline_metadata_and_annual_results.csv,VT
336715,0,3310,54746.0,80-100%,,3,Cold,In another census Place,G5000050,,Single-Family Detached,2,Propane,68F,No,0F,,,,,"Fuel Furnace, 80% AFUE",Ducted Heating,Propane Fuel Furnace,,,,50000-59999,3,100%,99%,Occupied,Propane Premium,Propane,0.0,0.0,127.39,0,40,0.0,1978.2297236625,0.0,0.0,0.0,8041.870165525778,0.0,0.0,0.0,0.0,0.0,0.0,0.0,1082.0183910758444,76932.6212755592,0.0,5330.3766242923775,83210.49666971837,92334.38522632,0.0,216739.0,12200.0,6.3043000000000005,7.4252,0.0,132.236,Metadata_VT_Residential_VT_baseline_metadata_and_annual_results.csv,VT
336785,0,3310,74751.0,120-150%,,5,Cold,In another census Place,G5000070,,Single-Family Detached,1,Fuel Oil,70F,No,0F,,,,,"Fuel Furnace, 80% AFUE",Ducted Heating,Fuel Oil Fuel Furnace,,,,70000-79999,1,50%,99%,Occupied,Electric Standard,Electricity,0.0,0.0,77.19,0,66,0.0,1078.2084671636055,0.0,0.0,998.7862071469332,5608.794140955989,43036.31437051015,0.0,0.0,43036.31437051015,0.0,0.0,0.0,0.0,0.0,0.0,0.0,0.0,48645.10851146613,0.0,121140.0,2407.0,6.1841,6.834899999999999,0.0,81.022,Metadata_VT_Residential_VT_baseline_metadata_and_annual_results.csv,VT
337274,0,5587,273335.0,150%+,,5,Cold,Not in a census Place,G5000270,,Single-Family Detached,2,Propane,75F,No,0F,,"Room AC, EER 10.7",<10% Conditioned,Room AC,"Fuel Wall/Floor Furnace, 68% AFUE",Non-Ducted Heating,Propane Fuel Wall/Floor Furnace,,,,200000+,5,200%,99%,Occupied,Propane Standard,Propane,5.23,0.0,153.54,0,50,0.0,0.0,0.0,0.0,0.0,12702.57939447463,0.0,0.0,0.0,0.0,0.0,0.0,0.0,0.0,110570.14642564618,0.0,14995.567447502095,125565.71387314826,138268.29326762288,6652.0,256520.0,34927.0,5.4665,5.987100000000001,9.144,149.384,Metadata_VT_Residential_VT_baseline_metadata_and_annual_results.csv,VT
337643,0,623,4849.0,0-30%,,2,Cold,Not in a census Place,G5000250,,5 to 9 Unit,2,Fuel Oil,70F,No,0F,,"Room AC, EER 10.7",20% Conditioned,Room AC,Shared Heating,Non-Ducted Heating,Fuel Oil Shared Heating,,,,<10000,1,50%,94%,Occupied,Fuel Oil Standard,Fuel Oil,1.8,0.0,17.51,0,30,0.0,135.9849765599111,0.0,0.0,0.0,1968.5583783468169,8857.780024885244,0.0,2059.117339030033,10916.897363915275,0.0,0.0,0.0,0.0,0.0,0.0,0.0,0.0,12885.455742262096,940.0,22985.0,2262.0,3.9187,2.2378,1.63,18.064,Metadata_VT_Residential_VT_baseline_metadata_and_annual_results.csv,VT
338186,0,1138,55104.0,80-100%,,2,Cold,In another census Place,G5000070,,5 to 9 Unit,1,Propane,72F,No,0F,,,,,"Fuel Wall/Floor Furnace, 60% AFUE",Non-Ducted Heating,Propane Fuel Wall/Floor Furnace,,,,50000-59999,2,200%,94%,Occupied,Electric Premium,Electricity,0.0,0.0,19.94,0,30,0.0,0.0,0.0,0.0,4125.561454814372,9877.66734908458,0.0,0.0,0.0,0.0,0.0,0.0,0.0,0.0,13192.594223802584,0.0,0.0,13192.594223802584,23070.26157288716,0.0,27008.0,13280.0,5.714899999999999,6.5362,0.0,20.902,Metadata_VT_Residential_VT_baseline_metadata_and_annual_results.csv,VT
338937,0,298,0.0,Not Available,,1,Cold,Not in a census Place,G5000070,,Single-Family Detached,1,Fuel Oil,55F,No,0F,,,,,"Fuel Boiler, 80% AFUE",Non-Ducted Heating,Fuel Oil Fuel Boiler,,,,Not Available,0,50%,99%,Vacant,Fuel Oil Standard,Fuel Oil,0.0,0.0,21.4,0,30,0.0,109.31550917423888,0.0,0.0,0.0,1366.2973291429,5796.945768006556,0.0,1366.5904002130724,7163.829239289799,0.0,0.0,0.0,0.0,0.0,0.0,0.0,0.0,8530.126568432699,0.0,15129.0,0.0,0.3825,0.3656999999999999,0.0,16.292,Metadata_VT_Residential_VT_baseline_metadata_and_annual_results.csv,VT
339799,0,2678,129243.0,150%+,,4,Cold,In another census Place,G5000270,,Single-Family Detached,1,Propane,68F,No,0F,,,,,"Fuel Wall/Floor Furnace, 60% AFUE",Non-Ducted Heating,Propane Fuel Wall/Floor Furnace,,,,120000-139999,3,50%,99%,Occupied,Propane Standard,Propane,0.0,0.0,49.93,0,40,0.0,0.0,0.0,0.0,0.0,4418.04638284625,0.0,0.0,0.0,0.0,0.0,0.0,0.0,0.0,33163.92230068867,0.0,4007.453813534967,37171.37611422363,41589.422497069885,0.0,67889.0,6812.0,4.848,4.9816,0.0,39.977,Metadata_VT_Residential_VT_baseline_metadata_and_annual_results.csv,VT
340438,0,1228,82516.0,120-150%,,3,Cold,In another census Place,G5000210,,Single-Family Detached,1,Propane,72F,Yes,6F,Night +1h,,,,"Fuel Wall/Floor Furnace, 68% AFUE",Non-Ducted Heating,Propane Fuel Wall/Floor Furnace,,,,80000-99999,3,50%,99%,Occupied,Electric Standard,Electricity,0.0,0.0,38.34,0,50,0.0,0.0,0.0,0.0,2289.4712001854,7729.456404722188,0.0,0.0,0.0,0.0,0.0,0.0,0.0,0.0,26754.457996022167,0.0,0.0,26754.457996022167,34483.914400744354,0.0,61837.0,6826.0,8.6259,8.758299999999998,0.0,38.368,Metadata_VT_Residential_VT_baseline_metadata_and_annual_results.csv,VT
341246,0,1138,89096.0,120-150%,,2,Cold,Not in a census Place,G5000110,,20 to 49 Unit,4,Natural Gas,75F,Yes,6F,Night +1h,"Room AC, EER 9.8",40% Conditioned,Room AC,Shared Heating,Ducted Heating,Natural Gas Shared Heating,,,,80000-99999,2,200%,94%,Occupied,Natural Gas Tankless,Natural Gas,3.21,0.0,7.78,0,0,0.0,125.14134696353888,0.0,0.0,0.0,6071.553360757927,0.0,0.0,0.0,0.0,3360.3528905947,0.0,5670.632136762328,9030.691956286855,0.0,0.0,0.0,0.0,15102.245317044782,2713.0,9199.0,14591.0,15.8669,14.7072,5.118,14.962,Metadata_VT_Residential_VT_baseline_metadata_and_annual_results.csv,VT
341608,0,1698,168960.0,150%+,,3,Cold,In another census Place,G5000210,,Single-Family Detached,2,Fuel Oil,70F,Yes,3F,Night +1h,"Room AC, EER 12.0",20% Conditioned,Room AC,"Fuel Furnace, 80% AFUE",Ducted Heating,Fuel Oil Fuel Furnace,,,,160000-179999,4,50%,99%,Occupied,Propane Standard,Propane,2.57,0.0,60.61,0,40,0.0,960.6869680245444,0.0,0.0,0.0,6352.022374912744,37791.51449870805,0.0,0.0,37791.51449870805,0.0,0.0,0.0,0.0,0.0,0.0,4450.284200565195,4450.284200565195,48593.821074186,3712.0,106359.0,7880.0,4.0177,4.8391,4.232,62.447,Metadata_VT_Residential_VT_baseline_metadata_and_annual_results.csv,VT
341676,0,2678,149501.0,150%+,,5,Cold,Not in a census Place,G5000230,,Single-Family Detached,2,Other Fuel,68F,Yes,3F,Day and Night -5h,,,,"Fuel Wall/Floor Furnace, 60% AFUE",Non-Ducted Heating,Other Fuel Fuel Wall/Floor Furnace,,,,140000-159999,2,100%,99%,Occupied,Fuel Oil Standard,Fuel Oil,0.0,0.0,95.57,0,50,0.0,0.0,0.0,0.0,0.0,6860.207610591378,0.0,0.0,4559.599709739433,4559.599709739433,0.0,0.0,0.0,0.0,0.0,0.0,0.0,813.5652907980889,12233.372611128902,0.0,147152.0,8881.0,7.272699999999999,8.5328,0.0,95.0,Metadata_VT_Residential_VT_baseline_metadata_and_annual_results.csv,VT
342477,0,1228,149501.0,100-120%,,4,Cold,Not in a census Place,G5000070,,Single-Family Detached,1,Natural Gas,68F,Yes,3F,Night -4h,,,,"Fuel Furnace, 92.5% AFUE",Ducted Heating,Natural Gas Fuel Furnace,,,,140000-159999,8,50%,99%,Occupied,Natural Gas Standard,Natural Gas,0.0,0.0,32.89,0,40,0.0,267.86695813741113,0.0,0.0,0.0,4598.578162072339,0.0,0.0,0.0,0.0,12319.24243468936,0.0,6896.841494362906,20508.82041958193,0.0,0.0,0.0,0.0,25107.39858165428,0.0,39751.0,14593.0,3.2797,3.5028,0.0,33.609,Metadata_VT_Residential_VT_baseline_metadata_and_annual_results.csv,VT
343027,0,2179,128932.0,150%+,,3,Cold,Not in a census Place,G5000270,,Single-Family Detached,2,Other Fuel,68F,No,0F,,,,,"Fuel Furnace, 60% AFUE",Ducted Heating,Other Fuel Fuel Furnace,,,,120000-139999,2,50%,99%,Occupied,Fuel Oil Standard,Fuel Oil,0.0,0.0,78.38,0,40,0.0,975.0474504629832,0.0,0.0,0.0,4570.443339335806,0.0,0.0,3011.8913881599274,3011.8913881599274,0.0,0.0,0.0,0.0,0.0,0.0,0.0,0.0,7582.334727495733,0.0,108720.0,4777.0,7.3466,8.0807,0.0,78.964,Metadata_VT_Residential_VT_baseline_metadata_and_annual_results.csv,VT
343556,0,1228,111217.0,100-120%,,4,Cold,Not in a census Place,G5000270,,Single-Family Detached,1,Other Fuel,68F,Yes,3F,Night +5h,"Room AC, EER 10.7",100% Conditioned,Room AC,"Fuel Wall/Floor Furnace, 60% AFUE",Non-Ducted Heating,Other Fuel Fuel Wall/Floor Furnace,,,,100000-119999,6,200%,99%,Occupied,Electric Standard,Electricity,17.11,0.0,48.97,0,50,0.0,0.0,0.0,0.0,12837.392086753847,25941.18577629425,0.0,0.0,0.0,0.0,0.0,0.0,0.0,0.0,0.0,0.0,0.0,1618.045378420839,27559.23115471509,18586.0,59712.0,42513.0,11.7827,11.2899,13.983,42.876,Metadata_VT_Residential_VT_baseline_metadata_and_annual_results.csv,VT
343642,0,1698,47457.0,60-80%,,4,Cold,Not in a census Place,G5000250,,Single-Family Detached,2,Fuel Oil,70F,No,0F,,"Room AC, EER 12.0",40% Conditioned,Room AC,"Fuel Furnace, 80% AFUE",Ducted Heating,Fuel Oil Fuel Furnace,,,,45000-49999,2,50%,99%,Occupied,Fuel Oil Standard,Fuel Oil,9.43,0.0,117.38,0,40,0.0,1592.8412663860277,0.0,0.0,0.0,5187.651013118506,63213.96448079747,0.0,2904.920447547067,66118.88492834455,0.0,0.0,0.0,0.0,0.0,0.0,0.0,650.9108468525055,71957.44678831556,8941.0,177974.0,4657.0,6.2707,6.5853,11.397,98.508,Metadata_VT_Residential_VT_baseline_metadata_and_annual_results.csv,VT
344627,0,1698,27012.0,30-60%,,3,Cold,Not in a census Place,G5000110,,Single-Family Detached,1,Propane,68F,No,0F,,"Room AC, EER 10.7",<10% Conditioned,Room AC,"Fuel Wall/Floor Furnace, 68% AFUE",Non-Ducted Heating,Propane Fuel Wall/Floor Furnace,,,,25000-29999,1,100%,99%,Occupied,Propane Standard,Propane,1.98,0.0,60.92,0,40,0.0,0.0,0.0,0.0,0.0,3907.809649676411,0.0,0.0,0.0,0.0,0.0,0.0,0.0,0.0,38311.12950612341,0.0,2909.023442529478,41899.78476038227,45807.59441005868,1359.0,88885.0,3882.0,4.1566,4.7262,2.847,62.541,Metadata_VT_Residential_VT_baseline_metadata_and_annual_results.csv,VT
345282,0,623,22223.0,30-60%,,1,Cold,In another census Place,G5000030,,2 Unit,2,Fuel Oil,70F,No,0F,,"Room AC, EER 10.7",40% Conditioned,Room AC,"Fuel Wall/Floor Furnace, 60% AFUE",Non-Ducted Heating,Fuel Oil Fuel Wall/Floor Furnace,,,,20000-24999,1,200%,121%,Occupied,Fuel Oil Standard,Fuel Oil,4.67,0.0,25.32,0,30,0.0,0.0,0.0,0.0,0.0,4780.282225579117,17989.58150038152,0.0,4468.747677986044,22458.32917836756,0.0,0.0,0.0,0.0,0.0,0.0,0.0,787.1888944825889,28025.800298429265,2527.0,36848.0,8883.0,10.1497,10.1649,7.349,51.883,Metadata_VT_Residential_VT_baseline_metadata_and_annual_results.csv,VT
345895,0,2179,61887.0,60-80%,,3,Cold,Not in a census Place,G5000070,,Single-Family Detached,1,Natural Gas,72F,Yes,3F,Night -1h,"Room AC, EER 10.7",60% Conditioned,Room AC,"Fuel Wall/Floor Furnace, 60% AFUE",Non-Ducted Heating,Natural Gas Fuel Wall/Floor Furnace,,,,60000-69999,3,50%,99%,Occupied,Natural Gas Standard,Natural Gas,13.9,0.0,78.66,0,40,0.0,0.0,0.0,0.0,0.0,5506.219266395711,0.0,0.0,0.0,0.0,53932.11061737302,0.0,4141.0942215335,58831.08662637189,0.0,0.0,0.0,0.0,64337.3058927676,19193.0,110332.0,6775.0,5.5128,4.605300000000001,17.519,78.671,Metadata_VT_Residential_VT_baseline_metadata_and_annual_results.csv,VT
349521,0,623,12655.0,0-30%,,1,Cold,Not in a census Place,G5000230,,2 Unit,2,Fuel Oil,70F,No,0F,,"Room AC, EER 10.7",40% Conditioned,Room AC,Shared Heating,Non-Ducted Heating,Fuel Oil Shared Heating,,,,10000-14999,2,50%,121%,Occupied,Electric Premium,Electricity,2.88,0.0,21.58,0,30,0.0,181.70406350677777,0.0,0.0,1360.4359077394556,5170.359819978345,14346.12195600045,0.0,0.0,14346.12195600045,0.0,0.0,0.0,0.0,0.0,0.0,0.0,0.0,19516.481775978795,1945.0,37656.0,3991.0,6.8276,6.617100000000001,3.429,30.285,Metadata_VT_Residential_VT_baseline_metadata_and_annual_results.csv,VT
350472,0,2678,270137.0,150%+,,3,Cold,Not in a census Place,G5000190,,Single-Family Detached,2,Fuel Oil,68F,No,0F,,"Room AC, EER 9.8",<10% Conditioned,Room AC,"Fuel Furnace, 92.5% AFUE",Ducted Heating,Fuel Oil Fuel Furnace,,,,200000+,4,200%,99%,Occupied,Electric Standard,Electricity,1.4,0.0,59.51,0,50,0.0,551.5597540641222,0.0,0.0,9555.875314035478,21097.30712848776,24741.059743939,0.0,0.0,24741.059743939,0.0,0.0,0.0,0.0,0.0,0.0,0.0,0.0,45838.36687242676,1007.0,79965.0,31332.0,13.0631,13.0058,1.631,61.093,Metadata_VT_Residential_VT_baseline_metadata_and_annual_results.csv,VT
351415,0,1698,74751.0,120-150%,,3,Cold,Not in a census Place,G5000010,,Single-Family Detached,2,Fuel Oil,68F,Yes,6F,Day and Night +3h,,,,"Fuel Furnace, 80% AFUE",Ducted Heating,Fuel Oil Fuel Furnace,,,,70000-79999,1,50%,99%,Occupied,Fuel Oil Standard,Fuel Oil,0.0,0.0,65.7,0,40,0.0,736.4875993427944,0.0,0.0,0.0,7100.525888132601,29374.806434432005,0.0,2254.8888139050778,31629.40217726691,0.0,0.0,0.0,0.0,0.0,0.0,0.0,543.9399062396444,39273.86797163916,0.0,82168.0,2450.0,10.8628,11.482,0.0,69.324,Metadata_VT_Residential_VT_baseline_metadata_and_annual_results.csv,VT
351751,0,1698,11140.0,0-30%,,2,Cold,In another census Place,G5000010,,Mobile Home,1,Fuel Oil,68F,Yes,3F,Night +4h,,,,"Fuel Boiler, 80% AFUE",Non-Ducted Heating,Fuel Oil Fuel Boiler,,,,10000-14999,1,50%,137%,Occupied,Electric Standard,Electricity,0.0,0.0,46.96,0,30,0.0,256.43718640069443,0.0,0.0,1027.2141009536388,6249.740571422639,28729.46393791277,0.0,0.0,28729.46393791277,0.0,0.0,0.0,0.0,0.0,0.0,0.0,0.0,34979.20450933541,0.0,76963.0,2431.0,7.663699999999999,8.400799999999998,0.0,56.581,Metadata_VT_Residential_VT_baseline_metadata_and_annual_results.csv,VT
352166,0,2179,11140.0,0-30%,,3,Cold,Not in a census Place,G5000210,,Single-Family Detached,2,Fuel Oil,62F,No,0F,,,,,"Fuel Boiler, 80% AFUE",Non-Ducted Heating,Fuel Oil Fuel Boiler,,,,10000-14999,1,100%,99%,Occupied,Electric Standard,Electricity,0.0,0.0,74.71,0,50,0.0,209.8388862433111,0.0,0.0,1655.5584754028832,5869.627393409266,37563.21213504389,0.0,0.0,37563.21213504389,0.0,0.0,0.0,0.0,0.0,0.0,0.0,0.0,43432.83952845316,0.0,99636.0,4370.0,23.5315,25.9382,0.0,127.244,Metadata_VT_Residential_VT_baseline_metadata_and_annual_results.csv,VT
352206,0,2179,87842.0,120-150%,,3,Cold,"VT, Burlington",G5000070,,Single-Family Detached,2,Fuel Oil,68F,No,0F,,"AC, SEER 13",100% Conditioned,Central AC,"Fuel Furnace, 80% AFUE",Ducted Heating,Fuel Oil Fuel Furnace,,,,80000-99999,1,200%,99%,Occupied,Electric Standard,Electricity,30.3,0.0,91.26,0,50,0.0,948.9641252176556,0.0,0.0,2674.273515321528,14250.580787124303,37859.80005805818,0.0,0.0,37859.80005805818,0.0,0.0,0.0,0.0,0.0,0.0,0.0,0.0,52110.38084518249,18318.0,106578.0,8029.999999999999,13.6476,12.9127,27.15,93.67,Metadata_VT_Residential_VT_baseline_metadata_and_annual_results.csv,VT
353212,0,2678,64407.0,100-120%,,2,Cold,Not in a census Place,G5000110,,Single-Family Detached,1,Other Fuel,68F,No,0F,,,,,"Fuel Wall/Floor Furnace, 60% AFUE",Non-Ducted Heating,Other Fuel Fuel Wall/Floor Furnace,,,,60000-69999,1,100%,99%,Occupied,Fuel Oil Standard,Fuel Oil,0.0,0.0,60.13,0,30,0.0,0.0,0.0,0.0,0.0,4228.429400444822,0.0,0.0,2851.8745838458944,2851.8745838458944,0.0,0.0,0.0,0.0,0.0,0.0,0.0,679.6318117293833,7759.9357960201,0.0,94457.0,4354.0,24.0658,27.9155,0.0,81.233,Metadata_VT_Residential_VT_baseline_metadata_and_annual_results.csv,VT
353530,0,1138,32204.0,30-60%,,2,Cold,Not in a census Place,G5000250,,5 to 9 Unit,5,Fuel Oil,68F,No,0F,,"Room AC, EER 12.0",100% Conditioned,Room AC,Shared Heating,Non-Ducted Heating,Fuel Oil Shared Heating,,,,30000-34999,1,200%,94%,Occupied,Electric Premium,Electricity,12.34,0.0,31.49,0,30,0.0,129.53741301612223,0.0,0.0,2760.1433388819887,8924.307157814339,15191.33892237714,0.0,0.0,15191.33892237714,0.0,0.0,0.0,0.0,0.0,0.0,0.0,0.0,24115.64608019148,12599.0,39076.0,8727.0,10.6497,11.3298,10.444,45.876,Metadata_VT_Residential_VT_baseline_metadata_and_annual_results.csv,VT
353566,0,2179,280058.0,150%+,,4,Cold,Not in a census Place,G5000270,,Single-Family Detached,2,Fuel Oil,68F,Yes,3F,Night -1h,"Room AC, EER 12.0",20% Conditioned,Room AC,"Fuel Furnace, 92.5% AFUE",Ducted Heating,Fuel Oil Fuel Furnace,,,,200000+,2,200%,99%,Occupied,Electric Standard,Electricity,5.37,0.0,108.67,0,50,0.0,1079.3807514442944,0.0,0.0,4981.328979717261,14053.637027968573,49275.79745447676,0.0,0.0,49275.79745447676,0.0,0.0,0.0,0.0,0.0,0.0,0.0,0.0,63329.43448244533,4952.0,159096.0,15861.0,8.356399999999999,9.1323,7.498,107.47,Metadata_VT_Residential_VT_baseline_metadata_and_annual_results.csv,VT
355909,0,1138,55104.0,100-120%,,2,Cold,Not in a census Place,G5000250,,2 Unit,1,Fuel Oil,68F,No,0F,,"Room AC, EER 10.7",20% Conditioned,Room AC,"Fuel Boiler, 80% AFUE",Non-Ducted Heating,Fuel Oil Fuel Boiler,,,,50000-59999,2,50%,121%,Occupied,Propane Tankless,Propane,1.84,0.0,27.22,0,0,0.0,181.99713457695,0.0,0.0,0.0,4280.302979865306,12001.846465692845,0.0,0.0,12001.846465692845,0.0,0.0,0.0,1379.7785983708222,0.0,0.0,1625.6652262453165,1625.6652262453165,19287.59327017429,1033.0,31861.0,4183.0,7.2668,7.6902,1.931,31.168,Metadata_VT_Residential_VT_baseline_metadata_and_annual_results.csv,VT
357867,0,1138,13633.0,0-30%,,3,Cold,"VT, Burlington",G5000070,,2 Unit,2,Natural Gas,68F,Yes,3F,Night -4h,Shared Cooling,100% Conditioned,Central AC,Shared Heating,Ducted Heating,Natural Gas Shared Heating,,,,10000-14999,1,50%,121%,Occupied,Natural Gas Standard,Natural Gas,17.01,0.0,51.12,0,40,0.0,310.36226331238333,0.0,0.0,0.0,5356.459949537706,0.0,0.0,0.0,0.0,28676.711145281773,0.0,2576.6808489541777,31809.34781435265,0.0,0.0,0.0,0.0,37165.80776389036,15107.0,74391.0,2362.0,10.6443,10.0774,16.277,93.575,Metadata_VT_Residential_VT_baseline_metadata_and_annual_results.csv,VT
357943,0,2179,82516.0,120-150%,,4,Cold,In another census Place,G5000270,,Single-Family Detached,1,Other Fuel,68F,No,0F,,,,,"Fuel Wall/Floor Furnace, 60% AFUE",Non-Ducted Heating,Other Fuel Fuel Wall/Floor Furnace,,,,80000-99999,3,100%,99%,Occupied,"Electric Heat Pump, 50 gal, 3.45 UEF",Electricity,0.0,0.0,27.51,0,50,0.0,0.0,0.0,0.0,949.550267358,6299.562653351917,0.0,0.0,0.0,0.0,0.0,0.0,0.0,0.0,0.0,0.0,0.0,0.0,6299.562653351917,0.0,52997.0,12006.0,8.6069,8.649299999999998,0.0,28.835,Metadata_VT_Residential_VT_baseline_metadata_and_annual_results.csv,VT
361466,0,3310,89096.0,120-150%,,4,Cold,Not in a census Place,G5000270,,Single-Family Detached,2,Propane,72F,Yes,3F,Night +1h,"Room AC, EER 10.7",20% Conditioned,Room AC,"Fuel Furnace, 92.5% AFUE",Ducted Heating,Propane Fuel Furnace,,,,80000-99999,2,50%,99%,Occupied,Electric Standard,Electricity,8.34,0.0,176.01,0,50,0.0,1877.9994176636,0.0,0.0,1543.8983976672666,7736.19703933615,0.0,0.0,0.0,0.0,0.0,0.0,0.0,0.0,85743.21685814671,0.0,0.0,85743.21685814671,93479.41389748288,2871.0,276714.0,4246.0,6.572100000000001,8.2258,8.08,176.145,Metadata_VT_Residential_VT_baseline_metadata_and_annual_results.csv,VT
362605,0,1682,22223.0,30-60%,,2,Cold,Not in a census Place,G5000250,,2 Unit,1,Fuel Oil,70F,No,0F,,,,,Shared Heating,Ducted Heating,Fuel Oil Shared Heating,,,,20000-24999,1,50%,121%,Occupied,Fuel Oil Standard,Fuel Oil,0.0,0.0,55.98,0,30,0.0,164.11979929644446,0.0,0.0,0.0,2800.001004425412,33850.88088917236,0.0,2239.649118256122,36090.53000742848,0.0,0.0,0.0,0.0,0.0,0.0,0.0,0.0,38890.53101185389,0.0,87571.0,2136.0,5.5505,5.813899999999999,0.0,59.191,Metadata_VT_Residential_VT_baseline_metadata_and_annual_results.csv,VT
362627,0,1138,74909.0,80-100%,,2,Cold,In another census Place,G5000070,,5 to 9 Unit,2,Electricity,70F,Yes,3F,Night -4h,"Room AC, EER 10.7",20% Conditioned,Room AC,"Electric Baseboard, 100% Efficiency",Non-Ducted Heating,Electricity Baseboard,,,,70000-79999,3,100%,94%,Occupied,Electric Premium,Electricity,1.35,0.0,20.91,0,30,6136.028996195817,0.0,0.0,0.0,2939.2097627572166,12783.17393877199,0.0,0.0,0.0,0.0,0.0,0.0,0.0,0.0,0.0,0.0,0.0,0.0,12783.17393877199,1420.0,20936.0,9377.0,5.150399999999999,7.892600000000001,2.341,20.422,Metadata_VT_Residential_VT_baseline_metadata_and_annual_results.csv,VT
363860,0,2179,4849.0,0-30%,,3,Cold,Not in a census Place,G5000250,,Single-Family Detached,1,Propane,70F,No,0F,,"AC, SEER 13",100% Conditioned,Central AC,"Fuel Wall/Floor Furnace, 68% AFUE",Non-Ducted Heating,Propane Fuel Wall/Floor Furnace,,,,<10000,1,100%,99%,Occupied,Electric Standard,Electricity,12.07,0.0,30.93,0,50,0.0,0.0,0.0,0.0,1638.267282262722,7621.899321968984,0.0,0.0,0.0,0.0,0.0,0.0,0.0,0.0,22009.93044100406,0.0,0.0,22009.93044100406,29631.829762973044,11236.0,51068.0,4267.0,13.3194,12.4896,11.773,36.84,Metadata_VT_Residential_VT_baseline_metadata_and_annual_results.csv,VT
363914,0,1228,42395.0,30-60%,,3,Cold,In another census Place,G5000030,,Single-Family Detached,1,Fuel Oil,70F,Yes,3F,Night +1h,"Room AC, EER 12.0",20% Conditioned,Room AC,"Fuel Furnace, 92.5% AFUE",Ducted Heating,Fuel Oil Fuel Furnace,,,,40000-44999,4,50%,99%,Occupied,Fuel Oil Standard,Fuel Oil,2.45,0.0,43.8,0,40,0.0,454.8463009072889,0.0,0.0,0.0,7960.103336947728,20631.6171979841,0.0,4561.065065090294,25192.97533414457,0.0,0.0,0.0,0.0,0.0,0.0,0.0,0.0,33153.0786710923,4006.0,66651.0,8737.0,7.8413,7.7236,3.472,39.981,Metadata_VT_Residential_VT_baseline_metadata_and_annual_results.csv,VT
363962,0,2678,128932.0,150%+,,4,Cold,Not in a census Place,G5000270,,Single-Family Detached,2,Propane,65F,No,0F,,"Room AC, EER 10.7",20% Conditioned,Room AC,"Fuel Wall/Floor Furnace, 68% AFUE",Non-Ducted Heating,Propane Fuel Wall/Floor Furnace,,,,120000-139999,2,100%,99%,Occupied,Electric Premium,Electricity,4.23,0.0,102.26,0,50,0.0,0.0,0.0,0.0,2789.4504458992114,10242.540831448994,0.0,0.0,0.0,0.0,0.0,0.0,0.0,0.0,54956.98014976528,0.0,0.0,55770.2523694932,66012.7932009422,3978.0,127496.0,8810.0,14.2463,17.0467,5.327,97.983,Metadata_VT_Residential_VT_baseline_metadata_and_annual_results.csv,VT
364116,0,623,11140.0,0-30%,,1,Cold,In another census Place,G5000210,,20 to 49 Unit,3,Electricity,68F,No,0F,,,,,"Electric Baseboard, 100% Efficiency",Non-Ducted Heating,Electricity Baseboard,,,,10000-14999,1,50%,94%,Occupied,Electric Standard,Electricity,0.0,0.0,18.2,0,30,6998.830226782839,0.0,0.0,0.0,901.7796829199276,9836.93047033064,0.0,0.0,0.0,0.0,0.0,0.0,0.0,0.0,0.0,0.0,0.0,0.0,9836.93047033064,0.0,23879.0,2056.0,2.6815,7.1503000000000005,0.0,18.203,Metadata_VT_Residential_VT_baseline_metadata_and_annual_results.csv,VT
364968,0,2179,27621.0,30-60%,,4,Cold,Not in a census Place,G5000250,,Single-Family Detached,1,Propane,65F,No,0F,,,,,"Fuel Wall/Floor Furnace, 68% AFUE",Non-Ducted Heating,Propane Fuel Wall/Floor Furnace,,,,25000-29999,2,200%,99%,Occupied,Electric Premium,Electricity,0.0,0.0,65.45,0,50,0.0,0.0,0.0,0.0,4779.989154508944,11529.415900575224,0.0,0.0,0.0,0.0,0.0,0.0,0.0,0.0,36824.08689606955,0.0,0.0,37800.013559743056,49329.42946031828,0.0,85435.0,15544.0,8.6069,9.9219,0.0,61.064,Metadata_VT_Residential_VT_baseline_metadata_and_annual_results.csv,VT
367305,0,3310,63747.0,100-120%,,3,Cold,Not in a census Place,G5000030,,Single-Family Detached,2,Fuel Oil,70F,Yes,12F,Night +3h,,,,"Fuel Boiler, 80% AFUE",Non-Ducted Heating,Fuel Oil Fuel Boiler,,,,60000-69999,2,50%,99%,Occupied,Fuel Oil Standard,Fuel Oil,0.0,0.0,70.87,0,40,0.0,222.44094226071667,0.0,0.0,0.0,6259.411916738322,36830.24138854317,0.0,3107.725628106244,39938.26008771959,0.0,0.0,0.0,0.0,0.0,0.0,0.0,0.0,46197.67200445791,0.0,99636.0,4230.0,3.5373,5.0787,0.0,137.753,Metadata_VT_Residential_VT_baseline_metadata_and_annual_results.csv,VT
367312,0,1228,149501.0,150%+,,4,Cold,Not in a census Place,G5000270,,Single-Family Detached,1,Propane,70F,Yes,3F,Night -5h,,,,"Fuel Wall/Floor Furnace, 68% AFUE",Non-Ducted Heating,Propane Fuel Wall/Floor Furnace,,,,140000-159999,5,50%,99%,Occupied,Electric Standard,Electricity,0.0,0.0,35.8,0,50,0.0,0.0,0.0,0.0,3419.553246769489,10467.03327120092,0.0,0.0,0.0,0.0,0.0,0.0,0.0,0.0,25292.619498003125,0.0,0.0,25292.619498003125,35759.65276920404,0.0,58604.0,10653.0,6.6835,7.4721,0.0,36.54,Metadata_VT_Residential_VT_baseline_metadata_and_annual_results.csv,VT
368714,0,1698,169093.0,150%+,,3,Cold,In another census Place,G5000150,,Single-Family Detached,2,Other Fuel,70F,No,0F,,,,,"Fuel Wall/Floor Furnace, 60% AFUE",Non-Ducted Heating,Other Fuel Fuel Wall/Floor Furnace,,,,160000-179999,2,100%,99%,Occupied,Electric Standard,Electricity,0.0,0.0,95.91,0,50,0.0,0.0,0.0,0.0,2738.456079689244,7171.449087114277,0.0,0.0,0.0,0.0,0.0,0.0,0.0,0.0,0.0,0.0,0.0,813.5652907980889,7985.014377912366,0.0,154879.0,8311.0,7.7094,8.5344,0.0,91.881,Metadata_VT_Residential_VT_baseline_metadata_and_annual_results.csv,VT
368871,0,1228,149501.0,150%+,,3,Cold,Not in a census Place,G5000230,,Mobile Home,1,Fuel Oil,70F,No,0F,,"Room AC, EER 12.0",60% Conditioned,Room AC,"Fuel Wall/Floor Furnace, 68% AFUE",Non-Ducted Heating,Fuel Oil Fuel Wall/Floor Furnace,,,,140000-159999,2,200%,137%,Occupied,Electric Premium,Electricity,6.85,0.0,57.04,0,50,0.0,0.0,0.0,0.0,4906.302785753172,12773.209522386134,40328.63075318898,0.0,0.0,40328.63075318898,0.0,0.0,0.0,0.0,0.0,0.0,0.0,0.0,53101.84027557512,1142.0,93566.0,16105.0,8.033,10.1238,6.792,57.652,Metadata_VT_Residential_VT_baseline_metadata_and_annual_results.csv,VT
370198,0,1228,42426.0,60-80%,,3,Cold,Not in a census Place,G5000250,,Mobile Home,1,Other Fuel,70F,No,0F,,,,,"Fuel Wall/Floor Furnace, 60% AFUE",Non-Ducted Heating,Other Fuel Fuel Wall/Floor Furnace,,,,40000-44999,2,200%,137%,Occupied,Propane Standard,Propane,0.0,0.0,24.86,0,40,0.0,0.0,0.0,0.0,0.0,7368.099775199838,0.0,0.0,0.0,0.0,0.0,0.0,0.0,1087.0005992687722,0.0,0.0,7483.276705777522,7483.276705777522,15938.377080246131,0.0,31330.0,16317.0,3.1373,3.6785,0.0,26.445,Metadata_VT_Residential_VT_baseline_metadata_and_annual_results.csv,VT
371090,0,5587,169054.0,150%+,,3,Cold,Not in a census Place,G5000230,,Single-Family Detached,2,Fuel Oil,68F,No,0F,,,,,"Fuel Furnace, 76% AFUE",Ducted Heating,Fuel Oil Fuel Furnace,,,,160000-179999,3,100%,99%,Occupied,Fuel Oil Standard,Fuel Oil,0.0,0.0,130.8,0,40,0.0,1538.0369762638222,0.0,0.0,0.0,8758.722003167033,62972.18084790539,0.0,5969.857699408167,68942.03854731355,0.0,0.0,0.0,0.0,0.0,0.0,0.0,0.0,77700.76055048058,0.0,168530.0,12761.0,5.8702,7.0625,0.0,111.417,Metadata_VT_Residential_VT_baseline_metadata_and_annual_results.csv,VT
371424,0,854,87842.0,120-150%,,1,Cold,Not in a census Place,G5000070,,20 to 49 Unit,2,Electricity,68F,No,0F,,"Room AC, EER 12.0",60% Conditioned,Room AC,"Electric Baseboard, 100% Efficiency",Non-Ducted Heating,Electricity Baseboard,,,,80000-99999,1,50%,94%,Occupied,Natural Gas Standard,Natural Gas,2.58,0.0,6.32,0,30,2217.375716923033,0.0,0.0,0.0,0.0,4419.511738197111,0.0,0.0,0.0,0.0,0.0,0.0,2318.192165062278,2318.192165062278,0.0,0.0,0.0,0.0,6737.703903259389,1762.0,7566.0,2367.0,9.5543,7.9903,5.048,6.316,Metadata_VT_Residential_VT_baseline_metadata_and_annual_results.csv,VT
371782,0,1698,4293.0,0-30%,,4,Cold,In another census Place,G5000170,,Single-Family Detached,1,Fuel Oil,70F,No,0F,,"Room AC, EER 10.7",20% Conditioned,Room AC,"Fuel Furnace, 80% AFUE",Ducted Heating,Fuel Oil Fuel Furnace,,,,<10000,5,200%,99%,Occupied,FIXME Fuel Oil Indirect,Fuel Oil,2.82,0.0,53.09,0,40,0.0,714.2141980097055,0.0,0.0,0.0,12601.469875265211,27782.25823911615,0.0,14897.974781134746,42680.526091321066,0.0,0.0,0.0,0.0,0.0,0.0,0.0,0.0,55281.99596658628,1347.0,78269.0,37012.0,10.2352,10.7595,2.816,53.58,Metadata_VT_Residential_VT_baseline_metadata_and_annual_results.csv,VT
372114,0,322,4849.0,0-30%,,1,Cold,In another census Place,G5000010,,5 to 9 Unit,4,Electricity,70F,Yes,3F,Night +2h,"Room AC, EER 8.5",100% Conditioned,Room AC,Shared Heating,Non-Ducted Heating,Electricity Shared Heating,,,,<10000,1,100%,94%,Occupied,Natural Gas Premium,Natural Gas,6.57,0.0,13.95,0,30,5864.059043075995,151.8108143492111,0.0,0.0,0.0,8821.43921218389,0.0,0.0,0.0,0.0,0.0,0.0,2435.127522060994,2435.127522060994,0.0,0.0,0.0,0.0,11256.566734244883,1432.0,19992.0,4463.0,8.1491,10.6875,5.759,29.622,Metadata_VT_Residential_VT_baseline_metadata_and_annual_results.csv,VT
372841,0,2179,54746.0,60-80%,,5,Cold,Not in a census Place,G5000110,,Single-Family Detached,1,Natural Gas,70F,No,0F,,"Room AC, EER 10.7",<10% Conditioned,Room AC,"Fuel Furnace, 76% AFUE",Ducted Heating,Natural Gas Fuel Furnace,,,,50000-59999,3,100%,99%,Occupied,Natural Gas Standard,Natural Gas,2.19,0.0,83.61,0,50,0.0,1245.258977161772,0.0,0.0,0.0,7769.607141335783,0.0,0.0,0.0,0.0,52314.06523895218,0.0,5580.07317607911,57894.138415031295,0.0,0.0,0.0,0.0,65663.74555636708,687.0,139902.0,11073.0,4.2278,4.5852,2.555,85.916,Metadata_VT_Residential_VT_baseline_metadata_and_annual_results.csv,VT
374418,0,881,89096.0,100-120%,,2,Cold,Not in a census Place,G5000070,,Mobile Home,1,Natural Gas,68F,No,0F,,"AC, SEER 13",100% Conditioned,Central AC,"Fuel Furnace, 92.5% AFUE",Ducted Heating,Natural Gas Fuel Furnace,,,,80000-99999,2,50%,137%,Occupied,Natural Gas Tankless,Natural Gas,9.55,0.0,37.99,0,0,0.0,409.1272139604222,0.0,0.0,0.0,4192.674729883811,0.0,0.0,0.0,0.0,18808.128999372533,0.0,1851.6230213481,20660.04509179081,0.0,0.0,0.0,0.0,24852.71982167462,3225.0,60755.0,4765.0,9.7082,9.3757,9.182,40.526,Metadata_VT_Residential_VT_baseline_metadata_and_annual_results.csv,VT
375335,0,623,15960.0,0-30%,,2,Cold,"VT, Burlington",G5000070,,5 to 9 Unit,3,Natural Gas,68F,No,0F,,"Room AC, EER 12.0",20% Conditioned,Room AC,Shared Heating,Non-Ducted Heating,Natural Gas Shared Heating,,,,15000-19999,2,100%,94%,Occupied,Natural Gas Standard,Natural Gas,1.82,0.0,30.41,0,30,0.0,149.1731747176611,0.0,0.0,0.0,3195.646949157911,0.0,0.0,0.0,0.0,16678.381532430994,0.0,4438.561357758305,21897.97729219827,0.0,0.0,0.0,0.0,25093.62424135618,411.0,43247.0,7349.0,11.8541,12.282,1.992,49.918,Metadata_VT_Residential_VT_baseline_metadata_and_annual_results.csv,VT
375469,0,1228,89096.0,120-150%,,3,Cold,In another census Place,G5000030,,Single-Family Detached,1,Fuel Oil,70F,No,0F,,"Room AC, EER 10.7",40% Conditioned,Room AC,"Fuel Furnace, 80% AFUE",Ducted Heating,Fuel Oil Fuel Furnace,,,,80000-99999,2,100%,99%,Occupied,Electric Standard,Electricity,3.76,0.0,40.7,0,50,0.0,644.4632833087167,0.0,0.0,2582.542270357622,10528.871267007256,25349.768356686705,0.0,0.0,25349.768356686705,0.0,0.0,0.0,0.0,0.0,0.0,0.0,813.5652907980889,36692.20491449205,7036.0,71391.0,7724.0,7.428199999999999,8.162600000000001,6.552,45.65,Metadata_VT_Residential_VT_baseline_metadata_and_annual_results.csv,VT
375992,0,1698,13633.0,0-30%,,4,Cold,Not in a census Place,G5000030,,Single-Family Detached,2,Other Fuel,70F,Yes,3F,Night +3h,"Room AC, EER 12.0",<10% Conditioned,Room AC,"Fuel Wall/Floor Furnace, 60% AFUE",Non-Ducted Heating,Other Fuel Fuel Wall/Floor Furnace,,,,10000-14999,1,100%,99%,Occupied,Electric Premium,Electricity,1.57,0.0,80.23,0,50,0.0,0.0,0.0,0.0,1410.2579896687334,4947.625806647456,0.0,0.0,0.0,0.0,0.0,0.0,0.0,0.0,0.0,0.0,0.0,0.0,4947.625806647456,1240.0,146922.0,4141.0,22.8437,23.1449,3.236,100.589,Metadata_VT_Residential_VT_baseline_metadata_and_annual_results.csv,VT
375996,0,2179,47457.0,60-80%,,5,Cold,Not in a census Place,G5000250,,Single-Family Detached,2,Fuel Oil,67F,No,0F,,"Room AC, EER 10.7",40% Conditioned,Room AC,"Fuel Furnace, 80% AFUE",Ducted Heating,Fuel Oil Fuel Furnace,,,,45000-49999,2,100%,99%,Occupied,Electric Standard,Electricity,4.82,0.0,47.83,0,66,0.0,551.5597540641222,0.0,0.0,2760.7294810223334,11288.804551963827,21887.1336626019,0.0,0.0,21887.1336626019,0.0,0.0,0.0,0.0,0.0,0.0,0.0,0.0,33175.93821456573,12938.0,61623.0,8226.0,10.2753,11.1356,9.206,50.026,Metadata_VT_Residential_VT_baseline_metadata_and_annual_results.csv,VT
376260,0,1228,31921.0,30-60%,,3,Cold,Not in a census Place,G5000070,,Single-Family Detached,1,Natural Gas,70F,Yes,3F,Night -5h,"AC, SEER 13",100% Conditioned,Central AC,"Fuel Furnace, 92.5% AFUE",Ducted Heating,Natural Gas Fuel Furnace,,,,30000-34999,2,100%,99%,Occupied,Natural Gas Standard,Natural Gas,14.9,0.0,44.01,0,40,0.0,480.0504129421,0.0,0.0,0.0,7677.582825301705,0.0,0.0,0.0,0.0,22098.1448331259,0.0,4602.974228124922,26701.11906125082,0.0,0.0,0.0,0.0,34378.701886552524,16564.0,71287.0,8294.0,13.0715,14.4528,14.228,50.077,Metadata_VT_Residential_VT_baseline_metadata_and_annual_results.csv,VT
377437,0,3310,270137.0,150%+,,5,Cold,Not in a census Place,G5000070,,Single-Family Detached,1,Other Fuel,70F,No,0F,,,,,"Fuel Boiler, 76% AFUE",Non-Ducted Heating,Other Fuel Fuel Boiler,,,,200000+,4,100%,99%,Occupied,Electric Premium,Electricity,0.0,0.0,40.28,0,66,0.0,136.57111870025557,0.0,0.0,4611.766360230089,11869.671413045173,0.0,0.0,0.0,0.0,0.0,0.0,0.0,0.0,0.0,0.0,0.0,0.0,11869.671413045173,0.0,67902.0,15116.0,9.2901,9.7325,0.0,48.381,Metadata_VT_Residential_VT_baseline_metadata_and_annual_results.csv,VT
377451,0,1138,47457.0,60-80%,,2,Cold,Not in a census Place,G5000070,,3 or 4 Unit,2,Fuel Oil,70F,Yes,3F,Night -5h,"Room AC, EER 10.7",100% Conditioned,Room AC,"Fuel Wall/Floor Furnace, 60% AFUE",Non-Ducted Heating,Fuel Oil Fuel Wall/Floor Furnace,,,,45000-49999,4,100%,121%,Occupied,Propane Premium,Propane,13.9,0.0,37.82,0,30,0.0,0.0,0.0,0.0,0.0,6311.5785672289785,28080.604588551472,0.0,0.0,28080.604588551472,0.0,0.0,0.0,0.0,0.0,0.0,4872.599612683367,4872.599612683367,39264.78276846382,4754.0,57405.0,10986.0,3.2405,2.7805,9.961,38.996,Metadata_VT_Residential_VT_baseline_metadata_and_annual_results.csv,VT
378994,0,2179,268295.0,150%+,,4,Cold,"VT, Burlington",G5000070,,Single-Family Detached,1,Electricity,68F,Yes,3F,Night -5h,"AC, SEER 13",60% Conditioned,Central AC,"Electric Furnace, 100% AFUE",Ducted Heating,Electricity Electric Furnace,,,,200000+,6,50%,99%,Occupied,Electric Premium,Electricity,10.29,0.0,56.85,0,50,19563.666218276525,459.8285091002167,0.0,0.0,3909.275005027273,30101.036546318774,0.0,0.0,0.0,0.0,0.0,0.0,0.0,0.0,0.0,0.0,0.0,0.0,30101.036546318774,7013.0,68205.0,12492.0,9.0677,19.4186,9.855,57.41,Metadata_VT_Residential_VT_baseline_metadata_and_annual_results.csv,VT
379549,0,3310,11140.0,0-30%,,2,Cold,In another census Place,G5000170,,Single-Family Detached,2,Fuel Oil,72F,Yes,3F,Night -4h,"Room AC, EER 10.7",20% Conditioned,Room AC,"Fuel Furnace, 80% AFUE",Ducted Heating,Fuel Oil Fuel Furnace,,,,10000-14999,1,100%,99%,Occupied,Propane Standard,Propane,5.8,0.0,160.44,0,30,0.0,2631.1920680062112,0.0,0.0,0.0,7139.211269395333,102316.09280531573,0.0,0.0,102316.09280531573,0.0,0.0,0.0,0.0,0.0,0.0,2826.963542881256,2826.963542881256,112282.26761759233,4614.0,288185.0,3605.0,4.1549,4.519399999999999,9.088,166.838,Metadata_VT_Residential_VT_baseline_metadata_and_annual_results.csv,VT
380371,0,1682,89096.0,120-150%,,5,Cold,Not in a census Place,G5000110,,50 or more Unit,5,Electricity,70F,No,0F,,,,,Shared Heating,Non-Ducted Heating,Electricity Shared Heating,,,,80000-99999,2,50%,94%,Occupied,Natural Gas Tankless,Natural Gas,0.0,0.0,83.43,0,0,36485.88288109081,151.22467220886668,0.0,0.0,0.0,40495.09512104681,0.0,0.0,0.0,0.0,0.0,0.0,1401.1727864933944,1401.1727864933944,0.0,0.0,0.0,0.0,41896.267907540205,0.0,120159.0,3605.0,4.0113,22.7356,0.0,78.539,Metadata_VT_Residential_VT_baseline_metadata_and_annual_results.csv,VT
380550,0,2179,74986.0,80-100%,,3,Cold,Not in a census Place,G5000050,,Single-Family Detached,2,Other Fuel,68F,Yes,3F,Night +4h,"Room AC, EER 12.0",20% Conditioned,Room AC,"Fuel Wall/Floor Furnace, 60% AFUE",Non-Ducted Heating,Other Fuel Fuel Wall/Floor Furnace,,,,70000-79999,5,50%,99%,Occupied,Electric Standard,Electricity,5.37,0.0,94.11,0,50,0.0,0.0,0.0,0.0,3248.6928128590835,9762.197347436722,0.0,0.0,0.0,0.0,0.0,0.0,0.0,0.0,0.0,0.0,0.0,971.8236686910888,10734.021016127812,4644.0,130855.0,9766.0,7.5751,7.6276,6.031,90.049,Metadata_VT_Residential_VT_baseline_metadata_and_annual_results.csv,VT
381679,0,1698,89096.0,150%+,,3,Cold,Not in a census Place,G5000170,,Single-Family Detached,1,Other Fuel,68F,Yes,6F,Night +4h,"Room AC, EER 9.8",<10% Conditioned,Room AC,"Fuel Wall/Floor Furnace, 60% AFUE",Non-Ducted Heating,Other Fuel Fuel Wall/Floor Furnace,,,,80000-99999,2,200%,99%,Occupied,Electric Premium,Electricity,1.05,0.0,31.47,0,50,0.0,0.0,0.0,0.0,5118.779311628034,12262.38664707595,0.0,0.0,0.0,0.0,0.0,0.0,0.0,0.0,0.0,0.0,0.0,976.2197347436722,13238.606381819622,916.0,38563.0,16786.0,15.15,15.5027,1.946,34.839,Metadata_VT_Residential_VT_baseline_metadata_and_annual_results.csv,VT
382308,0,3310,74909.0,80-100%,,5,Cold,"VT, Burlington",G5000070,,Single-Family Detached,2,Natural Gas,68F,No,0F,,,,,"Fuel Furnace, 92.5% AFUE",Ducted Heating,Natural Gas Fuel Furnace,,,,70000-79999,3,200%,99%,Occupied,Natural Gas Standard,Natural Gas,0.0,0.0,101.51,0,50,0.0,650.3247047121611,0.0,0.0,0.0,8863.93451735886,0.0,0.0,0.0,0.0,29928.417685987333,0.0,10000.171056416566,41065.41142360195,0.0,0.0,0.0,0.0,49929.34594096081,0.0,96673.0,22687.0,5.0391,5.4331000000000005,0.0,78.248,Metadata_VT_Residential_VT_baseline_metadata_and_annual_results.csv,VT
382497,0,881,13633.0,0-30%,,2,Cold,In another census Place,G5000070,,Single-Family Detached,1,Fuel Oil,68F,No,0F,,"Room AC, EER 12.0",40% Conditioned,Room AC,"Fuel Furnace, 80% AFUE",Ducted Heating,Fuel Oil Fuel Furnace,,,,10000-14999,1,50%,99%,Occupied,Electric Premium,Electricity,7.4,0.0,53.96,0,30,0.0,691.6477256064444,0.0,0.0,749.3827264303721,4422.442448898833,27592.34818564455,0.0,0.0,27592.34818564455,0.0,0.0,0.0,0.0,0.0,0.0,0.0,0.0,32014.790634543384,5170.0,77675.0,1865.0,5.243600000000001,5.597,7.669,58.782,Metadata_VT_Residential_VT_baseline_metadata_and_annual_results.csv,VT
382538,0,1698,89642.0,100-120%,,4,Cold,In another census Place,G5000210,,Single-Family Detached,1,Fuel Oil,70F,Yes,3F,Night +5h,,,,"Fuel Furnace, 80% AFUE",Ducted Heating,Fuel Oil Fuel Furnace,,,,80000-99999,4,100%,99%,Occupied,Propane Premium,Propane,0.0,0.0,26.52,0,40,0.0,373.3725433994112,0.0,0.0,0.0,7542.477061952311,14685.791326330056,0.0,0.0,14685.791326330056,0.0,0.0,0.0,0.0,0.0,0.0,6779.906137364189,7861.045315229517,30089.313703511885,0.0,41322.0,16225.000000000002,7.6105,7.8815,0.0,28.374,Metadata_VT_Residential_VT_baseline_metadata_and_annual_results.csv,VT
382543,0,1698,129611.0,150%+,,3,Cold,Not in a census Place,G5000190,,Single-Family Detached,1,Fuel Oil,75F,Yes,3F,Night +1h,"Room AC, EER 10.7",20% Conditioned,Room AC,"Fuel Furnace, 80% AFUE",Ducted Heating,Fuel Oil Fuel Furnace,,,,120000-139999,5,200%,99%,Occupied,Fuel Oil Standard,Fuel Oil,2.23,0.0,46.11,0,40,0.0,638.6018619052721,0.0,0.0,0.0,10701.490127338697,24826.050354288946,0.0,15287.173162323455,40113.2235166124,0.0,0.0,0.0,0.0,0.0,0.0,0.0,1457.7355030366334,52272.449146987725,2050.0,69909.0,38126.0,7.654,8.5864,2.354,48.031,Metadata_VT_Residential_VT_baseline_metadata_and_annual_results.csv,VT
382801,0,854,54023.0,100-120%,,1,Cold,Not in a census Place,G5000270,,5 to 9 Unit,2,Other Fuel,68F,No,0F,,"Room AC, EER 12.0",100% Conditioned,Room AC,Shared Heating,Non-Ducted Heating,Other Fuel Shared Heating,,,,50000-59999,1,50%,94%,Occupied,Electric Premium,Electricity,10.1,0.0,15.62,0,30,0.0,135.9849765599111,0.0,0.0,871.3002916220166,3411.933398945011,0.0,0.0,0.0,0.0,0.0,0.0,0.0,0.0,0.0,0.0,0.0,0.0,3411.933398945011,6578.0,20566.0,2282.0,3.9757,4.4458,7.31,15.638,Metadata_VT_Residential_VT_baseline_metadata_and_annual_results.csv,VT
382852,0,854,128932.0,150%+,,1,Cold,Not in a census Place,G5000110,,3 or 4 Unit,3,Electricity,68F,No,0F,,,,,"Electric Baseboard, 100% Efficiency",Non-Ducted Heating,Electricity Baseboard,,,,120000-139999,2,200%,121%,Occupied,Electric Premium,Electricity,0.0,0.0,63.16,0,30,24248.700346049663,0.0,0.0,0.0,4328.36663537355,35600.515178100526,0.0,0.0,0.0,0.0,0.0,0.0,0.0,0.0,0.0,0.0,0.0,0.0,35600.515178100526,0.0,82734.0,14133.0,10.2615,26.8423,0.0,57.867,Metadata_VT_Residential_VT_baseline_metadata_and_annual_results.csv,VT
383708,0,1228,36175.0,60-80%,,3,Cold,In another census Place,G5000230,,Single-Family Detached,1,Propane,75F,Yes,3F,Night -5h,"AC, SEER 13",100% Conditioned,Central AC,"Fuel Furnace, 80% AFUE",Ducted Heating,Propane Fuel Furnace,,,,35000-39999,1,50%,99%,Occupied,Electric Standard,Electricity,9.93,0.0,47.83,0,50,0.0,886.8330583411444,0.0,0.0,1006.1129839012387,6522.296666682805,0.0,0.0,0.0,0.0,0.0,0.0,0.0,0.0,34485.96589823556,0.0,0.0,35029.90580447521,41552.202471158016,3508.0,97087.0,2449.0,10.2073,10.2269,8.589,54.654,Metadata_VT_Residential_VT_baseline_metadata_and_annual_results.csv,VT
384480,0,854,13633.0,0-30%,,1,Cold,Not in a census Place,G5000210,,2 Unit,1,Propane,68F,No,0F,,,,,"Fuel Boiler, 80% AFUE",Non-Ducted Heating,Propane Fuel Boiler,,,,10000-14999,1,200%,121%,Occupied,Propane Standard,Propane,0.0,0.0,23.74,0,30,0.0,97.00652422700556,0.0,0.0,0.0,5343.564822450128,0.0,0.0,0.0,0.0,0.0,0.0,0.0,567.09252078325,10714.385254426272,0.0,5130.795225505095,15845.473551001538,21756.13089423492,0.0,28454.0,8961.0,8.3438,8.4179,0.0,43.829,Metadata_VT_Residential_VT_baseline_metadata_and_annual_results.csv,VT
384787,0,1698,22473.0,30-60%,,3,Cold,Not in a census Place,G5000150,,Single-Family Detached,1,Other Fuel,68F,No,0F,,,,,"Fuel Boiler, 76% AFUE",Non-Ducted Heating,Other Fuel Fuel Boiler,,,,20000-24999,2,50%,99%,Occupied,Electric Standard,Electricity,0.0,0.0,26.44,0,50,0.0,116.0561437882,0.0,0.0,1819.9713457695,4750.095905351377,0.0,0.0,0.0,0.0,0.0,0.0,0.0,0.0,0.0,0.0,0.0,650.9108468525055,5401.006752203883,0.0,37990.0,4851.0,7.6623,8.289,0.0,32.118,Metadata_VT_Residential_VT_baseline_metadata_and_annual_results.csv,VT
385808,0,1678,129243.0,150%+,,3,Cold,In another census Place,G5000070,,Single-Family Attached,2,Natural Gas,70F,No,0F,,"AC, SEER 15",100% Conditioned,Central AC,"Fuel Furnace, 80% AFUE",Ducted Heating,Natural Gas Fuel Furnace,,,,120000-139999,3,100%,84%,Occupied,Electric Standard,Electricity,10.14,0.0,28.99,0,50,0.0,388.0260969080222,0.0,0.0,3348.6300477878112,9585.1824210527,0.0,0.0,0.0,0.0,15489.392200742288,0.0,0.0,17375.59760837071,0.0,0.0,0.0,0.0,26960.78002942341,13738.0,43557.0,10319.0,5.1732,7.666600000000001,10.063,30.84,Metadata_VT_Residential_VT_baseline_metadata_and_annual_results.csv,VT
385930,0,1698,189083.0,150%+,,3,Cold,Not in a census Place,G5000110,,Single-Family Detached,2,Other Fuel,68F,Yes,3F,Night +5h,"Room AC, EER 12.0",<10% Conditioned,Room AC,"Fuel Wall/Floor Furnace, 60% AFUE",Non-Ducted Heating,Other Fuel Fuel Wall/Floor Furnace,,,,180000-199999,4,100%,99%,Occupied,Propane Standard,Propane,1.11,0.0,36.92,0,40,0.0,0.0,0.0,0.0,0.0,4773.248519894984,0.0,0.0,0.0,0.0,0.0,0.0,0.0,0.0,0.0,0.0,7173.207513535311,8254.053620330467,13027.30214022545,576.0,52365.0,15159.0,5.6756,5.8342,1.187,37.692,Metadata_VT_Residential_VT_baseline_metadata_and_annual_results.csv,VT
386736,0,2179,89642.0,100-120%,,3,Cold,In another census Place,G5000230,,Single-Family Detached,1,Propane,72F,No,0F,,"Room AC, EER 10.7",20% Conditioned,Room AC,"Fuel Furnace, 80% AFUE",Ducted Heating,Propane Fuel Furnace,,,,80000-99999,4,100%,99%,Occupied,Propane Standard,Propane,3.58,0.0,139.49,0,40,0.0,2556.165874042122,0.0,0.0,0.0,7913.798107860517,0.0,0.0,0.0,0.0,0.0,0.0,0.0,0.0,99405.01786529504,0.0,7239.148504324061,107414.65021310186,115328.4483209624,472.0,280051.0,15488.0,3.0169,3.5782,4.149,145.886,Metadata_VT_Residential_VT_baseline_metadata_and_annual_results.csv,VT
387068,0,1698,32204.0,30-60%,,3,Cold,In another census Place,G5000210,,Single-Family Detached,1,Propane,68F,No,0F,,"Room AC, EER 10.7",20% Conditioned,Room AC,"Fuel Furnace, 80% AFUE",Ducted Heating,Propane Fuel Furnace,,,,30000-34999,1,50%,99%,Occupied,Electric Premium,Electricity,3.28,0.0,64.86,0,50,0.0,756.4164321145056,0.0,0.0,903.2450382707888,6598.788215997755,0.0,0.0,0.0,0.0,0.0,0.0,0.0,0.0,29733.525424322805,0.0,0.0,29733.525424322805,36332.31364032056,3100.0,83740.0,2423.0,12.5666,13.4919,4.637,64.037,Metadata_VT_Residential_VT_baseline_metadata_and_annual_results.csv,VT
387235,0,1138,267342.0,150%+,,2,Cold,Not in a census Place,G5000230,,3 or 4 Unit,2,Propane,70F,No,0F,,"Room AC, EER 10.7",40% Conditioned,Room AC,"Fuel Wall/Floor Furnace, 68% AFUE",Non-Ducted Heating,Propane Fuel Wall/Floor Furnace,,,,200000+,3,100%,121%,Occupied,Electric Standard,Electricity,3.08,0.0,37.03,0,30,0.0,0.0,0.0,0.0,3185.096390631711,7511.411528514055,0.0,0.0,0.0,0.0,0.0,0.0,0.0,0.0,20954.28844624372,0.0,0.0,20954.28844624372,28465.69997475777,819.0,48616.0,9822.0,5.358,6.5215,2.304,33.644,Metadata_VT_Residential_VT_baseline_metadata_and_annual_results.csv,VT
387599,0,2179,87842.0,120-150%,,2,Cold,"VT, Burlington",G5000070,,Single-Family Detached,1,Electricity,68F,No,0F,,,,,"Electric Baseboard, 100% Efficiency",Non-Ducted Heating,Electricity Baseboard,,,,80000-99999,1,200%,99%,Occupied,Electric Premium,Electricity,0.0,0.0,43.12,0,30,18343.61135314956,0.0,0.0,0.0,2382.081658359822,27123.727544439167,0.0,0.0,0.0,0.0,0.0,0.0,0.0,0.0,0.0,0.0,0.0,0.0,27123.727544439167,0.0,62586.0,7499.0,9.0127,21.0212,0.0,43.117,Metadata_VT_Residential_VT_baseline_metadata_and_annual_results.csv,VT
388379,0,2678,129299.0,150%+,,3,Cold,In another census Place,G5000030,,Single-Family Detached,1,Electricity,72F,No,0F,,Ducted Heat Pump,100% Conditioned,Ducted Heat Pump,"ASHP, SEER 13, 7.7 HSPF",Ducted Heat Pump,Electricity ASHP,,,,120000-139999,4,100%,99%,Occupied,Electric Standard,Electricity,31.77,97.63,31.77,0,50,10363.579183430124,480.3434840122722,15608.379055232212,225.9577951027833,5078.335503944267,41012.95170204112,0.0,0.0,0.0,0.0,0.0,0.0,0.0,0.0,0.0,0.0,0.0,0.0,41012.95170204112,25949.0,135123.0,16270.0,11.4636,31.9546,27.073,77.24,Metadata_VT_Residential_VT_baseline_metadata_and_annual_results.csv,VT
388524,0,1228,4849.0,0-30%,,3,Cold,Not in a census Place,G5000190,,Mobile Home,1,Fuel Oil,65F,No,0F,,"AC, SEER 13",100% Conditioned,Central AC,"Fuel Furnace, 80% AFUE",Ducted Heating,Fuel Oil Fuel Furnace,,,,<10000,1,50%,137%,Occupied,Electric Premium,Electricity,11.99,0.0,45.31,0,50,0.0,604.6056177652945,0.0,0.0,854.5952406222,4916.853344279372,23506.93746744377,0.0,0.0,23506.93746744377,0.0,0.0,0.0,0.0,0.0,0.0,0.0,0.0,28423.79081172314,5078.0,66227.0,2235.0,14.4084,14.7781,11.879,50.294,Metadata_VT_Residential_VT_baseline_metadata_and_annual_results.csv,VT
389403,0,1678,64407.0,80-100%,,3,Cold,In another census Place,G5000110,,Single-Family Attached,3,Natural Gas,68F,Yes,6F,Night +2h,"AC, SEER 15",60% Conditioned,Central AC,"Fuel Furnace, 80% AFUE",Ducted Heating,Natural Gas Fuel Furnace,,,,60000-69999,1,100%,84%,Occupied,Natural Gas Standard,Natural Gas,10.67,0.0,89.88,0,40,0.0,1128.6166912332278,0.0,0.0,0.0,4746.285981439139,0.0,0.0,0.0,0.0,45014.54409417265,0.0,3137.618877263811,48846.74140774462,0.0,0.0,0.0,0.0,53593.02738918376,4473.0,126362.0,4467.0,7.214600000000001,6.819100000000001,11.826,95.763,Metadata_VT_Residential_VT_baseline_metadata_and_annual_results.csv,VT
390590,0,1228,129611.0,120-150%,,3,Cold,Not in a census Place,G5000070,,Single-Family Detached,1,Natural Gas,60F,Yes,3F,Night -3h,,,,"Fuel Furnace, 80% AFUE",Ducted Heating,Natural Gas Fuel Furnace,,,,120000-139999,5,100%,99%,Occupied,Natural Gas Standard,Natural Gas,0.0,0.0,46.21,0,40,0.0,343.7723653120167,0.0,0.0,0.0,10927.44792244148,0.0,0.0,0.0,0.0,13707.520094095178,0.0,8166.425370348972,30880.605592976885,0.0,0.0,0.0,0.0,41808.05351541836,0.0,38550.0,17558.0,3.1973000000000003,3.4244,0.0,37.843,Metadata_VT_Residential_VT_baseline_metadata_and_annual_results.csv,VT
390925,0,854,129243.0,150%+,,1,Cold,Not in a census Place,G5000070,,20 to 49 Unit,6,Natural Gas,70F,No,0F,,Shared Cooling,100% Conditioned,Central AC,"Fuel Furnace, 80% AFUE",Ducted Heating,Natural Gas Fuel Furnace,,,,120000-139999,3,50%,94%,Occupied,Natural Gas Standard,Natural Gas,5.41,0.0,10.83,0,30,0.0,91.1451028235611,0.0,0.0,0.0,4338.037980689233,0.0,0.0,0.0,0.0,3633.202056925039,0.0,3532.385608785795,7859.579959878656,0.0,0.0,0.0,0.0,12197.617940567889,7217.0,10228.0,5579.0,3.8702,3.7602,4.944,11.634,Metadata_VT_Residential_VT_baseline_metadata_and_annual_results.csv,VT
391248,0,3310,4849.0,0-30%,,3,Cold,In another census Place,G5000210,,Single-Family Detached,2,Other Fuel,68F,No,0F,,,,,"Fuel Wall/Floor Furnace, 60% AFUE",Non-Ducted Heating,Other Fuel Fuel Wall/Floor Furnace,,,,<10000,1,50%,99%,Occupied,Fuel Oil Standard,Fuel Oil,0.0,0.0,110.19,0,40,0.0,0.0,0.0,0.0,0.0,3180.9933956493,0.0,0.0,2365.376607360005,2365.376607360005,0.0,0.0,0.0,499.39310357346665,0.0,0.0,0.0,0.0,6045.763106582772,0.0,197387.0,2405.0,3.1831,3.4235,0.0,113.575,Metadata_VT_Residential_VT_baseline_metadata_and_annual_results.csv,VT
391702,0,1228,27012.0,30-60%,,1,Cold,Not in a census Place,G5000210,,Single-Family Detached,1,Fuel Oil,68F,No,0F,,,,,"Fuel Boiler, 80% AFUE",Non-Ducted Heating,Fuel Oil Fuel Boiler,,,,25000-29999,1,100%,99%,Occupied,Propane Standard,Propane,0.0,0.0,61.32,0,30,0.0,276.95216131275,0.0,0.0,0.0,3819.8883286247446,39909.83219391288,0.0,0.0,39909.83219391288,0.0,0.0,0.0,0.0,0.0,0.0,3061.713470089205,3061.713470089205,46791.43399262683,0.0,107535.0,4361.0,23.2316,24.9011,0.0,114.79,Metadata_VT_Residential_VT_baseline_metadata_and_annual_results.csv,VT
391989,0,881,61887.0,80-100%,,3,Cold,In another census Place,G5000070,,Mobile Home,1,Fuel Oil,72F,No,0F,,"AC, SEER 15",100% Conditioned,Central AC,"Fuel Boiler, 80% AFUE",Non-Ducted Heating,Fuel Oil Fuel Boiler,,,,60000-69999,3,100%,137%,Occupied,Electric Premium,Electricity,11.06,0.0,28.42,0,50,0.0,238.26678005001665,0.0,0.0,3832.49038464215,10690.353426672147,16130.924773349285,0.0,0.0,16130.924773349285,0.0,0.0,0.0,0.0,0.0,0.0,0.0,0.0,26821.278200021432,4401.0,43486.0,12471.0,10.4699,11.4415,9.392,35.875,Metadata_VT_Residential_VT_baseline_metadata_and_annual_results.csv,VT
392737,0,623,17504.0,0-30%,,2,Cold,Not in a census Place,G5000250,,5 to 9 Unit,3,Natural Gas,68F,Yes,6F,Night -5h,"Room AC, EER 10.7",20% Conditioned,Room AC,"Fuel Boiler, 76% AFUE",Non-Ducted Heating,Natural Gas Fuel Boiler,,,,15000-19999,3,200%,94%,Occupied,Natural Gas Standard,Natural Gas,2.62,0.0,14.3,0,30,0.0,46.89137122755556,0.0,0.0,0.0,5025.289640243094,0.0,0.0,0.0,0.0,3354.7845402614275,0.0,8084.658541770922,11439.44308203235,0.0,0.0,0.0,0.0,16464.732722275447,1612.0,8444.0,17594.0,2.1194,2.2216,1.927,17.516,Metadata_VT_Residential_VT_baseline_metadata_and_annual_results.csv,VT
392877,0,322,4849.0,0-30%,,2,Cold,Not in a census Place,G5000230,,2 Unit,1,Fuel Oil,70F,Yes,3F,Night,"Room AC, EER 10.7",20% Conditioned,Room AC,"Fuel Furnace, 80% AFUE",Ducted Heating,Fuel Oil Fuel Furnace,,,,<10000,1,100%,121%,Occupied,Electric Standard,Electricity,1.81,0.0,21.26,0,30,0.0,256.73025747086666,0.0,0.0,1660.5406835958113,5266.780202065005,9996.947274644672,0.0,0.0,9996.947274644672,0.0,0.0,0.0,0.0,0.0,0.0,0.0,0.0,15263.727476709675,562.0,28148.0,4620.0,7.4388,7.3468,1.477,30.143,Metadata_VT_Residential_VT_baseline_metadata_and_annual_results.csv,VT
393286,0,1698,74877.0,120-150%,,4,Cold,Not in a census Place,G5000270,,Single-Family Detached,1,Fuel Oil,68F,No,0F,,,,,"Fuel Furnace, 80% AFUE",Ducted Heating,Fuel Oil Fuel Furnace,,,,70000-79999,2,100%,99%,Occupied,FIXME Fuel Oil Indirect,Fuel Oil,0.0,0.0,60.49,0,40,0.0,895.332119376139,0.0,0.0,0.0,5274.400049889483,35461.30641976871,0.0,4087.169144621811,39548.18249332035,0.0,0.0,0.0,0.0,0.0,0.0,0.0,0.0,44822.58254320984,0.0,99843.0,7718.0,8.6044,7.911399999999999,0.0,67.103,Metadata_VT_Residential_VT_baseline_metadata_and_annual_results.csv,VT
394920,0,881,55104.0,80-100%,,3,Cold,Not in a census Place,G5000050,,Single-Family Detached,1,Propane,65F,No,0F,,"Room AC, EER 9.8",20% Conditioned,Room AC,"Fuel Furnace, 76% AFUE",Ducted Heating,Propane Fuel Furnace,,,,50000-59999,2,100%,99%,Occupied,Electric Premium,Electricity,3.17,0.0,53.28,0,50,0.0,533.0962766432722,0.0,0.0,2464.434629078217,9873.564354102164,0.0,0.0,0.0,0.0,0.0,0.0,0.0,0.0,21824.12338251487,0.0,0.0,21824.12338251487,31697.68773661704,2191.0,58408.0,7687.0,7.3365,6.8114,3.287,47.173,Metadata_VT_Residential_VT_baseline_metadata_and_annual_results.csv,VT
394996,0,3310,37492.0,60-80%,,4,Cold,In another census Place,G5000210,,Single-Family Detached,2,Other Fuel,68F,No,0F,,,,,"Fuel Wall/Floor Furnace, 60% AFUE",Non-Ducted Heating,Other Fuel Fuel Wall/Floor Furnace,,,,35000-39999,2,100%,99%,Occupied,Fuel Oil Standard,Fuel Oil,0.0,0.0,115.96,0,40,0.0,0.0,0.0,0.0,0.0,6019.679781337444,0.0,0.0,4464.058540863289,4464.058540863289,0.0,0.0,0.0,0.0,0.0,0.0,0.0,0.0,10483.738322200734,0.0,173477.0,8796.0,11.393,11.0439,0.0,104.771,Metadata_VT_Residential_VT_baseline_metadata_and_annual_results.csv,VT
395107,0,881,31921.0,30-60%,,2,Cold,Not in a census Place,G5000250,,Single-Family Detached,1,Fuel Oil,75F,No,0F,,"Room AC, EER 10.7",60% Conditioned,Room AC,"Fuel Furnace, 80% AFUE",Ducted Heating,Fuel Oil Fuel Furnace,,,,30000-34999,2,100%,99%,Occupied,FIXME Fuel Oil Indirect,Fuel Oil,11.11,0.0,64.77,0,30,0.0,1051.5389997779334,0.0,0.0,0.0,7568.853458267811,41720.71833650704,0.0,4402.22054505695,46122.64581049382,0.0,0.0,0.0,0.0,0.0,0.0,0.0,0.0,53691.49926876163,8442.0,117466.0,8651.0,9.5605,9.334700000000002,10.578,69.723,Metadata_VT_Residential_VT_baseline_metadata_and_annual_results.csv,VT
395945,0,1698,189196.0,120-150%,,2,Cold,Not in a census Place,G5000070,,Single-Family Detached,1,Natural Gas,68F,No,0F,,,,,"Fuel Furnace, 80% AFUE",Ducted Heating,Natural Gas Fuel Furnace,,,,180000-199999,6,50%,99%,Occupied,Natural Gas Standard,Natural Gas,0.0,0.0,39.44,0,30,0.0,495.5831796612278,0.0,0.0,0.0,4490.141866108616,0.0,0.0,0.0,0.0,19777.0219573619,0.0,5663.305360008023,26519.12192667387,0.0,0.0,0.0,0.0,31009.263792782487,0.0,55672.0,11358.0,3.1451,3.4698,0.0,40.894,Metadata_VT_Residential_VT_baseline_metadata_and_annual_results.csv,VT
396963,0,1138,89096.0,120-150%,,2,Cold,Not in a census Place,G5000170,,5 to 9 Unit,2,Fuel Oil,72F,No,0F,,,,,"Fuel Boiler, 80% AFUE",Non-Ducted Heating,Fuel Oil Fuel Boiler,,,,80000-99999,2,100%,94%,Occupied,Fuel Oil Standard,Fuel Oil,0.0,0.0,27.46,0,30,0.0,232.69842971674444,0.0,0.0,0.0,4296.421888724778,15322.34169074412,0.0,3638.184265117967,18960.819026932262,0.0,0.0,0.0,0.0,0.0,0.0,0.0,0.0,23257.24091565704,0.0,41069.0,6759.0,2.3319,2.6777,0.0,33.419,Metadata_VT_Residential_VT_baseline_metadata_and_annual_results.csv,VT
397833,0,2179,267342.0,150%+,,4,Cold,Not in a census Place,G5000210,,Single-Family Detached,2,Propane,68F,Yes,3F,Night +4h,,,,"Fuel Furnace, 80% AFUE",Ducted Heating,Propane Fuel Furnace,,,,200000+,3,100%,99%,Occupied,Propane Standard,Propane,0.0,0.0,149.25,0,40,0.0,1959.7662462416504,0.0,0.0,0.0,9728.787245437088,0.0,0.0,0.0,0.0,0.0,0.0,0.0,0.0,77059.81412001395,0.0,6182.6272963532,83242.44141636715,92971.22866180424,0.0,216926.0,12540.0,8.4376,9.6182,0.0,140.379,Metadata_VT_Residential_VT_baseline_metadata_and_annual_results.csv,VT
398029,0,2179,92315.0,120-150%,,4,Cold,In another census Place,G5000210,,Single-Family Detached,1,Fuel Oil,68F,Yes,3F,Night +3h,"Room AC, EER 10.7",<10% Conditioned,Room AC,"Fuel Furnace, 80% AFUE",Ducted Heating,Fuel Oil Fuel Furnace,,,,80000-99999,3,200%,99%,Occupied,Propane Standard,Propane,2.69,0.0,120.32,0,40,0.0,1321.1643843363777,0.0,0.0,0.0,12407.163755741029,51950.950183008805,0.0,0.0,51950.950183008805,0.0,0.0,0.0,0.0,0.0,0.0,10542.352536235176,10542.352536235176,74900.466474985,2602.0,146201.0,23793.0,9.2748,10.1568,2.968,100.993,Metadata_VT_Residential_VT_baseline_metadata_and_annual_results.csv,VT
400569,0,1698,42184.0,60-80%,,3,Cold,In another census Place,G5000070,,Single-Family Detached,2,Natural Gas,65F,Yes,3F,Night,,,,"Fuel Boiler, 80% AFUE",Non-Ducted Heating,Natural Gas Fuel Boiler,,,,40000-44999,1,100%,99%,Occupied,Natural Gas Standard,Natural Gas,0.0,0.0,146.55,0,40,0.0,103.45408777079444,0.0,0.0,0.0,4199.708435567944,0.0,0.0,0.0,0.0,71076.18208030767,0.0,3038.8539266157723,74794.66781865283,0.0,0.0,0.0,0.0,78994.37625422077,0.0,186556.0,4064.0,6.527699999999999,6.7757,0.0,159.935,Metadata_VT_Residential_VT_baseline_metadata_and_annual_results.csv,VT
402746,0,3310,54023.0,100-120%,,4,Cold,Not in a census Place,G5000030,,Single-Family Detached,2,Fuel Oil,70F,No,0F,,,,,"Fuel Boiler, 76% AFUE",Non-Ducted Heating,Fuel Oil Fuel Boiler,,,,50000-59999,1,200%,99%,Occupied,Electric Standard,Electricity,0.0,0.0,158.43,0,50,0.0,313.87911615445,0.0,0.0,2662.5506725146392,10270.089512045182,123096.29703587713,0.0,0.0,123096.29703587713,0.0,0.0,0.0,0.0,0.0,0.0,0.0,0.0,133366.3865479223,0.0,315137.0,8057.0,22.6817,28.2628,0.0,189.419,Metadata_VT_Residential_VT_baseline_metadata_and_annual_results.csv,VT
404034,0,2678,54746.0,80-100%,,3,Cold,Not in a census Place,G5000010,,Single-Family Detached,1,Fuel Oil,70F,Yes,3F,Night -4h,,,,"Fuel Boiler, 80% AFUE",Non-Ducted Heating,Fuel Oil Fuel Boiler,,,,50000-59999,3,100%,99%,Occupied,Fuel Oil Standard,Fuel Oil,0.0,0.0,140.74,0,40,0.0,274.3145216812,0.0,0.0,0.0,5642.497314025794,91306.8780542962,0.0,5612.604064868227,96919.4821191644,0.0,0.0,0.0,0.0,0.0,0.0,0.0,947.2056987966224,103509.1851319868,0.0,244782.0,11872.0,11.2436,11.6388,0.0,166.656,Metadata_VT_Residential_VT_baseline_metadata_and_annual_results.csv,VT
404622,0,2179,42184.0,60-80%,,3,Cold,Not in a census Place,G5000110,,Single-Family Detached,1,Fuel Oil,70F,Yes,3F,Night +5h,"Room AC, EER 9.8",20% Conditioned,Room AC,"Fuel Wall/Floor Furnace, 68% AFUE",Non-Ducted Heating,Fuel Oil Fuel Wall/Floor Furnace,,,,40000-44999,1,50%,99%,Occupied,Fuel Oil Standard,Fuel Oil,3.24,0.0,34.69,0,40,0.0,0.0,0.0,0.0,0.0,4789.074357684283,22313.552069702484,0.0,1992.2971350307664,24305.84920473325,0.0,0.0,0.0,0.0,0.0,0.0,0.0,543.9399062396444,29638.86346865718,691.0,51686.0,2091.0,6.6384,6.8258,2.989,40.072,Metadata_VT_Residential_VT_baseline_metadata_and_annual_results.csv,VT
404803,0,1698,55104.0,100-120%,,3,Cold,Not in a census Place,G5000030,,Single-Family Detached,1,Fuel Oil,70F,No,0F,,,,,"Fuel Furnace, 80% AFUE",Ducted Heating,Fuel Oil Fuel Furnace,,,,50000-59999,2,100%,99%,Occupied,Electric Premium,Electricity,0.0,0.0,40.35,0,50,0.0,558.5934597482556,0.0,0.0,2556.165874042122,7400.044521848611,21961.86678549581,0.0,0.0,21961.86678549581,0.0,0.0,0.0,1570.8609361231113,0.0,0.0,0.0,0.0,30932.77224346753,0.0,61854.0,8124.000000000001,10.8348,8.7738,0.0,48.87,Metadata_VT_Residential_VT_baseline_metadata_and_annual_results.csv,VT
405669,0,854,22223.0,30-60%,,1,Cold,Not in a census Place,G5000110,,5 to 9 Unit,3,Propane,75F,No,0F,,"Room AC, EER 10.7",40% Conditioned,Room AC,Shared Heating,Ducted Heating,Propane Shared Heating,,,,20000-24999,1,200%,94%,Occupied,Electric Standard,Electricity,3.71,0.0,32.67,0,30,0.0,206.32203340124445,0.0,0.0,2728.491663303389,6929.665454222194,0.0,0.0,0.0,0.0,0.0,0.0,0.0,0.0,24576.93994464256,0.0,0.0,24576.93994464256,31506.60539886475,1666.0,64532.0,8096.999999999999,7.8128,8.0069,6.063,32.207,Metadata_VT_Residential_VT_baseline_metadata_and_annual_results.csv,VT
406061,0,881,169093.0,150%+,,2,Cold,Not in a census Place,G5000270,,Mobile Home,1,Fuel Oil,68F,No,0F,,"Room AC, EER 12.0",60% Conditioned,Room AC,"Fuel Boiler, 80% AFUE",Non-Ducted Heating,Fuel Oil Fuel Boiler,,,,160000-179999,2,50%,137%,Occupied,Electric Standard,Electricity,7.75,0.0,41.96,0,30,0.0,252.0411203481111,0.0,0.0,1570.2747939827666,5847.353992076179,25397.24587005461,0.0,0.0,25397.24587005461,0.0,0.0,0.0,0.0,0.0,0.0,0.0,0.0,31244.599862130788,3536.0,67632.0,4272.0,5.8708,7.3949,7.697,50.85,Metadata_VT_Residential_VT_baseline_metadata_and_annual_results.csv,VT
406240,0,1698,89642.0,120-150%,,3,Cold,Not in a census Place,G5000170,,Single-Family Detached,2,Fuel Oil,75F,No,0F,,"Room AC, EER 12.0",40% Conditioned,Room AC,"Fuel Boiler, 80% AFUE",Non-Ducted Heating,Fuel Oil Fuel Boiler,,,,80000-99999,4,100%,99%,Occupied,Fuel Oil Standard,Fuel Oil,6.05,0.0,72.17,0,40,0.0,270.79766883913334,0.0,0.0,0.0,8592.257635309212,46814.29353610026,0.0,7279.006169867484,54093.29970596775,0.0,0.0,0.0,0.0,0.0,0.0,0.0,1080.8461067951555,63766.40344807212,3784.0,124403.0,16410.0,8.3977,7.5828,6.354,73.04,Metadata_VT_Residential_VT_baseline_metadata_and_annual_results.csv,VT
407298,0,1228,108692.0,150%+,,2,Cold,In another census Place,G5000210,,Single-Family Detached,1,Other Fuel,70F,Yes,6F,Night -5h,,,,"Fuel Wall/Floor Furnace, 60% AFUE",Non-Ducted Heating,Other Fuel Fuel Wall/Floor Furnace,,,,100000-119999,2,100%,99%,Occupied,Propane Standard,Propane,0.0,0.0,47.56,0,30,0.0,0.0,0.0,0.0,0.0,5285.8298216262,0.0,0.0,0.0,0.0,0.0,0.0,0.0,0.0,0.0,0.0,4844.464789946834,4844.464789946834,10130.294611573034,0.0,76809.0,8361.0,5.0193,5.0694,0.0,48.569,Metadata_VT_Residential_VT_baseline_metadata_and_annual_results.csv,VT
408297,0,1698,74909.0,100-120%,,3,Cold,In another census Place,G5000150,,Single-Family Detached,1,Propane,72F,Yes,12F,Night -2h,,,,"Fuel Wall/Floor Furnace, 60% AFUE",Non-Ducted Heating,Propane Fuel Wall/Floor Furnace,,,,70000-79999,3,50%,99%,Occupied,Electric Standard,Electricity,0.0,0.0,48.5,0,50,0.0,0.0,0.0,0.0,2060.875765451067,4926.524689595055,0.0,0.0,0.0,0.0,0.0,0.0,0.0,0.0,36814.70862182404,0.0,0.0,36814.70862182404,41741.23331141909,0.0,74562.0,5993.0,3.7569,5.9766,0.0,48.21,Metadata_VT_Residential_VT_baseline_metadata_and_annual_results.csv,VT
408623,0,623,4849.0,0-30%,,1,Cold,"VT, Burlington",G5000070,,10 to 19 Unit,2,Electricity,67F,Yes,3F,Night,"Room AC, EER 10.7",40% Conditioned,Room AC,"Electric Baseboard, 100% Efficiency",Non-Ducted Heating,Electricity Baseboard,,,,<10000,1,100%,94%,Occupied,Electric Standard,Electricity,2.42,0.0,6.45,0,30,1020.1803952695057,0.0,0.0,0.0,1599.5819009999889,6135.149782985301,0.0,0.0,0.0,0.0,0.0,0.0,0.0,0.0,0.0,0.0,0.0,0.0,6135.149782985301,2812.0,3481.0,4362.0,5.2345,5.415100000000001,2.695,6.446,Metadata_VT_Residential_VT_baseline_metadata_and_annual_results.csv,VT
408959,0,1138,74751.0,120-150%,,2,Cold,In another census Place,G5000030,,20 to 49 Unit,2,Propane,72F,Yes,6F,Night +2h,"Room AC, EER 9.8",60% Conditioned,Room AC,Shared Heating,Non-Ducted Heating,Propane Shared Heating,,,,70000-79999,1,100%,94%,Occupied,Electric Premium,Electricity,3.3,0.0,9.15,0,30,0.0,128.65819980560556,0.0,0.0,1477.078193668,4310.489300093044,0.0,0.0,0.0,0.0,0.0,0.0,0.0,0.0,4044.3807683766654,0.0,0.0,4044.3807683766654,8354.87006846971,107.0,11015.0,4428.0,5.3034,5.6498,2.174,15.538,Metadata_VT_Residential_VT_baseline_metadata_and_annual_results.csv,VT
409888,0,1138,92315.0,100-120%,,2,Cold,Not in a census Place,G5000070,,20 to 49 Unit,3,Electricity,72F,Yes,12F,Night,"AC, SEER 15",100% Conditioned,Central AC,"Electric Wall Furnace, 100% AFUE",Non-Ducted Heating,Electricity Electric Wall Furnace,,,,80000-99999,3,100%,94%,Occupied,Natural Gas Premium,Natural Gas,4.03,0.0,4.47,0,30,439.6066052583333,0.0,0.0,0.0,0.0,6876.912661591195,0.0,0.0,0.0,0.0,0.0,0.0,4617.334710563361,6159.181610739422,0.0,0.0,0.0,0.0,13036.094272330616,13173.0,1495.0,10278.0,7.1974,8.9773,4.064,5.325,Metadata_VT_Residential_VT_baseline_metadata_and_annual_results.csv,VT
410999,0,1138,11140.0,0-30%,,2,Cold,Not in a census Place,G5000230,,5 to 9 Unit,3,Propane,68F,No,0F,,Shared Cooling,100% Conditioned,Central AC,"Fuel Furnace, 80% AFUE",Ducted Heating,Propane Fuel Furnace,,,,10000-14999,1,100%,94%,Occupied,Electric Standard,Electricity,5.64,0.0,14.24,0,30,0.0,157.08609361231112,0.0,0.0,1561.1895908074275,4258.029578532217,0.0,0.0,0.0,0.0,0.0,0.0,0.0,694.8715073783388,6116.393234494278,0.0,0.0,6116.393234494278,11069.294320404832,6273.0,17231.0,4165.0,3.7772,4.0835,5.678,14.964,Metadata_VT_Residential_VT_baseline_metadata_and_annual_results.csv,VT
411190,0,1228,267342.0,150%+,,3,Cold,Not in a census Place,G5000230,,Single-Family Detached,1,Propane,68F,Yes,3F,Night -4h,"Room AC, EER 12.0",20% Conditioned,Room AC,"Fuel Wall/Floor Furnace, 68% AFUE",Non-Ducted Heating,Propane Fuel Wall/Floor Furnace,,,,200000+,3,50%,99%,Occupied,Propane Standard,Propane,2.29,0.0,43.27,0,40,0.0,0.0,0.0,0.0,0.0,3392.8837793838165,0.0,0.0,0.0,0.0,0.0,0.0,0.0,0.0,21715.98015762132,0.0,3812.854622940611,25528.83478056193,28921.71855994575,533.0,50308.0,6188.0,5.5925,5.0282,1.75,38.427,Metadata_VT_Residential_VT_baseline_metadata_and_annual_results.csv,VT
412315,0,3310,110733.0,120-150%,,5,Cold,Not in a census Place,G5000230,,Single-Family Detached,1,Fuel Oil,68F,No,0F,,,,,"Fuel Boiler, 80% AFUE",Non-Ducted Heating,Fuel Oil Fuel Boiler,,,,100000-119999,4,100%,99%,Occupied,Electric Premium,Electricity,0.0,0.0,96.53,0,66,0.0,239.43906433070555,0.0,0.0,4737.2007782638,11481.059173996804,55634.56046400346,0.0,0.0,55634.56046400346,0.0,0.0,0.0,0.0,0.0,0.0,0.0,0.0,67115.61963800027,0.0,146744.0,15374.0,9.0993,9.4018,0.0,80.657,Metadata_VT_Residential_VT_baseline_metadata_and_annual_results.csv,VT
412899,0,2179,42426.0,60-80%,,3,Cold,In another census Place,G5000230,,Single-Family Detached,1,Other Fuel,67F,No,0F,,"Room AC, EER 12.0",20% Conditioned,Room AC,"Fuel Wall/Floor Furnace, 60% AFUE",Non-Ducted Heating,Other Fuel Fuel Wall/Floor Furnace,,,,40000-44999,2,100%,99%,Occupied,Electric Standard,Electricity,2.06,0.0,37.87,0,50,0.0,0.0,0.0,0.0,2929.538417441533,8310.616336873705,0.0,0.0,0.0,0.0,0.0,0.0,0.0,0.0,0.0,0.0,0.0,0.0,8310.616336873705,796.0,60411.0,8895.0,13.9344,16.008,2.781,39.606,Metadata_VT_Residential_VT_baseline_metadata_and_annual_results.csv,VT
412936,0,1698,47457.0,80-100%,,2,Cold,In another census Place,G5000010,,Single-Family Detached,1,Fuel Oil,68F,No,0F,,,,,"Fuel Furnace, 92.5% AFUE",Ducted Heating,Fuel Oil Fuel Furnace,,,,45000-49999,2,100%,99%,Occupied,Electric Standard,Electricity,0.0,0.0,59.62,0,30,0.0,538.3715559063722,0.0,0.0,2897.3005997225887,10380.28423442994,24773.00449058777,0.0,0.0,24773.00449058777,0.0,0.0,0.0,0.0,0.0,0.0,0.0,0.0,35153.28872501771,0.0,80021.0,8746.0,7.1301000000000005,8.2684,0.0,57.611,Metadata_VT_Residential_VT_baseline_metadata_and_annual_results.csv,VT
413418,0,1698,109096.0,150%+,,2,Cold,In another census Place,G5000210,,Single-Family Detached,2,Propane,68F,No,0F,,"Room AC, EER 10.7",20% Conditioned,Room AC,"Fuel Furnace, 76% AFUE",Ducted Heating,Propane Fuel Furnace,,,,100000-119999,3,200%,99%,Occupied,Propane Tankless,Propane,3.31,0.0,50.13,0,0,0.0,669.3743242733555,0.0,0.0,0.0,11559.016078662617,0.0,0.0,0.0,0.0,0.0,0.0,0.0,0.0,27711.335040134472,0.0,9261.045817442222,36972.67392864687,48531.69000730948,3363.0,74141.0,23830.0,8.4015,8.8563,4.335,46.709,Metadata_VT_Residential_VT_baseline_metadata_and_annual_results.csv,VT
413587,0,623,22223.0,30-60%,,1,Cold,Not in a census Place,G5000210,,3 or 4 Unit,3,Propane,68F,No,0F,,Shared Cooling,100% Conditioned,Central AC,Shared Heating,Non-Ducted Heating,Propane Shared Heating,,,,20000-24999,1,50%,121%,Occupied,Propane Tankless,Propane,16.71,0.0,35.91,0,0,0.0,348.4615024347722,0.0,0.0,0.0,3725.812515099461,0.0,0.0,0.0,0.0,0.0,0.0,0.0,555.9558201167056,22448.071690911533,0.0,890.9360533235556,23339.00774423509,27620.77607945125,14026.0,58968.0,2292.0,3.1342,2.1354,18.026,39.13,Metadata_VT_Residential_VT_baseline_metadata_and_annual_results.csv,VT
413605,0,2678,110733.0,120-150%,,3,Cold,Not in a census Place,G5000050,,Single-Family Detached,2,Fuel Oil,70F,No,0F,,,,,"Fuel Boiler, 90% AFUE",Non-Ducted Heating,Fuel Oil Fuel Boiler,,,,100000-119999,4,200%,99%,Occupied,Propane Premium,Propane,0.0,0.0,73.34,0,40,0.0,264.05703422517223,0.0,0.0,0.0,9806.451079032728,40948.18299553306,0.0,0.0,40948.18299553306,0.0,0.0,0.0,0.0,0.0,0.0,12032.618928060929,12032.618928060929,62787.25300262672,0.0,123171.0,30305.0,8.472299999999999,9.3002,0.0,73.407,Metadata_VT_Residential_VT_baseline_metadata_and_annual_results.csv,VT
414192,0,872,280058.0,150%+,,1,Cold,Not in a census Place,G5000250,,Single-Family Attached,3,Fuel Oil,72F,No,0F,,"AC, SEER 13",100% Conditioned,Central AC,"Fuel Furnace, 80% AFUE",Ducted Heating,Fuel Oil Fuel Furnace,,,,200000+,2,100%,84%,Occupied,FIXME Fuel Oil Indirect,Fuel Oil,12.77,0.0,54.9,0,30,0.0,744.1074471672723,0.0,0.0,0.0,6176.765874949756,29518.704329886565,0.0,4039.691631253912,33558.39596114048,0.0,0.0,0.0,0.0,0.0,0.0,0.0,0.0,39735.16183609024,6716.0,83104.0,7708.0,8.840399999999999,9.424,10.94,58.654,Metadata_VT_Residential_VT_baseline_metadata_and_annual_results.csv,VT
414209,0,1698,89096.0,150%+,,3,Cold,Not in a census Place,G5000250,,Single-Family Detached,1,Propane,67F,No,0F,,,,,"Fuel Furnace, 80% AFUE",Ducted Heating,Propane Fuel Furnace,,,,80000-99999,2,100%,99%,Occupied,Propane Standard,Propane,0.0,0.0,89.6,0,40,0.0,827.9257732365278,0.0,0.0,0.0,5475.7398750978,0.0,0.0,0.0,0.0,0.0,0.0,0.0,0.0,32860.88681413059,0.0,4658.364660387472,38332.81676531615,43808.55664041395,0.0,92511.0,8564.0,12.0533,12.6664,0.0,85.139,Metadata_VT_Residential_VT_baseline_metadata_and_annual_results.csv,VT
417447,0,2179,64407.0,120-150%,,3,Cold,Not in a census Place,G5000230,,Single-Family Detached,1,Other Fuel,70F,Yes,6F,Night -1h,"Room AC, EER 12.0",80% Conditioned,Room AC,"Fuel Wall/Floor Furnace, 60% AFUE",Non-Ducted Heating,Other Fuel Fuel Wall/Floor Furnace,,,,60000-69999,1,100%,99%,Occupied,Propane Premium,Propane,15.77,0.0,78.53,0,40,0.0,0.0,0.0,0.0,0.0,4606.198009896817,0.0,0.0,0.0,0.0,0.0,0.0,0.0,0.0,0.0,0.0,2289.764271255572,2289.764271255572,6895.96228115239,1237.0,120266.0,4011.0,6.7769,6.9314,11.048,81.201,Metadata_VT_Residential_VT_baseline_metadata_and_annual_results.csv,VT
420314,0,1138,92315.0,100-120%,,2,Cold,Not in a census Place,G5000070,,3 or 4 Unit,2,Natural Gas,72F,No,0F,,,,,Shared Heating,Non-Ducted Heating,Natural Gas Shared Heating,,,,80000-99999,3,200%,121%,Occupied,Natural Gas Standard,Natural Gas,0.0,0.0,26.54,0,30,0.0,137.74340298094444,0.0,0.0,0.0,7163.829239289799,0.0,0.0,0.0,0.0,13426.464937800018,0.0,8624.495453028156,23091.655761009733,0.0,0.0,0.0,0.0,30255.485000299534,0.0,35046.0,19434.0,8.9755,9.4753,0.0,40.086,Metadata_VT_Residential_VT_baseline_metadata_and_annual_results.csv,VT
421082,0,1228,270137.0,150%+,,3,Cold,Not in a census Place,G5000210,,Single-Family Detached,1,Fuel Oil,70F,Yes,6F,Night +5h,"Room AC, EER 10.7",20% Conditioned,Room AC,"Fuel Furnace, 76% AFUE",Ducted Heating,Fuel Oil Fuel Furnace,,,,200000+,4,200%,99%,Occupied,Electric Standard,Electricity,2.6,0.0,43.28,0,50,0.0,425.53919389006666,0.0,0.0,8734.983246483083,19975.431071868497,17620.018880894346,0.0,0.0,17620.018880894346,0.0,0.0,0.0,0.0,0.0,0.0,0.0,0.0,37595.44995276284,4695.0,47069.0,28665.0,11.8402,10.5451,3.202,40.631,Metadata_VT_Residential_VT_baseline_metadata_and_annual_results.csv,VT
422915,0,2678,129299.0,150%+,,5,Cold,In another census Place,G5000190,,Single-Family Detached,2,Propane,67F,No,0F,,"AC, SEER 13",100% Conditioned,Central AC,"Fuel Furnace, 80% AFUE",Ducted Heating,Propane Fuel Furnace,,,,120000-139999,4,100%,99%,Occupied,Electric Standard,Electricity,17.13,0.0,58.94,0,66,0.0,672.3050349750778,0.0,0.0,5153.654768978528,13187.318944539484,0.0,0.0,0.0,0.0,0.0,0.0,0.0,0.0,26136.07803795878,0.0,0.0,27217.217215824105,40404.53616036359,9265.0,73633.0,16501.0,11.7992,12.7089,15.817,61.101,Metadata_VT_Residential_VT_baseline_metadata_and_annual_results.csv,VT
424428,0,1138,22223.0,30-60%,,2,Cold,In another census Place,G5000190,,10 to 19 Unit,3,Fuel Oil,72F,No,0F,,"Room AC, EER 10.7",40% Conditioned,Room AC,"Fuel Furnace, 92.5% AFUE",Ducted Heating,Fuel Oil Fuel Furnace,,,,20000-24999,1,100%,94%,Occupied,Electric Standard,Electricity,1.97,0.0,8.71,0,30,0.0,53.04586370117222,0.0,0.0,1497.3000975098832,4331.590417145444,2380.9093740791336,0.0,0.0,2380.9093740791336,0.0,0.0,0.0,0.0,0.0,0.0,0.0,0.0,6712.499791224578,681.0,7696.0,4142.0,7.2595,7.2679,3.565,9.314,Metadata_VT_Residential_VT_baseline_metadata_and_annual_results.csv,VT
425245,0,298,16639.0,30-60%,,1,Cold,Not in a census Place,G5000150,,Single-Family Detached,1,Fuel Oil,70F,No,0F,,"AC, SEER 15",80% Conditioned,Central AC,"Fuel Furnace, 80% AFUE",Ducted Heating,Fuel Oil Fuel Furnace,,,,15000-19999,1,200%,99%,Occupied,Electric Standard,Electricity,8.83,0.0,26.65,0,30,0.0,285.1581512775722,0.0,0.0,2678.962652444284,8656.147128606755,11085.120158194131,0.0,0.0,11085.120158194131,0.0,0.0,0.0,0.0,0.0,0.0,0.0,0.0,19741.26728680089,8700.0,31239.0,7893.0,10.3887,10.3422,11.308,36.65,Metadata_VT_Residential_VT_baseline_metadata_and_annual_results.csv,VT
425533,0,1228,89642.0,100-120%,,3,Cold,Not in a census Place,G5000230,,Mobile Home,1,Propane,65F,No,0F,,"Room AC, EER 10.7",20% Conditioned,Room AC,"Fuel Furnace, 80% AFUE",Ducted Heating,Propane Fuel Furnace,,,,80000-99999,4,100%,137%,Occupied,Propane Standard,Propane,2.41,0.0,37.05,0,40,0.0,383.0438887150944,0.0,0.0,0.0,6020.265923477789,0.0,0.0,0.0,0.0,0.0,0.0,0.0,0.0,14898.853994345262,0.0,7741.765389669422,24109.49158771786,30129.75751119565,2345.0,41974.0,16413.0,2.7311,3.1375,3.325,35.469,Metadata_VT_Residential_VT_baseline_metadata_and_annual_results.csv,VT
425656,0,1228,64514.0,30-60%,,4,Cold,Not in a census Place,G5000210,,Single-Family Detached,1,Fuel Oil,68F,No,0F,,"Room AC, EER 9.8",60% Conditioned,Room AC,"Fuel Furnace, 80% AFUE",Ducted Heating,Fuel Oil Fuel Furnace,,,,60000-69999,6,200%,99%,Occupied,Propane Standard,Propane,9.4,0.0,86.85,0,40,0.0,878.0409262359777,0.0,0.0,0.0,12758.849039947694,34533.44341160346,0.0,0.0,34533.44341160346,0.0,0.0,0.0,0.0,0.0,0.0,18326.3201600094,19944.36553843024,67236.6579899814,20026.0,97254.0,44172.0,6.8144,6.7776000000000005,13.826,70.13,Metadata_VT_Residential_VT_baseline_metadata_and_annual_results.csv,VT
425863,0,1228,27621.0,30-60%,,3,Cold,Not in a census Place,G5000270,,Single-Family Detached,1,Fuel Oil,67F,No,0F,,,,,"Fuel Furnace, 80% AFUE",Ducted Heating,Fuel Oil Fuel Furnace,,,,25000-29999,2,100%,99%,Occupied,Electric Premium,Electricity,0.0,0.0,34.93,0,50,0.0,429.93525994265,0.0,0.0,2754.8680596188888,9203.310816618294,17029.187603427144,0.0,0.0,17029.187603427144,0.0,0.0,0.0,0.0,0.0,0.0,0.0,0.0,26232.49842004544,0.0,47949.0,8765.0,13.5919,15.9996,0.0,41.596,Metadata_VT_Residential_VT_baseline_metadata_and_annual_results.csv,VT
426795,0,2678,74909.0,100-120%,,3,Cold,Not in a census Place,G5000010,,Single-Family Detached,2,Other Fuel,67F,No,0F,,"Room AC, EER 10.7",<10% Conditioned,Room AC,"Fuel Wall/Floor Furnace, 60% AFUE",Non-Ducted Heating,Other Fuel Fuel Wall/Floor Furnace,,,,70000-79999,3,100%,99%,Occupied,Propane Tankless,Propane,2.07,0.0,42.37,0,0,0.0,0.0,0.0,0.0,0.0,7223.908808675106,0.0,0.0,0.0,0.0,0.0,0.0,0.0,0.0,0.0,0.0,4318.109147917522,5265.314846714145,12489.22365538925,2506.0,55448.0,11111.0,6.8665,7.068,3.071,43.707,Metadata_VT_Residential_VT_baseline_metadata_and_annual_results.csv,VT
427058,0,3310,0.0,Not Available,,5,Cold,Not in a census Place,G5000270,,Single-Family Detached,2,Propane,55F,Yes,3F,Night -5h,,,,"Fuel Furnace, 80% AFUE",Ducted Heating,Propane Fuel Furnace,,,,Not Available,0,200%,99%,Vacant,Electric Premium,Electricity,0.0,0.0,101.35,0,66,0.0,668.7881821330111,0.0,0.0,213.94188122572223,2140.591096537911,0.0,0.0,0.0,0.0,0.0,0.0,0.0,0.0,26492.745530358374,0.0,0.0,26492.745530358374,28633.336626896285,0.0,74447.0,0.0,2.2593,2.7827,0.0,79.9,Metadata_VT_Residential_VT_baseline_metadata_and_annual_results.csv,VT
427441,0,881,108692.0,150%+,,2,Cold,Not in a census Place,G5000250,,Single-Family Detached,2,Other Fuel,70F,No,0F,,,,,"Fuel Wall/Floor Furnace, 60% AFUE",Non-Ducted Heating,Other Fuel Fuel Wall/Floor Furnace,,,,100000-119999,2,50%,99%,Occupied,Electric Standard,Electricity,0.0,0.0,40.58,0,30,0.0,0.0,0.0,0.0,1493.1971025274722,4935.902963840566,0.0,0.0,0.0,0.0,0.0,0.0,0.0,0.0,0.0,0.0,0.0,650.9108468525055,5586.813810693072,0.0,65704.0,3863.0,3.6546,4.7453,0.0,40.59,Metadata_VT_Residential_VT_baseline_metadata_and_annual_results.csv,VT
427951,0,5587,267342.0,150%+,,5,Cold,Not in a census Place,G5000070,,Single-Family Detached,2,Propane,68F,No,0F,,"AC, SEER 13",100% Conditioned,Central AC,"Fuel Furnace, 92.5% AFUE",Ducted Heating,Propane Fuel Furnace,,,,200000+,3,100%,99%,Occupied,Propane Standard,Propane,21.15,0.0,65.33,0,50,0.0,634.2057958526889,0.0,0.0,0.0,12137.245300112412,0.0,0.0,0.0,0.0,0.0,0.0,0.0,0.0,29179.03495955696,0.0,5871.971961970645,35998.21262032423,48135.457920436646,10503.0,94254.0,11695.0,6.846,6.290100000000001,19.16,60.275,Metadata_VT_Residential_VT_baseline_metadata_and_annual_results.csv,VT
428242,0,3310,32204.0,60-80%,,4,Cold,In another census Place,G5000090,,Single-Family Detached,2,Fuel Oil,70F,No,0F,,"Room AC, EER 10.7",20% Conditioned,Room AC,"Fuel Furnace, 80% AFUE",Ducted Heating,Fuel Oil Fuel Furnace,,,,30000-34999,1,200%,99%,Occupied,Electric Premium,Electricity,5.52,0.0,232.72,0,50,0.0,3200.629157350839,0.0,0.0,2738.749150759417,16685.122167044956,124280.01108830272,0.0,0.0,124280.01108830272,0.0,0.0,0.0,0.0,0.0,0.0,0.0,0.0,140965.13325534767,2386.0,350059.0,8690.0,19.8193,22.3963,6.574,225.903,Metadata_VT_Residential_VT_baseline_metadata_and_annual_results.csv,VT
428384,0,3310,89096.0,120-150%,,4,Cold,Not in a census Place,G5000190,,Single-Family Detached,2,Other Fuel,67F,No,0F,,"Room AC, EER 12.0",20% Conditioned,Room AC,"Fuel Wall/Floor Furnace, 60% AFUE",Non-Ducted Heating,Other Fuel Fuel Wall/Floor Furnace,,,,80000-99999,2,50%,99%,Occupied,Propane Standard,Propane,4.29,0.0,107.19,0,40,0.0,0.0,0.0,0.0,0.0,4082.773078569227,0.0,0.0,0.0,0.0,0.0,0.0,0.0,0.0,0.0,0.0,3319.322940770589,3319.322940770589,7402.096019339817,569.0,173271.0,4854.0,7.362,7.8729,3.574,108.448,Metadata_VT_Residential_VT_baseline_metadata_and_annual_results.csv,VT
428919,0,1138,0.0,Not Available,,3,Cold,In another census Place,G5000190,,3 or 4 Unit,3,Electricity,55F,No,0F,,,,,"Electric Baseboard, 100% Efficiency",Non-Ducted Heating,Electricity Baseboard,,,,Not Available,0,50%,121%,Vacant,Electric Standard,Electricity,0.0,0.0,72.41,0,50,14361.94779378975,0.0,0.0,0.0,349.6337867154612,15075.868920729285,0.0,0.0,0.0,0.0,0.0,0.0,0.0,0.0,0.0,0.0,0.0,0.0,15075.868920729285,0.0,49001.0,0.0,2.3525,16.8105,0.0,56.053,Metadata_VT_Residential_VT_baseline_metadata_and_annual_results.csv,VT
430491,0,2678,36870.0,30-60%,,4,Cold,Not in a census Place,G5000210,,Mobile Home,1,Propane,68F,No,0F,,"AC, SEER 15",100% Conditioned,Central AC,"Fuel Furnace, 80% AFUE",Ducted Heating,Propane Fuel Furnace,,,,35000-39999,4,100%,137%,Occupied,Electric Premium,Electricity,9.41,0.0,43.99,0,50,0.0,598.7441963618501,0.0,0.0,4942.350527384356,12166.552407129637,0.0,0.0,0.0,0.0,0.0,0.0,0.0,0.0,23534.48614803996,0.0,0.0,26083.91138746812,38250.46379459776,4247.0,66280.0,16231.000000000002,7.4882,8.0639,8.535,45.531,Metadata_VT_Residential_VT_baseline_metadata_and_annual_results.csv,VT
430919,0,2678,36175.0,60-80%,,4,Cold,Not in a census Place,G5000250,,Single-Family Detached,2,Fuel Oil,70F,No,0F,,,,,"Fuel Furnace, 80% AFUE",Ducted Heating,Fuel Oil Fuel Furnace,,,,35000-39999,1,100%,99%,Occupied,Electric Standard,Electricity,0.0,0.0,41.46,0,50,0.0,695.1645784485111,0.0,0.0,1425.7907563878612,8789.787536605289,27602.312602030408,0.0,0.0,27602.312602030408,0.0,0.0,0.0,465.3968594334889,0.0,0.0,0.0,0.0,36857.49699806918,0.0,77714.0,3851.0,7.7924,10.1546,0.0,47.243,Metadata_VT_Residential_VT_baseline_metadata_and_annual_results.csv,VT
431746,0,2179,92315.0,120-150%,,3,Cold,Not in a census Place,G5000250,,Single-Family Detached,1,Propane,70F,No,0F,,"Room AC, EER 9.8",<10% Conditioned,Room AC,"Fuel Furnace, 80% AFUE",Ducted Heating,Propane Fuel Furnace,,,,80000-99999,3,100%,99%,Occupied,Propane Standard,Propane,1.67,0.0,38.75,0,40,0.0,512.8743728013889,0.0,0.0,0.0,6836.7619249776,0.0,0.0,0.0,0.0,0.0,0.0,0.0,0.0,20366.974021618586,0.0,6338.541105684823,26705.515127303406,33542.277052281,1688.0,57343.0,12313.0,11.1072,11.479,1.831,42.838,Metadata_VT_Residential_VT_baseline_metadata_and_annual_results.csv,VT
431799,0,623,37492.0,30-60%,,1,Cold,Not in a census Place,G5000150,,2 Unit,2,Fuel Oil,67F,Yes,6F,Night -4h,Shared Cooling,100% Conditioned,Central AC,"Fuel Boiler, 90% AFUE",Non-Ducted Heating,Fuel Oil Fuel Boiler,,,,35000-39999,2,200%,121%,Occupied,Electric Tankless,Electricity,8.02,0.0,14.61,0,0,0.0,121.03835198112778,0.0,0.0,4437.975215617961,10455.6034994642,3759.5156881692665,0.0,0.0,3759.5156881692665,0.0,0.0,0.0,937.2412824107666,0.0,0.0,0.0,0.0,15152.360470044234,11054.0,11465.0,13787.0,11.8763,13.3647,7.68,25.233,Metadata_VT_Residential_VT_baseline_metadata_and_annual_results.csv,VT
432527,0,1698,31921.0,30-60%,,4,Cold,Not in a census Place,G5000070,,Single-Family Detached,2,Fuel Oil,68F,No,0F,,,,,"Fuel Boiler, 80% AFUE",Non-Ducted Heating,Fuel Oil Fuel Boiler,,,,30000-34999,2,50%,99%,Occupied,Propane Standard,Propane,0.0,0.0,79.13,0,40,0.0,238.85292219036108,0.0,0.0,0.0,3005.1507535459664,45282.41105231005,0.0,0.0,45282.41105231005,0.0,0.0,0.0,0.0,0.0,0.0,3086.6245110538443,3737.2422868361778,52024.8040926922,0.0,120195.0,4408.0,5.2135,5.4328,0.0,70.88,Metadata_VT_Residential_VT_baseline_metadata_and_annual_results.csv,VT
432662,0,2179,4187.0,0-30%,,4,Cold,Not in a census Place,G5000210,,Single-Family Detached,2,Other Fuel,78F,Yes,6F,Night -1h,,,,"Fuel Wall/Floor Furnace, 60% AFUE",Non-Ducted Heating,Other Fuel Fuel Wall/Floor Furnace,,,,<10000,2,200%,99%,Occupied,Electric Standard,Electricity,0.0,0.0,94.92,0,50,0.0,0.0,0.0,0.0,4969.606136910373,14381.290484421115,0.0,0.0,0.0,0.0,0.0,0.0,0.0,0.0,0.0,0.0,0.0,0.0,14381.290484421115,0.0,216655.0,16021.0,10.5125,13.31,0.0,98.929,Metadata_VT_Residential_VT_baseline_metadata_and_annual_results.csv,VT
434180,0,1228,74877.0,80-100%,,3,Cold,Not in a census Place,G5000070,,Single-Family Detached,1,Propane,68F,Yes,3F,Night +4h,"AC, SEER 13",80% Conditioned,Central AC,"Fuel Furnace, 92.5% AFUE",Ducted Heating,Propane Fuel Furnace,,,,70000-79999,2,100%,99%,Occupied,Propane Standard,Propane,26.94,0.0,93.9,0,40,0.0,831.7356971487667,0.0,0.0,0.0,6716.602786206989,0.0,0.0,0.0,0.0,0.0,0.0,0.0,0.0,38273.03026700101,0.0,4605.3187966863,42878.05599261715,49594.65877882414,21496.0,123624.0,8099.0,6.5509,6.320399999999999,29.254,85.114,Metadata_VT_Residential_VT_baseline_metadata_and_annual_results.csv,VT
434481,0,881,54746.0,80-100%,,2,Cold,Not in a census Place,G5000250,,Mobile Home,1,Fuel Oil,72F,No,0F,,,,,"Fuel Furnace, 80% AFUE",Ducted Heating,Fuel Oil Fuel Furnace,,,,50000-59999,3,100%,137%,Occupied,Electric Standard,Electricity,0.0,0.0,50.66,0,30,0.0,776.3452648862167,0.0,0.0,3937.9959699041497,10345.408777079443,30821.99137894244,0.0,0.0,30821.99137894244,0.0,0.0,0.0,0.0,0.0,0.0,0.0,0.0,41167.40015602188,0.0,86779.0,12446.0,9.68,11.2345,0.0,52.351,Metadata_VT_Residential_VT_baseline_metadata_and_annual_results.csv,VT
435031,0,854,89096.0,120-150%,,2,Cold,Not in a census Place,G5000270,,2 Unit,2,Fuel Oil,67F,Yes,3F,Night,"Room AC, EER 10.7",40% Conditioned,Room AC,Shared Heating,Non-Ducted Heating,Fuel Oil Shared Heating,,,,80000-99999,2,100%,121%,Occupied,Electric Standard,Electricity,5.18,0.0,30.43,0,30,0.0,151.8108143492111,0.0,0.0,2507.809147463706,7003.812434975766,17042.375801584894,0.0,0.0,17042.375801584894,0.0,0.0,0.0,0.0,0.0,0.0,0.0,0.0,24046.18823656066,5848.0,44328.0,7435.0,6.5612,6.7766,8.153,35.12,Metadata_VT_Residential_VT_baseline_metadata_and_annual_results.csv,VT
435860,0,3310,109096.0,120-150%,,4,Cold,Not in a census Place,G5000230,,Single-Family Detached,2,Fuel Oil,75F,Yes,3F,Night +2h,"Room AC, EER 12.0",20% Conditioned,Room AC,"Fuel Furnace, 80% AFUE",Ducted Heating,Fuel Oil Fuel Furnace,,,,100000-119999,5,100%,99%,Occupied,Fuel Oil Standard,Fuel Oil,2.97,0.0,48.11,0,40,0.0,948.9641252176556,0.0,0.0,0.0,8038.060241613539,36917.57656745449,0.0,8163.49465964725,45081.07122710174,0.0,0.0,0.0,0.0,0.0,0.0,0.0,0.0,53119.13146871528,1777.0,103858.0,18880.0,5.720899999999999,7.3216,4.495,50.499,Metadata_VT_Residential_VT_baseline_metadata_and_annual_results.csv,VT
436651,0,854,4849.0,0-30%,,1,Cold,Not in a census Place,G5000070,,50 or more Unit,4,Natural Gas,70F,Yes,3F,Night -1h,Shared Cooling,100% Conditioned,Central AC,"Fuel Furnace, 80% AFUE",Ducted Heating,Natural Gas Fuel Furnace,,,,<10000,1,100%,94%,Occupied,Natural Gas Standard,Natural Gas,6.84,0.0,4.4,0,30,0.0,26.08332524532777,0.0,0.0,0.0,4897.510653648005,0.0,0.0,0.0,0.0,1041.86765446225,0.0,3363.2836012964226,5100.022763137012,0.0,0.0,0.0,0.0,9997.533416785016,9355.0,2931.0,4955.0,15.0012,14.9197,7.052,6.522,Metadata_VT_Residential_VT_baseline_metadata_and_annual_results.csv,VT
436698,0,2152,108692.0,150%+,,2,Cold,Not in a census Place,G5000070,,Single-Family Attached,2,Electricity,68F,No,0F,,"AC, SEER 13",60% Conditioned,Central AC,"Electric Baseboard, 100% Efficiency",Non-Ducted Heating,Electricity Baseboard,,,,100000-119999,2,200%,84%,Occupied,Electric Standard,Electricity,12.64,0.0,30.25,0,30,8713.58905836051,0.0,0.0,0.0,4579.235471440972,22405.869456806733,0.0,0.0,0.0,0.0,0.0,0.0,0.0,0.0,0.0,0.0,0.0,0.0,22405.869456806733,6689.0,29729.0,14546.0,8.492,15.0865,10.094,26.5,Metadata_VT_Residential_VT_baseline_metadata_and_annual_results.csv,VT
437293,0,1698,129243.0,150%+,,3,Cold,Not in a census Place,G5000050,,Single-Family Detached,1,Fuel Oil,70F,No,0F,,"Room AC, EER 10.7",20% Conditioned,Room AC,"Fuel Boiler, 80% AFUE",Non-Ducted Heating,Fuel Oil Fuel Boiler,,,,120000-139999,3,100%,99%,Occupied,Fuel Oil Premium,Fuel Oil,1.91,0.0,54.61,0,40,0.0,279.5898009443,0.0,0.0,0.0,4704.376818404511,36288.35297979473,0.0,5172.41131746955,41460.76429726428,0.0,0.0,0.0,0.0,0.0,0.0,0.0,947.2056987966224,47112.34681446541,1846.0,97319.0,11972.0,3.7401,3.9793,3.305,58.172,Metadata_VT_Residential_VT_baseline_metadata_and_annual_results.csv,VT
438173,0,2179,149501.0,150%+,,3,Cold,Not in a census Place,G5000050,,Single-Family Detached,1,Propane,68F,Yes,6F,Night,"AC, SEER 13",80% Conditioned,Central AC,"Fuel Boiler, 80% AFUE",Non-Ducted Heating,Propane Fuel Boiler,,,,140000-159999,2,100%,99%,Occupied,Propane Tankless,Propane,11.74,0.0,48.52,0,0,0.0,84.69753927977222,0.0,0.0,0.0,5834.751936058772,0.0,0.0,0.0,0.0,0.0,0.0,0.0,813.5652907980889,19542.56510122412,0.0,3469.0822576285946,23011.64735885272,29659.964585709586,2360.0,50982.0,8926.0,8.7592,8.533100000000001,10.42,57.753,Metadata_VT_Residential_VT_baseline_metadata_and_annual_results.csv,VT
438495,0,2678,27621.0,30-60%,,4,Cold,In another census Place,G5000050,,Single-Family Detached,1,Other Fuel,67F,Yes,3F,Night +1h,,,,"Fuel Wall/Floor Furnace, 60% AFUE",Non-Ducted Heating,Other Fuel Fuel Wall/Floor Furnace,,,,25000-29999,2,200%,99%,Occupied,Electric Standard,Electricity,0.0,0.0,70.46,0,50,0.0,0.0,0.0,0.0,5024.70349810275,14394.478682578869,0.0,0.0,0.0,0.0,0.0,0.0,0.0,0.0,0.0,0.0,0.0,976.2197347436722,15370.69841732254,0.0,106058.0,16041.0,9.8372,9.476299999999998,0.0,69.849,Metadata_VT_Residential_VT_baseline_metadata_and_annual_results.csv,VT
438967,0,1228,74877.0,120-150%,,3,Cold,In another census Place,G5000030,,Single-Family Detached,1,Fuel Oil,70F,No,0F,,"Room AC, EER 10.7",20% Conditioned,Room AC,"Fuel Furnace, 80% AFUE",Ducted Heating,Fuel Oil Fuel Furnace,,,,70000-79999,2,100%,99%,Occupied,Fuel Oil Standard,Fuel Oil,2.13,0.0,45.86,0,40,0.0,673.1842481855945,0.0,0.0,0.0,5129.622941224406,26484.24646932337,0.0,4329.538919654239,30813.492317907443,0.0,0.0,0.0,0.0,0.0,0.0,0.0,0.0,35943.115259131846,1735.0,74585.0,8125.0,4.314,4.3873,3.446,48.958,Metadata_VT_Residential_VT_baseline_metadata_and_annual_results.csv,VT
439020,0,1698,22223.0,30-60%,,3,Cold,In another census Place,G5000230,,Single-Family Detached,2,Propane,68F,Yes,3F,Day and Night -3h,"AC, SEER 10",60% Conditioned,Central AC,"Fuel Furnace, 92.5% AFUE",Ducted Heating,Propane Fuel Furnace,,,,20000-24999,1,50%,99%,Occupied,Electric Premium,Electricity,27.66,0.0,135.21,0,50,0.0,1062.6757004444778,0.0,0.0,858.6982356046111,6641.869663313072,0.0,0.0,0.0,0.0,0.0,0.0,0.0,1319.6990289855166,47645.15002003851,0.0,0.0,47645.15002003851,55606.718712337104,21940.0,153881.0,2246.0,9.8306,9.0144,26.384,112.309,Metadata_VT_Residential_VT_baseline_metadata_and_annual_results.csv,VT
439571,0,623,4187.0,0-30%,,1,Cold,In another census Place,G5000190,,3 or 4 Unit,2,Fuel Oil,68F,Yes,3F,Night -5h,"Room AC, EER 12.0",20% Conditioned,Room AC,Shared Heating,Non-Ducted Heating,Fuel Oil Shared Heating,,,,<10000,2,100%,121%,Occupied,Electric Premium,Electricity,2.15,0.0,27.0,0,30,0.0,110.19472238475556,0.0,0.0,2194.809244519772,5767.9317320595055,11210.261505157672,0.0,0.0,11210.261505157672,0.0,0.0,0.0,0.0,0.0,0.0,0.0,0.0,16978.19323721718,2298.0,28555.0,6760.0,4.304,4.4537,2.79,26.032,Metadata_VT_Residential_VT_baseline_metadata_and_annual_results.csv,VT
440050,0,854,0.0,Not Available,,2,Cold,Not in a census Place,G5000250,,2 Unit,2,Electricity,55F,Yes,3F,Night -1h,"Room AC, EER 12.0",20% Conditioned,Room AC,"Electric Baseboard, 100% Efficiency",Non-Ducted Heating,Electricity Baseboard,,,,Not Available,0,200%,121%,Vacant,Natural Gas Standard,Natural Gas,1.71,0.0,31.25,0,30,6443.460548806478,0.0,0.0,0.0,0.0,6864.896747714133,0.0,0.0,0.0,0.0,0.0,0.0,1655.5584754028832,1655.5584754028832,0.0,0.0,0.0,0.0,8520.455223117016,176.0,21985.0,0.0,0.2037,8.6151,1.731,29.277,Metadata_VT_Residential_VT_baseline_metadata_and_annual_results.csv,VT
441386,0,2678,267342.0,150%+,,3,Cold,Not in a census Place,G5000270,,Single-Family Detached,2,Fuel Oil,76F,No,0F,,,,,"Fuel Boiler, 80% AFUE",Non-Ducted Heating,Fuel Oil Fuel Boiler,,,,200000+,3,100%,99%,Occupied,Fuel Oil Standard,Fuel Oil,0.0,0.0,92.1,0,40,0.0,321.2058929087556,0.0,0.0,0.0,8718.278195483266,69719.84916755064,0.0,5757.674244603478,75477.52341215411,0.0,0.0,0.0,0.0,0.0,0.0,0.0,0.0,84195.80160763738,0.0,187827.0,12622.0,7.7614,6.9897,0.0,93.436,Metadata_VT_Residential_VT_baseline_metadata_and_annual_results.csv,VT
441654,0,2179,63747.0,100-120%,,3,Cold,Not in a census Place,G5000270,,Single-Family Detached,2,Fuel Oil,70F,No,0F,,,,,"Fuel Boiler, 80% AFUE",Non-Ducted Heating,Fuel Oil Fuel Boiler,,,,60000-69999,2,100%,99%,Occupied,Fuel Oil Standard,Fuel Oil,0.0,0.0,93.88,0,40,0.0,260.24711031293333,0.0,0.0,0.0,7325.897541095039,58230.877074659176,0.0,4226.084831883444,62456.96190654262,0.0,0.0,0.0,0.0,0.0,0.0,0.0,475.0682047491722,70257.92765238683,0.0,155227.0,8183.0,4.2417,3.4988,0.0,89.438,Metadata_VT_Residential_VT_baseline_metadata_and_annual_results.csv,VT
441655,0,1698,50507.0,80-100%,,3,Cold,Not in a census Place,G5000170,,Single-Family Detached,1,Propane,75F,No,0F,,,,,"Fuel Boiler, 90% AFUE",Non-Ducted Heating,Propane Fuel Boiler,,,,50000-59999,2,200%,99%,Occupied,Propane Standard,Propane,0.0,0.0,49.12,0,40,0.0,155.91380933162222,0.0,0.0,0.0,6685.830323838905,0.0,0.0,0.0,0.0,0.0,0.0,0.0,0.0,31312.88542148091,0.0,8084.36547070075,40373.47062692533,47059.30095076424,0.0,94255.0,16865.0,14.3534,15.5244,0.0,67.201,Metadata_VT_Residential_VT_baseline_metadata_and_annual_results.csv,VT
441897,0,1682,42426.0,60-80%,,3,Cold,Not in a census Place,G5000230,,3 or 4 Unit,3,Propane,70F,No,0F,,"Room AC, EER 12.0",20% Conditioned,Room AC,"Fuel Furnace, 80% AFUE",Ducted Heating,Propane Fuel Furnace,,,,40000-44999,2,100%,121%,Occupied,Propane Standard,Propane,3.38,0.0,124.88,0,40,0.0,1557.3796668951888,0.0,0.0,0.0,6391.00082724565,0.0,0.0,0.0,0.0,0.0,0.0,0.0,781.0344020089723,60557.56830075645,0.0,4531.757958073072,65089.32625882952,72261.36148808413,2460.0,170606.0,7896.0,6.1685,6.6161,4.043,111.912,Metadata_VT_Residential_VT_baseline_metadata_and_annual_results.csv,VT
442458,0,1228,89096.0,120-150%,,3,Cold,Not in a census Place,G5000170,,Single-Family Detached,1,Fuel Oil,67F,No,0F,,"Room AC, EER 10.7",20% Conditioned,Room AC,"Fuel Boiler, 80% AFUE",Non-Ducted Heating,Fuel Oil Fuel Boiler,,,,80000-99999,2,100%,99%,Occupied,Propane Premium,Propane,3.03,0.0,47.89,0,40,0.0,228.3023636641611,0.0,0.0,0.0,4878.754105156983,26314.85139076384,0.0,0.0,26314.85139076384,0.0,0.0,0.0,0.0,0.0,0.0,3928.617695658639,3928.617695658639,35122.223191579455,2904.0,69790.0,8247.0,5.493,6.000100000000001,4.032,50.863,Metadata_VT_Residential_VT_baseline_metadata_and_annual_results.csv,VT
443223,0,881,22223.0,30-60%,,2,Cold,In another census Place,G5000230,,Mobile Home,1,Fuel Oil,68F,No,0F,,"Room AC, EER 12.0",20% Conditioned,Room AC,"Fuel Furnace, 80% AFUE",Ducted Heating,Fuel Oil Fuel Furnace,,,,20000-24999,1,50%,137%,Occupied,Electric Standard,Electricity,1.73,0.0,36.32,0,30,0.0,506.1337381874278,0.0,0.0,965.0830340771278,5534.354089132245,19698.77198162592,0.0,0.0,19698.77198162592,0.0,0.0,0.0,0.0,0.0,0.0,0.0,0.0,25233.12607075816,144.0,55497.0,2227.0,11.5365,11.9979,1.673,45.686,Metadata_VT_Residential_VT_baseline_metadata_and_annual_results.csv,VT
445968,0,298,12655.0,0-30%,,1,Cold,Not in a census Place,G5000170,,Mobile Home,1,Other Fuel,65F,Yes,3F,Night +4h,"Room AC, EER 10.7",60% Conditioned,Room AC,"Fuel Wall/Floor Furnace, 60% AFUE",Non-Ducted Heating,Other Fuel Fuel Wall/Floor Furnace,,,,10000-14999,2,200%,137%,Occupied,FIXME Fuel Oil Indirect,Fuel Oil,5.51,0.0,20.8,0,30,0.0,0.0,0.0,0.0,0.0,8076.159480735927,0.0,0.0,7589.661504250038,7589.661504250038,0.0,0.0,0.0,0.0,0.0,0.0,0.0,0.0,15665.820984985963,5399.0,16942.0,16905.0,7.660100000000001,7.9866,6.452,25.562,Metadata_VT_Residential_VT_baseline_metadata_and_annual_results.csv,VT
446704,0,2179,189083.0,150%+,,4,Cold,Not in a census Place,G5000070,,Single-Family Detached,2,Fuel Oil,65F,Yes,6F,Day and Night +1h,"Room AC, EER 10.7",<10% Conditioned,Room AC,"Fuel Furnace, 80% AFUE",Ducted Heating,Fuel Oil Fuel Furnace,,,,180000-199999,4,200%,99%,Occupied,Fuel Oil Standard,Fuel Oil,3.9,0.0,207.88,0,40,0.0,1729.9985272266276,0.0,0.0,0.0,11852.08714883484,69008.56568024265,0.0,12708.440815878072,81717.00649612072,0.0,0.0,0.0,0.0,0.0,0.0,0.0,0.0,93569.09364495556,3050.0,193304.0,30559.0,13.6847,14.7508,4.901,183.122,Metadata_VT_Residential_VT_baseline_metadata_and_annual_results.csv,VT
448393,0,2179,18566.0,0-30%,,3,Cold,In another census Place,G5000270,,Single-Family Detached,1,Other Fuel,75F,No,0F,,,,,"Fuel Wall/Floor Furnace, 60% AFUE",Non-Ducted Heating,Other Fuel Fuel Wall/Floor Furnace,,,,15000-19999,2,200%,99%,Occupied,Electric Premium,Electricity,0.0,0.0,83.68,0,50,0.0,0.0,0.0,0.0,4920.0771260512665,14482.693074700706,0.0,0.0,0.0,0.0,0.0,0.0,0.0,0.0,0.0,0.0,0.0,976.2197347436722,15458.91280944438,0.0,169238.0,16041.0,10.6786,12.8018,0.0,84.497,Metadata_VT_Residential_VT_baseline_metadata_and_annual_results.csv,VT
448516,0,2179,92315.0,120-150%,,5,Cold,Not in a census Place,G5000090,,Single-Family Detached,1,Fuel Oil,80F,No,0F,,,,,"Fuel Furnace, 92.5% AFUE",Ducted Heating,Fuel Oil Fuel Furnace,,,,80000-99999,3,200%,99%,Occupied,Electric Standard,Electricity,0.0,0.0,140.75,0,66,0.0,1914.633301435128,0.0,0.0,7803.896456545934,18355.33419595645,85722.40881216449,0.0,0.0,85722.40881216449,0.0,0.0,0.0,0.0,0.0,0.0,0.0,1136.5296101278775,105214.27261824884,0.0,277070.0,25730.0,11.2747,11.6914,0.0,129.781,Metadata_VT_Residential_VT_baseline_metadata_and_annual_results.csv,VT
448764,0,854,74877.0,100-120%,,2,Cold,Not in a census Place,G5000070,,3 or 4 Unit,2,Natural Gas,76F,No,0F,,"Room AC, EER 10.7",100% Conditioned,Room AC,Shared Heating,Ducted Heating,Natural Gas Shared Heating,,,,70000-79999,2,50%,121%,Occupied,Natural Gas Tankless,Natural Gas,10.84,0.0,30.2,0,0,0.0,161.48215966489445,0.0,0.0,0.0,3828.680460729911,0.0,0.0,0.0,0.0,17939.46634738207,0.0,1645.8871300872,20210.18099907644,0.0,0.0,0.0,0.0,24038.86145980635,9169.0,46761.0,4235.0,5.469600000000001,4.99,8.906,34.868,Metadata_VT_Residential_VT_baseline_metadata_and_annual_results.csv,VT
449271,0,1138,0.0,Not Available,,2,Cold,In another census Place,G5000030,,3 or 4 Unit,3,Fuel Oil,55F,Yes,3F,Night +4h,"Room AC, EER 12.0",100% Conditioned,Room AC,Shared Heating,Non-Ducted Heating,Fuel Oil Shared Heating,,,,Not Available,0,200%,121%,Vacant,Electric Premium,Electricity,14.73,0.0,67.22,0,30,0.0,86.45596570080555,0.0,0.0,219.80330262916667,1571.4470782634555,22034.54841089853,0.0,0.0,22034.54841089853,0.0,0.0,0.0,0.0,0.0,0.0,0.0,0.0,23605.995489161985,5018.0,55320.0,0.0,2.252,1.0965,11.253,53.78,Metadata_VT_Residential_VT_baseline_metadata_and_annual_results.csv,VT
449539,0,5587,149501.0,150%+,,3,Cold,Not in a census Place,G5000070,,Single-Family Detached,2,Propane,70F,Yes,3F,Night -1h,"Room AC, EER 12.0",<10% Conditioned,Room AC,"Fuel Wall/Floor Furnace, 68% AFUE",Non-Ducted Heating,Propane Fuel Wall/Floor Furnace,,,,140000-159999,4,100%,99%,Occupied,Electric Standard,Electricity,3.07,0.0,83.39,0,50,0.0,0.0,0.0,0.0,5026.168853453611,12916.52127570035,0.0,0.0,0.0,0.0,0.0,0.0,0.0,0.0,54749.19276101318,0.0,0.0,55830.03886780833,68746.56014350869,2516.0,126726.0,16061.0,9.8215,10.1321,3.687,83.26,Metadata_VT_Residential_VT_baseline_metadata_and_annual_results.csv,VT
450346,0,2678,149226.0,150%+,,4,Cold,Not in a census Place,G5000230,,Single-Family Detached,2,Fuel Oil,70F,No,0F,,"Room AC, EER 12.0",20% Conditioned,Room AC,"Fuel Furnace, 80% AFUE",Ducted Heating,Fuel Oil Fuel Furnace,,,,140000-159999,6,200%,99%,Occupied,Fuel Oil Standard,Fuel Oil,3.98,0.0,94.34,0,40,0.0,1133.5988994261554,0.0,0.0,0.0,14431.112566350394,44090.7840809898,0.0,17306.139764739895,61396.923845729696,0.0,0.0,0.0,0.0,0.0,0.0,0.0,0.0,75828.0364120801,2748.0,124212.0,43210.0,6.5051000000000005,6.4367,5.375,83.318,Metadata_VT_Residential_VT_baseline_metadata_and_annual_results.csv,VT
450575,0,1228,63747.0,100-120%,,3,Cold,Not in a census Place,G5000230,,Single-Family Detached,1,Propane,62F,Yes,12F,Night -1h,"Room AC, EER 8.5",20% Conditioned,Room AC,"Fuel Wall/Floor Furnace, 68% AFUE",Non-Ducted Heating,Propane Fuel Wall/Floor Furnace,,,,60000-69999,2,200%,99%,Occupied,Electric Standard,Electricity,1.55,0.0,18.58,0,50,0.0,0.0,0.0,0.0,5232.490886854856,14089.391698529584,0.0,0.0,0.0,0.0,0.0,0.0,0.0,0.0,6861.379894872066,0.0,0.0,7837.599629615738,21926.991328145323,663.0,15768.0,16699.0,13.3433,14.297,2.077,21.962,Metadata_VT_Residential_VT_baseline_metadata_and_annual_results.csv,VT
450654,0,2678,280058.0,150%+,,3,Cold,Not in a census Place,G5000070,,Single-Family Detached,1,Propane,68F,Yes,6F,Night -3h,"AC, SEER 13",100% Conditioned,Central AC,"Fuel Furnace, 80% AFUE",Ducted Heating,Propane Fuel Furnace,,,,200000+,2,100%,99%,Occupied,Electric Standard,Electricity,14.11,0.0,58.93,0,50,0.0,637.1365065544111,0.0,0.0,2871.217274477261,8729.707967219983,0.0,0.0,0.0,0.0,0.0,0.0,0.0,0.0,25421.277697808728,0.0,0.0,27140.725666509155,35870.43363372914,14250.0,71177.0,8682.0,5.73,6.3113,13.174,66.169,Metadata_VT_Residential_VT_baseline_metadata_and_annual_results.csv,VT
450757,0,1698,12655.0,0-30%,,3,Cold,Not in a census Place,G5000230,,Single-Family Detached,2,Other Fuel,70F,No,0F,,"Room AC, EER 12.0",40% Conditioned,Room AC,"Fuel Wall/Floor Furnace, 60% AFUE",Non-Ducted Heating,Other Fuel Fuel Wall/Floor Furnace,,,,10000-14999,2,200%,99%,Occupied,Electric Standard,Electricity,8.74,0.0,80.41,0,50,0.0,0.0,0.0,0.0,5313.671573292561,12722.50822724634,0.0,0.0,0.0,0.0,0.0,0.0,0.0,0.0,0.0,0.0,0.0,0.0,12722.50822724634,4965.0,130204.0,16825.0,21.1526,19.1505,9.542,81.993,Metadata_VT_Residential_VT_baseline_metadata_and_annual_results.csv,VT
451778,0,623,32204.0,0-30%,,2,Cold,In another census Place,G5000070,,10 to 19 Unit,5,Other Fuel,70F,No,0F,,,,,Shared Heating,Non-Ducted Heating,Other Fuel Shared Heating,,,,30000-34999,6,200%,94%,Occupied,Electric Premium,Electricity,0.0,0.0,16.34,0,30,0.0,84.99061034994443,0.0,0.0,9416.3734846335,16392.344167942905,0.0,0.0,0.0,0.0,0.0,0.0,0.0,2291.229626606433,0.0,0.0,0.0,0.0,18683.57379454934,0.0,13475.0,31579.0,7.902100000000001,8.5389,0.0,21.472,Metadata_VT_Residential_VT_baseline_metadata_and_annual_results.csv,VT
451849,0,1138,13633.0,0-30%,,1,Cold,Not in a census Place,G5000130,,5 to 9 Unit,1,Natural Gas,70F,No,0F,,Shared Cooling,100% Conditioned,Central AC,Shared Heating,Ducted Heating,Natural Gas Shared Heating,,,,10000-14999,1,100%,94%,Occupied,Electric Premium,Electricity,12.96,0.0,31.7,0,30,0.0,271.0907399093056,0.0,0.0,1371.572608406,6724.808776171812,0.0,0.0,0.0,0.0,15669.923979968378,0.0,0.0,15669.923979968378,0.0,0.0,0.0,0.0,22394.73275614019,4896.0,40585.0,4050.0,5.8598,5.2824,10.029,26.662,Metadata_VT_Residential_VT_baseline_metadata_and_annual_results.csv,VT
452016,0,1228,55104.0,80-100%,,3,Cold,In another census Place,G5000210,,Single-Family Detached,2,Fuel Oil,75F,Yes,3F,Night,"AC, SEER 13",100% Conditioned,Central AC,"Fuel Furnace, 80% AFUE",Ducted Heating,Fuel Oil Fuel Furnace,,,,50000-59999,2,100%,99%,Occupied,Fuel Oil Standard,Fuel Oil,7.78,0.0,26.32,0,40,0.0,468.9137122755556,0.0,0.0,0.0,4993.3448935943225,18456.443715165868,0.0,4251.8750860586,22708.61187229464,0.0,0.0,0.0,0.0,0.0,0.0,0.0,813.5652907980889,28515.52205668705,9535.0,51964.0,8148.0,5.3216,5.1579,7.093,28.987,Metadata_VT_Residential_VT_baseline_metadata_and_annual_results.csv,VT
452074,0,2179,22223.0,30-60%,,3,Cold,Not in a census Place,G5000070,,Single-Family Detached,2,Fuel Oil,68F,Yes,6F,Night -5h,,,,"Fuel Furnace, 80% AFUE",Ducted Heating,Fuel Oil Fuel Furnace,,,,20000-24999,1,50%,99%,Occupied,Fuel Oil Standard,Fuel Oil,0.0,0.0,103.48,0,40,0.0,1413.481771440628,0.0,0.0,0.0,6710.448293733371,56398.010601802096,0.0,1948.043403434761,58346.05400523686,0.0,0.0,0.0,0.0,0.0,0.0,0.0,0.0,65056.50229897024,0.0,158436.0,1859.0,9.8084,13.3384,0.0,111.275,Metadata_VT_Residential_VT_baseline_metadata_and_annual_results.csv,VT
452452,0,854,4849.0,0-30%,,1,Cold,Not in a census Place,G5000070,,20 to 49 Unit,2,Electricity,65F,No,0F,,"AC, SEER 13",100% Conditioned,Central AC,"Electric Furnace, 100% AFUE",Ducted Heating,Electricity Electric Furnace,,,,<10000,1,100%,94%,Occupied,Electric Standard,Electricity,6.15,0.0,6.98,0,30,1524.2626359657277,9.085203175338888,0.0,0.0,1708.0181969637113,8258.742757453221,0.0,0.0,0.0,0.0,0.0,0.0,0.0,0.0,0.0,0.0,0.0,0.0,8258.742757453221,9339.0,5233.0,4663.0,12.2842,14.3144,6.481,8.322,Metadata_VT_Residential_VT_baseline_metadata_and_annual_results.csv,VT
452868,0,2179,280058.0,150%+,,2,Cold,Not in a census Place,G5000270,,Single-Family Detached,2,Fuel Oil,70F,No,0F,,"Room AC, EER 10.7",20% Conditioned,Room AC,"Fuel Wall/Floor Furnace, 68% AFUE",Non-Ducted Heating,Fuel Oil Fuel Wall/Floor Furnace,,,,200000+,2,100%,99%,Occupied,Propane Standard,Propane,5.55,0.0,97.01,0,30,0.0,0.0,0.0,0.0,0.0,6574.170246103288,73094.2694695136,0.0,0.0,73094.2694695136,0.0,0.0,0.0,0.0,0.0,0.0,5011.515299945,5824.7875196729165,85493.2272352898,1942.0,169576.0,8752.0,6.6283,7.2382,5.11,98.396,Metadata_VT_Residential_VT_baseline_metadata_and_annual_results.csv,VT
453522,0,2179,87842.0,150%+,,3,Cold,Not in a census Place,G5000050,,Single-Family Detached,2,Other Fuel,68F,No,0F,,"Room AC, EER 9.8",20% Conditioned,Room AC,"Fuel Wall/Floor Furnace, 60% AFUE",Non-Ducted Heating,Other Fuel Fuel Wall/Floor Furnace,,,,80000-99999,1,200%,99%,Occupied,Propane Premium,Propane,3.72,0.0,101.33,0,40,0.0,0.0,0.0,0.0,0.0,8346.077936364545,0.0,0.0,0.0,0.0,0.0,0.0,0.0,0.0,0.0,0.0,3552.3144415575057,3552.3144415575057,11898.392377922051,2206.0,159252.0,7354.0,8.2896,8.9847,4.486,109.928,Metadata_VT_Residential_VT_baseline_metadata_and_annual_results.csv,VT
453747,0,3310,168960.0,150%+,,4,Cold,In another census Place,G5000110,,Single-Family Detached,2,Fuel Oil,62F,No,0F,,"Room AC, EER 12.0",20% Conditioned,Room AC,"Fuel Furnace, 80% AFUE",Ducted Heating,Fuel Oil Fuel Furnace,,,,160000-179999,4,50%,99%,Occupied,Fuel Oil Standard,Fuel Oil,6.29,0.0,157.48,0,40,0.0,1652.9208357713333,0.0,0.0,0.0,6524.934306314355,65950.07599192535,0.0,4614.697070931811,70564.77306285714,0.0,0.0,0.0,0.0,0.0,0.0,0.0,0.0,77089.7073691715,3387.0,185645.0,8735.0,5.223199999999999,5.549,8.676,147.68,Metadata_VT_Residential_VT_baseline_metadata_and_annual_results.csv,VT
454712,0,2678,109096.0,150%+,,4,Cold,In another census Place,G5000050,,Single-Family Detached,2,Propane,68F,No,0F,,"Room AC, EER 10.7",60% Conditioned,Room AC,"Fuel Boiler, 76% AFUE",Non-Ducted Heating,Propane Fuel Boiler,,,,100000-119999,3,200%,99%,Occupied,Propane Premium,Propane,12.6,0.0,64.58,0,40,0.0,118.98685448992222,0.0,0.0,0.0,12715.474521562206,0.0,0.0,0.0,0.0,0.0,0.0,0.0,0.0,37803.82348365529,0.0,9789.159885892566,48729.51297967573,61444.987501237934,12979.0,94689.0,24077.0,11.585,10.8138,15.756,60.567,Metadata_VT_Residential_VT_baseline_metadata_and_annual_results.csv,VT
455365,0,1698,4187.0,0-30%,,3,Cold,Not in a census Place,G5000110,,Single-Family Detached,1,Fuel Oil,70F,Yes,6F,Day and Night -3h,"Room AC, EER 10.7",<10% Conditioned,Room AC,"Fuel Furnace, 92.5% AFUE",Ducted Heating,Fuel Oil Fuel Furnace,,,,<10000,2,100%,99%,Occupied,Fuel Oil Standard,Fuel Oil,1.1,0.0,26.22,0,40,0.0,239.1459932605333,0.0,0.0,0.0,6587.651515331211,11017.713812054522,0.0,4539.963948037895,15557.97083116259,0.0,0.0,0.0,0.0,0.0,0.0,0.0,0.0,22145.6223464938,876.0,35387.0,8794.0,9.9768,10.8658,1.223,28.694,Metadata_VT_Residential_VT_baseline_metadata_and_annual_results.csv,VT
455750,0,1228,267342.0,150%+,,3,Cold,Not in a census Place,G5000130,,Single-Family Detached,1,Fuel Oil,65F,No,0F,,,,,"Fuel Boiler, 80% AFUE",Non-Ducted Heating,Fuel Oil Fuel Boiler,,,,200000+,3,200%,99%,Occupied,Electric Premium,Electricity,0.0,0.0,55.73,0,50,0.0,213.64881015555,0.0,0.0,6898.306849713767,14282.525533773078,28522.555762371183,0.0,0.0,28522.555762371183,0.0,0.0,0.0,0.0,0.0,0.0,0.0,0.0,42805.08129614426,0.0,75860.0,22693.0,11.0537,11.3764,0.0,62.579,Metadata_VT_Residential_VT_baseline_metadata_and_annual_results.csv,VT
456567,0,2115,12426.0,0-30%,,3,Cold,Not in a census Place,G5000210,,3 or 4 Unit,2,Propane,68F,No,0F,,,,,Shared Heating,Non-Ducted Heating,Propane Shared Heating,,,,10000-14999,3,100%,121%,Occupied,Electric Standard,Electricity,0.0,0.0,29.34,0,50,0.0,137.1572608406,0.0,0.0,3163.995273579311,10289.725273746722,0.0,0.0,0.0,0.0,0.0,0.0,0.0,0.0,14791.296911592057,0.0,0.0,14791.296911592057,25081.022185338777,0.0,38563.0,9820.0,10.3707,12.3644,0.0,39.254,Metadata_VT_Residential_VT_baseline_metadata_and_annual_results.csv,VT
456722,0,3310,74877.0,60-80%,,5,Cold,Not in a census Place,G5000010,,Single-Family Detached,2,Other Fuel,68F,Yes,3F,Night -3h,,,,"Fuel Boiler, 76% AFUE",Non-Ducted Heating,Other Fuel Fuel Boiler,,,,70000-79999,6,200%,99%,Occupied,Electric Standard,Electricity,0.0,0.0,108.62,0,66,0.0,116.93535699871668,0.0,0.0,13240.071737170483,25292.619498003125,0.0,0.0,0.0,0.0,0.0,0.0,0.0,0.0,0.0,0.0,0.0,1618.045378420839,26910.664876423965,0.0,156456.0,43916.0,13.7435,13.8618,0.0,120.599,Metadata_VT_Residential_VT_baseline_metadata_and_annual_results.csv,VT
458791,0,1228,89096.0,100-120%,,2,Cold,Not in a census Place,G5000070,,Single-Family Detached,1,Propane,68F,Yes,6F,Night -2h,"AC, SEER 10",100% Conditioned,Central AC,"Fuel Furnace, 92.5% AFUE",Ducted Heating,Propane Fuel Furnace,,,,80000-99999,2,200%,99%,Occupied,Electric Standard,Electricity,10.17,0.0,46.58,0,30,0.0,399.45586864473887,0.0,0.0,4910.112709665412,13374.29828730936,0.0,0.0,0.0,0.0,0.0,0.0,0.0,0.0,18378.193739429884,0.0,0.0,19354.41347417356,32728.71176148292,18848.0,59216.0,15625.0,9.3733,9.1703,9.819,49.965,Metadata_VT_Residential_VT_baseline_metadata_and_annual_results.csv,VT
458915,0,2179,13633.0,0-30%,,5,Cold,Not in a census Place,G5000070,,Single-Family Detached,1,Other Fuel,68F,No,0F,,"Room AC, EER 12.0",40% Conditioned,Room AC,"Fuel Wall/Floor Furnace, 60% AFUE",Non-Ducted Heating,Other Fuel Fuel Wall/Floor Furnace,,,,10000-14999,1,100%,99%,Occupied,Electric Standard,Electricity,8.9,0.0,104.66,0,66,0.0,0.0,0.0,0.0,1601.9264695613667,8670.507611045196,0.0,0.0,0.0,0.0,0.0,0.0,0.0,0.0,0.0,0.0,0.0,679.6318117293833,9350.13942277458,9901.0,170046.0,4361.0,8.736,8.944799999999999,13.492,106.077,Metadata_VT_Residential_VT_baseline_metadata_and_annual_results.csv,VT
459170,0,1698,78572.0,100-120%,,3,Cold,Not in a census Place,G5000170,,Single-Family Detached,2,Fuel Oil,68F,No,0F,,"Room AC, EER 10.7",20% Conditioned,Room AC,"Fuel Boiler, 80% AFUE",Non-Ducted Heating,Fuel Oil Fuel Boiler,,,,70000-79999,4,100%,99%,Occupied,Fuel Oil Premium,Fuel Oil,4.75,0.0,115.34,0,40,0.0,231.2330743658833,0.0,0.0,0.0,7973.877677245821,64303.309648627626,0.0,6895.083067941872,71198.39271656949,0.0,0.0,0.0,0.0,0.0,0.0,0.0,0.0,79172.27039381531,3199.0,169242.0,16422.0,8.8286,8.670399999999999,5.292,119.75,Metadata_VT_Residential_VT_baseline_metadata_and_annual_results.csv,VT
459865,0,3310,94954.0,100-120%,,3,Cold,Not in a census Place,G5000230,,Single-Family Detached,2,Fuel Oil,72F,No,0F,,,,,"Fuel Wall/Floor Furnace, 60% AFUE",Non-Ducted Heating,Fuel Oil Fuel Wall/Floor Furnace,,,,80000-99999,5,50%,99%,Occupied,Electric Standard,Electricity,0.0,0.0,123.39,0,50,0.0,0.0,0.0,0.0,3256.3126606835613,16944.783135217545,111573.91484098604,0.0,0.0,111573.91484098604,0.0,0.0,0.0,0.0,0.0,0.0,0.0,0.0,128518.69797620358,0.0,228408.0,9830.0,7.7151,9.1157,0.0,125.471,Metadata_VT_Residential_VT_baseline_metadata_and_annual_results.csv,VT
460548,0,634,19323.0,30-60%,,2,Cold,Not in a census Place,G5000170,,Mobile Home,1,Propane,70F,No,0F,,"Room AC, EER 10.7",60% Conditioned,Room AC,"Fuel Boiler, 90% AFUE",Non-Ducted Heating,Propane Fuel Boiler,,,,15000-19999,1,50%,137%,Occupied,Propane Standard,Propane,5.73,0.0,31.85,0,30,0.0,135.6919054897389,0.0,0.0,0.0,2685.9963581284164,0.0,0.0,0.0,0.0,0.0,0.0,0.0,0.0,17601.84847454367,0.0,2139.7118833273944,19741.56035787106,22427.55671599948,1674.0,52702.0,1901.0,8.4376,8.468,6.193,55.557,Metadata_VT_Residential_VT_baseline_metadata_and_annual_results.csv,VT
461507,0,1228,108692.0,150%+,,2,Cold,In another census Place,G5000090,,Single-Family Detached,1,Fuel Oil,68F,Yes,12F,Night -2h,"AC, SEER 13",100% Conditioned,Central AC,"Fuel Boiler, 90% AFUE",Non-Ducted Heating,Fuel Oil Fuel Boiler,,,,100000-119999,2,200%,99%,Occupied,Electric Standard,Electricity,6.82,0.0,25.56,0,30,0.0,206.32203340124445,0.0,0.0,5546.663074079477,14810.932673293592,10844.215738512568,0.0,0.0,10844.215738512568,0.0,0.0,0.0,0.0,0.0,0.0,0.0,976.2197347436722,26631.36814654983,5835.0,33648.0,17802.0,17.16,18.8274,6.494,48.386,Metadata_VT_Residential_VT_baseline_metadata_and_annual_results.csv,VT
464380,0,1228,55104.0,60-80%,,3,Cold,Not in a census Place,G5000070,,Single-Family Detached,1,Natural Gas,80F,Yes,3F,Night,"Room AC, EER 10.7",40% Conditioned,Room AC,"Fuel Furnace, 92.5% AFUE",Ducted Heating,Natural Gas Fuel Furnace,,,,50000-59999,2,100%,99%,Occupied,Natural Gas Standard,Natural Gas,5.16,0.0,37.39,0,40,0.0,545.6983326606778,0.0,0.0,0.0,4640.780396177139,0.0,0.0,0.0,0.0,25088.935104233427,0.0,4388.739275829028,30291.239670860545,0.0,0.0,0.0,0.0,34932.02006703768,2803.0,81025.0,8077.999999999999,5.2283,5.295100000000001,5.112,41.069,Metadata_VT_Residential_VT_baseline_metadata_and_annual_results.csv,VT
464983,0,5587,129299.0,150%+,,3,Cold,In another census Place,G5000250,,Single-Family Detached,2,Propane,70F,No,0F,,,,,"Fuel Furnace, 80% AFUE",Ducted Heating,Propane Fuel Furnace,,,,120000-139999,4,50%,99%,Occupied,Electric Standard,Electricity,0.0,0.0,184.48,0,50,0.0,2452.711786271328,0.0,0.0,2818.464481846261,9706.220773033829,0.0,0.0,0.0,0.0,0.0,0.0,0.0,0.0,97334.47075452829,0.0,0.0,98509.68574591888,108215.90651895272,0.0,274040.0,8605.0,4.5945,6.706300000000001,0.0,138.474,Metadata_VT_Residential_VT_baseline_metadata_and_annual_results.csv,VT
465827,0,2179,94954.0,100-120%,,3,Cold,In another census Place,G5000210,,Single-Family Detached,1,Fuel Oil,68F,Yes,3F,Night -5h,,,,"Fuel Furnace, 80% AFUE",Ducted Heating,Fuel Oil Fuel Furnace,,,,80000-99999,5,100%,99%,Occupied,Electric Standard,Electricity,0.0,0.0,29.06,0,50,0.0,370.4418326976889,0.0,0.0,5718.695792270572,12402.1815475481,14553.030131542038,0.0,0.0,14553.030131542038,0.0,0.0,0.0,0.0,0.0,0.0,0.0,0.0,26955.21167909014,0.0,40938.0,18490.0,7.972600000000001,8.676,0.0,29.926,Metadata_VT_Residential_VT_baseline_metadata_and_annual_results.csv,VT
466804,0,2678,36870.0,30-60%,,4,Cold,Not in a census Place,G5000070,,Single-Family Detached,1,Other Fuel,70F,Yes,6F,Night -3h,,,,"Fuel Wall/Floor Furnace, 60% AFUE",Non-Ducted Heating,Other Fuel Fuel Wall/Floor Furnace,,,,35000-39999,4,50%,99%,Occupied,Fuel Oil Standard,Fuel Oil,0.0,0.0,69.68,0,40,0.0,0.0,0.0,0.0,0.0,4132.302089428334,0.0,0.0,4212.603562655522,4212.603562655522,0.0,0.0,0.0,0.0,0.0,0.0,0.0,0.0,8344.905652083857,0.0,106574.0,8093.0,7.5088,7.5218,0.0,69.825,Metadata_VT_Residential_VT_baseline_metadata_and_annual_results.csv,VT
467203,0,1698,42395.0,30-60%,,5,Cold,Not in a census Place,G5000010,,Mobile Home,1,Propane,70F,No,0F,,,,,"Fuel Furnace, 80% AFUE",Ducted Heating,Propane Fuel Furnace,,,,40000-44999,4,50%,137%,Occupied,Electric Standard,Electricity,0.0,0.0,44.51,0,66,0.0,655.3069129050889,0.0,0.0,2671.0497335496334,8889.138629393672,0.0,0.0,0.0,0.0,0.0,0.0,0.0,0.0,26158.93758143221,0.0,0.0,26158.93758143221,35048.07621082588,0.0,73638.0,8099.0,9.7885,9.9228,0.0,46.055,Metadata_VT_Residential_VT_baseline_metadata_and_annual_results.csv,VT
467619,0,3310,108692.0,150%+,,4,Cold,In another census Place,G5000270,,Single-Family Detached,2,Fuel Oil,70F,No,0F,,,,,"Fuel Wall/Floor Furnace, 68% AFUE",Non-Ducted Heating,Fuel Oil Fuel Wall/Floor Furnace,,,,100000-119999,2,50%,99%,Occupied,FIXME Fuel Oil Indirect,Fuel Oil,0.0,0.0,73.03,0,40,0.0,0.0,0.0,0.0,0.0,6575.635601454151,52411.65790531954,0.0,2966.7584433534053,55378.41634867294,0.0,0.0,0.0,0.0,0.0,0.0,0.0,650.9108468525055,62604.9627969796,0.0,121595.0,4783.0,7.8857,8.2898,0.0,66.518,Metadata_VT_Residential_VT_baseline_metadata_and_annual_results.csv,VT
468348,0,1228,0.0,Not Available,,3,Cold,Not in a census Place,G5000010,,Single-Family Detached,1,Fuel Oil,55F,No,0F,,"Room AC, EER 9.8",40% Conditioned,Room AC,"Fuel Furnace, 80% AFUE",Ducted Heating,Fuel Oil Fuel Furnace,,,,Not Available,0,200%,99%,Vacant,Electric Standard,Electricity,18.57,0.0,120.01,0,50,0.0,806.8246561841278,0.0,0.0,355.4952081189056,3198.870730929805,32193.85705841861,0.0,0.0,32193.85705841861,0.0,0.0,0.0,0.0,0.0,0.0,0.0,0.0,35392.72778934841,10901.0,90625.0,0.0,3.6778,2.2645,14.506,77.335,Metadata_VT_Residential_VT_baseline_metadata_and_annual_results.csv,VT
468557,0,1138,12655.0,0-30%,,2,Cold,In another census Place,G5000070,,50 or more Unit,21,Natural Gas,72F,Yes,3F,Night,"Room AC, EER 10.7",100% Conditioned,Room AC,"Fuel Furnace, 92.5% AFUE",Ducted Heating,Natural Gas Fuel Furnace,,,,10000-14999,2,200%,94%,Occupied,Electric Standard,Electricity,10.87,0.0,17.16,0,30,0.0,103.1610167006222,0.0,0.0,4310.196229022872,9921.628009610413,0.0,0.0,0.0,0.0,4743.062199667244,0.0,0.0,5680.303482078011,0.0,0.0,0.0,0.0,15601.93149168842,9631.0,15309.0,13646.0,5.1626,4.7567,8.541,17.35,Metadata_VT_Residential_VT_baseline_metadata_and_annual_results.csv,VT
468588,0,881,32325.0,30-60%,,3,Cold,In another census Place,G5000270,,Single-Family Detached,1,Fuel Oil,72F,Yes,3F,Night +4h,"Room AC, EER 10.7",40% Conditioned,Room AC,"Fuel Furnace, 80% AFUE",Ducted Heating,Fuel Oil Fuel Furnace,,,,30000-34999,4,100%,99%,Occupied,Fuel Oil Premium,Fuel Oil,5.27,0.0,41.99,0,40,0.0,608.1224706073612,0.0,0.0,0.0,7347.291729217611,24080.47755177081,0.0,5978.649831513333,30059.127383284143,0.0,0.0,0.0,0.0,0.0,0.0,0.0,0.0,37406.41911250175,5629.0,67788.0,14467.0,6.8187,6.9232,6.894,44.62,Metadata_VT_Residential_VT_baseline_metadata_and_annual_results.csv,VT
468623,0,2179,32204.0,30-60%,,3,Cold,Not in a census Place,G5000150,,Single-Family Detached,2,Other Fuel,68F,Yes,3F,Night +4h,"Room AC, EER 10.7",20% Conditioned,Room AC,"Fuel Wall/Floor Furnace, 60% AFUE",Non-Ducted Heating,Other Fuel Fuel Wall/Floor Furnace,,,,30000-34999,1,200%,99%,Occupied,Electric Premium,Electricity,4.45,0.0,117.62,0,50,0.0,0.0,0.0,0.0,2602.4711031293336,9426.337901019357,0.0,0.0,0.0,0.0,0.0,0.0,0.0,0.0,0.0,0.0,0.0,0.0,9426.337901019357,2739.0,178056.0,8203.0,13.2796,11.8781,5.001,119.065,Metadata_VT_Residential_VT_baseline_metadata_and_annual_results.csv,VT
468630,0,1698,50608.0,60-80%,,3,Cold,Not in a census Place,G5000250,,Mobile Home,1,Fuel Oil,70F,No,0F,,"Room AC, EER 12.0",20% Conditioned,Room AC,"Fuel Furnace, 80% AFUE",Ducted Heating,Fuel Oil Fuel Furnace,,,,50000-59999,4,50%,137%,Occupied,Electric Tankless,Electricity,2.43,0.0,38.5,0,0,0.0,519.61500741535,0.0,0.0,2318.192165062278,8473.270780819288,20617.256715545664,0.0,0.0,20617.256715545664,0.0,0.0,0.0,0.0,0.0,0.0,0.0,0.0,29090.52749636495,1100.0,58049.0,7202.0,5.1628,7.662100000000001,3.815,40.271,Metadata_VT_Residential_VT_baseline_metadata_and_annual_results.csv,VT
468672,0,3310,280058.0,150%+,,3,Cold,Not in a census Place,G5000210,,Single-Family Detached,3,Fuel Oil,70F,No,0F,,"Room AC, EER 10.7",<10% Conditioned,Room AC,"Fuel Boiler, 80% AFUE",Non-Ducted Heating,Fuel Oil Fuel Boiler,,,,200000+,2,50%,99%,Occupied,Propane Standard,Propane,1.76,0.0,62.73,0,40,0.0,283.9858669968833,0.0,0.0,0.0,3882.312466571428,42153.29123608124,0.0,0.0,42153.29123608124,0.0,0.0,0.0,0.0,0.0,0.0,2927.486919950328,2927.486919950328,48963.090622603,1754.0,113444.0,3908.0,4.862,5.2132,2.238,67.161,Metadata_VT_Residential_VT_baseline_metadata_and_annual_results.csv,VT
469011,0,2179,74877.0,120-150%,,4,Cold,Not in a census Place,G5000250,,Single-Family Detached,1,Other Fuel,75F,No,0F,,"AC, SEER 15",60% Conditioned,Central AC,"Fuel Wall/Floor Furnace, 60% AFUE",Non-Ducted Heating,Other Fuel Fuel Wall/Floor Furnace,,,,70000-79999,2,50%,99%,Occupied,Electric Standard,Electricity,8.74,0.0,34.6,0,50,0.0,0.0,0.0,0.0,1609.8393884560166,7178.775863868584,0.0,0.0,0.0,0.0,0.0,0.0,0.0,650.9108468525055,0.0,0.0,0.0,0.0,7829.686710721089,4173.0,73593.0,4187.0,7.9832,7.9337,8.651,36.324,Metadata_VT_Residential_VT_baseline_metadata_and_annual_results.csv,VT
469284,0,2678,267342.0,150%+,,3,Cold,Not in a census Place,G5000250,,Single-Family Detached,2,Fuel Oil,68F,No,0F,,,,,"Fuel Boiler, 80% AFUE",Non-Ducted Heating,Fuel Oil Fuel Boiler,,,,200000+,3,100%,99%,Occupied,Fuel Oil Standard,Fuel Oil,0.0,0.0,44.44,0,40,0.0,221.5617290502,0.0,0.0,0.0,6078.880137512234,23573.75767144304,0.0,5748.002899287794,29322.053641801005,0.0,0.0,0.0,0.0,0.0,0.0,0.0,0.0,35400.93377931324,0.0,62868.0,12321.0,8.9034,9.4969,0.0,45.367,Metadata_VT_Residential_VT_baseline_metadata_and_annual_results.csv,VT
469743,0,1682,0.0,Not Available,,2,Cold,Not in a census Place,G5000170,,3 or 4 Unit,3,Electricity,55F,No,0F,,"Room AC, EER 10.7",40% Conditioned,Room AC,"Electric Baseboard, 100% Efficiency",Non-Ducted Heating,Electricity Baseboard,,,,Not Available,0,100%,121%,Vacant,Electric Standard,Electricity,4.38,0.0,40.72,0,30,9966.17481227659,0.0,0.0,0.0,367.8041930661389,11383.466507629457,0.0,0.0,0.0,0.0,0.0,0.0,0.0,0.0,0.0,0.0,0.0,0.0,11383.466507629457,2804.0,34003.0,0.0,1.768,9.8457,7.291,30.777,Metadata_VT_Residential_VT_baseline_metadata_and_annual_results.csv,VT
470793,0,1228,55104.0,80-100%,,2,Cold,Not in a census Place,G5000270,,Single-Family Detached,1,Fuel Oil,72F,No,0F,,"Room AC, EER 10.7",20% Conditioned,Room AC,"Fuel Furnace, 92.5% AFUE",Ducted Heating,Fuel Oil Fuel Furnace,,,,50000-59999,2,200%,99%,Occupied,Propane Standard,Propane,1.57,0.0,20.8,0,30,0.0,245.59355680432225,0.0,0.0,0.0,6598.202073857411,11204.98622589457,0.0,0.0,11204.98622589457,0.0,0.0,0.0,0.0,0.0,0.0,7411.181222515155,7411.181222515155,25214.369522267138,1838.0,36203.0,15825.0,10.5023,10.3815,2.977,26.055,Metadata_VT_Residential_VT_baseline_metadata_and_annual_results.csv,VT
471824,0,1228,89642.0,120-150%,,3,Cold,In another census Place,G5000190,,Single-Family Detached,1,Other Fuel,68F,Yes,3F,Night -4h,"Room AC, EER 9.8",40% Conditioned,Room AC,"Fuel Wall/Floor Furnace, 60% AFUE",Non-Ducted Heating,Other Fuel Fuel Wall/Floor Furnace,,,,80000-99999,4,50%,99%,Occupied,Electric Standard,Electricity,5.85,0.0,58.2,0,50,0.0,0.0,0.0,0.0,2953.863316265828,11941.76689630754,0.0,0.0,0.0,0.0,0.0,0.0,0.0,0.0,0.0,0.0,0.0,0.0,11941.76689630754,9481.0,72232.0,8883.0,8.723600000000001,9.8729,8.564,54.553,Metadata_VT_Residential_VT_baseline_metadata_and_annual_results.csv,VT
471887,0,2179,16639.0,30-60%,,4,Cold,Not in a census Place,G5000010,,Single-Family Detached,2,Fuel Oil,68F,Yes,3F,Night +5h,"Room AC, EER 12.0",20% Conditioned,Room AC,"Fuel Wall/Floor Furnace, 68% AFUE",Non-Ducted Heating,Fuel Oil Fuel Wall/Floor Furnace,,,,15000-19999,1,100%,99%,Occupied,Electric Standard,Electricity,4.4,0.0,89.39,0,50,0.0,0.0,0.0,0.0,1581.7045657194833,8103.122019191773,66981.39308786139,0.0,0.0,66981.39308786139,0.0,0.0,0.0,0.0,0.0,0.0,0.0,0.0,75084.51510705316,927.0,155307.0,4303.0,14.3276,14.1901,5.124,89.985,Metadata_VT_Residential_VT_baseline_metadata_and_annual_results.csv,VT
473558,0,1698,89096.0,120-150%,,4,Cold,Not in a census Place,G5000130,,Single-Family Detached,2,Fuel Oil,67F,Yes,6F,Night -1h,,,,"Fuel Furnace, 80% AFUE",Ducted Heating,Fuel Oil Fuel Furnace,,,,80000-99999,2,100%,99%,Occupied,Electric Standard,Electricity,0.0,0.0,47.59,0,50,0.0,468.9137122755556,0.0,0.0,2866.528137354506,8317.65004255784,18702.916485180707,0.0,0.0,18702.916485180707,0.0,0.0,0.0,472.72363618779445,0.0,0.0,0.0,0.0,27493.290163926344,0.0,52343.0,8729.0,13.8994,12.9764,0.0,49.771,Metadata_VT_Residential_VT_baseline_metadata_and_annual_results.csv,VT
474440,0,1698,129299.0,150%+,,3,Cold,Not in a census Place,G5000150,,Single-Family Detached,1,Propane,72F,No,0F,,"AC, SEER 15",100% Conditioned,Central AC,"Fuel Furnace, 80% AFUE",Ducted Heating,Propane Fuel Furnace,,,,120000-139999,4,100%,99%,Occupied,Propane Standard,Propane,11.98,0.0,69.95,0,40,0.0,1092.2758785318722,0.0,0.0,0.0,8365.42062699591,0.0,0.0,0.0,0.0,0.0,0.0,0.0,0.0,42468.04956544621,0.0,7696.6324448629,50164.68201030911,58530.10263730502,10720.0,119644.0,16513.0,8.648,7.971,10.628,72.488,Metadata_VT_Residential_VT_baseline_metadata_and_annual_results.csv,VT
476093,0,2152,110733.0,120-150%,,5,Cold,Not in a census Place,G5000130,,Single-Family Attached,2,Natural Gas,70F,No,0F,,"Room AC, EER 10.7",20% Conditioned,Room AC,"Fuel Furnace, 80% AFUE",Ducted Heating,Natural Gas Fuel Furnace,,,,100000-119999,4,100%,84%,Occupied,Natural Gas Standard,Natural Gas,2.63,0.0,67.72,0,50,0.0,811.8068643770556,0.0,0.0,0.0,9997.826487855187,0.0,0.0,0.0,0.0,32377.319548346422,0.0,6179.110443511133,38556.42999185756,0.0,0.0,0.0,0.0,48554.25647971274,836.0,91144.0,12622.0,10.3906,10.5073,2.57,71.62,Metadata_VT_Residential_VT_baseline_metadata_and_annual_results.csv,VT
476132,0,2678,42426.0,60-80%,,3,Cold,Not in a census Place,G5000230,,Single-Family Detached,2,Fuel Oil,68F,No,0F,,"Room AC, EER 10.7",<10% Conditioned,Room AC,"Fuel Furnace, 80% AFUE",Ducted Heating,Fuel Oil Fuel Furnace,,,,40000-44999,2,200%,99%,Occupied,Fuel Oil Standard,Fuel Oil,2.56,0.0,207.71,0,40,0.0,2197.446884151322,0.0,0.0,0.0,15147.085190781132,85466.85083897431,0.0,7489.724269321311,92956.5751082956,0.0,0.0,0.0,0.0,0.0,0.0,0.0,0.0,108103.66029907674,3082.0,240773.0,16743.0,18.0242,19.6487,4.502,179.982,Metadata_VT_Residential_VT_baseline_metadata_and_annual_results.csv,VT
476768,0,623,22473.0,30-60%,,2,Cold,Not in a census Place,G5000010,,2 Unit,2,Fuel Oil,70F,No,0F,,"Room AC, EER 10.7",20% Conditioned,Room AC,"Fuel Furnace, 80% AFUE",Ducted Heating,Fuel Oil Fuel Furnace,,,,20000-24999,2,100%,121%,Occupied,FIXME Fuel Oil Indirect,Fuel Oil,2.76,0.0,34.07,0,30,0.0,449.27795057401664,0.0,0.0,0.0,3560.520431522328,17909.5730982245,0.0,3659.285382170367,21568.85848039487,0.0,0.0,0.0,620.7245266247667,0.0,0.0,0.0,0.0,25750.103438541963,666.0,50417.0,6650.0,2.0447,2.2131,2.347,35.083,Metadata_VT_Residential_VT_baseline_metadata_and_annual_results.csv,VT
477812,0,2179,87842.0,120-150%,,5,Cold,Not in a census Place,G5000070,,Single-Family Detached,1,Natural Gas,68F,Yes,6F,Night +5h,,,,"Fuel Furnace, 80% AFUE",Ducted Heating,Natural Gas Fuel Furnace,,,,80000-99999,1,100%,99%,Occupied,Natural Gas Standard,Natural Gas,0.0,0.0,103.43,0,50,0.0,1120.99684340875,0.0,0.0,0.0,6406.240522894606,0.0,0.0,0.0,0.0,44715.318531526806,0.0,3068.161033632994,49087.35275635601,0.0,0.0,0.0,0.0,55493.59327925062,0.0,125552.0,4068.0,4.1122,4.6002,0.0,119.139,Metadata_VT_Residential_VT_baseline_metadata_and_annual_results.csv,VT
480837,0,1698,129299.0,150%+,,2,Cold,In another census Place,G5000210,,Single-Family Detached,1,Fuel Oil,68F,Yes,3F,Night -3h,,,,"Fuel Furnace, 80% AFUE",Ducted Heating,Fuel Oil Fuel Furnace,,,,120000-139999,4,100%,99%,Occupied,Electric Standard,Electricity,0.0,0.0,66.4,0,30,0.0,944.5680591650722,0.0,0.0,5065.440376856689,10638.479847251663,37149.39578396072,0.0,0.0,37149.39578396072,0.0,0.0,0.0,0.0,0.0,0.0,0.0,1468.8722037031775,49256.74783491556,0.0,104549.0,16236.999999999998,5.8383,7.207199999999999,0.0,68.719,Metadata_VT_Residential_VT_baseline_metadata_and_annual_results.csv,VT
481202,0,2179,36175.0,60-80%,,3,Cold,In another census Place,G5000050,,Single-Family Detached,2,Other Fuel,70F,Yes,6F,Day and Night +4h,,,,"Fuel Wall/Floor Furnace, 60% AFUE",Non-Ducted Heating,Other Fuel Fuel Wall/Floor Furnace,,,,35000-39999,1,50%,99%,Occupied,Propane Tankless,Propane,0.0,0.0,61.39,0,0,0.0,0.0,0.0,0.0,0.0,4722.254153685017,0.0,0.0,0.0,0.0,0.0,0.0,0.0,1431.3591067211337,0.0,0.0,969.7721711998834,1513.4190063693554,7667.032266775506,0.0,96592.0,2495.0,12.8127,13.0935,0.0,65.832,Metadata_VT_Residential_VT_baseline_metadata_and_annual_results.csv,VT
483613,0,2179,270137.0,150%+,,3,Cold,Not in a census Place,G5000070,,Single-Family Detached,2,Natural Gas,70F,No,0F,,"Room AC, EER 10.7",20% Conditioned,Room AC,"Fuel Furnace, 92.5% AFUE",Ducted Heating,Natural Gas Fuel Furnace,,,,200000+,4,100%,99%,Occupied,Natural Gas Standard,Natural Gas,4.22,0.0,82.16,0,40,0.0,788.3611787632777,0.0,0.0,0.0,8389.745525820204,0.0,0.0,0.0,0.0,36260.2181570582,0.0,7529.875005934906,45947.096239460654,0.0,0.0,0.0,0.0,54336.84176528086,1676.0,117125.0,16075.0,8.700299999999999,9.0717,4.813,78.979,Metadata_VT_Residential_VT_baseline_metadata_and_annual_results.csv,VT
484707,0,2678,89096.0,150%+,,3,Cold,Not in a census Place,G5000050,,Mobile Home,1,Propane,72F,No,0F,,"AC, SEER 15",80% Conditioned,Central AC,"Fuel Furnace, 92.5% AFUE",Ducted Heating,Propane Fuel Furnace,,,,80000-99999,2,100%,137%,Occupied,Propane Premium,Propane,8.15,0.0,52.73,0,40,0.0,553.3181804851555,0.0,0.0,0.0,9014.573047427384,0.0,0.0,0.0,0.0,0.0,0.0,0.0,0.0,24819.60279074516,0.0,4060.499677236139,29693.667758779386,38708.24080620677,5475.0,80218.0,8870.0,14.3731,14.9157,10.157,54.464,Metadata_VT_Residential_VT_baseline_metadata_and_annual_results.csv,VT
484744,0,1228,55104.0,80-100%,,3,Cold,In another census Place,G5000170,,Single-Family Detached,1,Fuel Oil,70F,Yes,6F,Night -2h,"Room AC, EER 12.0",20% Conditioned,Room AC,"Fuel Furnace, 80% AFUE",Ducted Heating,Fuel Oil Fuel Furnace,,,,50000-59999,2,100%,99%,Occupied,Propane Tankless,Propane,3.07,0.0,92.9,0,0,0.0,1164.9575039345834,0.0,0.0,0.0,6078.000924301717,45316.11422537986,0.0,0.0,45316.11422537986,0.0,0.0,0.0,0.0,0.0,0.0,3443.585074523611,3443.585074523611,54837.70022420519,1632.0,127207.0,8860.0,10.5278,11.1334,4.421,88.59,Metadata_VT_Residential_VT_baseline_metadata_and_annual_results.csv,VT
485395,0,854,12426.0,0-30%,,2,Cold,Not in a census Place,G5000070,,3 or 4 Unit,3,Natural Gas,70F,No,0F,,"Room AC, EER 12.0",40% Conditioned,Room AC,Shared Heating,Ducted Heating,Natural Gas Shared Heating,,,,10000-14999,3,50%,121%,Occupied,Electric Standard,Electricity,4.9,0.0,36.25,0,30,0.0,177.30799745419444,0.0,0.0,1606.6156066841222,3831.904242501805,0.0,0.0,0.0,0.0,23559.69026007477,0.0,0.0,24253.6825542426,0.0,0.0,0.0,0.0,28085.5867967444,1392.0,61503.0,4443.0,3.6802,3.9219,4.781,38.76,Metadata_VT_Residential_VT_baseline_metadata_and_annual_results.csv,VT
487060,0,1698,42395.0,30-60%,,4,Cold,In another census Place,G5000250,,Single-Family Detached,1,Propane,70F,No,0F,,"Room AC, EER 10.7",40% Conditioned,Room AC,"Fuel Furnace, 80% AFUE",Ducted Heating,Propane Fuel Furnace,,,,40000-44999,4,100%,99%,Occupied,Propane Standard,Propane,11.93,0.0,115.18,0,40,0.0,1659.9545414554666,0.0,0.0,0.0,8252.295193909433,0.0,0.0,0.0,0.0,0.0,0.0,0.0,0.0,65889.99642254003,0.0,7171.449087114277,73061.44550965431,81313.74070356374,9813.0,185513.0,15202.0,11.1924,11.067,15.5,101.529,Metadata_VT_Residential_VT_baseline_metadata_and_annual_results.csv,VT
488675,0,1698,128932.0,150%+,,3,Cold,Not in a census Place,G5000070,,Single-Family Detached,1,Natural Gas,67F,Yes,3F,Night -1h,,,,"Fuel Boiler, 80% AFUE",Non-Ducted Heating,Natural Gas Fuel Boiler,,,,120000-139999,2,100%,99%,Occupied,Natural Gas Standard,Natural Gas,0.0,0.0,45.12,0,40,0.0,121.03835198112778,0.0,0.0,0.0,6272.013972755728,0.0,0.0,0.0,0.0,25213.490309056622,0.0,4898.976008998867,30112.75938912566,0.0,0.0,0.0,0.0,36384.77336188139,0.0,67459.0,8297.0,6.452,6.6191,0.0,55.162,Metadata_VT_Residential_VT_baseline_metadata_and_annual_results.csv,VT
489380,0,298,63747.0,100-120%,,2,Cold,Not in a census Place,G5000250,,Single-Family Detached,1,Other Fuel,62F,Yes,3F,Night -5h,"Room AC, EER 12.0",40% Conditioned,Room AC,"Fuel Wall/Floor Furnace, 60% AFUE",Non-Ducted Heating,Other Fuel Fuel Wall/Floor Furnace,,,,60000-69999,2,50%,99%,Occupied,Electric Standard,Electricity,3.63,0.0,18.68,0,30,0.0,0.0,0.0,0.0,1691.020074893722,4327.780493233206,0.0,0.0,0.0,0.0,0.0,0.0,0.0,1245.5520482319444,0.0,0.0,0.0,0.0,5573.33254146515,1094.0,14926.0,4669.0,9.8451,10.3394,2.85,27.233,Metadata_VT_Residential_VT_baseline_metadata_and_annual_results.csv,VT
491241,0,1228,37492.0,60-80%,,3,Cold,In another census Place,G5000230,,Single-Family Detached,2,Fuel Oil,72F,No,0F,,,,,"Fuel Boiler, 90% AFUE",Non-Ducted Heating,Fuel Oil Fuel Boiler,,,,35000-39999,2,100%,99%,Occupied,Fuel Oil Standard,Fuel Oil,0.0,0.0,72.68,0,40,0.0,296.5879230142889,0.0,0.0,0.0,4369.689656267833,45488.7330857113,0.0,4071.050235762339,49559.78332147364,0.0,0.0,0.0,0.0,0.0,0.0,0.0,0.0,53929.47297774147,0.0,137025.0,7837.0,5.5007,3.4592,0.0,78.352,Metadata_VT_Residential_VT_baseline_metadata_and_annual_results.csv,VT
491700,0,5587,0.0,Not Available,,5,Cold,Not in a census Place,G5000150,,Single-Family Detached,2,Fuel Oil,55F,Yes,12F,Night +3h,"AC, SEER 13",60% Conditioned,Central AC,"Fuel Furnace, 80% AFUE",Ducted Heating,Fuel Oil Fuel Furnace,,,,Not Available,0,100%,99%,Vacant,Electric Premium,Electricity,10.05,0.0,60.64,0,66,0.0,469.2067833457278,0.0,0.0,223.3201554712333,1734.687664349383,18239.57112323842,0.0,0.0,18239.57112323842,0.0,0.0,0.0,0.0,0.0,0.0,0.0,0.0,19974.2587875878,466.0,51057.0,0.0,2.3762,2.7583,5.793,62.226,Metadata_VT_Residential_VT_baseline_metadata_and_annual_results.csv,VT
491841,0,2179,22223.0,30-60%,,3,Cold,In another census Place,G5000050,,Single-Family Detached,2,Other Fuel,70F,No,0F,,"Room AC, EER 12.0",60% Conditioned,Room AC,"Fuel Wall/Floor Furnace, 60% AFUE",Non-Ducted Heating,Other Fuel Fuel Wall/Floor Furnace,,,,20000-24999,1,50%,99%,Occupied,Propane Standard,Propane,14.65,0.0,120.61,0,40,0.0,0.0,0.0,0.0,0.0,5961.358638373173,0.0,0.0,0.0,0.0,0.0,0.0,0.0,704.8359237641944,0.0,0.0,2164.915995362205,2164.915995362205,8831.110557499573,9720.0,215402.0,1895.0,12.0217,12.588299999999998,15.522,123.567,Metadata_VT_Residential_VT_baseline_metadata_and_annual_results.csv,VT
492628,0,881,31921.0,30-60%,,2,Cold,Not in a census Place,G5000110,,Mobile Home,1,Fuel Oil,70F,No,0F,,,,,"Fuel Furnace, 80% AFUE",Ducted Heating,Fuel Oil Fuel Furnace,,,,30000-34999,2,200%,137%,Occupied,Electric Standard,Electricity,0.0,0.0,36.53,0,30,0.0,483.5672657841666,0.0,0.0,4965.796212998133,13539.883441956668,19286.71405696377,0.0,0.0,19286.71405696377,0.0,0.0,0.0,0.0,0.0,0.0,0.0,0.0,32826.59749892044,0.0,54290.0,15935.0,11.4872,12.7224,0.0,41.208,Metadata_VT_Residential_VT_baseline_metadata_and_annual_results.csv,VT
494122,0,1698,169054.0,150%+,,3,Cold,Not in a census Place,G5000130,,Single-Family Detached,1,Other Fuel,67F,Yes,3F,Night -1h,"Room AC, EER 10.7",<10% Conditioned,Room AC,"Fuel Wall/Floor Furnace, 60% AFUE",Non-Ducted Heating,Other Fuel Fuel Wall/Floor Furnace,,,,160000-179999,3,100%,99%,Occupied,Electric Standard,Electricity,1.88,0.0,71.82,0,50,0.0,0.0,0.0,0.0,4017.4182299208223,9718.52975798106,0.0,0.0,0.0,0.0,0.0,0.0,0.0,0.0,0.0,0.0,0.0,0.0,9718.52975798106,2746.0,99997.0,12554.0,13.7065,12.9199,3.286,75.45,Metadata_VT_Residential_VT_baseline_metadata_and_annual_results.csv,VT
494128,0,2678,280058.0,150%+,,3,Cold,Not in a census Place,G5000210,,Single-Family Detached,2,Other Fuel,65F,No,0F,,"Room AC, EER 10.7",20% Conditioned,Room AC,"Fuel Wall/Floor Furnace, 60% AFUE",Non-Ducted Heating,Other Fuel Fuel Wall/Floor Furnace,,,,200000+,2,100%,99%,Occupied,Electric Standard,Electricity,4.61,0.0,104.9,0,50,0.0,0.0,0.0,0.0,2773.0384659695665,8186.940345261028,0.0,0.0,0.0,0.0,0.0,0.0,0.0,0.0,0.0,0.0,0.0,0.0,8186.940345261028,3350.0,164621.0,8167.999999999999,7.6548,7.8451,5.892,100.026,Metadata_VT_Residential_VT_baseline_metadata_and_annual_results.csv,VT
495182,0,3310,270137.0,150%+,,4,Cold,Not in a census Place,G5000070,,Single-Family Detached,2,Natural Gas,70F,No,0F,,"Room AC, EER 12.0",<10% Conditioned,Room AC,"Fuel Furnace, 80% AFUE",Ducted Heating,Natural Gas Fuel Furnace,,,,200000+,4,100%,99%,Occupied,Natural Gas Standard,Natural Gas,1.58,0.0,45.15,0,40,0.0,622.7760241159722,0.0,0.0,0.0,9669.293818192127,0.0,0.0,0.0,0.0,24857.702029867545,0.0,7537.494853759384,33863.77601625994,0.0,0.0,0.0,0.0,43533.069834452064,1209.0,69975.0,16143.999999999998,4.344399999999999,4.2272,2.105,41.918,Metadata_VT_Residential_VT_baseline_metadata_and_annual_results.csv,VT
495873,0,2179,64407.0,120-150%,,3,Cold,In another census Place,G5000230,,Single-Family Detached,1,Propane,68F,Yes,3F,Night -4h,"Room AC, EER 12.0",40% Conditioned,Room AC,"Fuel Boiler, 80% AFUE",Non-Ducted Heating,Propane Fuel Boiler,,,,60000-69999,1,50%,99%,Occupied,Electric Standard,Electricity,7.41,0.0,85.11,0,50,0.0,135.9849765599111,0.0,0.0,1031.9032380763945,6139.252777967711,0.0,0.0,0.0,0.0,0.0,0.0,0.0,0.0,53586.57982563997,0.0,0.0,53586.57982563997,59725.83260360768,1480.0,142519.0,2438.0,12.8177,13.288200000000002,7.804,94.538,Metadata_VT_Residential_VT_baseline_metadata_and_annual_results.csv,VT
496743,0,2179,74877.0,120-150%,,3,Cold,In another census Place,G5000230,,Single-Family Detached,2,Fuel Oil,68F,Yes,3F,Night +5h,,,,"Fuel Furnace, 92.5% AFUE",Ducted Heating,Fuel Oil Fuel Furnace,,,,70000-79999,2,100%,99%,Occupied,Electric Standard,Electricity,0.0,0.0,124.35,0,50,0.0,1100.188797426522,0.0,0.0,2720.5787444087387,9964.416385855557,49334.11859744103,0.0,0.0,49334.11859744103,0.0,0.0,0.0,0.0,0.0,0.0,0.0,0.0,59298.53498329659,0.0,159425.0,8231.0,5.9139,7.471100000000001,0.0,99.494,Metadata_VT_Residential_VT_baseline_metadata_and_annual_results.csv,VT
497509,0,3310,108692.0,150%+,,3,Cold,Not in a census Place,G5000090,,Single-Family Detached,2,Propane,68F,Yes,6F,Night -5h,"AC, SEER 13",100% Conditioned,Central AC,"Fuel Furnace, 92.5% AFUE",Ducted Heating,Propane Fuel Furnace,,,,100000-119999,2,200%,99%,Occupied,Propane Standard,Propane,11.35,0.0,56.71,0,40,0.0,613.9838920108056,0.0,0.0,0.0,12280.8501244968,0.0,0.0,0.0,0.0,0.0,0.0,0.0,0.0,27495.927803557886,0.0,8288.636006610788,36760.490473842176,49041.340598338975,12382.0,88588.0,17900.0,31.4536,31.2996,11.836,63.931,Metadata_VT_Residential_VT_baseline_metadata_and_annual_results.csv,VT
497783,0,1228,297129.0,150%+,,3,Cold,In another census Place,G5000030,,Single-Family Detached,1,Propane,68F,Yes,6F,Night +5h,"AC, SEER 13",80% Conditioned,Central AC,"Fuel Furnace, 80% AFUE",Ducted Heating,Propane Fuel Furnace,,,,200000+,1,200%,99%,Occupied,Propane Standard,Propane,7.96,0.0,30.98,0,40,0.0,356.96056346976667,0.0,0.0,0.0,7046.307740150739,0.0,0.0,0.0,0.0,0.0,0.0,0.0,0.0,14037.225048038928,0.0,4586.269177125106,18623.49422516403,25669.80196531477,16200.0,39395.0,7561.0,6.2833000000000006,4.782100000000001,10.719,36.397,Metadata_VT_Residential_VT_baseline_metadata_and_annual_results.csv,VT
498144,0,1698,89642.0,100-120%,,3,Cold,Not in a census Place,G5000030,,Single-Family Detached,1,Fuel Oil,68F,No,0F,,"AC, SEER 13",100% Conditioned,Central AC,"Fuel Boiler, 80% AFUE",Non-Ducted Heating,Fuel Oil Fuel Boiler,,,,80000-99999,4,200%,99%,Occupied,Fuel Oil Standard,Fuel Oil,13.93,0.0,35.9,0,40,0.0,189.0308402610833,0.0,0.0,0.0,12631.94926656312,16347.211223136384,0.0,12721.335942965648,29068.547166102035,0.0,0.0,0.0,0.0,0.0,0.0,0.0,1297.1325565822556,42997.62898924741,36003.0,43517.0,30847.0,9.0901,8.238,13.82,40.779,Metadata_VT_Residential_VT_baseline_metadata_and_annual_results.csv,VT
498220,0,2179,17504.0,0-30%,,3,Cold,In another census Place,G5000210,,Single-Family Detached,2,Other Fuel,67F,Yes,6F,Night -2h,,,,"Fuel Wall/Floor Furnace, 60% AFUE",Non-Ducted Heating,Other Fuel Fuel Wall/Floor Furnace,,,,15000-19999,3,100%,99%,Occupied,Fuel Oil Standard,Fuel Oil,0.0,0.0,59.81,0,40,0.0,0.0,0.0,0.0,0.0,7682.565033494633,0.0,0.0,6130.167574792373,6130.167574792373,0.0,0.0,0.0,0.0,0.0,0.0,0.0,0.0,13812.732608287006,0.0,84847.0,12574.0,9.3405,11.8739,0.0,59.64,Metadata_VT_Residential_VT_baseline_metadata_and_annual_results.csv,VT
498383,0,2179,149501.0,150%+,,3,Cold,Not in a census Place,G5000070,,Single-Family Detached,2,Propane,72F,Yes,3F,Night -3h,"AC, SEER 13",100% Conditioned,Central AC,"Fuel Furnace, 80% AFUE",Ducted Heating,Propane Fuel Furnace,,,,140000-159999,2,100%,99%,Occupied,Propane Premium,Propane,17.59,0.0,75.51,0,40,0.0,1151.769305776833,0.0,0.0,0.0,8954.200406971906,0.0,0.0,0.0,0.0,0.0,0.0,0.0,0.0,45943.579386618585,0.0,3853.005359554206,50610.15003697088,59564.35044394279,12664.0,129166.0,8129.0,6.8474,6.2573,15.407,78.248,Metadata_VT_Residential_VT_baseline_metadata_and_annual_results.csv,VT
498436,0,2678,42426.0,60-80%,,3,Cold,Not in a census Place,G5000050,,Single-Family Detached,2,Other Fuel,68F,No,0F,,"Room AC, EER 10.7",20% Conditioned,Room AC,"Fuel Wall/Floor Furnace, 60% AFUE",Non-Ducted Heating,Other Fuel Fuel Wall/Floor Furnace,,,,40000-44999,2,50%,99%,Occupied,Propane Standard,Propane,3.19,0.0,69.86,0,40,0.0,0.0,0.0,0.0,0.0,4516.225191353945,0.0,0.0,0.0,0.0,0.0,0.0,0.0,0.0,0.0,0.0,3190.957812035156,3841.868658887661,8358.093850241607,1661.0,110867.0,4503.0,10.5401,10.7589,4.201,73.446,Metadata_VT_Residential_VT_baseline_metadata_and_annual_results.csv,VT
499497,0,854,64828.0,80-100%,,2,Cold,Not in a census Place,G5000030,,3 or 4 Unit,3,Propane,65F,Yes,3F,Night -5h,"Room AC, EER 10.7",60% Conditioned,Room AC,Shared Heating,Non-Ducted Heating,Propane Shared Heating,,,,60000-69999,4,200%,121%,Occupied,Propane Standard,Propane,6.9,0.0,43.81,0,30,0.0,116.0561437882,0.0,0.0,0.0,8126.274633735378,0.0,0.0,0.0,0.0,0.0,0.0,0.0,0.0,18995.987555352927,0.0,10110.07270773115,29106.06026308408,37232.334896819455,8612.0,48618.0,22161.0,2.7784,2.9538,8.591,39.357,Metadata_VT_Residential_VT_baseline_metadata_and_annual_results.csv,VT
499855,0,1228,64915.0,60-80%,,3,Cold,Not in a census Place,G5000190,,Single-Family Detached,2,Fuel Oil,68F,No,0F,,,,,"Fuel Furnace, 80% AFUE",Ducted Heating,Fuel Oil Fuel Furnace,,,,60000-69999,5,100%,99%,Occupied,Electric Premium,Electricity,0.0,0.0,79.98,0,50,0.0,957.46318625265,0.0,0.0,5458.448681957639,13386.607272256597,37232.62796788963,0.0,0.0,37232.62796788963,0.0,0.0,0.0,1091.1035942511833,0.0,0.0,0.0,0.0,51710.33883439741,0.0,104892.0,17957.0,7.9373,9.3252,0.0,63.485,Metadata_VT_Residential_VT_baseline_metadata_and_annual_results.csv,VT
499911,0,1228,89096.0,120-150%,,3,Cold,Not in a census Place,G5000070,,Single-Family Detached,1,Natural Gas,70F,No,0F,,"Room AC, EER 10.7",20% Conditioned,Room AC,"Fuel Furnace, 92.5% AFUE",Ducted Heating,Natural Gas Fuel Furnace,,,,80000-99999,2,200%,99%,Occupied,Natural Gas Standard,Natural Gas,3.09,0.0,49.44,0,40,0.0,466.5691437141778,0.0,0.0,0.0,8447.773597714306,0.0,0.0,0.0,0.0,21467.162819045105,0.0,7728.577191511672,30171.66667423028,0.0,0.0,0.0,0.0,38619.44027194458,5225.0,69344.0,16422.0,19.5133,20.1085,5.948,56.195,Metadata_VT_Residential_VT_baseline_metadata_and_annual_results.csv,VT
500286,0,2179,31921.0,30-60%,,4,Cold,Not in a census Place,G5000150,,Single-Family Detached,1,Propane,70F,No,0F,,"Room AC, EER 12.0",20% Conditioned,Room AC,"Fuel Furnace, 80% AFUE",Ducted Heating,Propane Fuel Furnace,,,,30000-34999,2,200%,99%,Occupied,Electric Premium,Electricity,2.94,0.0,76.8,0,50,0.0,1011.0951920941668,0.0,0.0,5109.694108452694,13817.42174540976,0.0,0.0,0.0,0.0,0.0,0.0,0.0,0.0,39319.293987515855,0.0,0.0,39319.293987515855,53136.715732925615,3860.0,110758.0,16739.0,10.0783,10.9253,4.842,79.63,Metadata_VT_Residential_VT_baseline_metadata_and_annual_results.csv,VT
500705,0,3310,129299.0,150%+,,5,Cold,In another census Place,G5000190,,Single-Family Detached,2,Fuel Oil,68F,Yes,3F,Night,"AC, SEER 13",100% Conditioned,Central AC,"Fuel Furnace, 80% AFUE",Ducted Heating,Fuel Oil Fuel Furnace,,,,120000-139999,4,100%,99%,Occupied,Propane Standard,Propane,18.97,0.0,96.81,0,50,0.0,1349.5922781430834,0.0,0.0,0.0,8601.049767414377,52478.18503824862,0.0,0.0,52478.18503824862,0.0,0.0,0.0,0.0,0.0,0.0,7440.78140060255,8909.653604305728,69988.88840996873,6380.0,147713.0,15693.0,3.7381,3.3971,15.181,99.806,Metadata_VT_Residential_VT_baseline_metadata_and_annual_results.csv,VT
501496,0,3310,128932.0,150%+,,5,Cold,In another census Place,G5000230,,Single-Family Detached,2,Other Fuel,65F,Yes,3F,Night -1h,"Room AC, EER 12.0",40% Conditioned,Room AC,"Fuel Wall/Floor Furnace, 60% AFUE",Non-Ducted Heating,Other Fuel Fuel Wall/Floor Furnace,,,,120000-139999,2,100%,99%,Occupied,Propane Tankless,Propane,9.34,0.0,73.75,0,0,0.0,0.0,0.0,0.0,0.0,8488.803547538417,0.0,0.0,0.0,0.0,0.0,0.0,0.0,0.0,0.0,0.0,3471.4268261899724,4284.992116988061,12773.79566452648,555.0,96798.0,8933.0,12.2116,12.5795,5.858,75.888,Metadata_VT_Residential_VT_baseline_metadata_and_annual_results.csv,VT
502196,0,2179,149501.0,150%+,,4,Cold,In another census Place,G5000190,,Single-Family Detached,1,Fuel Oil,70F,No,0F,,"Room AC, EER 9.8",40% Conditioned,Room AC,"Fuel Furnace, 80% AFUE",Ducted Heating,Fuel Oil Fuel Furnace,,,,140000-159999,4,50%,99%,Occupied,Fuel Oil Standard,Fuel Oil,6.41,0.0,65.4,0,40,0.0,1057.1073501112055,0.0,0.0,0.0,6426.755497806661,41120.50878479433,0.0,4547.8768669325445,45668.38565172687,0.0,0.0,0.0,0.0,0.0,0.0,0.0,864.8527280782278,52959.99387761176,6297.0,115847.0,8893.0,8.666799999999999,8.646600000000001,8.044,68.291,Metadata_VT_Residential_VT_baseline_metadata_and_annual_results.csv,VT
502693,0,2678,63747.0,100-120%,,4,Cold,In another census Place,G5000210,,Single-Family Detached,2,Other Fuel,70F,No,0F,,"Room AC, EER 9.8",20% Conditioned,Room AC,"Fuel Wall/Floor Furnace, 60% AFUE",Non-Ducted Heating,Other Fuel Fuel Wall/Floor Furnace,,,,60000-69999,2,100%,99%,Occupied,Electric Standard,Electricity,4.28,0.0,69.83,0,50,0.0,0.0,0.0,0.0,2936.2790520554945,8357.214637031087,0.0,0.0,0.0,0.0,0.0,0.0,0.0,1798.8702287171,0.0,0.0,0.0,905.882677902339,11061.967543650526,4634.0,137062.0,8730.0,6.5314,6.3161000000000005,6.571,71.023,Metadata_VT_Residential_VT_baseline_metadata_and_annual_results.csv,VT
503672,0,881,42184.0,60-80%,,1,Cold,Not in a census Place,G5000270,,Single-Family Detached,1,Propane,67F,Yes,6F,Night +1h,"Room AC, EER 12.0",20% Conditioned,Room AC,"Fuel Furnace, 92.5% AFUE",Ducted Heating,Propane Fuel Furnace,,,,40000-44999,1,100%,99%,Occupied,Electric Premium,Electricity,2.41,0.0,37.17,0,30,0.0,313.29297401410554,0.0,0.0,1488.5079654047163,5913.881125005271,0.0,0.0,0.0,0.0,0.0,0.0,0.0,0.0,14301.2820822641,0.0,0.0,14301.2820822641,20215.16320726937,2769.0,46086.0,4380.0,7.865399999999999,7.7976,3.298,40.237,Metadata_VT_Residential_VT_baseline_metadata_and_annual_results.csv,VT
503706,0,1228,68718.0,100-120%,,3,Cold,Not in a census Place,G5000050,,Single-Family Detached,2,Other Fuel,70F,Yes,3F,Night -1h,,,,"Fuel Wall/Floor Furnace, 60% AFUE",Non-Ducted Heating,Other Fuel Fuel Wall/Floor Furnace,,,,60000-69999,2,100%,99%,Occupied,Propane Premium,Propane,0.0,0.0,57.25,0,40,0.0,0.0,0.0,0.0,0.0,5460.7932505190165,0.0,0.0,0.0,0.0,0.0,0.0,0.0,0.0,0.0,0.0,4284.405974847717,5097.971265645805,10558.764516164822,0.0,90190.0,8916.0,6.2106,6.5474,0.0,59.108,Metadata_VT_Residential_VT_baseline_metadata_and_annual_results.csv,VT
505059,0,1228,63747.0,100-120%,,3,Cold,Not in a census Place,G5000250,,Mobile Home,1,Fuel Oil,68F,No,0F,,"AC, SEER 10",100% Conditioned,Central AC,"Fuel Furnace, 80% AFUE",Ducted Heating,Fuel Oil Fuel Furnace,,,,60000-69999,2,200%,137%,Occupied,Electric Standard,Electricity,20.55,0.0,41.32,0,50,0.0,444.8818845214333,0.0,0.0,5080.973143575817,17875.869925154693,22163.499681774305,0.0,0.0,22163.499681774305,0.0,0.0,0.0,0.0,0.0,0.0,0.0,0.0,40039.369606929,28034.0,62014.0,16245.000000000002,13.1465,14.009799999999998,21.622,44.914,Metadata_VT_Residential_VT_baseline_metadata_and_annual_results.csv,VT
506926,0,2179,42401.0,30-60%,,5,Cold,Not in a census Place,G5000070,,Single-Family Detached,2,Fuel Oil,67F,No,0F,,"Room AC, EER 9.8",20% Conditioned,Room AC,"Fuel Furnace, 80% AFUE",Ducted Heating,Fuel Oil Fuel Furnace,,,,40000-44999,5,100%,99%,Occupied,Fuel Oil Standard,Fuel Oil,4.71,0.0,107.21,0,50,0.0,1256.688748898489,0.0,0.0,0.0,7497.344117145789,50130.9788372393,0.0,7817.670796844028,57948.64963408333,0.0,0.0,0.0,0.0,0.0,0.0,0.0,0.0,65445.99375122912,4172.0,141122.0,17574.0,4.1839,4.4522,6.413,92.174,Metadata_VT_Residential_VT_baseline_metadata_and_annual_results.csv,VT
508283,0,2678,47457.0,80-100%,,4,Cold,In another census Place,G5000250,,Single-Family Detached,2,Fuel Oil,72F,No,0F,,"Room AC, EER 12.0",20% Conditioned,Room AC,"Fuel Boiler, 80% AFUE",Non-Ducted Heating,Fuel Oil Fuel Boiler,,,,45000-49999,1,100%,99%,Occupied,FIXME Fuel Oil Indirect,Fuel Oil,6.88,0.0,105.04,0,40,0.0,284.27893806705555,0.0,0.0,0.0,5690.854040604211,71062.99388214992,0.0,2957.673240178067,74020.37405125782,0.0,0.0,0.0,0.0,0.0,0.0,0.0,0.0,79711.22809186204,4841.0,189515.0,4037.0,10.5187,8.1576,6.516,108.82,Metadata_VT_Residential_VT_baseline_metadata_and_annual_results.csv,VT
508666,0,1228,129243.0,150%+,,3,Cold,In another census Place,G5000070,,Single-Family Detached,1,Fuel Oil,70F,No,0F,,"Room AC, EER 10.7",20% Conditioned,Room AC,"Fuel Furnace, 80% AFUE",Ducted Heating,Fuel Oil Fuel Furnace,,,,120000-139999,3,50%,99%,Occupied,Fuel Oil Standard,Fuel Oil,4.04,0.0,65.17,0,40,0.0,895.9182615164833,0.0,0.0,0.0,6274.358541317105,35738.55165215164,0.0,3752.188911414961,39490.7405635666,0.0,0.0,0.0,0.0,0.0,0.0,0.0,949.8433384281724,46714.94244331188,3102.0,100606.0,6737.0,2.7588000000000004,3.1955,4.328,63.457,Metadata_VT_Residential_VT_baseline_metadata_and_annual_results.csv,VT
508812,0,2179,270137.0,150%+,,3,Cold,Not in a census Place,G5000110,,Single-Family Detached,1,Fuel Oil,62F,No,0F,,"Room AC, EER 9.8",80% Conditioned,Room AC,"Fuel Boiler, 80% AFUE",Non-Ducted Heating,Fuel Oil Fuel Boiler,,,,200000+,4,200%,99%,Occupied,Fuel Oil Standard,Fuel Oil,19.81,0.0,60.94,0,40,0.0,139.50182940197777,0.0,0.0,0.0,11674.486080310471,20805.11527152605,0.0,12354.410963110027,33159.52623463608,0.0,0.0,0.0,0.0,0.0,0.0,0.0,0.0,44834.01231494656,17727.0,54187.0,29395.0,8.1431,7.2078,18.701,51.68,Metadata_VT_Residential_VT_baseline_metadata_and_annual_results.csv,VT
508945,0,1698,149501.0,150%+,,3,Cold,"VT, Burlington",G5000070,,Single-Family Detached,2,Other Fuel,70F,No,0F,,,,,"Fuel Wall/Floor Furnace, 60% AFUE",Non-Ducted Heating,Other Fuel Fuel Wall/Floor Furnace,,,,140000-159999,3,100%,99%,Occupied,Electric Premium,Electricity,0.0,0.0,44.68,0,50,0.0,0.0,0.0,0.0,3891.983811887111,8577.897152870772,0.0,0.0,0.0,0.0,0.0,0.0,0.0,0.0,0.0,0.0,0.0,947.2056987966224,9525.102851667394,0.0,68617.0,12488.0,11.9955,13.017,0.0,46.782,Metadata_VT_Residential_VT_baseline_metadata_and_annual_results.csv,VT
509684,0,854,4229.0,0-30%,,2,Cold,In another census Place,G5000190,,5 to 9 Unit,2,Fuel Oil,70F,No,0F,,"Room AC, EER 10.7",40% Conditioned,Room AC,Shared Heating,Non-Ducted Heating,Fuel Oil Shared Heating,,,,<10000,3,100%,94%,Occupied,Electric Standard,Electricity,2.37,0.0,13.05,0,30,0.0,92.02431603407778,0.0,0.0,2974.085220107711,7235.04550934165,4594.182096019756,0.0,0.0,4594.182096019756,0.0,0.0,0.0,0.0,0.0,0.0,0.0,0.0,11829.227605361406,2116.0,11683.0,9082.0,4.9474,5.2738000000000005,2.361,13.968,Metadata_VT_Residential_VT_baseline_metadata_and_annual_results.csv,VT
509692,0,1698,64407.0,120-150%,,3,Cold,Not in a census Place,G5000170,,Single-Family Detached,1,Fuel Oil,68F,No,0F,,,,,"Fuel Furnace, 80% AFUE",Ducted Heating,Fuel Oil Fuel Furnace,,,,60000-69999,1,100%,99%,Occupied,Electric Standard,Electricity,0.0,0.0,69.4,0,50,0.0,647.3939940104389,0.0,0.0,1602.2195406315388,7810.344020089722,25168.65043532028,0.0,0.0,25168.65043532028,0.0,0.0,0.0,0.0,0.0,0.0,0.0,0.0,32978.99445540999,0.0,70905.0,4420.0,12.893,14.2388,0.0,74.017,Metadata_VT_Residential_VT_baseline_metadata_and_annual_results.csv,VT
509941,0,2678,111217.0,100-120%,,4,Cold,In another census Place,G5000070,,Single-Family Detached,2,Fuel Oil,72F,No,0F,,,,,"Fuel Boiler, 80% AFUE",Non-Ducted Heating,Fuel Oil Fuel Boiler,,,,100000-119999,6,50%,99%,Occupied,Electric Standard,Electricity,0.0,0.0,154.2,0,50,0.0,291.6057148213611,0.0,0.0,3698.556905573444,9537.411836614629,106273.7245369214,0.0,0.0,106273.7245369214,0.0,0.0,0.0,0.0,0.0,0.0,0.0,0.0,115811.13637353602,0.0,285158.0,11631.0,7.632899999999999,8.5741,0.0,167.226,Metadata_VT_Residential_VT_baseline_metadata_and_annual_results.csv,VT
510277,0,2678,42354.0,30-60%,,4,Cold,In another census Place,G5000210,,Single-Family Detached,1,Other Fuel,70F,Yes,3F,Night,"Room AC, EER 12.0",<10% Conditioned,Room AC,"Fuel Wall/Floor Furnace, 60% AFUE",Non-Ducted Heating,Other Fuel Fuel Wall/Floor Furnace,,,,40000-44999,7,50%,99%,Occupied,Propane Tankless,Propane,2.43,0.0,60.94,0,0,0.0,0.0,0.0,0.0,0.0,6349.3847352811945,0.0,0.0,0.0,0.0,0.0,0.0,0.0,0.0,0.0,0.0,5596.7782270789285,5596.7782270789285,11946.162962360122,2193.0,92066.0,14401.0,5.202,5.355899999999999,2.528,60.777,Metadata_VT_Residential_VT_baseline_metadata_and_annual_results.csv,VT
510512,0,2179,108692.0,150%+,,3,Cold,Not in a census Place,G5000150,,Mobile Home,1,Fuel Oil,67F,No,0F,,,,,"Fuel Furnace, 80% AFUE",Ducted Heating,Fuel Oil Fuel Furnace,,,,100000-119999,2,100%,137%,Occupied,Electric Standard,Electricity,0.0,0.0,90.98,0,50,0.0,1269.876947056239,0.0,0.0,2732.301587215628,11545.534809434695,49385.69910579134,0.0,0.0,49385.69910579134,0.0,0.0,0.0,0.0,0.0,0.0,0.0,0.0,60931.23391522604,0.0,139132.0,8251.0,6.3581,9.0093,0.0,90.6,Metadata_VT_Residential_VT_baseline_metadata_and_annual_results.csv,VT
510630,0,1228,129243.0,150%+,,2,Cold,Not in a census Place,G5000070,,Single-Family Detached,1,Fuel Oil,72F,Yes,3F,Day and Night -2h,"Room AC, EER 10.7",20% Conditioned,Room AC,"Fuel Furnace, 92.5% AFUE",Ducted Heating,Fuel Oil Fuel Furnace,,,,120000-139999,3,50%,99%,Occupied,Propane Standard,Propane,4.13,0.0,76.74,0,30,0.0,792.1711026755166,0.0,0.0,0.0,6201.09077377405,36451.00742374031,0.0,0.0,36451.00742374031,0.0,0.0,0.0,0.0,0.0,0.0,3994.851757517561,4752.733544982927,47404.831742497285,2592.0,117593.0,6780.0,4.8797,5.0101,4.621,78.46,Metadata_VT_Residential_VT_baseline_metadata_and_annual_results.csv,VT
510648,0,1698,149501.0,150%+,,3,Cold,Not in a census Place,G5000030,,Single-Family Detached,2,Fuel Oil,80F,No,0F,,"Room AC, EER 12.0",20% Conditioned,Room AC,"Fuel Furnace, 80% AFUE",Ducted Heating,Fuel Oil Fuel Furnace,,,,140000-159999,3,100%,99%,Occupied,Electric Standard,Electricity,4.17,0.0,98.07,0,50,0.0,2069.960968626405,0.0,0.0,3962.320868728444,11534.105037697978,81401.07588247507,0.0,0.0,81401.07588247507,0.0,0.0,0.0,0.0,0.0,0.0,0.0,0.0,92935.18092017304,1410.0,229249.0,12599.0,14.1929,16.5059,3.619,101.542,Metadata_VT_Residential_VT_baseline_metadata_and_annual_results.csv,VT
510669,0,623,12655.0,0-30%,,1,Cold,Not in a census Place,G5000010,,3 or 4 Unit,2,Fuel Oil,70F,Yes,3F,Day and Night +3h,,,,"Fuel Furnace, 80% AFUE",Ducted Heating,Fuel Oil Fuel Furnace,,,,10000-14999,2,100%,121%,Occupied,Electric Standard,Electricity,0.0,0.0,32.29,0,30,0.0,344.06543638218886,0.0,0.0,2363.3251098688,5688.802543113006,13730.086566498438,0.0,0.0,13730.086566498438,0.0,0.0,0.0,0.0,0.0,0.0,0.0,0.0,19418.88910961145,0.0,38597.0,7047.0,4.3629,4.5855,0.0,34.026,Metadata_VT_Residential_VT_baseline_metadata_and_annual_results.csv,VT
512275,0,2179,12655.0,0-30%,,3,Cold,Not in a census Place,G5000190,,Single-Family Detached,1,Fuel Oil,62F,No,0F,,"Room AC, EER 12.0",20% Conditioned,Room AC,"Fuel Furnace, 80% AFUE",Ducted Heating,Fuel Oil Fuel Furnace,,,,10000-14999,2,50%,99%,Occupied,FIXME Fuel Oil Indirect,Fuel Oil,2.69,0.0,60.09,0,40,0.0,640.6533593964778,0.0,0.0,0.0,3989.283407184289,24919.540025673883,0.0,2966.172301213061,27885.712326886947,0.0,0.0,0.0,0.0,0.0,0.0,0.0,0.0,31874.995734071235,2299.0,70204.0,4283.0,4.2081,4.736,3.923,52.527,Metadata_VT_Residential_VT_baseline_metadata_and_annual_results.csv,VT
512804,0,2179,55558.0,60-80%,,4,Cold,Not in a census Place,G5000210,,Single-Family Detached,1,Natural Gas,70F,No,0F,,"Room AC, EER 10.7",60% Conditioned,Room AC,"Fuel Furnace, 80% AFUE",Ducted Heating,Natural Gas Fuel Furnace,,,,50000-59999,4,50%,99%,Occupied,Natural Gas Standard,Natural Gas,20.33,0.0,188.1,0,40,0.0,2753.6957753382003,0.0,0.0,0.0,8049.196942280083,0.0,0.0,0.0,0.0,108278.91679903974,0.0,4451.163413775711,112729.78714174528,0.0,0.0,0.0,0.0,120778.98408402536,11432.0,304937.0,8114.000000000001,10.1669,10.5442,24.291,164.676,Metadata_VT_Residential_VT_baseline_metadata_and_annual_results.csv,VT
513274,0,5587,168947.0,120-150%,,5,Cold,In another census Place,G5000070,,Single-Family Detached,2,Fuel Oil,65F,No,0F,,"Room AC, EER 9.8",20% Conditioned,Room AC,"Fuel Furnace, 80% AFUE",Ducted Heating,Fuel Oil Fuel Furnace,,,,160000-179999,6,100%,99%,Occupied,Fuel Oil Standard,Fuel Oil,4.39,0.0,103.96,0,50,0.0,1119.2384169877166,0.0,0.0,0.0,11801.092782624874,44665.20337852735,0.0,9951.228187697803,54616.43156622516,0.0,0.0,0.0,0.0,0.0,0.0,0.0,0.0,66417.52434885004,8117.000000000001,125727.0,23063.0,9.195,9.5482,7.393,88.719,Metadata_VT_Residential_VT_baseline_metadata_and_annual_results.csv,VT
514947,0,2179,27012.0,30-60%,,4,Cold,Not in a census Place,G5000010,,Single-Family Detached,1,Fuel Oil,70F,Yes,3F,Night -5h,"Room AC, EER 12.0",20% Conditioned,Room AC,"Fuel Furnace, 80% AFUE",Ducted Heating,Fuel Oil Fuel Furnace,,,,25000-29999,1,50%,99%,Occupied,Fuel Oil Standard,Fuel Oil,3.26,0.0,76.05,0,40,0.0,742.0559496760667,0.0,0.0,0.0,6574.463317173461,29589.627528868245,0.0,2207.411300537178,31797.03882940542,0.0,0.0,0.0,1431.3591067211337,0.0,0.0,0.0,0.0,39802.86125330001,4444.0,83129.0,2414.0,8.8254,9.817,5.172,72.508,Metadata_VT_Residential_VT_baseline_metadata_and_annual_results.csv,VT
516823,0,1698,74877.0,80-100%,,2,Cold,"VT, Burlington",G5000070,,Mobile Home,1,Natural Gas,72F,No,0F,,"AC, SEER 10",100% Conditioned,Central AC,"Fuel Furnace, 92.5% AFUE",Ducted Heating,Natural Gas Fuel Furnace,,,,70000-79999,2,200%,137%,Occupied,Natural Gas Premium,Natural Gas,6.64,0.0,22.89,0,30,0.0,184.34170313832777,0.0,0.0,0.0,12253.887586040955,0.0,0.0,0.0,0.0,8490.56197395945,0.0,6924.097103888923,15414.659077848371,0.0,0.0,0.0,0.0,27668.546663889327,12196.0,27428.0,16499.0,16.9681,17.676599999999997,6.929,26.472,Metadata_VT_Residential_VT_baseline_metadata_and_annual_results.csv,VT
516952,0,2179,270137.0,150%+,,4,Cold,Not in a census Place,G5000010,,Single-Family Detached,2,Propane,80F,Yes,6F,Night -1h,,,,"Fuel Boiler, 90% AFUE",Non-Ducted Heating,Propane Fuel Boiler,,,,200000+,4,200%,99%,Occupied,Electric Premium,Electricity,0.0,0.0,117.94,0,50,0.0,170.86043391040553,0.0,0.0,9107.476576671976,20107.019982375823,0.0,0.0,0.0,0.0,0.0,0.0,0.0,0.0,81799.06639576895,0.0,0.0,83561.88888285487,103668.90886523068,0.0,247678.0,30515.0,8.7179,9.3832,0.0,151.551,Metadata_VT_Residential_VT_baseline_metadata_and_annual_results.csv,VT
518147,0,322,16639.0,30-60%,,1,Cold,Not in a census Place,G5000170,,5 to 9 Unit,2,Propane,65F,No,0F,,"Room AC, EER 12.0",60% Conditioned,Room AC,Shared Heating,Non-Ducted Heating,Propane Shared Heating,,,,15000-19999,1,200%,94%,Occupied,Electric Standard,Electricity,3.61,0.0,14.99,0,30,0.0,70.0439857711611,0.0,0.0,2749.0066382154446,6993.848018589912,0.0,0.0,0.0,0.0,0.0,0.0,0.0,0.0,4050.828331920455,0.0,0.0,4050.828331920455,11044.676350510366,1895.0,10205.0,8314.0,5.9242,5.5558000000000005,3.939,13.273,Metadata_VT_Residential_VT_baseline_metadata_and_annual_results.csv,VT
518272,0,623,74751.0,120-150%,,2,Cold,Not in a census Place,G5000190,,2 Unit,1,Fuel Oil,65F,No,0F,,"Room AC, EER 10.7",20% Conditioned,Room AC,"Fuel Furnace, 92.5% AFUE",Ducted Heating,Fuel Oil Fuel Furnace,,,,70000-79999,1,200%,121%,Occupied,Fuel Oil Standard,Fuel Oil,1.66,0.0,41.59,0,30,0.0,308.01769475100554,0.0,0.0,0.0,5554.282921903956,13807.164257953737,0.0,4756.250397824994,18563.414655778728,0.0,0.0,0.0,0.0,0.0,0.0,0.0,0.0,24117.697577682684,1380.0,44638.0,9058.0,22.7055,32.4499,3.953,61.196,Metadata_VT_Residential_VT_baseline_metadata_and_annual_results.csv,VT
519072,0,1228,42184.0,60-80%,,3,Cold,Not in a census Place,G5000210,,Single-Family Detached,1,Fuel Oil,70F,Yes,6F,Night +2h,"Room AC, EER 9.8",20% Conditioned,Room AC,"Fuel Boiler, 80% AFUE",Non-Ducted Heating,Fuel Oil Fuel Boiler,,,,40000-44999,1,100%,99%,Occupied,Electric Standard,Electricity,3.57,0.0,55.93,0,50,0.0,223.3201554712333,0.0,0.0,1571.1540071932832,5967.513130846788,29927.245401706645,0.0,0.0,29927.245401706645,0.0,0.0,0.0,0.0,0.0,0.0,0.0,0.0,35894.75853255343,3791.0,79567.0,4088.0,14.4219,15.197,5.849,89.226,Metadata_VT_Residential_VT_baseline_metadata_and_annual_results.csv,VT
521619,0,2179,89096.0,150%+,,3,Cold,Not in a census Place,G5000210,,Single-Family Detached,1,Other Fuel,72F,No,0F,,"Room AC, EER 12.0",20% Conditioned,Room AC,"Fuel Wall/Floor Furnace, 60% AFUE",Non-Ducted Heating,Other Fuel Fuel Wall/Floor Furnace,,,,80000-99999,2,100%,99%,Occupied,Propane Standard,Propane,4.4,0.0,99.52,0,40,0.0,0.0,0.0,0.0,0.0,4871.427328402678,0.0,0.0,0.0,0.0,0.0,0.0,0.0,0.0,0.0,0.0,4777.644585947566,5590.916805675483,10462.34413407816,3041.0,191234.0,8113.0,4.7602,5.1124,4.947,101.334,Metadata_VT_Residential_VT_baseline_metadata_and_annual_results.csv,VT
522324,0,1698,107345.0,150%+,,4,Cold,In another census Place,G5000070,,Single-Family Detached,2,Fuel Oil,72F,Yes,3F,Night +1h,,,,"Fuel Furnace, 80% AFUE",Ducted Heating,Fuel Oil Fuel Furnace,,,,100000-119999,1,200%,99%,Occupied,Fuel Oil Standard,Fuel Oil,0.0,0.0,52.08,0,40,0.0,803.6008744122333,0.0,0.0,0.0,6879.843372292917,32078.093985700583,0.0,4004.523102833244,36082.61708853383,0.0,0.0,0.0,1319.6990289855166,0.0,0.0,0.0,815.6167882892944,45097.77627810156,0.0,90236.0,7704.0,22.8345,23.6561,0.0,66.743,Metadata_VT_Residential_VT_baseline_metadata_and_annual_results.csv,VT
522487,0,854,13633.0,0-30%,,1,Cold,Not in a census Place,G5000070,,50 or more Unit,4,Electricity,65F,No,0F,,"Room AC, EER 12.0",40% Conditioned,Room AC,Shared Heating,Non-Ducted Heating,Electricity Shared Heating,,,,10000-14999,1,50%,94%,Occupied,Electric Standard,Electricity,1.9,0.0,9.39,0,30,2764.8324760047444,100.81644813924444,0.0,0.0,1039.8161569710444,5914.174196075444,0.0,0.0,0.0,0.0,0.0,0.0,0.0,0.0,0.0,0.0,0.0,0.0,5914.174196075444,2334.0,9268.0,2386.0,2.3838000000000004,4.758100000000001,2.284,10.233,Metadata_VT_Residential_VT_baseline_metadata_and_annual_results.csv,VT
522625,0,2179,16639.0,30-60%,,3,Cold,Not in a census Place,G5000170,,Single-Family Detached,2,Other Fuel,70F,No,0F,,"Room AC, EER 10.7",<10% Conditioned,Room AC,"Fuel Wall/Floor Furnace, 60% AFUE",Non-Ducted Heating,Other Fuel Fuel Wall/Floor Furnace,,,,15000-19999,1,50%,99%,Occupied,Electric Standard,Electricity,2.55,0.0,90.37,0,50,0.0,0.0,0.0,0.0,968.01374477885,4674.483569246944,0.0,0.0,0.0,0.0,0.0,0.0,0.0,0.0,0.0,0.0,0.0,0.0,4674.483569246944,1478.0,167443.0,2246.0,9.8085,9.6455,2.913,91.208,Metadata_VT_Residential_VT_baseline_metadata_and_annual_results.csv,VT
523317,0,2179,27012.0,30-60%,,3,Cold,Not in a census Place,G5000050,,Single-Family Detached,1,Fuel Oil,68F,Yes,6F,Night +4h,,,,"Fuel Boiler, 80% AFUE",Non-Ducted Heating,Fuel Oil Fuel Boiler,,,,25000-29999,1,100%,99%,Occupied,Electric Standard,Electricity,0.0,0.0,95.02,0,50,0.0,226.2508661729556,0.0,0.0,1484.99111256265,7509.36003102285,51746.67964709876,0.0,0.0,51746.67964709876,0.0,0.0,0.0,0.0,0.0,0.0,0.0,327.3603853823722,59583.40006350399,0.0,137049.0,3984.0,4.6865,6.7085,0.0,110.713,Metadata_VT_Residential_VT_baseline_metadata_and_annual_results.csv,VT
523482,0,1228,64915.0,80-100%,,3,Cold,Not in a census Place,G5000230,,Mobile Home,1,Fuel Oil,68F,Yes,3F,Night -4h,"AC, SEER 13",100% Conditioned,Central AC,"Fuel Furnace, 80% AFUE",Ducted Heating,Fuel Oil Fuel Furnace,,,,60000-69999,5,200%,137%,Occupied,Electric Standard,Electricity,7.81,0.0,23.67,0,50,0.0,179.6525660155722,0.0,0.0,11069.587391475006,23929.252879561947,6980.952891502334,0.0,0.0,6980.952891502334,0.0,0.0,0.0,0.0,0.0,0.0,0.0,0.0,30910.20577106428,14740.0,19648.0,36664.0,10.9412,11.4192,7.504,25.191,Metadata_VT_Residential_VT_baseline_metadata_and_annual_results.csv,VT
523533,0,2663,262638.0,150%+,,4,Cold,Not in a census Place,G5000110,,Single-Family Attached,1,Fuel Oil,70F,No,0F,,"AC, SEER 10",60% Conditioned,Central AC,"Fuel Furnace, 80% AFUE",Ducted Heating,Fuel Oil Fuel Furnace,,,,200000+,7,100%,84%,Occupied,Electric Standard,Electricity,10.57,0.0,81.85,0,50,0.0,1280.1344345122668,0.0,0.0,5675.028202814911,15599.586923127044,51072.90925677282,0.0,0.0,51072.90925677282,0.0,0.0,0.0,0.0,0.0,0.0,0.0,0.0,66672.49617989987,1855.0,143773.0,18326.0,6.711600000000001,8.5815,10.181,84.928,Metadata_VT_Residential_VT_baseline_metadata_and_annual_results.csv,VT
524379,0,1228,66973.0,80-100%,,3,Cold,Not in a census Place,G5000030,,Mobile Home,1,Fuel Oil,72F,No,0F,,"Room AC, EER 10.7",20% Conditioned,Room AC,"Fuel Boiler, 90% AFUE",Non-Ducted Heating,Fuel Oil Fuel Boiler,,,,60000-69999,3,100%,137%,Occupied,Electric Standard,Electricity,2.04,0.0,29.9,0,50,0.0,219.80330262916667,0.0,0.0,3976.974422237056,11607.07973417086,14001.470377477915,0.0,0.0,14001.470377477915,0.0,0.0,0.0,0.0,0.0,0.0,0.0,0.0,25608.550111648776,2635.0,42206.0,12517.0,8.4414,11.7486,2.508,29.209,Metadata_VT_Residential_VT_baseline_metadata_and_annual_results.csv,VT
525587,0,1228,63747.0,100-120%,,3,Cold,In another census Place,G5000190,,Single-Family Detached,1,Fuel Oil,70F,No,0F,,,,,"Fuel Furnace, 80% AFUE",Ducted Heating,Fuel Oil Fuel Furnace,,,,60000-69999,2,100%,99%,Occupied,Fuel Oil Standard,Fuel Oil,0.0,0.0,78.15,0,40,0.0,1089.9313099704943,0.0,0.0,0.0,6242.999936808677,42393.60951362246,0.0,4106.511835253178,46500.12134887563,0.0,0.0,0.0,0.0,0.0,0.0,0.0,0.0,52743.12128568431,0.0,119433.0,7857.0,5.513199999999999,6.2263,0.0,75.981,Metadata_VT_Residential_VT_baseline_metadata_and_annual_results.csv,VT
525668,0,1228,37492.0,60-80%,,2,Cold,Not in a census Place,G5000270,,Mobile Home,1,Other Fuel,68F,Yes,6F,Night -4h,,,,"Fuel Wall/Floor Furnace, 60% AFUE",Non-Ducted Heating,Other Fuel Fuel Wall/Floor Furnace,,,,35000-39999,2,200%,137%,Occupied,Electric Standard,Electricity,0.0,0.0,68.82,0,30,0.0,0.0,0.0,0.0,5165.377611785417,13640.40681902574,0.0,0.0,0.0,0.0,0.0,0.0,0.0,0.0,0.0,0.0,0.0,0.0,13640.40681902574,0.0,90907.0,16543.0,9.3028,7.8901,0.0,65.91,Metadata_VT_Residential_VT_baseline_metadata_and_annual_results.csv,VT
525703,0,322,11140.0,0-30%,,1,Cold,Not in a census Place,G5000010,,10 to 19 Unit,3,Electricity,72F,No,0F,,Ducted Heat Pump,100% Conditioned,Ducted Heat Pump,"ASHP, SEER 13, 7.7 HSPF",Ducted Heat Pump,Electricity ASHP,,,,10000-14999,1,50%,94%,Occupied,Electric Premium,Electricity,7.03,17.06,7.03,0,30,2104.543354906728,100.81644813924444,3249.278954999428,47.4775133679,796.2740976579278,9063.808987216316,0.0,0.0,0.0,0.0,0.0,0.0,0.0,0.0,0.0,0.0,0.0,0.0,9063.808987216316,6381.0,27363.0,2048.0,7.581600000000001,7.7423,8.248,19.927,Metadata_VT_Residential_VT_baseline_metadata_and_annual_results.csv,VT
525826,0,1698,74877.0,120-150%,,3,Cold,Not in a census Place,G5000010,,Single-Family Detached,2,Fuel Oil,70F,No,0F,,,,,"Fuel Furnace, 76% AFUE",Ducted Heating,Fuel Oil Fuel Furnace,,,,70000-79999,2,100%,99%,Occupied,FIXME Fuel Oil Indirect,Fuel Oil,0.0,0.0,82.5,0,40,0.0,1106.0502188299668,0.0,0.0,0.0,5965.461633355583,46454.40226192877,0.0,4263.011786725144,50717.41404865392,0.0,0.0,0.0,0.0,0.0,0.0,0.0,0.0,56682.8756820095,0.0,124233.0,8308.0,9.7486,9.8106,0.0,77.799,Metadata_VT_Residential_VT_baseline_metadata_and_annual_results.csv,VT
528626,0,1138,54023.0,80-100%,,1,Cold,Not in a census Place,G5000030,,2 Unit,2,Fuel Oil,70F,Yes,3F,Night,"Room AC, EER 12.0",20% Conditioned,Room AC,Shared Heating,Ducted Heating,Fuel Oil Shared Heating,,,,50000-59999,1,100%,121%,Occupied,Fuel Oil Standard,Fuel Oil,2.34,0.0,52.68,0,30,0.0,169.9812206998889,0.0,0.0,0.0,4712.875879439505,32910.122753919524,0.0,2925.435422459122,35835.55817637865,0.0,0.0,0.0,0.0,0.0,0.0,0.0,0.0,40548.43405581815,3227.0,85527.0,4400.0,7.6051,7.2187,4.907,55.829,Metadata_VT_Residential_VT_baseline_metadata_and_annual_results.csv,VT
529740,0,1698,74877.0,120-150%,,3,Cold,Not in a census Place,G5000010,,Single-Family Detached,1,Electricity,72F,Yes,6F,Night -3h,,,,"Electric Baseboard, 100% Efficiency",Non-Ducted Heating,Electricity Baseboard,,,,70000-79999,2,50%,99%,Occupied,Electric Premium,Electricity,0.0,0.0,76.08,0,50,35755.8428452918,0.0,0.0,0.0,1554.1558851232944,41055.74007828627,0.0,0.0,0.0,0.0,0.0,0.0,0.0,0.0,0.0,0.0,0.0,0.0,41055.74007828627,0.0,121998.0,4685.0,6.5643,24.9875,0.0,76.083,Metadata_VT_Residential_VT_baseline_metadata_and_annual_results.csv,VT
531713,0,881,89096.0,120-150%,,3,Cold,In another census Place,G5000210,,Mobile Home,1,Propane,70F,Yes,6F,Night -5h,"AC, SEER 15",100% Conditioned,Central AC,"Fuel Furnace, 80% AFUE",Ducted Heating,Propane Fuel Furnace,,,,80000-99999,2,200%,137%,Occupied,Electric Standard,Electricity,6.75,0.0,15.2,0,50,0.0,140.38104261249444,0.0,0.0,5141.052712961123,14534.273583051016,0.0,0.0,0.0,0.0,0.0,0.0,0.0,1381.2439537216833,5518.821322413117,0.0,0.0,5518.821322413117,21434.338859185817,11881.0,15499.0,16484.0,16.238799999999998,16.627,6.53,18.653,Metadata_VT_Residential_VT_baseline_metadata_and_annual_results.csv,VT
533099,0,2179,109096.0,150%+,,4,Cold,In another census Place,G5000270,,Single-Family Detached,2,Other Fuel,70F,No,0F,,,,,"Fuel Wall/Floor Furnace, 60% AFUE",Non-Ducted Heating,Other Fuel Fuel Wall/Floor Furnace,,,,100000-119999,3,200%,99%,Occupied,Electric Standard,Electricity,0.0,0.0,73.11,0,50,0.0,0.0,0.0,0.0,7288.677515183167,16839.277549955543,0.0,0.0,0.0,0.0,0.0,0.0,0.0,0.0,0.0,0.0,0.0,1424.9115431773444,18264.18909313289,0.0,126665.0,23835.0,8.3055,8.983,0.0,73.498,Metadata_VT_Residential_VT_baseline_metadata_and_annual_results.csv,VT
533730,0,1228,55104.0,80-100%,,3,Cold,Not in a census Place,G5000190,,Single-Family Detached,1,Fuel Oil,68F,Yes,3F,Night +3h,"Room AC, EER 9.8",20% Conditioned,Room AC,"Fuel Furnace, 80% AFUE",Ducted Heating,Fuel Oil Fuel Furnace,,,,50000-59999,2,200%,99%,Occupied,Fuel Oil Premium,Fuel Oil,3.13,0.0,79.18,0,40,0.0,1028.6794563045,0.0,0.0,0.0,7384.218684059311,39991.30595142075,0.0,6560.395905805195,46551.70185722596,0.0,0.0,0.0,1461.838498019045,0.0,0.0,0.0,570.3163025551444,55968.075341859454,2544.0,112622.0,16067.0,2.9118000000000004,3.4306,3.549,78.117,Metadata_VT_Residential_VT_baseline_metadata_and_annual_results.csv,VT
535542,0,2179,47457.0,60-80%,,3,Cold,In another census Place,G5000210,,Single-Family Detached,2,Fuel Oil,65F,Yes,12F,Night +1h,,,,"Fuel Boiler, 90% AFUE",Non-Ducted Heating,Fuel Oil Fuel Boiler,,,,45000-49999,3,200%,99%,Occupied,Fuel Oil Standard,Fuel Oil,0.0,0.0,173.22,0,40,0.0,185.8070584891889,0.0,0.0,0.0,8552.106898695616,68970.75951219043,0.0,9524.223638456877,78494.98315064731,0.0,0.0,0.0,0.0,0.0,0.0,0.0,1136.5296101278775,88183.6196594708,0.0,204644.0,22131.0,6.071899999999999,6.8281,0.0,207.905,Metadata_VT_Residential_VT_baseline_metadata_and_annual_results.csv,VT
536323,0,1698,280058.0,150%+,,3,Cold,Not in a census Place,G5000030,,Single-Family Detached,1,Fuel Oil,75F,Yes,12F,Night +4h,,,,"Fuel Furnace, 80% AFUE",Ducted Heating,Fuel Oil Fuel Furnace,,,,200000+,2,50%,99%,Occupied,Electric Standard,Electricity,0.0,0.0,55.88,0,50,0.0,771.6561277634611,0.0,0.0,1740.2560146826554,6153.320189335977,30355.71530629844,0.0,0.0,30355.71530629844,0.0,0.0,0.0,0.0,0.0,0.0,0.0,0.0,36509.03549563441,0.0,84568.0,4769.0,10.528,10.3765,0.0,59.396,Metadata_VT_Residential_VT_baseline_metadata_and_annual_results.csv,VT
536400,0,1698,128814.0,150%+,,3,Cold,In another census Place,G5000110,,Single-Family Detached,1,Other Fuel,67F,Yes,3F,Night,"Room AC, EER 9.8",20% Conditioned,Room AC,"Fuel Wall/Floor Furnace, 60% AFUE",Non-Ducted Heating,Other Fuel Fuel Wall/Floor Furnace,,,,120000-139999,1,100%,99%,Occupied,Electric Standard,Electricity,2.63,0.0,55.54,0,50,0.0,0.0,0.0,0.0,1604.5641091929165,6747.0821775049,0.0,0.0,0.0,0.0,0.0,0.0,0.0,0.0,0.0,0.0,0.0,0.0,6747.0821775049,3037.0,80679.0,4359.0,11.9868,13.8548,4.159,55.548,Metadata_VT_Residential_VT_baseline_metadata_and_annual_results.csv,VT
536502,0,1698,63747.0,100-120%,,3,Cold,In another census Place,G5000210,,Single-Family Detached,2,Propane,72F,Yes,3F,Night,,,,"Fuel Furnace, 80% AFUE",Ducted Heating,Propane Fuel Furnace,,,,60000-69999,2,200%,99%,Occupied,Propane Standard,Propane,0.0,0.0,51.61,0,40,0.0,846.68232172755,0.0,0.0,0.0,9345.450285651825,0.0,0.0,0.0,0.0,0.0,0.0,0.0,0.0,33279.39230233652,0.0,7419.094141409806,40698.486443746326,50043.93672939815,0.0,93661.0,16062.999999999998,14.0051,14.4071,0.0,56.032,Metadata_VT_Residential_VT_baseline_metadata_and_annual_results.csv,VT
536958,0,1228,101242.0,120-150%,,3,Cold,Not in a census Place,G5000210,,Single-Family Detached,1,Fuel Oil,68F,Yes,3F,Night -1h,,,,"Fuel Boiler, 76% AFUE",Non-Ducted Heating,Fuel Oil Fuel Boiler,,,,100000-119999,4,50%,99%,Occupied,Electric Premium,Electricity,0.0,0.0,71.42,0,50,0.0,250.28269392707776,0.0,0.0,2729.0778054437333,7999.96100249115,44623.29421549273,0.0,0.0,44623.29421549273,0.0,0.0,0.0,591.1243485373722,0.0,0.0,0.0,864.8527280782278,54079.23229459948,0.0,113759.0,8678.0,9.8961,9.1918,0.0,82.17,Metadata_VT_Residential_VT_baseline_metadata_and_annual_results.csv,VT
537769,0,2678,32414.0,30-60%,,3,Cold,Not in a census Place,G5000230,,Single-Family Detached,2,Other Fuel,72F,No,0F,,"Room AC, EER 10.7",20% Conditioned,Room AC,"Fuel Wall/Floor Furnace, 60% AFUE",Non-Ducted Heating,Other Fuel Fuel Wall/Floor Furnace,,,,30000-34999,5,200%,99%,Occupied,Propane Standard,Propane,5.62,0.0,116.72,0,40,0.0,0.0,0.0,0.0,0.0,15730.003549353683,0.0,0.0,0.0,0.0,0.0,0.0,0.0,0.0,0.0,0.0,16173.713149594429,16173.713149594429,31903.716698948112,3613.0,192478.0,38137.0,9.1193,9.1823,6.345,118.088,Metadata_VT_Residential_VT_baseline_metadata_and_annual_results.csv,VT
538765,0,2179,74751.0,120-150%,,3,Cold,Not in a census Place,G5000150,,Single-Family Detached,1,Other Fuel,67F,No,0F,,"Room AC, EER 12.0",<10% Conditioned,Room AC,"Fuel Wall/Floor Furnace, 60% AFUE",Non-Ducted Heating,Other Fuel Fuel Wall/Floor Furnace,,,,70000-79999,1,200%,99%,Occupied,Fuel Oil Standard,Fuel Oil,1.31,0.0,62.91,0,40,0.0,0.0,0.0,0.0,0.0,8028.6819673680275,0.0,0.0,4089.806784253361,4089.806784253361,0.0,0.0,0.0,0.0,0.0,0.0,0.0,815.6167882892944,12934.105539910684,379.0,94804.0,7646.0,12.2299,13.9116,2.883,75.636,Metadata_VT_Residential_VT_baseline_metadata_and_annual_results.csv,VT
538885,0,1698,42184.0,60-80%,,3,Cold,Not in a census Place,G5000070,,Single-Family Detached,1,Propane,70F,Yes,3F,Night -3h,"Room AC, EER 8.5",20% Conditioned,Room AC,"Fuel Furnace, 92.5% AFUE",Ducted Heating,Propane Fuel Furnace,,,,40000-44999,1,100%,99%,Occupied,Propane Standard,Propane,2.63,0.0,54.24,0,40,0.0,499.6861746436389,0.0,0.0,0.0,7473.605360461839,0.0,0.0,0.0,0.0,0.0,0.0,0.0,0.0,22987.02938895825,0.0,3045.594561229733,26712.54883298754,34186.15419344938,1117.0,74145.0,4353.0,13.2188,13.2901,2.606,63.757,Metadata_VT_Residential_VT_baseline_metadata_and_annual_results.csv,VT
539737,0,634,55104.0,80-100%,,1,Cold,Not in a census Place,G5000230,,Mobile Home,1,Fuel Oil,65F,Yes,12F,Night -3h,"AC, SEER 13",100% Conditioned,Central AC,"Fuel Furnace, 80% AFUE",Ducted Heating,Fuel Oil Fuel Furnace,,,,50000-59999,2,50%,137%,Occupied,Fuel Oil Standard,Fuel Oil,7.18,0.0,21.27,0,30,0.0,180.23870815591667,0.0,0.0,0.0,4000.127036780661,7006.157003537144,0.0,3025.6657284580224,10031.822731995166,0.0,0.0,0.0,0.0,0.0,0.0,0.0,0.0,14031.949768775828,6185.0,19592.0,4479.0,6.5004,6.8315,6.692,23.106,Metadata_VT_Residential_VT_baseline_metadata_and_annual_results.csv,VT
540013,0,1228,149501.0,150%+,,3,Cold,Not in a census Place,G5000170,,Single-Family Detached,1,Other Fuel,68F,No,0F,,,,,"Fuel Wall/Floor Furnace, 60% AFUE",Non-Ducted Heating,Other Fuel Fuel Wall/Floor Furnace,,,,140000-159999,3,200%,99%,Occupied,Propane Premium,Propane,0.0,0.0,50.66,0,40,0.0,0.0,0.0,0.0,0.0,7926.400163877922,0.0,0.0,0.0,0.0,0.0,0.0,0.0,0.0,0.0,0.0,9778.902398436538,9778.902398436538,17705.30256231446,0.0,77542.0,24173.0,6.7238,7.213,0.0,48.376,Metadata_VT_Residential_VT_baseline_metadata_and_annual_results.csv,VT
540879,0,1698,37492.0,60-80%,,2,Cold,Not in a census Place,G5000210,,Single-Family Detached,1,Fuel Oil,70F,No,0F,,,,,"Fuel Boiler, 90% AFUE",Non-Ducted Heating,Fuel Oil Fuel Boiler,,,,35000-39999,2,100%,99%,Occupied,Fuel Oil Standard,Fuel Oil,0.0,0.0,69.66,0,30,0.0,292.48492803187776,0.0,0.0,0.0,4413.650316793667,42709.54012726811,0.0,4288.508969830127,46998.04909709824,0.0,0.0,0.0,0.0,0.0,0.0,0.0,813.5652907980889,52225.26470469,0.0,129673.0,8374.0,11.4507,11.9098,0.0,88.507,Metadata_VT_Residential_VT_baseline_metadata_and_annual_results.csv,VT
540999,0,1682,27230.0,0-30%,,3,Cold,Not in a census Place,G5000230,,5 to 9 Unit,3,Electricity,65F,Yes,3F,Night,"Room AC, EER 10.7",40% Conditioned,Room AC,"Electric Baseboard, 100% Efficiency",Non-Ducted Heating,Electricity Baseboard,,,,25000-29999,5,200%,94%,Occupied,Electric Standard,Electricity,8.37,0.0,48.77,0,50,10189.788038817996,0.0,0.0,0.0,8155.5817407526,24666.61969211525,0.0,0.0,0.0,0.0,0.0,0.0,0.0,1247.60354572315,0.0,0.0,0.0,0.0,25914.223237838403,4922.0,34767.0,26717.0,7.7856,17.656200000000002,10.098,48.633,Metadata_VT_Residential_VT_baseline_metadata_and_annual_results.csv,VT
541143,0,881,42426.0,30-60%,,2,Cold,"VT, Burlington",G5000070,,Single-Family Detached,2,Other Fuel,65F,Yes,3F,Night +4h,,,,"Fuel Wall/Floor Furnace, 60% AFUE",Non-Ducted Heating,Other Fuel Fuel Wall/Floor Furnace,,,,40000-44999,2,100%,99%,Occupied,Electric Standard,Electricity,0.0,0.0,59.32,0,30,0.0,0.0,0.0,0.0,2750.7650646364777,7183.171929921167,0.0,0.0,0.0,0.0,0.0,0.0,0.0,0.0,0.0,0.0,0.0,813.5652907980889,7996.737220719257,0.0,75258.0,8294.0,9.400799999999998,10.8774,0.0,59.541,Metadata_VT_Residential_VT_baseline_metadata_and_annual_results.csv,VT
541780,0,1698,4849.0,0-30%,,3,Cold,Not in a census Place,G5000070,,Mobile Home,1,Fuel Oil,65F,No,0F,,"AC, SEER 15",100% Conditioned,Central AC,"Fuel Furnace, 80% AFUE",Ducted Heating,Fuel Oil Fuel Furnace,,,,<10000,1,200%,137%,Occupied,Electric Standard,Electricity,13.09,0.0,45.66,0,50,0.0,416.4539907147278,0.0,0.0,2535.3578280598945,13869.88146697059,16600.424627765184,0.0,0.0,16600.424627765184,0.0,0.0,0.0,0.0,0.0,0.0,0.0,0.0,30470.306094735774,23090.0,46731.0,7460.0,7.3774,8.4484,13.013,49.355,Metadata_VT_Residential_VT_baseline_metadata_and_annual_results.csv,VT
541895,0,5587,89096.0,150%+,,5,Cold,Not in a census Place,G5000210,,Single-Family Detached,2,Other Fuel,65F,Yes,3F,Night -2h,,,,"Fuel Boiler, 76% AFUE",Non-Ducted Heating,Other Fuel Fuel Boiler,,,,80000-99999,2,50%,99%,Occupied,Electric Premium,Electricity,0.0,0.0,58.67,0,66,0.0,104.62637205148332,0.0,0.0,1434.2898174228555,11166.886986772184,0.0,0.0,0.0,0.0,0.0,0.0,0.0,0.0,0.0,0.0,0.0,650.9108468525055,11817.797833624689,0.0,75676.0,4245.0,9.1488,11.5748,0.0,84.091,Metadata_VT_Residential_VT_baseline_metadata_and_annual_results.csv,VT
542382,0,1138,54023.0,80-100%,,2,Cold,Not in a census Place,G5000070,,10 to 19 Unit,2,Fuel Oil,68F,No,0F,,"Room AC, EER 12.0",60% Conditioned,Room AC,Shared Heating,Ducted Heating,Fuel Oil Shared Heating,,,,50000-59999,1,200%,94%,Occupied,FIXME Fuel Oil Indirect,Fuel Oil,5.3,0.0,26.56,0,30,0.0,135.9849765599111,0.0,0.0,0.0,6302.786435123811,12990.082114313576,0.0,4454.680266617777,17445.05545200153,0.0,0.0,0.0,0.0,0.0,0.0,0.0,0.0,23747.84188712533,3091.0,33928.0,8671.0,17.318,19.6286,7.087,52.269,Metadata_VT_Residential_VT_baseline_metadata_and_annual_results.csv,VT
544112,0,2179,22473.0,30-60%,,3,Cold,Not in a census Place,G5000030,,Single-Family Detached,1,Fuel Oil,70F,No,0F,,"Room AC, EER 12.0",20% Conditioned,Room AC,"Fuel Furnace, 80% AFUE",Ducted Heating,Fuel Oil Fuel Furnace,,,,20000-24999,2,100%,99%,Occupied,Electric Premium,Electricity,3.29,0.0,80.29,0,50,0.0,1301.528622634839,0.0,0.0,2765.4186181450887,9245.806121793266,51181.345552736544,0.0,0.0,51181.345552736544,0.0,0.0,0.0,0.0,0.0,0.0,0.0,813.5652907980889,61240.71696532791,4338.0,144141.0,8769.0,7.2203,8.4616,4.804,83.407,Metadata_VT_Residential_VT_baseline_metadata_and_annual_results.csv,VT
544417,0,3310,270137.0,150%+,,4,Cold,Not in a census Place,G5000110,,Single-Family Detached,2,Natural Gas,68F,No,0F,,,,,"Fuel Furnace, 80% AFUE",Ducted Heating,Natural Gas Fuel Furnace,,,,200000+,4,100%,99%,Occupied,Natural Gas Standard,Natural Gas,0.0,0.0,136.76,0,40,0.0,1436.341314914061,0.0,0.0,0.0,7182.29271671065,0.0,0.0,0.0,0.0,57316.78840679202,0.0,7124.850786956895,65522.48530054407,0.0,0.0,0.0,0.0,72704.77801725472,0.0,161347.0,15070.0,3.5393000000000003,4.3315,0.0,112.957,Metadata_VT_Residential_VT_baseline_metadata_and_annual_results.csv,VT
544499,0,1698,108692.0,150%+,,2,Cold,Not in a census Place,G5000250,,Single-Family Detached,1,Other Fuel,68F,No,0F,,,,,"Fuel Wall/Floor Furnace, 60% AFUE",Non-Ducted Heating,Other Fuel Fuel Wall/Floor Furnace,,,,100000-119999,2,100%,99%,Occupied,Fuel Oil Standard,Fuel Oil,0.0,0.0,38.35,0,30,0.0,0.0,0.0,0.0,0.0,4599.164304212683,0.0,0.0,4370.275798408178,4370.275798408178,0.0,0.0,0.0,773.7076252546667,0.0,0.0,0.0,813.5652907980889,10556.713018673618,0.0,59368.0,8587.0,5.6632,5.9763,0.0,38.955,Metadata_VT_Residential_VT_baseline_metadata_and_annual_results.csv,VT
545235,0,1207,0.0,Not Available,,2,Cold,Not in a census Place,G5000150,,Single-Family Attached,2,Propane,55F,Yes,3F,Night +5h,"AC, SEER 13",100% Conditioned,Central AC,"Fuel Furnace, 76% AFUE",Ducted Heating,Propane Fuel Furnace,,,,Not Available,0,200%,84%,Vacant,Electric Standard,Electricity,10.5,0.0,38.86,0,30,0.0,225.3716529624389,0.0,0.0,368.0972641363112,2106.594852397933,0.0,0.0,0.0,0.0,0.0,0.0,0.0,0.0,9232.031781495172,0.0,0.0,9232.031781495172,11338.626633893104,4460.0,24680.0,0.0,1.9049,1.3225,9.016,26.441,Metadata_VT_Residential_VT_baseline_metadata_and_annual_results.csv,VT
545508,0,1228,74877.0,120-150%,,3,Cold,Not in a census Place,G5000010,,Single-Family Detached,1,Other Fuel,65F,Yes,3F,Night +4h,,,,"Fuel Wall/Floor Furnace, 60% AFUE",Non-Ducted Heating,Other Fuel Fuel Wall/Floor Furnace,,,,70000-79999,2,100%,99%,Occupied,Other Fuel,Other Fuel,0.0,0.0,35.21,0,40,0.0,0.0,0.0,0.0,0.0,5909.4850589526895,0.0,0.0,0.0,0.0,0.0,0.0,0.0,0.0,0.0,0.0,0.0,0.0,5909.4850589526895,0.0,42212.0,8771.0,6.0309,7.4799,0.0,33.009,Metadata_VT_Residential_VT_baseline_metadata_and_annual_results.csv,VT
545514,0,2152,108692.0,150%+,,3,Cold,Not in a census Place,G5000270,,Single-Family Attached,3,Natural Gas,75F,Yes,3F,Night -2h,"AC, SEER 13",60% Conditioned,Central AC,"Fuel Furnace, 80% AFUE",Ducted Heating,Natural Gas Fuel Furnace,,,,100000-119999,2,50%,84%,Occupied,Natural Gas Standard,Natural Gas,4.01,0.0,23.23,0,40,0.0,400.0420107850833,0.0,0.0,0.0,5321.291421117039,0.0,0.0,0.0,0.0,15827.010073580688,0.0,2927.486919950328,19379.3245151382,0.0,0.0,0.0,0.0,24700.615936255235,1579.0,44501.0,4223.0,5.610600000000001,5.9578,4.101,25.309,Metadata_VT_Residential_VT_baseline_metadata_and_annual_results.csv,VT
546436,0,1138,22473.0,30-60%,,2,Cold,Not in a census Place,G5000150,,5 to 9 Unit,2,Electricity,68F,No,0F,,Shared Cooling,100% Conditioned,Central AC,Shared Heating,Non-Ducted Heating,Electricity Shared Heating,,,,20000-24999,2,100%,94%,Occupied,Electric Premium,Electricity,9.68,0.0,36.0,0,30,11830.10681857192,227.42315045364444,0.0,0.0,2181.9141174321944,19183.25996919298,0.0,0.0,0.0,0.0,0.0,0.0,0.0,0.0,0.0,0.0,0.0,0.0,19183.25996919298,7933.0,38559.0,6781.0,5.219600000000001,10.7189,8.484,32.989,Metadata_VT_Residential_VT_baseline_metadata_and_annual_results.csv,VT
546813,0,2678,108692.0,150%+,,3,Cold,Not in a census Place,G5000030,,Single-Family Detached,2,Other Fuel,72F,Yes,3F,Night -4h,"AC, SEER 13",60% Conditioned,Central AC,"Fuel Furnace, 60% AFUE",Ducted Heating,Other Fuel Fuel Furnace,,,,100000-119999,2,100%,99%,Occupied,Propane Standard,Propane,9.56,0.0,56.2,0,40,0.0,846.9753927977223,0.0,0.0,0.0,8715.054413711372,0.0,0.0,0.0,0.0,0.0,0.0,0.0,0.0,0.0,0.0,4937.075248121256,6656.230145751511,15371.284559462883,15606.0,93752.0,8733.0,3.5951,3.2668000000000004,13.531,59.206,Metadata_VT_Residential_VT_baseline_metadata_and_annual_results.csv,VT
547318,0,5587,169054.0,150%+,,3,Cold,In another census Place,G5000270,,Single-Family Detached,2,Other Fuel,68F,No,0F,,,,,"Fuel Wall/Floor Furnace, 60% AFUE",Non-Ducted Heating,Other Fuel Fuel Wall/Floor Furnace,,,,160000-179999,3,50%,99%,Occupied,Electric Premium,Electricity,0.0,0.0,192.47,0,50,0.0,0.0,0.0,0.0,2012.51903887265,9734.648666840534,0.0,0.0,0.0,0.0,0.0,0.0,0.0,0.0,0.0,0.0,0.0,757.8817874653666,10492.5304543059,0.0,322092.0,6102.0,5.6373,6.2438,0.0,194.553,Metadata_VT_Residential_VT_baseline_metadata_and_annual_results.csv,VT
548226,0,2179,149501.0,150%+,,4,Cold,In another census Place,G5000030,,Single-Family Detached,2,Fuel Oil,70F,No,0F,,"Room AC, EER 10.7",<10% Conditioned,Room AC,"Fuel Furnace, 80% AFUE",Ducted Heating,Fuel Oil Fuel Furnace,,,,140000-159999,5,200%,99%,Occupied,Fuel Oil Standard,Fuel Oil,2.12,0.0,112.27,0,40,0.0,1604.5641091929165,0.0,0.0,0.0,10994.561197510917,63090.58156025497,0.0,15114.847373062188,78205.72200438732,0.0,0.0,0.0,0.0,0.0,0.0,0.0,2100.4403599243165,91300.72356182255,2440.0,177680.0,37488.0,3.8743,4.7778,3.085,102.304,Metadata_VT_Residential_VT_baseline_metadata_and_annual_results.csv,VT
548883,0,3310,108692.0,150%+,,5,Cold,Not in a census Place,G5000270,,Single-Family Detached,2,Other Fuel,67F,Yes,3F,Night +3h,"Room AC, EER 10.7",<10% Conditioned,Room AC,"Fuel Wall/Floor Furnace, 60% AFUE",Non-Ducted Heating,Other Fuel Fuel Wall/Floor Furnace,,,,100000-119999,2,100%,99%,Occupied,Propane Tankless,Propane,1.99,0.0,57.12,0,0,0.0,0.0,0.0,0.0,0.0,7584.679296057111,0.0,0.0,0.0,0.0,0.0,0.0,0.0,0.0,0.0,0.0,3172.787405684478,3986.352696482567,11571.031992539678,1209.0,87395.0,8164.0,8.0546,8.7187,2.693,58.78,Metadata_VT_Residential_VT_baseline_metadata_and_annual_results.csv,VT
