bldg_id,upgrade,in.sqft,in.building_america_climate_zone,in.state,in.state_name,in.building_subtype,in.comstock_building_type,in.comstock_building_type_group,in.floor_area_category,in.heating_fuel,in.hvac_category,in.hvac_combined_type,in.hvac_cool_type,in.hvac_heat_type,in.hvac_night_variability,in.hvac_system_type,in.hvac_vent_type,in.interior_lighting_generation,in.number_of_stories,in.number_stories,in.year_built,out.district_cooling.cooling.energy_consumption,out.district_cooling.total.energy_consumption,out.district_heating.cooling.energy_consumption,out.district_heating.heating.energy_consumption,out.district_heating.total.energy_consumption,out.district_heating.water_systems.energy_consumption,out.electricity.cooling.energy_consumption,out.electricity.exterior_lighting.energy_consumption,out.electricity.fans.energy_consumption,out.electricity.heat_recovery.energy_consumption,out.electricity.heat_rejection.energy_consumption,out.electricity.heating.energy_consumption,out.electricity.interior_equipment.energy_consumption,out.electricity.interior_lighting.energy_consumption,out.electricity.pumps.energy_consumption,out.electricity.refrigeration.energy_consumption,out.electricity.total.apr.energy_consumption..kwh,out.electricity.total.aug.energy_consumption..kwh,out.electricity.total.dec.energy_consumption..kwh,out.electricity.total.energy_consumption,out.electricity.total.feb.energy_consumption..kwh,out.electricity.total.jan.energy_consumption..kwh,out.electricity.total.jul.energy_consumption..kwh,out.electricity.total.jun.energy_consumption..kwh,out.electricity.total.mar.energy_consumption..kwh,out.electricity.total.may.energy_consumption..kwh,out.electricity.total.nov.energy_consumption..kwh,out.electricity.total.oct.energy_consumption..kwh,out.electricity.total.sep.energy_consumption..kwh,out.electricity.water_systems.energy_consumption,out.natural_gas.heating.energy_consumption,out.natural_gas.interior_equipment.energy_consumption,out.natural_gas.total.energy_consumption,out.natural_gas.water_systems.energy_consumption,out.other_fuel.cooling.energy_consumption,out.other_fuel.heating.energy_consumption,out.other_fuel.total.energy_consumption,out.other_fuel.water_systems.energy_consumption,out.site_energy.total.energy_consumption,out.electricity.total.peak_demand,out.qoi.maximum_daily_peak_apr..kw,out.qoi.maximum_daily_peak_aug..kw,out.qoi.maximum_daily_peak_dec..kw,out.qoi.maximum_daily_peak_feb..kw,out.qoi.maximum_daily_peak_jan..kw,out.qoi.maximum_daily_peak_jul..kw,out.qoi.maximum_daily_peak_jun..kw,out.qoi.maximum_daily_peak_mar..kw,out.qoi.maximum_daily_peak_may..kw,out.qoi.maximum_daily_peak_nov..kw,out.qoi.maximum_daily_peak_oct..kw,out.qoi.maximum_daily_peak_sep..kw,out.qoi.median_daily_peak_apr..kw,out.qoi.median_daily_peak_aug..kw,out.qoi.median_daily_peak_dec..kw,out.qoi.median_daily_peak_feb..kw,out.qoi.median_daily_peak_jan..kw,out.qoi.median_daily_peak_jul..kw,out.qoi.median_daily_peak_jun..kw,out.qoi.median_daily_peak_mar..kw,out.qoi.median_daily_peak_may..kw,out.qoi.median_daily_peak_nov..kw,out.qoi.median_daily_peak_oct..kw,out.qoi.median_daily_peak_sep..kw,out.qoi.minimum_daily_peak_apr..kw,out.qoi.minimum_daily_peak_aug..kw,out.qoi.minimum_daily_peak_dec..kw,out.qoi.minimum_daily_peak_feb..kw,out.qoi.minimum_daily_peak_jan..kw,out.qoi.minimum_daily_peak_jul..kw,out.qoi.minimum_daily_peak_jun..kw,out.qoi.minimum_daily_peak_mar..kw,out.qoi.minimum_daily_peak_may..kw,out.qoi.minimum_daily_peak_nov..kw,out.qoi.minimum_daily_peak_oct..kw,out.qoi.minimum_daily_peak_sep..kw,Folder_File,State
184142,0,17500.0,Cold,MT,Montana,,Outpatient,Healthcare,10001_25000,NaturalGas,Zone-by-Zone,DOAS+Zone terminal equipment_Boiler _WCC,WCC,Boiler ,default_nochange,DOAS with fan coil chiller with boiler,DOAS+Zone terminal equipment,gen2_t8_halogen,2,2,1966,0.0,0.0,0.0,0.0,0.0,0.0,36063.8888888889,15563.888888888889,57175.0,2680.555555555556,1058.3333333333333,0.0,114355.55555555556,39063.88888888889,27966.666666666668,0.0,23069.28439089007,26668.90944349465,24569.27992515824,293925.00000000006,22520.0788011204,24804.71338071838,27753.16386715556,23806.964026198315,23638.555490930947,25023.24115363921,23662.3147725746,24594.55247281586,23814.966949031128,0.0,188408.3333333333,18997.22222222222,221738.88888888888,14336.11111111111,0.0,0.0,0.0,0.0,515663.8888888889,86.60707000000001,70.19446609316147,81.93830497169577,68.33363073587398,67.27537432767897,68.03907867449112,85.32029003003733,78.00520079037682,68.09149211196423,76.55128765456293,69.06580114456547,70.39910532835223,77.51754113354586,67.16840657921526,72.79566793978607,67.5694867396316,65.68823124612112,66.7967642878959,76.25539719229744,71.41202395806856,66.54936614585887,71.09015597170875,67.78416116566163,68.29564045676243,69.70417950361067,21.12230609326033,25.990061506848857,24.18084730184659,24.25871098786581,24.18214330085969,32.21662180518136,21.29208527375577,23.44904937713348,23.70306432931553,23.214610369443747,23.02722711693382,22.29502034706596,Metadata_MT_Commercial_MT_baseline_metadata_and_annual_results.csv,MT
184473,0,350000.0,Cold,MT,Montana,,Hospital,Healthcare,200001_500000,DistrictHeating,Multizone CAV/VAV,Central Multi-zone VAV RTU_District_ACC,ACC,District,default_nochange,VAV air-cooled chiller with district hot water reheat,Central Multi-zone VAV RTU,gen4_led,2,2,1977,0.0,0.0,0.0,9727397.22222222,10476477.777777776,749080.5555555555,854341.6666666666,107308.33333333331,670761.1111111111,0.0,0.0,0.0,2574686.111111111,620733.3333333334,159333.33333333334,35794.444444444445,578228.6452896144,541288.953736566,343403.86050610105,5022958.333333333,312762.4895550141,344768.60171661177,599046.4371083102,438226.946801286,347788.4532338007,448178.60317780246,333315.0032876731,345597.30514182633,390352.7090976283,0.0,0.0,44944.44444444444,44944.44444444444,0.0,0.0,0.0,0.0,0.0,15544383.333333334,1855.44492,1322.4662539056883,1754.08436084919,887.2923763039004,893.5751124963331,885.8667818237047,1663.50047175506,1401.986575930753,892.1229851382258,1412.02282484073,883.4617073903065,886.3630414971967,1406.3761824188068,1297.7511627362464,1349.3563687598742,879.9291752843594,881.3222164296205,879.8827675456195,1487.8609941729198,1149.227513489844,878.7224506991649,1019.166539729096,879.8141045499071,879.805996524034,999.2355752143652,884.6767906192746,721.3045616478645,562.8904378034879,565.6524016673844,563.297883542228,885.6923369772433,559.5150685498209,562.6913271087541,839.8195672719085,561.394459323427,561.272727051854,558.7983661687088,Metadata_MT_Commercial_MT_baseline_metadata_and_annual_results.csv,MT
184709,0,350000.0,Cold,MT,Montana,,Hospital,Healthcare,200001_500000,NaturalGas,Multizone CAV/VAV,Central Multi-zone VAV RTU_Boiler _WCC,WCC,Boiler ,default_nochange,VAV chiller with gas boiler reheat,Central Multi-zone VAV RTU,gen2_t8_halogen,3,3,2005,0.0,0.0,0.0,0.0,0.0,0.0,562655.5555555556,80177.77777777778,1133133.3333333333,0.0,21622.222222222223,0.0,2648102.777777777,1099130.5555555555,151186.1111111111,35658.333333333336,463801.7655280684,610207.264766251,453332.37405264215,6053927.777777778,410522.48401895625,456049.7109744762,634876.1860661525,558267.1290599696,454971.1828394896,566789.5669390445,440306.1353667315,475435.0999130983,529368.2983882794,322261.1111111111,3264763.8888888885,423950.0,4217227.777777777,528516.6666666665,0.0,0.0,0.0,0.0,10271155.555555554,1542.1993,1378.180167956717,1475.242298956702,1107.6212150541685,1146.425382665544,1097.2005756858398,1498.9903532761086,1443.8429106914243,1169.017267317105,1406.7917542758928,1091.274073055582,1333.1149837534715,1429.712499382548,1098.4932004038687,1370.463558531917,1082.3341466117429,1082.1682301632711,1084.441645057697,1442.2254835145247,1349.8742361720972,1087.8643222684311,1338.661574214291,1082.375672103644,1094.7414170749655,1340.2368965973174,701.443785118748,943.0629818538408,695.3448789045563,692.4434527319423,693.0632340085814,1017.5074403537952,777.4427997967506,695.2983242123855,972.894525141104,693.3408564211662,693.5370829704011,692.7735783609047,Metadata_MT_Commercial_MT_baseline_metadata_and_annual_results.csv,MT
184844,0,350000.0,Cold,MT,Montana,,Hospital,Healthcare,200001_500000,NaturalGas,Multizone CAV/VAV,Central Multi-zone VAV RTU_Boiler _WCC,WCC,Boiler ,default_nochange,VAV chiller with gas boiler reheat,Central Multi-zone VAV RTU,gen2_t8_halogen,1,1,1982,0.0,0.0,0.0,0.0,0.0,0.0,681266.6666666666,169511.1111111111,1195666.6666666665,0.0,22144.444444444445,0.0,2302600.0000000005,1195249.9999999998,159269.44444444444,35819.44444444444,455750.0728196571,595620.162620981,446176.9265107264,6098125.0,560960.0574385914,454898.5694450233,624792.3089144834,557244.735695325,443614.08405148087,561532.5007133395,431753.8992623468,461708.9929036343,504073.9396632171,336594.44444444444,3790538.888888889,127005.55555555552,4440211.11111111,522669.4444444445,0.0,0.0,0.0,0.0,10538336.111111112,1570.00599,1355.5154740346857,1518.3579555970102,1061.6254628323215,1314.9836219651525,1297.6659876534893,1560.8121589510242,1463.879852011581,1089.2148824223937,1435.7603845853423,1074.1401136890115,1280.233640675744,1400.6509851253825,1057.9101660267258,1355.2945965730628,1046.875522186107,1292.2488270410695,1049.3434085905938,1467.6732772214875,1330.6520393965625,1053.023755290909,1316.1829871390614,1046.8982637645715,1051.1257096105285,1309.7507832815872,692.4225215729467,948.066107844043,688.0829540412343,932.7285262413644,689.6242827339155,1007.1396883683876,850.5919457159574,691.1684490901879,975.0141476695978,689.1645842362268,687.8701781748387,697.3889625545049,Metadata_MT_Commercial_MT_baseline_metadata_and_annual_results.csv,MT
184940,0,350000.0,Cold,MT,Montana,,Hospital,Healthcare,200001_500000,NaturalGas,Multizone CAV/VAV,Central Multi-zone VAV RTU_Boiler _WCC,WCC,Boiler ,default_nochange,VAV chiller with gas boiler reheat,Central Multi-zone VAV RTU,gen2_t8_halogen,2,2,1977,0.0,0.0,0.0,0.0,0.0,0.0,327733.3333333333,119891.66666666669,675677.7777777778,39900.0,12661.111111111111,0.0,2357480.5555555555,1162913.8888888888,211800.0,35555.555555555555,403940.95431736455,529817.1294502853,405267.6689205882,5274091.666666667,369379.5232918521,408409.710704852,562353.7638331434,469259.7780761016,407605.4512375792,483531.64743003785,393094.044909934,408753.86383638985,432677.74487608246,330477.7777777778,11397236.111111108,81797.2222222222,12001708.333333332,522675.0,0.0,0.0,0.0,0.0,17275800.0,1570.4098,1312.9599064483969,1492.3999682905687,1090.803699412658,1095.940732988767,1066.2039812869727,1512.4053437896423,1413.5024470182366,1095.789527979435,1421.334212398037,1094.830121390004,1095.741335353169,1391.710181391068,1047.0066836371202,1363.7137465480785,1021.323398625983,1024.5596164886642,1022.9965139155222,1435.3620736250668,1252.2976559197418,1058.762794180775,1098.9427600241472,1018.812910203419,1053.5147169289346,1108.1322578100549,608.6544132445389,752.944819894787,607.1777351597142,609.2176414229206,609.3794318111168,937.9557961659104,605.8775132751754,611.89090995833,893.9721277753589,609.2006565522896,614.6846533794634,632.465530976791,Metadata_MT_Commercial_MT_baseline_metadata_and_annual_results.csv,MT
184105,0,3000.0,Cold,MT,Montana,,Warehouse,Warehouse and Storage,1001_5000,NaturalGas,Small Packaged Unit,Central Single-zone RTU_Furnace_DX,DX,Furnace,night_fancycle_vent,PSZ-AC with gas coil,Central Single-zone RTU,gen3_t5_cfl,1,1,2005,0.0,0.0,0.0,0.0,0.0,0.0,666.6666666666666,6025.0,1269.4444444444446,0.0,0.0,0.0,7780.555555555557,3350.0,0.0,0.0,1457.5888147004116,1685.583818904385,1783.9783674216185,19091.666666666668,1566.128358847486,1773.1882221143055,1784.6265858418858,1289.9958857620388,1570.2400525227094,1413.5624051044526,1655.6733951654976,1613.856277881655,1496.5636018833427,0.0,48577.77777777777,0.0,48577.77777777777,0.0,0.0,0.0,0.0,0.0,67669.44444444444,5.93311,3.382225445988329,5.708478610997434,4.404935023945544,4.258813413304822,4.382713140910339,5.308866530119307,3.5392830689620403,4.285542267705176,3.7643314619139816,4.252989746702864,4.219356153154009,4.542311400313091,3.269894894525,3.3964720712948897,4.257227613116621,3.69552525788401,4.25245985733045,4.63931658419776,3.2704691870032088,3.3350121886464903,3.225712723054284,3.5857845610061085,3.8743127156899457,3.354092981633228,2.046985680217481,2.014274727589522,2.210616842130833,2.1879751949909965,2.201454238682005,2.115364460078411,2.014274727589522,2.2052932527767046,2.014274727589522,2.128425048791354,2.0934212568185875,2.014274727589522,Metadata_MT_Commercial_MT_baseline_metadata_and_annual_results.csv,MT
184106,0,37500.0,Cold,MT,Montana,,Warehouse,Warehouse and Storage,25001_50000,NaturalGas,Small Packaged Unit,Central Single-zone RTU_Furnace_DX,DX,Furnace,night_fanon_vent,PSZ-AC with gas coil,Central Single-zone RTU,gen2_t8_halogen,1,1,1967,0.0,0.0,0.0,0.0,0.0,0.0,4236.111111111111,29800.0,42858.333333333336,0.0,0.0,0.0,97241.66666666669,42169.444444444445,0.0,0.0,17328.94464304516,18670.60359838074,18877.876319898663,216305.5555555556,16726.087096263953,19042.5268334214,19332.88613108079,16517.1670974953,17821.611638132756,17875.557675833566,18004.777763765513,18609.99443807409,17498.769076591016,0.0,216272.22222222225,0.0,216272.22222222225,0.0,0.0,0.0,0.0,0.0,432580.5555555556,55.4677,44.01219594338101,55.443962889592434,44.78396992855854,42.81506294185,44.78396992855854,52.97812749213752,44.65673899378184,42.86610997376584,44.78400277827463,42.97119817207636,43.576894388011496,46.20128425016168,42.71509111026346,44.333849713607,42.97403037491329,42.71509111026346,42.97403037491329,48.92655630727388,43.841675275532026,42.70561623411834,43.53730265209029,42.71509111026346,42.97403037491329,43.79796404336524,19.57361534448924,19.623353464361763,19.80115408950173,19.80115408950173,19.80115408950173,20.56007072752475,19.58085007680444,19.80115408950173,19.69026221198306,19.80115408950173,19.70118225791518,19.5732084482801,Metadata_MT_Commercial_MT_baseline_metadata_and_annual_results.csv,MT
184107,0,17500.0,Cold,MT,Montana,,Warehouse,Warehouse and Storage,10001_25000,NaturalGas,Small Packaged Unit,Central Single-zone RTU_Furnace_DX,DX,Furnace,night_fancycle_novent,PSZ-AC with gas coil,Central Single-zone RTU,gen1_t12_incandescent,1,1,1993,0.0,0.0,0.0,0.0,0.0,0.0,1116.6666666666663,21855.555555555555,2802.777777777778,0.0,0.0,0.0,41400.0,35150.0,0.0,0.0,8173.936063143118,8584.416629594898,9298.56017583894,102325.0,8249.037756976417,9360.02950849825,8778.383677624737,7414.677494751654,8542.950809864076,8139.899531553747,8768.37109386281,8879.134274237997,8136.214740179689,0.0,112844.44444444444,0.0,112844.44444444444,0.0,0.0,0.0,0.0,0.0,215169.44444444444,30.07477,24.894773519823843,29.98140657020709,24.850308972584607,24.957693882882364,24.801676593303355,29.23092132941477,25.0711820579052,24.79025653907,25.007667321381017,24.72743599447724,24.55809874416185,25.67029942559349,24.472505109341256,25.09300602966708,24.643519718538087,24.671641493385188,24.638743100170405,26.5937604699691,24.578548125016447,24.576209066169213,24.47090533735744,24.59903297308454,24.47810448956692,24.698335923715128,9.5205501806494,9.469535260217476,9.862683097871017,9.976082667021531,9.80458070988973,9.490786294372109,9.469535260217476,9.843625920564191,9.469535260217476,9.728980356909132,9.596010946037485,9.469535260217476,Metadata_MT_Commercial_MT_baseline_metadata_and_annual_results.csv,MT
184108,0,1000.0,Cold,MT,Montana,strip_mall_restaurant10,RetailStripmall,Mercantile,_1000,Electricity,Multizone CAV/VAV,Central Multi-zone VAV RTU_Furnace_DX,DX,Furnace,night_fancycle_vent,PVAV with gas heat with electric reheat,Central Multi-zone VAV RTU,gen1_t12_incandescent,1,1,1984,0.0,0.0,0.0,0.0,0.0,0.0,1388.888888888889,3519.4444444444443,3830.555555555556,0.0,0.0,10208.333333333334,1930.555555555556,7800.0,0.0,0.0,2394.0451023860883,2167.348997157389,4021.8212124774873,32388.88888888889,4242.471428575744,3700.292164315886,2309.08797278917,1750.9939783985055,2982.670996367724,1848.09173306384,3024.735198477325,2091.7800388747264,1855.408846492492,3708.3333333333335,18177.777777777774,0.0,20916.666666666664,2738.8888888888887,0.0,0.0,0.0,0.0,53305.55555555556,17.50864,11.892162675994737,6.7346901639010985,15.395763156626389,15.937720894706342,14.519098529533888,7.585746682177071,5.117886045609178,11.310199048019408,6.278746387064204,11.425407377449304,8.0198506839795,6.317502770222992,6.746693630219857,5.324458444522669,9.94820374141648,11.309774719781885,9.661005953849878,6.513551823969756,4.351191183829409,8.508480109417077,4.286023162620909,8.386973080851208,4.843975458164362,4.256832566794262,3.6464051151057126,4.03222744971742,7.0875541519381855,6.846970622812018,6.445844065148544,3.567272102393742,3.4636604820442978,5.459240493602207,3.493609715692159,4.839448872127017,3.48895584771605,3.485330832299546,Metadata_MT_Commercial_MT_baseline_metadata_and_annual_results.csv,MT
184112,0,7500.0,Cold,MT,Montana,,RetailStandalone,Mercantile,5001_10000,NaturalGas,Small Packaged Unit,Central Single-zone RTU_Furnace_DX,DX,Furnace,night_fancycle_novent,PSZ-AC with gas coil,Central Single-zone RTU,gen2_t8_halogen,1,1,1985,0.0,0.0,0.0,0.0,0.0,0.0,8608.333333333334,12325.0,19791.666666666668,0.0,0.0,0.0,17075.0,39522.22222222223,0.0,0.0,7202.919335562157,9826.387092179712,7833.369905751686,97325.0,7006.038031004885,7809.0392099028495,10696.441299971386,8044.57319915537,7457.429731879954,8243.697332533486,7497.945216162368,7605.18616221865,8101.226601678144,0.0,99511.1111111111,0.0,99511.1111111111,0.0,0.0,0.0,0.0,0.0,196836.1111111111,29.36006,18.08129191099384,29.108893326622347,15.336068822236252,15.33596888232801,15.335669062603284,25.65875768733415,21.965931404730625,15.321080607088502,20.541708614283788,15.335669062603284,15.608852401251792,22.77751167310575,12.788554520019682,21.37248404794356,14.509402267596297,13.802954156391475,14.509402267596297,23.49242941413875,18.058005445975507,13.09650604518666,16.957252384184002,13.802954156391475,14.50843247540808,16.461586998440175,12.48017072954705,13.19108364350542,14.509402267596297,12.481312753357082,14.509402267596297,13.799491776799949,12.531055510786118,12.480742720801835,12.71997643212417,12.481312753357082,12.48017072954705,12.481312753357082,Metadata_MT_Commercial_MT_baseline_metadata_and_annual_results.csv,MT
184113,0,3000.0,Cold,MT,Montana,,SmallOffice,Office,1001_5000,NaturalGas,Small Packaged Unit,Central Single-zone RTU_Furnace_DX,DX,Furnace,night_fancycle_vent,PSZ-AC with gas coil,Central Single-zone RTU,gen5_led,1,1,1956,0.0,0.0,0.0,0.0,0.0,0.0,1138.8888888888887,3361.111111111111,4350.0,0.0,0.0,0.0,10519.444444444443,3655.555555555556,0.0,0.0,1945.0076672019204,2341.296583128485,2148.0889341387806,25025.0,1932.9126796865896,2168.3164258409074,2536.236305526211,1845.7433240529965,2016.4160105550773,2000.14779634402,2032.712789511237,2057.304852552635,2002.1615256518644,2000.0,29222.22222222222,0.0,29222.22222222222,0.0,0.0,0.0,0.0,0.0,54247.22222222223,7.501600000000001,5.34069383436553,7.315336221668496,5.34069383436553,5.34069383436553,5.34069383436553,7.219326210485426,6.107195114070511,5.34069383436553,6.246956428498603,5.34069383436553,5.34069383436553,6.566270884337819,5.34069383436553,5.6865393674886455,5.331369489810334,5.3164933313397045,5.3164933313397045,6.806280621223164,5.34069383436553,5.3164933313397045,5.34069383436553,5.3164933313397045,5.3164933313397045,5.323734776239264,2.0013701436695506,2.0700099140732524,2.7819883659664773,2.469866735969962,2.771955016378081,3.118562593840258,2.0007382302991874,2.4238878236453707,2.0007382302991874,2.406345771941085,2.460853762717845,2.262732785272919,Metadata_MT_Commercial_MT_baseline_metadata_and_annual_results.csv,MT
184115,0,75000.0,Cold,MT,Montana,mediumoffice_nodatacenter,MediumOffice,Office,50001_100000,Electricity,Multizone CAV/VAV,Central Multi-zone VAV RTU_Furnace_DX,DX,Furnace,night_fancycle_vent,PVAV with gas heat with electric reheat,Central Multi-zone VAV RTU,gen1_t12_incandescent,1,1,1954,0.0,0.0,0.0,0.0,0.0,0.0,96794.44444444444,60469.44444444445,94597.22222222222,0.0,0.0,615955.5555555556,512361.1111111111,173452.77777777778,11.11111111111111,0.0,108751.14565628828,100929.8774385618,178527.03572327926,1573791.6666666667,229829.20983171955,194019.77539120964,117261.4737222825,88894.85163156012,137605.81177089387,88412.30224211873,143720.00138931282,99258.32098374255,86581.13388283656,20150.0,87861.1111111111,0.0,87861.1111111111,0.0,0.0,0.0,0.0,0.0,1661652.7777777778,683.10244,463.1765815444136,364.8588235398077,673.4710771903871,672.8792049410391,593.2477579033776,363.8876508759275,337.44915349016,447.4898986128944,322.07424777720064,469.94266759625685,362.1348543523941,325.09525362773684,212.3109738030182,247.56655756608328,316.2782156054544,492.6881364611218,360.01903790473744,332.0894565859436,212.10301670450497,281.5930683109065,209.0288811578951,276.7705257761502,214.6409476779052,180.2044278939931,92.75625734638456,88.59019938890779,240.0988208505821,278.8138137727741,215.06487292939863,110.48308043542308,88.59019938890779,185.3205761604069,96.1747607430031,153.40306888290547,105.66818059248229,93.28840102210673,Metadata_MT_Commercial_MT_baseline_metadata_and_annual_results.csv,MT
184116,0,7500.0,Cold,MT,Montana,,LargeHotel,Lodging,5001_10000,DistrictHeating,Zone-by-Zone,DOAS+Zone terminal equipment_District_District,District,District,default_nochange,DOAS with fan coil district chilled water with district hot water,DOAS+Zone terminal equipment,gen4_led,9,9,1900,38058.33333333332,38058.33333333332,0.0,164694.44444444444,204855.5555555556,40161.11111111111,0.0,14233.333333333334,25350.0,0.0,0.0,0.0,35588.88888888889,4850.0,3155.555555555556,16783.333333333332,7827.50985917604,8248.711899553226,9286.159085390784,99958.33333333331,8272.91974756236,9116.84550416508,8438.37472941461,7494.62798172682,8541.07207623833,7759.938509300318,8755.042574841164,8435.309700734924,7781.933117168815,0.0,0.0,9119.444444444443,9119.444444444443,0.0,0.0,0.0,0.0,0.0,351991.6666666667,17.76219,15.69589439439627,17.490177023520552,17.003713282748812,17.08844460228085,16.461448374743608,16.126417027002788,14.60783816554471,16.18004491421447,15.158075669631277,16.59115746610566,15.600861999050055,15.600463062112643,14.383891016629567,13.60265169055523,15.549827206705618,15.815005660900948,15.424500623794357,13.892045244582494,13.119557546257337,15.191203395460956,13.067150663477896,15.461816398841243,15.005115660877328,14.35099541875176,12.912574576081722,13.109732995699888,15.229950314959073,15.014958528410126,14.990331968620556,12.744428296877404,12.698436193380852,14.822695496601629,12.699996341157467,14.925665668783472,14.48698070813693,13.900392456511367,Metadata_MT_Commercial_MT_baseline_metadata_and_annual_results.csv,MT
184120,0,17500.0,Cold,MT,Montana,,SmallOffice,Office,10001_25000,NaturalGas,Small Packaged Unit,Central Single-zone RTU_Furnace_DX,DX,Furnace,night_fanon_vent,PSZ-AC with gas coil,Central Single-zone RTU,gen2_t8_halogen,1,1,1948,0.0,0.0,0.0,0.0,0.0,0.0,5238.888888888889,12630.555555555557,82747.22222222222,0.0,0.0,0.0,74686.11111111111,24161.11111111112,2.7777777777777777,0.0,16404.93335952462,18294.124016262143,17251.644808911606,204916.66666666663,15484.092981697404,17385.458430762195,19616.83182097664,16289.058755550886,16826.08040437432,16911.84213802128,16572.611536121225,17192.550813481197,16688.668733618135,5452.777777777778,110211.1111111111,0.0,110211.1111111111,0.0,0.0,0.0,0.0,0.0,315127.7777777777,49.51882,33.355737408873225,41.391782778298825,33.34656377940404,33.346850620301915,33.36513644900221,46.49030698468922,35.01904345628975,33.36290741029724,33.31726451456507,33.1871284616382,32.86987646538516,35.670683865140155,33.01805204773057,32.75089186196032,32.93089412259376,33.21000635818872,33.23896224763488,37.23251706899114,32.8319014652599,33.22182919199202,32.909707338707186,32.834064645237504,32.77649977709972,32.74901098922767,20.18264892699927,20.45698405816768,20.204432742070388,20.18380774802826,20.2980741129182,23.19976601550748,20.18264892699927,20.19386379857421,20.18264892699927,20.18264892699927,20.234508376313386,20.40006217500345,Metadata_MT_Commercial_MT_baseline_metadata_and_annual_results.csv,MT
184121,0,37500.0,Cold,MT,Montana,largeoffice_nodatacenter,LargeOffice,Office,25001_50000,NaturalGas,Multizone CAV/VAV,Central Multi-zone VAV RTU_Boiler _ACC,ACC,Boiler ,night_fancycle_vent,VAV air-cooled chiller with gas boiler reheat,Central Multi-zone VAV RTU,gen2_t8_halogen,7,7,1937,0.0,0.0,0.0,0.0,0.0,0.0,64158.333333333336,16425.0,118744.44444444444,0.0,0.0,0.0,88986.11111111111,82247.22222222222,10383.333333333334,0.0,26938.48006443544,42736.54817964445,27623.72908947375,380944.4444444445,24951.58518868952,27564.18287964536,48404.282621638304,34359.10335633866,25590.88896050274,35867.578115646844,25963.10902168764,28073.942712627155,32870.248086631684,0.0,379080.5555555555,0.0,387963.8888888889,8883.333333333332,0.0,0.0,0.0,0.0,768905.5555555556,128.99787,88.61312461454084,113.30793887243682,75.33645489671945,74.77904183728548,75.09389417882971,104.61634695343524,100.6190068119892,74.8190744051468,100.79596494884602,78.84716676190924,82.27174083445894,95.69374332353529,71.3026291916286,95.65004810740224,74.77320239079096,73.21784274108714,74.67765375552486,100.84324873716712,92.00205042647926,72.4910561068038,88.03929609892849,72.878559492058,73.54329163155943,80.1845512170579,23.422793690872474,23.422793690872474,28.3970474862544,25.06371803693093,25.9736696253568,59.34106177363455,23.422793690872474,27.50049714771249,43.28563615427087,23.422793690872474,23.422793690872474,27.32202557593601,Metadata_MT_Commercial_MT_baseline_metadata_and_annual_results.csv,MT
184122,0,7500.0,Cold,MT,Montana,,SmallOffice,Office,5001_10000,NaturalGas,Small Packaged Unit,Central Single-zone RTU_Furnace_DX,DX,Furnace,night_fanon_vent,PSZ-AC with gas coil,Central Single-zone RTU,gen5_led,1,1,1987,0.0,0.0,0.0,0.0,0.0,0.0,4361.111111111111,8636.111111111111,21194.444444444445,0.0,0.0,0.0,32761.11111111112,9691.666666666666,0.0,0.0,6251.892428382264,7567.666870443022,6691.811884694758,80533.33333333333,5965.492579453571,6743.514347312124,8087.867008595676,6323.04078444788,6419.068043596372,6674.765408060061,6396.262267295612,6611.617319769158,6800.655657948334,3886.1111111111113,74816.66666666666,0.0,74816.66666666666,0.0,0.0,0.0,0.0,0.0,155352.77777777778,19.82039,12.297558015036754,19.547465907334747,12.594594464028589,12.381093533317046,12.601234247656752,18.29334583945146,14.779340720378304,12.333133700609404,14.351629378110983,12.526476480578172,12.460819313112223,16.119566673374173,11.544830796118095,13.38616561287478,12.292001790789426,12.220421926879784,12.298035645310406,16.272213168834764,11.317861251138616,12.233734859083787,11.363615811706897,12.193659329836528,12.07569372055601,12.364504677248018,7.564039382983134,7.85002344598213,7.839378874493198,7.857732249072074,7.85771811219744,8.574202737034174,7.857718464758043,7.791857543107995,7.715352085459842,7.857728713644449,7.7888769984969315,7.7153464071748195,Metadata_MT_Commercial_MT_baseline_metadata_and_annual_results.csv,MT
184123,0,7500.0,Cold,MT,Montana,,FullServiceRestaurant,Food Service,5001_10000,NaturalGas,Small Packaged Unit,Central Single-zone RTU_Furnace_DX,DX,Furnace,night_fancycle_novent,PSZ-AC with gas coil,Central Single-zone RTU,gen4_led,2,2,1929,0.0,0.0,0.0,0.0,0.0,0.0,25705.555555555555,6800.0,87627.77777777778,0.0,0.0,0.0,81475.0,16238.888888888889,0.0,13069.444444444443,35333.344269775684,38448.59318328793,35520.773494933914,431513.8888888889,32650.015065645,36191.40859400432,40833.37218649522,35950.91230430195,35997.51449870795,37059.78313447776,33881.822298613115,34902.1324826992,34744.202683746975,200597.22222222225,263738.8888888889,433694.4444444444,697433.3333333333,0.0,0.0,0.0,0.0,0.0,1128947.2222222222,119.47698,94.718245865613,115.79573550717367,80.87162306491011,80.85602415566515,81.7921595603583,110.75176856535882,101.46557661550146,80.94125681487432,92.81013029825992,81.05236185757876,84.40413231253211,100.69127886664192,80.88227941502032,92.7626645290826,79.62166911131146,78.50852879344427,80.03874594345254,102.0425298179144,87.87205663035502,79.37007477737119,86.3726373843962,79.54741361238908,78.51680185629958,85.18537688651116,78.01301397637306,75.79974295789728,76.00175848990169,76.26582571060044,78.10989109321143,79.17686531081316,75.14085708091305,76.24696893273511,77.85959324246924,74.50600045508145,73.24284874055711,73.24213440974266,Metadata_MT_Commercial_MT_baseline_metadata_and_annual_results.csv,MT
184124,0,37500.0,Cold,MT,Montana,,SmallHotel,Lodging,25001_50000,Electricity,Small Packaged Unit,Central Single-zone RTU_ASHP_ASHP,ASHP,ASHP,default_nochange,PSZ-HP,Central Single-zone RTU,gen2_t8_halogen,1,1,2002,0.0,0.0,0.0,0.0,0.0,0.0,53341.66666666666,60575.0,110816.66666666669,0.0,0.0,112463.8888888889,255155.5555555556,140083.33333333334,50.0,0.0,69430.02465077689,74956.32482992281,95842.59997218694,936775.0,92113.2949245316,89896.57495331994,77236.10605703865,69468.38377089125,76858.3793118749,72117.19987604492,80588.54274938692,69851.64859403399,68415.23400187277,204288.8888888889,0.0,130041.66666666666,130041.66666666666,0.0,0.0,0.0,0.0,0.0,1066816.6666666667,264.69334000000003,136.50281580998393,133.26700703068437,258.5463366720011,260.19248255841103,248.7453084387048,129.41995760174444,120.36758297965336,154.97951537367032,123.7498276824562,158.9856966692498,123.65404110921438,124.94841470162162,118.3430476836333,121.16824941433934,146.07351410746674,158.77502526927435,137.2256959427527,123.2853272713117,115.7106405345739,126.8287928784587,116.36235499811316,139.87869109242905,114.31693074939108,113.34204493281064,110.39032405223053,110.23403308558028,129.381778473665,118.98716733069809,128.35045008188638,107.7283304556174,109.65458150172708,112.70136705334085,109.53254241619804,108.89147355718292,108.72371447879662,108.12944473625458,Metadata_MT_Commercial_MT_baseline_metadata_and_annual_results.csv,MT
184126,0,17500.0,Cold,MT,Montana,,SmallOffice,Office,10001_25000,NaturalGas,Multizone CAV/VAV,Central Multi-zone VAV RTU_Boiler _WCC,WCC,Boiler ,night_fanon_vent,VAV chiller with gas boiler reheat,Central Multi-zone VAV RTU,gen4_led,2,2,2012,0.0,0.0,0.0,0.0,0.0,0.0,13816.666666666666,9299.999999999998,12405.555555555557,0.0,697.2222222222223,0.0,76144.44444444445,15527.77777777778,6786.111111111111,0.0,10428.547586762756,14576.62129148848,10575.22078349572,140236.1111111111,9584.29807986166,10730.153525387865,15534.197786273367,12930.692266666863,10155.474696651954,12798.88973460339,10082.4930149006,10842.225103489756,11998.018708066093,5561.111111111111,178338.88888888888,0.0,178338.88888888888,0.0,0.0,0.0,0.0,0.0,318575.0,37.98467,27.465036763748227,36.00349814587258,22.61853474740724,22.612354624782668,22.679371452096667,34.97241259952937,30.2174961299186,24.12110403768994,29.8770198479202,26.100651351837275,25.964982609930352,30.58213862045735,22.09804490892462,28.777031449032897,22.07767500751569,22.395472375621985,22.26318904092689,31.20782572598435,27.91797514667174,22.05675518748961,27.70158043517148,21.88824047241633,21.649545759830893,25.783036986249787,11.717797768062796,17.25198555835477,11.658213043852564,11.719554040893469,11.727379433800037,18.422196889015623,13.788894126104086,11.555838045706372,12.678064906768336,11.472703220243304,11.457079745794331,11.548453721946151,Metadata_MT_Commercial_MT_baseline_metadata_and_annual_results.csv,MT
184127,0,17500.0,Cold,MT,Montana,,SmallOffice,Office,10001_25000,Propane,Small Packaged Unit,Central Single-zone RTU_Furnace_DX,DX,Furnace,night_fancycle_vent,PSZ-AC with gas coil,Central Single-zone RTU,gen2_t8_halogen,1,1,1995,0.0,0.0,0.0,0.0,0.0,0.0,14366.666666666666,17111.111111111113,45877.777777777774,0.0,0.0,0.0,118711.11111111112,57613.88888888889,2.7777777777777777,0.0,20322.4436927038,24915.20296795778,21558.97347764868,261877.7777777778,19581.636670588105,21827.023512532727,26917.111791752224,20939.39143982322,20503.76739066928,22347.27767431616,20493.12143673897,21234.430643185915,21238.064885757067,8197.222222222223,0.0,0.0,0.0,0.0,0.0,142433.33333333334,142433.33333333334,0.0,404311.1111111111,65.8402,48.264872654649146,64.41023539103972,41.90375026006638,41.530376020984434,41.896632661189166,62.60967753106658,54.36731238276562,41.14976552852615,53.29526252039807,43.466698833661134,42.43383339115767,56.01847533959936,40.36537992730822,50.09177682154595,41.8098905227355,41.41493311179615,41.5226262377621,56.15303513334782,44.40443367104138,40.76463501008736,41.26968752403516,41.77513377867382,40.832430182794894,42.85070517276611,21.26608393560917,25.915986275914115,17.184641569530353,16.49177021478004,16.792260082532742,28.931005612948187,21.26608393560917,17.54787825130965,21.26608393560917,17.006263596504727,21.26608393560917,21.26608393560917,Metadata_MT_Commercial_MT_baseline_metadata_and_annual_results.csv,MT
184128,0,17500.0,Cold,MT,Montana,strip_mall_restaurant10,RetailStripmall,Mercantile,10001_25000,NaturalGas,Residential Style Central Systems,Residential forced air_Furnace_DX,DX,Furnace,default_nochange,Residential AC with residential forced air furnace,Residential forced air,gen2_t8_halogen,1,1,1981,0.0,0.0,0.0,0.0,0.0,0.0,58200.0,24363.888888888887,61241.66666666666,0.0,0.0,0.0,52300.0,122538.8888888889,0.0,0.0,25726.620497883338,32353.77258488753,25690.79981151709,331161.1111111111,22526.70969700948,25546.28972882586,33370.91039350863,29378.41158696081,25689.515287895367,29352.76798062898,25294.551696363284,27491.28046995273,28738.56036188808,12513.888888888889,28175.0,216302.7777777777,298616.6666666666,54138.88888888888,0.0,0.0,0.0,0.0,629775.0,84.69658,64.9380298853328,81.29601929094484,59.32545810487743,55.96627383543024,57.40909229131754,77.87221848770146,71.3424510611299,55.68729740435637,68.6242158754665,58.68018246234498,64.24939624793917,72.51746185259795,54.82705853573684,67.56457409676739,54.78997860865767,53.29243602080867,54.38190738706822,69.82880694702278,62.48460482095782,53.01317116087001,61.843534280441226,55.76948295648336,58.27875515593398,61.538485032370495,47.58478569879575,54.580221626929344,51.50253964924342,49.83338325001096,52.097398592790725,62.46721988627169,54.48050559522613,49.35374674806321,52.87304380292904,52.52015813838294,52.16806428257484,53.08535612529468,Metadata_MT_Commercial_MT_baseline_metadata_and_annual_results.csv,MT
184130,0,1000.0,Cold,MT,Montana,strip_mall_restaurant20,RetailStripmall,Mercantile,_1000,NaturalGas,Residential Style Central Systems,Residential forced air_Furnace_DX,DX,Furnace,default_nochange,Residential AC with residential forced air furnace,Residential forced air,gen2_t8_halogen,1,1,1949,0.0,0.0,0.0,0.0,0.0,0.0,1277.7777777777778,3833.3333333333335,5725.0,0.0,0.0,0.0,1736.111111111111,5194.444444444444,0.0,0.0,1792.1995880359552,2127.147526943439,1965.8035285659084,23044.444444444445,1776.2715487579007,1973.0537932813625,2147.132805648122,1810.6116655376304,1881.8584329905968,1879.8727079877328,1876.2683291760447,1922.6014432425948,1892.8267636400903,5277.777777777778,28330.55555555555,0.0,36111.1111111111,7783.333333333333,0.0,0.0,0.0,0.0,59158.333333333336,11.10232,5.689507455578016,8.427979404004798,5.165781382803393,4.678175089221421,5.1303269368887285,7.158739093123268,6.021752600532249,4.623995838916969,5.718830203236998,5.1217661907413365,5.376392499471746,6.455122799290839,4.530045070411987,5.934808524448769,4.708747216470587,4.488825653540558,4.511969519053482,6.120461181580873,5.021207938042005,4.4943491318925055,4.995850114496183,4.590902950801695,4.523169623384004,4.889781753744242,3.997023397481275,4.508883757301779,3.920309756670462,3.980801084274514,3.980328421746522,4.892576600816726,3.977877817410433,3.980229070911324,3.89442982892808,3.977752543943119,3.944871534733944,3.97881378722304,Metadata_MT_Commercial_MT_baseline_metadata_and_annual_results.csv,MT
184131,0,17500.0,Cold,MT,Montana,strip_mall_restaurant30,RetailStripmall,Mercantile,10001_25000,NaturalGas,Residential Style Central Systems,Residential forced air_Furnace_DX,DX,Furnace,default_nochange,Residential AC with residential forced air furnace,Residential forced air,gen4_led,1,1,1933,0.0,0.0,0.0,0.0,0.0,0.0,20797.222222222223,31922.222222222223,62466.66666666666,0.0,0.0,0.0,86266.66666666667,53594.444444444445,0.0,0.0,27525.95277802337,31274.31673814704,28748.76612031859,345083.3333333333,25978.114898651416,28982.6918824519,31829.85733337728,28744.75234552524,28374.480127612973,29766.30825471472,27502.95708793797,28294.98382833492,28060.31495407371,90036.11111111111,57388.88888888888,23488.888888888887,80877.77777777777,0.0,0.0,0.0,0.0,0.0,425961.1111111111,107.46227,88.47667755077984,105.46921700334228,75.71102367702069,74.68294551388942,75.34624927210034,98.72098809837654,99.59908174221152,77.24359388265106,91.91971196243146,75.18411868237678,82.10333781597008,94.37604162458832,74.36316787384982,82.30338099238449,72.74609033591133,72.81864761334785,73.6249826176026,83.64194478934222,80.20281575720236,73.75909028758801,79.73501552165663,72.01006860120933,72.31171503404254,74.24530433192135,71.5802550699056,73.16844122563758,70.202950363418,71.4960445312925,72.00429718451954,76.62358041554641,74.69240446344442,70.89667456820489,75.5734617524193,69.44867556991984,69.76334489129206,70.81638026508186,Metadata_MT_Commercial_MT_baseline_metadata_and_annual_results.csv,MT
184133,0,7500.0,Cold,MT,Montana,strip_mall_restaurant30,RetailStripmall,Mercantile,5001_10000,NaturalGas,Small Packaged Unit,Central Single-zone RTU_Furnace_DX,DX,Furnace,night_fancycle_novent,PSZ-AC with gas coil,Central Single-zone RTU,gen4_led,2,2,1938,0.0,0.0,0.0,0.0,0.0,0.0,6072.222222222222,10347.222222222224,40925.0,0.0,0.0,0.0,92908.33333333331,37572.22222222222,0.0,0.0,15840.707328628996,18055.79405598072,16665.54579691078,199713.8888888889,15046.86929894448,16667.102440059305,19092.065793787395,16398.846162168782,16451.60690510377,16520.948620100044,16059.045720851442,16495.522528224403,16419.19725268343,11891.666666666666,114327.77777777777,31516.666666666664,205950.0,60105.55555555555,0.0,0.0,0.0,0.0,405663.8888888889,50.51264,38.36061127899177,49.55709227896151,34.87638843064359,33.7347078170507,34.87710649629913,47.28103546454427,42.86942260905115,32.709851384489994,40.34559549680109,35.03500158909056,36.78810587863504,43.15102895363416,31.091172542806955,38.06528041787418,32.13761744866907,31.16108578969244,31.30975275522643,39.93970027320671,34.34104853386105,31.242710075784395,32.40645794087677,31.51998093347457,31.24553859980142,33.06636017172092,30.28251511334221,30.589928497961424,31.10183714994062,30.24536444282868,30.746693017443423,31.0646773806165,30.17155073877539,30.28356589708562,30.66554902319089,30.82615258001085,30.197743220694345,30.60711361405116,Metadata_MT_Commercial_MT_baseline_metadata_and_annual_results.csv,MT
184134,0,37500.0,Cold,MT,Montana,strip_mall_restaurant30,RetailStripmall,Mercantile,25001_50000,NaturalGas,Residential Style Central Systems,Residential forced air_Furnace_DX,DX,Furnace,default_nochange,Residential AC with residential forced air furnace,Residential forced air,gen4_led,1,1,1962,0.0,0.0,0.0,0.0,0.0,0.0,63286.11111111112,46730.55555555556,152422.22222222222,0.0,0.0,0.0,56511.11111111111,111725.0,0.0,0.0,51897.78951086284,61521.00808539817,53587.25775178114,658175.0,48752.13435094194,54186.16630715332,62478.880767500144,58354.74231693431,53321.69821770491,58237.37703678272,50482.12902401638,52196.34086420901,53159.72117848587,227500.0,441713.8888888888,199683.3333333333,641394.4444444444,0.0,0.0,0.0,0.0,0.0,1299569.4444444447,227.91264,172.9527248961138,221.40629386358543,151.60244843549373,152.77054597149944,153.30191137912405,207.6795485811888,199.96911262990324,155.52276163807633,200.89236672266145,149.85023760313533,162.45037494872903,191.9936789783415,153.67469582169758,182.5588519074816,146.83500049470814,147.08700965924413,148.77145830889197,188.11341654727232,183.70646049726983,150.22478773813572,176.81397957894842,144.32898155014766,150.046630224798,166.60494876646598,145.4239344616618,158.41090671102663,142.37143500312487,143.34460975425526,143.75109989106338,175.66089774547473,166.57629414691576,146.40416067378507,152.87179343526648,138.36101086564625,138.95832844003863,139.48647582250223,Metadata_MT_Commercial_MT_baseline_metadata_and_annual_results.csv,MT
184135,0,150000.0,Cold,MT,Montana,largeoffice_nodatacenter,LargeOffice,Office,100001_200000,NaturalGas,Multizone CAV/VAV,Central Multi-zone VAV RTU_Boiler _WCC,WCC,Boiler ,night_fancycle_vent,VAV chiller with gas boiler reheat,Central Multi-zone VAV RTU,gen4_led,12,12,1923,0.0,0.0,0.0,0.0,0.0,0.0,280713.8888888889,36647.22222222223,514002.7777777778,0.0,14516.666666666666,0.0,989333.3333333334,169336.1111111111,59816.66666666666,0.0,153075.09191932823,226614.12022317812,143034.5669107347,2080130.555555556,134481.3006411276,145443.32460979075,250914.9737274029,209736.22780954395,137607.45385168598,202141.04714284203,137754.486104858,155237.69046798997,184090.05572922804,15763.888888888889,547341.6666666666,0.0,547341.6666666666,0.0,0.0,0.0,0.0,0.0,2627472.2222222225,606.13922,408.177919396612,572.7511265242798,387.079322703441,288.41225771131826,288.14625890238364,601.5876133832314,512.9799573131838,383.6869087232554,455.8670107474407,387.2431232202718,399.4284153875361,460.3402560357946,289.538320179954,428.6847645738901,287.4326600293145,287.7642267048301,287.6884637052188,478.6197017955101,407.55226643600656,287.64214925676475,403.4349788657027,287.60662879998506,287.3709864429956,391.76775841183775,187.14991019602948,248.2210632657793,121.6119137985664,154.72615356726067,121.34967514672404,289.0980540672668,211.56113584368205,151.05342375027732,135.067220997918,139.16910994613914,186.79690430215865,186.7997386326911,Metadata_MT_Commercial_MT_baseline_metadata_and_annual_results.csv,MT
184137,0,37500.0,Cold,MT,Montana,,SmallHotel,Lodging,25001_50000,Electricity,Zone-by-Zone,Zone terminal equipment_Electric Resistance_DX,DX,Electric Resistance,default_nochange,PTAC with electric coil,Zone terminal equipment,gen4_led,3,3,2007,0.0,0.0,0.0,0.0,0.0,0.0,73774.99999999999,34430.555555555555,48905.55555555556,0.0,0.0,64480.55555555556,264788.8888888889,46500.0,50.0,0.0,38693.0350160736,47433.80802675452,47386.50213379621,532930.5555555556,52233.57189519756,48509.430207370206,50833.33803518377,43132.68948837484,40820.755558393765,41798.85284654307,41859.61030191441,39333.40197904239,40896.5871425026,0.0,0.0,105747.22222222222,329374.99999999994,223627.7777777777,0.0,0.0,0.0,0.0,862308.3333333333,152.62562,96.63775645175816,99.57392357261487,140.0163359502166,151.85321778229994,119.9248836329322,97.2651345426645,91.0720450977951,88.32870684710298,83.40748053863503,94.34446416294944,77.48528955989559,81.70620141822381,67.5826592707156,78.32322735336196,76.10259929384006,106.08833040860266,80.54849806006123,86.41858044828682,77.89091906622417,70.61493733274573,73.80824753591132,71.47860927209915,64.97068209110053,69.23844127606591,60.58888419924413,65.3780582628229,63.67256675657814,73.98224481400962,67.4365451373188,74.70829453086226,63.939666839265705,64.46943820121244,61.63617015940788,63.26290288836539,61.34399478256617,62.28175965462533,Metadata_MT_Commercial_MT_baseline_metadata_and_annual_results.csv,MT
184138,0,75000.0,Cold,MT,Montana,strip_mall_restaurant10,RetailStripmall,Mercantile,50001_100000,NaturalGas,Residential Style Central Systems,Residential forced air_Furnace_DX,DX,Furnace,default_nochange,Residential AC with residential forced air furnace,Residential forced air,gen1_t12_incandescent,2,2,1976,0.0,0.0,0.0,0.0,0.0,0.0,302147.2222222222,57486.11111111112,573097.2222222222,0.0,0.0,0.0,157161.1111111111,586591.6666666666,0.0,0.0,136647.35771011875,170610.7148766261,129966.02641421952,1723608.3333333333,117870.05447973176,131891.97195110022,181938.73701750443,149373.32063954356,133464.85708706136,156420.70861890513,127179.77051248914,140116.7928353036,148127.4137174653,47127.777777777774,239644.4444444444,54924.99999999999,536919.4444444444,242350.0,0.0,0.0,0.0,0.0,2260527.777777777,574.05045,450.8699330125059,558.4287749525391,337.374248334337,343.7428979934717,338.8215921677121,527.1503321294745,462.2974880948936,368.5732005805253,460.1802070951774,349.0102014215312,392.53529694881206,469.8201181895113,349.4271288618167,433.3536360852208,324.3128134920865,322.2562655481731,330.36371152916246,483.1298985960793,397.9388849074165,339.3888099022162,384.3609172209087,327.6417334124534,349.25489072775736,396.6994304578619,312.4721107963987,336.236403174828,286.5691636748409,283.4573719725037,288.2448954829844,377.1049505899813,326.0049872989419,292.6903601905237,340.7710417917843,287.1258333903751,296.2800895966519,290.41018805745875,Metadata_MT_Commercial_MT_baseline_metadata_and_annual_results.csv,MT
184141,0,7500.0,Cold,MT,Montana,,SmallOffice,Office,5001_10000,NaturalGas,Residential Style Central Systems,Residential forced air_Furnace_DX,DX,Furnace,default_nochange,Residential AC with residential forced air furnace,Residential forced air,gen2_t8_halogen,2,2,1973,0.0,0.0,0.0,0.0,0.0,0.0,21277.777777777777,6669.444444444444,33647.222222222226,0.0,0.0,0.0,19166.666666666668,31363.88888888889,0.0,0.0,8258.306893722662,12540.46612321812,7790.858504462756,112127.77777777778,7195.033248155036,8079.384598194922,14160.128549075656,10630.578645576645,7573.673186230359,10872.081974528242,7543.762402524961,8519.19072249502,8964.09942324051,0.0,147647.22222222222,0.0,150805.55555555553,3155.555555555555,0.0,0.0,0.0,0.0,262933.3333333333,57.45414,30.560728462970804,47.42150385857702,22.79614867293948,22.731379968540537,22.93664690643598,51.88625745184001,37.831497112046456,24.01686674177412,36.92329989347273,23.989882534119413,28.71248219460302,36.35023363450211,23.322279101249755,33.277554201472654,22.673920492568868,22.650397848157645,22.680967727530927,36.2595795521804,30.95009048572057,22.68760280877968,27.87631426683025,22.763946404644333,22.98727104752156,24.15139282262277,7.114539109702208,7.058883849272905,5.4751283816263125,5.86947774233133,5.512401236177296,16.367855073340614,7.756700875002854,5.76278930196009,12.175960176410058,5.413197292910576,7.065600190299562,6.994364303649806,Metadata_MT_Commercial_MT_baseline_metadata_and_annual_results.csv,MT
184145,0,17500.0,Cold,MT,Montana,,SmallHotel,Lodging,10001_25000,Electricity,Zone-by-Zone,Zone terminal equipment_Electric Resistance_DX,DX,Electric Resistance,default_nochange,PTAC with electric coil,Zone terminal equipment,gen2_t8_halogen,2,2,1995,0.0,0.0,0.0,0.0,0.0,0.0,50591.66666666666,24186.11111111112,35527.777777777774,0.0,0.0,33786.11111111111,113150.0,62805.55555555556,22.22222222222222,0.0,22403.970732023827,30579.530198263685,28671.344703390623,320069.44444444444,28452.031472911058,26911.19591315986,34018.69880598317,26375.39073841859,23350.38802748965,27250.44402596841,25028.43226754694,22657.779493821912,24371.23321206086,0.0,0.0,60019.44444444444,188911.1111111111,128891.66666666666,0.0,0.0,0.0,0.0,508980.5555555556,87.57899,51.43203264893879,73.8770434120072,64.86293744176976,87.5705900620345,57.90696523240598,70.3137212576489,56.17420371410531,57.78330654597978,57.39007586872598,53.06244775353531,44.60618855274259,53.55942862061902,39.10548302570844,52.28680641715464,47.320677314435166,53.91702310016706,45.55438626440712,63.36470427684338,47.44837908370316,40.77404606242576,47.75007948893349,43.60577401343261,37.57391110153284,41.11186706295091,34.03493495964021,36.24451074343049,38.39688484364328,42.23529354444233,37.84653866326077,34.60229926424119,38.17523745886929,35.47680522015026,34.93780524199476,35.59013021275246,34.08828939988066,34.97159239694394,Metadata_MT_Commercial_MT_baseline_metadata_and_annual_results.csv,MT
184147,0,3000.0,Cold,MT,Montana,,RetailStandalone,Mercantile,1001_5000,NaturalGas,Small Packaged Unit,Central Single-zone RTU_Furnace_DX,DX,Furnace,night_fanon_vent,PSZ-AC with gas coil,Central Single-zone RTU,gen2_t8_halogen,1,1,1988,0.0,0.0,0.0,0.0,0.0,0.0,3011.111111111111,4905.555555555556,14819.444444444443,0.0,0.0,0.0,3058.333333333333,11330.555555555557,0.0,0.0,2771.7132120223464,3683.565180181504,3019.3053130975286,37122.22222222222,2674.750950261553,3008.1288098694768,4004.095008755906,3101.8065181573456,2904.312243488429,3012.532318788452,2897.127603767377,2958.5535711933007,3086.676171451384,0.0,63022.22222222221,0.0,63022.22222222221,0.0,0.0,0.0,0.0,0.0,100144.44444444444,12.51298,5.986238993929255,12.174772076686038,5.811140048101628,5.811140048101628,5.811140048101628,12.24498485410636,9.454689893030462,5.811140048101628,7.594683964000019,5.811140048101628,5.8933580117790365,9.178981316843291,5.63414384809705,7.769881111936935,5.811140048101628,5.811140048101628,5.811140048101628,9.05507675587662,6.17999256499713,5.634615938228898,5.67263726731756,5.810905107103718,5.768540991534155,6.068098838613842,4.3595874149165095,4.459682162060861,5.000139159029896,4.8651257077210905,4.898593473212431,6.657695619864907,4.3595874149165095,4.583876835239412,4.35996326439786,4.898593473212431,4.864277768107892,4.864277768107892,Metadata_MT_Commercial_MT_baseline_metadata_and_annual_results.csv,MT
184148,0,17500.0,Cold,MT,Montana,,Warehouse,Warehouse and Storage,10001_25000,NaturalGas,Small Packaged Unit,Central Single-zone RTU_Furnace_DX,DX,Furnace,night_fanon_vent,PSZ-AC with gas coil,Central Single-zone RTU,gen1_t12_incandescent,1,1,1992,0.0,0.0,0.0,0.0,0.0,0.0,6477.777777777778,22427.777777777777,26713.888888888887,0.0,0.0,0.0,55608.333333333336,52672.22222222223,0.0,0.0,12901.97824739522,14798.795193478532,13937.048849916033,163902.77777777778,12384.377067656746,14136.487958876069,15556.438650460705,12905.226292015102,13130.576790921035,13552.526778815136,13281.398645175455,13861.159018049444,13455.690761076128,0.0,87369.44444444444,0.0,87369.44444444444,0.0,0.0,0.0,0.0,0.0,251272.2222222222,38.71148,28.243220270104526,38.60106355063787,32.19210019844671,32.10530824558365,32.19210019844671,37.71138853880684,33.47025997106123,32.06026945049599,32.039572522601944,32.294326379176965,32.55300559383393,34.68837850353396,27.056452456121853,31.382863027776768,32.123653335590646,32.06026945049599,32.123653335590646,33.72019238533215,29.31832973683433,29.43495611194445,28.150480910038908,32.09586968431768,30.93478656209336,31.00411089788101,12.60100199178036,12.8893648479399,12.74048627694837,12.74048627694837,12.74048627694837,13.3986182992426,12.60100199178036,12.6954474818607,12.60100199178036,12.6954474818607,12.648660521544002,12.61765929866258,Metadata_MT_Commercial_MT_baseline_metadata_and_annual_results.csv,MT
184151,0,17500.0,Cold,MT,Montana,,Warehouse,Warehouse and Storage,10001_25000,NaturalGas,Small Packaged Unit,Central Single-zone RTU_Furnace_DX,DX,Furnace,night_fanon_vent,PSZ-AC with gas coil,Central Single-zone RTU,gen4_led,1,1,1996,0.0,0.0,0.0,0.0,0.0,0.0,4366.666666666667,19211.11111111112,23383.33333333333,0.0,0.0,0.0,49358.333333333336,17091.666666666668,0.0,0.0,8879.039217070904,10189.825876632684,9787.012717352243,113408.33333333331,8651.95665112258,9866.54298250422,10805.576367843005,8758.308818331583,9182.645241983531,9138.5308644466,9320.975584206197,9587.02923235959,9241.301740553696,0.0,142741.66666666666,0.0,142741.66666666666,0.0,0.0,0.0,0.0,0.0,256152.77777777772,28.09955,19.721690271520217,28.087891411972,23.35588628462972,21.15252689477544,23.35588628462972,27.489467475066167,23.06347362782258,21.15252689477544,21.49337874573037,22.20208720432981,22.20208720432981,24.25664853621127,18.991930847678336,20.92744010753617,22.215117050673,20.823369966447363,22.254206589702576,23.626875939553745,19.567308342765443,19.721690271520217,19.473205514227963,20.823369966447363,20.784280427417784,20.64447213346956,10.54304987704288,10.72368773049327,10.713151909445097,10.713151909445097,10.713151909445097,10.888949312213056,10.532997533527928,10.713151909445097,10.553111704119589,10.713151909445097,10.580050061079904,10.596327080566288,Metadata_MT_Commercial_MT_baseline_metadata_and_annual_results.csv,MT
184152,0,3000.0,Cold,MT,Montana,,SmallOffice,Office,1001_5000,NaturalGas,Small Packaged Unit,Central Single-zone RTU_Furnace_DX,DX,Furnace,night_fanon_vent,PSZ-AC with gas coil,Central Single-zone RTU,gen3_t5_cfl,2,2,2002,0.0,0.0,0.0,0.0,0.0,0.0,1758.3333333333333,2747.222222222222,12005.555555555557,0.0,0.0,0.0,8930.555555555557,2469.4444444444443,0.0,0.0,2275.1666190246497,2778.1987141674704,2415.7258236519915,29308.33333333333,2153.4645114858818,2423.303317265308,2990.5364214441743,2369.9676836301464,2334.208434164401,2501.013082457945,2315.2382626270046,2379.828660475177,2372.4967479295447,1397.2222222222222,27441.666666666664,0.0,27441.666666666664,0.0,0.0,0.0,0.0,0.0,56752.777777777774,8.67201,5.701889321800192,8.484315256852744,4.826875784945287,4.826875784945287,4.826875784945287,8.297463884385534,6.58387698966934,4.826875784945287,6.642262187947454,4.826875784945287,4.872004861472725,6.9768046604887015,4.826875784945287,6.372291571928582,4.826875784945287,4.826875784945287,4.826875784945287,7.269541826913119,5.397913788438348,4.826875784945287,5.0626309189852,4.826875784945287,4.826875784945287,4.880547566904249,3.212843698540274,3.2853123783824403,3.212843698540274,3.3580025758769945,3.266194780821642,3.414774594794313,3.2853123783824403,3.349695920585603,3.268228836602634,3.2853123783824403,3.2853123783824403,3.2853123783824403,Metadata_MT_Commercial_MT_baseline_metadata_and_annual_results.csv,MT
184154,0,3000.0,Cold,MT,Montana,,RetailStandalone,Mercantile,1001_5000,NaturalGas,Residential Style Central Systems,Residential forced air_Furnace_DX,DX,Furnace,default_nochange,Residential AC with residential forced air furnace,Residential forced air,gen2_t8_halogen,1,1,1969,0.0,0.0,0.0,0.0,0.0,0.0,3425.0,5944.444444444444,12130.555555555557,0.0,0.0,0.0,3133.333333333333,11297.222222222224,0.0,0.0,2692.1225989723416,3540.9738146235045,2937.900091040384,35930.555555555555,2605.39585914793,2925.2569335253443,3714.748007940013,2907.252404002045,2787.955241726688,3020.5512739482124,2807.9905506734067,2922.330815503176,3067.505689571271,0.0,34041.666666666664,0.0,34041.666666666664,0.0,0.0,0.0,0.0,0.0,69972.22222222222,11.77118,8.042984238029822,11.678538225412227,7.055260696135787,7.050082196641423,7.055260696135787,10.725954961797113,8.716246556847473,7.010575151138325,8.748852944373525,7.152748222763236,8.011748950987045,9.671098526282853,6.181195052336429,9.201024500392773,7.055260696135787,7.050082196641423,7.050082196641423,9.77666992959974,7.541012602975558,6.518750491635387,7.402524256331908,7.055260696135787,7.402879239456253,7.789690864681065,5.606324592422064,6.540350909290472,6.966223830742421,6.966223830742421,6.966223830742421,6.889145625634751,5.713739690751779,6.164596547258493,5.797600884604125,6.966223830742421,6.930222708062245,6.589476752206661,Metadata_MT_Commercial_MT_baseline_metadata_and_annual_results.csv,MT
184157,0,7500.0,Cold,MT,Montana,,Outpatient,Healthcare,5001_10000,Electricity,Multizone CAV/VAV,Central Multi-zone VAV RTU_Electric Resistance_DX,DX,Electric Resistance,night_fanon_vent,PVAV with PFP boxes,Central Multi-zone VAV RTU,gen1_t12_incandescent,2,2,1968,0.0,0.0,0.0,0.0,0.0,0.0,19588.888888888887,8366.666666666668,60216.66666666666,0.0,0.0,63263.88888888889,57552.777777777774,26705.555555555555,2.7777777777777777,0.0,17218.72278497087,18503.69214551107,26730.53816638813,241425.0,25338.09821276981,24630.243824608104,19977.73345461865,16168.316415903268,20087.69048406124,16778.54551772886,22405.483843769016,17493.131967960053,16093.401218006587,5733.333333333333,0.0,8686.11111111111,8686.11111111111,0.0,0.0,0.0,0.0,0.0,250111.11111111112,97.0379,56.95762515823312,59.91571602895405,78.19908214817487,86.94702643314231,73.20700576825965,59.11110257367856,50.566236705697634,61.08132219228925,51.136495533692326,62.33294757918063,53.59591862937137,53.73270189660454,41.7939521386952,45.36625107305801,55.18283802550017,56.679273113544,54.77854513754292,55.14115530407855,41.59277798170344,46.22723524806823,39.93049559882465,50.29651101007014,40.23620340796607,40.58329770259162,17.178037366713266,16.375085274760682,32.55431762434633,30.48273459555245,32.575751905536926,24.942920881978083,16.129805764099054,28.786316859410537,17.878092655539433,23.130254265270366,20.27041593261788,15.7481903905802,Metadata_MT_Commercial_MT_baseline_metadata_and_annual_results.csv,MT
184165,0,17500.0,Cold,MT,Montana,,FullServiceRestaurant,Food Service,10001_25000,NaturalGas,Small Packaged Unit,Central Single-zone RTU_Furnace_DX,DX,Furnace,night_fanon_vent,PSZ-AC with gas coil,Central Single-zone RTU,gen2_t8_halogen,1,1,1955,0.0,0.0,0.0,0.0,0.0,0.0,51255.55555555556,15872.222222222224,314941.6666666667,0.0,0.0,0.0,150647.22222222225,103411.11111111112,0.0,13283.333333333334,53618.26770738565,65915.57590814181,54761.0144793821,690658.3333333334,49303.75896539841,54939.06401419356,71476.00164756077,60394.10167183442,54439.00869646646,60007.06154364096,53057.39706032143,55591.3242853284,57155.2699506006,41250.0,278338.8888888889,350797.2222222222,1057111.111111111,427972.2222222222,0.0,0.0,0.0,0.0,1747766.6666666667,206.64785,133.511353670785,190.06049370485107,112.12105183830715,112.22336783808169,111.86331405729004,201.6846402420027,171.4357884026655,109.27743209217029,159.23042983400123,112.3452537182459,126.76729838187796,166.13623218072587,107.37873272319112,150.1711506426813,108.87740749172326,106.90916896350808,109.20981496822054,160.0897493654636,131.85588607306653,106.6240798703243,127.52967418305244,109.91931554265442,107.73596945227152,122.34867321610469,101.06862631303608,105.3172057097468,100.77579174674496,100.32459244073932,100.56606060071049,132.1855511745228,105.53744390875512,100.3685728636902,101.77404705704464,100.9376693381244,101.02611757215207,100.99033365245886,Metadata_MT_Commercial_MT_baseline_metadata_and_annual_results.csv,MT
184167,0,17500.0,Cold,MT,Montana,,SmallOffice,Office,10001_25000,NaturalGas,Small Packaged Unit,Central Single-zone RTU_Furnace_DX,DX,Furnace,night_fancycle_vent,PSZ-AC with gas coil,Central Single-zone RTU,gen1_t12_incandescent,1,1,1976,0.0,0.0,0.0,0.0,0.0,0.0,14150.0,17452.777777777777,30994.444444444445,0.0,0.0,0.0,89211.11111111111,28847.222222222223,2.7777777777777777,0.0,13891.57986499153,18244.277395582827,14822.705486415804,185630.5555555556,13515.24458715723,15045.209605702928,20428.66292908643,15842.330094836152,14141.431617639026,15724.646595245804,14126.092810585782,14625.310665567404,15223.435648013276,4972.222222222222,86552.77777777777,0.0,86552.77777777777,0.0,0.0,0.0,0.0,0.0,272183.3333333334,74.0463,47.957782353522,72.20014827048294,46.07598850647443,45.97129864544872,46.00100284297962,72.51922052790576,66.0544017416718,46.21761620393179,62.0054130899976,45.92788291255464,46.32331661651847,63.43524974656984,45.73780279392463,56.57738061592571,45.712559510555415,45.80723629416816,45.76051798793694,64.13852735625896,48.71620201524056,45.765475216329214,47.64852612257843,45.67675475047287,45.60606843447972,45.936872516895946,14.446515098961603,14.446515098961603,15.825261239423206,15.922821766853223,15.62042446117935,18.73713353594844,14.017474529519404,14.867627422896298,14.017474529519404,15.524750786060158,15.409002587090288,15.409002587090288,Metadata_MT_Commercial_MT_baseline_metadata_and_annual_results.csv,MT
184168,0,17500.0,Cold,MT,Montana,,RetailStandalone,Mercantile,10001_25000,NaturalGas,Small Packaged Unit,Central Single-zone RTU_Furnace_DX,DX,Furnace,night_fancycle_vent,PSZ-AC with gas coil,Central Single-zone RTU,gen1_t12_incandescent,1,1,1990,0.0,0.0,0.0,0.0,0.0,0.0,19125.0,21683.33333333333,63133.333333333336,0.0,0.0,0.0,24077.777777777777,98063.88888888888,0.0,0.0,17027.20897344493,22832.33007393349,18200.56508892768,226086.1111111111,16310.353467206454,18110.61198689757,23819.748474314365,19331.36077143,17697.42968728985,19132.478868353828,17446.89981691416,17848.50883398768,18327.814469863475,0.0,189916.66666666663,0.0,189916.66666666663,0.0,0.0,0.0,0.0,0.0,416002.77777777775,76.34142999999999,50.94045758438639,76.24461886989685,39.32027010337286,39.05070447247517,39.32027010337286,71.38173761865055,66.34650201879002,39.04989140543314,54.59234330338482,39.31945703633084,46.69616886898835,62.67387230944386,34.50428462008937,54.07979998990815,39.31917520951077,39.050602839094914,39.31945703633084,58.7205025045789,46.48086938969488,37.82377323187471,43.84912540969321,39.31833060142319,38.275601678656,38.53409910909005,34.4471474515486,34.4471474515486,38.85135733559986,38.85289030402852,38.852483770507526,34.87303743717237,34.06935799185866,34.4471474515486,34.19013369894406,38.85135733559986,35.31890119943436,34.4471474515486,Metadata_MT_Commercial_MT_baseline_metadata_and_annual_results.csv,MT
184169,0,75000.0,Cold,MT,Montana,,Hospital,Healthcare,50001_100000,NaturalGas,Multizone CAV/VAV,Central Multi-zone VAV RTU_Boiler _WCC,WCC,Boiler ,default_nochange,VAV chiller with gas boiler reheat,Central Multi-zone VAV RTU,gen1_t12_incandescent,1,1,1978,0.0,0.0,0.0,0.0,0.0,0.0,263330.5555555556,42644.444444444445,333688.8888888889,0.0,11791.666666666666,0.0,600763.8888888889,386425.0,51630.55555555556,35986.11111111111,131188.3371213268,191623.1491861089,127154.40546060604,1805244.4444444445,115179.87705253332,127791.61182586818,207035.1884848576,186458.15649090795,125705.25067147565,175110.7686742958,122969.85413506886,136991.85143873934,158035.12748298192,78983.33333333333,1295880.5555555555,63502.77777777777,1478813.8888888888,119433.33333333331,0.0,0.0,0.0,0.0,3284058.333333333,571.99037,413.3505837850967,493.6029385777934,402.9548907308806,315.3206887112228,315.319650705856,562.1564183676205,547.9910802222529,316.5368702061812,458.8118208573815,402.0720640018447,412.6437363496716,459.6969787760824,315.04562863506897,426.5752531007689,313.5230736513326,314.0722697838746,313.8261596274769,447.2389331710981,430.1385876044285,314.4087954902741,419.2813055231621,313.0090961607847,317.6079969410372,405.0914806661849,196.2183173767787,287.8783553952841,194.81887290825784,195.62330710788552,195.25179549032947,295.3416934179586,284.746723199061,195.5024016366185,245.5058917924009,194.37653307102488,194.63357219604404,194.41801091785567,Metadata_MT_Commercial_MT_baseline_metadata_and_annual_results.csv,MT
184172,0,3000.0,Cold,MT,Montana,strip_mall_restaurant10,RetailStripmall,Mercantile,1001_5000,Electricity,Multizone CAV/VAV,Central Multi-zone VAV RTU_Furnace_DX,DX,Furnace,night_fancycle_vent,PVAV with gas heat with electric reheat,Central Multi-zone VAV RTU,gen2_t8_halogen,1,1,1973,0.0,0.0,0.0,0.0,0.0,0.0,3255.555555555556,7538.88888888889,15041.666666666666,0.0,0.0,55063.88888888889,6344.444444444444,16963.888888888887,0.0,0.0,9896.691821573972,5534.146821560936,13636.790294881655,110175.0,13444.818788641693,12633.920192069969,5637.91750577652,5670.019348519974,11675.362818284257,6254.446712707897,11076.988908241034,8347.733934667951,6366.267350290416,5966.666666666667,31802.777777777777,0.0,42877.77777777777,11072.22222222222,0.0,0.0,0.0,0.0,153052.77777777778,37.18283,32.12324458722666,21.13740994532297,32.96674073997322,33.64661117889978,32.48666110663372,20.4144608038576,25.11950125796888,32.6679877663345,24.018608751542708,31.438655226334827,27.35647786843509,26.316484682706022,26.52727885734596,12.452597397195628,30.425712468361542,31.839619494822543,29.798411935742504,13.088302257447648,13.878019822133192,29.172254759550736,14.6091884848734,26.31294040405655,21.346140937831727,17.171122683305722,13.186828960061444,9.247109036923913,26.214678803186946,26.36719965135267,23.36814711187987,9.724218795947564,10.060841395447948,21.85760709946674,10.329626197578945,21.82721941180316,9.684202010606215,9.6551898509371,Metadata_MT_Commercial_MT_baseline_metadata_and_annual_results.csv,MT
184173,0,3000.0,Cold,MT,Montana,strip_mall_restaurant30,RetailStripmall,Mercantile,1001_5000,NaturalGas,Small Packaged Unit,Central Single-zone RTU_Furnace_DX,DX,Furnace,night_fanon_vent,PSZ-AC with gas coil,Central Single-zone RTU,gen2_t8_halogen,1,1,1967,0.0,0.0,0.0,0.0,0.0,0.0,7027.777777777778,7747.222222222223,30461.11111111112,0.0,0.0,0.0,13583.333333333334,15769.444444444443,0.0,0.0,8182.773418290286,9746.259255893969,8633.058114642157,104708.33333333331,7840.398850773949,8679.32854412376,10416.282131802152,8876.72490802633,8610.953526582078,8808.358337889193,8195.293380991368,8259.028015229878,8460.368443510484,30116.666666666668,102002.77777777777,12133.333333333332,114136.1111111111,0.0,0.0,0.0,0.0,0.0,218844.44444444444,37.88622,21.403002761048427,28.89611014138717,19.457955309971258,19.38034772706347,19.79485467042421,30.31168374218485,25.018302682235863,18.38381924567856,22.18255057940685,19.405796697548887,19.287447652039628,23.06099274652778,16.831291837471984,21.87299873237597,17.997958938306848,17.614474236796116,17.79346608756013,23.82393977540194,20.18464913246839,16.959983996637092,19.46680654709268,17.34996011698353,16.69770833494529,18.594538716119448,15.94299740011946,15.14103510646668,15.32089401321375,16.126601367073555,16.120887998174126,18.830926097959413,15.91035745279709,15.662978399665777,15.042326997828532,14.885252974414922,14.718923979304371,15.28510438196943,Metadata_MT_Commercial_MT_baseline_metadata_and_annual_results.csv,MT
184174,0,17500.0,Cold,MT,Montana,,RetailStandalone,Mercantile,10001_25000,Electricity,Multizone CAV/VAV,Central Multi-zone VAV RTU_Furnace_DX,DX,Furnace,night_fancycle_novent,PVAV with gas heat with electric reheat,Central Multi-zone VAV RTU,gen1_t12_incandescent,1,1,1972,0.0,0.0,0.0,0.0,0.0,0.0,21877.777777777777,20966.666666666668,42575.0,0.0,0.0,164655.55555555556,30683.33333333333,107961.11111111112,0.0,0.0,30433.064172880928,22984.43522301071,45187.422977252856,388719.4444444445,48922.982864533406,47265.33386029803,24445.288647559348,21015.934011060508,38457.06558644551,22382.867010673235,37919.10763842826,27977.81970583556,21728.40045668897,0.0,62369.44444444443,0.0,62369.44444444443,0.0,0.0,0.0,0.0,0.0,451088.8888888889,126.85474,84.63105756401464,72.44395914571207,112.38681236061582,109.72065421671552,111.48594444072184,71.65653128699782,68.18732583138474,92.61148407344452,48.55685885568446,81.25975556235014,63.96274413991467,57.95752144366994,53.14297284768909,44.21875562133083,71.91291579271014,92.15202498625796,74.69598899937435,47.383019695655456,39.26770296118824,67.26466976584456,37.3409771760712,67.61527323035557,46.47684386777844,38.74298754076909,34.693653329916614,32.79408647584045,60.02153425217392,68.25441497839822,64.25981439390532,32.98400842949064,32.88372988333316,51.072611047089104,33.35030076485204,46.12909707484778,34.43545686110597,32.541952584000526,Metadata_MT_Commercial_MT_baseline_metadata_and_annual_results.csv,MT
184175,0,37500.0,Cold,MT,Montana,strip_mall_restaurant10,RetailStripmall,Mercantile,25001_50000,NaturalGas,Small Packaged Unit,Central Single-zone RTU_Furnace_DX,DX,Furnace,night_fanon_vent,PSZ-AC with gas coil,Central Single-zone RTU,gen2_t8_halogen,1,1,1976,0.0,0.0,0.0,0.0,0.0,0.0,44069.444444444445,55763.88888888889,413436.1111111111,0.0,0.0,0.0,147588.8888888889,203802.77777777772,0.0,0.0,69694.96275590875,83127.07423454057,72996.29738773404,887638.8888888889,65489.18268023252,73069.69843243517,89348.38625857016,72916.84399338218,71839.55629475923,72842.36029173201,70466.1245608643,72668.02893793142,73180.57187208816,22977.777777777777,784263.8888888888,0.0,901250.0,116986.11111111112,0.0,0.0,0.0,0.0,1788888.8888888888,247.80905,166.49404648861912,234.4165995397546,132.89443224439808,129.01532788681072,132.97017857257345,217.26895102242523,195.60544131500964,129.02031864248153,169.38654102641513,131.96979985972143,153.34135154552948,183.3219305961152,119.3605052760871,175.31552854435438,125.79444406797796,122.854900822063,125.65110611234611,190.18228805726483,139.47690804401643,119.4181631820149,124.97259821092106,125.54463167304354,120.11460565152176,128.16647136586334,116.5231092203268,117.35002230695568,125.36059511988968,122.56547005721212,122.600264477835,117.69265595747667,116.56811963877703,116.71819537054756,115.1779226294297,124.70462483321568,117.14273647088518,115.71665035463914,Metadata_MT_Commercial_MT_baseline_metadata_and_annual_results.csv,MT
184177,0,17500.0,Cold,MT,Montana,,SmallOffice,Office,10001_25000,NaturalGas,Small Packaged Unit,Central Single-zone RTU_Furnace_DX,DX,Furnace,night_fancycle_vent,PSZ-AC with gas coil,Central Single-zone RTU,gen5_led,2,2,1987,0.0,0.0,0.0,0.0,0.0,0.0,10938.888888888889,11019.444444444443,29025.0,0.0,0.0,0.0,52919.444444444445,19255.555555555555,2.7777777777777777,0.0,9922.036701115896,12493.07041830669,10721.16048014848,129822.22222222223,10136.275848397534,10948.886563845504,13599.973708771358,10326.586044730924,10184.992268085196,10732.071933771527,10091.500720681805,10317.579955877924,10348.770876945086,6661.111111111111,298788.8888888889,0.0,298788.8888888889,0.0,0.0,0.0,0.0,0.0,428611.1111111112,50.85313,31.413119412351097,45.23886873101488,25.979821955771804,26.068652459673046,26.06223805666565,49.42903057703347,38.12102747662214,26.09641189372368,36.208034612032215,25.678776670564663,28.13574027495395,37.83371553837867,25.67040040555721,32.94075969463928,25.57018717466721,25.92022569383245,25.602526976120807,36.53608739727172,28.95643356621752,25.61892365624673,28.693169644020987,25.46590231954045,25.43180862987008,26.9368483863626,10.748375308398932,10.050006177861652,11.409858059499289,12.263362118601831,11.022539335902252,11.829476097313677,10.053918454901789,11.5091838856805,10.23376590758607,10.958629514480805,10.735359425756238,10.19116847562218,Metadata_MT_Commercial_MT_baseline_metadata_and_annual_results.csv,MT
184179,0,1000.0,Cold,MT,Montana,,RetailStandalone,Mercantile,_1000,NaturalGas,Small Packaged Unit,Central Single-zone RTU_Furnace_DX,DX,Furnace,night_fancycle_vent,PSZ-AC with gas coil,Central Single-zone RTU,gen4_led,1,1,1982,0.0,0.0,0.0,0.0,0.0,0.0,958.3333333333334,4161.111111111111,4925.0,0.0,0.0,0.0,2002.7777777777776,3341.6666666666665,0.0,0.0,1154.9919373792752,1438.741126342272,1347.387668279755,15388.888888888889,1177.230422817286,1332.795964926613,1556.0628569331907,1171.0235427526234,1236.800585557766,1168.730217196629,1270.9423323165868,1268.1686823823138,1264.7845912900766,0.0,35786.11111111111,0.0,35786.11111111111,0.0,0.0,0.0,0.0,0.0,51172.22222222222,4.07866,2.386060819199199,3.858843651016969,2.3950677707309347,2.3950677707309347,2.3950677707309347,3.57248480968895,2.9393302256864526,2.3950677707309347,2.433019722084189,2.3950677707309347,2.4551480822207044,3.139592137690628,2.301109909403295,2.7314687889579883,2.3950677707309347,2.3950677707309347,2.3950677707309347,3.098344590629732,2.1460536058474418,2.386060819199199,2.165027412792325,2.3950677707309347,2.3943734948770925,2.3994609428820297,2.1367991815494483,2.1359673905708627,2.362464028481641,2.362464028481641,2.362464028481641,2.1418321073980646,1.964955068406336,2.1750952512949406,1.9663979148033783,2.362464028481641,2.350824748621481,2.145093777702688,Metadata_MT_Commercial_MT_baseline_metadata_and_annual_results.csv,MT
184180,0,17500.0,Cold,MT,Montana,,Warehouse,Warehouse and Storage,10001_25000,NaturalGas,Small Packaged Unit,Central Single-zone RTU_Furnace_DX,DX,Furnace,night_fancycle_novent,PSZ-AC with gas coil,Central Single-zone RTU,gen4_led,1,1,1986,0.0,0.0,0.0,0.0,0.0,0.0,2238.888888888889,22427.777777777777,3772.222222222222,0.0,0.0,0.0,48788.88888888889,16827.777777777777,0.0,0.0,7390.099411017384,8117.551015972744,8471.773105791033,94055.55555555556,7578.981636359465,8580.317376580566,8552.78981701081,6795.583527361135,7742.695721583497,7378.17171615943,7961.250342937607,8043.646753996201,7443.881759223102,0.0,128586.11111111112,0.0,128586.11111111112,0.0,0.0,0.0,0.0,0.0,222644.44444444444,27.273,22.044911564158227,25.71978060111743,22.948207775660183,22.8043912768026,22.72646326346255,23.84298538848883,19.03050910081712,22.421542383784963,20.58670873497748,22.41788664384252,22.369550311295235,23.49597185748421,21.48227416870613,21.88263248782061,22.25653181190776,22.330498465361096,22.265011911185308,20.52301390629422,17.65473969053592,21.58225499228517,19.00841063035084,22.08664881906055,22.04657192234181,21.975517405788388,8.70803615133962,8.680197908956856,9.03554496754566,9.390021309993305,9.106619732545674,8.914913908215627,8.680197908956856,9.084397346011997,8.680197908956856,8.962772085729616,8.680197908956856,8.680197908956856,Metadata_MT_Commercial_MT_baseline_metadata_and_annual_results.csv,MT
184181,0,3000.0,Cold,MT,Montana,,FullServiceRestaurant,Food Service,1001_5000,NaturalGas,Small Packaged Unit,Central Single-zone RTU_Furnace_DX,DX,Furnace,night_fancycle_vent,PSZ-AC with gas coil,Central Single-zone RTU,gen2_t8_halogen,1,1,1895,0.0,0.0,0.0,0.0,0.0,0.0,6583.333333333333,6605.555555555556,31330.55555555556,0.0,0.0,0.0,37747.22222222222,13461.111111111111,0.0,13072.222222222224,9271.467493880036,10894.604804214863,9630.95127444836,117558.33333333331,8693.91553913511,9688.911707625222,11525.530726976183,9729.091008675254,9491.512889853846,9864.229787638616,9307.51284704423,9704.317663403855,9757.533239245417,8758.333333333334,123316.66666666666,95536.1111111111,295102.7777777777,76252.77777777777,0.0,0.0,0.0,0.0,412663.8888888889,33.48536,26.01169928961658,33.27371805565078,23.600736507344624,23.603825443528027,23.92052875671408,32.3626835147376,28.69778931810708,22.580590560483383,26.412198457870662,23.723099313043697,24.82496712209357,29.076434228619743,22.19576701385047,26.882649247627324,23.2409843222681,22.12571036667521,23.251712082844463,29.736896199421714,24.4806092166368,22.06844242072658,23.222289050393744,23.31764384066784,22.30926291413888,24.02293718666472,20.415687296322595,21.04354169180728,20.81540988323511,20.06653760540575,20.65465358197669,22.546501330488983,20.75536910397161,20.08695312814784,20.624767506795965,20.46665460890773,20.312554165147265,20.341996520821446,Metadata_MT_Commercial_MT_baseline_metadata_and_annual_results.csv,MT
184182,0,75000.0,Cold,MT,Montana,mediumoffice_nodatacenter,MediumOffice,Office,50001_100000,NaturalGas,Multizone CAV/VAV,Central Multi-zone VAV RTU_Boiler _WCC,WCC,Boiler ,night_fanon_vent,VAV chiller with gas boiler reheat,Central Multi-zone VAV RTU,gen2_t8_halogen,4,4,1973,0.0,0.0,0.0,0.0,0.0,0.0,65088.88888888889,38972.22222222223,62061.11111111112,0.0,4438.888888888889,0.0,215650.0,274011.1111111111,24591.666666666668,0.0,52039.9535213255,69935.75238547115,51356.235763966935,684811.1111111111,46464.41483897129,52354.919075230304,74013.41759436503,63009.30650836821,49367.04595122868,63631.31506832556,49161.38356100013,54360.94881884943,59117.29651496279,0.0,473188.8888888888,0.0,499827.7777777777,26638.888888888887,0.0,0.0,0.0,0.0,1184638.888888889,153.42267,125.98170585600964,149.22633849542945,115.39661514194071,113.40261701821947,115.58296591910371,152.42789920174604,143.53830659603574,114.1054299043226,142.23146912627618,127.50856735346446,118.1062874271277,142.1527982479386,111.01871516296998,140.03196527478894,111.33426153350496,111.58680146628213,111.53239432572084,142.7828541839836,139.76699405822922,111.11245802889944,134.1630110054475,111.34644799981784,111.00694387102148,117.34832589861531,51.85558040851655,80.78220590755241,53.010417596069495,50.308477519871744,53.87310430299778,81.84221634024887,71.44471036760486,50.98643968774761,57.62236950433526,50.56317711001624,51.36409473333514,51.375591475967056,Metadata_MT_Commercial_MT_baseline_metadata_and_annual_results.csv,MT
184183,0,7500.0,Cold,MT,Montana,,Outpatient,Healthcare,5001_10000,FuelOil,Small Packaged Unit,Central Single-zone RTU_Boiler _DX,DX,Boiler ,night_fancycle_vent,PSZ-AC with gas boiler,Central Single-zone RTU,gen1_t12_incandescent,2,2,1995,0.0,0.0,0.0,0.0,0.0,0.0,11650.0,5347.222222222222,28530.555555555555,0.0,0.0,19.444444444444446,52561.11111111111,20666.666666666668,1500.0,0.0,10162.167186265628,11722.458238578633,10681.481497584178,128458.33333333331,9869.66984071896,10817.036378240837,12292.964676891124,10321.877435075072,10439.5045627629,10988.941379486723,10314.32062228501,10576.874154689454,10270.657512627618,8180.555555555557,0.0,7583.333333333332,7583.333333333332,0.0,0.0,79677.77777777778,79677.77777777778,0.0,215719.44444444444,48.87229,38.08276345696737,47.82572260299319,31.92508115647941,31.950111615989936,32.13738479582018,46.77339389368027,42.18707997448762,32.895167649206414,41.50312182962401,32.20563384283432,34.871992881125614,42.291588180581634,32.06070255514791,39.8802570400209,31.54000802416757,31.4926881078975,31.494448270066457,43.12808434165338,37.34786394497331,31.62681629885851,36.05619714229683,31.60673726092561,32.5669699327265,35.60390663062472,8.82917358143855,9.058298979352834,9.728864943682751,9.903238004115751,9.552134358947582,11.790944734555731,8.485420613646465,9.296044231567969,9.270785551321133,9.47166854552102,8.996737368592003,8.898628588841014,Metadata_MT_Commercial_MT_baseline_metadata_and_annual_results.csv,MT
184184,0,75000.0,Cold,MT,Montana,,Warehouse,Warehouse and Storage,50001_100000,NaturalGas,Small Packaged Unit,Central Single-zone RTU_Furnace_DX,DX,Furnace,night_fancycle_novent,PSZ-AC with gas coil,Central Single-zone RTU,gen2_t8_halogen,1,1,1995,0.0,0.0,0.0,0.0,0.0,0.0,9463.888888888889,59500.0,12725.0,0.0,0.0,0.0,204225.0,90177.77777777778,0.0,0.0,29762.65805483407,33272.53109904889,32889.318292737735,376094.4444444445,29179.03560783336,33234.11106863889,34801.115093916145,28144.675094256312,30514.83567981381,30749.084591608946,31155.80434554927,32089.62764421159,30301.03844914855,0.0,227497.22222222225,0.0,227497.22222222225,0.0,0.0,0.0,0.0,0.0,603591.6666666666,103.91684,91.22572699356908,103.37658108375877,93.7414862954414,92.8265241463559,93.61526975900136,101.94499673422428,89.8428397876115,92.94583480954942,90.68256449458237,92.84400617499314,93.32912223434008,93.36691944974255,85.58348570126176,88.74571419560061,92.83907099416152,91.2835642029546,92.82177758079372,97.90424815750494,81.45443595097186,90.8488662532438,81.37228102381252,91.04128705110278,90.9167181880008,91.42494150068552,29.514966004088976,29.502762211386443,30.602791676819702,30.46928548526051,30.5466791702993,30.719990341993903,29.502762211386443,30.35742306898556,29.502762211386443,30.032684737326544,29.53889178362113,29.502762211386443,Metadata_MT_Commercial_MT_baseline_metadata_and_annual_results.csv,MT
184193,0,3000.0,Cold,MT,Montana,largeoffice_nodatacenter,LargeOffice,Office,1001_5000,NaturalGas,Multizone CAV/VAV,Central Multi-zone VAV RTU_Boiler _WCC,WCC,Boiler ,night_fanon_vent,VAV chiller with gas boiler reheat,Central Multi-zone VAV RTU,gen2_t8_halogen,9,9,1946,0.0,0.0,0.0,0.0,0.0,0.0,11744.444444444443,3161.111111111111,2322.222222222222,0.0,819.4444444444445,0.0,12922.222222222224,5780.555555555556,3172.222222222222,0.0,3218.069684079862,4041.890901361471,2828.2561531002184,39925.0,2225.500176751994,2965.383107399889,4280.417466556649,3646.168925862845,2991.773267619235,3830.582061337429,2945.264586097294,3382.5541367667543,3568.7764270999683,0.0,89905.55555555555,0.0,90500.0,594.4444444444445,0.0,0.0,0.0,0.0,130422.22222222222,10.3588,6.954478661095593,9.683934541063396,6.557875050667992,6.650539722220026,6.262722820814318,10.296748657507283,7.370064934462544,6.8877633830812135,7.423112490431925,6.998313559975988,6.9845353779017625,7.041239554567494,6.4038902400757145,7.021205549597627,5.548638390407003,4.6249918830578,5.607758005795234,7.332172756813946,6.969769282100195,6.0003145152487605,7.011068022251152,5.809328490587557,6.51151447888167,6.936818390054508,3.824297739173541,4.917525208474267,2.5991527650127946,2.6113316631687646,3.2833353680330606,4.974683523776491,4.846107367024589,2.934217045544967,4.861683905583168,3.020513464510817,3.676260540154379,4.136734284999335,Metadata_MT_Commercial_MT_baseline_metadata_and_annual_results.csv,MT
184194,0,3000.0,Cold,MT,Montana,,QuickServiceRestaurant,Food Service,1001_5000,NaturalGas,Small Packaged Unit,Central Single-zone RTU_Furnace_DX,DX,Furnace,night_fanon_vent,PSZ-AC with gas coil,Central Single-zone RTU,gen2_t8_halogen,1,1,1991,0.0,0.0,0.0,0.0,0.0,0.0,5941.666666666667,9102.777777777776,36291.66666666666,0.0,0.0,0.0,51888.88888888889,16097.222222222224,0.0,13169.444444444443,10313.780245016022,12295.260852689262,10931.59584015731,132488.8888888889,9774.907721747562,10891.14696086726,12843.237843609097,10794.69141864286,10753.306350065575,10866.390218939783,10556.224643009706,10782.197098912284,11686.354563359682,0.0,162188.88888888888,24475.0,213636.1111111111,26972.22222222222,0.0,0.0,0.0,0.0,346124.99999999994,31.53931,22.90798752306043,31.536012752594047,20.946416756843465,20.94556744842655,20.96345225308812,29.561219167837983,27.369284537619155,20.961162926140307,24.74366417982788,20.97469734142692,20.97831359866301,27.03489535865384,20.19435596018339,24.174488690128243,20.17299935885069,20.167950509538333,20.17520171053958,26.30822425929511,21.19394126978288,20.1956770700431,20.93863199171445,20.182707981209624,20.19293933926523,24.09266051580781,20.15761471408265,20.20873475697796,20.14717430552018,20.1458423210228,20.147926392702004,20.19806924062047,20.18361419287775,20.160432168958778,20.19742447427249,20.16114257259732,20.17542627496829,20.20167990261299,Metadata_MT_Commercial_MT_baseline_metadata_and_annual_results.csv,MT
184196,0,7500.0,Cold,MT,Montana,,SmallOffice,Office,5001_10000,NaturalGas,Small Packaged Unit,Central Single-zone RTU_Furnace_DX,DX,Furnace,night_fanon_vent,PSZ-AC with gas coil,Central Single-zone RTU,gen4_led,2,2,1976,0.0,0.0,0.0,0.0,0.0,0.0,4438.888888888889,4372.222222222222,30502.777777777777,0.0,0.0,0.0,12825.0,6850.0,0.0,0.0,4527.039654966791,5744.085229515281,4735.96468259133,58988.88888888889,4236.180745471448,4749.273309065582,6326.706299617495,4934.013478172624,4614.05397503779,4930.838142781613,4557.1610941349145,4722.946698649732,4910.5212111668025,0.0,88805.55555555555,0.0,94447.2222222222,5638.888888888889,0.0,0.0,0.0,0.0,153433.33333333334,18.79705,11.247694888077111,17.051652155969986,10.972048727936375,10.972048727936375,10.972048727936375,18.403299173327696,14.662486125427764,10.972048727936375,13.388051188771325,10.972048727936375,10.972048727936375,15.085905996335262,10.972048727936375,12.359720560631922,10.972048727936375,10.972048727936375,10.972048727936375,15.262285897114566,11.16243529327736,10.972048727936375,11.387900886624037,10.972048727936375,10.972048727936375,10.972048727936375,7.061040948856172,7.061040948856172,7.327596861981938,7.327596861981938,7.327596861981938,6.814327221320844,6.6573671087597805,7.327596861981938,6.810233218726802,7.327596861981938,7.327596861981938,7.327596861981938,Metadata_MT_Commercial_MT_baseline_metadata_and_annual_results.csv,MT
184197,0,37500.0,Cold,MT,Montana,,SecondarySchool,Education,25001_50000,Propane,Multizone CAV/VAV,Central Multi-zone VAV RTU_Boiler _DX,DX,Boiler ,default_nochange,PVAV with gas boiler reheat,Central Multi-zone VAV RTU,gen4_led,1,1,1987,0.0,0.0,0.0,0.0,0.0,0.0,33027.777777777774,46825.0,75924.99999999999,0.0,0.0,0.0,37191.66666666666,20588.888888888887,3222.222222222222,24041.666666666668,18326.718020800457,22363.818967975712,19580.15115247984,240827.7777777778,17284.88635968702,19571.761985083533,23322.594361226194,21698.09875385042,18235.273759077896,21680.481638263096,18542.130308546595,19675.58137366269,20545.562045908795,0.0,0.0,21005.55555555555,21005.55555555555,0.0,0.0,536922.2222222222,560663.8888888889,23741.666666666664,822497.2222222221,88.72955,48.36782317525321,80.74094382587113,49.90967759385816,47.225301843778986,49.92803399572746,83.0017873579571,59.97208016458112,47.21350151053077,58.01829284838964,48.35637217380317,49.20685550013572,69.9514333283093,42.13923098282376,46.99426312924097,48.91801268401022,43.43781047372039,49.32771415313845,54.07282339325548,49.675475342661926,42.86927863340805,44.70076718032932,43.43487874037426,44.14505827937337,42.43180006518509,27.42055229371628,32.71497176821872,27.73987399334326,27.898200861183767,27.764821923825338,36.702470222165886,33.91477691700727,27.132137461028147,29.03148228982373,27.512008341143545,27.46175646523992,27.378247222191288,Metadata_MT_Commercial_MT_baseline_metadata_and_annual_results.csv,MT
184199,0,75000.0,Cold,MT,Montana,strip_mall_restaurant20,RetailStripmall,Mercantile,50001_100000,Electricity,Multizone CAV/VAV,Central Multi-zone VAV RTU_Electric Resistance_DX,DX,Electric Resistance,night_fancycle_vent,PVAV with PFP boxes,Central Multi-zone VAV RTU,gen4_led,1,1,2016,0.0,0.0,0.0,0.0,0.0,0.0,75474.99999999999,69383.33333333333,130680.55555555556,0.0,0.0,634766.6666666666,357480.5555555556,237130.5555555556,0.0,0.0,149352.15819236453,128768.94753555636,219046.0049471963,1958047.2222222225,229982.6375661489,212344.2258120793,136787.40273407404,114394.69536628456,185820.2317575309,123415.02529991024,186800.1314288333,151587.38623108505,119748.64792843674,453130.5555555556,0.0,797374.9999999999,797374.9999999999,0.0,0.0,0.0,0.0,0.0,2755422.2222222225,730.29783,472.3634232702476,357.94092501604047,581.2919423515956,677.4181623206492,538.0972477691695,335.1496671701431,286.1288471042833,498.9330431380018,298.53550608404186,499.6288725492665,414.5431759686117,307.99144864019826,286.9721750254015,271.9613985847263,403.881167003477,477.35979956258296,413.0471067671931,301.47258956231724,242.0953895722176,362.1095939407495,250.81257213020365,374.22939885744927,297.82996300667617,237.3575582152336,192.4843508811155,190.32637871804064,311.825447788092,275.4290594278336,318.53705263439576,197.9257737070849,189.29816187612772,264.2118470705501,199.64817514260463,219.95593340093944,204.80182627603585,181.742315183827,Metadata_MT_Commercial_MT_baseline_metadata_and_annual_results.csv,MT
184200,0,3000.0,Cold,MT,Montana,,SecondarySchool,Education,1001_5000,NaturalGas,Multizone CAV/VAV,Central Multi-zone VAV RTU_Boiler _WCC,WCC,Boiler ,default_nochange,VAV chiller with gas boiler reheat,Central Multi-zone VAV RTU,gen5_led,1,1,1985,0.0,0.0,0.0,0.0,0.0,0.0,5838.888888888889,9241.666666666668,10863.888888888889,0.0,391.6666666666667,0.0,1719.4444444444446,2944.4444444444443,3094.4444444444443,24650.0,4582.300316438543,5868.21091259124,4755.345938019355,60925.0,4378.445385395963,4857.295016338613,6197.962809133673,5785.007318171492,4523.788241689691,5736.716697655166,4508.534476539417,4743.101326993797,4988.837234266539,2183.333333333333,155608.3333333333,0.0,158813.88888888888,3205.555555555555,0.0,0.0,0.0,0.0,219738.8888888889,17.9108,9.481564266800266,12.82319905603686,9.571835874331873,9.45666957371927,9.612120858541068,17.22875339773575,12.773361404215091,9.56738486266688,12.569786159614122,9.459927377425856,9.582787126113535,11.09705109439535,8.228147893744039,10.54193885090469,9.0567253699325,9.13385694118747,9.242601849410114,10.967916997248077,10.651242200454291,8.529098143538327,10.898511472357397,8.83374737914843,8.916246320931924,9.400433273170048,6.533304533660214,8.225003209607364,7.220027164406991,7.220254211228287,7.169405809780244,9.643733249480992,8.603834951628944,6.844770690260863,7.439348015094044,7.14981717982674,7.140827269850669,6.958236150181447,Metadata_MT_Commercial_MT_baseline_metadata_and_annual_results.csv,MT
184202,0,7500.0,Cold,MT,Montana,largeoffice_datacenter,LargeOffice,Office,5001_10000,NaturalGas,Multizone CAV/VAV,Central Multi-zone VAV RTU_Boiler _WCC,WCC,Boiler ,night_fancycle_vent,VAV chiller with gas boiler reheat,Central Multi-zone VAV RTU,gen2_t8_halogen,6,6,1959,0.0,0.0,0.0,0.0,0.0,0.0,14366.666666666666,3869.444444444445,11483.333333333334,0.0,652.7777777777777,0.0,104727.77777777778,10200.0,8555.555555555557,0.0,12011.702669711634,15473.187166927386,12025.791776178929,155291.66666666666,10559.903900623833,11983.335700862392,16658.024440844325,13552.084199044431,11918.698699729188,13641.860982338005,11774.017999721342,12580.418618441578,13112.972926312674,1436.111111111111,113205.55555555556,0.0,113205.55555555556,0.0,0.0,0.0,0.0,0.0,268497.2222222222,35.225860000000004,26.419803243955528,32.65471733430855,23.48694363801128,23.43312207464216,23.0125653769848,33.814885095216155,29.80908493514319,23.89191634577899,28.61600971345323,24.105645812812497,25.23109563781622,29.32790453605444,22.993530773003464,27.287708320003453,22.03519426759036,20.602175401305267,21.805816910967074,30.1076507342431,26.84378794042029,22.242875486634,26.537535421235965,22.22447027046949,23.10464658409085,25.019769801704868,14.092224606004812,16.5810127169982,14.322729632725531,13.545962441391383,14.311699794800909,21.043104001943217,14.112861736008623,14.134706524915387,14.11095891715626,14.330808969948906,14.38902369485127,15.32775292805002,Metadata_MT_Commercial_MT_baseline_metadata_and_annual_results.csv,MT
184203,0,7500.0,Cold,MT,Montana,strip_mall_restaurant20,RetailStripmall,Mercantile,5001_10000,NaturalGas,Small Packaged Unit,Central Single-zone RTU_Furnace_DX,DX,Furnace,night_fanon_vent,PSZ-AC with gas coil,Central Single-zone RTU,gen2_t8_halogen,1,1,1969,0.0,0.0,0.0,0.0,0.0,0.0,15936.111111111111,16266.666666666666,75122.22222222222,0.0,0.0,0.0,27813.888888888887,47936.11111111111,0.0,0.0,14625.016598126833,18678.70418551669,15334.091129814076,192100.0,13729.688740372754,15391.682930852585,20336.303636018474,16650.10579243308,14962.491069181711,16371.900576180178,14805.706620839232,15349.042492380471,15866.045835040331,9027.777777777776,185427.7777777777,42097.22222222222,270069.4444444444,42544.44444444444,0.0,0.0,0.0,0.0,462172.2222222222,51.92711,29.79807801589839,46.532390594225504,25.812859756893427,25.951779672736844,26.39096326847215,49.30143226633642,42.28849010483498,25.456334734520325,36.64703574895583,25.90093037794135,27.794171702929773,37.39943308571354,23.07824614141685,34.165006209722094,24.772178074291272,24.20236431506324,24.83291669577433,37.00576468862688,30.85465403569343,23.08009812012554,29.07841100154614,24.773227652603644,23.53123136342769,28.056923652602755,21.500927892927304,23.3022466436498,21.297377699092603,21.40614903635884,21.50066894131338,30.883672305495143,21.976887554492293,21.460038001040083,21.434360215898177,21.44422848642796,21.441764124848792,21.58026466180779,Metadata_MT_Commercial_MT_baseline_metadata_and_annual_results.csv,MT
184204,0,75000.0,Cold,MT,Montana,strip_mall_restaurant30,RetailStripmall,Mercantile,50001_100000,NaturalGas,Small Packaged Unit,Central Single-zone RTU_Furnace_DX,DX,Furnace,night_fancycle_novent,PSZ-AC with gas coil,Central Single-zone RTU,gen2_t8_halogen,2,2,1905,0.0,0.0,0.0,0.0,0.0,0.0,144830.55555555556,55227.777777777774,293452.7777777778,0.0,0.0,0.0,266511.1111111111,375647.2222222222,0.0,0.0,118964.66830447545,152799.03230328218,120594.2757478767,1543447.2222222222,110115.060044844,121478.88108090694,164852.99583480606,133617.80531267368,121292.54896099106,137672.79051151412,115423.0052965824,118432.62952231312,128204.9000386652,407780.5555555556,500027.77777777775,235416.66666666663,735444.4444444444,0.0,0.0,0.0,0.0,0.0,2278894.4444444445,609.93489,442.5805636308044,578.94688196022,346.5405397904983,347.99174070270175,346.34505713522685,544.299950409775,484.5666031728621,348.5264290443515,470.4912632389204,348.7360957290728,352.3904924971066,499.2690889680555,340.26828128630086,467.5330366232314,338.73101116957866,342.65496459597085,339.3748133481212,501.765161683302,410.4941506749508,340.4385129409835,412.6668101037881,332.0469353081524,331.8042420804886,381.94343474877,334.3775594792545,339.5693083896826,328.4471363744689,334.8438741129541,333.5679801661858,344.2798560043059,323.55873498726703,333.15682431625294,341.8809150427588,325.4778918591706,324.9622358750499,320.23554063475177,Metadata_MT_Commercial_MT_baseline_metadata_and_annual_results.csv,MT
184206,0,17500.0,Cold,MT,Montana,,Warehouse,Warehouse and Storage,10001_25000,NaturalGas,Residential Style Central Systems,Residential forced air_Furnace_DX,DX,Furnace,default_nochange,Residential AC with residential forced air furnace,Residential forced air,gen4_led,1,1,1962,0.0,0.0,0.0,0.0,0.0,0.0,2266.6666666666665,18344.44444444445,5022.222222222222,0.0,0.0,0.0,46516.66666666666,15775.0,0.0,0.0,6930.372506079983,7648.987032233698,7876.380471299875,87925.0,7206.019383862918,8086.7589622804735,7813.511178348303,6429.692528962273,7304.998318717115,6898.444104482959,7403.378500927203,7467.35387452034,6859.773258536267,0.0,241522.22222222225,0.0,241522.22222222225,0.0,0.0,0.0,0.0,0.0,329450.00000000006,25.7268,17.67058535303318,25.61968087960138,22.385445697974927,22.40360530129802,22.722115238950515,24.1547350261114,21.598222949879467,21.89945458922505,18.130230476479326,21.976174647772527,21.59201805548303,19.33359183872539,17.180205371873747,18.16699629949766,21.480502545918373,21.495753785964,21.54720553015217,20.403526004291862,18.045418337671776,17.24805605092929,17.71871126684814,21.375051002781024,20.188766872349586,18.065481362904585,7.792584932268072,7.747014690058414,8.31709213875851,8.72669631391221,8.297024320423326,7.753542437551976,7.747014690058414,8.215494495587949,7.747014690058414,8.198514153592619,7.897894195177455,7.747014690058414,Metadata_MT_Commercial_MT_baseline_metadata_and_annual_results.csv,MT
184207,0,3000.0,Cold,MT,Montana,strip_mall_restaurant20,RetailStripmall,Mercantile,1001_5000,Electricity,Multizone CAV/VAV,Central Multi-zone VAV RTU_Furnace_DX,DX,Furnace,night_fancycle_vent,PVAV with gas heat with electric reheat,Central Multi-zone VAV RTU,gen2_t8_halogen,1,1,1993,0.0,0.0,0.0,0.0,0.0,0.0,7811.111111111111,5772.222222222222,14013.888888888889,0.0,0.0,21236.11111111112,9030.555555555557,20891.666666666668,0.0,0.0,7336.94411671436,7483.645684212732,9557.591932662066,96094.44444444444,11574.088589843568,10393.181969514557,8345.501691825188,6456.734662330617,8468.220280949012,6338.40494036857,7784.8433907564095,6133.639322717203,6222.548183160949,17338.888888888887,27825.0,0.0,27825.0,0.0,0.0,0.0,0.0,0.0,123919.44444444444,40.60754,32.27629985860125,25.56037773685461,37.44880965246321,38.12427781492408,37.56712132439606,26.74575985015848,20.95433054550368,30.560668119421777,17.811655918308674,28.90114928592078,26.84432610449292,20.76297867314989,16.322197938928028,17.01572545313047,23.986878697129256,31.10465870775145,24.52814886643306,18.933999461408003,14.423187170841546,20.78919123356168,14.510285033310836,19.55527072060373,13.39773227842879,14.457491326336116,11.91041911663021,11.706538485399683,15.808371779815108,21.630914277789486,18.98594625466749,14.509516014992297,11.808042048349146,15.564410908452611,11.803173512268284,13.718627232639284,11.371666973661917,10.567553565982791,Metadata_MT_Commercial_MT_baseline_metadata_and_annual_results.csv,MT
184209,0,37500.0,Cold,MT,Montana,,Warehouse,Warehouse and Storage,25001_50000,NaturalGas,Residential Style Central Systems,Residential forced air_Furnace_DX,DX,Furnace,default_nochange,Residential AC with residential forced air furnace,Residential forced air,gen4_led,1,1,1971,0.0,0.0,0.0,0.0,0.0,0.0,6202.777777777778,37688.88888888889,9005.555555555557,0.0,0.0,0.0,109419.44444444444,38311.11111111111,0.0,0.0,15700.541406244953,17816.45080953569,17739.009892963928,200627.77777777772,16000.955266901412,18035.86721629228,18873.74714818755,14660.446273242163,16289.558416881617,15959.77711910495,16668.31353162857,16972.426184998523,15910.715804083387,0.0,324433.3333333333,0.0,324433.3333333333,0.0,0.0,0.0,0.0,0.0,525061.1111111111,56.02401,38.207288579772005,55.96898921494372,46.77460819189557,46.11984934107641,46.86974093215312,52.89617425725069,42.500912543976426,45.05994407336876,41.32013835814602,45.84708853588969,44.54164007572167,44.86931243833147,36.61447691508407,39.42198873662793,45.35141426183962,44.89986178571304,45.24492193700684,47.54782490186737,37.793996029790605,36.69791607278026,37.30961642533869,45.15548554509195,38.51609444360623,37.67360188311287,16.23781614669288,16.27701645038626,17.29865995078809,17.815261634334554,17.08334205317311,17.798164116839224,16.226547075513462,16.909199333756423,16.226547075513462,16.628446308332705,16.285178546372954,16.226547075513462,Metadata_MT_Commercial_MT_baseline_metadata_and_annual_results.csv,MT
184211,0,3000.0,Cold,MT,Montana,,FullServiceRestaurant,Food Service,1001_5000,Electricity,Small Packaged Unit,Central Single-zone RTU_Electric Resistance_DX,DX,Electric Resistance,night_fanon_vent,PSZ-AC with electric coil,Central Single-zone RTU,gen3_t5_cfl,1,1,1974,0.0,0.0,0.0,0.0,0.0,0.0,16405.555555555555,5463.888888888889,59255.55555555556,0.0,0.0,164516.66666666666,49983.333333333336,6591.666666666667,0.0,13275.0,26106.361243220155,18038.019088658875,37521.011911008754,324233.3333333333,39216.29426902483,36053.20963361095,17907.139089612116,17172.139059347694,33443.192727572576,18578.351206342377,32764.844414999927,27486.650542504627,19946.15522107728,8744.444444444443,0.0,293158.33333333326,370180.5555555555,77022.22222222222,0.0,0.0,0.0,0.0,694413.888888889,95.43418,61.46400581424986,42.99884700631016,76.23716027315878,94.58657342828236,68.56289621046311,39.54663959609439,38.935006555256656,75.48303847331289,46.54575205490408,65.81745909682834,58.84938589211367,49.45934123705217,45.80807997464626,34.989199620631304,55.54995405009811,64.15320094604914,54.48912838270095,36.22100387081148,32.257840710313005,56.30498449464263,32.76869708061122,52.756861954684325,47.91161169990575,38.55672120224323,34.2929822010929,27.34434270629876,42.62237154752097,48.301166246142856,45.11920125879763,30.29162885783672,27.996264611345502,42.511010892300966,27.512686632351446,34.33189595300768,34.676544247480805,27.89656143290153,Metadata_MT_Commercial_MT_baseline_metadata_and_annual_results.csv,MT
184213,0,37500.0,Cold,MT,Montana,,Warehouse,Warehouse and Storage,25001_50000,NaturalGas,Residential Style Central Systems,Residential forced air_Furnace_DX,DX,Furnace,default_nochange,Residential AC with residential forced air furnace,Residential forced air,gen1_t12_incandescent,1,1,2000,0.0,0.0,0.0,0.0,0.0,0.0,9813.888888888889,23780.555555555555,7502.777777777778,0.0,0.0,0.0,99675.0,88836.11111111111,0.0,0.0,17940.69310454227,21409.03779834958,19335.70165718342,229608.3333333333,17311.0361646174,19600.64111688629,22787.16016128801,17682.834876554647,18130.75954720248,19189.05003651131,18324.111927196456,19136.44129696668,18761.5025977914,0.0,136000.0,0.0,136000.0,0.0,0.0,0.0,0.0,0.0,365608.3333333334,72.49564,55.18192359657475,72.07597571731903,53.61241926732419,54.00564617215477,53.59554708666159,69.46598446124081,63.49318071173753,53.4564085307452,63.79905210009097,53.3133140567689,54.468772585897874,65.86799202709349,53.09568881067091,60.64176262708542,53.1484253405067,53.15169757404961,53.12378283335792,66.10897979936884,56.64547947428136,53.0882696407203,54.95308963942316,53.11485021222761,53.69782352136707,56.11090678394001,14.995813679564248,15.41081350533164,15.6160063809396,15.481707414000018,15.56194716823332,18.65984371535319,14.995813679564248,15.29937002293003,15.008797218657126,15.147823265011969,15.005336898992304,15.008639947685204,Metadata_MT_Commercial_MT_baseline_metadata_and_annual_results.csv,MT
184215,0,37500.0,Cold,MT,Montana,strip_mall_restaurant20,RetailStripmall,Mercantile,25001_50000,NaturalGas,Small Packaged Unit,Central Single-zone RTU_Furnace_DX,DX,Furnace,night_fancycle_vent,PSZ-AC with gas coil,Central Single-zone RTU,gen5_led,1,1,2018,0.0,0.0,0.0,0.0,0.0,0.0,50405.55555555556,35852.777777777774,119600.0,0.0,0.0,0.0,85852.77777777778,145666.66666666666,0.0,0.0,35823.0670496579,47832.2478609446,37534.3665932193,474641.6666666667,33882.9998024589,37968.06312419925,50642.19100689368,41167.09168098317,36385.55740640767,41493.10481650425,36140.06424732575,37468.40451493809,38305.39703015094,37263.88888888889,274066.6666666666,337733.33333333326,858713.8888888888,246913.88888888888,0.0,0.0,0.0,0.0,1333355.5555555555,142.29659,101.94669718630922,133.33859766570166,82.24901152019996,80.13751101051729,82.3962764215269,130.64026534940268,122.58272728160938,78.93464475199235,111.47027187737054,82.22327448296002,92.64201332058042,118.05119720443317,73.14251180434505,106.23711123135442,78.98795319481681,76.58835386933569,78.40251078742801,112.92559282261011,94.52465330451524,73.8383757676252,92.13943606912106,77.8276724528566,75.41427572370674,77.0780881614219,69.6934549028812,71.7419048421711,69.53164403518169,69.79023730666135,70.20602295816836,72.11186429984792,70.7176684514716,69.8680255927963,72.41897735772746,70.1204900456678,70.54289125604954,70.56789715000112,Metadata_MT_Commercial_MT_baseline_metadata_and_annual_results.csv,MT
184216,0,17500.0,Cold,MT,Montana,strip_mall_restaurant20,RetailStripmall,Mercantile,10001_25000,NaturalGas,Small Packaged Unit,Central Single-zone RTU_Furnace_DX,DX,Furnace,night_fancycle_vent,PSZ-AC with gas coil,Central Single-zone RTU,gen2_t8_halogen,2,2,1974,0.0,0.0,0.0,0.0,0.0,0.0,59461.11111111112,22800.0,96913.88888888888,0.0,0.0,0.0,65911.11111111111,117291.66666666669,0.0,0.0,27987.134799007315,40271.36869782865,28148.25237257948,383577.7777777778,25433.039552656635,28386.200466465416,44444.3995627416,36950.96370417851,27609.485555234445,35513.30749391284,27175.35684485521,28943.83450012888,32714.224500537544,21200.0,310572.2222222222,165213.88888888885,595044.4444444443,119261.1111111111,0.0,0.0,0.0,0.0,978622.2222222222,123.58516,77.74545543617768,117.32552849847188,57.04986778095424,57.679286333054186,57.55925040394204,118.33075871295205,111.39189360850408,58.08481092473084,100.21785373144948,57.703719433219625,68.86069846614268,98.93527232973868,56.379334221549925,88.03720836799674,55.8765643299829,55.91792420093755,55.81881887616763,96.27312519119332,82.49890258087905,55.95110175360463,78.80032787472558,56.21596785791368,56.97175702787571,75.99121581043553,50.04397556779428,57.36948339202944,53.63355069094315,52.41000176724474,53.021759849087246,79.61306328384201,57.34734853169213,49.127995297719856,53.580900973968895,54.208832265874406,52.00279359217468,51.23992844097845,Metadata_MT_Commercial_MT_baseline_metadata_and_annual_results.csv,MT
184217,0,17500.0,Cold,MT,Montana,strip_mall_restaurant20,RetailStripmall,Mercantile,10001_25000,Electricity,Multizone CAV/VAV,Central Multi-zone VAV RTU_Furnace_DX,DX,Furnace,night_fancycle_novent,PVAV with gas heat with electric reheat,Central Multi-zone VAV RTU,gen2_t8_halogen,2,2,1974,0.0,0.0,0.0,0.0,0.0,0.0,45791.66666666666,22800.0,27791.666666666668,0.0,0.0,111369.44444444444,27605.555555555555,124397.22222222223,0.0,0.0,25648.80503114891,28993.356260423905,37242.54217389182,375977.7777777778,45266.20842410235,43769.16668027865,31424.471876612053,26688.18406487217,32430.85335958329,25546.979871592765,30377.9512591128,24517.96883826312,24072.494244775447,16225.0,94238.88888888888,120336.11111111112,293122.2222222222,78547.22222222222,0.0,0.0,0.0,0.0,669102.7777777778,165.58596,102.88127877395355,106.48725422482796,154.56948011112996,135.83265629298953,145.0426618244434,111.10327158785692,99.80267229090572,133.2682235347328,82.49342739943083,106.70348112524044,85.820573940558,80.60343136616115,55.98064484217196,66.2009207524448,88.30812097228318,117.69868175534188,102.93492588692386,78.18544503983132,59.52712133971736,81.73968712389254,56.3303452902398,76.83680320317274,55.23088182450677,54.70519263847008,41.615316960548185,44.46509918914735,65.86663270608828,84.2289698603744,74.70033457449998,55.37405181190491,44.965671302593584,55.71096272854216,38.32266407018071,52.33622991030165,43.09242151703487,42.27572881745982,Metadata_MT_Commercial_MT_baseline_metadata_and_annual_results.csv,MT
184219,0,7500.0,Cold,MT,Montana,,Warehouse,Warehouse and Storage,5001_10000,NaturalGas,Small Packaged Unit,Central Single-zone RTU_Furnace_DX,DX,Furnace,night_fancycle_vent,PSZ-AC with gas coil,Central Single-zone RTU,gen4_led,2,2,1990,0.0,0.0,0.0,0.0,0.0,0.0,497.2222222222223,6747.222222222222,1850.0,0.0,0.0,0.0,20430.555555555555,6986.111111111111,0.0,0.0,2925.8929384557005,3053.302853448521,3310.1835434009563,36513.88888888889,2963.37222443122,3345.103253943235,3135.776749970143,2662.933228957554,3053.375672376601,2915.386918515668,3106.375270925818,3144.728231040891,2897.238896870709,0.0,76172.22222222222,0.0,76172.22222222222,0.0,0.0,0.0,0.0,0.0,112686.11111111112,9.29741,7.547908954678248,9.25522096415138,8.060611040701469,7.660901590967377,8.110021546638723,8.97109458653178,7.6897337673280415,7.564684120779487,7.644423215258144,7.828709797812083,7.870247023324881,8.311137867825448,7.383809734314388,7.673971665477509,7.879435523726634,7.532456798818769,7.91304849145079,8.260001299453798,7.44648876301685,7.438774022158984,7.394804315739107,7.4335204991726656,7.419438296848983,7.466810577486706,3.0743400985567013,3.063452828812376,3.378116969426836,3.4118055688661006,3.2940619770437487,3.063452828812376,3.063452828812376,3.3378652104609854,3.063452828812376,3.2246554235697715,3.1383725563508365,3.063452828812376,Metadata_MT_Commercial_MT_baseline_metadata_and_annual_results.csv,MT
184220,0,3000.0,Cold,MT,Montana,,SmallOffice,Office,1001_5000,Electricity,Small Packaged Unit,Central Single-zone RTU_Electric Resistance_DX,DX,Electric Resistance,night_fancycle_vent,PSZ-AC with electric coil,Central Single-zone RTU,gen1_t12_incandescent,1,1,1962,0.0,0.0,0.0,0.0,0.0,0.0,2044.4444444444448,3275.0,5080.555555555556,0.0,0.0,29805.55555555556,5375.0,8730.555555555557,0.0,0.0,4449.0439672273305,2426.263694612029,7733.519430430044,54311.11111111111,7887.934077724592,7193.537797956239,2638.114452680816,2137.224016458796,5782.158187134374,2370.512841312308,5880.281605617865,3511.341816138877,2302.379773856413,0.0,0.0,0.0,3877.777777777777,3877.777777777777,0.0,0.0,0.0,0.0,58188.88888888889,27.45924,15.42128221246986,11.1122204787491,18.900935369895265,23.898703194713605,18.71913627266313,10.64741571363715,8.554878230253617,13.520766888494933,8.410880821103332,14.840894226787707,9.80999124194758,9.318099363487155,8.754592167069724,7.9525781940092735,12.93073109202815,14.081391988100746,12.390061885590985,9.49655581687212,7.32344936901204,10.759838236715286,6.792053223870973,11.182342575358776,7.243558968213732,7.211552605620231,3.5388210650400165,2.273728795679816,8.996771305011018,8.03619795430088,8.776496256680662,2.524490125512614,2.079072950662245,8.643132647771006,2.082555734531665,6.722327831421072,3.031654406952015,2.0771941295359384,Metadata_MT_Commercial_MT_baseline_metadata_and_annual_results.csv,MT
184221,0,17500.0,Cold,MT,Montana,strip_mall_restaurant0,RetailStripmall,Mercantile,10001_25000,NaturalGas,Small Packaged Unit,Central Single-zone RTU_Furnace_DX,DX,Furnace,night_fancycle_vent,PSZ-AC with gas coil,Central Single-zone RTU,gen2_t8_halogen,2,2,1983,0.0,0.0,0.0,0.0,0.0,0.0,33077.777777777774,22091.666666666668,61922.22222222223,0.0,0.0,0.0,37766.66666666667,118319.44444444444,0.0,0.0,20924.82134034948,28609.15336776965,21516.544102573032,280547.2222222222,19425.63698732056,21568.726979318017,31536.034767908262,25602.38109763552,20926.144227862573,24597.863212362343,20640.187671092182,21685.85497074964,23513.85812275032,7366.666666666667,186172.2222222222,0.0,186172.2222222222,0.0,0.0,0.0,0.0,0.0,466719.4444444445,96.66355,64.39996330312985,92.3251669907678,46.12498539288113,45.2354466613685,46.13317088781274,90.55167916827855,81.49312600140276,45.7150838966643,68.28013288184464,45.66106687048802,58.482683371516536,71.99187024016496,42.64209907023466,64.97193079131412,41.0692400494186,41.28987156894282,41.09025493344264,72.80519666667453,62.66091206043457,41.31169703940663,59.43339833967068,41.311213156182994,44.16941052135138,52.573425647902845,39.54144848400885,42.69466409111945,39.9593100488874,39.75452830336887,39.53927141243764,57.9256231398804,43.44387811246634,39.943758065650194,40.51890809805278,39.53494589835257,39.72510733108738,40.05991961568397,Metadata_MT_Commercial_MT_baseline_metadata_and_annual_results.csv,MT
184222,0,7500.0,Cold,MT,Montana,,FullServiceRestaurant,Food Service,5001_10000,Propane,Small Packaged Unit,Central Single-zone RTU_Furnace_DX,DX,Furnace,night_fanon_vent,PSZ-AC with gas coil,Central Single-zone RTU,gen2_t8_halogen,1,1,1949,0.0,0.0,0.0,0.0,0.0,0.0,35063.88888888889,10525.0,132041.6666666667,0.0,0.0,0.0,231483.3333333333,30988.88888888889,0.0,13272.222222222224,35271.8638544662,43582.21161338036,35890.43161665053,453375.0,32214.19880329479,35870.710935226525,46531.844466723465,39723.17227150716,35815.98923923718,39258.07081087291,34887.218783351884,36538.05266824072,37791.8770015747,0.0,0.0,147674.99999999997,147674.99999999997,0.0,0.0,523380.5555555556,731038.8888888888,207658.3333333333,1332088.8888888888,135.04296,101.41499281883986,133.0837076547718,81.89138003390418,81.46775105848575,81.33037638466713,129.82942461644546,120.3212269609098,79.95898922952566,104.71661090433956,82.16002185301319,92.71475565347156,110.46743774414422,80.18787500365593,101.48057429648672,80.041915570971,78.49593634449818,80.14329666104129,109.31196044315271,96.03278800224862,78.86500246541229,89.5304538088094,80.7250336630324,80.56170765059993,88.87205525471782,76.72572053486759,80.55067569805321,77.91383957409134,76.911869418608,77.71054433310816,87.58539045023754,80.47829988418832,76.3229827964264,78.19079809410691,77.91154770374096,76.91683383647282,77.81199386972919,Metadata_MT_Commercial_MT_baseline_metadata_and_annual_results.csv,MT
184223,0,3000.0,Cold,MT,Montana,strip_mall_restaurant10,RetailStripmall,Mercantile,1001_5000,Electricity,Multizone CAV/VAV,Central Multi-zone VAV RTU_Furnace_DX,DX,Furnace,night_fanon_vent,PVAV with gas heat with electric reheat,Central Multi-zone VAV RTU,gen2_t8_halogen,1,1,1914,0.0,0.0,0.0,0.0,0.0,0.0,5286.111111111111,8952.777777777776,19641.666666666668,0.0,0.0,51447.22222222223,7252.777777777778,15880.555555555557,0.0,0.0,9980.175762576586,7621.461548050881,14299.042069817488,122244.44444444444,13487.110674001378,13565.380741217372,7845.677588713056,7271.936608745896,11873.573429759388,7828.309768438424,11692.38455373976,9255.344643670976,7524.777983912053,13783.333333333334,35538.88888888888,0.0,35538.88888888888,0.0,0.0,0.0,0.0,0.0,157783.3333333333,36.55039,29.132340848666047,21.34842992300446,33.670337977448014,33.29086758253462,33.542405741556784,19.580134060154617,23.19093317192696,33.07479230453256,24.009143497758203,33.338987377895364,27.415960818048934,27.111969570106687,25.88631376385093,15.904917859498443,31.132858752097093,30.74053825595081,30.81834454635421,16.558671563062923,15.625110780719776,29.20603082610976,19.10548338312144,27.873610946151985,23.90113060559611,18.00360228495781,16.476322823650378,10.849419598650936,24.37890540671937,22.73242899965078,23.4222406814653,10.680741700016007,12.582877082396973,24.335701128048893,13.70033316356084,20.929153992815003,16.400639795687162,12.139802289790904,Metadata_MT_Commercial_MT_baseline_metadata_and_annual_results.csv,MT
184224,0,17500.0,Cold,MT,Montana,,Warehouse,Warehouse and Storage,10001_25000,NaturalGas,Small Packaged Unit,Central Single-zone RTU_Furnace_DX,DX,Furnace,night_fancycle_vent,PSZ-AC with gas coil,Central Single-zone RTU,gen1_t12_incandescent,1,1,1969,0.0,0.0,0.0,0.0,0.0,0.0,3791.6666666666665,23491.666666666668,6008.333333333333,0.0,0.0,0.0,49358.333333333336,44961.11111111111,0.0,0.0,10014.730505218233,11224.078910792528,11280.006511042848,127608.33333333331,10218.370445952807,11481.872791540209,11994.005402660978,9426.496699355104,10373.812604679148,10092.103253025263,10608.830710079055,10775.219821309624,10119.562756919462,0.0,226722.2222222222,0.0,226722.2222222222,0.0,0.0,0.0,0.0,0.0,354330.5555555556,37.87267,25.681591421505,37.65343925466079,30.24282836326641,27.35174903008853,30.19670410021167,36.53872808090102,30.01203264506872,26.75478024683252,27.56313173785217,27.766106376798188,27.829244421180707,31.713090257171537,24.943020547720508,26.63663718886129,27.887234091011702,25.6656112427458,28.12158777103257,30.661897537590384,25.386137901147443,25.08858359412552,25.26220454733827,26.068352893550944,25.15273207908121,25.13521337587342,9.865587668315452,9.849261309829991,10.493216756385856,11.00315797560969,10.558216497139842,9.842295349414146,9.842295349414146,10.462133111577153,9.842295349414146,10.32920901353452,9.855252849882524,9.842295349414146,Metadata_MT_Commercial_MT_baseline_metadata_and_annual_results.csv,MT
184227,0,37500.0,Cold,MT,Montana,,PrimarySchool,Education,25001_50000,Electricity,Multizone CAV/VAV,Central Multi-zone VAV RTU_Furnace_DX,DX,Furnace,default_nochange,PVAV with gas heat with electric reheat,Central Multi-zone VAV RTU,gen2_t8_halogen,1,1,1986,0.0,0.0,0.0,0.0,0.0,0.0,30163.88888888889,36636.1111111111,70647.22222222222,0.0,0.0,253583.3333333333,24058.33333333333,44461.11111111111,5.555555555555555,15797.222222222224,44124.46874923403,28400.16082474972,61841.427191464936,522752.7777777778,61528.36255408342,61359.103455060846,27344.023924498928,30114.428545948744,52458.189709600185,34190.10099809995,50496.76199960062,40007.92925310571,30888.099394984616,47397.22222222223,106508.33333333331,0.0,106508.33333333331,0.0,0.0,0.0,0.0,0.0,629261.111111111,170.97219,127.68822606451016,78.09506100772349,165.1463813512607,165.3553424055692,158.5706083329308,75.14994798139875,76.39019813355495,132.9950511909702,73.41699781540106,134.49400179357016,101.2016754265043,97.52063373590325,85.11020762169254,58.34509039461673,111.0644615339501,118.77770101460638,110.7042147385226,59.5929175888573,56.32841313221965,98.88052944018864,63.62980196569419,95.60350332929218,73.66895419456092,58.788267053343176,49.95093359885247,32.69763969758018,87.47738606140246,93.97671111390702,85.20935862994106,32.83416001016938,34.98544683322459,84.44321320216542,42.13237596437116,67.1320569430677,54.54562543708772,32.55935894637848,Metadata_MT_Commercial_MT_baseline_metadata_and_annual_results.csv,MT
184230,0,17500.0,Cold,MT,Montana,,Warehouse,Warehouse and Storage,10001_25000,NaturalGas,Small Packaged Unit,Central Single-zone RTU_Furnace_DX,DX,Furnace,night_fanon_vent,PSZ-AC with gas coil,Central Single-zone RTU,gen4_led,2,2,1982,0.0,0.0,0.0,0.0,0.0,0.0,1161.111111111111,17047.222222222223,14011.111111111111,0.0,0.0,0.0,50513.88888888889,17616.666666666668,0.0,0.0,8078.186439995489,8448.550589684117,8902.1402388595,100350.0,7882.555811063497,8993.967575990097,8544.834752626832,7594.033026089831,8338.880911980577,8223.45451467075,8471.284171611234,8726.410704694576,8146.298179385405,0.0,127583.33333333331,0.0,127583.33333333331,0.0,0.0,0.0,0.0,0.0,227933.3333333333,21.94621,21.80816410455865,20.738720016200183,21.901825220095347,21.80816410455865,21.901825220095347,19.9217877757332,18.60939262689468,21.80816410455865,19.25906004405092,21.84375168907768,21.87546178559066,21.794375435358223,19.81422179552713,19.340134570596334,21.89389769596709,21.80816410455865,21.901825220095347,18.99595465223849,18.14234137398445,21.77645400804566,18.262229160979388,21.80816410455865,21.742472697420947,21.5961202952143,8.955667033620633,9.02957344087774,9.164271826591598,9.164271826591598,9.164271826591598,9.202409050390548,8.948048433401759,9.164271826591598,8.948048433401759,9.164271826591598,9.081462106237264,8.9823078853547,Metadata_MT_Commercial_MT_baseline_metadata_and_annual_results.csv,MT
184233,0,37500.0,Cold,MT,Montana,,Warehouse,Warehouse and Storage,25001_50000,NaturalGas,Small Packaged Unit,Central Single-zone RTU_Furnace_DX,DX,Furnace,night_fancycle_novent,PSZ-AC with gas coil,Central Single-zone RTU,gen2_t8_halogen,1,1,1987,0.0,0.0,0.0,0.0,0.0,0.0,18425.0,47163.88888888889,20566.666666666668,0.0,0.0,0.0,106983.33333333331,48011.11111111111,0.0,0.0,17895.50176657013,23649.17488029315,20118.47538719932,241150.0,18108.603299504048,20360.08747282007,26171.686955739595,19167.919450268862,18282.389318404028,19441.86187906109,18902.66886541978,19317.386149932285,19733.0181611887,0.0,376211.1111111111,0.0,376211.1111111111,0.0,0.0,0.0,0.0,0.0,617358.3333333333,92.14881,52.521138385851664,92.0312579249077,54.02248362230502,53.02587511900709,54.17651822157897,85.68860007344625,72.55194639983159,51.22382926538226,65.38603160571783,53.20222375255792,57.811035535118585,77.42201129583704,41.604007039621365,61.87715591219577,52.33464942059416,51.33655242027903,52.333564605105984,69.12243201913495,46.83967105833787,41.64396890425684,46.89996227159537,52.150609801455474,45.44334420331273,42.72722970341636,18.748398611607463,18.748398611607463,20.0128353962,21.064626479092844,20.37169092711149,28.97052410923518,18.748398611607463,19.73712334833068,18.76716573176202,20.008278814181537,18.77677235133428,18.748398611607463,Metadata_MT_Commercial_MT_baseline_metadata_and_annual_results.csv,MT
184234,0,17500.0,Cold,MT,Montana,,FullServiceRestaurant,Food Service,10001_25000,NaturalGas,Small Packaged Unit,Central Single-zone RTU_Furnace_DX,DX,Furnace,night_fanon_vent,PSZ-AC with gas coil,Central Single-zone RTU,gen2_t8_halogen,2,2,2014,0.0,0.0,0.0,0.0,0.0,0.0,48877.777777777774,16422.222222222223,217258.3333333333,0.0,0.0,0.0,252522.22222222225,74383.33333333333,0.0,9916.666666666666,52637.5004419286,63602.6783213044,53390.81164996378,668744.4444444444,47982.38603983456,53743.51030088392,65768.97799783798,58025.75294706832,52909.36567620344,58944.71307704085,51817.90613193388,54713.48466553385,55207.68218275185,49363.88888888889,448575.0,270805.5555555555,1175102.7777777778,455725.0,0.0,0.0,0.0,0.0,1843850.0,171.46798,132.49228617016914,169.9963985559864,112.9385398500368,111.440797788108,112.52510827131644,165.17791995210254,151.85341531966228,111.04324244974144,142.18563047481956,113.00140814106574,123.45887074627257,147.65633153753888,108.84868580283842,137.64542830375476,110.36328064622133,108.15631512168883,110.56675059785503,143.67536518365958,128.86953609711605,107.93999927437082,126.02859692160244,111.14540345603112,108.88137864642228,119.07726957977432,103.32278029238194,107.91180759601028,104.05148613741596,103.1279713424085,103.1109077142638,115.56843737117408,107.19694843123848,103.1931858696962,109.30094614627916,103.95413445857272,104.29020980881856,104.49517600997318,Metadata_MT_Commercial_MT_baseline_metadata_and_annual_results.csv,MT
184237,0,37500.0,Cold,MT,Montana,,SmallHotel,Lodging,25001_50000,Electricity,Zone-by-Zone,Zone terminal equipment_Electric Resistance_DX,DX,Electric Resistance,default_nochange,PTAC with electric coil,Zone terminal equipment,gen2_t8_halogen,2,2,1881,0.0,0.0,0.0,0.0,0.0,0.0,85505.55555555555,43483.333333333336,61622.22222222223,0.0,0.0,58288.88888888889,264225.0,135563.8888888889,50.0,0.0,63960.05608455742,72360.8426920601,74019.03523121383,825105.5555555556,73876.46916845696,71175.12911583802,76397.59664581853,67005.10986359397,66343.58465342899,67393.17988379596,64782.40206469434,63076.79541370078,64714.31905434844,176366.66666666666,0.0,105747.22222222222,105747.22222222222,0.0,0.0,0.0,0.0,0.0,930852.777777778,206.21801,151.89141604762554,142.17863246557351,182.863422400878,204.1087824224054,156.70230050662778,146.64954276188286,131.1454279935924,148.61038914010967,124.7994469448081,139.5030735199339,109.67668374369104,126.2783058436443,109.7799026700208,120.6341154863818,120.44968090261804,140.59676512595777,114.95653282579848,129.39179064880537,116.9596745624587,112.10895226546717,112.53644326172136,108.936765546584,105.75229856461486,111.55821014870004,104.22352160413578,105.3251907059326,102.4219587876883,113.1967529653634,104.8855410046836,113.89201625265936,103.76940423529368,105.92751891929592,101.28690137870292,101.30780162795972,100.1888338793115,100.37387525030044,Metadata_MT_Commercial_MT_baseline_metadata_and_annual_results.csv,MT
184238,0,7500.0,Cold,MT,Montana,strip_mall_restaurant20,RetailStripmall,Mercantile,5001_10000,NaturalGas,Small Packaged Unit,Central Single-zone RTU_Furnace_DX,DX,Furnace,night_fancycle_novent,PSZ-AC with gas coil,Central Single-zone RTU,gen3_t5_cfl,1,1,1934,0.0,0.0,0.0,0.0,0.0,0.0,9380.555555555557,13891.666666666666,25850.0,0.0,0.0,0.0,74280.55555555556,23308.33333333333,0.0,0.0,12165.09672145547,14639.31388216422,12862.831053812164,156080.55555555556,11546.98700443279,12900.13532000842,15489.084379719385,12815.358294071591,12564.277073341183,12932.293243464774,12407.977985165946,12809.994526096229,12947.69997254679,9369.444444444443,81205.55555555555,0.0,112466.66666666664,31261.11111111111,0.0,0.0,0.0,0.0,268550.0,58.95328,37.84747148917231,51.523285028293536,35.20307949997721,33.84847941482257,34.40865506143345,49.53690146040815,43.65987948828258,33.696093287021775,40.01355839110567,35.136603214252496,36.65249386108316,44.36704057488162,33.42129584325596,40.10958914851992,34.36714488322361,33.01028984778661,33.00716582573117,45.05288960446914,36.150510562498965,32.88145986163872,35.14912315815985,33.8239329162052,33.28236523020971,35.16885246094801,29.27083597267372,30.65329096533446,29.63432299208716,28.987341214324893,29.46405373799984,34.3644451032606,29.89243604085297,29.97311845454216,29.847949811094203,29.647640323035105,30.08677900976927,29.173867035343136,Metadata_MT_Commercial_MT_baseline_metadata_and_annual_results.csv,MT
184241,0,3000.0,Cold,MT,Montana,,QuickServiceRestaurant,Food Service,1001_5000,NaturalGas,Small Packaged Unit,Central Single-zone RTU_Furnace_DX,DX,Furnace,night_fancycle_novent,PSZ-AC with gas coil,Central Single-zone RTU,gen4_led,1,1,2002,0.0,0.0,0.0,0.0,0.0,0.0,15113.888888888889,7350.0,37383.333333333336,0.0,0.0,0.0,81188.88888888889,6841.666666666667,0.0,13080.555555555557,12445.372363121216,15899.919515033043,12637.041542383258,160958.33333333334,11409.87805566454,12607.240111324309,16495.274870044148,14204.147690161886,12538.588976986326,14127.776180020694,12242.977206751488,12953.36101149363,13397.845010993624,0.0,111805.55555555556,86891.66666666666,225636.1111111111,26938.888888888887,0.0,0.0,0.0,0.0,386594.4444444444,47.39318,36.16770716765421,46.32911770413005,30.413354254259456,29.561013292275906,30.250685886500385,43.46033534787751,43.6241350399393,30.22794465491996,38.54409550812385,30.3471505676426,35.05375247842212,39.594953853040415,27.9963868554584,36.3498119846688,26.83187005910842,26.41956318577416,26.89698246572785,38.06987382974921,33.71084806357649,27.163771657617406,31.655746172189584,27.57325930565562,28.79560014230256,30.10153905195749,26.27641191751523,27.51246477657649,26.264541459607127,26.2666813280422,26.26836036534827,29.149603342005115,28.351844589779628,26.27576374601753,26.94736835685985,26.280718973527907,26.50298847421643,27.18908656289842,Metadata_MT_Commercial_MT_baseline_metadata_and_annual_results.csv,MT
184242,0,17500.0,Cold,MT,Montana,largeoffice_datacenter,LargeOffice,Office,10001_25000,NaturalGas,Multizone CAV/VAV,Central Multi-zone VAV RTU_Boiler _WCC,WCC,Boiler ,night_fancycle_vent,VAV chiller with gas boiler reheat,Central Multi-zone VAV RTU,gen2_t8_halogen,7,7,1965,0.0,0.0,0.0,0.0,0.0,0.0,104508.33333333331,10422.222222222224,22519.444444444445,0.0,1627.7777777777778,0.0,234388.8888888889,27125.0,25086.11111111112,0.0,33720.641929255304,40547.29212786201,33099.37256618944,425677.7777777778,29593.87593290726,33422.58357414379,42620.683583375605,36679.93623147273,33585.4753865596,37871.14565812202,32550.92615430984,35561.34491637498,36424.93307534757,0.0,177933.3333333333,0.0,182233.3333333333,4299.999999999999,0.0,0.0,0.0,0.0,607911.1111111111,98.46945,63.35702565724271,93.05187741632498,56.60772042272783,57.57386547445694,56.08357861729407,93.72785738554846,71.41836312931693,57.90755135489696,68.68186294635409,59.06776181324192,62.42476143153674,73.26554452164416,56.38447747837016,64.2807888338018,53.71973263560604,52.78802755462368,54.04192086084937,72.9757038082631,63.917423784339846,55.64671388993005,63.69941531230874,54.37773154508089,58.407035288507295,62.26450445763879,43.01190088832758,45.57071205842894,39.81903062706175,38.51932796659079,40.00072610649123,51.89582119751533,44.16642222344132,40.02567293152461,45.2741055914293,40.20633614068765,42.9574691155863,43.435230927983206,Metadata_MT_Commercial_MT_baseline_metadata_and_annual_results.csv,MT
184246,0,17500.0,Cold,MT,Montana,,Warehouse,Warehouse and Storage,10001_25000,NaturalGas,Small Packaged Unit,Central Single-zone RTU_Furnace_DX,DX,Furnace,night_fancycle_vent,PSZ-AC with gas coil,Central Single-zone RTU,gen2_t8_halogen,1,1,1969,0.0,0.0,0.0,0.0,0.0,0.0,3327.777777777778,22427.777777777777,7133.333333333333,0.0,0.0,0.0,47083.333333333336,20700.0,0.0,0.0,7802.683072209622,8751.162433167492,9128.44241126434,100675.0,8354.630858612269,9278.761690653091,9504.477882982554,7219.545237299342,8255.122604525355,7681.759321970993,8517.073111809801,8432.169367876095,7748.898992599039,0.0,295038.8888888889,0.0,295038.8888888889,0.0,0.0,0.0,0.0,0.0,395713.8888888889,29.995240000000003,20.00004939787492,29.634966179597008,25.449946639058293,22.584258042686887,25.44695017821775,29.15403741738674,22.7685793417661,21.822327697921583,20.121562457615006,22.703806744206904,22.86315819968136,22.056130257383145,18.8907270767948,19.64918521762567,22.83989469084153,20.52321805755881,23.10645518251871,22.96936635334475,19.04575415736891,19.3971361448347,19.099537818471266,20.040270465303664,20.285713543884462,19.00047823262665,8.921385955908733,8.845377592044773,9.633756085258153,10.286531140961095,9.785686306101256,8.945685156722632,8.845377592044773,9.640186734011772,8.845377592044773,9.466573617943022,8.883974659910855,8.845377592044773,Metadata_MT_Commercial_MT_baseline_metadata_and_annual_results.csv,MT
184248,0,37500.0,Cold,MT,Montana,strip_mall_restaurant20,RetailStripmall,Mercantile,25001_50000,NaturalGas,Small Packaged Unit,Central Single-zone RTU_Furnace_DX,DX,Furnace,night_fancycle_vent,PSZ-AC with gas coil,Central Single-zone RTU,gen4_led,1,1,2012,0.0,0.0,0.0,0.0,0.0,0.0,39413.88888888889,48383.333333333336,133041.6666666667,0.0,0.0,0.0,98219.44444444444,117030.55555555556,0.0,0.0,35665.61293454729,47186.05958782096,38114.12299015506,474333.3333333333,34787.74718405374,38612.3457801816,50035.586804167,39690.88239999728,38598.874631981766,40159.55399334169,36547.59677636177,37436.472939847976,37498.78899951605,38241.66666666666,377744.4444444445,34677.777777777774,642219.4444444444,229797.2222222222,0.0,0.0,0.0,0.0,1116552.7777777778,165.90015,107.74518596351255,157.70081767423775,94.33147144369634,96.7983840392874,94.46949815849706,149.17777741245743,135.80166096747575,100.4774329971988,120.411727367655,94.6589735841858,97.11091318453744,129.73463488372582,81.05500065578126,115.31334259975752,92.2697307608212,90.08168460772733,91.88305340532388,125.4788949682329,102.83749297391682,90.41587967000848,97.0806237354783,92.88569206120924,88.80563256561551,87.24302101681944,74.27511649004082,78.9416568031118,79.12778094600732,75.54921499148793,77.41317755188412,81.95049068344636,76.3861950755261,76.01961629004863,78.96980249266457,74.20150345360018,74.33816369199786,74.63754753641135,Metadata_MT_Commercial_MT_baseline_metadata_and_annual_results.csv,MT
184252,0,17500.0,Cold,MT,Montana,strip_mall_restaurant40,RetailStripmall,Mercantile,10001_25000,NaturalGas,Small Packaged Unit,Central Single-zone RTU_Furnace_DX,DX,Furnace,night_fancycle_vent,PSZ-AC with gas coil,Central Single-zone RTU,gen2_t8_halogen,1,1,1990,0.0,0.0,0.0,0.0,0.0,0.0,34102.777777777774,26758.33333333333,91547.22222222222,6836.111111111111,0.0,0.0,87333.33333333333,108750.0,0.0,0.0,29120.048385973823,37663.91726729285,30312.304945506832,384538.8888888889,27471.64734934581,30633.57703404824,41309.6831466214,33709.83853480409,29586.505476446942,33322.19521167415,29241.14671888257,30433.644423133104,31734.4589452678,29211.11111111112,264594.44444444444,89422.22222222222,571147.2222222221,217130.5555555556,0.0,0.0,0.0,0.0,955686.1111111112,123.79859,78.16346081051928,112.63226378665831,66.72681667330338,65.02418886872981,65.71310901042908,120.75372548157202,101.0307564147904,62.31940593290231,93.42870362825415,66.15761355053192,77.35329959497284,98.07660911237129,61.77291112394688,89.59684900502715,64.89057395447351,61.34171825302491,64.0013868514964,95.04368130158412,80.93159108377316,60.94175920185327,76.02474562572483,64.01504273915086,61.33077508771809,73.79669743793247,58.50295835776031,60.863000904234696,58.12817085517353,57.722500961932695,58.36285631774083,82.15741147241927,59.99333103232196,58.04071535718612,58.42453070181735,57.80827902492888,57.749868471790336,57.80264703352261,Metadata_MT_Commercial_MT_baseline_metadata_and_annual_results.csv,MT
184254,0,3000.0,Cold,MT,Montana,,SmallOffice,Office,1001_5000,NaturalGas,Residential Style Central Systems,Residential forced air_Furnace_DX,DX,Furnace,default_nochange,Residential AC with residential forced air furnace,Residential forced air,gen2_t8_halogen,2,2,1914,0.0,0.0,0.0,0.0,0.0,0.0,1036.111111111111,4022.222222222222,4847.222222222222,0.0,0.0,0.0,11244.444444444443,5369.444444444444,0.0,0.0,2208.859698768836,2553.6441905395,2439.374496781418,28144.444444444445,2222.8925428272487,2462.845114904895,2688.3332224573214,2130.1232007163817,2297.298822609448,2292.6543399018824,2308.75991261782,2342.883224103224,2197.045509000661,1627.7777777777778,64122.22222222222,0.0,64122.22222222222,0.0,0.0,0.0,0.0,0.0,92266.66666666669,9.8298,6.925009560068174,9.696766846600914,6.925009560068174,6.925009560068174,6.925009560068174,9.641907878435998,7.889001772451059,6.925009560068174,7.851340199390182,6.925009560068174,6.925009560068174,7.746729397038373,6.798869509491741,7.036751204702546,6.701294825317338,6.925009560068174,6.925009560068174,8.092930670144533,6.867452518071373,6.925009560068174,6.925009560068174,6.672597173281139,6.8068067027691,6.925009560068174,2.2564516208342167,2.266789364370919,2.844005355020563,2.7797645143404885,2.850880017171568,2.1925546927561936,2.2178533532523264,2.5721484987554755,2.103974249141662,2.568498064674837,2.7915160604564604,2.398559553546697,Metadata_MT_Commercial_MT_baseline_metadata_and_annual_results.csv,MT
184255,0,75000.0,Cold,MT,Montana,,LargeHotel,Lodging,50001_100000,NaturalGas,Zone-by-Zone,DOAS+Zone terminal equipment_Boiler _WCC,WCC,Boiler ,default_nochange,DOAS with fan coil chiller with boiler,DOAS+Zone terminal equipment,gen4_led,6,6,1982,0.0,0.0,0.0,0.0,0.0,0.0,191775.0,26072.222222222223,234461.1111111111,0.0,4225.0,0.0,265630.5555555556,47511.11111111111,80511.11111111111,18236.11111111112,82624.08552781245,99877.76869567936,84373.18730027741,1059477.7777777778,76595.38304521919,84298.28279926443,107030.72865851388,93423.63279293042,84231.76595317342,93201.22048865964,80805.24348534066,83701.52211791414,89316.18038750385,191055.5555555556,1232530.5555555555,192566.66666666663,1603994.4444444445,178897.2222222222,0.0,0.0,0.0,0.0,2663472.2222222225,247.84272,216.8742287985736,244.79338039450343,177.85630341160086,179.1071132006888,177.3747646340752,230.18748839805008,229.4097318664282,189.6854610705513,216.1327076154151,177.9366060013173,202.6838854359925,220.87397287332368,171.51678361331665,193.03495548897843,168.08262559467184,168.99968062441854,169.52239068557952,197.52884608365125,191.02883849262545,171.65050697232735,189.4101838590797,167.05573923018227,167.61208573068586,184.50221816952543,166.01638575937528,168.3096666959336,166.08591915341847,167.548017102529,166.92951489912664,188.4876865613249,169.3297877220298,168.08997448097574,171.66108992612217,162.93612876069193,160.8606729804922,163.0741897065664,Metadata_MT_Commercial_MT_baseline_metadata_and_annual_results.csv,MT
184258,0,7500.0,Cold,MT,Montana,,FullServiceRestaurant,Food Service,5001_10000,Propane,Small Packaged Unit,Central Single-zone RTU_Furnace_DX,DX,Furnace,night_fancycle_vent,PSZ-AC with gas coil,Central Single-zone RTU,gen2_t8_halogen,1,1,1972,0.0,0.0,0.0,0.0,0.0,0.0,24577.777777777777,12619.444444444443,80911.11111111111,0.0,0.0,0.0,126291.66666666669,34544.444444444445,0.0,13050.0,37727.28094667383,41964.16026441327,38785.1300015242,468377.7777777778,35468.73346185818,38873.80426690343,44030.1560477344,39439.163030240416,39583.10090971764,39449.891018467446,37166.71482581434,37752.95805228163,38135.37203869165,176380.55555555556,0.0,380677.7777777777,380677.7777777777,0.0,0.0,220186.11111111112,220186.11111111112,0.0,1069241.6666666667,130.20002,109.898887660262,127.4749283538753,97.40977423529654,96.68435055053868,98.00159900476484,124.86754920685642,120.29249870689642,94.9968681281378,107.08848876141576,96.62081655077483,104.5416252555902,112.26139441542986,93.38633606696406,109.57898693848942,93.0193049248558,91.74004319392816,93.07076536289344,115.10635447512304,99.87954137666088,92.80998122891306,95.24481343225074,92.46972548837368,90.35227194406252,96.46278107701195,91.27770117279736,89.38437315950124,91.27039442311816,90.2724923228948,91.35179311679042,89.8878370445282,90.48548912167033,91.3516512934653,91.9021227362273,90.25131268954917,87.59673211819153,88.98899753849315,Metadata_MT_Commercial_MT_baseline_metadata_and_annual_results.csv,MT
184261,0,7500.0,Cold,MT,Montana,strip_mall_restaurant30,RetailStripmall,Mercantile,5001_10000,NaturalGas,Residential Style Central Systems,Residential forced air_Furnace_DX,DX,Furnace,default_nochange,Residential AC with residential forced air furnace,Residential forced air,gen4_led,1,1,1933,0.0,0.0,0.0,0.0,0.0,0.0,24511.11111111112,14094.444444444443,35461.11111111111,0.0,0.0,0.0,28513.888888888887,22672.222222222223,0.0,0.0,10172.63839186881,13716.34524738988,10274.356106011908,134569.44444444444,9139.305361459476,10290.706952859346,14516.416302594822,11933.933667487005,10204.40983104164,11749.031300005532,10029.96375103514,10767.928671123633,11773.971498781377,9316.666666666666,47922.22222222222,205613.88888888885,300463.8888888889,46927.777777777774,0.0,0.0,0.0,0.0,435033.3333333334,47.002120000000005,35.275475798033234,45.73455705054741,27.75912246022704,27.246234523367505,28.206164546289784,41.20518086283898,39.32179565466527,28.09643577082941,37.16875477028338,29.005789136056123,32.468257530922585,37.91606773359386,24.950797508971768,33.642230540041595,23.41818851840384,23.325449035232104,23.542131071473616,35.22425502712406,31.413541708862947,24.061184877518148,29.90172943869437,24.24275513305123,25.960672695999275,29.183530271097048,22.827551642997392,25.723401294128067,22.76622810300492,22.810039122370416,22.68308567323659,30.147341935478323,25.05270296960073,22.95994606673796,25.600013256746,22.63408551100423,23.086549979819264,23.1336814101576,Metadata_MT_Commercial_MT_baseline_metadata_and_annual_results.csv,MT
184262,0,3000.0,Cold,MT,Montana,,FullServiceRestaurant,Food Service,1001_5000,Electricity,Small Packaged Unit,Central Single-zone RTU_ASHP_ASHP,ASHP,ASHP,night_fancycle_vent,PSZ-HP,Central Single-zone RTU,gen2_t8_halogen,2,2,1967,0.0,0.0,0.0,0.0,0.0,0.0,24561.11111111112,3680.555555555556,53563.88888888889,0.0,0.0,65416.66666666666,64522.22222222223,13816.666666666666,0.0,13244.444444444443,22225.299639466502,22845.439698354603,34608.92336204528,308730.5555555556,33504.104549913485,32182.10898323568,24176.095098429658,20736.2909819053,25887.340959398083,21468.06873634373,28580.07512196228,22176.749126941,20341.351439176044,69925.0,0.0,248322.22222222216,248322.22222222216,0.0,0.0,0.0,0.0,0.0,557055.5555555555,107.80012,60.64749277365736,74.94552614954999,97.00123137469272,103.32183473075806,94.00129919738444,70.38381716860907,62.68139084153567,67.03707495428885,62.62405824729891,67.07907022834374,55.319651117900285,64.12223652095764,49.21852315662106,60.40647295476847,62.60167741325263,61.92713828965051,58.66112676867102,64.95551802068697,55.12923935246761,53.756499393878975,54.74629247756664,58.64137392688528,48.07221269670112,52.44818445708517,45.32581191326064,45.19682787760145,52.28950789275872,47.81837042225335,52.62600922194545,48.19500315189578,44.3124355025401,46.859905863967015,46.89234660040559,46.26100840719782,44.65685844307194,45.43360601046689,Metadata_MT_Commercial_MT_baseline_metadata_and_annual_results.csv,MT
184263,0,7500.0,Cold,MT,Montana,strip_mall_restaurant10,RetailStripmall,Mercantile,5001_10000,Electricity,Multizone CAV/VAV,Central Multi-zone VAV RTU_Electric Resistance_DX,DX,Electric Resistance,night_fanon_vent,PVAV with PFP boxes,Central Multi-zone VAV RTU,gen2_t8_halogen,1,1,2013,0.0,0.0,0.0,0.0,0.0,0.0,6777.777777777778,12397.222222222224,7327.777777777778,0.0,0.0,84938.88888888889,10952.777777777776,39505.55555555556,0.0,0.0,13090.164462975374,8655.576483812509,23072.80914953017,170447.22222222222,22043.66400759972,21373.739618886684,8943.17756997621,8028.689492797594,17139.81861490892,8510.975802848921,18632.95967225642,12388.525176824864,8567.72412378314,8547.222222222223,0.0,0.0,17411.11111111111,17411.11111111111,0.0,0.0,0.0,0.0,187858.3333333333,83.70045,49.31342480627765,27.42786840923374,63.05084456721709,76.34598009454295,69.00137622924784,24.05396531527656,22.24774236137156,57.4252639171424,25.78718679206008,55.01341850188812,37.65152254001384,27.65446907655606,29.307436558470567,17.960202095637623,50.58464378681664,54.205094859243296,46.49297037567892,20.549724798880217,16.667624429861668,40.538134437819984,16.815570000447458,44.62780152457304,24.71357226245244,17.18806605593788,17.455002400952807,13.823939473061818,34.57364015796373,33.13200135782231,38.71391724605915,14.76450181860603,14.306751942951037,27.45838827453454,14.71931494367809,25.326831718875187,16.19347196929647,13.897490093101482,Metadata_MT_Commercial_MT_baseline_metadata_and_annual_results.csv,MT
184264,0,17500.0,Cold,MT,Montana,,SmallOffice,Office,10001_25000,NaturalGas,Residential Style Central Systems,Residential forced air_Furnace_DX,DX,Furnace,default_nochange,Residential AC with residential forced air furnace,Residential forced air,gen2_t8_halogen,2,2,1983,0.0,0.0,0.0,0.0,0.0,0.0,19666.666666666668,8677.777777777777,37836.11111111111,0.0,0.0,0.0,49797.22222222223,30408.33333333333,2.7777777777777777,0.0,11594.07495245498,15725.99947581212,11400.231416939385,152986.1111111111,10350.72958633207,11640.749701256278,17459.424700098338,13274.981287944376,11119.83929958154,14421.116640891729,10990.882735965504,12144.255260794394,12862.743312310746,6597.222222222222,64241.66666666666,0.0,64241.66666666666,0.0,0.0,0.0,0.0,0.0,217225.0,48.59686,41.56172349612966,47.50522638274391,36.39862689742821,35.568812537357296,35.97587240173336,46.847825307506056,45.11710502631743,35.65660210566924,45.27851865770085,36.18425221350136,36.89525979985572,43.51307521283673,35.07510450505556,42.183207344124746,35.37481702074165,34.888018454468934,35.44037302562517,45.42735872256231,41.51276091607053,34.86039037336759,39.45924524404282,35.16531607932232,35.7954322847629,38.3466607346482,8.593636840442542,9.42911731657354,10.076196836373525,9.874709045543362,9.988658067840117,17.637421685226737,8.373091064116162,9.90809734951769,13.198632739133227,10.03555624036354,10.148952289403711,9.795108766019403,Metadata_MT_Commercial_MT_baseline_metadata_and_annual_results.csv,MT
184266,0,7500.0,Cold,MT,Montana,,RetailStandalone,Mercantile,5001_10000,NaturalGas,Small Packaged Unit,Central Single-zone RTU_Furnace_DX,DX,Furnace,night_fancycle_novent,PSZ-AC with gas coil,Central Single-zone RTU,gen1_t12_incandescent,1,1,1975,0.0,0.0,0.0,0.0,0.0,0.0,7494.444444444444,9772.222222222224,19188.888888888887,0.0,0.0,0.0,8500.0,39161.11111111111,0.0,0.0,6308.340105626089,8250.280734278966,6829.334141644136,84116.66666666667,6159.244739094173,6844.000247418705,9047.267160836776,7054.904776290332,6522.798470045278,6954.943023218329,6521.570338798209,6634.697156929167,6990.077923900947,0.0,111116.66666666666,0.0,111116.66666666666,0.0,0.0,0.0,0.0,0.0,195236.1111111111,29.38183,19.26330754019221,29.126451414899577,16.833384380327445,16.833384380327445,16.833384380327445,28.41619913987804,25.18150632844188,16.833384380327445,21.235982756771907,16.833384380327445,17.160172946966114,25.77440717189182,16.46850153254902,21.848433554836017,16.833384380327445,16.833384380327445,16.833384380327445,24.96512754456321,18.877741300693305,16.46931694872936,17.878679029826998,16.833384380327445,16.80805522217759,18.086408947552773,13.692208751779289,15.983403320520967,13.692943082405236,13.692943082405236,13.692943082405236,16.71968608328621,13.69661308936509,13.69229584509392,13.690830224266296,13.692943082405236,13.691478546920484,13.69233920070674,Metadata_MT_Commercial_MT_baseline_metadata_and_annual_results.csv,MT
184267,0,7500.0,Cold,MT,Montana,,Warehouse,Warehouse and Storage,5001_10000,NaturalGas,Small Packaged Unit,Central Single-zone RTU_Furnace_DX,DX,Furnace,night_fancycle_novent,PSZ-AC with gas coil,Central Single-zone RTU,gen3_t5_cfl,1,1,2010,0.0,0.0,0.0,0.0,0.0,0.0,2066.666666666667,13830.555555555557,2458.333333333333,0.0,0.0,0.0,22613.888888888887,10266.666666666666,0.0,0.0,3906.754041232183,4657.870388768727,4578.307974069471,51233.333333333336,4055.232533682218,4630.444672378402,5039.324671230005,3661.06246048888,4124.901164938854,3931.428719362777,4289.548764942133,4301.854233145521,4057.351635923149,0.0,59036.11111111111,0.0,59036.11111111111,0.0,0.0,0.0,0.0,0.0,110269.44444444444,13.6313,11.40773553509978,13.546490490207912,11.541946285090944,11.57420558208793,11.565023247600609,12.858155203492526,10.527455262130085,11.411375522734565,10.939760636371124,11.367048049042497,11.220464590665044,11.243877085016946,10.989268508718396,10.98976103101289,11.240587528260336,11.354410630450024,11.302438525330308,11.44432238607058,9.29711397095104,11.22635383879592,10.090667369138814,11.228764685440776,11.078305558910111,11.06154357251086,4.762444361740366,4.775859517948131,5.051136078182792,5.110562668822604,5.005479428633093,5.601469705987688,4.756438978103692,4.98785286537479,4.756438978103692,4.907765604304847,4.762166765650928,4.756438978103692,Metadata_MT_Commercial_MT_baseline_metadata_and_annual_results.csv,MT
184269,0,37500.0,Cold,MT,Montana,,Warehouse,Warehouse and Storage,25001_50000,Electricity,Small Packaged Unit,Central Single-zone RTU_Electric Resistance_DX,DX,Electric Resistance,night_fancycle_vent,PSZ-AC with electric coil,Central Single-zone RTU,gen4_led,1,1,2004,0.0,0.0,0.0,0.0,0.0,0.0,19291.666666666668,36169.444444444445,15877.77777777778,0.0,0.0,166088.8888888889,100894.44444444444,34369.444444444445,0.0,0.0,20617.31656478758,21549.824297347648,57002.03355046816,372691.6666666667,53413.65352848869,50285.00071264362,24321.91063234064,16033.806670692707,28735.83249366052,17354.22556641918,43981.12780936874,21826.920730513582,17570.431871253964,0.0,0.0,0.0,0.0,0.0,0.0,0.0,0.0,0.0,372691.6666666667,200.3684,102.75489579342812,74.68624253333954,158.99240388118398,196.46516714482829,146.58854099254438,72.8893881539433,57.667932436165785,104.83976757694718,59.05705940270207,114.41373441561316,82.8996458872348,66.4815523198817,54.29256367604991,51.34624624358676,107.71354967256372,112.16104328193433,96.52818144238,66.19386510577714,43.93574273326942,73.15708081637459,42.10087111203722,94.68305675409752,54.36429952803307,46.16451209808227,16.051751493776823,16.350736092545933,77.34974783070598,73.602156370961,76.9188251382695,31.79117010735128,15.873322105877156,40.81836336170491,16.026083748060607,50.91477451574592,21.861182841158804,15.896945960673904,Metadata_MT_Commercial_MT_baseline_metadata_and_annual_results.csv,MT
184270,0,17500.0,Cold,MT,Montana,,PrimarySchool,Education,10001_25000,NaturalGas,Small Packaged Unit,Central Single-zone RTU_Furnace_DX,DX,Furnace,default_nochange,PSZ-AC with gas coil,Central Single-zone RTU,gen3_t5_cfl,1,1,2014,0.0,0.0,0.0,0.0,0.0,0.0,8000.0,12352.777777777776,29902.777777777777,0.0,0.0,0.0,7558.333333333333,33716.666666666664,2.7777777777777777,11361.111111111111,8960.448234511654,9589.86843518387,9811.694213480154,113077.77777777778,9002.856961591027,10019.17895125087,10217.673623592556,8397.168750530216,9100.84081797277,9927.893683651651,9235.346020048935,9612.658036600678,9201.86903851276,10183.333333333334,242819.4444444444,0.0,260216.66666666663,17397.222222222223,0.0,0.0,0.0,0.0,373294.4444444445,44.14374,25.969243293887388,43.04471809438855,22.775123216127863,22.328876415179536,22.52393285630365,41.7977912450249,37.29353530383187,22.13641869960605,34.38573079096555,22.78394553145616,26.32248007569444,34.379020792466314,21.562530928419083,24.883410849755563,22.305332645706844,21.921488553471896,22.193248030109487,27.07013293921326,21.631732681173258,21.484521469939093,24.0805020833457,22.30671199771342,21.07778121988496,20.9449314193448,8.19969217334022,7.213411547992436,8.324279400943645,9.28035349383898,7.968559519549412,7.084753667507252,7.146798407032568,8.777930249101923,8.158306793405124,8.331141055894538,8.166451768931054,8.155296517881103,Metadata_MT_Commercial_MT_baseline_metadata_and_annual_results.csv,MT
184276,0,17500.0,Cold,MT,Montana,,SmallOffice,Office,10001_25000,NaturalGas,Small Packaged Unit,Central Single-zone RTU_Furnace_DX,DX,Furnace,night_fanon_vent,PSZ-AC with gas coil,Central Single-zone RTU,gen2_t8_halogen,1,1,2008,0.0,0.0,0.0,0.0,0.0,0.0,7502.777777777778,17102.777777777777,69113.88888888889,0.0,0.0,0.0,45616.66666666666,70411.11111111111,2.7777777777777777,0.0,16604.566485160613,19110.85055085553,17545.009391248244,209750.0,15710.235699768102,17758.028080602362,20462.879264801697,16689.055833077593,16933.23302885372,17347.00655905119,16858.84215700191,17781.97743963913,16947.265204365078,0.0,153038.88888888888,0.0,162108.3333333333,9069.444444444443,0.0,0.0,0.0,0.0,371855.5555555556,53.80733,35.15776449409205,51.37561169939643,35.15776449409204,35.15776449409204,35.15776449409204,53.72834646413608,40.98817086236818,35.15776449409204,37.4732509279096,35.15776449409204,37.55513159941538,40.74386791586518,35.15776449409204,35.84047408486899,35.15776449409204,35.15776449409204,35.15776449409204,42.13739590093705,35.15776449409205,35.15776449409204,35.15776449409204,35.15776449409204,35.15776449409204,35.15776449409205,23.350510202364823,23.350510202364823,23.35051020236482,23.350510202364823,23.350510202364823,23.350510202364823,23.350510202364823,23.350510202364823,23.350510202364823,23.35051020236482,23.350510202364823,23.350510202364823,Metadata_MT_Commercial_MT_baseline_metadata_and_annual_results.csv,MT
184278,0,3000.0,Cold,MT,Montana,strip_mall_restaurant10,RetailStripmall,Mercantile,1001_5000,Electricity,Multizone CAV/VAV,Central Multi-zone VAV RTU_Furnace_DX,DX,Furnace,night_fancycle_vent,PVAV with gas heat with electric reheat,Central Multi-zone VAV RTU,gen5_led,1,1,1935,0.0,0.0,0.0,0.0,0.0,0.0,5058.333333333333,5544.444444444444,13583.333333333334,0.0,0.0,42880.55555555556,4411.111111111111,11486.111111111111,0.0,0.0,8129.552747472354,5717.345056051271,11860.863181048351,98369.44444444444,11516.057547173648,11329.531880975012,5976.577731949309,5440.567198641476,9787.445950158077,5796.202913098897,9926.207605847032,7354.503505187825,5534.858594533695,15402.77777777778,23927.777777777774,0.0,23927.777777777774,0.0,0.0,0.0,0.0,0.0,122297.22222222222,37.93197,29.913963544231024,19.88386636143045,32.37185738924002,33.843368568307305,33.25908518990756,18.287731807023725,22.88984562503469,31.083916611535404,25.49012865409252,31.90509457642621,29.45323405010234,22.3459141370854,24.448325149090635,14.753671782413898,30.560209714027003,30.66840141511212,30.623672099397545,15.878859727214635,13.247912474810978,28.674751809256307,13.677658031461052,29.25160843315079,21.794937671062016,14.321235098481088,14.52948124687485,11.3171867239638,26.910088600541883,26.78202056631854,24.603098061182067,12.929638698927908,11.372814010178436,22.918888465378444,11.142839200713926,20.7909292467817,14.00934794850233,10.693303438202229,Metadata_MT_Commercial_MT_baseline_metadata_and_annual_results.csv,MT
184279,0,7500.0,Cold,MT,Montana,,SmallOffice,Office,5001_10000,NaturalGas,Residential Style Central Systems,Residential forced air_Furnace_DX,DX,Furnace,default_nochange,Residential AC with residential forced air furnace,Residential forced air,gen4_led,1,1,1990,0.0,0.0,0.0,0.0,0.0,0.0,5638.888888888889,8863.888888888889,8330.555555555557,0.0,0.0,0.0,48297.22222222223,9900.0,0.0,0.0,6212.45244261166,7794.864687989821,6605.263609115268,81030.55555555555,5925.561907995207,6670.024692613613,8172.308921646241,6675.769530817167,6304.745069751494,6989.443562144248,6310.768179769633,6682.085786706523,6687.504243285032,0.0,20072.22222222222,0.0,25450.0,5377.7777777777765,0.0,0.0,0.0,0.0,106480.55555555556,23.70736,15.442722830843424,23.353712195450896,13.222195888003228,13.222195888003228,13.222195888003228,21.95519717157152,18.8071601816414,13.222195888003228,18.994791972095875,13.60099318998143,15.78904929898544,18.798780525794463,13.222195888003228,17.217337777805373,13.222195888003228,13.222195888003228,13.222195888003228,18.61929554034229,16.003890358167347,13.222195888003228,15.178833099864644,13.222195888003228,13.222195888003228,14.689992467510766,7.978342306531991,8.619344110994167,7.124190577785529,7.246088211850964,7.117757832501946,8.849510878869335,8.619344110994167,7.281311656609714,8.263675060612755,7.115166652491392,7.978342306531991,8.075971407624547,Metadata_MT_Commercial_MT_baseline_metadata_and_annual_results.csv,MT
184280,0,3000.0,Cold,MT,Montana,,SmallOffice,Office,1001_5000,NaturalGas,Small Packaged Unit,Central Single-zone RTU_Furnace_DX,DX,Furnace,night_fancycle_vent,PSZ-AC with gas coil,Central Single-zone RTU,gen2_t8_halogen,2,2,1934,0.0,0.0,0.0,0.0,0.0,0.0,2319.4444444444443,4019.444444444445,5402.777777777778,0.0,0.0,0.0,12491.666666666666,4208.333333333333,0.0,0.0,2135.317212877429,2811.682880112338,2332.840189224512,28441.666666666668,2136.0159389323685,2369.007382919619,3071.7660608925385,2269.760124243561,2185.1649141696275,2335.6951912689124,2208.3437392485453,2261.8719923024805,2324.7792068644403,0.0,40108.33333333333,0.0,43894.44444444444,3786.111111111111,0.0,0.0,0.0,0.0,72336.11111111112,9.36109,6.102896677965876,8.813980769853217,5.385912584371715,5.385912584371715,5.385912584371715,9.192263963011117,7.461644941767929,5.385912584371715,7.325627133983971,5.385912584371715,5.875586843833284,7.6612994984818465,5.385912584371715,6.914796984110614,5.385912584371715,5.385912584371715,5.385912584371715,7.530199164367213,6.12819164090441,5.385912584371715,5.845898508139624,5.385912584371715,5.385912584371715,5.66257996412287,2.3812334799145507,2.3812334799145507,2.3947430141401,2.4654679159819635,2.348264079203257,3.242422560113679,2.3812334799145507,2.461061110782489,2.3812334799145507,2.374483964107136,2.3812334799145507,2.3812334799145507,Metadata_MT_Commercial_MT_baseline_metadata_and_annual_results.csv,MT
184282,0,17500.0,Cold,MT,Montana,,SmallOffice,Office,10001_25000,Propane,Small Packaged Unit,Central Single-zone RTU_Furnace_DX,DX,Furnace,night_fanon_vent,PSZ-AC with gas coil,Central Single-zone RTU,gen2_t8_halogen,2,2,1954,0.0,0.0,0.0,0.0,0.0,0.0,15361.111111111111,13452.777777777776,76094.44444444445,0.0,0.0,0.0,83208.33333333333,29316.666666666668,2.7777777777777777,0.0,16774.125567633055,21336.630590084547,17498.554970357487,217436.1111111111,15668.92014915918,17573.883719570582,22378.818608566697,18329.470522834585,17061.68658655996,18632.54156766223,16838.055452560424,17612.417362634813,17731.5760611912,0.0,0.0,0.0,0.0,0.0,0.0,274902.7777777777,283869.44444444444,8969.444444444445,501308.3333333333,65.01993,42.39106966068937,63.01692010031368,36.3285131176229,36.3285131176229,36.3285131176229,64.62242429814734,52.58124960695573,36.34595861931495,49.44639279074392,36.62154047939658,40.26819061929535,54.20350022776348,36.3285131176229,44.586214218545216,36.3285131176229,36.3285131176229,36.3285131176229,48.59253598715727,40.983099951820506,36.3285131176229,39.57898873621761,36.3285131176229,36.3285131176229,36.39291718458778,23.302903115076205,23.42513099318923,23.42052257686301,23.42052257686301,23.42052257686301,28.1862019737128,22.24278085159044,23.42052257686301,22.53152312499255,23.42052257686301,23.42052257686301,23.42052257686301,Metadata_MT_Commercial_MT_baseline_metadata_and_annual_results.csv,MT
184285,0,7500.0,Cold,MT,Montana,,SmallOffice,Office,5001_10000,NaturalGas,Residential Style Central Systems,Residential forced air_Furnace_DX,DX,Furnace,default_nochange,Residential AC with residential forced air furnace,Residential forced air,gen4_led,1,1,1948,0.0,0.0,0.0,0.0,0.0,0.0,8186.111111111111,9919.444444444443,23986.11111111112,0.0,0.0,0.0,26066.666666666668,15472.222222222224,0.0,0.0,6358.625872624762,8245.521755435793,6665.896966943215,83630.55555555555,5975.837954000784,6797.483874524541,9127.589985133942,6740.324897977109,6290.656041787126,7404.267673551105,6366.064949966549,6764.476577750331,6893.275571136735,0.0,62511.11111111111,0.0,67905.55555555555,5394.444444444444,0.0,0.0,0.0,0.0,151533.3333333333,22.1048,17.610173913043276,21.953818757136982,16.422750442536056,16.422750442536056,16.422750442536056,21.64774255021722,19.554471709262764,16.422750442536056,19.78770875241937,16.422750442536056,16.422750442536056,19.76679715747677,15.752340600093037,18.83068151654676,16.422750442536056,16.321428262908594,16.422750442536056,20.61644820672258,17.03878608053551,16.321428262908594,15.843462982414357,16.321428262908594,16.321428262908594,16.48872197253021,6.880246496300573,7.251451664871489,7.330086005548542,7.33166077323845,7.332885126515887,6.859027381239256,6.434624717984785,7.018319730864433,6.689298892786051,6.914138234687011,6.844515304296359,6.8341698137709095,Metadata_MT_Commercial_MT_baseline_metadata_and_annual_results.csv,MT
184287,0,7500.0,Cold,MT,Montana,,Warehouse,Warehouse and Storage,5001_10000,NaturalGas,Small Packaged Unit,Central Single-zone RTU_Furnace_DX,DX,Furnace,night_fancycle_vent,PSZ-AC with gas coil,Central Single-zone RTU,gen2_t8_halogen,1,1,2006,0.0,0.0,0.0,0.0,0.0,0.0,641.6666666666666,13836.111111111111,2405.555555555556,0.0,0.0,0.0,20908.33333333333,9311.111111111111,0.0,0.0,3719.7352054231646,3869.742482338855,4415.155076606291,47102.777777777774,3912.913048822863,4425.810189147957,3972.280757899653,3295.503488445539,3961.062592887869,3627.7633403599375,4108.334492420693,4085.460503513992,3709.4129747529582,0.0,96336.11111111112,0.0,96336.11111111112,0.0,0.0,0.0,0.0,0.0,143441.6666666667,11.77043,9.421309112424384,11.082447312154844,11.543443223028191,10.515502612192398,11.66317923528779,11.051193256535171,8.184371726580716,10.505216144864145,8.143567561877965,11.056963893775196,11.172479945278935,9.572467827206223,8.033253057150505,8.177467269742186,11.161810630174193,9.520148316410332,11.21486877000437,9.598081345201932,7.961829211061251,9.121589015425776,7.969351483874491,9.26494928336907,9.566448821758462,8.866272799025497,4.789492667697075,4.760203296601885,5.22271917837841,5.1967350393981855,5.05794551196672,4.794553518871711,4.760203296601885,5.11799998819526,4.760203296601885,4.96186859052497,4.913892686273996,4.760203296601885,Metadata_MT_Commercial_MT_baseline_metadata_and_annual_results.csv,MT
184288,0,3000.0,Cold,MT,Montana,,RetailStandalone,Mercantile,1001_5000,NaturalGas,Residential Style Central Systems,Residential forced air_Furnace_DX,DX,Furnace,default_nochange,Residential AC with residential forced air furnace,Residential forced air,gen4_led,1,1,1981,0.0,0.0,0.0,0.0,0.0,0.0,3136.111111111111,5944.444444444444,8008.333333333333,0.0,0.0,0.0,2583.333333333333,7286.111111111111,0.0,0.0,1953.1524742176448,2726.150389123088,2198.675835796484,26958.33333333333,1970.4102509139025,2203.662608293578,2873.720678923888,2277.4716691894787,2062.7815589304914,2193.2275548696493,2089.049777873143,2132.471226135431,2277.961248659481,0.0,54830.55555555555,0.0,54830.55555555555,0.0,0.0,0.0,0.0,0.0,81788.88888888889,9.92039,6.387360980319265,9.461945311960957,5.9455515870018765,5.795502383153321,5.795502383153321,8.49154482793541,7.775324940831054,5.739466672542747,7.210375421485846,6.150177808020385,6.670938844529053,7.961618486126008,4.806678540366531,7.106787546150128,5.817433592836154,5.454756427297737,5.795502383153321,7.462376076558013,6.1412640889944825,4.666588994381532,6.102919569460916,5.795502383153321,5.273862601424592,6.268798194772341,4.362416031454853,5.015031672367106,5.725399854877189,5.043907943166021,5.725399854877189,6.460809353008646,4.91175135532036,4.362416031454853,4.454449769413816,5.043907943166021,4.362416031454853,4.362416031454853,Metadata_MT_Commercial_MT_baseline_metadata_and_annual_results.csv,MT
184291,0,7500.0,Cold,MT,Montana,,FullServiceRestaurant,Food Service,5001_10000,Propane,Small Packaged Unit,Central Single-zone RTU_Furnace_DX,DX,Furnace,night_fancycle_vent,PSZ-AC with gas coil,Central Single-zone RTU,gen2_t8_halogen,2,2,1964,0.0,0.0,0.0,0.0,0.0,0.0,41094.444444444445,10958.333333333334,101230.55555555556,0.0,0.0,0.0,170102.77777777778,32766.666666666668,0.0,13163.888888888889,42173.069840576325,49502.74792009404,42534.99815231473,528138.8888888889,38919.90015002058,43024.470125437605,51740.14713453265,45477.28411662522,43061.06441553449,47040.96899562453,40636.97386804911,41927.04273215648,42099.20149963512,158819.44444444444,0.0,236966.66666666663,236966.66666666663,0.0,0.0,229691.6666666667,229691.6666666667,0.0,994797.2222222224,169.34766000000002,136.7516560450148,167.31875914018684,113.40029915906736,113.04212752735644,113.33522490440455,157.216422390539,151.09155802067946,113.01178477050314,139.1194079036009,111.89794871785612,123.12963846361876,140.77866771053527,111.49582121138351,135.4583810692048,110.69152591466197,109.39032396622012,111.53365773416684,139.4981896230945,124.67855300473629,110.070838535926,125.19818479861594,109.09865645536382,107.22891049924422,111.21043143754724,106.95306866963868,104.2748582734634,106.85949265287636,108.59445686523888,108.24146844598783,107.47337250276402,106.40307365819056,107.28896387303983,110.73785801278557,105.24281236822324,102.77424967606169,102.78168345008044,Metadata_MT_Commercial_MT_baseline_metadata_and_annual_results.csv,MT
184293,0,17500.0,Cold,MT,Montana,,SmallOffice,Office,10001_25000,NaturalGas,Small Packaged Unit,Central Single-zone RTU_Boiler _DX,DX,Boiler ,night_fancycle_novent,PSZ-AC with gas boiler,Central Single-zone RTU,gen2_t8_halogen,2,2,1988,0.0,0.0,0.0,0.0,0.0,0.0,20666.666666666668,11025.0,42875.0,0.0,0.0,30.55555555555556,56088.88888888889,34688.88888888889,2219.4444444444443,0.0,12863.414488004726,17475.49744361996,13737.900993353462,174127.77777777778,12912.90304857725,14073.30811531724,19897.04276247156,15039.194571776396,12927.248228269078,14875.047891110613,12972.271249558393,13265.04973512886,14088.46870205802,6527.777777777778,140369.44444444444,0.0,140369.44444444444,0.0,0.0,0.0,0.0,0.0,314497.22222222225,67.92517,46.2468225348813,64.61837394733054,41.15135289512119,41.47578871291934,41.14779454799254,66.55264711019517,58.57839697127145,41.82715533835179,56.3435464162002,41.13487766037255,43.26797526592289,56.85235448820517,40.67556774029096,47.65606426060991,40.5864723352423,40.831084323063855,40.85490957814476,56.74618176447978,44.45926867822922,40.802957388896296,45.763453394887286,40.49447828590895,40.430431846493775,42.04931017467739,12.333042289142732,13.512211882853132,14.109888428166212,15.459310633668878,14.614918838558744,23.102733475118605,12.066540340399788,12.998836163135978,12.134839430189286,13.823008236019692,12.635052533424638,12.09689023877768,Metadata_MT_Commercial_MT_baseline_metadata_and_annual_results.csv,MT
184294,0,7500.0,Cold,MT,Montana,,FullServiceRestaurant,Food Service,5001_10000,Electricity,Small Packaged Unit,Central Single-zone RTU_Electric Resistance_DX,DX,Electric Resistance,night_fancycle_vent,PSZ-AC with electric coil,Central Single-zone RTU,gen1_t12_incandescent,1,1,1972,0.0,0.0,0.0,0.0,0.0,0.0,15566.666666666666,7897.222222222223,62138.88888888889,0.0,0.0,168691.66666666666,28158.33333333333,49991.66666666666,0.0,13100.0,35197.319292435226,29039.318888002384,60739.7701381845,478866.6666666667,58481.75255984682,55018.44406717702,30301.225347260915,27058.010021385027,46188.36777087929,27600.16044663336,48768.80149204504,33575.71814350925,26896.96766555925,133319.44444444444,0.0,118219.44444444444,118219.44444444444,0.0,0.0,0.0,0.0,0.0,597083.3333333333,222.48605,156.5933945390046,110.30710369223397,202.50771628181383,218.8425163170808,203.3073565975048,99.27562772720528,96.02666599387044,173.37108259691547,95.37241203166626,172.04084485998183,131.83967232038725,110.73466640219236,104.32336831521472,85.29465949443625,156.15668895249493,155.98565415404786,141.79164718605085,92.03117804057364,77.51397812840804,127.56812346911174,79.11946527304345,140.5757776703365,102.92165382499964,74.48147975863517,76.83889904983138,65.87322208391099,118.29499044798588,98.38068804997437,128.52827968680256,67.38267897091856,66.9283689209928,92.8410252387629,69.41942751503711,95.87968526002544,75.27617255779786,66.60073328643544,Metadata_MT_Commercial_MT_baseline_metadata_and_annual_results.csv,MT
184295,0,17500.0,Cold,MT,Montana,strip_mall_restaurant20,RetailStripmall,Mercantile,10001_25000,NaturalGas,Small Packaged Unit,Central Single-zone RTU_Furnace_DX,DX,Furnace,night_fancycle_vent,PSZ-AC with gas coil,Central Single-zone RTU,gen2_t8_halogen,1,1,1960,0.0,0.0,0.0,0.0,0.0,0.0,18783.333333333336,33405.555555555555,76372.22222222222,0.0,0.0,0.0,33438.88888888889,89072.22222222222,0.0,0.0,25809.507424883934,30477.82964343905,27643.534076661268,329502.7777777778,25060.11952025828,27779.406476092565,32558.33928781146,26827.49673412309,26869.62652621306,27266.586415457536,26143.15260746966,26566.42269719513,26500.60924059246,78433.33333333333,333333.33333333326,81886.1111111111,415219.4444444444,0.0,0.0,0.0,0.0,0.0,744722.2222222222,111.43885,73.98104253364309,97.49389272816352,64.74807247146109,65.07309587197439,64.751557057729,107.3734036445816,89.15324710049887,65.22680914929599,83.25367894115975,64.98466724362164,66.45399175186746,91.20917294441716,63.44116711250861,81.08244216717105,63.39555972498515,63.50050944388427,63.50546367801764,91.05676166452574,73.70031999626025,63.61225848542099,71.86742523482272,62.8654380519184,62.53711923954319,67.61255989532192,59.22766899905773,67.35685904890198,58.75571047498069,59.39060420407903,59.29135366150442,66.68012969051563,58.27790474737444,59.393241619861854,58.894966557334186,58.215657745912566,57.33197012990803,56.75664776516056,Metadata_MT_Commercial_MT_baseline_metadata_and_annual_results.csv,MT
184297,0,3000.0,Cold,MT,Montana,,SmallOffice,Office,1001_5000,Propane,Small Packaged Unit,Central Single-zone RTU_Furnace_DX,DX,Furnace,night_fancycle_vent,PSZ-AC with gas coil,Central Single-zone RTU,gen1_t12_incandescent,2,2,2007,0.0,0.0,0.0,0.0,0.0,0.0,4397.222222222222,3919.444444444445,7811.111111111111,0.0,0.0,0.0,13686.111111111111,5461.111111111111,0.0,0.0,2698.348393697805,3749.387954351205,2889.2526936721347,36797.22222222223,2694.2850133741,2947.443504949976,4235.271613167372,3160.4103617262963,2724.961777380813,3101.8313947366923,2738.5859090831887,2825.8975144197807,3032.279805781716,1522.2222222222222,0.0,0.0,0.0,0.0,0.0,44319.444444444445,44319.444444444445,0.0,81116.66666666666,16.96993,10.405273030911498,16.05805632837166,8.648193593769516,8.648193593769516,8.666300817107224,16.620383681314202,14.182544174054485,8.984489713187617,12.604182509760356,8.930345801908084,10.158426166769674,13.557426200553216,8.57618751612985,11.942920074791742,8.426288727733438,8.476213790627014,8.561852851913336,13.324611954074271,10.28661986939691,8.559351386616036,10.202934915067331,8.544958552122743,8.648193593769516,9.017154614738924,3.031938295181278,3.027857608064075,3.1767296871754014,3.570309421065331,3.299202544307461,3.553215354176999,3.165061304790929,3.075270103391707,3.027857608064075,3.181184822387549,3.175123300143922,3.027857608064075,Metadata_MT_Commercial_MT_baseline_metadata_and_annual_results.csv,MT
184300,0,17500.0,Cold,MT,Montana,,Outpatient,Healthcare,10001_25000,NaturalGas,Multizone CAV/VAV,Central Multi-zone VAV RTU_Boiler _ACC,ACC,Boiler ,night_fancycle_vent,VAV air-cooled chiller with gas boiler reheat,Central Multi-zone VAV RTU,gen4_led,1,1,2003,0.0,0.0,0.0,0.0,0.0,0.0,12258.333333333334,13380.555555555557,64322.22222222223,0.0,0.0,0.0,120850.0,26772.222222222223,4925.0,0.0,20200.310592563445,23451.329234347515,20578.78486080009,253947.22222222225,18633.93261003327,20825.07963589678,24644.201008784523,21622.89227730788,20140.27349879348,22040.907302962765,19890.494050339803,20877.85590688145,21042.05897283972,11438.888888888889,187158.3333333333,20750.0,207908.3333333333,0.0,0.0,0.0,0.0,0.0,461855.5555555555,77.13683,57.72546015302021,68.72175967918656,49.83552486600819,49.29605135558192,49.96692612304619,73.94533908754873,61.25881356707429,49.715616524270125,60.240440030408536,55.40040999320157,56.195763544275714,63.76834838808308,48.95108072784136,59.24576195570929,49.28299702844752,48.96110954102824,49.30719480391663,62.89760230800168,56.820058656305,49.03574922252374,56.73820706910552,48.67895632035474,49.01664695418169,55.87548484611318,21.527101384686265,25.58695042323205,22.95955368327033,22.865016034977728,22.776363361558538,26.36285320642109,24.357893534598297,21.55395026457853,24.51746552818432,22.68277894271273,21.481182263580244,21.521057682084045,Metadata_MT_Commercial_MT_baseline_metadata_and_annual_results.csv,MT
184301,0,7500.0,Cold,MT,Montana,,Warehouse,Warehouse and Storage,5001_10000,NaturalGas,Small Packaged Unit,Central Single-zone RTU_Furnace_DX,DX,Furnace,night_fancycle_novent,PSZ-AC with gas coil,Central Single-zone RTU,gen2_t8_halogen,1,1,1990,0.0,0.0,0.0,0.0,0.0,0.0,1950.0,14544.444444444443,3116.6666666666665,0.0,0.0,0.0,22127.777777777777,10041.666666666666,0.0,0.0,3959.9112947430967,4587.323514280125,4695.779996267956,51777.777777777774,4236.27819934353,4799.0852622794,4800.904103473064,3699.9528090002914,4245.790032775588,3931.691337283927,4370.539192274693,4358.146766400804,4090.999989477056,0.0,128163.88888888888,0.0,128163.88888888888,0.0,0.0,0.0,0.0,0.0,179941.66666666666,15.48705,11.763848316599102,14.92117546990146,12.145273400490929,11.994355065540738,11.969462145132798,14.421289925089177,12.581216267576748,11.754662255364714,11.71040663609157,11.699375752485263,11.506011360967458,13.32835014604622,11.26147338842453,11.787293128986835,11.510634631663535,11.605388388789272,11.55131882958178,12.571094476768002,11.372358212674744,11.424300840974588,11.307634327509758,11.409851653722184,11.331279314540511,11.3146029109707,4.969374795073382,4.972218669603153,5.282792863883912,5.492546330751108,5.276598776964081,5.230015202621303,4.926853360023239,5.308318465377502,4.9282107985969095,5.292853550101523,5.028829776939132,4.927832876814422,Metadata_MT_Commercial_MT_baseline_metadata_and_annual_results.csv,MT
184304,0,17500.0,Cold,MT,Montana,,RetailStandalone,Mercantile,10001_25000,Electricity,Small Packaged Unit,Central Single-zone RTU_Electric Resistance_DX,DX,Electric Resistance,night_fancycle_novent,PSZ-AC with electric coil,Central Single-zone RTU,gen5_led,1,1,1897,0.0,0.0,0.0,0.0,0.0,0.0,14330.555555555557,13533.333333333334,42716.66666666666,0.0,0.0,217180.5555555556,17316.666666666668,59433.333333333336,0.0,0.0,26362.71438453452,16025.29927447203,54077.855873744666,364511.1111111111,53286.0625061979,48694.2876254095,17584.551204550164,13787.502132164249,37238.92828558074,14622.281449282857,42125.2713593174,25342.457769723,15363.082579869406,0.0,0.0,0.0,0.0,0.0,0.0,0.0,0.0,0.0,364511.1111111111,196.14664,114.02761139551626,59.64205875811536,161.26094333153205,191.5387353992268,150.35484238926554,51.54463690525796,54.67201437185358,118.3221745538884,59.378316696600805,112.6539244590901,92.74424908360048,71.09022425175301,64.1358341760272,42.23627619941534,103.56379995969648,113.60787675921036,92.9459685078704,46.16032034914287,33.90751931042999,88.82977469722367,34.24106881971712,93.22137816680004,70.12316694778649,39.40019946470566,29.222069822022,22.38321400530745,77.86515938601201,69.87463710191224,70.3787184117802,23.65957608503986,22.379022560074272,55.57717573750899,23.23346500304946,46.11635170952549,37.71414971094427,26.653666694245125,Metadata_MT_Commercial_MT_baseline_metadata_and_annual_results.csv,MT
184305,0,37500.0,Cold,MT,Montana,strip_mall_restaurant10,RetailStripmall,Mercantile,25001_50000,NaturalGas,Small Packaged Unit,Central Single-zone RTU_Furnace_DX,DX,Furnace,night_fancycle_vent,PSZ-AC with gas coil,Central Single-zone RTU,gen4_led,2,2,1927,0.0,0.0,0.0,0.0,0.0,0.0,51091.66666666666,43538.88888888889,140408.33333333334,0.0,0.0,0.0,67269.44444444445,123811.11111111112,0.0,0.0,33171.01425354755,43739.034440670606,35492.08997237457,449130.5555555556,31939.157876056503,35430.24962087264,48874.770353038366,39239.18588014836,34219.21684408556,37993.62182936741,33728.691945946775,38789.51131907082,36513.36079691019,23008.33333333333,466958.33333333326,185961.1111111111,750838.8888888889,97919.44444444442,0.0,0.0,0.0,0.0,1199966.6666666665,190.73784,112.8503914969792,164.2521990289426,87.32687834757856,87.50606172351242,86.82637374437375,181.1753287344557,154.427436269179,85.84080700068705,138.1551226620281,86.69484226256488,113.70606887504916,142.64577300481312,84.41058912944574,128.68796707567768,83.7802256701212,83.38262746111974,83.19606717112192,142.0701504516852,115.08988692826712,83.40112773928256,110.58203087200488,83.23651066654122,99.77710237507826,100.62789574240264,76.0684649240334,79.82709568973394,74.51848364532384,75.79062854031352,75.01375462562174,111.6301345407688,78.66272238222638,74.30001578515363,76.39005996854148,75.07912417761348,83.46516700577774,77.32780656038851,Metadata_MT_Commercial_MT_baseline_metadata_and_annual_results.csv,MT
184307,0,3000.0,Cold,MT,Montana,,FullServiceRestaurant,Food Service,1001_5000,NaturalGas,Small Packaged Unit,Central Single-zone RTU_Furnace_DX,DX,Furnace,night_fanon_vent,PSZ-AC with gas coil,Central Single-zone RTU,gen4_led,1,1,1988,0.0,0.0,0.0,0.0,0.0,0.0,7405.555555555557,6461.111111111111,49305.55555555556,0.0,0.0,0.0,69994.44444444445,6336.111111111111,0.0,13130.555555555557,12648.849848750073,14903.604818144731,13050.456227701576,159927.77777777778,11756.872850729716,13160.784843225762,15489.237629308,13415.962084777824,12883.315317653314,13679.399887380929,12686.642473994048,13234.817234922588,13018.33410494032,7297.222222222222,219680.5555555556,36438.88888888888,324761.11111111107,68641.66666666666,0.0,0.0,0.0,0.0,484688.8888888889,46.29842,33.324807582727736,45.23915928324488,30.79305747490794,30.578421856337428,30.71186050848973,42.3594933271388,37.597924628578006,29.53509266513369,35.91646735911773,30.71939943485816,31.664509977058337,38.61653015228431,28.867980578906145,34.453375817809736,29.819007762570376,28.81778608893925,29.952470864220743,36.491992976215926,32.16288201864195,28.712471458424268,30.725087905740214,30.01376680742581,28.84602319191052,29.889844430907942,24.827918020240634,26.73953420978261,24.820329377079617,24.752692137555208,24.760304404066183,27.697551247452388,25.404761156286085,24.808054980363465,25.475833757695124,24.834517167518523,24.87368674284307,24.8459346194555,Metadata_MT_Commercial_MT_baseline_metadata_and_annual_results.csv,MT
184308,0,37500.0,Cold,MT,Montana,strip_mall_restaurant10,RetailStripmall,Mercantile,25001_50000,Electricity,Multizone CAV/VAV,Central Multi-zone VAV RTU_Furnace_DX,DX,Furnace,night_fancycle_vent,PVAV with gas heat with electric reheat,Central Multi-zone VAV RTU,gen2_t8_halogen,1,1,2008,0.0,0.0,0.0,0.0,0.0,0.0,57297.22222222223,68988.88888888889,110636.11111111112,0.0,0.0,98113.88888888888,115316.66666666669,262730.5555555556,0.0,0.0,55673.626642572286,64926.13899772674,65032.09912321221,734780.5555555556,74624.53941462649,67692.96873533871,67826.59945604448,55964.79770146629,63303.49613670938,55894.007769324,57313.5924444764,53346.71274692137,53182.28715136022,21697.222222222223,351102.7777777777,198144.44444444444,659502.7777777776,110255.55555555556,0.0,0.0,0.0,0.0,1394283.3333333333,280.79992,184.74083224203096,190.28778912970992,256.5865978035684,243.51300354540555,214.8029593301958,172.76249842627155,162.67319555738516,195.15207835438795,122.47512737854964,190.77081109771305,124.21689845236708,151.8538475711176,111.0906401753348,127.28792987062312,147.737277398984,193.8519512861358,155.2608253935061,138.63105922979207,107.54878814747713,148.89889392463618,102.79342937812038,125.42130380441576,94.96243536079,97.07299311938904,82.60746928863655,78.96549162419286,102.4471681473103,158.84958434994687,117.34073538480412,91.1052244960418,80.6062580640529,110.9907928351966,81.4454984600799,93.76546823619026,81.83989270542415,80.93617589464712,Metadata_MT_Commercial_MT_baseline_metadata_and_annual_results.csv,MT
184309,0,1000.0,Cold,MT,Montana,strip_mall_restaurant30,RetailStripmall,Mercantile,_1000,Electricity,Multizone CAV/VAV,Central Multi-zone VAV RTU_Electric Resistance_DX,DX,Electric Resistance,night_fancycle_vent,PVAV with PFP boxes,Central Multi-zone VAV RTU,gen3_t5_cfl,1,1,1937,0.0,0.0,0.0,0.0,0.0,0.0,2397.222222222222,4180.555555555556,4336.111111111111,0.0,0.0,41141.66666666666,3950.0,3119.4444444444443,0.0,0.0,5731.080291950477,2931.043627699345,9246.77653542207,71888.88888888889,11417.908367827327,9628.633522589447,3097.266953234166,2816.0245582668585,7761.353409975151,3316.387123404733,7449.176067181896,5186.523443912962,3307.0950162217587,12769.444444444443,0.0,0.0,0.0,0.0,0.0,0.0,0.0,0.0,71888.88888888889,37.631730000000005,26.037454281139475,10.336725227078317,33.186735963949,36.224623571766905,34.426338162139544,9.034391367282993,10.479522761025692,24.669563030450583,16.057681069507083,25.445085935532425,22.93850718593497,15.69926575553544,14.500731512700344,6.779400801509971,19.794014313511543,26.33798142532938,19.2906246869101,6.853035028694579,6.193288656331729,18.58550874138856,7.127395523835719,16.625504409674456,12.970140712695656,6.644319321366584,6.139042288211037,4.945893699652799,10.656917446260378,16.345564825361063,12.4945710752343,5.320878151186346,5.077404608890311,12.9283666488095,5.273882392438408,11.458652530601846,8.190137665225725,4.834918265036691,Metadata_MT_Commercial_MT_baseline_metadata_and_annual_results.csv,MT
184310,0,17500.0,Cold,MT,Montana,strip_mall_restaurant20,RetailStripmall,Mercantile,10001_25000,Electricity,Multizone CAV/VAV,Central Multi-zone VAV RTU_Furnace_DX,DX,Furnace,night_fancycle_novent,PVAV with gas heat with electric reheat,Central Multi-zone VAV RTU,gen4_led,2,2,1870,0.0,0.0,0.0,0.0,0.0,0.0,27705.555555555555,22352.777777777777,40472.22222222223,0.0,0.0,95513.88888888888,101297.22222222222,57205.55555555556,0.0,0.0,34374.79146478859,35199.72607618625,46570.24461081127,448294.4444444445,46548.198330224586,44219.23133394595,37511.57181456754,30460.42461905239,38728.748734479705,31053.153808389827,39021.497515037256,33438.23958037673,31167.275446362783,103747.22222222222,209700.0,437427.7777777777,647127.7777777776,0.0,0.0,0.0,0.0,0.0,1095422.2222222222,142.77542000000005,112.670679556619,138.74230368359838,123.39985876852602,129.80872741282164,113.78348980125294,128.10743957347208,102.2819013622791,108.7588810909084,88.34404339003699,109.40318649130634,97.71090355501076,107.40442275180588,78.6667805338532,88.91629591782669,104.6598720732121,111.15251585863427,97.16082456902843,103.07617195408868,75.02821538923851,92.43776117975196,70.50139911528497,91.64435460274674,74.74961826248175,78.57218978180762,56.72330210111398,58.19029259095813,77.31116119472155,95.97945642601373,82.55719577939739,64.31083608524644,53.97170875403176,71.75238513724125,59.66822113431751,71.91552176268098,60.47613777507375,56.2904857137389,Metadata_MT_Commercial_MT_baseline_metadata_and_annual_results.csv,MT
184312,0,7500.0,Cold,MT,Montana,,RetailStandalone,Mercantile,5001_10000,Electricity,Small Packaged Unit,Central Single-zone RTU_Electric Resistance_DX,DX,Electric Resistance,night_fancycle_vent,PSZ-AC with electric coil,Central Single-zone RTU,gen2_t8_halogen,1,1,1945,0.0,0.0,0.0,0.0,0.0,0.0,6727.777777777778,7619.444444444444,18338.888888888887,0.0,0.0,106236.11111111112,12727.777777777776,29836.11111111112,0.0,0.0,13274.701020279945,7643.202930111655,24474.784765097105,181480.5555555556,30720.535893609234,26616.02684603823,8151.784539954377,6596.536552981787,19672.39405190733,7154.764362727981,18911.16802025665,10880.55539278775,7385.381770859608,0.0,0.0,0.0,0.0,0.0,0.0,0.0,0.0,0.0,181480.5555555556,93.24176,59.22487494740392,27.19489827898955,86.12378186566824,89.73131333684327,90.50795500615251,27.141658708227663,25.105504225312345,60.696274994852274,24.421010242333114,54.73626354016983,37.72942569796675,34.18965993466281,29.35564702319841,20.16826974014528,43.36715725667896,63.798733928946206,46.797878485614845,22.6555998366894,17.39823009491074,41.58853132224201,16.324950667535344,43.117863902089,26.33697611636516,17.45485465060974,13.503767425709889,12.712293520572244,34.495400236551355,42.901698845442695,31.635212913944144,12.992345421890311,12.490178738532894,26.92317839680601,13.099120057564736,17.692246220367743,12.67779097377485,12.167362960942029,Metadata_MT_Commercial_MT_baseline_metadata_and_annual_results.csv,MT
184313,0,3000.0,Cold,MT,Montana,,SmallOffice,Office,1001_5000,Propane,Residential Style Central Systems,Residential forced air_Furnace_DX,DX,Furnace,default_nochange,Residential AC with residential forced air furnace,Residential forced air,gen1_t12_incandescent,1,1,1983,0.0,0.0,0.0,0.0,0.0,0.0,3933.3333333333335,4752.777777777778,7702.777777777778,0.0,0.0,0.0,12802.777777777776,5000.0,0.0,0.0,2671.752002099559,3619.0852962541726,2824.2467638231124,35711.11111111111,2525.6718822672256,2851.9692973088504,3925.13300630302,2890.839364908375,2673.185459015943,3088.942534971556,2695.8061852494534,2878.750724948474,3064.9837070529406,1519.4444444444446,0.0,0.0,0.0,0.0,0.0,33086.11111111111,33086.11111111111,0.0,68797.22222222222,13.0161,9.891129774858276,12.550224073418134,8.41173632237871,8.028300830308124,8.118355807502088,12.46480224494808,11.089844699770165,8.725594082487406,11.147152475205283,8.55460581422547,9.713873750407211,11.754476799969291,8.131913236036002,10.607737397879571,7.86481199693361,7.86481199693361,7.978840237844839,11.902467011860038,10.073189148165993,8.022058128660987,9.641229537541829,7.861669858454991,8.676988365949038,10.082814832194124,2.7194498862708314,2.7107496135679567,2.8332598724010585,2.8684828483428046,2.838189306434516,4.274307677944662,2.7107496135679567,2.7893067864756125,2.7107496135679567,2.746017722845704,2.7135578506767715,2.7107496135679567,Metadata_MT_Commercial_MT_baseline_metadata_and_annual_results.csv,MT
184315,0,1000.0,Cold,MT,Montana,,PrimarySchool,Education,_1000,NaturalGas,Multizone CAV/VAV,Central Multi-zone VAV RTU_Boiler _WCC,WCC,Boiler ,default_nochange,VAV chiller with gas boiler reheat,Central Multi-zone VAV RTU,gen1_t12_incandescent,1,1,1993,0.0,0.0,0.0,0.0,0.0,0.0,4377.777777777778,4125.0,4611.111111111112,0.0,280.55555555555554,0.0,763.8888888888889,1547.2222222222222,1475.0,14300.0,2532.3254414982443,3249.884976162427,2461.2512067984626,32908.333333333336,2124.736937501337,2449.774820857024,3335.04748556269,3163.514319096727,2344.00939876589,3203.081453904413,2433.911079708548,2687.1947092590685,2922.5499774443383,1425.0,56288.88888888888,0.0,57249.99999999999,961.1111111111112,0.0,0.0,0.0,0.0,90158.33333333331,7.64332,6.093832272918401,7.484074900059034,5.120285336640944,4.930914680393231,5.271773004740992,6.70046475301575,6.338143034166642,4.829795662719816,6.279938803572796,5.485507124769403,6.102051674073034,6.791951183953474,4.293221890881056,6.041434341200858,4.212077255308579,4.158943487693471,4.212749454642892,6.040577984109006,5.720348570636047,4.018182990792438,5.672596941909263,4.226171692652034,4.552961544924035,5.40796780665687,3.417408145928299,4.126070945711661,3.526026743612656,3.3987674391083647,3.433018380704372,4.654137333785922,3.69734921723305,3.3035914666595305,3.9514386350938926,3.544481832323869,3.5570744800046543,3.56229984866564,Metadata_MT_Commercial_MT_baseline_metadata_and_annual_results.csv,MT
184318,0,1000.0,Cold,MT,Montana,,SmallOffice,Office,_1000,NaturalGas,Residential Style Central Systems,Residential forced air_Furnace_DX,DX,Furnace,default_nochange,Residential AC with residential forced air furnace,Residential forced air,gen4_led,2,2,1950,0.0,0.0,0.0,0.0,0.0,0.0,1227.7777777777778,2661.111111111111,3119.4444444444443,0.0,0.0,0.0,3894.444444444445,2250.0,0.0,0.0,986.4937135019376,1305.75167544649,1090.5616730301483,13150.0,966.9901597946584,1093.980234256229,1427.8579526278363,1010.954682338171,1002.9258073840424,1086.0786060456187,1031.509564475383,1061.068377665605,1087.0934257812269,0.0,25322.22222222222,0.0,25775.0,452.7777777777777,0.0,0.0,0.0,0.0,38925.0,4.35908,2.7010917012176283,4.262300821387527,2.450757208308086,2.450757208308086,2.450757208308086,3.894861439366384,3.0116961114923178,2.450757208308086,3.00617839508445,2.450757208308086,2.450757208308086,3.462899551295928,2.030753112414238,2.907504564540841,2.450757208308086,2.14570591655435,2.450757208308086,3.4310677592332497,2.46100749977865,2.030753112414238,2.211608445903383,2.14570591655435,2.298231562431219,2.544599345164928,1.3695627002074962,1.3527793999664497,1.1235279975177284,1.106995780258333,1.1150086735535452,1.5644564750094307,1.3527793999664497,1.1411709363655238,1.3527793999664497,1.1301219048366182,1.360807942361829,1.3527793999664497,Metadata_MT_Commercial_MT_baseline_metadata_and_annual_results.csv,MT
184321,0,37500.0,Cold,MT,Montana,,Warehouse,Warehouse and Storage,25001_50000,NaturalGas,Small Packaged Unit,Central Single-zone RTU_Furnace_DX,DX,Furnace,night_fancycle_vent,PSZ-AC with gas coil,Central Single-zone RTU,gen2_t8_halogen,2,2,2002,0.0,0.0,0.0,0.0,0.0,0.0,2936.111111111111,21325.0,5638.888888888889,0.0,0.0,0.0,107027.77777777778,48011.11111111111,0.0,0.0,14918.719309576229,15997.916925593812,16162.670135168584,184938.8888888889,14465.59428965622,16402.16918391178,16413.98326133618,14018.408599862752,15180.630039941934,15325.632465058428,15313.500659557993,15858.799068217477,14879.872707048711,0.0,173627.77777777775,0.0,173627.77777777775,0.0,0.0,0.0,0.0,0.0,358566.6666666667,49.06968,40.4557624904052,48.97807388844464,43.46280332460247,40.93566697558396,43.51695396093111,46.043979456227575,41.04891658587001,39.31033258232066,41.07839170807192,43.28989029276054,40.084614699973216,42.18202131681813,39.039682044534814,40.94554377254213,43.13080055039035,39.55516156629369,41.806926627777656,42.28502641076575,40.27251511692168,39.14935290266207,39.85669109168356,42.96869980467071,39.09333138582407,40.36991025945318,12.91158776022349,12.819704947438757,13.412155764351011,13.405231472612886,13.398798495515628,13.362600337796724,12.819704947438757,13.409122770655138,12.819704947438757,13.135874522719334,13.004661251793449,12.819704947438757,Metadata_MT_Commercial_MT_baseline_metadata_and_annual_results.csv,MT
184323,0,75000.0,Cold,MT,Montana,,Warehouse,Warehouse and Storage,50001_100000,NaturalGas,Small Packaged Unit,Central Single-zone RTU_Furnace_DX,DX,Furnace,night_fancycle_vent,PSZ-AC with gas coil,Central Single-zone RTU,gen4_led,1,1,1981,0.0,0.0,0.0,0.0,0.0,0.0,15972.222222222224,57241.66666666666,20344.444444444445,0.0,0.0,0.0,223708.3333333333,78877.77777777778,0.0,0.0,30963.366755939867,35671.00553731797,34066.536155056405,396144.4444444445,30458.98603351796,34474.98891870758,38851.78738605652,30077.29824358688,31592.073409004515,33079.72796131419,32233.70725620786,33295.9453930423,31379.446239405763,0.0,353855.5555555555,0.0,353855.5555555555,0.0,0.0,0.0,0.0,0.0,750000.0,110.52582,87.3719654112295,109.99138782703496,88.89943968191005,89.01383393829254,88.56073517999128,105.1735450480025,91.2562990109946,88.27950362228098,91.98277385199944,87.69471088259456,87.71905436942731,90.74726160637913,79.55488144985944,85.82389535529464,87.53061689923065,87.13604901767982,87.58621783819461,98.6076172974998,79.50056379148268,86.05301283925446,77.19289525457437,86.33564981441401,86.12033691584766,85.93454694963425,28.289798002071983,28.289798002071983,29.82676988255097,30.17822301294069,29.532215904895725,31.78050049804415,28.289798002071983,29.40229325586356,28.289798002071983,29.071070439640003,28.572584798086165,28.289798002071983,Metadata_MT_Commercial_MT_baseline_metadata_and_annual_results.csv,MT
184324,0,17500.0,Cold,MT,Montana,,SmallOffice,Office,10001_25000,Propane,Small Packaged Unit,Central Single-zone RTU_Furnace_DX,DX,Furnace,night_fanon_vent,PSZ-AC with gas coil,Central Single-zone RTU,gen4_led,2,2,1935,0.0,0.0,0.0,0.0,0.0,0.0,22866.666666666668,11019.444444444443,89661.11111111111,0.0,0.0,0.0,64375.0,21313.888888888887,2.7777777777777777,0.0,16289.113230188108,21983.34429817299,16631.1146117802,215461.1111111111,14950.549682791654,16762.508184456074,24006.427329532824,18863.737481437543,16326.643793584248,18760.05148950177,16016.522298689695,16885.344997735505,17984.6908997597,6225.0,0.0,0.0,0.0,0.0,0.0,121794.44444444444,121794.44444444444,0.0,337255.5555555556,56.72586,39.13507216561438,55.66117556115914,36.03585833672418,36.1723276676475,36.09772356131852,56.02404126132896,49.51770269876669,36.4062701898212,49.25930967250831,35.93333807733038,36.95063270734629,48.25676233758031,35.73147530563594,43.83886962497906,35.71522002864493,35.899786096141355,35.84900393152228,49.17115679168935,41.35787191683661,35.81962850876881,40.386904599463335,35.6620851768408,35.60289262795286,36.573771077457415,22.322608759841803,25.01106003311229,24.10560048211432,24.10560048211432,24.10560048211432,29.11680188248056,21.71645346094906,24.10560048211432,21.71645346094906,24.10560048211432,24.10560048211432,24.10560048211432,Metadata_MT_Commercial_MT_baseline_metadata_and_annual_results.csv,MT
184325,0,3000.0,Cold,MT,Montana,,RetailStandalone,Mercantile,1001_5000,NaturalGas,Small Packaged Unit,Central Single-zone RTU_Furnace_DX,DX,Furnace,night_fancycle_vent,PSZ-AC with gas coil,Central Single-zone RTU,gen2_t8_halogen,1,1,1950,0.0,0.0,0.0,0.0,0.0,0.0,3975.0,7411.111111111111,11730.555555555557,0.0,0.0,0.0,3397.222222222222,11916.666666666666,0.0,0.0,2801.0701874346128,3877.781405037005,3210.2144031346875,38430.55555555556,2913.9449918730425,3198.649773066931,4188.605003606541,3086.8169919272536,3004.090077355487,3012.1295583230485,3023.9004487808616,2981.6515879742046,3130.754141078867,0.0,89052.77777777777,0.0,89052.77777777777,0.0,0.0,0.0,0.0,0.0,127483.33333333331,15.21682,9.728504209975036,14.79717708297189,7.181148588461428,7.181148588461428,7.181148588461428,14.350024123220432,13.5502300292138,7.180989828357118,9.946153805664396,7.181148588461428,8.418558371092677,11.310825287314064,5.564249407825025,10.51591163793264,5.750186937484568,5.564249407825025,5.564249407825025,11.896215308848577,8.529633763684801,5.564093563479297,7.19708608698205,5.686044830298573,5.974592936799165,7.57402020071874,5.473048510061856,5.562822111883478,5.692373852542112,5.564093563479297,5.563458523062056,5.839097415136183,5.473048510061856,5.563458523062056,5.552031025547033,5.563458523062056,5.562822111883478,5.562822111883478,Metadata_MT_Commercial_MT_baseline_metadata_and_annual_results.csv,MT
184326,0,3000.0,Cold,MT,Montana,,QuickServiceRestaurant,Food Service,1001_5000,NaturalGas,Small Packaged Unit,Central Single-zone RTU_Boiler _DX,DX,Boiler ,night_fancycle_vent,PSZ-AC with gas boiler,Central Single-zone RTU,gen2_t8_halogen,1,1,1985,0.0,0.0,0.0,0.0,0.0,0.0,11036.111111111111,6225.0,39766.66666666666,0.0,0.0,2.7777777777777777,83788.88888888889,18580.555555555555,1547.2222222222222,13225.0,13539.558497449852,16233.656357054422,14144.32111331407,174169.44444444444,12954.122259651074,14269.553820478895,16888.02122712851,15341.528943738696,14005.743905080451,15088.69947658028,13588.074290295985,13953.630728377546,14163.226061026324,0.0,154352.77777777775,29372.22222222222,209266.66666666663,25541.666666666664,0.0,0.0,0.0,0.0,383436.1111111111,47.11149,36.34749430712071,45.12562480618598,32.50371276618691,32.57059420559928,32.56721972788817,46.42206894880128,43.92123039960969,32.47614066484584,41.67355635152384,32.46904961286928,33.372789163134854,41.30282307571178,30.835700290865148,38.699613487442335,30.68292315983725,30.74417218049049,30.738719571157567,39.06695883144109,37.90971491234784,30.7183072517327,35.46194587743623,30.71865019101468,31.340511527695977,33.146886414809146,30.589098716407623,31.469968272991384,30.58344946687152,30.577804676159303,30.59135705415602,34.87590759880373,33.20751363925982,30.584363796723185,30.719285415911266,30.592614621061657,30.59261810868842,30.816685490752302,Metadata_MT_Commercial_MT_baseline_metadata_and_annual_results.csv,MT
184331,0,3000.0,Cold,MT,Montana,,FullServiceRestaurant,Food Service,1001_5000,NaturalGas,Small Packaged Unit,Central Single-zone RTU_Furnace_DX,DX,Furnace,night_fancycle_vent,PSZ-AC with gas coil,Central Single-zone RTU,gen1_t12_incandescent,1,1,1970,0.0,0.0,0.0,0.0,0.0,0.0,21419.444444444445,6605.555555555556,47500.0,0.0,0.0,0.0,83577.77777777778,19438.888888888887,0.0,13350.0,15636.459129624956,19565.99176977813,15863.768826881824,202136.1111111111,14190.938418143976,15806.57930819172,20716.681709245247,17998.89481352451,15876.356395640692,17638.2412182073,15442.010235402446,16279.092068129188,17121.487522944484,10241.666666666666,104266.66666666666,233391.66666666663,423602.7777777777,85944.44444444444,0.0,0.0,0.0,0.0,625741.6666666667,61.65707,46.37259042676586,60.28406892102169,36.93486209905862,36.27887485062946,36.95041871486114,60.48184732608191,54.53879930814081,36.11141427702614,48.102018841440994,36.595985278208296,42.73882687243327,50.73206937148083,35.80188525219526,46.48393182517383,35.64227540504551,34.50363633287207,35.307255299457125,49.68581960564227,44.10462011525879,35.04206385664313,42.40541041307244,35.86343694136089,36.64065579626482,41.96112609438774,34.02667187135809,36.04546248542687,34.497869241416346,33.758895012491884,34.360418518737504,42.340270245366895,36.47742069087276,34.25810518614396,35.62978176658756,34.643503531345296,34.73894321058457,34.71345114698851,Metadata_MT_Commercial_MT_baseline_metadata_and_annual_results.csv,MT
184332,0,7500.0,Cold,MT,Montana,strip_mall_restaurant0,RetailStripmall,Mercantile,5001_10000,Electricity,Multizone CAV/VAV,Central Multi-zone VAV RTU_Furnace_DX,DX,Furnace,night_fancycle_novent,PVAV with gas heat with electric reheat,Central Multi-zone VAV RTU,gen2_t8_halogen,1,1,1912,0.0,0.0,0.0,0.0,0.0,0.0,8266.666666666668,16744.444444444445,6313.888888888889,0.0,0.0,70444.44444444445,10180.555555555557,43416.66666666666,0.0,0.0,11793.573151855306,8761.645078250554,20591.024227622864,155366.66666666666,20178.50702473389,19033.54770800645,9312.121585091543,7383.890148263284,15337.435991765997,7861.632154257677,16494.26136059475,10692.116945653292,7927.535211567728,0.0,25283.33333333333,0.0,31747.22222222221,6463.888888888888,0.0,0.0,0.0,0.0,187116.66666666663,64.31386,53.40463738247616,35.85098925492707,61.271468932321234,61.99836869250415,60.3905710038158,30.36050249771913,28.247049429308703,48.87736351769382,35.01478833629643,50.13095931236639,44.18564083782506,35.58645440938833,35.06410521387046,23.16903903532068,47.3655778955581,54.00588002682812,46.725522500330925,25.7451667182713,17.05959097094944,43.14595991234157,17.248080642091132,45.51273692393188,31.32539357378332,18.929389716221458,16.844740456485166,13.874350138052415,42.03532496591807,38.88260904632691,39.96271572363966,14.204279471835148,14.186512155037535,35.669583390697824,14.279044897002963,29.136750700596668,20.551791725634867,14.269582778409823,Metadata_MT_Commercial_MT_baseline_metadata_and_annual_results.csv,MT
184336,0,37500.0,Cold,MT,Montana,,Warehouse,Warehouse and Storage,25001_50000,NaturalGas,Small Packaged Unit,Central Single-zone RTU_Furnace_DX,DX,Furnace,night_fanon_vent,PSZ-AC with gas coil,Central Single-zone RTU,gen2_t8_halogen,1,1,2002,0.0,0.0,0.0,0.0,0.0,0.0,3513.888888888889,42572.22222222223,34530.555555555555,0.0,0.0,0.0,130122.22222222223,61883.333333333336,0.0,0.0,21984.963725193647,23323.14669044869,23966.406867979087,272622.2222222222,21256.05657873639,24311.88273935139,24093.36879359507,20548.231402942263,22459.37643877108,22411.37414441456,22791.386431384108,23598.597769306733,21876.380462997964,0.0,237552.7777777777,0.0,237552.7777777777,0.0,0.0,0.0,0.0,0.0,510172.2222222223,56.797050000000006,51.68726986230912,56.11035038299621,51.68726986230912,51.68726986230912,51.68726986230912,55.21360268544676,50.83114838483099,51.68726986230912,51.38089865958639,51.68726986230912,51.68726986230912,51.57110108796792,51.52910851142676,51.36306390733638,51.57110108796792,51.68726986230912,51.68726986230912,50.83109549178359,50.83109549178359,51.57110108796792,50.83114838483099,51.57110108796792,51.36311680038377,51.36306390733638,21.50933705980082,21.509284166753417,21.833490121726165,21.833490121726165,21.833490121726165,21.509284166753417,21.509284166753417,21.804447928140863,21.50933705980082,21.833490121726165,21.50933705980082,21.509284166753417,Metadata_MT_Commercial_MT_baseline_metadata_and_annual_results.csv,MT
184338,0,17500.0,Cold,MT,Montana,,Warehouse,Warehouse and Storage,10001_25000,NaturalGas,Small Packaged Unit,Central Single-zone RTU_Furnace_DX,DX,Furnace,night_fanon_vent,PSZ-AC with gas coil,Central Single-zone RTU,gen3_t5_cfl,1,1,1980,0.0,0.0,0.0,0.0,0.0,0.0,4919.444444444444,14425.0,27222.222222222223,0.0,0.0,0.0,44811.11111111111,19205.555555555555,0.0,0.0,8634.853223668119,10150.412398735383,9380.545812976468,110583.33333333331,8333.793002852492,9459.875482266643,10810.84542596568,8692.6619817743,8901.877042937114,8949.375080089058,8957.073472018443,9241.511387255712,9071.62959938221,0.0,137297.22222222222,0.0,137297.22222222222,0.0,0.0,0.0,0.0,0.0,247883.3333333333,30.792630000000003,21.1639799051196,30.73445608055452,21.29435141092193,20.80279991754805,21.29435141092193,29.394449480484244,25.13567565731985,20.80279991754805,23.51999342660548,20.87351165288357,21.29805710135706,26.77543887626822,20.7219953521879,23.160655586342564,20.79198801764632,20.80279991754805,20.80279991754805,25.869409109543177,21.22986997462069,20.726245284930734,21.181274755128754,20.74788721376954,20.74788721376954,21.038661106925023,10.050009603055356,10.231334184998468,10.203492674303329,10.203492674303329,10.203492674303329,10.867031556483935,10.031998051470126,10.203492674303329,10.052584415700938,10.203492674303329,10.086100125851925,10.093535109840834,Metadata_MT_Commercial_MT_baseline_metadata_and_annual_results.csv,MT
184339,0,7500.0,Cold,MT,Montana,,SmallOffice,Office,5001_10000,Propane,Small Packaged Unit,Central Single-zone RTU_Furnace_DX,DX,Furnace,night_fanon_vent,PSZ-AC with gas coil,Central Single-zone RTU,gen2_t8_halogen,3,3,1989,0.0,0.0,0.0,0.0,0.0,0.0,5150.0,4194.444444444444,25433.33333333333,0.0,0.0,0.0,51438.88888888889,13875.0,0.0,0.0,7844.669531350599,9312.758459908298,8152.518139805104,100091.66666666669,7330.994519574962,8227.985050794676,10155.3703905014,8369.48048472384,7971.390406368678,8453.289865483695,7843.113748477253,8179.098074358476,8249.72285063493,0.0,0.0,0.0,0.0,0.0,0.0,39050.0,42819.44444444445,3769.444444444445,142908.33333333334,25.77193,16.313449994651194,24.14306778399392,15.022245312161491,15.022245312161491,15.022245312161491,25.705455963022768,21.13230186389257,15.022245312161491,20.1079094764232,15.022245312161491,15.022245312161491,21.97124320798811,15.022245312161491,18.433437912213503,15.022245312161491,15.022245312161491,15.022245312161491,21.489222397203548,17.125003312701928,15.022245312161491,15.975219273456569,15.022245312161491,15.022245312161491,15.336677106727707,8.841584116881092,10.04688036286577,8.82542374602924,8.82542374602924,8.82542374602924,12.073528135958002,8.841584116881092,8.82542374602924,8.841584116881092,8.82542374602924,8.841584116881092,8.841584116881092,Metadata_MT_Commercial_MT_baseline_metadata_and_annual_results.csv,MT
184340,0,37500.0,Cold,MT,Montana,,LargeHotel,Lodging,25001_50000,NaturalGas,Zone-by-Zone,DOAS+Zone terminal equipment_Boiler _ACC,ACC,Boiler ,default_nochange,DOAS with fan coil air-cooled chiller with boiler,DOAS+Zone terminal equipment,gen2_t8_halogen,6,6,2012,0.0,0.0,0.0,0.0,0.0,0.0,147175.00000000003,16902.777777777777,76063.88888888888,0.0,0.0,0.0,225441.66666666663,90788.88888888888,32450.0,12294.444444444443,54032.71849077059,65083.02622579386,55392.77454826427,689686.1111111111,50002.84217215811,55467.67605912616,67748.02063890737,61017.98028752769,55028.93670789181,60379.62196279181,53136.89398501319,55809.74996892343,56585.81689656487,88569.44444444445,486761.1111111111,188150.0,763119.4444444444,88208.33333333333,0.0,0.0,0.0,0.0,1452805.5555555555,154.9162,117.5303342774712,152.05302002718963,104.80430202021954,105.14177978740604,104.98816887729647,154.5336772420663,143.05274278335332,105.33229333071206,126.09848701586242,104.67962449596176,108.31924915444084,128.31441207175882,103.55434805264164,119.77845005080708,101.69685726977946,101.04250640517796,101.04420657230033,124.05981569861764,115.86993826800035,102.24458755641334,111.95402068411732,101.00979928648869,105.54516177664738,108.1735743353893,99.98332808133728,105.75827949165736,99.49264181156784,99.86699678679976,99.1737919124564,108.39545165127744,108.17990062580904,100.39034807381516,104.07977375970698,98.68115829434144,99.69863114437806,99.2727287377476,Metadata_MT_Commercial_MT_baseline_metadata_and_annual_results.csv,MT
184342,0,17500.0,Cold,MT,Montana,,Warehouse,Warehouse and Storage,10001_25000,NaturalGas,Small Packaged Unit,Central Single-zone RTU_Furnace_DX,DX,Furnace,night_fancycle_vent,PSZ-AC with gas coil,Central Single-zone RTU,gen4_led,1,1,1981,0.0,0.0,0.0,0.0,0.0,0.0,2838.888888888889,22416.666666666668,4144.444444444444,0.0,0.0,0.0,45377.777777777774,15250.0,0.0,0.0,6953.304332977933,7936.511870489183,8154.594512122914,90030.55555555555,7235.754429135157,8169.549183016434,8536.149889684602,6340.182279991474,7353.938995947281,7004.2523588387685,7652.008771687142,7644.388337339148,7048.563883384001,0.0,142113.88888888888,0.0,142113.88888888888,0.0,0.0,0.0,0.0,0.0,232141.66666666663,27.78332,17.68663701250534,27.464358082627527,20.09632702281152,18.183841223446013,20.01551365997278,25.893727101151693,19.69506113498645,17.883544048329984,19.95716863017147,18.203378045131345,18.381490272257405,21.08139857303083,17.106882867575216,18.555294887135684,18.51001829358442,17.538758630412268,18.48359513324667,23.010792483249148,17.393232250968342,17.154892731484367,17.137305446498992,17.32704321178005,17.17816576320581,17.330229910735746,8.697626695537322,8.680197908956858,9.201291418567394,9.35056794450791,9.099906913307876,9.12707690803724,8.680197908956858,9.094736019695436,8.680197908956858,9.024126914902205,8.845561898100224,8.680197908956858,Metadata_MT_Commercial_MT_baseline_metadata_and_annual_results.csv,MT
184346,0,3000.0,Cold,MT,Montana,,SmallOffice,Office,1001_5000,NaturalGas,Small Packaged Unit,Central Single-zone RTU_Furnace_DX,DX,Furnace,night_fanon_vent,PSZ-AC with gas coil,Central Single-zone RTU,gen2_t8_halogen,2,2,1961,0.0,0.0,0.0,0.0,0.0,0.0,1044.4444444444446,3461.111111111111,10161.111111111111,0.0,0.0,0.0,5961.111111111111,5344.444444444444,0.0,0.0,2183.093918835347,2500.4499752470474,2353.7188999748755,27672.222222222223,2092.130571680086,2368.865504491215,2670.8718059886864,2162.640551076468,2248.919335566492,2309.2535459675705,2252.933628644293,2310.9004670478644,2217.216960558922,1700.0,52480.55555555555,0.0,52480.55555555555,0.0,0.0,0.0,0.0,0.0,80149.99999999999,7.783939999999999,5.468055792095019,7.573539267416548,5.468055792095019,5.468055792095019,5.468055792095019,7.659093539937616,6.083905396158544,5.468055792095019,6.190094629363212,5.468055792095019,5.468055792095019,6.17254077817526,5.291659766395593,5.587479026734889,5.263232058723898,5.468055792095019,5.356440858315341,6.786871106814295,5.484093576925584,5.255805662315521,5.468055792095019,5.442565387602048,5.468055792095019,5.468055792095019,2.732220915771315,2.786400938651111,3.234526447066009,3.035996944575234,3.234526447066009,2.797986933159638,2.6610149635105325,2.9909306408992915,2.675848662315266,3.236225777048954,3.3514452545312947,3.150050174238484,Metadata_MT_Commercial_MT_baseline_metadata_and_annual_results.csv,MT
184349,0,75000.0,Cold,MT,Montana,,Hospital,Healthcare,50001_100000,NaturalGas,Multizone CAV/VAV,Central Multi-zone VAV RTU_Boiler _ACC,ACC,Boiler ,default_nochange,VAV air-cooled chiller with gas boiler reheat,Central Multi-zone VAV RTU,gen4_led,1,1,1964,0.0,0.0,0.0,0.0,0.0,0.0,113719.44444444444,44186.11111111111,154450.0,0.0,0.0,0.0,662397.2222222222,136391.66666666666,27613.888888888887,34058.333333333336,94010.93952469528,135622.87359331918,96539.91929186156,1255925.0,87383.17284185675,96912.57056096828,146539.3312994091,103718.78318474985,95231.28801699972,107750.51985335404,93020.51073436784,97216.77521585715,101978.99677862252,83111.11111111111,2052500.0,37355.55555555555,2207638.888888889,117783.33333333331,0.0,0.0,0.0,0.0,3463563.888888889,340.77137,231.8074559946544,333.9390625108328,216.4487871164456,217.77942011604767,215.1204580999115,311.18435852165936,289.16642963147257,214.85315213234983,291.9373647099823,214.4464940760312,235.32848605312097,293.06899004754,213.76848582985025,269.7940147198462,214.3636548623224,214.93089984594064,214.36880480945865,292.8312343480545,213.4488243448189,214.07854864506905,217.3559409202896,213.4062415595064,212.8804094787279,212.9097799670249,157.65547224695732,157.12503084815273,157.628432180102,157.91019219993711,158.03949944845874,212.97445464811133,157.2588478996607,157.6737417587218,183.1229411264327,157.79784550786596,157.21606777431614,157.12918018666227,Metadata_MT_Commercial_MT_baseline_metadata_and_annual_results.csv,MT
184354,0,17500.0,Cold,MT,Montana,,SmallOffice,Office,10001_25000,NaturalGas,Small Packaged Unit,Central Single-zone RTU_Furnace_DX,DX,Furnace,night_fancycle_vent,PSZ-AC with gas coil,Central Single-zone RTU,gen2_t8_halogen,1,1,1917,0.0,0.0,0.0,0.0,0.0,0.0,38575.0,11969.444444444443,89255.55555555555,0.0,0.0,0.0,67955.55555555555,28150.0,2.7777777777777777,0.0,16806.07788140522,27207.384029788434,16656.373331770697,235911.1111111111,15484.624370582094,17063.35585614598,30954.727735805784,22119.599576664,16073.8981083855,21915.285599309573,15983.654795524566,17167.189493939986,18478.66150963532,0.0,101233.33333333331,0.0,108886.1111111111,7652.777777777777,0.0,0.0,0.0,0.0,344797.22222222225,114.74001,83.93877667787189,114.46457677620089,54.58003079646701,57.20079648666218,54.29410162687429,111.52669318858322,97.38290728477476,54.58515933889381,101.92339418655204,55.309722094184494,69.6011218896664,96.29009942561764,54.038645293985525,86.54280056520734,53.77846599602999,53.77846599602999,53.77846599602999,96.55868186031844,63.97573404536428,53.77846599602999,56.76277656176152,53.77846599602999,53.93814529749419,55.02394051580019,12.05370335483522,24.838731879553183,12.390638598234975,13.463277905299195,12.863494275208897,35.404350135623304,12.05370335483522,12.064834196392653,20.22108726917088,12.253725632370193,12.118247256763338,12.231369819847776,Metadata_MT_Commercial_MT_baseline_metadata_and_annual_results.csv,MT
184357,0,75000.0,Cold,MT,Montana,,Warehouse,Warehouse and Storage,50001_100000,NaturalGas,Small Packaged Unit,Central Single-zone RTU_Furnace_DX,DX,Furnace,night_fanon_vent,PSZ-AC with gas coil,Central Single-zone RTU,gen4_led,1,1,2017,0.0,0.0,0.0,0.0,0.0,0.0,10291.666666666666,25297.222222222223,105830.55555555556,0.0,0.0,0.0,174997.22222222222,54491.66666666666,0.0,0.0,29580.210575447083,32578.86375393106,31889.736479877025,370911.1111111111,28408.88279671845,32122.260734968364,34471.0536864451,29035.9056970674,30457.40388084789,30590.75442760856,30506.020121336034,31428.791874418035,29840.1017918972,0.0,797233.3333333331,0.0,797233.3333333331,0.0,0.0,0.0,0.0,0.0,1168144.4444444445,111.40986,83.39775700091425,106.8089334413161,81.94819350544579,81.31267396794084,81.22276637230777,109.42898648089736,89.91617605202067,81.22276637230777,85.38396608314778,81.73042506131192,83.41728003727424,88.3293103701105,80.97837275807115,84.87617446566074,81.10841252959072,81.22276637230777,81.2127416024813,93.89072765356518,83.82634746274417,80.44651935598817,83.58022306481176,80.66852980078444,80.88290042955438,82.80700826974379,35.64551512461878,35.64551512461878,36.56515500553257,36.56515500553257,36.56515500553257,35.64551512461878,35.64551512461878,36.56515500553257,35.64551512461878,36.56515500553257,35.64551512461878,35.64551512461878,Metadata_MT_Commercial_MT_baseline_metadata_and_annual_results.csv,MT
184358,0,7500.0,Cold,MT,Montana,,SmallOffice,Office,5001_10000,Propane,Small Packaged Unit,Central Single-zone RTU_Furnace_DX,DX,Furnace,night_fanon_vent,PSZ-AC with gas coil,Central Single-zone RTU,gen2_t8_halogen,1,1,1962,0.0,0.0,0.0,0.0,0.0,0.0,5433.333333333333,7494.444444444444,35666.666666666664,0.0,0.0,0.0,31900.0,8491.666666666666,0.0,0.0,7107.687351669946,8698.6663750145,7517.774545612958,91716.66666666669,6720.51990227115,7541.350766253919,9321.539921591197,7353.456195580678,7308.136275354008,7666.30764346317,7225.400645713189,7471.83994552576,7783.962156517942,2730.555555555556,0.0,0.0,0.0,0.0,0.0,112072.22222222222,112072.22222222222,0.0,203788.8888888889,27.33396,19.34871406616637,26.165403684370563,16.527359453460473,16.527359453460473,16.54108952513485,24.97195499816075,21.691133982934264,16.55894336587627,21.329686180964053,16.361572445354785,16.757438141478605,23.08847255411732,16.453371934121982,19.46697832747224,16.403552814872025,16.464623095777075,16.444216883390602,22.981726480292373,17.772079020562924,16.362858263171436,16.981476723343174,16.165468151615926,16.13556572695617,18.54295553714146,10.73891549673615,11.054137292855254,10.738915496736148,10.73891549673615,10.738915496736148,12.933003059880049,10.73891549673615,10.738915496736148,10.73891549673615,10.738915496736148,10.73891549673615,10.780108527609142,Metadata_MT_Commercial_MT_baseline_metadata_and_annual_results.csv,MT
184359,0,37500.0,Cold,MT,Montana,,Outpatient,Healthcare,25001_50000,NaturalGas,Multizone CAV/VAV,Central Multi-zone VAV RTU_Boiler _ACC,ACC,Boiler ,night_fancycle_vent,VAV air-cooled chiller with gas boiler reheat,Central Multi-zone VAV RTU,gen2_t8_halogen,1,1,2015,0.0,0.0,0.0,0.0,0.0,0.0,53244.444444444445,19955.555555555555,71005.55555555555,0.0,0.0,0.0,249683.3333333333,82361.11111111111,14894.444444444443,0.0,38737.94077930616,55696.318127653234,39380.70945736647,520541.6666666667,37459.00604693732,40269.97910289097,58558.00873846971,45804.46820671025,38673.8620970038,46299.240048039705,37670.93164748963,40062.123492276616,41928.23787414875,29400.0,994663.8888888886,41430.55555555555,1036094.4444444444,0.0,0.0,0.0,0.0,0.0,1556636.1111111112,220.50072,148.32058506819553,217.96040503544555,118.62526359730344,119.2914899785789,118.5358657177745,215.679549616974,172.6814586629086,115.2313898720779,169.28643695360284,114.18734802750092,145.54206887118764,187.15370030116955,112.46688199081844,156.97172837700123,110.13577680549156,111.5552408608076,112.2251951232554,165.60267340545195,145.95343479748803,111.42921187038544,133.8316268540138,109.95429828198937,111.46328871957284,112.4959779287856,42.63486871606147,66.65459330727681,46.663383368756975,45.53160823508388,46.17640193959979,79.79634278762828,49.09573534566504,43.30686320741172,65.63875430007401,42.513433894656586,43.31355533345181,43.64281269137867,Metadata_MT_Commercial_MT_baseline_metadata_and_annual_results.csv,MT
184361,0,7500.0,Cold,MT,Montana,,SmallOffice,Office,5001_10000,NaturalGas,Small Packaged Unit,Central Single-zone RTU_Furnace_DX,DX,Furnace,night_fanon_vent,PSZ-AC with gas coil,Central Single-zone RTU,gen2_t8_halogen,1,1,1942,0.0,0.0,0.0,0.0,0.0,0.0,1941.6666666666667,9566.666666666666,23800.0,0.0,0.0,0.0,19102.777777777777,17991.666666666664,0.0,0.0,6026.957132042169,6836.196285603864,6512.466542026752,75797.22222222222,5795.401629112648,6567.047630093779,7109.060722129702,5775.867127761289,6223.170027012621,6188.636954962203,6233.968717763146,6418.362776432994,6111.293051843067,3394.4444444444443,135594.44444444444,0.0,135594.44444444444,0.0,0.0,0.0,0.0,0.0,211391.66666666663,19.09331,13.239107454532348,18.90198430303498,13.239107454532348,13.135828406737106,13.21878478189702,18.4387216190316,14.117691175768709,13.177275504401688,14.513255409422934,13.19050434111053,13.163230653271096,15.996382018253962,13.122900988723664,14.276535965801942,12.82619987229775,12.95246905526287,13.069341298126838,15.921579321073493,13.013164935320464,13.019817388761195,13.026349648091,12.97147854745927,12.959108057720927,12.971663468151926,8.378223688450195,8.378223595570883,7.5636527052122675,7.186115029986646,7.398095902099743,8.378228237127296,8.01118091128654,7.186115159401068,8.378228740315626,7.5636527052122675,8.01118091128654,8.37822361906561,Metadata_MT_Commercial_MT_baseline_metadata_and_annual_results.csv,MT
184362,0,17500.0,Cold,MT,Montana,,SmallOffice,Office,10001_25000,NaturalGas,Small Packaged Unit,Central Single-zone RTU_Furnace_DX,DX,Furnace,night_fanon_vent,PSZ-AC with gas coil,Central Single-zone RTU,gen2_t8_halogen,2,2,1999,0.0,0.0,0.0,0.0,0.0,0.0,17711.111111111113,12822.222222222224,73744.44444444445,0.0,0.0,0.0,115927.77777777778,35286.11111111111,2.7777777777777777,0.0,20050.0331337037,24350.03238718472,20523.009228763087,255491.66666666663,18409.7142388647,20681.32462197489,25615.06954578197,21727.66078260276,20099.815916743,22331.900771873126,19765.56965566706,20968.118618140867,20970.69634002347,0.0,86477.77777777777,0.0,94616.66666666666,8138.888888888887,0.0,0.0,0.0,0.0,350111.11111111107,58.8482,44.55132122916135,58.691626328742736,36.82086571466317,36.968856801019136,36.82741762236847,57.16415605180145,51.10482784905394,37.61833653525223,49.77045303436139,38.6117574519208,41.87547821904714,52.70148016260559,36.53448010915024,46.37246311637718,36.53000940969231,36.53000940969231,36.53000940969231,49.43554621986404,42.62036228107407,36.53000940969231,40.8928396323197,36.53000940969231,36.53000940969231,38.8802690148403,22.723530824731824,24.818517207357168,22.671453074328785,22.65022765599203,22.671453074328785,25.71055743964644,22.723530824731824,22.65022765599203,22.723530824731824,22.671453074328785,22.723530824731824,22.723530824731824,Metadata_MT_Commercial_MT_baseline_metadata_and_annual_results.csv,MT
184363,0,17500.0,Cold,MT,Montana,,Warehouse,Warehouse and Storage,10001_25000,NaturalGas,Small Packaged Unit,Central Single-zone RTU_Furnace_DX,DX,Furnace,night_fancycle_vent,PSZ-AC with gas coil,Central Single-zone RTU,gen1_t12_incandescent,1,1,1960,0.0,0.0,0.0,0.0,0.0,0.0,2047.2222222222224,14427.77777777778,6655.555555555556,0.0,0.0,0.0,49925.0,45661.11111111111,0.0,0.0,9556.514581320913,10162.579479849044,10580.590499462343,118719.44444444444,9729.731539688546,10740.841540072468,10612.604452389392,8620.374035414688,9908.776514130494,9511.414341227142,9922.919165991314,10145.517181725929,9226.704920321334,0.0,309211.11111111107,0.0,309211.11111111107,0.0,0.0,0.0,0.0,0.0,427930.5555555556,39.02292,26.01052492759389,38.99939457429343,28.67339229305357,27.20402241094089,28.548848343895752,34.28419361954966,27.103976911010253,26.404375158812552,26.80890803188555,28.03306358511672,25.271685979126072,27.01168600258728,24.9266532990472,25.389004340351555,27.69099051132072,25.959580228822,27.50749474695583,29.12355784302877,24.92497306406424,25.200458953328283,24.9644477887442,27.34417461291094,24.94372272623979,24.88455661317812,7.832229833508732,7.7627409379674015,8.627176199370743,9.606796929444664,8.722614503046175,7.785126176229901,7.7627409379674015,8.65165989219787,7.7627409379674015,8.407707677432112,8.067054737315543,7.7627409379674015,Metadata_MT_Commercial_MT_baseline_metadata_and_annual_results.csv,MT
184364,0,17500.0,Cold,MT,Montana,strip_mall_restaurant10,RetailStripmall,Mercantile,10001_25000,Electricity,Multizone CAV/VAV,Central Multi-zone VAV RTU_Furnace_DX,DX,Furnace,night_fancycle_novent,PVAV with gas heat with electric reheat,Central Multi-zone VAV RTU,gen2_t8_halogen,2,2,1993,0.0,0.0,0.0,0.0,0.0,0.0,22072.222222222223,19025.0,46588.88888888889,0.0,0.0,55844.44444444445,83475.0,91380.55555555556,0.0,0.0,28096.45975757749,29590.634024387007,34636.95260213703,364066.6666666667,37128.49028995907,33993.351889492325,31208.001316033384,26205.65566810873,31553.0614821997,27355.11045993625,30890.441578838418,27772.49395357931,25635.68914893293,45680.55555555556,62886.11111111111,24230.55555555555,87116.66666666666,0.0,0.0,0.0,0.0,0.0,451183.3333333333,126.20894,115.81589104056076,113.01404178751451,112.1797433285469,122.93032184094122,109.96837590885644,99.689128133275,78.70002854553206,104.66879155267505,80.99688362979136,99.0716834278428,88.35493494867582,87.04036176836732,74.02034989951525,77.18681472804563,91.9493344671349,107.3760524333614,89.17729143648437,86.95843616688434,66.42649508131183,85.96630480914854,64.84405784564143,84.28781093314674,73.9102600057037,63.28191453604748,56.08204824632613,55.4400433456063,74.82995197694306,80.86171081082512,82.03245844463625,60.94175301426812,52.02937660241315,67.89301295861037,60.4614169740048,62.30566890381092,58.86858122156704,54.63187998413492,Metadata_MT_Commercial_MT_baseline_metadata_and_annual_results.csv,MT
184365,0,1000.0,Cold,MT,Montana,,FullServiceRestaurant,Food Service,_1000,Electricity,Small Packaged Unit,Central Single-zone RTU_Electric Resistance_DX,DX,Electric Resistance,night_fancycle_vent,PSZ-AC with electric coil,Central Single-zone RTU,gen2_t8_halogen,1,1,1921,0.0,0.0,0.0,0.0,0.0,0.0,3375.0,2513.888888888889,14716.666666666666,0.0,0.0,33738.88888888889,22741.666666666668,4133.333333333334,0.0,13230.555555555557,8226.414071010955,6443.560272437195,11082.404749921056,98566.66666666669,11792.065157077794,10511.36078291123,6599.441049510836,5804.3142401885725,9237.356655805932,6210.960389894926,8978.846504867171,7338.674860122401,6340.2971828144255,4113.888888888889,0.0,63244.444444444445,93983.33333333331,30738.888888888883,0.0,0.0,0.0,0.0,192547.22222222225,39.56152,28.929545785542707,19.66342849691255,34.55813587748084,38.79985752184358,31.243834824580187,18.57047543124004,16.898846409098613,28.96073687607714,17.4314532317743,28.06007649757083,21.25744939931753,19.96516435748476,18.5498574141401,15.228912405369089,21.331762156356447,27.11191071822797,20.322023619289805,16.265857255789218,13.948507664970244,20.43664033517937,13.759147413940912,19.91839136602696,16.923803815191143,14.918472317105152,10.820547371828246,11.236466683197106,15.007864593087254,18.4759237432661,15.280655414644428,11.74159888203402,10.94395994722439,15.79506915407613,11.280752626148002,14.475466321593874,11.600334899451266,11.403473405618335,Metadata_MT_Commercial_MT_baseline_metadata_and_annual_results.csv,MT
184367,0,3000.0,Cold,MT,Montana,,QuickServiceRestaurant,Food Service,1001_5000,NaturalGas,Small Packaged Unit,Central Single-zone RTU_Furnace_DX,DX,Furnace,night_fanon_vent,PSZ-AC with gas coil,Central Single-zone RTU,gen5_led,1,1,1990,0.0,0.0,0.0,0.0,0.0,0.0,2769.4444444444443,8297.222222222223,33591.666666666664,0.0,0.0,0.0,30794.444444444445,6294.444444444444,0.0,12861.111111111111,7475.899118384409,8557.638566806827,7965.221209669662,94608.33333333331,7115.005147078509,7959.14070715659,9003.541279650735,7665.553843626679,7785.262013534216,7754.672470563404,7681.257401048059,7867.954325192473,7777.847931478745,0.0,179747.22222222222,51400.0,260177.7777777777,29027.777777777774,0.0,0.0,0.0,0.0,354786.11111111107,21.3635,14.199074163345315,21.15729901324204,14.06031427685249,13.117158886810005,14.071262881719631,19.867440131684013,17.296639082431287,13.03113182167689,15.406144604112288,14.06607958016002,13.84688836364484,17.886210822191213,12.19125517018573,16.04772729623012,12.179737188288888,12.180224347942731,12.17992848876885,17.58627858656389,13.557483045048809,12.194333384598949,12.942409008255064,12.180178806446415,12.196166933518672,13.232235355557194,12.166346862734915,12.20046090874958,12.159905611231148,12.154739067139984,12.162982720777473,12.191808594096974,12.191591748338274,12.16536126089192,12.18764966714669,12.167101140332088,12.172402560841851,12.176193438494566,Metadata_MT_Commercial_MT_baseline_metadata_and_annual_results.csv,MT
184368,0,3000.0,Cold,MT,Montana,strip_mall_restaurant30,RetailStripmall,Mercantile,1001_5000,NaturalGas,Small Packaged Unit,Central Single-zone RTU_Furnace_DX,DX,Furnace,night_fancycle_vent,PSZ-AC with gas coil,Central Single-zone RTU,gen3_t5_cfl,2,2,1966,0.0,0.0,0.0,0.0,0.0,0.0,3855.555555555556,3975.0,12663.888888888889,0.0,0.0,0.0,18933.33333333333,9141.666666666666,0.0,0.0,5349.288595854098,6453.236464335188,5680.3027581121205,68386.11111111111,5200.4191311196455,5733.52788595917,6960.605928648373,5450.324929890697,5545.943236708177,5746.57992135439,5376.584383482897,5433.950518687073,5454.935101044553,19813.888888888887,81752.77777777778,16208.33333333333,120138.88888888888,22180.55555555555,0.0,0.0,0.0,0.0,188525.0,38.58219,16.829530230175546,24.381608677375787,15.626138100069912,15.714932036732598,15.770021832502325,22.735634000721813,18.027789359000824,15.820168744413133,18.65976510047984,15.738737551171134,15.515951437324684,19.39397113476604,14.170397556988837,16.18334334944551,14.209704465797431,14.151730869047425,14.166362748568098,18.216099086439545,14.662575706029468,14.37846183733052,14.527342741240284,14.00981221175642,14.135401776259664,14.241493304169897,12.655722951209604,12.390106217939302,12.49386591512054,12.807011701672067,12.52249822375244,13.601502111840524,11.536704855362451,12.717088881520016,12.844755098099252,12.381291876999056,11.919073281644222,12.225490954046618,Metadata_MT_Commercial_MT_baseline_metadata_and_annual_results.csv,MT
184370,0,17500.0,Cold,MT,Montana,,SmallHotel,Lodging,10001_25000,NaturalGas,Residential Style Central Systems,Residential forced air_Furnace_DX,DX,Furnace,default_nochange,Residential AC with residential forced air furnace,Residential forced air,gen4_led,4,4,1935,0.0,0.0,0.0,0.0,0.0,0.0,47266.66666666666,17725.0,114666.66666666669,0.0,0.0,0.0,127902.77777777778,21491.666666666668,22.22222222222222,0.0,25839.08884397477,31786.226426205823,25321.261344407376,329077.7777777778,22564.206875947093,25351.11612501686,33971.829306828884,29780.007812249536,25273.051120687407,29471.542761328536,24667.723962201107,26577.16531993949,28474.126796197525,0.0,108958.33333333331,58686.1111111111,301619.4444444444,133974.99999999997,0.0,0.0,0.0,0.0,630697.2222222222,63.009800000000006,50.95109539734552,60.722359512754046,38.68221477052144,38.57120712655303,38.66794136218744,62.24313637922003,55.18929578462728,40.48724550595763,53.02879209372046,39.19736338201007,45.16326907415269,51.97146954148174,40.53742611102725,49.04632138627196,38.17356822522073,37.91706879853939,38.31350138057877,54.3757859217451,49.40216217002809,38.49474649955783,47.34717412056912,38.59569842036883,40.56482648404306,45.65743960312774,36.65434631425366,41.75545535980948,35.989342059989625,35.734084608594266,36.08701222824768,48.25083524894824,38.8895994848881,35.8785741039078,38.30839388512259,36.224208073042576,36.57057720925597,37.04910321628634,Metadata_MT_Commercial_MT_baseline_metadata_and_annual_results.csv,MT
184372,0,7500.0,Cold,MT,Montana,,LargeHotel,Lodging,5001_10000,Propane,Zone-by-Zone,DOAS+Zone terminal equipment_Boiler _WCC,WCC,Boiler ,default_nochange,DOAS with fan coil chiller with boiler,DOAS+Zone terminal equipment,gen3_t5_cfl,4,4,1978,0.0,0.0,0.0,0.0,0.0,0.0,14811.111111111111,15002.77777777778,24136.11111111112,0.0,452.77777777777777,0.0,34738.88888888889,6102.777777777778,8347.222222222223,16786.111111111113,8810.970798788261,12075.302464317903,9955.794724283984,120377.77777777778,8868.311327874097,9800.028676216043,13149.16587492191,9838.9268182181,9298.554848976772,9990.165779391784,9417.828470736222,9350.700096739143,9822.380117795252,0.0,0.0,9119.444444444443,9119.444444444443,0.0,0.0,202166.6666666667,242900.0,40733.333333333336,372397.2222222222,29.31175,19.101520680236007,29.05754053074038,17.76309324381176,17.175395052092885,16.851899711470324,27.228884080628227,23.40720506144694,16.232634494644834,23.34581560363932,17.418698393738275,19.83298681224471,23.856227830096515,15.061941381065218,22.30413910107408,15.670789234149144,15.846052895628231,15.49814095139389,23.049144428732767,18.127593977987463,15.357694894066444,17.95997602135748,15.54490832306802,15.222040586057336,17.53596676254067,13.80430246505442,13.643490674933965,15.289127043347095,15.089684741266847,15.13242442153262,13.436340995670175,13.325474467986078,15.00069560437881,13.142476323260354,15.039026281710862,14.800461319788964,14.521385434849469,Metadata_MT_Commercial_MT_baseline_metadata_and_annual_results.csv,MT
184374,0,17500.0,Cold,MT,Montana,,LargeHotel,Lodging,10001_25000,DistrictHeating,Zone-by-Zone,DOAS+Zone terminal equipment_District_WCC,WCC,District,default_nochange,DOAS with fan coil chiller with district hot water,DOAS+Zone terminal equipment,gen1_t12_incandescent,4,4,1888,0.0,0.0,0.0,292161.11111111107,292161.11111111107,0.0,58858.333333333336,14930.555555555557,51538.88888888889,0.0,1119.4444444444446,0.0,112897.22222222222,53702.777777777774,26897.222222222223,18027.77777777778,32438.972228670667,39459.70923292579,34282.86600577571,419113.8888888889,31293.550559538475,34344.85365305294,41403.780784554496,36057.441116448965,33822.281361768335,35728.15341489515,32677.16172029492,33220.05762825852,34386.13963961621,81136.11111111111,0.0,129963.88888888888,129963.88888888888,0.0,0.0,0.0,0.0,0.0,841238.8888888888,86.01039,75.33148849303868,84.04095435783933,64.01889406255275,63.7814713026389,64.06552430706236,83.53171696817805,80.2448414395474,61.39833924342312,74.08056244772881,63.56628148762813,71.21858890897333,76.98963066246738,60.248214293067534,70.6352652308711,61.08398678101119,61.52704494146475,61.60404314511654,72.26698829234316,68.37856643415094,60.739822173381725,64.05050430321485,60.26612738249392,59.84628875952242,61.75731645538634,57.95672333991508,60.173109650616695,59.21703387305583,59.12866496273214,59.02334255733354,62.042920847697374,59.44827307470683,58.80544923253257,59.727200407033706,58.79745526235587,58.78175601266418,57.70689523755575,Metadata_MT_Commercial_MT_baseline_metadata_and_annual_results.csv,MT
184377,0,75000.0,Cold,MT,Montana,mediumoffice_nodatacenter,MediumOffice,Office,50001_100000,Electricity,Zone-by-Zone,DOAS+Zone terminal equipment_WSHP_WSHP,WSHP,WSHP,default_nochange,DOAS with water source heat pumps cooling tower with boiler,DOAS+Zone terminal equipment,gen2_t8_halogen,3,3,1962,0.0,0.0,0.0,0.0,0.0,0.0,49636.11111111111,34338.88888888889,61222.22222222223,0.0,2630.555555555556,21561.11111111112,187916.66666666663,181605.5555555556,14691.666666666666,0.0,42779.47232067712,54085.694100351466,47853.13592349486,573291.6666666666,46649.59627087061,49297.80550636497,58786.14413411345,45794.32502803435,44012.46598156674,47580.492083435645,44834.06514833267,45602.33889358435,46017.212222481125,19694.444444444445,315338.8888888889,0.0,315338.8888888889,0.0,0.0,0.0,0.0,0.0,888633.3333333334,225.13147,165.77556016931416,213.62795834099725,154.2551351371147,153.20584270395582,160.90872331068127,223.7333012397702,195.56087954773963,151.99279955119397,192.7470387595405,155.39038841773714,158.8504078034325,192.280919902473,147.59900113730396,177.55397859568117,144.33845383627013,143.6677289720349,143.04962352559122,200.24234749188008,165.85363151634905,144.31603136301877,161.17114779913285,147.3657822217904,153.34069874683613,159.10586797667582,59.56809071490928,59.56809071490928,62.10151537775346,66.02022754969508,61.79607318911996,59.56809071490928,59.56809071490928,62.81050785991699,59.56809071490928,61.80913862674812,59.56809071490928,59.56809071490928,Metadata_MT_Commercial_MT_baseline_metadata_and_annual_results.csv,MT
184380,0,17500.0,Cold,MT,Montana,,QuickServiceRestaurant,Food Service,10001_25000,NaturalGas,Small Packaged Unit,Central Single-zone RTU_Furnace_DX,DX,Furnace,night_fancycle_vent,PSZ-AC with gas coil,Central Single-zone RTU,gen2_t8_halogen,1,1,1969,0.0,0.0,0.0,0.0,0.0,0.0,34963.88888888889,28683.33333333333,279505.5555555556,11158.333333333334,0.0,0.0,215469.44444444444,84236.11111111111,0.0,13147.222222222224,52089.65418551339,62410.51300393247,54624.73410327322,667163.8888888889,49283.18820737909,54765.38926567919,66887.54256640785,56037.971003933024,53459.98129703722,56198.93234323537,52465.27516971044,53892.08232902797,55049.699403147824,0.0,340136.11111111107,53847.22222222221,584999.9999999999,191016.66666666663,0.0,0.0,0.0,0.0,1252166.6666666665,167.26569,130.72533921492098,166.28114770182614,106.05126843432716,105.30099556134998,106.06770155330474,159.6678013259347,148.9521066115274,105.31056881898876,137.07222526379238,106.05912581223646,113.2237138532207,147.99956223580406,101.95147178148376,135.0446821126453,103.18416559547008,101.5736374587877,103.18264630863996,144.3288860507899,127.11670403530287,101.5875041455638,117.39092775078896,103.19629182618766,101.59617468710732,118.5851995534538,101.55201765461972,99.20608590065127,103.15696087175738,101.53836599514273,101.55313700797386,102.99047583376336,99.25398840576268,101.55188850751716,99.23076951437622,103.17038949680165,100.99328827115473,99.2632510845986,Metadata_MT_Commercial_MT_baseline_metadata_and_annual_results.csv,MT
184381,0,7500.0,Cold,MT,Montana,,SmallOffice,Office,5001_10000,Propane,Small Packaged Unit,Central Single-zone RTU_Furnace_DX,DX,Furnace,night_fancycle_vent,PSZ-AC with gas coil,Central Single-zone RTU,gen4_led,2,2,1953,0.0,0.0,0.0,0.0,0.0,0.0,1991.6666666666667,5766.666666666667,9483.333333333334,0.0,0.0,0.0,14913.888888888889,7227.777777777778,0.0,0.0,3019.998013347601,3602.403985062536,3434.123772644749,39386.11111111111,3261.031888687018,3424.6961955342263,4022.227628274592,2865.6314563648893,3200.917539900995,3123.619208722976,3225.9772423640898,3216.6650491885484,2987.912933350245,0.0,0.0,0.0,0.0,0.0,0.0,101072.22222222222,104288.88888888888,3216.6666666666665,143675.0,17.10891,10.454680201534826,16.874815869544847,10.433675161936106,10.433675161936106,10.433675161936106,16.416515534167306,12.175664057793892,10.433675161936106,12.216072734031131,10.433675161936106,10.433675161936106,12.370872672437418,10.433675161936106,11.05068431870851,10.433675161936106,10.433675161936106,10.433675161936106,13.599925603324047,10.433675161936106,10.433675161936106,10.433675161936106,10.433675161936106,10.433675161936106,10.433675161936106,3.266940772180239,3.260702202944284,4.000533406505352,4.096527529442713,3.899228735092291,3.260702202944284,3.260702202944284,3.6826148245137498,3.260702202944284,3.573568403386033,3.812589616020553,3.260702202944284,Metadata_MT_Commercial_MT_baseline_metadata_and_annual_results.csv,MT
184382,0,3000.0,Cold,MT,Montana,,QuickServiceRestaurant,Food Service,1001_5000,NaturalGas,Small Packaged Unit,Central Single-zone RTU_Furnace_DX,DX,Furnace,night_fanon_vent,PSZ-AC with gas coil,Central Single-zone RTU,gen4_led,1,1,1971,0.0,0.0,0.0,0.0,0.0,0.0,9772.222222222224,7466.666666666667,63805.55555555556,0.0,0.0,0.0,22100.0,10375.0,0.0,13041.666666666666,9809.450518472246,12268.933925075771,10137.466259985596,126561.11111111112,9027.71068869252,10084.897443431117,12641.820890491945,10998.473213939393,9988.27645636525,10975.707884263147,9833.821839925302,10285.620794617227,10508.47707294736,0.0,164386.1111111111,169497.2222222222,358708.3333333333,24825.0,0.0,0.0,0.0,0.0,485269.4444444445,31.25366,22.48872290975762,31.100784002304927,18.096158698941075,17.37956066535743,18.01756507047932,29.450759640128062,27.71911111673936,17.471275438475892,23.60182790785359,17.86115511059977,21.10418674292601,26.08230161293133,16.944648672926032,23.56897315365084,17.54095859621832,16.120845597742758,16.93775949321308,24.608616277299127,21.60404074286985,16.441808004047694,20.615933449480448,17.340185716272302,17.457867206129993,19.10862518237008,16.07558362541167,17.079269572520555,16.922020879800883,16.066000014234557,16.07557197434487,17.93239531665682,17.611570018956364,16.07764395254881,16.959151860328753,16.505467443517773,16.277984153551,16.280117038013074,Metadata_MT_Commercial_MT_baseline_metadata_and_annual_results.csv,MT
184384,0,7500.0,Cold,MT,Montana,,SmallOffice,Office,5001_10000,NaturalGas,Small Packaged Unit,Central Single-zone RTU_Furnace_DX,DX,Furnace,night_fancycle_vent,PSZ-AC with gas coil,Central Single-zone RTU,gen2_t8_halogen,2,2,1986,0.0,0.0,0.0,0.0,0.0,0.0,5030.555555555556,6680.555555555556,13652.777777777776,0.0,0.0,0.0,11102.777777777776,11436.111111111111,0.0,0.0,3523.7619688905697,4951.449815611734,3883.563659058756,47902.777777777774,3510.7477165365567,3893.526177239097,5469.912957895717,3755.8471388984303,3590.527885834704,3974.486423192133,3680.689792242397,3737.784072820554,3931.27271128966,0.0,76430.55555555555,0.0,79374.99999999999,2944.4444444444443,0.0,0.0,0.0,0.0,127277.77777777778,21.10652,14.660080612124416,20.52122867744726,13.670618738923984,13.670618738923984,13.670618738923984,20.488273574647152,18.05543262838371,13.671933283903666,17.507153247331594,13.689268285628849,13.789179797369972,18.400987150683893,13.670618738923984,16.17604629754825,13.670618738923984,13.670618738923984,13.670618738923984,19.04039213292474,14.984257048291784,13.670618738923984,14.345286279621355,13.670618738923984,13.670618738923984,14.082757700169791,4.928337758829368,4.928337758829368,5.03863803718436,5.0075664831079605,5.048600682333425,4.928337758829368,4.928337758829368,5.076780833616867,4.928337758829368,4.944130146161118,4.93843355793928,4.928337758829368,Metadata_MT_Commercial_MT_baseline_metadata_and_annual_results.csv,MT
184386,0,37500.0,Cold,MT,Montana,,Warehouse,Warehouse and Storage,25001_50000,NaturalGas,Small Packaged Unit,Central Single-zone RTU_Furnace_DX,DX,Furnace,night_fancycle_novent,PSZ-AC with gas coil,Central Single-zone RTU,gen2_t8_halogen,1,1,1995,0.0,0.0,0.0,0.0,0.0,0.0,3469.4444444444443,23780.555555555555,6483.333333333333,0.0,0.0,0.0,97241.66666666669,42169.444444444445,0.0,0.0,13786.44865056943,15185.968768566734,15223.12908020539,173141.66666666666,13569.70633626388,15369.848088502886,15878.83641775494,12908.928548846192,14171.6520153661,14088.133895131585,14395.272552653303,14762.801807547386,13799.691104337722,0.0,171172.22222222222,0.0,171172.22222222222,0.0,0.0,0.0,0.0,0.0,344313.8888888889,51.61253,40.34389526978269,51.23865698568034,41.17244975295932,40.27345131719468,40.04848373118305,49.40543067774461,42.305076666192846,39.60181484226113,42.61578797729394,40.7887697586194,40.1999096067414,44.10632415913416,39.33597414529507,41.01457873842968,40.63434492106878,39.598293571294114,39.55713812980402,46.43160669897483,40.36378774309173,39.40916399492551,40.079407083287954,39.486454090624605,39.46024702006262,40.497996380360334,13.414385546761547,13.382402388614118,14.079984221180936,13.987094195547876,14.042166803580477,14.321535359904862,13.382402388614118,13.997975753005152,13.382402388614118,13.80041000827016,13.456346135339006,13.382402388614118,Metadata_MT_Commercial_MT_baseline_metadata_and_annual_results.csv,MT
184387,0,3000.0,Cold,MT,Montana,,Warehouse,Warehouse and Storage,1001_5000,NaturalGas,Zone-by-Zone,Zone terminal equipment_Furnace_DX,DX,Furnace,default_nochange,PTAC with gas coil,Zone terminal equipment,gen2_t8_halogen,1,1,1957,0.0,0.0,0.0,0.0,0.0,0.0,1766.6666666666667,8830.555555555557,3269.4444444444443,0.0,0.0,0.0,8850.0,4016.6666666666665,0.0,0.0,1918.5879030829767,2466.923558082663,2487.69455163281,26733.33333333333,2376.513426493796,2527.662674856001,2743.2259253224515,1850.747361723052,2117.848599953617,1850.1534514659545,2248.369368793742,2082.4026933344044,2063.615964980667,0.0,62441.66666666666,0.0,62441.66666666666,0.0,0.0,0.0,0.0,0.0,89177.77777777778,10.05337,5.2834704396602,9.855994358101404,6.507513485753599,6.57723449817001,6.391414825884152,8.894781133829843,6.556042578834826,5.259030796104058,5.317393623523022,5.715821606744481,5.349895209105141,7.479671371529449,3.741367452136064,5.596568800886204,5.131952876765418,5.555224316588978,5.3421525123415465,6.274113730251353,3.392412663111425,4.982547490368339,3.3160608634182385,4.991932526415232,4.669181666239911,4.61205974188546,2.7024044546186903,2.6601615553557854,3.117216301937374,3.651395213611868,3.239357898265545,3.067284061822414,2.662759400954392,3.202587507113171,2.662160319291768,3.0701862839306577,2.6691774961968258,2.6601615553557854,Metadata_MT_Commercial_MT_baseline_metadata_and_annual_results.csv,MT
184388,0,37500.0,Cold,MT,Montana,strip_mall_restaurant30,RetailStripmall,Mercantile,25001_50000,NaturalGas,Small Packaged Unit,Central Single-zone RTU_Furnace_DX,DX,Furnace,night_fancycle_vent,PSZ-AC with gas coil,Central Single-zone RTU,gen2_t8_halogen,1,1,1940,0.0,0.0,0.0,0.0,0.0,0.0,49772.22222222223,61291.66666666666,145408.33333333334,11802.777777777776,0.0,0.0,98319.44444444444,189733.3333333333,0.0,0.0,61554.772670513004,73795.30281402526,65037.502315029786,789216.6666666666,59530.93383270537,65668.76137246033,78048.51233951644,66876.91666781354,64560.41232468037,67119.34096287945,61580.35831351103,61805.382771637815,63637.65195295909,232886.1111111111,346794.4444444444,158547.22222222222,505338.8888888888,0.0,0.0,0.0,0.0,0.0,1294555.5555555555,257.42677,215.75429034779472,251.34397531943765,179.64159619114503,177.24522182120882,177.16203508424115,243.96180776799164,243.20125040478715,175.94041085528545,223.51758879256715,174.06584234131304,180.37706843348263,221.03621217945133,157.3678222746458,203.88254301837213,156.34537859378096,159.70976960911452,159.00551694756274,215.4676793538315,187.4543504265501,159.26480531974644,176.9302707713763,154.01227473192927,150.92107678777944,156.0212153480905,154.7581022760236,147.45991292921158,152.77415956164336,157.92110444830416,156.63410752246577,150.88836149324047,148.63353218399317,156.52629118335798,153.22221007998894,150.95965674500042,147.45659455975908,148.48097020751845,Metadata_MT_Commercial_MT_baseline_metadata_and_annual_results.csv,MT
184390,0,7500.0,Cold,MT,Montana,,SmallOffice,Office,5001_10000,NaturalGas,Small Packaged Unit,Central Single-zone RTU_Furnace_DX,DX,Furnace,night_fanon_vent,PSZ-AC with gas coil,Central Single-zone RTU,gen1_t12_incandescent,1,1,1967,0.0,0.0,0.0,0.0,0.0,0.0,2458.333333333333,8625.0,35613.8888888889,0.0,0.0,0.0,14130.555555555557,16741.666666666668,0.0,0.0,6153.837929762392,7079.359076116838,6592.5660254355325,77569.44444444445,5869.62161658105,6632.509887926642,7350.826916682728,5990.634570265948,6329.426242465238,6382.63086933739,6326.152681805652,6559.580638199698,6303.005560022579,0.0,119575.0,0.0,123261.11111111112,3683.333333333333,0.0,0.0,0.0,0.0,200830.5555555556,23.2022,15.977539116326932,22.98222115072689,15.68433869791274,15.68433869791274,15.68433869791274,21.308237997051968,16.925068649314852,15.68433869791274,17.354420325140516,15.68433869791274,16.04899486668776,18.75625083892772,15.68433869791274,16.730685421277652,15.68433869791274,15.68433869791274,15.68433869791274,18.171030772529555,15.68433869791274,15.68433869791274,15.68433869791274,15.68433869791274,15.68433869791274,15.68433869791274,7.638803642516177,7.638803642516177,8.72990417479531,7.899081398164034,8.72990417479531,7.638803642516177,7.638803642516177,7.899081398164034,7.638803642516177,8.234783911999203,8.234783911999203,7.899081398164034,Metadata_MT_Commercial_MT_baseline_metadata_and_annual_results.csv,MT
184391,0,3000.0,Cold,MT,Montana,,Warehouse,Warehouse and Storage,1001_5000,NaturalGas,Small Packaged Unit,Central Single-zone RTU_Furnace_DX,DX,Furnace,night_fanon_vent,PSZ-AC with gas coil,Central Single-zone RTU,gen2_t8_halogen,1,1,1920,0.0,0.0,0.0,0.0,0.0,0.0,2136.111111111111,7283.333333333333,11213.888888888889,0.0,0.0,0.0,8558.333333333334,3841.6666666666665,0.0,0.0,2505.196267057945,3062.7607994094765,2833.461412196733,33033.333333333336,2483.1526309010496,2834.9322220633035,3430.0540893117904,2579.2689715681254,2621.486662803498,2606.257032435195,2690.5022209134377,2729.461056421757,2657.9414779105823,0.0,58952.777777777774,0.0,58952.777777777774,0.0,0.0,0.0,0.0,0.0,91988.88888888888,8.67599,5.953746311184609,8.629343014958694,6.024675433258314,5.953746311184609,6.024675433258314,8.328740850034592,6.728305759183123,5.953746311184609,5.725195687303747,6.016562711790376,6.024675433258314,6.848889333629935,5.11032064645137,5.6013655447461135,6.024675433258314,5.953746311184609,6.024675433258314,7.064797663937391,4.574177575514791,5.953746311184609,4.728346372781394,5.953746311184609,5.953746311184609,5.866137177299312,3.5487529984445336,3.5487529984445336,3.6363621323298303,3.6363621323298303,3.6363621323298303,4.266440412842418,3.5487529984445336,3.6363621323298303,3.5487529984445336,3.6363621323298303,3.5849368571980147,3.5487529984445336,Metadata_MT_Commercial_MT_baseline_metadata_and_annual_results.csv,MT
184394,0,37500.0,Cold,MT,Montana,,Warehouse,Warehouse and Storage,25001_50000,NaturalGas,Small Packaged Unit,Central Single-zone RTU_Furnace_DX,DX,Furnace,night_fanon_vent,PSZ-AC with gas coil,Central Single-zone RTU,gen1_t12_incandescent,1,1,1989,0.0,0.0,0.0,0.0,0.0,0.0,6291.666666666667,37711.1111111111,47344.444444444445,0.0,0.0,0.0,94805.55555555556,82827.77777777778,0.0,0.0,21457.55561833761,23489.63369466319,23363.592002664565,268980.5555555556,20746.56940856761,23614.90945449637,24708.69694789677,20713.982915844088,22075.851676653783,21954.54164211709,22278.788716635707,22951.27943844885,21624.49019403973,0.0,356794.4444444444,0.0,356794.4444444444,0.0,0.0,0.0,0.0,0.0,625775.0000000001,74.24977000000001,57.23887288263771,73.02404225479411,56.87964206998278,56.87964206998278,56.87964206998278,73.21772582828504,64.47686091170384,56.87964206998278,61.52026755349579,56.87964206998278,57.41757183326175,64.88702835376192,56.55047733016561,58.249682832801774,56.87964206998278,56.87964206998278,56.87964206998278,65.77883820692288,57.73448230741262,56.61643866325669,57.37320853612465,56.68266260801218,56.68266260801218,56.69359955942769,23.420684249999937,23.39409688982831,23.8479894998595,23.8479894998595,23.8479894998595,24.35753623848501,23.39409688982831,23.8479894998595,23.39409688982831,23.8479894998595,23.39410478018584,23.39409688982831,Metadata_MT_Commercial_MT_baseline_metadata_and_annual_results.csv,MT
184395,0,37500.0,Cold,MT,Montana,,Warehouse,Warehouse and Storage,25001_50000,NaturalGas,Residential Style Central Systems,Residential forced air_Furnace_DX,DX,Furnace,default_nochange,Residential AC with residential forced air furnace,Residential forced air,gen2_t8_halogen,1,1,2011,0.0,0.0,0.0,0.0,0.0,0.0,6463.888888888889,19616.666666666668,9047.222222222224,0.0,0.0,0.0,91152.77777777778,38700.0,0.0,0.0,12749.820334089249,14726.029391289429,14471.162613438137,164977.77777777778,12904.57292128956,14582.19802502534,16178.208778267594,12457.82034621524,13229.194842505523,13092.09208691444,13570.40985365607,13808.73132928382,13206.608125809627,0.0,273699.99999999994,0.0,273699.99999999994,0.0,0.0,0.0,0.0,0.0,438677.7777777778,55.84299,41.26491868864837,54.77668167963719,41.1630266438214,41.30049658143618,41.29729037155918,53.85759738717347,46.58152759252464,40.4271014805585,45.780743400869696,40.5349460391649,41.16586463949385,49.09836646869658,40.02071875510092,42.24778392658606,40.28638970351137,40.37631335911466,40.31778231143802,50.20815460478929,41.31896636159483,39.999578196380405,41.25008109234885,40.02625670169724,40.06899031465508,41.18077161371991,14.769840026157189,14.769840026157189,15.929826702230526,15.818539762708244,15.554452112905247,17.488543340585075,14.769840026157189,15.439658350672111,14.769840026157189,15.241548772245356,14.889039101364276,14.769840026157189,Metadata_MT_Commercial_MT_baseline_metadata_and_annual_results.csv,MT
184397,0,7500.0,Cold,MT,Montana,,Warehouse,Warehouse and Storage,5001_10000,NaturalGas,Residential Style Central Systems,Residential forced air_Furnace_DX,DX,Furnace,default_nochange,Residential AC with residential forced air furnace,Residential forced air,gen2_t8_halogen,1,1,1954,0.0,0.0,0.0,0.0,0.0,0.0,2147.222222222222,15600.0,4016.6666666666665,0.0,0.0,0.0,23833.33333333333,11061.111111111111,0.0,0.0,4369.565453473439,5040.901724730388,5106.644837774801,56658.333333333336,4628.082026442552,5235.502997473211,5158.911920136707,4119.159176827301,4640.58132870937,4365.515324916115,4783.53497843325,4786.290726692677,4423.714911530461,0.0,158652.77777777778,0.0,158652.77777777778,0.0,0.0,0.0,0.0,0.0,215311.11111111112,16.65543,10.322651794234208,16.619182555004095,12.678898927519912,12.361245014674909,12.596818193974988,14.194627785382597,12.91424804582704,11.98844816826998,10.427786665333702,12.11647544063018,11.76703782608257,11.76558864807255,8.345085351282293,10.283032007511796,11.781844146329576,11.749248025995747,11.851171059637707,11.521641081409015,8.7300682406482,11.17289797520354,8.496652648869148,11.724454210788387,11.501185586539314,9.62562665358796,5.187917403032437,5.167545234843504,5.526435995940189,5.824688415200092,5.542194073860645,5.235134221748106,5.167545234843504,5.495411617163136,5.174269211767188,5.484195763216915,5.2638464101880285,5.168871781818587,Metadata_MT_Commercial_MT_baseline_metadata_and_annual_results.csv,MT
184398,0,7500.0,Cold,MT,Montana,,Outpatient,Healthcare,5001_10000,Electricity,Zone-by-Zone,DOAS+Zone terminal equipment_WSHP_WSHP,WSHP,WSHP,default_nochange,DOAS with water source heat pumps cooling tower with boiler,DOAS+Zone terminal equipment,gen4_led,2,2,1973,0.0,0.0,0.0,0.0,0.0,0.0,19497.222222222223,6866.666666666667,36411.11111111111,0.0,1450.0,14730.555555555557,54013.88888888889,9561.111111111111,4558.333333333333,0.0,11636.936886335952,12694.458416131922,14925.225583301912,152741.66666666666,14144.774916025535,14284.60616308174,13507.736457318888,10711.124370413743,12848.816770230853,11348.070818619191,13299.91828898268,12095.481852141878,11243.41382950715,5652.777777777778,71386.1111111111,7902.777777777776,79286.11111111111,0.0,0.0,0.0,0.0,0.0,232027.77777777772,49.326440000000005,37.49929544402805,47.8760423478629,36.47951369949263,44.15509144469748,35.97353957480001,47.60639680091882,42.7371978722619,34.657031349684395,41.43306408404715,34.45616432172181,36.104705764076286,43.89748379840413,32.25488813914963,38.27842225129064,33.84614142087205,33.61861808356876,33.37808361293803,45.27976459586832,36.380517516285,32.52715340999103,34.48729974517029,32.99215739257219,33.03794019393678,35.03350219919993,10.064925115067282,9.672820596330034,15.699971295145852,13.651136075497536,14.481632914710808,15.633218905486409,9.29852369595917,14.557871013597316,9.56807875791058,12.137697744104043,11.686625762036606,9.74809304541696,Metadata_MT_Commercial_MT_baseline_metadata_and_annual_results.csv,MT
184401,0,1000.0,Cold,MT,Montana,,FullServiceRestaurant,Food Service,_1000,Propane,Small Packaged Unit,Central Single-zone RTU_Furnace_DX,DX,Furnace,night_fancycle_vent,PSZ-AC with gas coil,Central Single-zone RTU,gen4_led,1,1,1910,0.0,0.0,0.0,0.0,0.0,0.0,4827.777777777778,3516.6666666666665,14413.888888888889,0.0,0.0,0.0,15661.111111111111,2694.4444444444443,0.0,13361.111111111111,4059.642876904546,5460.874706219627,4262.145083088593,54477.777777777774,3849.68226996368,4277.930382310221,5885.33156000376,5037.519503011491,4176.497211061655,4774.6422373475225,4102.875378425638,4213.657093895741,4377.076664327627,0.0,0.0,83261.1111111111,83261.1111111111,0.0,0.0,56697.22222222222,89866.66666666666,33169.444444444445,227608.3333333333,18.56432,11.60161394165606,18.25747090080284,9.258656572098758,9.246815777103008,9.262650472226891,18.476152717274893,16.273377581902494,8.85133166249941,15.040287423275757,9.271014265869038,10.45514164979655,15.272743381368128,8.445244299170145,13.302518507404594,9.178178688744351,9.013296678997932,9.17501036989468,14.29004858447218,12.3996823866256,8.410857791276968,11.54822928262656,9.190944658110196,8.796927210029068,9.413218233252698,8.35740397278559,8.450545571521351,9.155374310085412,8.349795711389563,8.758428809426867,11.820872029769292,8.70784122729495,8.365246263211432,8.403333652155828,8.388677087380428,8.374380480488032,8.38917513647612,Metadata_MT_Commercial_MT_baseline_metadata_and_annual_results.csv,MT
184403,0,3000.0,Cold,MT,Montana,,SmallOffice,Office,1001_5000,NaturalGas,Residential Style Central Systems,Residential forced air_Furnace_DX,DX,Furnace,default_nochange,Residential AC with residential forced air furnace,Residential forced air,gen2_t8_halogen,1,1,2011,0.0,0.0,0.0,0.0,0.0,0.0,727.7777777777777,3097.222222222222,3416.6666666666665,0.0,0.0,0.0,6505.555555555556,3966.6666666666665,0.0,0.0,1508.6635431816762,1719.5482453088948,1692.917363521371,19316.666666666668,1530.4711087165365,1711.8656113760985,1796.2989840797504,1477.2030188605909,1560.5577948739035,1528.3828392109572,1595.9173448860706,1624.1205427759285,1570.9419225493134,1602.7777777777778,24891.666666666664,0.0,24891.666666666664,0.0,0.0,0.0,0.0,0.0,44208.33333333333,8.01038,5.418151011117638,7.804630311773273,5.418151011117638,5.418151011117638,5.418151011117638,7.911346090250543,6.700226288355863,5.418151011117638,5.854107317078789,5.418151011117638,5.418151011117638,6.80799468042885,5.40652059724516,6.085455802319919,5.3612603796194,5.40652059724516,5.341784472902246,6.786856734878265,5.8072623733465685,5.40652059724516,5.40652059724516,5.40652059724516,5.40652059724516,5.444391511031853,1.6123920525004585,1.6754129072577897,2.216937732078613,2.375968599047119,2.2641772556061883,1.6300344004565457,1.3834942253637272,2.157255509094572,1.5801550461090614,2.183104632464979,2.1534866992827246,1.921571068916692,Metadata_MT_Commercial_MT_baseline_metadata_and_annual_results.csv,MT
184409,0,7500.0,Cold,MT,Montana,,Warehouse,Warehouse and Storage,5001_10000,NaturalGas,Zone-by-Zone,Zone terminal equipment_Furnace_DX,DX,Furnace,default_nochange,PTAC with gas coil,Zone terminal equipment,gen2_t8_halogen,1,1,1972,0.0,0.0,0.0,0.0,0.0,0.0,3230.555555555556,14533.333333333334,4922.222222222222,0.0,0.0,0.0,28216.666666666668,13691.666666666666,0.0,0.0,4839.410400057077,5820.817242780067,5761.766664571451,64594.44444444445,5371.605368210307,5869.028716007535,6538.300887622268,4722.693670378987,5153.009962886825,4885.696189667076,5322.397573224853,5249.03755218386,5061.026199093498,0.0,88649.99999999999,0.0,88649.99999999999,0.0,0.0,0.0,0.0,0.0,153244.44444444444,20.14489,12.700041632303382,19.07209705198822,12.941342571380403,13.14321724029644,12.949957967072187,19.84182493141012,15.095249088963676,11.897915135292774,13.123378704843905,12.140627095085469,11.962025962092191,14.35167958356248,10.94675312055799,12.382703647884837,11.662759471874145,12.056921244232283,11.691833756700818,13.958267772496862,11.115042027450638,11.417164229065852,10.999444224197852,11.4672390093277,11.088475173256503,11.192067460372815,5.080396586457416,5.323730227529707,5.928118715927578,6.362945606447375,5.877124501101488,5.131491884684519,4.933845377631167,5.868024497023392,4.978603511051213,5.678934916745456,5.156563019463967,5.036771076974909,Metadata_MT_Commercial_MT_baseline_metadata_and_annual_results.csv,MT
184411,0,1000.0,Cold,MT,Montana,,SmallOffice,Office,_1000,NaturalGas,Small Packaged Unit,Central Single-zone RTU_Furnace_DX,DX,Furnace,night_fancycle_vent,PSZ-AC with gas coil,Central Single-zone RTU,gen4_led,2,2,1967,0.0,0.0,0.0,0.0,0.0,0.0,1086.111111111111,2472.222222222222,3013.888888888889,0.0,0.0,0.0,3830.555555555556,1583.3333333333333,0.0,0.0,897.459041890815,1154.0449408343495,1032.9621499070463,11986.111111111111,964.8108097633208,1048.3171066839132,1253.5990210321054,892.9575393206335,950.4061411358296,926.6669770623844,963.2749112195124,954.2426863002164,948.3035779386224,0.0,33344.44444444444,0.0,35227.777777777774,1883.333333333333,0.0,0.0,0.0,0.0,47216.66666666667,4.79908,2.813933546541997,4.724003754212413,2.4252147600205936,2.326763159920562,2.4252147600205936,4.683958379489398,3.466129692628872,2.326763159920562,3.1483830911344546,2.4252147600205936,2.67019903584327,3.7599862158148047,2.084484783416269,3.141131883605069,2.4252147600205936,2.326763159920562,2.4252147600205936,3.545709444583155,2.521955810908402,2.084484783416269,2.3730220353071343,2.4252147600205936,2.1844828852755507,2.323379449186066,1.2496176782725452,1.1857066174157078,1.3105019043146338,1.331464233679794,1.318454919362664,1.511186680098013,1.2202251382395193,1.351717223025341,1.2030607050269886,1.284829697868732,1.218427848693113,1.1857066174157078,Metadata_MT_Commercial_MT_baseline_metadata_and_annual_results.csv,MT
184413,0,7500.0,Cold,MT,Montana,largeoffice_nodatacenter,LargeOffice,Office,5001_10000,NaturalGas,Multizone CAV/VAV,Central Multi-zone VAV RTU_Boiler _WCC,WCC,Boiler ,night_fanon_vent,VAV chiller with gas boiler reheat,Central Multi-zone VAV RTU,gen2_t8_halogen,1,1,1892,0.0,0.0,0.0,0.0,0.0,0.0,11525.0,8211.111111111111,20316.666666666668,0.0,466.6666666666667,0.0,28416.666666666668,32255.55555555556,2572.222222222222,0.0,8000.897917377437,10667.603082340498,7933.261309828942,105241.66666666669,7113.829211032886,8066.55180609541,11395.85783557737,9708.395861382289,7558.079321406204,9993.650738840017,7564.506230981876,8276.881540291897,8961.626717793799,1477.7777777777778,68558.33333333333,0.0,68558.33333333333,0.0,0.0,0.0,0.0,0.0,173800.0,22.20659,17.763953575305454,21.18171097087789,16.328093586445927,16.271073759597964,16.254696083137535,21.711935257687685,19.41407483470873,16.235485085227587,19.8275741830726,16.19070224970147,16.189288366086878,18.67452469586929,15.88188303948089,18.45753699256102,16.17548553703502,16.068985013907948,16.17728324868904,19.40496408436598,18.360544129092904,16.00195382539703,17.182168674921247,16.007875976513617,15.979056191230214,16.293734835923424,8.558464246601929,11.190291583163033,8.572552349767099,8.582515342803063,8.57706721756806,11.459666619659988,11.227100800405749,8.568592416288755,10.227769159486243,8.530249741068033,8.513695489561757,8.501823122759488,Metadata_MT_Commercial_MT_baseline_metadata_and_annual_results.csv,MT
184417,0,17500.0,Cold,MT,Montana,strip_mall_restaurant10,RetailStripmall,Mercantile,10001_25000,Electricity,Multizone CAV/VAV,Central Multi-zone VAV RTU_Electric Resistance_DX,DX,Electric Resistance,night_fancycle_vent,PVAV with PFP boxes,Central Multi-zone VAV RTU,gen2_t8_halogen,1,1,1978,0.0,0.0,0.0,0.0,0.0,0.0,33844.444444444445,24016.666666666668,32472.222222222223,0.0,0.0,195325.0,95286.11111111112,103569.44444444444,0.0,0.0,35415.31046893354,31818.141249241973,63024.486209038616,496913.8888888889,59146.20903178953,57265.85583641032,33610.236516862904,28241.79530211005,44578.913077092,29128.20957691751,50777.45341448873,35022.7099325925,28885.83599469086,12402.777777777776,0.0,330380.5555555555,383630.5555555555,53249.99999999999,0.0,0.0,0.0,0.0,880544.4444444444,258.26381,126.60974596091944,107.0361803485833,193.828595478075,201.79226644444185,178.09076714809652,94.95881249419516,76.78273855133953,141.89634334248535,76.50876900038607,151.2443755006732,116.7730688746645,90.60121585886776,86.91941501096737,76.63165333602588,135.77840291959058,141.45309142448497,123.01380377964716,85.08539400860697,63.937587192859226,113.26672155532395,63.84899806560024,122.58678059162338,87.11775836013521,65.30492645247189,54.34431073866189,53.00009995560551,100.93227923454276,79.95117712864194,93.68018589655937,55.65981742693871,46.265241577787634,74.94126314601377,52.66700382606205,72.08577838191171,52.6741463565865,46.95639372068464,Metadata_MT_Commercial_MT_baseline_metadata_and_annual_results.csv,MT
184418,0,17500.0,Cold,MT,Montana,,SmallOffice,Office,10001_25000,NaturalGas,Small Packaged Unit,Central Single-zone RTU_Furnace_DX,DX,Furnace,night_fanon_vent,PSZ-AC with gas coil,Central Single-zone RTU,gen2_t8_halogen,2,2,2007,0.0,0.0,0.0,0.0,0.0,0.0,17641.666666666668,13058.333333333334,64952.77777777778,0.0,0.0,0.0,113722.22222222222,39950.0,2.7777777777777777,0.0,19802.001673285136,24009.37652080017,19976.06609079141,249330.5555555556,17927.260033362985,20151.75377026981,25484.449357173948,20948.945253527883,19467.52007172531,21409.105702669243,19209.431055500583,20234.107759115297,20711.6173433258,0.0,120427.77777777777,0.0,129080.55555555556,8652.777777777777,0.0,0.0,0.0,0.0,378411.1111111111,63.14251,45.6245686082491,60.284105760279125,35.21571466332328,35.21571466332328,35.21571466332328,63.04850948467758,52.24812354157095,35.21571466332328,50.48471541076129,35.70965940811168,40.0223698733423,52.21434698710475,36.51064168251331,47.51788109461407,35.21571466332328,35.21571466332328,35.21571466332328,51.06963883412832,42.43241042511343,35.21571466332328,40.46195957608982,35.21571466332328,35.21832212814533,38.54357455530497,22.22272521418086,27.2916041719819,22.343115235473,22.343115235473,22.343115235473,28.90820019974296,22.22272521418086,22.22272521418086,22.22272521418086,22.22272521418086,22.22272521418086,22.22272521418086,Metadata_MT_Commercial_MT_baseline_metadata_and_annual_results.csv,MT
184422,0,37500.0,Cold,MT,Montana,strip_mall_restaurant20,RetailStripmall,Mercantile,25001_50000,Electricity,Multizone CAV/VAV,Central Multi-zone VAV RTU_Furnace_DX,DX,Furnace,night_fancycle_vent,PVAV with gas heat with electric reheat,Central Multi-zone VAV RTU,gen2_t8_halogen,2,2,1981,0.0,0.0,0.0,0.0,0.0,0.0,75469.44444444445,31911.11111111112,122911.11111111112,0.0,0.0,90052.77777777778,225491.66666666663,270802.7777777778,0.0,0.0,77444.74856149449,92713.80762353569,93993.47012888972,1030644.4444444444,89202.91518578498,91482.34553429944,98834.9904119938,80904.01805569622,83042.5009453512,83699.79876803095,83543.54808393432,76798.30960681975,78984.85981932499,214008.3333333333,301575.0,16758.333333333332,318333.33333333326,0.0,0.0,0.0,0.0,0.0,1348977.7777777778,296.49864,209.94027980816287,293.06396210346986,239.63852660324272,268.90721532338995,239.97524223448315,263.95338263088524,219.58863141152665,200.7329210913938,216.5857081728957,204.2943884922704,172.55470952560435,230.743926773305,157.08614464662554,216.1868738191249,201.93145774335648,214.97156097819555,193.41182304877896,239.83756255572243,184.9196528931884,171.3161374768888,180.30352878169245,186.43596897800853,155.37106586691866,175.51197580768994,141.3108468685871,157.29752130539802,174.41875539806676,159.403709291347,171.51732986461442,159.61373349928863,138.29648154862124,151.71064401024626,154.72137667698735,148.1222885390726,140.5520069217237,142.18992533605493,Metadata_MT_Commercial_MT_baseline_metadata_and_annual_results.csv,MT
184424,0,7500.0,Cold,MT,Montana,,FullServiceRestaurant,Food Service,5001_10000,Electricity,Small Packaged Unit,Central Single-zone RTU_Electric Resistance_DX,DX,Electric Resistance,night_fancycle_vent,PSZ-AC with electric coil,Central Single-zone RTU,gen1_t12_incandescent,1,1,1955,0.0,0.0,0.0,0.0,0.0,0.0,20477.777777777777,10522.222222222224,82200.0,0.0,0.0,217541.66666666663,120125.0,55563.88888888889,0.0,13077.777777777776,56747.81843594295,46171.82135439978,84602.51984402994,731436.1111111111,85987.6659396074,83149.39827279307,48516.51011596293,43433.797897458855,69209.06209049698,45979.75668050364,68907.65175218994,54005.7557014738,44725.24262654339,211930.5555555556,0.0,59999.99999999999,59999.99999999999,0.0,0.0,0.0,0.0,0.0,791436.1111111111,285.47022,217.563664867565,130.04050465446736,258.6273003950015,279.20289147535635,264.4037540859461,121.7977335627306,117.37625228316512,204.13319643016027,117.6872835829774,206.55657813103025,155.16381701163093,151.2638856893478,132.37380088004528,106.30895522645132,181.4048971683494,201.0045266576615,177.26725854591012,112.31701209367245,99.97328707992916,157.77890758256436,97.61673105634304,162.61104215142947,132.02530681124097,103.27161740741909,87.89662194452482,85.93873538197909,142.70139176594768,137.80838375064025,130.98888018866012,87.07646668009838,86.13367569132073,128.3845048553654,90.09693123389914,109.0775548362844,87.42850737828194,84.7070851686561,Metadata_MT_Commercial_MT_baseline_metadata_and_annual_results.csv,MT
184427,0,37500.0,Cold,MT,Montana,strip_mall_restaurant20,RetailStripmall,Mercantile,25001_50000,NaturalGas,Small Packaged Unit,Central Single-zone RTU_Furnace_DX,DX,Furnace,night_fancycle_vent,PSZ-AC with gas coil,Central Single-zone RTU,gen4_led,1,1,2011,0.0,0.0,0.0,0.0,0.0,0.0,39344.444444444445,48344.444444444445,130519.44444444444,0.0,0.0,0.0,82227.77777777778,121147.22222222223,0.0,0.0,52396.188339944405,60876.34662046686,54949.912265806684,664388.8888888889,50111.28912659353,55789.22081982704,65845.17084138439,55590.18534980061,54066.267913081785,56636.2562701415,51921.82367240699,52582.57150610522,53622.4984669628,242805.5555555556,272066.6666666667,35900.0,307969.44444444444,0.0,0.0,0.0,0.0,0.0,972355.5555555556,182.35477,140.44566163229513,178.4935541627956,119.66837460947134,121.7924477552328,120.37320394936395,163.1632913961309,158.97298549779748,118.98671835295738,146.67210657865746,118.99236035410902,121.43750523848132,149.10768377046884,106.94273850080428,136.27444548327298,115.8916822076526,116.0200772434394,115.93385391246872,145.59009531159322,131.21743330396922,111.6000101071398,122.02418702051814,114.79576871959924,113.14162851795038,119.11352485789676,102.78353488633964,99.43016830355256,106.94834105484962,108.8153498857679,109.15383924625203,109.12136823341116,102.79701167249172,105.7180151325651,104.59706529757952,106.2982845086104,104.93912946643768,103.69693123702092,Metadata_MT_Commercial_MT_baseline_metadata_and_annual_results.csv,MT
184429,0,3000.0,Cold,MT,Montana,strip_mall_restaurant30,RetailStripmall,Mercantile,1001_5000,Electricity,Small Packaged Unit,Central Single-zone RTU_Electric Resistance_DX,DX,Electric Resistance,night_fancycle_vent,PSZ-AC with electric coil,Central Single-zone RTU,gen2_t8_halogen,2,2,1954,0.0,0.0,0.0,0.0,0.0,0.0,10800.0,5008.333333333333,26466.666666666668,0.0,0.0,61452.77777777778,28802.777777777777,17105.555555555555,0.0,0.0,13195.5673818892,11935.053726874836,22959.416708047745,184544.44444444444,22747.25531587957,20805.058520566177,12881.667712371447,10562.20157019482,16126.535587686663,11222.58690644444,18163.10748024375,13107.22996383971,10839.14367618003,34908.333333333336,0.0,20222.22222222222,20222.22222222222,0.0,0.0,0.0,0.0,0.0,204766.66666666663,110.41191,59.58611376070742,35.293600651026125,77.46508442349878,93.56053372812896,72.29848796826185,35.43392314048479,32.746747389939344,56.013040177418304,31.85008636551323,57.60717899791914,47.07434444486799,38.060261515760594,34.12284159127432,30.54376569890062,53.66655003447398,58.71795594999083,50.6830560289956,32.3405886136624,28.95422931481417,44.64726899255644,28.64180052445574,46.90625170066944,34.718564757634574,28.740491165275536,23.37608797958292,21.37410091410785,41.61069027605485,38.21762101570886,38.803924570725215,24.981507717615795,22.36673875237362,31.955729783578025,23.82697155233713,30.16465759024349,25.27154389279572,25.511276526903668,Metadata_MT_Commercial_MT_baseline_metadata_and_annual_results.csv,MT
184430,0,7500.0,Cold,MT,Montana,,SmallOffice,Office,5001_10000,NaturalGas,Small Packaged Unit,Central Single-zone RTU_Furnace_DX,DX,Furnace,night_fancycle_vent,PSZ-AC with gas coil,Central Single-zone RTU,gen2_t8_halogen,2,2,1954,0.0,0.0,0.0,0.0,0.0,0.0,4622.222222222222,5769.444444444444,8847.222222222223,0.0,0.0,0.0,38088.88888888889,29802.777777777777,0.0,0.0,7008.426596421138,8479.95103006659,7401.208736499281,89691.66666666667,6860.367229186033,7583.884945013403,8929.44186877486,7146.47026416247,7088.156957373935,7603.471114454003,7036.844607557398,7357.369991723516,7195.115878507495,2558.333333333333,73691.66666666667,0.0,73691.66666666667,0.0,0.0,0.0,0.0,0.0,163380.55555555556,26.10439,16.67145792782727,25.49711512957481,16.084971066531732,16.084971066531732,16.084971066531732,25.28745858228105,20.33421896572177,16.084971066531732,20.22436954779476,16.051936593173295,16.089155863215744,22.32135657857833,15.708758130559287,18.446712088340508,15.635585685906795,15.894502052514582,15.855703826927735,20.143998853962177,17.016649070192322,15.809285539344922,16.386307762497495,15.780238447745814,15.64078227893804,15.770825551720336,6.573971045960367,6.497661011982141,6.6594915531842265,7.023828064077789,6.8320615801509605,7.302745358743908,6.490039316776968,6.741742260127003,6.461456620527239,6.785255265873476,6.678099325227621,6.5453879429756,Metadata_MT_Commercial_MT_baseline_metadata_and_annual_results.csv,MT
184432,0,17500.0,Cold,MT,Montana,,Warehouse,Warehouse and Storage,10001_25000,NaturalGas,Small Packaged Unit,Central Single-zone RTU_Furnace_DX,DX,Furnace,night_fancycle_novent,PSZ-AC with gas coil,Central Single-zone RTU,gen2_t8_halogen,1,1,1986,0.0,0.0,0.0,0.0,0.0,0.0,1855.555555555556,23491.666666666668,5213.888888888889,0.0,0.0,0.0,47083.333333333336,20700.0,0.0,0.0,7767.836157661096,8277.505689312775,9014.472234778164,98347.22222222222,8171.24556682019,9146.580057352212,8583.001888711704,6999.550613434769,8192.444290897294,7644.812314391759,8434.422711601335,8420.360946361267,7694.003772295432,0.0,252100.0,0.0,252100.0,0.0,0.0,0.0,0.0,0.0,350447.22222222225,26.476650000000003,19.36814448215869,25.78965390953112,22.371367947303064,20.058029103710105,22.48889618948987,25.905215272736804,19.46899533328618,19.142793410276425,19.13971971005847,19.85196186631951,20.043846268114248,20.316856570541976,18.504173132252863,19.17504397605997,20.02276028469913,19.16779958877576,20.236341499920982,21.12492803754813,18.720809178146183,18.64650609706017,18.67414313768033,18.660879088060742,18.66518134024789,18.62950710507208,9.184380502877652,9.089360458258822,9.719368566883707,10.20063960862046,9.804259601533348,9.089360458258822,9.089360458258822,9.7205489204237,9.089360458258822,9.542948190918928,9.11049344053615,9.089360458258822,Metadata_MT_Commercial_MT_baseline_metadata_and_annual_results.csv,MT
184433,0,1000.0,Cold,MT,Montana,,RetailStandalone,Mercantile,_1000,Electricity,Multizone CAV/VAV,Central Multi-zone VAV RTU_Furnace_DX,DX,Furnace,night_fancycle_novent,PVAV with gas heat with electric reheat,Central Multi-zone VAV RTU,gen2_t8_halogen,1,1,2013,0.0,0.0,0.0,0.0,0.0,0.0,1530.5555555555554,2555.555555555556,2233.333333333333,0.0,0.0,21125.0,1091.6666666666667,3927.7777777777774,0.0,0.0,3097.2885291555103,1307.1635594481625,4076.909571412233,32466.666666666668,3890.310681829641,3849.125147577585,1145.0657019410585,1768.6584285254207,3601.79497168735,1958.404610303716,3398.624648846286,2590.999235118443,1782.15595460055,0.0,6711.11111111111,0.0,6711.11111111111,0.0,0.0,0.0,0.0,0.0,39177.777777777774,9.48127,7.207916307604984,4.351691056629753,8.302668682085868,8.866212343978779,7.56153860853584,4.39172889537285,5.21544738676756,7.367184255065546,5.440558149544488,6.816838427329749,6.434630021770783,5.278554579889771,5.909661314852487,2.4083832169593293,6.9528747748941,7.269789218547023,6.743559717236143,2.200916266783994,3.8130212382278295,6.659620625419693,3.762227140243545,6.094131763667535,5.190551630847136,3.893837890563895,3.589286811833475,1.7162293341345014,6.219925911324893,6.132170948057557,5.592961460552645,1.7597556660740965,2.543964427488766,5.871923001767443,2.5125387935853944,5.434281743306388,3.396115789448839,2.230823377255593,Metadata_MT_Commercial_MT_baseline_metadata_and_annual_results.csv,MT
184435,0,37500.0,Cold,MT,Montana,,Warehouse,Warehouse and Storage,25001_50000,NaturalGas,Zone-by-Zone,Zone terminal equipment_Furnace_DX,DX,Furnace,default_nochange,PTAC with gas coil,Zone terminal equipment,gen2_t8_halogen,1,1,1942,0.0,0.0,0.0,0.0,0.0,0.0,5669.444444444444,24702.777777777777,13116.666666666666,0.0,0.0,0.0,94805.55555555556,40708.333333333336,0.0,0.0,13905.341261116657,15699.32795507881,16079.52277064713,179000.0,15316.380167218653,16492.634850785562,17207.170555818684,12852.22299714713,14688.588825113406,13642.93255285748,14888.447356648869,14625.704321985531,13603.010117670496,0.0,392427.77777777775,0.0,392427.77777777775,0.0,0.0,0.0,0.0,0.0,571427.7777777776,65.7939,41.57168448557583,65.16094437401124,47.00465310668677,44.60179757299773,46.79781518720894,62.28462235917457,45.90111934650825,40.64068059301112,41.31874122277559,44.33629102000796,40.70954568004277,48.7308058374768,37.99517718687325,41.27017350365008,42.84325331809855,40.97560576524303,42.73280162979851,49.31620505526295,39.662198569098166,38.41487776203814,39.17577703465563,41.92173750546496,38.35848022920681,38.59162692307014,13.683782140654465,13.59667437718842,15.678478085008956,17.667961815886287,15.896271000203813,13.993488964956365,13.59667437718842,15.602405532939256,13.59667437718842,14.986909490597228,13.664411078967833,13.59667437718842,Metadata_MT_Commercial_MT_baseline_metadata_and_annual_results.csv,MT
184436,0,7500.0,Cold,MT,Montana,,SmallOffice,Office,5001_10000,NaturalGas,Residential Style Central Systems,Residential forced air_Furnace_DX,DX,Furnace,default_nochange,Residential AC with residential forced air furnace,Residential forced air,gen1_t12_incandescent,2,2,1983,0.0,0.0,0.0,0.0,0.0,0.0,7386.111111111111,6841.666666666667,18547.22222222222,0.0,0.0,0.0,29858.33333333333,18955.55555555555,0.0,0.0,6615.117949658714,8098.9337644941,6839.467819378559,85097.22222222222,6158.738987318488,6954.234513230969,8766.79460328472,6964.599031178514,6567.280463127451,7284.405505285176,6594.281525195052,7105.27072831195,7148.634514716943,3511.111111111111,58436.1111111111,0.0,58436.1111111111,0.0,0.0,0.0,0.0,0.0,143536.11111111112,28.24454,21.73227617713908,27.3104222280668,18.33139353436599,18.63900544108856,18.655539334898165,27.70235252445617,24.44135354144763,19.13744162195167,22.759519248352124,19.16912759190693,20.76672521763147,24.932571117576384,18.33589818789424,22.5193976739994,18.13637595569165,18.21476407485052,18.206303911900623,24.765667853928697,20.956053995285792,18.316094061779783,20.693881420429776,18.33442848905784,18.895963347641537,20.576509126010883,5.278122833617784,5.211088606807841,5.6573189615918205,5.362079995958758,5.492878478851414,6.271566819890582,5.214683189952919,5.427845899677763,5.484806336706952,5.559627478251164,5.311464774754852,5.3529244241601095,Metadata_MT_Commercial_MT_baseline_metadata_and_annual_results.csv,MT
184437,0,37500.0,Cold,MT,Montana,,SecondarySchool,Education,25001_50000,NaturalGas,Multizone CAV/VAV,Central Multi-zone VAV RTU_Boiler _ACC,ACC,Boiler ,default_nochange,VAV air-cooled chiller with gas boiler reheat,Central Multi-zone VAV RTU,gen4_led,1,1,1981,0.0,0.0,0.0,0.0,0.0,0.0,28336.11111111112,34038.88888888889,29888.888888888887,14027.777777777776,0.0,0.0,15647.222222222224,21108.33333333333,9850.0,25236.11111111112,13641.682362777514,19786.540134541163,15261.832819238542,192636.1111111111,14568.643123684533,15636.420323378,21916.437457824468,16777.311136211007,13920.148857442586,16905.48629260528,13985.205038055894,14094.577735156916,16143.088352773317,14508.333333333334,567744.4444444444,0.0,583069.4444444444,15324.999999999998,0.0,0.0,0.0,0.0,775705.5555555555,85.86545,51.24625036233478,80.91899981271739,53.74851153122424,54.070902067995455,54.43487495602423,76.93822071118203,66.4631771063323,49.95244322151312,67.65927882718216,46.31634708767947,43.23242821472382,64.44164008957446,44.23372574086427,52.01393644330286,44.66232556366646,45.91952456701587,45.36571013612457,60.607654077942655,43.63777150424238,45.02848010982531,49.34146981183829,43.67963861804681,42.62730966409968,42.11763732028558,16.986122298921252,25.03502448123613,21.797554352420345,22.23096061763292,19.955441291490303,24.92171495803729,16.86927972452788,21.15896909369755,17.141928517297,18.993952977927435,18.966674135494355,17.690783810969922,Metadata_MT_Commercial_MT_baseline_metadata_and_annual_results.csv,MT
184438,0,1000.0,Cold,MT,Montana,,SmallOffice,Office,_1000,NaturalGas,Small Packaged Unit,Central Single-zone RTU_Furnace_DX,DX,Furnace,night_fanon_vent,PSZ-AC with gas coil,Central Single-zone RTU,gen5_led,2,2,2009,0.0,0.0,0.0,0.0,0.0,0.0,1430.5555555555554,2416.6666666666665,6441.666666666667,0.0,0.0,0.0,6627.777777777778,1022.2222222222224,0.0,0.0,1447.9555531328122,1810.0871350409177,1545.9998045405273,18925.0,1371.791375776829,1550.396751011075,1951.4365701642955,1579.5025376055564,1479.7478833759867,1590.846702590701,1479.0563498483957,1537.6543860186812,1579.6646442810188,986.1111111111112,23363.888888888887,0.0,23363.888888888887,0.0,0.0,0.0,0.0,0.0,42288.88888888889,5.0819,2.676772871663584,4.542054084502581,2.507590177990052,2.3881407317327583,2.507590177990052,4.890581619155451,3.845731357235095,2.3881407317327583,3.262932316818064,2.3881407317327583,2.830781416486301,3.8601657098155897,2.3325514485193923,3.2528490472932874,2.3881407317327583,2.3881407317327583,2.3881407317327583,3.562285890716223,2.6747731617802444,2.3325514485193923,2.627668847760836,2.3881407317327583,2.3881407317327583,2.499769432936548,2.09650291143136,2.11313963804782,2.096260264755885,2.096260264755885,2.096260264755885,2.2857869684437726,2.09650291143136,2.0031105540674363,2.09650291143136,2.0728511705573367,2.11313963804782,2.11313963804782,Metadata_MT_Commercial_MT_baseline_metadata_and_annual_results.csv,MT
184439,0,3000.0,Cold,MT,Montana,strip_mall_restaurant20,RetailStripmall,Mercantile,1001_5000,Electricity,Multizone CAV/VAV,Central Multi-zone VAV RTU_Furnace_DX,DX,Furnace,night_fancycle_novent,PVAV with gas heat with electric reheat,Central Multi-zone VAV RTU,gen4_led,1,1,1917,0.0,0.0,0.0,0.0,0.0,0.0,2683.333333333333,5397.222222222222,4952.777777777778,0.0,0.0,29672.222222222223,5647.222222222222,9494.444444444443,0.0,0.0,6458.137797326252,4492.980552154054,9599.956517927276,79480.55555555555,10131.000233964469,9027.220589090784,4760.061863922301,4247.346501894735,8474.128906102507,4743.788754579087,7502.789813615439,5663.569339537207,4378.721828037452,21630.555555555555,16722.22222222222,0.0,16722.22222222222,0.0,0.0,0.0,0.0,0.0,96202.77777777777,34.82018,26.185840181302,17.770308445985886,26.858500315519912,29.25768113510446,26.77995446741608,16.180906214031292,14.069119320035714,26.3448925507055,18.91604506773183,26.51729723917593,23.62513051662833,18.785119284173632,19.99288268576333,11.96683334377716,24.69476606780388,26.408276602625044,24.223968603361737,13.882268699010218,11.34974518024151,23.80816336684012,11.691832438160368,22.09262248705109,16.752447992760487,11.316796198708198,12.062248362627576,9.40584064828873,18.690191933198328,21.427220710822976,18.51614205735612,9.4981369248402,8.610494553628563,18.84490745565952,9.876352541896887,15.513823539885273,10.738691513126232,9.326576353215172,Metadata_MT_Commercial_MT_baseline_metadata_and_annual_results.csv,MT
184441,0,3000.0,Cold,MT,Montana,strip_mall_restaurant10,RetailStripmall,Mercantile,1001_5000,NaturalGas,Small Packaged Unit,Central Single-zone RTU_Furnace_DX,DX,Furnace,night_fancycle_vent,PSZ-AC with gas coil,Central Single-zone RTU,gen1_t12_incandescent,2,2,1875,0.0,0.0,0.0,0.0,0.0,0.0,6266.666666666667,3958.3333333333335,18319.444444444445,0.0,0.0,0.0,6897.222222222222,29975.0,0.0,0.0,6089.674608168141,7848.0870845072,6422.132199578451,79950.0,5808.625087931035,6400.613148706252,8752.866826941381,6781.158134406686,6390.821042754517,6540.221729716856,6148.328546711751,6229.812562229991,6537.090947785978,14533.333333333334,54919.44444444444,0.0,54919.44444444444,0.0,0.0,0.0,0.0,0.0,134869.44444444444,31.06106,19.610958202023813,27.00564321107389,14.504533254635884,14.422244645795816,14.508220249704769,26.13148808720772,22.82236035581264,14.680307742022412,18.870345643246,14.407247552626927,17.291338907343007,22.19749079323228,13.55544557095114,20.05476174592572,13.535562305874276,13.548998569184567,13.57865753647442,22.496309950238626,16.634008088166873,14.08564348444913,14.85882704137078,13.442249105881324,13.29312361509652,15.040388616517596,12.839254028401022,13.252348865086502,13.073935069447222,13.039096794282042,13.222890274738669,13.63577589934418,12.981056378377358,12.800185475059454,13.09569572650454,12.861469360564328,12.705831656155778,12.59605032003337,Metadata_MT_Commercial_MT_baseline_metadata_and_annual_results.csv,MT
184444,0,7500.0,Cold,MT,Montana,,SmallOffice,Office,5001_10000,NaturalGas,Residential Style Central Systems,Residential forced air_Furnace_DX,DX,Furnace,default_nochange,Residential AC with residential forced air furnace,Residential forced air,gen4_led,2,2,1887,0.0,0.0,0.0,0.0,0.0,0.0,14416.666666666666,6844.444444444444,38508.333333333336,0.0,0.0,0.0,17097.222222222223,9438.888888888889,0.0,0.0,6816.509646295857,9205.387921789492,6633.890393660166,89811.11111111111,5996.286504276427,6750.990503494621,10495.52888442027,8010.122806449041,6455.174173343396,8057.195105325238,6451.317907997497,7148.089227882961,7790.636180733409,3508.333333333333,82719.44444444444,0.0,82719.44444444444,0.0,0.0,0.0,0.0,0.0,172530.55555555556,33.26081,25.707796207992864,32.7126220838587,19.735713157638088,19.241885570344344,19.84049659441289,31.110952794652963,28.164295719002265,21.164311524398144,26.82061800517145,21.268862568766355,24.389958552727663,28.666854635031488,18.84043193701104,25.99313071587793,18.596773172345145,18.388499477791704,18.7023350098802,28.34918196579332,23.858911186582628,18.48779897546922,23.744600745004085,18.755324655450444,19.56080763783944,23.662760008769823,4.910856154152596,4.803550607070441,5.083677504266911,5.139450740810023,4.985541681035976,8.346117087469262,4.804720972295356,4.9718436276826194,4.803550607070441,4.8800968725597205,4.834711132812168,4.803550607070441,Metadata_MT_Commercial_MT_baseline_metadata_and_annual_results.csv,MT
184445,0,75000.0,Cold,MT,Montana,,SmallHotel,Lodging,50001_100000,Electricity,Zone-by-Zone,Zone terminal equipment_Electric Resistance_DX,DX,Electric Resistance,default_nochange,PTAC with electric coil,Zone terminal equipment,gen2_t8_halogen,3,3,1971,0.0,0.0,0.0,0.0,0.0,0.0,186397.22222222225,41955.55555555556,125411.11111111112,0.0,0.0,68794.44444444445,526011.1111111111,268452.7777777778,100.0,0.0,119523.50093326494,142098.6070391433,133866.00133824657,1551552.7777777778,123747.53796834956,130229.1451185475,149409.59734832842,129205.50611139632,122320.87146040009,133735.03466826928,121555.70043177724,120524.27010681086,125338.3548480769,334433.3333333333,0.0,202922.22222222225,202922.22222222225,0.0,0.0,0.0,0.0,0.0,1754475.0,292.65613,234.06168346699008,270.6168251192257,271.7286049863716,287.99192132844547,265.3333842864369,275.8721912978812,254.57693362381585,221.9129358444125,255.81241591510752,225.3268323696139,212.0567721329268,249.36925719234307,206.7603976536093,242.9721217422384,219.4160154995275,225.3940154554264,212.4331311166956,258.45159579460613,231.66141509474247,205.7033343553548,227.79762646722585,209.81895950348525,200.5824208398821,219.47957036849857,196.578850222707,206.8439913776953,200.70623208095745,199.6062056571008,200.1566889746512,218.62078044719348,200.2008669113914,194.558694071514,205.7908958746507,191.817162886486,189.29917405333453,192.3700388981571,Metadata_MT_Commercial_MT_baseline_metadata_and_annual_results.csv,MT
184450,0,37500.0,Cold,MT,Montana,largeoffice_nodatacenter,LargeOffice,Office,25001_50000,Electricity,Multizone CAV/VAV,Central Multi-zone VAV RTU_Electric Resistance_WCC,WCC,Electric Resistance,night_fancycle_vent,VAV chiller with PFP boxes,Central Multi-zone VAV RTU,gen2_t8_halogen,6,6,1928,0.0,0.0,0.0,0.0,0.0,0.0,18222.22222222222,19800.0,38800.0,0.0,1483.3333333333333,180230.5555555556,210677.77777777772,112100.0,6250.0,0.0,38316.23846019767,42179.80007188098,72633.15915801773,587563.8888888889,68622.36310912324,66539.85417120134,47230.01687163889,34378.12514935984,48145.65671335729,36631.99820384552,59311.0553624459,38346.92961406755,35228.67409887712,0.0,0.0,0.0,7027.777777777777,7027.777777777777,0.0,0.0,0.0,0.0,594591.6666666667,288.34551,135.04698184530352,100.61744260704228,201.0229602200186,254.5954728679313,192.9239276730005,105.16291759718594,88.9376940867009,165.89257750028622,92.4809964276804,174.49692168305938,115.94067550741696,106.55222220037167,75.01396737239142,80.63428264784363,144.42269525914935,149.17113410827574,122.65120893229532,98.19068326606126,72.01660639083939,89.80068009798956,70.3121372500196,115.00868428587565,72.46494705240791,71.0628922739539,34.934657701200734,39.284206449914265,87.04413946116082,66.6123340075459,70.17763009804163,44.0580544295264,33.12662407779549,68.82725504640167,34.18102544167052,60.64467362944513,42.58657589896034,33.910351537225225,Metadata_MT_Commercial_MT_baseline_metadata_and_annual_results.csv,MT
184451,0,3000.0,Cold,MT,Montana,strip_mall_restaurant20,RetailStripmall,Mercantile,1001_5000,Electricity,Multizone CAV/VAV,Central Multi-zone VAV RTU_Electric Resistance_DX,DX,Electric Resistance,night_fancycle_vent,PVAV with PFP boxes,Central Multi-zone VAV RTU,gen2_t8_halogen,2,2,1927,0.0,0.0,0.0,0.0,0.0,0.0,12641.666666666666,4502.777777777778,22913.888888888887,0.0,0.0,79255.55555555555,7919.444444444444,18491.666666666664,0.0,0.0,11368.787583312538,9506.381299842244,23080.35328292186,167633.33333333334,21705.212730522333,20896.00962656147,10558.815750929112,8009.261764999018,15268.124945461974,8395.998691309424,18644.95334613901,11752.85452345261,8446.84765468544,21911.11111111112,0.0,0.0,0.0,0.0,0.0,0.0,0.0,0.0,167633.33333333334,88.95014,47.91344573332277,38.96715478624981,69.81794457285201,72.0681411602355,65.65600685092487,34.32602175279191,26.251657592440097,52.31964931347301,27.564496810397472,58.50757532000573,41.09933718622355,33.86227195186916,27.28382145728722,26.224331181132506,50.79853775292895,53.02381622478623,47.94439401222549,29.703103433696786,21.001213484301907,39.31773312509872,20.912843497390867,43.68310126764531,30.412920870749755,22.22876374819948,16.145098586206544,13.813788031637957,39.95603002228368,35.92667271945015,34.82421465400569,16.097017373169255,15.71095617798725,32.24021271914427,15.311051232927792,29.84879174505589,22.79456632579127,15.419539004001672,Metadata_MT_Commercial_MT_baseline_metadata_and_annual_results.csv,MT
184456,0,7500.0,Cold,MT,Montana,,Warehouse,Warehouse and Storage,5001_10000,NaturalGas,Small Packaged Unit,Central Single-zone RTU_Furnace_DX,DX,Furnace,night_fanon_vent,PSZ-AC with gas coil,Central Single-zone RTU,gen2_t8_halogen,1,1,1957,0.0,0.0,0.0,0.0,0.0,0.0,2733.333333333333,13838.888888888889,17002.777777777777,0.0,0.0,0.0,20666.666666666668,9163.88888888889,0.0,0.0,4905.797736889945,5689.180418945415,5522.740499209428,63405.55555555556,4848.203258291218,5542.449053207199,6043.313867629243,4924.418011316036,5126.759737886709,5054.967321228217,5249.78894883754,5347.695726254879,5149.295285383914,0.0,79394.44444444444,0.0,79394.44444444444,0.0,0.0,0.0,0.0,0.0,142800.0,15.437870000000002,9.830103052448589,15.287843703204151,12.29031507117766,12.223113197721643,12.29031507117766,14.849280661970347,12.622802579123018,9.864227600390311,11.544977953233513,12.29031507117766,9.926209640681687,12.869329112346724,9.519204856785812,10.908655620591585,12.223113197721643,10.65097643694309,12.236722320991642,12.364558002581154,9.95309089483622,9.493424355929584,9.813605069872857,12.208753582417874,9.554126836661624,9.689750763554308,6.662182725491973,6.807899255029054,6.757584481296129,6.757584481296129,6.757584481296129,7.0492682186131095,6.662182725491973,6.757584481296129,6.683921841531836,6.757584481296129,6.668694856600661,6.662182725491973,Metadata_MT_Commercial_MT_baseline_metadata_and_annual_results.csv,MT
184457,0,17500.0,Cold,MT,Montana,strip_mall_restaurant30,RetailStripmall,Mercantile,10001_25000,Electricity,Zone-by-Zone,DOAS+Zone terminal equipment_WSHP_WSHP,WSHP,WSHP,default_nochange,DOAS with water source heat pumps cooling tower with boiler,DOAS+Zone terminal equipment,gen4_led,1,1,1941,0.0,0.0,0.0,0.0,0.0,0.0,36750.00000000001,31908.33333333333,107738.88888888888,0.0,1500.0,12547.222222222224,71583.33333333333,55063.88888888889,14388.888888888889,0.0,33213.12505549018,41544.65697097506,37192.23618541239,440027.7777777778,35195.95918034479,37031.69466316264,45223.86302548226,36805.54320427862,34580.701588651435,36764.72161618023,33382.31477924414,33172.034633740586,35921.31268618892,108550.0,358186.11111111107,62458.33333333332,420644.4444444444,0.0,0.0,0.0,0.0,0.0,860675.0,150.04365,108.1366090031914,146.04403461126668,103.59269987117013,113.59913317693707,107.88571025156914,138.97324385200386,125.4289211762612,86.5897767107583,112.8900024920615,88.23954858481537,97.70634069986772,123.50097468470705,74.6439987628568,108.96660537916496,80.93195505990363,85.81537390932479,82.11105603189179,116.55844654668516,99.18963727170002,73.2947781987667,95.0543242066884,73.82195030884185,71.77854437909089,92.56831511481676,69.17681656286575,71.56835338651771,72.53683955759806,72.06989576889639,70.1038455882586,93.32279694952275,72.39662107817982,70.17379709919491,76.2863757382304,66.7260417597034,67.3823825601291,65.2245745983925,Metadata_MT_Commercial_MT_baseline_metadata_and_annual_results.csv,MT
184462,0,17500.0,Cold,MT,Montana,strip_mall_restaurant10,RetailStripmall,Mercantile,10001_25000,Electricity,Small Packaged Unit,Central Single-zone RTU_Electric Resistance_DX,DX,Electric Resistance,night_fancycle_vent,PSZ-AC with electric coil,Central Single-zone RTU,gen2_t8_halogen,2,2,1947,0.0,0.0,0.0,0.0,0.0,0.0,44761.11111111111,15686.111111111111,88202.77777777778,0.0,0.0,154244.44444444444,166761.1111111111,92386.11111111112,0.0,0.0,41835.96545782925,40862.618089686046,62312.68567647719,577286.1111111111,74957.4765075786,64523.02395913056,44215.42211426608,37652.09200022671,44306.03857384796,37291.604523045535,51116.51799280264,41233.47917422039,36978.33947811852,15241.666666666666,0.0,0.0,55161.1111111111,55161.1111111111,0.0,0.0,0.0,0.0,632444.4444444445,275.41286,206.02020919643584,128.41047283141174,237.06087817863656,244.54083124039565,238.40457422065745,131.19380335058986,123.27283521556272,168.35947908669883,113.56484491343396,188.5342512121575,169.62610815241024,110.88456088139829,89.7820057831371,105.18492829656792,145.76952712307695,196.2649587371273,143.46576579583197,111.8254615867807,97.4694182382793,99.19820416143698,94.79668666638146,124.99125914837202,91.31220914495356,99.51139259606384,75.92167339607576,81.55302093353535,100.0696138827896,129.33499671485478,108.53725944169234,96.20003260118152,78.20035207855943,85.51092352984547,79.45736266668173,87.22301791680216,80.36636036784647,76.15315602472025,Metadata_MT_Commercial_MT_baseline_metadata_and_annual_results.csv,MT
184463,0,3000.0,Cold,MT,Montana,,QuickServiceRestaurant,Food Service,1001_5000,Electricity,Small Packaged Unit,Central Single-zone RTU_Electric Resistance_DX,DX,Electric Resistance,night_fancycle_vent,PSZ-AC with electric coil,Central Single-zone RTU,gen2_t8_halogen,1,1,1991,0.0,0.0,0.0,0.0,0.0,0.0,16088.888888888889,8430.555555555557,37677.777777777774,0.0,0.0,130605.55555555556,25600.0,18580.555555555555,0.0,13255.555555555557,18995.41354272077,15002.564529137037,30928.1723892104,274102.7777777778,44001.35408125719,39037.12322126502,15805.152577903486,13726.130417570324,28178.15352622429,14245.404636881,24352.95173174992,16102.735940129907,13726.28485099912,23861.11111111112,0.0,51400.0,51400.0,0.0,0.0,0.0,0.0,0.0,325502.7777777777,137.68735,78.82722072242032,47.510566092093136,129.78671699068985,134.87444370670303,128.1325546480751,44.754620548316296,39.28605048406583,84.51591044179834,37.29759649605453,82.14285630879061,53.84890926982207,51.74859815451917,44.69992011228467,33.0668464005152,60.259195194871324,97.58054202092852,76.18236285404068,34.73304471221895,31.10549084242443,58.99999941664628,30.33355717508132,54.208015937434055,41.198598927492334,31.145845933739544,25.6982057500048,24.063297190033765,41.56494521766516,47.39209632271744,49.45499969324392,29.56232129792529,25.77195851087365,38.63505873826249,25.901576177405484,40.75673009972254,24.23122830988081,25.34511875374329,Metadata_MT_Commercial_MT_baseline_metadata_and_annual_results.csv,MT
184465,0,3000.0,Cold,MT,Montana,strip_mall_restaurant20,RetailStripmall,Mercantile,1001_5000,NaturalGas,Residential Style Central Systems,Residential forced air_Furnace_DX,DX,Furnace,default_nochange,Residential AC with residential forced air furnace,Residential forced air,gen4_led,1,1,1970,0.0,0.0,0.0,0.0,0.0,0.0,9363.888888888889,8083.333333333333,19369.444444444445,0.0,0.0,0.0,10122.222222222224,13516.666666666666,0.0,0.0,5048.788596458778,7142.999885197176,5161.94809065356,67936.11111111111,4637.126287776992,5196.868388048567,7817.330945167829,5965.477981249788,5056.528626049777,5866.804840399606,4963.907353517223,5280.313733715295,5797.600163062754,7477.777777777778,37075.0,0.0,52972.22222222222,15894.444444444442,0.0,0.0,0.0,0.0,120905.55555555556,27.69951,15.874653181089744,21.894960526738,12.707123775289723,12.7011561170817,12.673792667796729,20.77024220677735,18.493697604410443,13.898343205279476,18.70775590456572,13.305157430042708,15.66615896999108,18.299172217278738,12.511816223583065,17.61756046525222,12.237898558058792,12.272496406132316,12.238283486738442,18.38978114883127,15.326629194249591,12.188322952676476,15.173993030813884,11.79100290906946,12.509276269003989,14.808376727367715,10.920336193855189,12.93661884417443,10.729424015749412,10.825947277864916,11.064579032313526,12.87591171411555,11.063317174505588,10.799096495138146,11.456114291515304,10.34302855100613,11.07210383005231,10.357306730606476,Metadata_MT_Commercial_MT_baseline_metadata_and_annual_results.csv,MT
184466,0,37500.0,Cold,MT,Montana,strip_mall_restaurant20,RetailStripmall,Mercantile,25001_50000,NaturalGas,Residential Style Central Systems,Residential forced air_Furnace_DX,DX,Furnace,default_nochange,Residential AC with residential forced air furnace,Residential forced air,gen4_led,1,1,1940,0.0,0.0,0.0,0.0,0.0,0.0,76561.11111111111,53694.444444444445,161941.66666666666,0.0,0.0,0.0,123083.33333333331,189794.44444444444,0.0,0.0,50001.894778598486,61197.825925350575,49888.45005430509,637005.5555555556,44741.57246700482,50313.55146983334,63686.3285731172,55190.666533448864,49934.29990561446,55980.57462226533,48907.60200745684,52441.00167170836,54722.68235298867,31930.55555555556,56074.99999999999,0.0,273830.5555555555,217755.5555555556,0.0,0.0,0.0,0.0,910836.111111111,196.07248,142.42526437583925,181.63620693781857,125.3310194240464,124.24791848482045,123.1361975504463,167.32231582154984,157.7463728695286,123.28565661084924,144.39767396114252,125.1053039560898,135.7000366861285,162.42256901764895,116.36874600590404,148.55869967690865,117.65635674928106,118.00988444658478,119.45679314980993,157.65571332773175,137.2578570440677,119.69283873739528,131.6157063166865,120.4517500132082,126.9540153399759,136.87102135510565,105.501889177297,122.61913502227095,112.46785885780236,110.97935965629662,111.91775884251672,127.08190850085369,116.90879498332858,103.67365359216872,118.028711747529,113.43950904841508,108.82532238159204,105.84814039513024,Metadata_MT_Commercial_MT_baseline_metadata_and_annual_results.csv,MT
184467,0,3000.0,Cold,MT,Montana,,FullServiceRestaurant,Food Service,1001_5000,NaturalGas,Small Packaged Unit,Central Single-zone RTU_Furnace_DX,DX,Furnace,night_fancycle_vent,PSZ-AC with gas coil,Central Single-zone RTU,gen5_led,2,2,1934,0.0,0.0,0.0,0.0,0.0,0.0,19525.0,4750.000000000001,40763.88888888889,0.0,0.0,0.0,99111.11111111112,5241.666666666667,0.0,13333.333333333334,14902.257440491185,18443.9736523016,15067.027618730992,191566.66666666663,13528.770746293454,15152.310145840289,19580.80917713748,16816.46540513781,15004.351498982498,16755.136931920675,14716.127097544491,15535.618052930731,16063.851406070698,8841.666666666666,90336.1111111111,198822.22222222225,369091.6666666666,79930.55555555555,0.0,0.0,0.0,0.0,560658.3333333333,59.51398,46.15540480083679,59.17403991252825,38.64670967251958,38.38567541141718,38.32993470738183,58.55906843098279,53.32362797642243,37.69140985073497,48.47461851476528,38.79372233724039,41.801617037142016,51.10102419303634,37.68110423698052,46.929927494762985,37.84122323210227,36.98660809308002,37.885823167927946,50.069831458823074,43.77843542076556,37.10503654922908,42.419559864280366,38.10390386367682,37.98140747621523,42.08235583812304,36.30119039755559,38.11968292781383,36.96731555431181,35.8967654807339,36.84058328674802,41.62292212190853,37.78188367157105,35.946411024163964,37.41117726321853,36.968861521039685,36.29710754941837,36.18346805879395,Metadata_MT_Commercial_MT_baseline_metadata_and_annual_results.csv,MT
184469,0,7500.0,Cold,MT,Montana,,FullServiceRestaurant,Food Service,5001_10000,Propane,Small Packaged Unit,Central Single-zone RTU_Furnace_DX,DX,Furnace,night_fancycle_novent,PSZ-AC with gas coil,Central Single-zone RTU,gen2_t8_halogen,1,1,1912,0.0,0.0,0.0,0.0,0.0,0.0,21750.0,7897.222222222223,70119.44444444445,0.0,0.0,0.0,63927.77777777778,46097.22222222223,0.0,13166.666666666666,30932.708740305872,35185.841335640864,31617.48083518621,385619.4444444445,29147.0091668958,32265.37566462285,37502.5706232662,31456.52590138705,32779.322480307324,33383.63999618793,29859.96064543632,30649.60198882866,30839.57595355559,162661.1111111111,0.0,140527.77777777775,140527.77777777775,0.0,0.0,204325.0,204325.0,0.0,730475.0,121.32708,95.79347327312264,120.14789116838853,77.74782897270784,79.89269342255989,77.78288786072346,109.77389307465268,97.63794900117004,83.17509237067866,98.04063237561412,76.6449649000139,76.14954653931758,100.81868325911655,75.5077972940991,91.8003220057278,76.7103671709157,75.43396036340131,76.64758243485616,100.7548040662434,83.43737175914147,80.32257293254615,83.58025241497026,74.70591941067701,72.66339794222198,78.24828144099499,68.76742545798051,65.83658691481143,68.40721540183148,70.60707691528674,69.85767956441616,72.3983385342103,67.59406274149856,69.80152264682043,74.73892649969979,67.12911460656564,66.7526541959835,65.57333634768435,Metadata_MT_Commercial_MT_baseline_metadata_and_annual_results.csv,MT
184470,0,37500.0,Cold,MT,Montana,strip_mall_restaurant40,RetailStripmall,Mercantile,25001_50000,NaturalGas,Multizone CAV/VAV,Central Multi-zone VAV RTU_Boiler _DX,DX,Boiler ,night_fancycle_novent,PVAV with gas boiler reheat,Central Multi-zone VAV RTU,gen2_t8_halogen,1,1,1981,0.0,0.0,0.0,0.0,0.0,0.0,91205.55555555556,64194.44444444445,176233.33333333334,0.0,0.0,0.0,161705.55555555556,182927.77777777772,3913.888888888889,0.0,80297.66288346547,99675.54082578453,82883.19144598639,1027711.1111111112,76176.16054650866,84227.20590712027,104533.11493037532,88781.07906660195,82490.1681849139,90256.10410424785,78067.44357706024,79535.33749577496,80789.07945314678,347533.3333333333,539869.4444444444,233463.88888888888,773333.3333333333,0.0,0.0,0.0,0.0,0.0,1801044.4444444445,342.85681,231.97387955093183,335.30599636950313,193.383365188406,186.04762722865232,190.17804496601715,312.0806384934674,281.2845321548727,184.9638281712148,242.1991556332845,188.79900649348727,206.8660516629878,261.4986175926345,176.65004961767437,233.191845658634,186.38191888532955,181.4917329252822,185.9877203334904,252.63373752349875,206.7523932231437,174.3470130983423,209.7875573215456,182.26601167538536,169.57006430162437,185.0619785252937,171.60658100583845,162.1413154770081,165.21711348153949,169.53935306485627,168.74608368541007,168.85470274044286,165.20088002770066,168.68095697885275,169.34882141303294,159.97095532885817,159.3498145175827,159.2796849923651,Metadata_MT_Commercial_MT_baseline_metadata_and_annual_results.csv,MT
184471,0,75000.0,Cold,MT,Montana,,Hospital,Healthcare,50001_100000,NaturalGas,Multizone CAV/VAV,Central Multi-zone VAV RTU_Boiler _WCC,WCC,Boiler ,default_nochange,VAV chiller with gas boiler reheat,Central Multi-zone VAV RTU,gen2_t8_halogen,1,1,1952,0.0,0.0,0.0,0.0,0.0,0.0,238411.1111111111,50838.88888888889,299666.6666666667,0.0,6463.888888888889,0.0,622119.4444444444,261902.7777777778,49119.444444444445,35758.33333333333,119643.7668829126,165223.4598963157,117847.22949566678,1642727.7777777778,105001.80957461437,169309.82150060576,173112.30263042432,149697.31013514684,115115.87311277798,152165.50637623007,111936.79861182669,122762.84895944406,140911.94496176802,78444.44444444445,971388.8888888888,37355.55555555555,1123983.3333333333,115238.88888888888,0.0,0.0,0.0,0.0,2766711.1111111115,381.05814,337.3373264354925,367.8552181908961,331.1083528894053,259.3582774774935,331.9251061258851,377.8249765652902,357.3599510057592,260.4778910188119,354.0134347011066,268.5481910648817,304.25447908988343,349.5945203982734,257.74418694792746,337.35924211152604,257.17406381109464,257.70125710793604,331.3363703845246,361.2846016989727,335.66786707242574,257.61773007519537,335.01841028281984,256.81326944895227,256.73135959532215,323.7358957057471,181.62145635596943,254.0996429642293,179.98248042993373,180.2830833640341,253.94620327898468,267.67449295951053,214.21882317405007,180.19439852015995,257.4694043454549,180.0503009773537,179.57508456591188,179.55927370356645,Metadata_MT_Commercial_MT_baseline_metadata_and_annual_results.csv,MT
184472,0,3000.0,Cold,MT,Montana,strip_mall_restaurant20,RetailStripmall,Mercantile,1001_5000,NaturalGas,Residential Style Central Systems,Residential forced air_Furnace_DX,DX,Furnace,default_nochange,Residential AC with residential forced air furnace,Residential forced air,gen1_t12_incandescent,3,3,1952,0.0,0.0,0.0,0.0,0.0,0.0,16427.777777777777,3580.555555555556,35205.555555555555,0.0,0.0,0.0,9080.555555555557,26580.555555555555,0.0,0.0,7726.709239129243,10282.363944617942,7245.182392286992,99150.0,6561.070279418163,7323.703539335749,11017.086735638031,8680.64385547179,7566.193757423768,9020.773877488416,7062.837159617994,7942.721502313963,8720.09810497984,8272.222222222223,29427.777777777777,0.0,52405.55555555555,22977.777777777774,0.0,0.0,0.0,0.0,151555.55555555553,37.93701,26.027682026775768,33.63220589142384,17.47891929811969,18.010846807895128,17.782198435922687,30.709651095275188,25.77426665552297,20.954068834760065,25.9740866413623,18.565060776380705,22.78517035130385,28.111077515508025,18.50178975490524,26.72985749394707,16.34238194063091,16.28090134578519,16.399267705668464,28.15428402593945,22.724565642665382,17.459163557765134,22.033919713391192,16.515238100355845,19.157071463779342,22.349461951085104,15.811260127111169,17.83713476369404,15.7724262326574,15.39831170298444,15.690022046824668,19.690589446826927,17.213756855489855,15.595881514295945,18.259945601668203,15.716414346796704,15.224109153988476,15.30463839864369,Metadata_MT_Commercial_MT_baseline_metadata_and_annual_results.csv,MT
184475,0,3000.0,Cold,MT,Montana,,Warehouse,Warehouse and Storage,1001_5000,NaturalGas,Small Packaged Unit,Central Single-zone RTU_Furnace_DX,DX,Furnace,night_fanon_vent,PSZ-AC with gas coil,Central Single-zone RTU,gen2_t8_halogen,1,1,1950,0.0,0.0,0.0,0.0,0.0,0.0,477.77777777777777,6022.222222222222,8344.444444444443,0.0,0.0,0.0,7388.88888888889,3138.888888888889,0.0,0.0,2003.198898216364,2156.457776574,2304.877174110268,25375.0,2011.3456413598933,2302.016387852321,2216.995646408532,1852.494196180961,2127.5223471459653,1992.1218393477536,2186.345922242879,2201.2474375039965,2019.076145183252,0.0,96877.77777777777,0.0,96877.77777777777,0.0,0.0,0.0,0.0,0.0,122250.0,6.56907,4.0104555096825205,6.521319615643602,4.2848721185975664,4.123201332959797,4.2848721185975664,5.784113382415954,4.250986873221717,4.0104555096825205,4.2354669023135365,4.2848721185975664,4.2848721185975664,4.245951831087799,4.0104555096825205,4.049433291469619,4.2848721185975664,4.0104555096825205,4.2848721185975664,4.318813276760431,3.958633416131236,4.0104555096825205,3.962339858876024,4.0104555096825205,4.0104555096825205,4.001335429793022,2.9451126868561657,2.9184323817509723,3.0035251327090338,3.0035251327090338,3.0035251327090338,3.02754783637942,2.9184323817509723,3.0035251327090338,2.9489220354578736,3.0035251327090338,3.0035251327090338,2.9184323817509723,Metadata_MT_Commercial_MT_baseline_metadata_and_annual_results.csv,MT
184476,0,17500.0,Cold,MT,Montana,,SecondarySchool,Education,10001_25000,NaturalGas,Multizone CAV/VAV,Central Multi-zone VAV RTU_Boiler _WCC,WCC,Boiler ,default_nochange,VAV chiller with gas boiler reheat,Central Multi-zone VAV RTU,gen2_t8_halogen,1,1,1985,0.0,0.0,0.0,0.0,0.0,0.0,9747.222222222224,21141.666666666668,25283.33333333333,9816.666666666666,305.55555555555554,0.0,10172.222222222224,15950.0,9175.0,24480.555555555555,10415.22174198126,11954.693981321365,11920.066202384243,135608.33333333334,11565.749760923762,11970.79306223158,12422.32351319623,10727.912545760302,10920.462705446404,11998.014301059144,10719.828260747268,10694.421465433015,10298.413236805278,9536.111111111111,579694.4444444444,0.0,588933.3333333331,9238.888888888889,0.0,0.0,0.0,0.0,724541.6666666666,42.31255,31.548624421786343,39.67553450426592,33.64673381155076,32.82154315746067,33.70518483641769,41.82535121403258,37.6783626077397,31.42047598584628,38.15925728304081,30.74413799035877,32.45466656020795,35.85421169557884,25.60949863543368,27.412663675989062,29.38936565203578,29.661577529879885,29.002079959252267,29.609036104897232,24.657951534791053,27.08225622186597,26.23775287032384,26.360774156628374,26.22640173455776,24.320114708541297,11.730406692839397,12.005631234251808,15.043130088597268,16.42486544146545,14.863563576733052,15.020986121490004,11.25073361386695,14.716467005716472,13.032826970439062,14.670768257867318,13.216340021954068,12.903696878063151,Metadata_MT_Commercial_MT_baseline_metadata_and_annual_results.csv,MT
184478,0,17500.0,Cold,MT,Montana,,Warehouse,Warehouse and Storage,10001_25000,NaturalGas,Small Packaged Unit,Central Single-zone RTU_Furnace_DX,DX,Furnace,night_fancycle_novent,PSZ-AC with gas coil,Central Single-zone RTU,gen2_t8_halogen,1,1,2012,0.0,0.0,0.0,0.0,0.0,0.0,2125.0,11819.444444444443,5222.222222222222,0.0,0.0,0.0,48219.444444444445,21350.0,0.0,0.0,6960.634500167916,7553.436236741533,8043.992537482739,88736.11111111111,7161.642830954004,8113.873807799315,8131.543628651267,6430.378996859785,7288.512165433189,6965.262649667692,7519.28209039409,7582.530165497714,6985.648178170334,0.0,175583.3333333333,0.0,175583.3333333333,0.0,0.0,0.0,0.0,0.0,264319.4444444445,25.88604,19.06571022078398,25.72620668440914,20.991203216195427,19.53542438882637,21.1493784093772,25.57782799993363,20.881111041206072,19.506757148073923,20.268976018007454,20.218323166654216,20.428137778415657,22.83230789363409,18.52819283589873,19.24749721842237,20.41582482848976,19.05265441629078,20.4987859958613,23.63978845093041,18.88701595836482,18.647770816052592,18.762372541054123,18.87411693805961,18.742637962268063,18.829062293564032,8.107371044072302,8.107371044072302,8.929109650333205,8.879480162392626,8.70101576910834,8.455239453810561,8.107371044072302,8.76313421697481,8.107371044072302,8.523591517661908,8.396503448437382,8.107371044072302,Metadata_MT_Commercial_MT_baseline_metadata_and_annual_results.csv,MT
184480,0,17500.0,Cold,MT,Montana,strip_mall_restaurant0,RetailStripmall,Mercantile,10001_25000,NaturalGas,Small Packaged Unit,Central Single-zone RTU_Furnace_DX,DX,Furnace,night_fancycle_vent,PSZ-AC with gas coil,Central Single-zone RTU,gen2_t8_halogen,2,2,1965,0.0,0.0,0.0,0.0,0.0,0.0,19969.444444444445,22091.666666666668,38941.66666666666,0.0,0.0,0.0,20627.777777777777,108908.33333333331,0.0,0.0,15744.049795678016,20917.524594465653,16680.019358047863,210538.8888888889,15049.754071927298,16724.3752830524,22785.34570706808,18671.986059517803,16108.633115573655,17940.801234202027,16041.862324169077,16465.38772559062,17409.77687191522,0.0,163916.66666666663,0.0,171905.55555555553,7991.666666666666,0.0,0.0,0.0,0.0,382447.2222222223,75.36077,53.02204855320073,75.0851659938335,40.992761435877576,39.72583635289332,40.992761435877576,72.01673768344729,67.34661560281792,39.689352624834896,58.48374547971186,40.992761435877576,46.17150447228941,59.756063021561474,35.6706350769218,53.64118500522831,35.36672743425507,35.36672743425507,35.36672743425507,60.54617523261519,52.56975095947286,35.36672743425539,49.06722475572424,35.36672743425539,35.47622126149295,45.02680069379237,34.72020878002593,35.366727434255075,35.36672743425507,35.36672743425506,35.36672743425507,49.617477075509726,35.58628490622859,34.72020878002593,35.32213378315064,35.36672743425507,34.72020878002593,34.72020878002593,Metadata_MT_Commercial_MT_baseline_metadata_and_annual_results.csv,MT
184481,0,3000.0,Cold,MT,Montana,,Warehouse,Warehouse and Storage,1001_5000,NaturalGas,Small Packaged Unit,Central Single-zone RTU_Furnace_DX,DX,Furnace,night_fancycle_vent,PSZ-AC with gas coil,Central Single-zone RTU,gen2_t8_halogen,1,1,1935,0.0,0.0,0.0,0.0,0.0,0.0,1094.4444444444446,7630.555555555557,1836.111111111111,0.0,0.0,0.0,9144.444444444443,4191.666666666667,0.0,0.0,1802.5352319165263,2168.8015428197755,2190.320225804924,23894.444444444445,1947.9076405234125,2209.8725364055263,2320.8357641642883,1632.2794191626854,1938.0727042331423,1773.0952517520248,2037.14265348318,2000.824381593996,1873.9526381766816,0.0,59130.55555555555,0.0,59130.55555555555,0.0,0.0,0.0,0.0,0.0,83027.77777777778,7.59683,5.238677268571425,7.551907368266677,5.419762583873296,5.380721650805722,5.442625467567078,6.624284123908208,4.776202351229278,5.239774376675683,4.529555408719771,5.211710351051517,5.147926704150204,5.492685497330764,4.195621427882559,4.490801442009124,5.176445583159339,5.19109437897859,5.2097040415573765,5.395347491616636,3.425852098880454,5.099660567983849,3.535714755427771,5.1029067813487,5.045448070750229,4.928661614407044,2.400366196958495,2.3858365711319944,2.65709311676408,2.699528200789141,2.6062386865713134,2.5980425652076926,2.3858365711319944,2.6017448758296204,2.3858365711319944,2.53475810245828,2.412860832752344,2.3858365711319944,Metadata_MT_Commercial_MT_baseline_metadata_and_annual_results.csv,MT
184483,0,7500.0,Cold,MT,Montana,,SmallOffice,Office,5001_10000,NaturalGas,Small Packaged Unit,Central Single-zone RTU_Boiler _DX,DX,Boiler ,night_fanon_vent,PSZ-AC with gas boiler,Central Single-zone RTU,gen2_t8_halogen,2,2,1967,0.0,0.0,0.0,0.0,0.0,0.0,9563.888888888889,6675.0,45358.333333333336,0.0,0.0,58.333333333333336,49400.0,12161.111111111111,266.6666666666667,0.0,9609.131772772109,11829.872973302714,9881.798186314729,123477.77777777778,8891.142337350146,9928.983872965253,12677.69834337508,10384.69354245003,9679.085500800124,10928.058651895157,9492.801274198388,9974.069338529782,10201.616781008112,0.0,76375.0,0.0,82061.11111111111,5686.11111111111,0.0,0.0,0.0,0.0,205538.8888888889,31.20002,22.1328500081307,30.805279608100108,17.319404711547445,17.3779876280871,17.313018271900823,29.65614713378032,25.4507930789409,17.60308714372061,24.693436221852835,17.35937033565635,19.080226350500737,25.50423332649689,17.235282276816758,23.127296603042268,17.250500550763118,17.26062712284581,17.24524897933041,26.077047262390423,20.860185191001605,17.221000778965738,19.27126139833084,17.23576702442179,17.225128947724276,19.501999051773,11.769663056351124,12.73153651625818,11.787574392523618,11.83166070777342,11.788903442484155,15.603600118804128,11.769663056351124,11.774524537385483,12.73153651625818,11.769663056351124,11.770183614842258,11.769663056351124,Metadata_MT_Commercial_MT_baseline_metadata_and_annual_results.csv,MT
184484,0,37500.0,Cold,MT,Montana,,LargeHotel,Lodging,25001_50000,DistrictHeating,Zone-by-Zone,DOAS+Zone terminal equipment_District_District,District,District,default_nochange,DOAS with fan coil district chilled water with district hot water,DOAS+Zone terminal equipment,gen4_led,4,4,2010,277819.4444444444,277819.4444444444,0.0,592627.7777777778,762677.7777777776,170047.22222222222,0.0,23547.222222222223,94122.22222222222,0.0,0.0,0.0,215419.44444444444,23241.666666666668,9708.333333333334,18758.33333333333,30709.652179064946,32525.945841338656,33661.80949887384,384800.0,30923.1742308825,33954.75013087269,32780.07918009262,30974.33245482856,32499.552623978096,31666.97385256771,32129.536546170068,32169.93726437099,30803.876168849576,0.0,0.0,217866.66666666663,217866.66666666663,0.0,0.0,0.0,0.0,0.0,1643166.6666666667,73.43,65.78344210091754,73.0737679913828,68.89012326558273,70.01412569837724,69.54931339327567,70.0751370362969,69.84886579460701,65.42788825095528,68.79407692491601,69.35821894288833,65.66609660516497,65.76143153644345,59.55293620790573,60.85669509785167,61.446159360792,62.47247749997747,61.602418885619336,61.4279517676968,60.88948635365199,60.22272877316615,60.019691717916245,60.76702308327653,59.342979613027325,60.00717712044394,58.51407101387717,58.55228799221023,59.4930920374117,59.64098829614876,59.5677213656718,60.06625305448807,59.47848579742562,58.62676093495371,58.58943083091447,58.88694279663029,58.26882787260292,58.399840125327565,Metadata_MT_Commercial_MT_baseline_metadata_and_annual_results.csv,MT
184488,0,17500.0,Cold,MT,Montana,,SmallOffice,Office,10001_25000,NaturalGas,Residential Style Central Systems,Residential forced air_Furnace_DX,DX,Furnace,default_nochange,Residential AC with residential forced air furnace,Residential forced air,gen1_t12_incandescent,1,1,1963,0.0,0.0,0.0,0.0,0.0,0.0,15819.444444444443,17455.555555555555,29780.55555555556,0.0,0.0,0.0,73961.11111111111,49291.66666666666,2.7777777777777777,0.0,14403.684809342292,17943.828456120184,14823.561477764732,186308.3333333333,13285.313208212778,15047.284508655988,19140.818007125486,15603.94487940578,14204.69364467112,16331.55019872803,14202.422846226897,15433.30433739786,15887.579654178857,0.0,41586.1111111111,0.0,48933.33333333333,7349.999999999999,0.0,0.0,0.0,0.0,235241.6666666667,54.9992,44.15627422201675,54.61171632180363,36.76676387477536,36.76676387477536,36.76676387477536,53.97562766823136,49.43536630165623,39.33069510688004,48.393505193378,39.80545009870426,43.70197782334768,50.39425189416757,38.01128581171669,47.29638059206479,36.76676387477536,36.76676387477536,36.76676387477536,51.20340761266086,44.92462125242767,36.76676387477536,44.42315633805742,36.76676387477536,39.2908929750774,44.15289460137917,15.711442312402076,15.711442312402076,12.368696565125076,12.374605942312296,12.372757865762416,17.07285558400702,15.711442312402076,12.490708393154293,15.711442312402076,12.41922476122686,15.711442312402076,15.711442312402076,Metadata_MT_Commercial_MT_baseline_metadata_and_annual_results.csv,MT
184492,0,3000.0,Cold,MT,Montana,,SmallOffice,Office,1001_5000,NaturalGas,Residential Style Central Systems,Residential forced air_Furnace_DX,DX,Furnace,default_nochange,Residential AC with residential forced air furnace,Residential forced air,gen4_led,2,2,1999,0.0,0.0,0.0,0.0,0.0,0.0,794.4444444444445,3919.444444444445,4058.3333333333335,0.0,0.0,0.0,8627.777777777777,4549.999999999999,0.0,0.0,1898.1409019387104,2103.1765643804674,2077.2480910666304,23961.11111111112,1858.2322735832693,2106.108958195676,2209.3234858864776,1849.120742020307,1949.3071109160169,1981.8984185843176,1969.5622059537493,2020.6913308064911,1937.693109747287,2011.111111111111,21325.0,0.0,21325.0,0.0,0.0,0.0,0.0,0.0,45283.33333333333,6.11611,4.725566730554926,6.110122116570707,4.693893741599904,4.633405092875349,4.693893741599904,5.928119183458633,5.367313753965672,4.633405092875349,5.318482607547376,4.693893741599904,4.633405092875349,5.786233004583759,4.575636451651393,5.018840346157855,4.575636451651393,4.633405092875349,4.633405092875349,5.462701945813261,4.725010566583837,4.633353890634703,4.706379566111549,4.633405092875349,4.618272900525842,4.602456538712607,2.082157114334939,2.118130992592107,2.1114600986337075,2.0988669204044546,2.069104618532147,2.2194171514854304,2.0513989003792013,2.16713822751305,2.056051514147986,2.089607312929831,2.086817228652971,2.0659456094272235,Metadata_MT_Commercial_MT_baseline_metadata_and_annual_results.csv,MT
184495,0,17500.0,Cold,MT,Montana,,SecondarySchool,Education,10001_25000,NaturalGas,Multizone CAV/VAV,Central Multi-zone VAV RTU_Boiler _WCC,WCC,Boiler ,default_nochange,VAV chiller with gas boiler reheat,Central Multi-zone VAV RTU,gen4_led,1,1,1973,0.0,0.0,0.0,0.0,0.0,0.0,54886.11111111111,25441.666666666668,83025.0,0.0,1236.111111111111,0.0,22944.444444444445,32450.0,13805.555555555557,23711.11111111112,20428.109033074223,28769.00372650504,19213.862673938667,275555.5555555556,17291.675942367554,19488.6208478484,31403.68946601356,28160.30258431441,18326.76233183482,27541.052992049536,18230.416418678346,21100.567568616465,25601.998030936225,18052.777777777777,557955.5555555555,18322.22222222221,576277.7777777778,0.0,0.0,0.0,0.0,0.0,851833.3333333334,93.74156,59.5283569457325,79.76487358120035,43.36066098238637,42.99072955015302,43.55295581179841,90.88365301940716,64.31509294114318,43.01488336021501,63.44467018699199,44.31954618542292,54.56957382570818,70.93084757960514,40.45403905657396,54.59365613094477,42.13957770666596,42.49673103865992,42.776634687776,63.049351253114274,53.34809660829397,41.3917707908315,54.58863839702132,40.93023506759423,41.17827704719889,52.77494733196143,21.86392030640372,34.00611855941312,20.368346207042013,20.365433047005205,20.39531686909848,42.72172579299475,40.164495047658185,20.633176559457763,35.92016805779035,20.41177112006492,20.55125424973799,20.5945749471162,Metadata_MT_Commercial_MT_baseline_metadata_and_annual_results.csv,MT
184496,0,17500.0,Cold,MT,Montana,,SmallOffice,Office,10001_25000,NaturalGas,Small Packaged Unit,Central Single-zone RTU_Furnace_DX,DX,Furnace,night_fanon_vent,PSZ-AC with gas coil,Central Single-zone RTU,gen1_t12_incandescent,2,2,1975,0.0,0.0,0.0,0.0,0.0,0.0,8933.333333333332,13063.888888888889,67050.0,0.0,0.0,0.0,43450.0,43275.0,2.7777777777777777,0.0,14407.445318460772,16809.37568349273,15008.00133996988,182088.8888888889,13469.864307635658,15205.368113578848,18070.846806893154,14802.492373738072,14527.505579555556,15379.670906905636,14387.390791531305,15062.09480811728,14958.764337083292,6316.666666666667,160138.88888888888,0.0,160138.88888888888,0.0,0.0,0.0,0.0,0.0,342227.7777777777,54.42259,37.71285400121931,49.66218960236984,38.15361656302712,37.59906757333936,38.17650866351869,52.77808855892622,45.37859594057444,37.70796985125045,41.6537245090582,37.938974758100834,38.04345588244112,45.41624178911532,37.4304746089574,39.22424079277442,38.02241510862381,37.39193956190823,38.13936117289148,45.36692129629953,37.68725093713527,37.42325021403464,38.15738034786278,37.279896580803054,37.09997317190046,37.07788575573412,17.544417216840426,17.544417216840426,17.544417216840426,17.544417216840426,17.544417216840426,17.63949950571524,16.730351470174924,17.544417216840426,17.47973978323723,17.544417216840426,17.544417216840426,17.544417216840426,Metadata_MT_Commercial_MT_baseline_metadata_and_annual_results.csv,MT
184502,0,17500.0,Cold,MT,Montana,,SmallOffice,Office,10001_25000,NaturalGas,Small Packaged Unit,Central Single-zone RTU_Furnace_DX,DX,Furnace,night_fanon_vent,PSZ-AC with gas coil,Central Single-zone RTU,gen1_t12_incandescent,2,2,1935,0.0,0.0,0.0,0.0,0.0,0.0,13786.111111111111,11330.555555555557,94136.11111111112,0.0,0.0,0.0,45816.66666666666,39061.11111111111,2.7777777777777777,0.0,15814.836892146148,19433.491201695306,16416.631679018654,204130.5555555556,14733.759847486512,16529.06024558288,21097.8907412176,17105.97344602081,16035.289963555397,17175.15688581599,15811.691927843083,17044.87106416396,16931.579778592728,0.0,209580.5555555556,0.0,219161.1111111111,9583.333333333332,0.0,0.0,0.0,0.0,423291.6666666667,66.41112,42.52175798047341,58.337576529302666,38.51241316611638,38.51241316611638,38.51241316611638,65.45702516110069,53.13901869580264,38.52827887193079,49.78094419140312,38.51453773980832,41.95879146639066,53.02764273726019,38.51241316611638,47.15212457498953,38.51241316611638,38.51241316611638,38.51241316611638,52.69564096327608,39.8144891961375,38.51241316611638,40.10949080307548,38.51241316611638,39.540811643133566,39.110128831534254,18.939561135768,18.939561135768,19.032946229553712,18.939561135768,18.939561135768,22.76429952303249,18.939561135768,18.939561135768,18.939561135768,19.032946229553712,18.939561135768,18.939561135768,Metadata_MT_Commercial_MT_baseline_metadata_and_annual_results.csv,MT
184505,0,3000.0,Cold,MT,Montana,,Outpatient,Healthcare,1001_5000,NaturalGas,Multizone CAV/VAV,Central Multi-zone VAV RTU_Boiler _ACC,ACC,Boiler ,night_fancycle_vent,VAV air-cooled chiller with gas boiler reheat,Central Multi-zone VAV RTU,gen4_led,2,2,2004,0.0,0.0,0.0,0.0,0.0,0.0,4766.666666666667,3252.777777777778,11227.777777777776,0.0,0.0,0.0,26686.11111111112,6350.0,2305.555555555556,0.0,4452.426238298383,4949.227002489546,4448.381880726885,54586.11111111111,3892.4594680968585,4476.069456229614,5150.12593876025,4414.642353524462,4397.6754247118815,4741.639445528483,4373.34425591176,4748.390306317363,4541.474319334318,0.0,50619.44444444444,4269.444444444443,60736.11111111111,5847.222222222221,0.0,0.0,0.0,0.0,115322.22222222222,14.05415,10.699482614498102,13.819002921192183,10.428818532585115,10.118410842945767,10.150895794159736,13.40037091346262,11.565121966475957,9.87807297446884,11.325797954738768,10.539454611678602,10.60970016140958,11.959218556769171,9.81731270251203,11.119626120685224,9.682159218146555,9.014561755736375,9.60898915901961,11.844379359230969,10.379216114594708,9.68214528642994,10.08458335825519,9.86870466161134,9.946358516521936,10.271654738393789,3.719625731773158,3.604672100630787,3.449935042728098,3.2419453139067054,3.4054268684770106,4.490831919408139,3.698231424541635,3.2207989717749395,3.673099577641921,3.445652747028806,3.7426293452714576,3.5040512633443583,Metadata_MT_Commercial_MT_baseline_metadata_and_annual_results.csv,MT
184507,0,7500.0,Cold,MT,Montana,strip_mall_restaurant20,RetailStripmall,Mercantile,5001_10000,NaturalGas,Small Packaged Unit,Central Single-zone RTU_Furnace_DX,DX,Furnace,night_fancycle_vent,PSZ-AC with gas coil,Central Single-zone RTU,gen2_t8_halogen,1,1,1997,0.0,0.0,0.0,0.0,0.0,0.0,13069.444444444443,13883.333333333334,27697.222222222223,0.0,0.0,0.0,15100.0,49747.22222222223,0.0,0.0,12325.245551847516,14677.746580390203,12955.448714111555,157700.0,11734.22787954051,13025.857339829676,15397.138339013654,13276.03133475304,12752.902382845272,13398.94869152611,12334.706592332172,12727.411762376232,13094.765403195765,38202.777777777774,118730.55555555552,102319.44444444444,221050.0,0.0,0.0,0.0,0.0,0.0,378750.0,49.39866000000001,33.60424363554148,45.97501379625263,31.101883193121324,30.014109103257866,31.052334874739547,43.62565266596968,40.63326084754148,28.03797108391113,36.54116257059872,30.68178143078684,31.748296865067505,39.3791866002846,27.64580751380089,35.92860555826604,29.94141235467358,27.593980340159057,30.045308104721453,39.6616547066146,32.425814713510874,27.48579334356721,31.765873742796643,29.58517379936936,27.22758095097989,31.96952373302738,26.191145257455663,26.81946885047411,26.719096269367803,25.77086108055163,27.097716782409936,32.44411712628844,26.46194662810008,26.273057933545257,26.16895683369079,25.8075628477963,25.34923078374498,25.098332086740065,Metadata_MT_Commercial_MT_baseline_metadata_and_annual_results.csv,MT
184508,0,150000.0,Cold,MT,Montana,,Warehouse,Warehouse and Storage,100001_200000,NaturalGas,Small Packaged Unit,Central Single-zone RTU_Furnace_DX,DX,Furnace,night_fanon_vent,PSZ-AC with gas coil,Central Single-zone RTU,gen4_led,2,2,2011,0.0,0.0,0.0,0.0,0.0,0.0,9052.777777777776,39233.333333333336,87894.44444444445,0.0,0.0,0.0,375452.7777777778,124330.55555555556,0.0,0.0,51529.33541924593,54814.0525823363,54927.21072108803,635963.8888888889,49092.18653579774,55612.42062441722,55811.210839749954,49449.13461236221,52478.16688592178,53275.38938002575,52505.48592672044,55016.60448871999,51453.27562287385,0.0,670611.111111111,0.0,670611.111111111,0.0,0.0,0.0,0.0,0.0,1306575.0,171.81476,152.92174164600553,171.27062111559175,150.6404082136861,150.6404082136861,150.6404082136861,167.86895217276458,156.7362119548234,150.6404082136861,156.33908495512551,150.6404082136861,153.28256908865112,157.77444778811216,149.831314264571,153.76550779990453,150.62772717270664,150.5689131060888,150.56063949870483,158.53537132563534,151.64514105483084,149.85412038253847,151.10674155644318,150.1404820838022,151.55176166627476,151.2931273677134,52.30116094411569,52.30116094411569,53.4383448840926,53.4383448840926,53.4383448840926,53.63603085527964,52.30116094411569,53.4383448840926,52.30116094411569,53.34645484692068,53.34645484692068,52.30116094411569,Metadata_MT_Commercial_MT_baseline_metadata_and_annual_results.csv,MT
184510,0,17500.0,Cold,MT,Montana,,SmallHotel,Lodging,10001_25000,NaturalGas,Zone-by-Zone,Zone terminal equipment_Boiler _DX,DX,Boiler ,default_nochange,PTAC with gas boiler,Zone terminal equipment,gen4_led,2,2,1948,0.0,0.0,0.0,0.0,0.0,0.0,27127.777777777777,24555.555555555555,31708.33333333333,0.0,0.0,0.0,100827.77777777778,20950.0,3102.777777777778,0.0,15253.845570388685,19820.56251409966,17621.02043679448,208272.22222222225,16033.350525066726,17265.036676923308,21613.350945519083,17127.33582472843,16395.089661685433,16529.772748053383,16470.01048801159,16702.877720374192,17439.267982046393,0.0,137863.88888888888,40680.55555555555,282949.99999999994,104402.77777777777,0.0,0.0,0.0,0.0,491219.4444444444,56.81235,39.30583300351633,54.21357285705825,33.52011092139007,33.248410695439766,33.06578645856705,52.76982311776868,44.92065803684001,30.50110410113125,40.83921748162642,30.67224740279605,40.06390889089519,47.85850923304133,28.170158463539472,40.70562827986108,31.514751634028705,30.16109038053704,31.02886757821565,42.80144888767334,34.91231170721936,29.13703820593631,30.670409977675845,29.40963707830327,29.85485309568073,32.38095650526079,26.655407138783204,26.07745623182505,30.388439411422578,28.68272102197671,29.10976827318641,27.35360916061041,25.98517084980856,27.131934794062182,25.534233610022028,28.17132370942961,26.088734231863373,26.43654984219119,Metadata_MT_Commercial_MT_baseline_metadata_and_annual_results.csv,MT
184511,0,7500.0,Cold,MT,Montana,,SmallOffice,Office,5001_10000,NaturalGas,Small Packaged Unit,Central Single-zone RTU_Furnace_DX,DX,Furnace,night_fanon_vent,PSZ-AC with gas coil,Central Single-zone RTU,gen2_t8_halogen,2,2,1987,0.0,0.0,0.0,0.0,0.0,0.0,5597.222222222222,5641.666666666667,27005.555555555555,0.0,0.0,0.0,51486.11111111111,29800.0,0.0,0.0,9459.13283072269,11097.246650337103,9796.025234404382,119533.33333333331,8806.001068115022,9927.632659566318,11719.814065712504,9691.83995840958,9521.838251414398,10284.013997954142,9410.90291514601,9906.608573319993,9912.65614242358,0.0,58305.55555555555,0.0,63647.22222222222,5341.666666666666,0.0,0.0,0.0,0.0,183180.5555555556,24.81207,17.845561147520982,24.665859383438885,15.752116827981231,15.752116827981231,15.752116827981231,23.790380048081943,20.02111852275924,15.752116827981231,19.733384724998047,15.753989310403009,15.91046437564784,21.23630449128215,15.138581311721891,18.70644637646712,15.752116827981231,15.40762944720218,15.752116827981231,21.323690479829487,16.787572803656495,15.40762944720218,16.397397116667296,15.40762944720218,15.431308949203263,16.64429049581642,9.619162344540884,10.657831091479688,9.525678907607087,9.377143576021828,9.525678907607087,12.920867944438584,9.619162344540884,9.377143576021828,9.619162344540884,9.377143576021828,9.619162344540884,9.619162344540884,Metadata_MT_Commercial_MT_baseline_metadata_and_annual_results.csv,MT
184512,0,7500.0,Cold,MT,Montana,,SmallOffice,Office,5001_10000,Electricity,Multizone CAV/VAV,Central Multi-zone VAV RTU_Furnace_DX,DX,Furnace,night_fancycle_vent,PVAV with gas heat with electric reheat,Central Multi-zone VAV RTU,gen2_t8_halogen,2,2,1973,0.0,0.0,0.0,0.0,0.0,0.0,6897.222222222222,6675.0,11663.888888888889,0.0,0.0,52886.11111111111,50416.66666666666,10683.333333333334,0.0,0.0,10991.908853039464,8459.056085982698,16678.25169715993,141997.22222222222,18582.444882595923,15778.325114289164,9243.209140494318,7352.947948003981,14130.801439998584,7865.642892077496,14228.716033015617,10756.390199002935,7929.916445428696,2775.0,3272.2222222222217,0.0,3272.2222222222217,0.0,0.0,0.0,0.0,0.0,145269.44444444444,52.60351,43.922440435695336,25.385234090359937,42.217690502994046,50.23079939913746,38.52295365131327,25.2691227582285,20.561966582999656,42.69871803827807,20.531902541358985,41.91729300386069,29.442595283025028,20.5404188596473,20.64980049871385,18.305872272600084,29.31454460591701,37.8323111307529,27.03127630462196,22.194656466406705,18.046509737797564,26.81779229265021,17.595522276473012,25.37087143501724,22.12712856861681,17.173307362592233,9.701375811680778,8.243711511398077,22.296819188014588,26.600571583179647,19.540602125611688,10.48279177121862,7.850676685195369,20.81835457198564,7.97954296154218,17.47495940971967,15.02880237342096,7.850676685195369,Metadata_MT_Commercial_MT_baseline_metadata_and_annual_results.csv,MT
184518,0,3000.0,Cold,MT,Montana,,SmallHotel,Lodging,1001_5000,NaturalGas,Zone-by-Zone,Zone terminal equipment_Boiler _DX,DX,Boiler ,default_nochange,PTAC with gas boiler,Zone terminal equipment,gen4_led,2,2,1972,0.0,0.0,0.0,0.0,0.0,0.0,3133.333333333333,9633.333333333334,6711.111111111111,0.0,0.0,0.0,20997.222222222223,3688.888888888889,944.4444444444446,0.0,3398.625674902328,3908.484280070256,4204.486413487493,45105.55555555556,3804.926170323713,4144.128986763386,4196.323071611711,3298.81479189354,3769.731075254627,3324.9351912998754,3860.7071365697375,3655.4615728549966,3539.460340324194,0.0,46258.33333333333,8116.666666666666,75136.1111111111,20761.11111111111,0.0,0.0,0.0,0.0,120241.66666666669,9.59385,7.599371905822734,8.671382803852923,8.001841968684777,8.043532650068896,8.040435448666061,9.378993646548432,7.698973472541888,7.486366139694093,6.945821036362855,7.490614653938479,7.091426586715631,7.69155008990028,6.876064726094658,7.083631992448519,7.291378782297733,7.550748892972546,7.24009652459435,8.119505480556052,6.750719053984673,7.032527868342546,6.556482375338844,7.145531794082496,6.771619900195756,6.624078724551936,6.369661125519569,6.319208392725607,6.921390519500275,6.994299825080747,6.853746470593442,6.194425676923788,6.092870253483121,6.776147705368737,6.1562283558174,6.611810659863661,6.3988143515097375,6.289586139003166,Metadata_MT_Commercial_MT_baseline_metadata_and_annual_results.csv,MT
184520,0,3000.0,Cold,MT,Montana,,LargeHotel,Lodging,1001_5000,Electricity,Zone-by-Zone,Zone terminal equipment_Electric Resistance_DX,DX,Electric Resistance,default_nochange,PTAC with electric coil,Zone terminal equipment,gen4_led,8,8,1900,0.0,0.0,0.0,0.0,0.0,0.0,7369.444444444444,13044.444444444443,12172.222222222224,0.0,0.0,83500.0,9588.888888888889,2050.0,2.7777777777777777,16611.111111111113,11083.847746003366,9260.218833170447,21838.4155985519,162155.55555555556,20366.6560657801,20075.00579617844,10369.479949621944,7679.149922313972,14615.630832102655,8080.670224691472,18211.208654177422,12161.141158135611,8414.92128383515,17813.888888888887,0.0,3647.2222222222217,3647.2222222222217,0.0,0.0,0.0,0.0,0.0,165802.77777777778,64.99617,35.226238054084185,28.900624665388857,53.41307155638377,61.2838340685332,51.67639573002552,24.071045938158328,18.4360990201694,37.62886343313085,18.976269705459323,39.37207149602948,31.139167155964817,25.699198975987155,21.580087724759792,19.024237405170275,38.41233553700136,38.85580820434887,35.87035802136696,22.035724923973028,13.952761024265763,29.6968158340574,14.257355320261327,35.2645546609304,24.28313148612064,16.11465389066507,13.129255603638374,11.774420121397029,32.14165971691942,29.66302664255838,30.107970510799973,10.929752566841657,10.594673587658296,22.91204647201313,11.601048423861142,25.461839533252007,19.07275009385321,12.271196733077058,Metadata_MT_Commercial_MT_baseline_metadata_and_annual_results.csv,MT
184521,0,3000.0,Cold,MT,Montana,,RetailStandalone,Mercantile,1001_5000,NaturalGas,Small Packaged Unit,Central Single-zone RTU_Furnace_DX,DX,Furnace,night_fanon_vent,PSZ-AC with gas coil,Central Single-zone RTU,gen2_t8_halogen,2,2,1966,0.0,0.0,0.0,0.0,0.0,0.0,8011.111111111111,3863.888888888889,42166.66666666666,0.0,0.0,0.0,4325.0,11841.666666666666,0.0,0.0,5241.586227327438,7298.471475804355,5387.403566101426,70205.55555555555,4819.304914076467,5368.844205752756,8032.309267833294,6030.445158687313,5308.590850345514,6173.934563959068,5188.140233530408,5421.4783411627,5936.176721712023,0.0,76158.33333333334,0.0,76158.33333333334,0.0,0.0,0.0,0.0,0.0,146363.88888888888,21.64504,14.911256045287368,21.26291988472901,8.811280595143426,8.797006471275123,8.811280595143426,19.45727110355618,15.898838373796949,9.030338722004537,15.884661237641431,8.811280595143426,12.131876948899986,17.342152118235827,8.351678158550266,16.24891119800923,8.45427915356023,8.363124856061035,8.45427915356023,17.999626402392824,13.634091825882209,8.274299134949407,13.171678352301356,8.45427915356023,8.813386873951824,12.294342061627953,7.875416887675525,8.701890098599014,8.453912815567072,8.27356645896309,8.361659504088399,9.330124789305966,7.917554614252518,7.978848695349594,7.916941110011775,8.275031810935728,8.27356645896309,8.192169078301186,Metadata_MT_Commercial_MT_baseline_metadata_and_annual_results.csv,MT
184522,0,75000.0,Cold,MT,Montana,strip_mall_restaurant0,RetailStripmall,Mercantile,50001_100000,NaturalGas,Small Packaged Unit,Central Single-zone RTU_Furnace_DX,DX,Furnace,night_fancycle_novent,PSZ-AC with gas coil,Central Single-zone RTU,gen2_t8_halogen,1,1,1953,0.0,0.0,0.0,0.0,0.0,0.0,131819.44444444444,119525.0,346588.8888888889,0.0,0.0,0.0,175641.66666666666,553655.5555555556,0.0,0.0,101442.72864128088,136906.56723182683,106937.51228932396,1356816.6666666667,95979.18286796108,107196.70688023604,148066.62957387877,118887.31604929616,104186.5202537771,116630.88070113111,102959.0483728046,105400.95528121076,112223.03314802198,29586.11111111112,651091.6666666665,0.0,651091.6666666665,0.0,0.0,0.0,0.0,0.0,2007908.3333333333,391.12102,274.9964256578649,357.0113658517841,206.77673752823168,206.75668417139784,206.7900452178233,340.0353127371303,314.2251088164578,206.8015482851401,292.4748749543122,206.7373121991283,225.1898989395069,294.4657536735093,198.24379521929848,285.63124038252454,203.1711235616276,201.857814127394,203.1910276780758,309.7952968217969,260.8388340596438,199.55915436509807,233.30428911249885,201.8040752036628,200.1021159121929,229.0968270100882,189.44467693292663,189.9671851196381,197.1868654300304,199.4577638652783,197.20208947879965,181.45468217032325,180.18572954680627,190.7648249712281,181.89284705241303,197.0256208698348,193.03632819479583,192.97230586246403,Metadata_MT_Commercial_MT_baseline_metadata_and_annual_results.csv,MT
184527,0,1000.0,Cold,MT,Montana,strip_mall_restaurant20,RetailStripmall,Mercantile,_1000,NaturalGas,Small Packaged Unit,Central Single-zone RTU_Furnace_DX,DX,Furnace,night_fancycle_vent,PSZ-AC with gas coil,Central Single-zone RTU,gen2_t8_halogen,1,1,1949,0.0,0.0,0.0,0.0,0.0,0.0,1669.4444444444446,4511.111111111111,6366.666666666667,0.0,0.0,0.0,1822.2222222222224,5227.777777777778,0.0,0.0,1907.50349776005,2312.500079327718,2125.7517483730376,24894.444444444445,1949.879430694179,2133.8395483636496,2427.7497614629083,1964.0135425913256,2019.173610223661,2012.5368233888585,2013.371980090819,2022.305586041633,2005.009798650327,5297.222222222222,43088.88888888888,0.0,49044.44444444444,5955.555555555556,0.0,0.0,0.0,0.0,73938.88888888889,10.5031,5.672667282017219,8.301026529682767,5.544901750575779,5.499800471856682,5.54425492100504,8.001934128923978,6.876489441605783,5.52592588220439,6.226255035843067,5.541646651136913,5.857281210330778,6.452271359978522,4.497189337990314,6.079307464635801,5.197930609651856,5.050651916691363,5.47768654746489,6.532419046811596,5.344441576637131,4.739555171941992,5.130788015016168,5.173066417035558,5.026009394719158,5.288167543682466,3.88440107730404,4.035290834065767,4.786116380210958,4.0845760022831925,4.601151188020413,4.55872102674998,4.014258625399222,3.996330590872701,4.350808276121984,4.261208099071547,4.007367937719515,4.00671404282799,Metadata_MT_Commercial_MT_baseline_metadata_and_annual_results.csv,MT
184528,0,7500.0,Cold,MT,Montana,,SmallOffice,Office,5001_10000,NaturalGas,Residential Style Central Systems,Residential forced air_Furnace_DX,DX,Furnace,default_nochange,Residential AC with residential forced air furnace,Residential forced air,gen4_led,2,2,1988,0.0,0.0,0.0,0.0,0.0,0.0,3347.222222222222,6677.777777777778,14450.0,0.0,0.0,0.0,28541.666666666668,5955.555555555556,0.0,0.0,4543.119699484146,5480.648185790796,4974.319917950593,58969.44444444445,4519.857271668911,4991.870840306674,5866.926178494154,4710.909134514507,4692.169966926097,4819.96594594702,4718.283286286158,4805.3475975179135,4846.003112972354,0.0,126577.77777777778,0.0,129455.55555555556,2877.7777777777774,0.0,0.0,0.0,0.0,188425.0,20.85776,15.890755185651727,20.050805262390146,15.063449458697928,15.063449458697928,15.063449458697928,20.78988962732321,18.40180368659611,15.063449458697928,17.999167175798984,15.17749881996433,15.336452575580145,19.05073390986312,15.063449458697928,17.107280827368733,15.063449458697928,15.063449458697928,15.063449458697928,19.346213989320923,15.976267101863282,15.063449458697928,16.1959892647142,15.063449458697928,15.098444296916306,15.555002181001653,6.563116613161593,6.563116613161593,6.735343953764728,7.044406366277003,6.69017927314754,6.563116613161593,6.563116613161593,6.780808169896273,6.563116613161593,6.641255732083978,6.597894637237109,6.563116613161593,Metadata_MT_Commercial_MT_baseline_metadata_and_annual_results.csv,MT
184529,0,37500.0,Cold,MT,Montana,,SmallHotel,Lodging,25001_50000,NaturalGas,Residential Style Central Systems,Residential forced air_Furnace_DX,DX,Furnace,default_nochange,Residential AC with residential forced air furnace,Residential forced air,gen3_t5_cfl,2,2,2014,0.0,0.0,0.0,0.0,0.0,0.0,86805.55555555555,33819.444444444445,124038.8888888889,0.0,0.0,0.0,144619.44444444444,42369.444444444445,63.88888888888889,0.0,33563.444023576594,40931.97467427714,34655.981512886814,431713.8888888889,30955.261534394303,35618.88513605458,41718.89479133825,37906.373533673526,33768.404094900696,37674.519383727056,33398.32269246472,35358.66087853023,36163.67191370578,0.0,246705.5555555555,101713.88888888888,513825.0,165402.77777777775,0.0,0.0,0.0,0.0,945538.8888888888,92.79118,67.49528121721121,88.54015727880474,81.07679520566008,66.6144184994013,89.92835018440721,86.04858403295474,76.16120634006853,62.635202807543415,74.34936620817481,63.56834190276256,66.17869535624543,74.5429442044269,62.417952622582696,71.14795365660147,61.96526708500844,61.30447266066911,61.432893553184186,73.4180181111529,70.77474883997888,61.30170983849812,68.66558153396282,61.63180743328029,62.5119977147784,65.85351504369653,56.89432128664914,65.32363342765616,60.98062054737784,56.8509153614582,56.97720200169781,68.77206681680015,62.62495443621575,56.9265388625046,60.97129155590631,57.35052339887384,57.359523235455725,57.53452618725248,Metadata_MT_Commercial_MT_baseline_metadata_and_annual_results.csv,MT
184530,0,7500.0,Cold,MT,Montana,,SmallOffice,Office,5001_10000,NaturalGas,Small Packaged Unit,Central Single-zone RTU_Furnace_DX,DX,Furnace,night_fanon_vent,PSZ-AC with gas coil,Central Single-zone RTU,gen2_t8_halogen,3,3,1971,0.0,0.0,0.0,0.0,0.0,0.0,9050.0,5158.333333333333,33063.88888888889,0.0,0.0,0.0,51616.66666666666,19141.666666666668,0.0,0.0,9225.222815565836,11253.27207282626,9370.67565434478,118033.33333333331,8420.855652839155,9461.87149542289,12105.070763285656,10071.606723291608,9179.847773293914,10297.414335636637,9027.514854761135,9641.531528386948,9977.76458483882,0.0,79827.77777777777,0.0,84352.77777777777,4524.999999999999,0.0,0.0,0.0,0.0,202386.1111111111,28.72236,20.594177682521508,27.697299775991183,16.381693868783245,16.066487231541956,16.367066979868383,28.297195140046306,24.30741774926557,16.369086165766237,21.766394936232,16.480495474477422,18.634547311796155,25.226059945245,15.97393487810616,21.101235453475297,16.36064014089874,15.91638960625601,16.36064014089874,23.842337447970284,19.541915770881378,15.934421873527636,18.91811595885844,15.923149557948657,16.37276964124507,17.93124829982605,10.035643737758605,11.548030787582976,9.773635084051552,9.773635084051552,9.773635084051552,11.548524714556246,10.035643737758605,9.773635084051552,10.035643737758605,9.773635084051552,10.035643737758605,10.035643737758605,Metadata_MT_Commercial_MT_baseline_metadata_and_annual_results.csv,MT
184533,0,7500.0,Cold,MT,Montana,,FullServiceRestaurant,Food Service,5001_10000,Propane,Small Packaged Unit,Central Single-zone RTU_Furnace_DX,DX,Furnace,night_fancycle_vent,PSZ-AC with gas coil,Central Single-zone RTU,gen5_led,1,1,1947,0.0,0.0,0.0,0.0,0.0,0.0,27580.555555555555,12605.555555555557,70022.22222222222,0.0,0.0,0.0,221547.22222222225,12391.666666666666,0.0,13322.222222222224,27690.34748517916,34920.95306674772,28256.267703695925,357469.44444444444,25551.86009243873,28495.22098010313,36687.56903759375,31006.65663604582,27875.40870989196,31691.631739860022,27502.25404214478,28825.02468277984,28965.7323681354,0.0,0.0,141061.1111111111,141061.1111111111,0.0,0.0,322405.5555555555,535061.1111111111,212655.5555555556,1033588.8888888888,129.92808,92.93908561549084,126.82933155311792,75.80876307332387,74.28792216550303,74.97752539876274,121.77658946799666,106.52907515881516,72.71998142643162,98.01333358435686,75.3407395440721,80.75106847271084,105.19820664179562,72.47134128770989,95.78300768875587,73.86376201476769,72.1860585766272,73.65435305027232,101.91283258689984,87.89546052380649,71.12476305604764,86.59420600136572,74.22588283748462,73.30485273647976,75.4947151917044,69.0087802309644,73.6203711474523,70.64476839747483,68.85598588714612,68.86036135943951,74.20433167783138,72.34297894496503,68.89913988683328,71.61803473373664,70.31340400308967,69.54694303889764,70.13413458084145,Metadata_MT_Commercial_MT_baseline_metadata_and_annual_results.csv,MT
184534,0,3000.0,Cold,MT,Montana,,SmallOffice,Office,1001_5000,NaturalGas,Small Packaged Unit,Central Single-zone RTU_Furnace_DX,DX,Furnace,night_fanon_vent,PSZ-AC with gas coil,Central Single-zone RTU,gen2_t8_halogen,1,1,1979,0.0,0.0,0.0,0.0,0.0,0.0,1327.7777777777778,4041.6666666666665,11233.333333333334,0.0,0.0,0.0,7472.222222222222,4694.444444444444,0.0,0.0,2228.904910388696,2687.7772388013373,2438.599963702379,28769.444444444445,2156.920396143103,2444.828078405738,2903.157807722884,2208.6483921928966,2317.5533735559766,2355.0438745371703,2332.267218546041,2387.324548569693,2309.578874344092,0.0,52541.66666666666,0.0,53991.66666666666,1449.9999999999998,0.0,0.0,0.0,0.0,82763.8888888889,8.744040000000002,4.968527820581821,8.59703803506947,4.968527820581821,4.968527820581821,4.968527820581821,8.482416499078873,6.132696197762435,4.968527820581821,6.086870491258164,4.968527820581821,4.968527820581821,6.602383747649133,4.968527820581821,5.738873618967301,4.968527820581821,4.968527820581821,4.968527820581821,7.038947430408532,4.981880685158234,4.968527820581821,4.968527820581821,4.968527820581821,4.968527820581821,4.968527820581821,2.846067039449812,2.846067039449812,3.3069848747739345,3.063431118230944,3.3069848747739345,2.994436375591169,2.8273334514588284,3.063431118230944,2.8273334514588284,3.071929517753731,3.075069244407901,2.846067039449812,Metadata_MT_Commercial_MT_baseline_metadata_and_annual_results.csv,MT
184536,0,3000.0,Cold,MT,Montana,,SmallOffice,Office,1001_5000,NaturalGas,Small Packaged Unit,Central Single-zone RTU_Furnace_DX,DX,Furnace,night_fanon_vent,PSZ-AC with gas coil,Central Single-zone RTU,gen2_t8_halogen,3,3,1929,0.0,0.0,0.0,0.0,0.0,0.0,1655.5555555555554,3650.0,12319.444444444443,0.0,0.0,0.0,7608.333333333333,5033.333333333333,0.0,0.0,2344.462448303014,2862.641050648886,2520.508983307841,30266.666666666668,2239.296958726918,2532.44505429976,3101.689478732066,2385.6410159098136,2409.9510433841115,2516.01848875909,2413.6089972048203,2484.435142296757,2454.8897342878954,0.0,40577.777777777774,0.0,44441.66666666666,3863.8888888888887,0.0,0.0,0.0,0.0,74708.33333333334,9.052790000000002,5.855408957150444,8.896962723568722,5.242401106343069,5.242401106343069,5.242401106343069,8.90662747329127,6.974130148221756,5.242401106343069,6.74682009217445,5.242401106343069,5.242401106343069,7.333860603159536,5.242401106343069,5.864343258186742,5.242401106343069,5.242401106343069,5.242401106343069,7.529647923806621,5.403344083989479,5.242401106343069,5.280527309277167,5.242401106343069,5.242401106343069,5.242401106343069,3.4740362047526707,3.4740362047526707,3.5305725060085336,3.5305725060085336,3.5305725060085336,3.603812949411626,3.4740362047526707,3.5305725060085336,3.4740362047526707,3.5305725060085336,3.5305725060085336,3.5305725060085336,Metadata_MT_Commercial_MT_baseline_metadata_and_annual_results.csv,MT
184537,0,75000.0,Cold,MT,Montana,,Warehouse,Warehouse and Storage,50001_100000,NaturalGas,Small Packaged Unit,Central Single-zone RTU_Furnace_DX,DX,Furnace,night_fancycle_vent,PSZ-AC with gas coil,Central Single-zone RTU,gen2_t8_halogen,1,1,1982,0.0,0.0,0.0,0.0,0.0,0.0,10997.222222222224,47608.333333333336,14875.0,0.0,0.0,0.0,199352.77777777772,87258.33333333333,0.0,0.0,28406.472996078104,32111.33265011033,31057.520550729885,360091.6666666667,28114.84910998809,31609.168724079023,34363.56292204188,27535.054609572813,29058.15762351482,29210.028469265373,29392.326481914464,30338.256104202217,28895.66168469089,0.0,415416.6666666666,0.0,415416.6666666666,0.0,0.0,0.0,0.0,0.0,775511.111111111,111.29068,80.98481233676111,110.79808441500172,87.52642191905286,84.57113748206136,86.56555895692794,108.59947074889529,92.58695525454796,79.70937855112587,84.64224846121068,86.60541002104391,81.36965822716262,95.83311904092535,78.91018740278578,83.36843997434933,86.42552466352676,79.84719903181356,84.72416528874291,94.7278192835292,81.72765656236689,78.63999966441531,80.92513851827759,84.57100711809018,79.25970972795486,80.38334125124724,26.805838412964384,27.254427339401733,27.732686012723544,28.65086141929227,28.087306007935936,27.73146354589383,26.785703797182062,27.800417447952373,26.78773518732508,27.672469587123384,26.848230856133185,26.90826549566323,Metadata_MT_Commercial_MT_baseline_metadata_and_annual_results.csv,MT
184539,0,37500.0,Cold,MT,Montana,,Warehouse,Warehouse and Storage,25001_50000,NaturalGas,Small Packaged Unit,Central Single-zone RTU_Furnace_DX,DX,Furnace,night_fancycle_novent,PSZ-AC with gas coil,Central Single-zone RTU,gen2_t8_halogen,1,1,1951,0.0,0.0,0.0,0.0,0.0,0.0,3766.6666666666665,24702.777777777777,13480.555555555557,0.0,0.0,0.0,89933.33333333333,37788.88888888889,0.0,0.0,13388.37774751444,14373.231820949968,15360.215640989676,169672.22222222222,14312.336408123583,15672.071890404872,15654.129419344114,12251.2913437785,14110.36451703822,13067.028492868563,14351.399397731004,14205.860502533083,12924.861536475632,0.0,708672.2222222221,0.0,708672.2222222221,0.0,0.0,0.0,0.0,0.0,878344.4444444444,52.06649,42.51688141992747,50.65996021244971,48.95373731045195,45.50778672084135,49.20771275809923,51.6038476627496,44.25254896974575,43.97706481460139,41.71573000165843,44.59185257183006,44.9756560220913,42.24700952347105,40.26758976812037,39.4602262984191,44.89530555607531,42.89829797157019,45.43051926710696,45.20269515303296,39.42771481233427,41.02709146117535,39.43942449138794,41.76832328926349,42.11396770456087,39.42530288513448,13.7382157743605,13.59667437718842,15.250789345602746,16.4777618232862,15.540940816411522,13.59667437718842,13.59667437718842,15.22017007415202,13.59667437718842,14.860383710785111,13.829968717712964,13.59667437718842,Metadata_MT_Commercial_MT_baseline_metadata_and_annual_results.csv,MT
184544,0,3000.0,Cold,MT,Montana,,QuickServiceRestaurant,Food Service,1001_5000,Electricity,Small Packaged Unit,Central Single-zone RTU_Electric Resistance_DX,DX,Electric Resistance,night_fanon_vent,PSZ-AC with electric coil,Central Single-zone RTU,gen2_t8_halogen,1,1,1996,0.0,0.0,0.0,0.0,0.0,0.0,5930.555555555556,8441.666666666666,38694.444444444445,0.0,0.0,119719.44444444444,27425.0,18580.555555555555,0.0,12988.888888888889,17876.257070999516,11669.933410777669,31193.13624533962,231777.7777777778,29422.59468186172,28491.622530854507,11953.91399080332,11027.422612517385,23358.890832463618,11693.534613619053,25552.05917995249,17534.76414142372,12004.634071399672,0.0,0.0,51400.0,85258.33333333333,33858.33333333333,0.0,0.0,0.0,0.0,317036.1111111111,80.05914,53.2923710201551,31.74464866089541,73.7885375331006,77.87454806013626,67.32501226909099,31.64786380643932,38.03053632211135,62.49228167076521,38.471633430720665,60.427480701562274,47.433444365218215,37.49683116067009,41.84881803759631,22.992758767270733,51.84703560085246,56.4987042015245,47.781048844201024,24.44029145823951,20.29621052512277,45.93665062641652,21.51192857767885,49.698917273422445,38.9023859723827,26.34708355914541,30.355857132617707,16.777516809179353,39.36721022564441,37.08563758961253,40.49350097334303,17.881899686039716,17.04285601693275,32.93681527799132,16.743405360021843,28.859869155600933,25.19537677659029,20.408749115621585,Metadata_MT_Commercial_MT_baseline_metadata_and_annual_results.csv,MT
184546,0,7500.0,Cold,MT,Montana,strip_mall_restaurant20,RetailStripmall,Mercantile,5001_10000,Electricity,Multizone CAV/VAV,Central Multi-zone VAV RTU_Furnace_DX,DX,Furnace,night_fancycle_novent,PVAV with gas heat with electric reheat,Central Multi-zone VAV RTU,gen5_led,1,1,1954,0.0,0.0,0.0,0.0,0.0,0.0,11350.0,16875.0,15958.333333333334,0.0,0.0,61658.333333333336,67575.0,28813.888888888887,0.0,0.0,20663.96532788007,18266.16719068927,27673.20810474436,257519.44444444447,26029.639673614467,26943.44444322043,19389.09575093944,16679.42566472262,23859.236966165125,17581.696353516345,24144.832949641444,19655.6248961665,16632.73305400592,55291.66666666666,57774.99999999999,0.0,57774.99999999999,0.0,0.0,0.0,0.0,0.0,315294.4444444444,57.4,43.19114527765374,52.18064638539865,53.32406991323036,54.51398327623794,53.35556311007381,46.49689439752456,37.66247704159115,45.014058549515006,37.45066202083034,45.96118095913893,40.505014920752814,40.76959642410011,35.49110329538848,38.306203104767775,46.47814681694291,46.29384952619337,44.89772878906222,43.10997511851343,33.16232108925465,40.68540278481873,32.983047443434245,43.16017784162063,34.16063557791381,31.85843944039669,31.286669755621084,28.79043470837492,42.11120028050426,41.19243488775995,41.936995319724346,29.792668904074745,28.77133026750308,35.5547812619886,29.69192667485615,37.6371283443933,30.866232232215307,29.71803167291664,Metadata_MT_Commercial_MT_baseline_metadata_and_annual_results.csv,MT
184547,0,17500.0,Cold,MT,Montana,,Warehouse,Warehouse and Storage,10001_25000,NaturalGas,Small Packaged Unit,Central Single-zone RTU_Furnace_DX,DX,Furnace,night_fanon_vent,PSZ-AC with gas coil,Central Single-zone RTU,gen2_t8_halogen,1,1,2010,0.0,0.0,0.0,0.0,0.0,0.0,1572.2222222222222,23477.777777777777,15488.888888888889,0.0,0.0,0.0,43105.55555555556,18316.666666666668,0.0,0.0,8082.342077344746,8652.51539543823,9194.133336121064,101963.88888888888,8034.652661680794,9225.00374526962,8845.998213383453,7510.754308074469,8468.308494720715,8159.247938620992,8718.935127071138,8866.838794511566,8204.06396474758,0.0,89458.33333333333,0.0,89458.33333333333,0.0,0.0,0.0,0.0,0.0,191422.22222222225,25.8455,19.79790425921233,25.72544632961124,21.451477537647182,19.458246103589133,20.104300489173408,24.65370468058977,20.384402830335134,19.42875892805127,20.386187123185863,21.451477537647182,19.690154837360613,21.22456979589138,19.370977458557785,20.5931489768177,21.4108763493598,19.42875892805127,19.42875892805127,22.75735209856368,19.76405709494756,19.40484268015253,19.573183622973623,19.73507262044789,19.46628417438891,19.797169667467404,10.817083453067047,10.817083453067047,10.915126708734793,10.915126708734793,10.915126708734793,10.849821232876588,10.817083453067047,10.915126708734793,10.817083453067047,10.915126708734793,10.85042567890737,10.817083453067047,Metadata_MT_Commercial_MT_baseline_metadata_and_annual_results.csv,MT
184549,0,17500.0,Cold,MT,Montana,,SecondarySchool,Education,10001_25000,NaturalGas,Multizone CAV/VAV,Central Multi-zone VAV RTU_Boiler _ACC,ACC,Boiler ,default_nochange,VAV air-cooled chiller with gas boiler reheat,Central Multi-zone VAV RTU,gen2_t8_halogen,1,1,1986,0.0,0.0,0.0,0.0,0.0,0.0,10163.888888888889,28750.0,48591.66666666666,0.0,0.0,0.0,9099.999999999998,14800.0,6166.666666666667,23911.11111111112,12334.964707582554,13488.622998719711,13156.835652368532,155625.0,11646.523973840876,13223.80198353266,13741.090498195006,13010.669352407564,12374.748089119394,13837.62082918133,12425.143309324603,13187.484652701498,13198.708491452053,14144.444444444443,358213.8888888889,0.0,358213.8888888889,0.0,0.0,0.0,0.0,0.0,513838.8888888889,36.22985,31.292333713798595,31.726638120222443,32.248492887959614,30.414603704049007,32.273348687527005,31.360955087683667,35.121296464439666,30.50691226848361,33.889265488956624,30.421569834774964,31.229425495910785,32.34449537960089,28.74230090295144,25.27339756273841,31.12531474410268,29.57296846454664,31.34822293845204,26.133727483495463,25.74931988879878,29.137521174960803,30.7113932616786,28.23486883900687,28.939788323401714,27.542472919493072,16.28807379022185,21.05762907434969,16.73564769632955,16.70220573305732,16.81797094756759,21.86439433704675,17.38312063020606,16.806771100984594,16.285302539820353,16.791008118028856,16.84538051598334,17.03502047911564,Metadata_MT_Commercial_MT_baseline_metadata_and_annual_results.csv,MT
184550,0,17500.0,Cold,MT,Montana,,LargeHotel,Lodging,10001_25000,Propane,Zone-by-Zone,DOAS+Zone terminal equipment_Boiler _WCC,WCC,Boiler ,default_nochange,DOAS with fan coil chiller with boiler,DOAS+Zone terminal equipment,gen2_t8_halogen,6,6,1965,0.0,0.0,0.0,0.0,0.0,0.0,64977.77777777778,17150.0,50619.444444444445,0.0,1244.4444444444446,0.0,119391.66666666669,40011.11111111111,33747.222222222226,17425.0,25584.4630795863,34348.95277473876,27081.20638474341,344566.6666666667,24437.99011459328,26857.26204882017,38130.258633373865,30988.681507057347,25888.192893414645,29823.961471534378,25817.848239440573,26507.25902701867,29100.70455830069,0.0,0.0,61638.88888888888,61638.88888888888,0.0,0.0,364397.2222222223,454297.2222222223,89897.22222222223,860502.7777777778,85.07458,70.47381041007408,81.72741204682572,52.8651406970929,51.10084616149678,52.44820236172352,82.72524679776305,75.8656319085332,50.09048299689977,71.74870112513976,52.55163524745377,65.60376761937975,74.08059542791543,49.09956333692856,67.67668729881731,49.5318217352869,49.6076895147708,49.39686825880872,71.80235251345643,65.79825752002328,48.45214534263904,64.66261940491651,49.36213519366171,49.403299326194215,59.1004677698799,42.32978353490736,49.552506824190665,43.98786830488751,44.18852307942152,43.4414767839197,65.29316749497526,45.65785633238102,42.91081834758786,42.849095462201184,43.53885317297495,43.22786652875735,43.6688965021314,Metadata_MT_Commercial_MT_baseline_metadata_and_annual_results.csv,MT
184551,0,17500.0,Cold,MT,Montana,,Warehouse,Warehouse and Storage,10001_25000,NaturalGas,Small Packaged Unit,Central Single-zone RTU_Furnace_DX,DX,Furnace,night_fancycle_vent,PSZ-AC with gas coil,Central Single-zone RTU,gen1_t12_incandescent,1,1,1999,0.0,0.0,0.0,0.0,0.0,0.0,1966.6666666666667,14422.222222222224,3705.555555555556,0.0,0.0,0.0,44811.11111111111,39352.777777777774,0.0,0.0,8320.88269379571,9026.66747688299,9189.68719018157,104258.33333333331,8262.064411109848,9305.688243682724,9539.59775406548,7753.252744984195,8561.066699156776,8414.052424657692,8652.177312460444,8871.769354155656,8361.955349276785,0.0,124591.66666666664,0.0,124591.66666666664,0.0,0.0,0.0,0.0,0.0,228852.77777777772,32.05094,24.99713481008719,31.916710673922715,27.08304535428962,26.01149797937179,27.02718493989913,31.105971461425764,26.862281925262312,24.69473879494069,25.76922871796261,26.73486329705592,24.927902650621725,29.718331531211227,24.5153002280324,25.46619591253936,26.6802771669375,24.88028532792585,26.661485217345657,29.46055244452865,24.901066078347213,24.534432634526,24.738917559458443,26.5018595413063,24.525036535154754,24.89768541327834,7.76495899417651,7.762750560012669,8.35306095477623,8.360770247502604,8.213534741852888,8.36909270689236,7.762750560012669,8.209462795951454,7.762750560012669,8.056420308803458,7.792211101496031,7.762750560012669,Metadata_MT_Commercial_MT_baseline_metadata_and_annual_results.csv,MT
184553,0,17500.0,Cold,MT,Montana,,RetailStandalone,Mercantile,10001_25000,Electricity,Multizone CAV/VAV,Central Multi-zone VAV RTU_Furnace_DX,DX,Furnace,night_fancycle_vent,PVAV with gas heat with electric reheat,Central Multi-zone VAV RTU,gen2_t8_halogen,1,1,1947,0.0,0.0,0.0,0.0,0.0,0.0,21463.888888888887,20988.888888888887,39422.22222222223,0.0,0.0,138222.22222222222,31094.444444444445,78713.88888888889,0.0,0.0,24903.85494027672,20519.711727204256,41443.92256766247,329902.7777777778,40166.484949794925,38519.84716686195,22310.734640094262,17547.430470510095,31119.76153615085,18498.1478515017,33483.78016676157,23264.45795549212,18125.78239908542,0.0,114050.0,0.0,114050.0,0.0,0.0,0.0,0.0,0.0,443952.77777777775,121.45888,96.5535442881008,77.67588651938925,115.64151447438267,118.7509565927013,110.74529218796027,69.1401616091242,51.78288000351996,103.60212880177258,68.61372602478345,111.97673877673448,84.45033115715319,75.95467162281767,74.97655311344292,48.55860818625457,95.67916730752988,100.50247325417826,94.22680540533794,55.35027591456546,36.5309914056728,86.92740370364179,36.100968847579416,88.91595704790963,69.01590775738788,40.76451308917211,34.42150697010157,27.55772226072463,84.23792993207765,77.48488024731542,80.72415828011894,30.28778761645268,30.383556294589862,69.2995476504677,31.15411804671246,62.92093456174696,41.15538591679032,30.643068138933955,Metadata_MT_Commercial_MT_baseline_metadata_and_annual_results.csv,MT
184554,0,7500.0,Cold,MT,Montana,,SmallOffice,Office,5001_10000,NaturalGas,Small Packaged Unit,Central Single-zone RTU_Furnace_DX,DX,Furnace,night_fanon_vent,PSZ-AC with gas coil,Central Single-zone RTU,gen4_led,2,2,1980,0.0,0.0,0.0,0.0,0.0,0.0,4266.666666666667,4472.222222222223,31655.55555555556,0.0,0.0,0.0,16469.444444444445,7066.666666666667,0.0,0.0,4937.811818483204,6220.342017196287,5174.068383084268,63936.11111111112,4631.272926851709,5204.39792601909,6729.289189712172,5178.792990725166,5029.038379697284,5411.861383537208,4975.844373813106,5161.371776911027,5281.125136787498,0.0,57219.44444444444,0.0,62866.66666666666,5647.222222222222,0.0,0.0,0.0,0.0,126802.77777777777,17.91496,12.089185057226189,17.500935773151443,11.312046455961651,11.312046455961651,11.312046455961651,17.358925461926162,14.712547928893004,11.312046455961651,14.709641933618537,11.312046455961651,11.312046455961651,15.252474128942549,11.312046455961651,13.2644811217555,11.312046455961651,11.312046455961651,11.312046455961651,15.88619878715999,11.688639988194764,11.312046455961651,11.526644219412974,11.312046455961651,11.312046455961651,11.35971196727144,7.511948300878204,7.511948300878204,7.70877456657354,7.70877456657354,7.70877456657354,7.416277407871968,7.416277407871968,7.511948300878204,7.416277407871968,7.511948300878204,7.511948300878204,7.511948300878204,Metadata_MT_Commercial_MT_baseline_metadata_and_annual_results.csv,MT
184557,0,17500.0,Cold,MT,Montana,,SmallHotel,Lodging,10001_25000,Electricity,Zone-by-Zone,Zone terminal equipment_Electric Resistance_DX,DX,Electric Resistance,default_nochange,PTAC with electric coil,Zone terminal equipment,gen2_t8_halogen,2,2,2002,0.0,0.0,0.0,0.0,0.0,0.0,33919.444444444445,16577.777777777777,24613.888888888887,0.0,0.0,39844.444444444445,79394.44444444445,51511.11111111111,22.22222222222222,0.0,17059.795421348204,22212.86812873607,22418.797277250505,245883.3333333333,26746.208578198053,22914.77844627312,24210.894287349187,18985.077149633194,18342.139997562663,18236.719497698363,18805.134977029844,17188.474599975572,18761.461201156068,0.0,0.0,36011.1111111111,120430.55555555556,84419.44444444444,0.0,0.0,0.0,0.0,366313.8888888889,88.03484,56.088251713529694,60.41498759237166,75.36421259581128,87.40135604409882,64.16594543934386,54.77008275581824,52.22396085502772,48.08549566549029,44.36043597070346,48.79415713887789,40.03598383603017,45.83821595065908,32.067096785881056,42.444691976627766,37.253684505440944,57.99355524195255,40.10120846581487,46.66297520669304,41.27363902414961,32.93866566721952,37.45316968284648,34.48091157973021,32.12222753653286,36.77243536186222,25.51557535159661,27.942833536156023,27.174322078349697,33.5847614562596,27.450481425427355,38.12551551957751,28.79414560626801,25.77445615336041,26.525596590530828,27.170092035562504,27.349795580911124,27.91333644499749,Metadata_MT_Commercial_MT_baseline_metadata_and_annual_results.csv,MT
184558,0,37500.0,Cold,MT,Montana,,Warehouse,Warehouse and Storage,25001_50000,NaturalGas,Small Packaged Unit,Central Single-zone RTU_Furnace_DX,DX,Furnace,night_fancycle_novent,PSZ-AC with gas coil,Central Single-zone RTU,gen2_t8_halogen,1,1,1972,0.0,0.0,0.0,0.0,0.0,0.0,4958.333333333333,37688.88888888889,8950.0,0.0,0.0,0.0,113072.22222222222,51661.11111111111,0.0,0.0,17089.63242993515,19018.704155411888,19113.93729463447,216327.77777777772,17099.464752767206,19436.304525264048,20261.994571153973,15877.94436971015,17654.307450985318,17290.872582226173,18037.357199788905,18387.286792756346,17061.345614803235,0.0,233813.88888888885,0.0,233813.88888888885,0.0,0.0,0.0,0.0,0.0,450144.4444444445,58.003330000000005,40.62350611221777,57.70383729784651,48.80783608376053,46.56030053906065,48.87192041947551,55.89691278985645,45.75212652221778,45.940434117998485,44.5665660425948,48.309594887951846,45.54774417359312,46.931532244597854,39.37975044398786,41.55291151436222,47.94490249161364,45.86965801625981,47.86710760227897,50.53706107908977,39.768879821966,39.63264329882497,39.13132056880092,47.67280875350046,39.65652679221822,39.15536043131523,16.589192270587983,16.580482920604855,17.642695583813865,17.791437453877922,17.45895397891538,19.003760594584108,16.580482920604855,17.412532365923337,16.580482920604855,17.110435901361708,16.630222365901822,16.580482920604855,Metadata_MT_Commercial_MT_baseline_metadata_and_annual_results.csv,MT
184560,0,75000.0,Cold,MT,Montana,,SecondarySchool,Education,50001_100000,NaturalGas,Multizone CAV/VAV,Central Multi-zone VAV RTU_Boiler _WCC,WCC,Boiler ,default_nochange,VAV chiller with gas boiler reheat,Central Multi-zone VAV RTU,gen2_t8_halogen,1,1,1998,0.0,0.0,0.0,0.0,0.0,0.0,30838.88888888889,75013.88888888889,71669.44444444445,36133.333333333336,1822.2222222222224,0.0,41358.333333333336,81425.0,25894.444444444445,25927.777777777777,32432.907033278367,36432.91597867935,36374.57682859824,420091.6666666667,33727.693142796576,36313.305463317534,38835.04373186937,33180.92106617206,33269.37198740714,38103.798591512765,33636.97496610104,33812.62991613047,33972.189270903866,30008.33333333333,1614308.3333333333,0.0,1639333.333333333,25022.22222222222,0.0,0.0,0.0,0.0,2059425.0,136.74474,107.63993155452656,130.95983121994126,110.238077749583,110.69748636171398,107.91950721655192,130.56125963250992,135.15945549047478,108.87043887088784,135.24515584435585,103.47925678619296,103.8875049592551,120.84267039317322,93.44496852069416,97.38400949253166,98.7326545694264,99.04741620955129,99.39034933416268,104.4075401425012,92.69749803777356,94.59983671038891,92.51926408319918,93.56118048536057,92.50269466712138,89.88113850069264,36.30682644273672,38.13744457984284,39.372752197165966,43.54350841249095,38.20652262101424,48.33896556404689,35.536007282174886,39.01589102857431,43.03086974897721,38.80170728531992,37.7589895651185,36.66650533407615,Metadata_MT_Commercial_MT_baseline_metadata_and_annual_results.csv,MT
184561,0,7500.0,Cold,MT,Montana,,FullServiceRestaurant,Food Service,5001_10000,NaturalGas,Small Packaged Unit,Central Single-zone RTU_Furnace_DX,DX,Furnace,night_fancycle_vent,PSZ-AC with gas coil,Central Single-zone RTU,gen3_t5_cfl,1,1,2016,0.0,0.0,0.0,0.0,0.0,0.0,36408.333333333336,5825.0,55400.0,0.0,0.0,0.0,65069.44444444445,15650.0,0.0,10047.222222222224,15753.368348295004,20790.24540305521,15809.162458886882,208147.22222222225,14055.282247443498,15736.067264722486,22442.58079218027,19295.743733415387,15929.727654570992,18561.616438652167,15510.558474516807,16448.18613357296,17815.76858707568,19747.222222222223,92533.33333333331,514249.9999999999,799499.9999999999,192716.66666666663,0.0,0.0,0.0,0.0,1007647.222222222,68.02078,49.61628265544966,63.65408154227824,39.2079524485868,38.39851092825363,39.11881870806237,67.19792092051543,60.01919630050366,39.74138753280476,55.362257646614886,39.29576914822352,45.817222105177805,55.71758115481656,38.03633726828766,51.617824490573845,37.75368887047352,36.07184969972877,36.96234414318553,55.63590531985216,49.52150707770596,37.13678855539894,47.339105981608974,38.07160905760515,38.98076448744161,46.41227465690646,35.241576347885534,38.546211077555135,35.20542391360804,34.34829576241981,34.939142197823614,49.226601013067466,39.01315865782826,35.9845318243416,38.16285833305133,36.1270493052105,36.641624538547646,37.3544870831688,Metadata_MT_Commercial_MT_baseline_metadata_and_annual_results.csv,MT
184564,0,7500.0,Cold,MT,Montana,,SmallOffice,Office,5001_10000,NaturalGas,Residential Style Central Systems,Residential forced air_Furnace_DX,DX,Furnace,default_nochange,Residential AC with residential forced air furnace,Residential forced air,gen2_t8_halogen,2,2,1975,0.0,0.0,0.0,0.0,0.0,0.0,8900.0,5641.666666666667,17577.777777777777,0.0,0.0,0.0,32605.55555555556,11138.888888888889,0.0,0.0,5933.6432384626205,8174.987726597623,6112.996449093024,78944.44444444445,5529.207745959392,6203.335285817426,9100.327822263756,6457.586880781638,5850.730017836657,6892.803451552792,5842.95030143491,6233.356314651863,6613.654913076261,3083.333333333333,79547.2222222222,0.0,79547.2222222222,0.0,0.0,0.0,0.0,0.0,158491.66666666666,30.48946,21.1803092139688,29.74814878653689,16.10875865775903,16.209570622080612,16.209570622080612,28.2480613220448,22.92872540057042,16.495948450113453,23.04586461848261,16.02950592479897,18.030053887294944,25.30982106760157,15.902308297322907,21.562877203752617,15.727876470763269,15.901115813356672,15.901115813356672,25.11466864954637,19.56137837821109,15.901115813356672,18.10590551980252,15.71273329396221,15.952217094886358,19.16912035963521,5.351868207301462,5.344230914388949,5.0730465748286,5.036869758319934,4.901974349553741,9.531101599925558,5.344230914388949,5.135138205552912,5.344230914388949,5.043810051422635,5.367803252434268,5.344230914388949,Metadata_MT_Commercial_MT_baseline_metadata_and_annual_results.csv,MT
184565,0,17500.0,Cold,MT,Montana,,SmallOffice,Office,10001_25000,NaturalGas,Small Packaged Unit,Central Single-zone RTU_Furnace_DX,DX,Furnace,night_fancycle_vent,PSZ-AC with gas coil,Central Single-zone RTU,gen2_t8_halogen,2,2,1975,0.0,0.0,0.0,0.0,0.0,0.0,6888.888888888889,12813.888888888889,21116.666666666668,0.0,0.0,0.0,72597.22222222222,19202.777777777777,2.7777777777777777,0.0,10591.580928116216,12870.39757342268,11575.539288827043,137505.55555555556,10850.73220052654,11619.247992731627,14411.677613502376,10495.539668469752,10934.338962353777,11393.653501939916,10948.43480335373,11111.08970888738,10703.337572789038,4886.111111111111,212633.3333333333,0.0,212633.3333333333,0.0,0.0,0.0,0.0,0.0,350138.8888888888,43.38046,30.93787590518598,41.80829416966223,30.93564008382611,30.9516659067294,30.948639467266748,42.28388533878707,35.98906694210973,30.95012617174893,36.146009443576126,30.787242686104,30.544810008810536,35.224555812114474,30.61773780946477,31.547773084791896,30.512682310014792,30.844596441625423,30.89668935003434,38.62533311529014,30.44095356217973,30.81601635308554,30.582573536196183,30.39472482287213,30.33874630056609,30.32507804921208,11.868416102898042,11.95826249041097,11.503018161825135,12.223151986002245,10.896545789537177,17.466958304334508,11.94648971483989,12.442814298194651,11.860208920230924,11.37645032171758,12.106225833943078,11.86271673323906,Metadata_MT_Commercial_MT_baseline_metadata_and_annual_results.csv,MT
184567,0,3000.0,Cold,MT,Montana,,Warehouse,Warehouse and Storage,1001_5000,NaturalGas,Small Packaged Unit,Central Single-zone RTU_Furnace_DX,DX,Furnace,night_fancycle_novent,PSZ-AC with gas coil,Central Single-zone RTU,gen2_t8_halogen,2,2,1998,0.0,0.0,0.0,0.0,0.0,0.0,841.6666666666666,4702.777777777778,1908.3333333333333,0.0,0.0,0.0,7588.88888888889,3255.555555555556,0.0,0.0,1403.2639674678376,1660.0333655299523,1669.3536598609037,18297.222222222223,1518.8792459641131,1664.0593947438472,1708.4592451790922,1303.304051303669,1482.035630919256,1359.534536142288,1557.6266617974993,1525.511358026832,1445.7041015153843,0.0,84177.77777777778,0.0,84177.77777777778,0.0,0.0,0.0,0.0,0.0,102475.0,7.003229999999999,3.5926622332650453,6.933880302259712,3.6819861101720415,3.786586002433175,3.638384395325821,6.497300516374976,5.069492382231164,3.507983709712054,3.6505559359322666,3.5817337361517154,3.642723633259354,5.418903544999937,3.409395317831732,4.037301573158715,3.474337725157091,3.508715444780765,3.469849752222337,4.495643866108739,3.497188093496584,3.392446409307263,3.4246239273967367,3.4258929541794707,3.4343603047698736,3.468906213563753,1.800769889760654,1.7232536683507302,1.9694280435575664,2.092396678630406,1.95398168053913,1.769368632831045,1.7130106407986665,1.966562871064777,1.714697393944734,1.9548201705153367,1.7893358847525829,1.716074954239067,Metadata_MT_Commercial_MT_baseline_metadata_and_annual_results.csv,MT
184570,0,3000.0,Cold,MT,Montana,,FullServiceRestaurant,Food Service,1001_5000,Propane,Small Packaged Unit,Central Single-zone RTU_Furnace_DX,DX,Furnace,night_fancycle_vent,PSZ-AC with gas coil,Central Single-zone RTU,gen4_led,1,1,1956,0.0,0.0,0.0,0.0,0.0,0.0,7750.0,5463.888888888889,33513.88888888889,0.0,0.0,0.0,59994.44444444445,7608.333333333333,0.0,13102.777777777776,15954.090064545197,17489.02752364586,16450.121324538453,196969.44444444444,15095.318889031283,16644.618035067633,18136.789517696187,16296.42759569496,16562.982973847553,16748.23071468376,15655.113400632908,15994.638968283043,15941.392816861377,69536.11111111111,0.0,66694.44444444444,66694.44444444444,0.0,0.0,108555.55555555556,108555.55555555556,0.0,372216.6666666666,55.7193,46.239364590253146,54.739546440232026,40.18042565228158,39.68965679203459,40.240231429582806,49.93865028163416,49.168510637861694,39.02215294964872,47.365397964528974,39.72942541158751,41.93776664290231,45.73297082372771,35.01546463178756,40.20689687243448,34.71137130314123,35.19080577032511,35.13708476882997,42.451538836820106,39.053172896361616,35.23513539194379,37.73241531718432,34.264352713561905,33.93234164484695,36.87968580547147,34.454858263162016,33.13750962972168,34.13755981632958,35.11927341447357,34.663830431585446,36.25122154008532,33.90981566826474,34.96047522007651,34.343763882867165,33.58686427349719,33.03626546981823,33.26041472114523,Metadata_MT_Commercial_MT_baseline_metadata_and_annual_results.csv,MT
184571,0,3000.0,Cold,MT,Montana,,SmallOffice,Office,1001_5000,NaturalGas,Small Packaged Unit,Central Single-zone RTU_Furnace_DX,DX,Furnace,night_fancycle_vent,PSZ-AC with gas coil,Central Single-zone RTU,gen1_t12_incandescent,2,2,1993,0.0,0.0,0.0,0.0,0.0,0.0,4452.777777777778,4180.555555555556,10308.333333333334,0.0,0.0,0.0,17675.0,6338.888888888889,0.0,0.0,3290.727890278199,4386.913285240829,3597.02666445308,44575.0,3399.803003409365,3671.2642545808376,4991.931913864366,3765.547095043293,3339.749901562353,3740.352216303245,3368.9997125651234,3418.715698058764,3605.182605124072,1619.4444444444446,79666.66666666666,0.0,79666.66666666666,0.0,0.0,0.0,0.0,0.0,124241.66666666669,15.3936,10.2406561949575,14.57503340446615,9.0718279852467,9.0718279852467,9.0718279852467,15.229525208830076,13.01349188170553,9.0718279852467,12.404489156201576,9.0718279852467,9.552669161336947,12.686978422882747,9.060300403816733,11.444889541872287,9.060300403816733,9.060300403816733,9.060300403816733,12.897837507247043,10.822488770874369,9.060300403816733,10.095592574226526,9.066064194531716,9.0718279852467,9.22258740401017,3.030308890886805,3.040895597601041,3.539284499600124,4.141784008929249,3.355964029594096,5.034367090425622,3.120057274398788,3.2861182324795104,2.955857533200282,3.325651131401008,3.1777375521852647,3.1206620437621613,Metadata_MT_Commercial_MT_baseline_metadata_and_annual_results.csv,MT
184572,0,7500.0,Cold,MT,Montana,,FullServiceRestaurant,Food Service,5001_10000,Propane,Small Packaged Unit,Central Single-zone RTU_Furnace_DX,DX,Furnace,night_fancycle_vent,PSZ-AC with gas coil,Central Single-zone RTU,gen2_t8_halogen,1,1,1963,0.0,0.0,0.0,0.0,0.0,0.0,23750.0,8105.555555555557,74761.11111111111,0.0,0.0,0.0,79888.88888888889,34544.444444444445,0.0,13277.777777777776,33286.23209051635,37237.52933842884,34178.19075797266,413872.2222222222,31679.78806525556,34781.19806592229,40096.19248126719,34996.6086736748,34715.36361286283,35508.75687263195,32180.339982131307,32460.537763951583,32751.867984355853,179541.66666666666,0.0,129852.77777777777,129852.77777777777,0.0,0.0,267050.0,267050.0,0.0,810775.0,120.45248,95.26693051442123,117.44285093180147,80.05799233525123,79.53338555290019,79.95463529020155,114.06603939989618,108.25382204415182,79.36233295457203,96.09485298046948,78.72094871054759,80.90375415612924,96.65832365332,77.0281072169471,89.07086730505571,77.91521772453528,78.77762151695981,78.72108455249104,96.17405685763364,85.59969854444945,78.04396004501632,83.77659594936154,75.90870204327624,74.381189543297,76.20551208084154,73.99792118699732,70.70176553323307,72.92121001945864,75.06582958640071,74.2729427845013,82.60351286529978,70.49043845795686,74.03152130215184,72.71623912975201,70.56114843504001,68.7733974278437,68.42581061221532,Metadata_MT_Commercial_MT_baseline_metadata_and_annual_results.csv,MT
184575,0,7500.0,Cold,MT,Montana,,SmallOffice,Office,5001_10000,NaturalGas,Small Packaged Unit,Central Single-zone RTU_Furnace_DX,DX,Furnace,night_fancycle_novent,PSZ-AC with gas coil,Central Single-zone RTU,gen4_led,2,2,1983,0.0,0.0,0.0,0.0,0.0,0.0,2088.888888888889,7088.888888888889,7238.88888888889,0.0,0.0,0.0,14780.555555555557,5544.444444444444,0.0,0.0,2780.3885399757824,3396.185046670657,3219.421438763716,36741.66666666667,2916.300539262306,3221.207935380715,3801.021329492151,2756.3587141057983,2947.187872496029,2822.2797163961554,3011.208958763641,2980.0486113977367,2889.305464980481,0.0,67402.77777777777,0.0,72611.1111111111,5208.333333333332,0.0,0.0,0.0,0.0,109352.77777777777,18.3331,9.944963931134335,16.47158395491438,9.944963931134335,9.944963931134335,9.944963931134335,18.2418917168353,13.735263693492255,9.944963931134335,12.079012870371976,9.944963931134335,9.944963931134335,14.568183060651329,9.944963931134335,10.27299057820894,9.944963931134335,9.944963931134335,9.944963931134335,14.44383739898418,9.944963931134335,9.944963931134335,9.944963931134335,9.944963931134335,9.944963931134335,9.944963931134335,4.349962978641371,4.349962978641371,5.059764960028381,4.810444379168045,5.059764960028381,4.349962978641371,4.349962978641371,4.608412386591218,4.349962978641371,4.7285425088169095,4.653124352881743,4.349962978641371,Metadata_MT_Commercial_MT_baseline_metadata_and_annual_results.csv,MT
184578,0,17500.0,Cold,MT,Montana,strip_mall_restaurant20,RetailStripmall,Mercantile,10001_25000,Electricity,Multizone CAV/VAV,Central Multi-zone VAV RTU_Furnace_DX,DX,Furnace,night_fancycle_vent,PVAV with gas heat with electric reheat,Central Multi-zone VAV RTU,gen2_t8_halogen,1,1,1993,0.0,0.0,0.0,0.0,0.0,0.0,45216.66666666666,23161.11111111112,59850.0,0.0,0.0,105719.44444444444,65788.88888888889,90155.55555555556,0.0,0.0,36306.35367451111,37453.44893409063,45293.54581415141,479319.4444444445,51692.73405531364,51226.574186296086,41182.951606424176,35263.72616164542,43264.05266705271,34949.4697126845,38255.12615586665,32830.68556196768,31600.187114936907,89427.77777777778,239013.88888888885,54024.99999999999,293038.8888888889,0.0,0.0,0.0,0.0,0.0,772358.3333333333,165.51282999999998,127.41142572342147,124.54047815374842,163.2638701490124,151.53401281994826,150.74030796308332,133.15599134649077,120.44656151728108,135.48502496307094,100.26802941137508,132.51528930522753,111.24962847895635,101.29544313116146,88.26397985121517,87.57350634875401,113.33371426907222,135.37054597677314,124.08258202972632,99.6034444176423,79.89023062813256,107.88862727188716,76.7403777607606,100.959860207563,75.89681327264432,73.08477968436432,63.65835230586161,59.23790550230334,85.69555307421884,117.53577641666185,98.26470619781448,77.38863584421152,63.55136355762082,91.14142414549649,59.87394173094735,78.24576360972299,60.19932273636596,56.99922655566239,Metadata_MT_Commercial_MT_baseline_metadata_and_annual_results.csv,MT
184579,0,3000.0,Cold,MT,Montana,,SecondarySchool,Education,1001_5000,NaturalGas,Multizone CAV/VAV,Central Multi-zone VAV RTU_Boiler _ACC,ACC,Boiler ,default_nochange,VAV air-cooled chiller with gas boiler reheat,Central Multi-zone VAV RTU,gen2_t8_halogen,1,1,1983,0.0,0.0,0.0,0.0,0.0,0.0,3633.3333333333335,6019.444444444444,10841.666666666666,0.0,0.0,0.0,1372.2222222222222,7138.888888888889,2175.0,22980.555555555555,4425.567353918159,5039.49367467173,4574.5980998511695,56680.55555555556,4079.325317419628,4605.921161040771,5208.565651958784,4862.518968514632,4400.54991033012,5005.187480718876,4387.8958988413215,4658.070728574402,5433.346117237222,2519.4444444444443,129530.55555555556,0.0,132961.1111111111,3430.555555555555,0.0,0.0,0.0,0.0,189641.66666666663,13.00716,9.591175139506658,11.48216648914812,8.447338712735453,8.105753563410468,8.455170601458459,12.231288603892295,10.34660982635828,8.068264774556397,10.04177023994556,8.306910311749307,8.825525891208121,10.274518513986797,7.6398308208470525,8.834326255280134,8.057359025693016,7.845312152060474,8.222998035204165,9.342281299358422,8.587639653556174,7.690618547988919,8.826050529143885,7.623724527389792,7.891915852589385,9.641894789206384,6.060867672876394,7.045242813730672,5.865498093451746,6.007139784739677,6.02581280300898,7.206428636439664,6.247847169218851,5.860517236858525,6.101255772854615,5.930326880824672,5.946519400819279,7.333550701082901,Metadata_MT_Commercial_MT_baseline_metadata_and_annual_results.csv,MT
184580,0,7500.0,Cold,MT,Montana,,Warehouse,Warehouse and Storage,5001_10000,NaturalGas,Small Packaged Unit,Central Single-zone RTU_Furnace_DX,DX,Furnace,night_fancycle_novent,PSZ-AC with gas coil,Central Single-zone RTU,gen2_t8_halogen,1,1,1999,0.0,0.0,0.0,0.0,0.0,0.0,944.4444444444446,11294.444444444443,2288.888888888889,0.0,0.0,0.0,24319.444444444445,11355.555555555557,0.0,0.0,3985.5679217013694,4269.888948378257,4544.623912674802,50205.55555555556,4048.507681165668,4581.1541658055885,4470.525701386901,3615.6034415038334,4140.372725564802,3976.847575289316,4255.525102495977,4324.005126529524,3991.712269487703,0.0,71752.77777777777,0.0,71752.77777777777,0.0,0.0,0.0,0.0,0.0,121958.33333333331,13.239540000000002,10.72794993530302,12.355758078411675,10.826270643128778,10.874194466048296,10.802295756930477,12.525173765139694,10.843495567175037,10.643757214922545,10.34041353745886,10.72763489507119,10.601655492714642,11.50482195316354,10.425354170017792,10.652508234072371,10.608795339964017,10.671025057858884,10.61850585094752,11.233621575575444,10.225400327906424,10.459719164537209,10.157327665391756,10.528725358309176,10.478648002660275,10.535703920696832,4.1955447358470686,4.178401369467852,4.409731994657498,4.514382153814288,4.430027075904334,4.3444722695983256,4.178401369467852,4.425434817388883,4.178401369467852,4.338739840887832,4.20017119506049,4.178401369467852,Metadata_MT_Commercial_MT_baseline_metadata_and_annual_results.csv,MT
184581,0,3000.0,Cold,MT,Montana,,SmallOffice,Office,1001_5000,NaturalGas,Small Packaged Unit,Central Single-zone RTU_Furnace_DX,DX,Furnace,night_fancycle_vent,PSZ-AC with gas coil,Central Single-zone RTU,gen2_t8_halogen,1,1,1979,0.0,0.0,0.0,0.0,0.0,0.0,5205.555555555556,4044.444444444445,10200.0,0.0,0.0,0.0,20577.777777777777,6880.555555555557,0.0,0.0,3619.6624061084767,4918.163352296491,3749.6535793958215,48627.777777777774,3424.925389523763,3828.147077791265,5454.206571103287,4266.08780804351,3579.5776560650725,4258.290387588169,3578.6060880162963,3831.3130879561713,4120.482748616732,1719.4444444444446,32605.55555555555,0.0,32605.55555555555,0.0,0.0,0.0,0.0,0.0,81233.33333333333,12.863040000000002,9.161531525101056,12.51239019950946,8.43849526639329,8.427187328637396,8.43849526639329,12.52604799156634,11.060461677928483,8.427187328637396,10.497083347945802,8.427187328637396,8.962912592318004,11.01453727019841,8.08360650048036,9.874248664645894,8.427187328637396,8.427187328637396,8.427187328637396,10.649917367014762,9.001572507867694,8.195271698271362,9.162014520025544,8.342382459916564,8.427187328637396,8.634201553386918,3.997188108622212,4.124002189331818,3.137465710656192,3.565538858550078,3.402493878122492,5.253796970617676,3.997188108622212,3.4988836052574466,3.997188108622212,3.057945066517666,3.997188108622212,3.997188108622212,Metadata_MT_Commercial_MT_baseline_metadata_and_annual_results.csv,MT
184582,0,37500.0,Cold,MT,Montana,,Warehouse,Warehouse and Storage,25001_50000,NaturalGas,Small Packaged Unit,Central Single-zone RTU_Furnace_DX,DX,Furnace,night_fancycle_novent,PSZ-AC with gas coil,Central Single-zone RTU,gen2_t8_halogen,1,1,1983,0.0,0.0,0.0,0.0,0.0,0.0,3900.0,31063.88888888889,6869.444444444444,0.0,0.0,0.0,106983.33333333331,48011.11111111111,0.0,0.0,15649.53247371628,17214.217670526028,17245.963519443576,196827.77777777772,15498.916521280114,17543.439522219116,18232.197980919227,14741.712645278623,16064.06593662656,15864.133796606073,16305.532456892162,16740.25153423892,15727.585804453656,0.0,176036.11111111107,0.0,176036.11111111107,0.0,0.0,0.0,0.0,0.0,372863.8888888889,53.27522,43.79125164553152,53.00849095684156,47.23226090394718,46.19929673981359,47.16001093429704,52.062606113754825,44.85717072607719,45.13887149409107,41.263823318586,45.55357402294041,45.28870195246528,46.707075774858254,39.5001231464386,41.08693856453835,45.04071954108029,45.42987220780846,45.17200583421744,46.51964188944885,39.37975194886151,43.640633017760976,38.97516983966796,44.903405575334304,44.649735746817605,42.86833715567798,15.0619336551101,15.055563502480853,15.612390819646969,16.07943612648598,15.654104603453284,15.425192756868812,15.055563502480853,15.61036669721712,15.055563502480853,15.44951741430784,15.055563502480853,15.055563502480853,Metadata_MT_Commercial_MT_baseline_metadata_and_annual_results.csv,MT
184583,0,37500.0,Cold,MT,Montana,strip_mall_restaurant10,RetailStripmall,Mercantile,25001_50000,NaturalGas,Residential Style Central Systems,Residential forced air_Furnace_DX,DX,Furnace,default_nochange,Residential AC with residential forced air furnace,Residential forced air,gen4_led,1,1,1969,0.0,0.0,0.0,0.0,0.0,0.0,117136.11111111112,55761.11111111111,188566.66666666663,0.0,0.0,0.0,131852.77777777778,200561.1111111111,0.0,0.0,56781.36634778078,69357.70319470258,55911.15424635696,720058.3333333334,49094.62245562333,56002.67857619908,71940.65153952125,63051.93023981505,56722.0662440607,64104.82767521977,55044.77785698647,60198.066158761816,61848.09144036649,26180.555555555555,73894.44444444442,108411.1111111111,308597.2222222222,126291.66666666664,0.0,0.0,0.0,0.0,1028655.5555555556,186.91755,143.8704479644812,178.69608261263556,135.34444245249168,130.6379269513213,133.55041439089948,174.50097949393836,163.76862787076882,133.54674460339214,152.6312643224296,139.43897780186742,145.01337546042527,164.03745112146817,126.00863747966316,150.96746702670643,125.92688025341978,119.20941832258262,124.12517403058324,157.5685521584007,142.48851251574047,125.95865127430432,141.2584796839666,127.28844269726328,131.40285028841697,140.46370805029952,105.3568112055818,123.8654195715796,98.08451307647624,98.36934320544349,100.45055710896274,143.75191632627482,117.55000287425736,105.0667762800719,114.24045884667218,100.93652139208552,108.4454045805722,107.3107426254864,Metadata_MT_Commercial_MT_baseline_metadata_and_annual_results.csv,MT
184584,0,75000.0,Cold,MT,Montana,strip_mall_restaurant20,RetailStripmall,Mercantile,50001_100000,NaturalGas,Residential Style Central Systems,Residential forced air_Furnace_DX,DX,Furnace,default_nochange,Residential AC with residential forced air furnace,Residential forced air,gen4_led,1,1,2007,0.0,0.0,0.0,0.0,0.0,0.0,170838.8888888889,116033.33333333331,363719.4444444445,0.0,0.0,0.0,332686.1111111111,371019.4444444445,0.0,0.0,110243.63801003194,138484.07613125592,109723.61317868742,1414502.7777777778,97914.08810502064,110294.34403797686,145456.61901903036,123221.09787700496,108834.8156405697,126059.00364113592,106896.24195239165,116150.59416509728,121225.63814501686,60205.55555555556,139852.77777777775,105544.44444444444,567019.4444444444,321622.2222222222,0.0,0.0,0.0,0.0,1981522.2222222225,385.13573,288.0981297139144,368.346642305692,214.22304835751456,213.3408382806317,215.5218085775038,358.2461374033093,327.45225699275187,235.7812023334476,308.5954236493602,228.9234074751556,273.22973491585884,321.5834769931326,228.43115374998604,300.06593206136785,206.67385571331627,197.3744397069996,203.6673804095912,317.6086438225594,280.0825905589436,211.3246169631464,270.8634241324097,209.8083149811549,234.46879651426468,272.99560691291606,197.8052720580182,237.9674677162512,189.6851027864504,189.0520100975331,188.87413506914683,252.97297759219472,233.0634700536418,186.21537045694183,227.4593921754,191.86561695999532,202.5959056919025,198.49017351287029,Metadata_MT_Commercial_MT_baseline_metadata_and_annual_results.csv,MT
184586,0,7500.0,Cold,MT,Montana,,SmallOffice,Office,5001_10000,NaturalGas,Small Packaged Unit,Central Single-zone RTU_Furnace_DX,DX,Furnace,night_fancycle_vent,PSZ-AC with gas coil,Central Single-zone RTU,gen4_led,2,2,2011,0.0,0.0,0.0,0.0,0.0,0.0,3483.333333333333,4586.111111111112,9911.111111111111,0.0,0.0,0.0,16083.333333333334,6536.111111111111,0.0,0.0,2994.4363932318065,3786.644351728285,3491.788993567038,40600.0,3410.051353471181,3583.0566625008746,4281.965898777066,3165.971571114398,3158.346418990219,3180.7611568682355,3217.2399179965814,3170.6372280884134,3160.1008269208146,0.0,133505.55555555553,0.0,136116.66666666666,2611.111111111111,0.0,0.0,0.0,0.0,176716.66666666666,22.57618,12.775348457735094,20.306968183327182,11.368067737370104,11.368067737370104,11.368067737370104,22.10097069667864,17.68782816255188,11.368067737370104,15.541531083947854,11.446060520576392,12.608411325188584,17.244277509643208,11.368067737370104,14.813103105049596,11.368067737370104,11.368067737370104,11.368067737370104,17.351000740355207,12.98747516592006,11.368067737370104,12.391541408817549,11.368067737370104,11.396081036716998,11.80512945930368,3.171274424919716,3.171274424919716,4.307643971772981,4.536850670081945,4.337334781113268,3.381882628804829,3.171274424919716,3.990529068510361,3.171274424919716,4.182249503047446,3.7075175440111137,3.265075470345612,Metadata_MT_Commercial_MT_baseline_metadata_and_annual_results.csv,MT
184587,0,75000.0,Cold,MT,Montana,mediumoffice_datacenter,MediumOffice,Office,50001_100000,DistrictHeating,Multizone CAV/VAV,Central Multi-zone VAV RTU_District_District,District,District,night_fanon_vent,VAV district chilled water with district hot water reheat,Central Multi-zone VAV RTU,gen1_t12_incandescent,2,2,1978,250208.33333333328,250208.33333333328,0.0,502036.1111111111,520175.0,18141.666666666664,0.0,39125.0,60722.22222222223,0.0,0.0,0.0,379969.4444444445,111780.55555555556,4388.888888888889,0.0,48662.70902186734,49968.27528832574,51700.11420739713,595986.1111111111,46602.881653355886,51903.369364819104,49979.51464371378,47487.36930259661,50353.19676862931,49964.28212264501,49603.978598827074,51119.48805376828,48641.14097942801,0.0,0.0,0.0,0.0,0.0,0.0,0.0,0.0,0.0,1366369.4444444445,161.88597,157.02685524011824,157.51811609712567,158.333369146209,158.02441944384196,157.85584205685615,157.73955203388724,157.26788727483128,157.35516070955683,157.23090719870714,156.98518699444003,156.88365443038663,157.42174530447377,156.575282997498,156.934558000399,156.67872239328725,156.77286612575406,156.64675610627808,157.14696413426648,156.86088661104822,156.6121516085286,156.8557771759685,156.62396172070416,156.62725687253482,156.62544205142595,77.29587833079479,77.22932392273673,80.17991686134248,80.47270722151886,80.27876521494532,77.22047778474216,77.09333188735232,80.18511931634164,77.08669340769966,80.18991748069382,80.08614808922661,80.06130311845114,Metadata_MT_Commercial_MT_baseline_metadata_and_annual_results.csv,MT
184590,0,75000.0,Cold,MT,Montana,,Warehouse,Warehouse and Storage,50001_100000,NaturalGas,Small Packaged Unit,Central Single-zone RTU_Furnace_DX,DX,Furnace,night_fanon_vent,PSZ-AC with gas coil,Central Single-zone RTU,gen2_t8_halogen,1,1,1909,0.0,0.0,0.0,0.0,0.0,0.0,19586.11111111112,57275.0,137583.33333333334,0.0,0.0,0.0,189611.1111111111,81416.66666666667,0.0,0.0,38376.66366430056,43732.71426367077,41174.20946156725,485472.2222222223,36629.90406642062,41498.37438909606,46664.87610930696,38412.50860716032,39304.19208521557,40134.809660200015,39396.31812066007,40868.86730376899,39277.76944522945,0.0,467558.33333333326,0.0,467558.33333333326,0.0,0.0,0.0,0.0,0.0,953027.7777777778,136.42235,97.13801835032388,135.61059911987564,100.13254360024708,91.90566530913743,96.4771475711253,135.1284014694375,111.88914742600528,93.25866304881072,104.49446588208436,99.98989546885616,97.05663474385368,111.32042716431054,91.7765392456896,100.14085175410928,99.33983357887192,91.4408295924966,92.75255273458076,115.16598151840104,96.71208845466536,91.85685794927473,96.58099915250664,94.59611498004092,92.6864698393386,94.71529765060784,44.46471879437922,44.53222197381945,45.11168185000695,45.11168185000695,45.11168185000695,47.30550941114141,44.46471879437922,44.81124652673204,44.49550622518036,45.11168185000695,44.5518328357577,44.46471879437922,Metadata_MT_Commercial_MT_baseline_metadata_and_annual_results.csv,MT
184593,0,17500.0,Cold,MT,Montana,,SmallOffice,Office,10001_25000,Propane,Small Packaged Unit,Central Single-zone RTU_Furnace_DX,DX,Furnace,night_fanon_vent,PSZ-AC with gas coil,Central Single-zone RTU,gen2_t8_halogen,1,1,2005,0.0,0.0,0.0,0.0,0.0,0.0,16258.333333333334,17100.0,99213.88888888888,0.0,0.0,0.0,92258.33333333331,41100.0,2.7777777777777777,0.0,20743.700040899766,25080.83526749333,21573.937474056627,265933.3333333334,19351.43389738992,21774.04301840941,27157.92241455632,22117.6369099523,20986.563236717306,22468.10593287498,20768.3834662128,21769.2557999654,22141.756208935225,0.0,0.0,0.0,0.0,0.0,0.0,114555.55555555556,127455.55555555556,12900.000000000002,393388.8888888889,69.2892,49.42928210777903,65.22053810500127,39.87510285166051,38.89428481012744,39.87510285166051,68.79111395882974,56.12309662096376,39.83751857773822,54.08264148520927,39.94473891810917,42.67714320579534,60.23710341438413,38.84200432959894,50.662915376496365,39.87510285166051,38.84200432959894,39.87510285166051,58.101766936685856,45.46632047691252,38.84200432959894,42.308139782456,39.87510285166051,38.9772172947588,41.8115134461462,25.66728098158826,25.723733276914675,26.784016230071003,26.784016230071,26.784016230071,30.011650999116497,25.55312068316486,26.784016230071003,25.55312068316486,26.784016230071,26.784016230071003,26.784016230071003,Metadata_MT_Commercial_MT_baseline_metadata_and_annual_results.csv,MT
184596,0,3000.0,Cold,MT,Montana,,SmallOffice,Office,1001_5000,NaturalGas,Small Packaged Unit,Central Single-zone RTU_Furnace_DX,DX,Furnace,night_fanon_vent,PSZ-AC with gas coil,Central Single-zone RTU,gen2_t8_halogen,1,1,1993,0.0,0.0,0.0,0.0,0.0,0.0,416.6666666666667,5116.666666666667,9261.111111111111,0.0,0.0,0.0,19633.33333333333,6377.777777777778,0.0,0.0,3469.2941687110133,3657.74644331029,3727.6825179543744,42852.777777777774,3323.0199057647083,3758.753849616381,3762.200554051535,3308.004400791935,3572.5364551419207,3541.780269555735,3564.1218298015538,3682.3324677951086,3484.5081333855323,2047.2222222222224,34738.88888888888,0.0,34738.88888888888,0.0,0.0,0.0,0.0,0.0,77591.66666666667,8.51914,6.278623301207563,8.113986926845868,6.860749143358153,6.662899756009209,6.860749143358153,8.248604463300843,6.278623301207563,6.662899756009209,6.278623301207563,6.860749143358153,6.662899756009209,7.719047664744531,6.278623301207563,6.278623301207563,6.654130722361256,6.662899756009209,6.662899756009209,7.267917437008333,6.259877798940527,6.278623301207563,6.273105802429035,6.781993748081421,6.258625249362631,6.261130348518423,4.402535584948748,4.372779531030676,4.4176853536744085,4.3787228621960725,4.353867565144061,4.392727068007237,4.295550672094159,4.2986634094620175,4.318936496558503,4.339763853396787,4.288166570988716,4.34658321128971,Metadata_MT_Commercial_MT_baseline_metadata_and_annual_results.csv,MT
184597,0,37500.0,Cold,MT,Montana,strip_mall_restaurant30,RetailStripmall,Mercantile,25001_50000,Electricity,Multizone CAV/VAV,Central Multi-zone VAV RTU_Furnace_DX,DX,Furnace,night_fancycle_vent,PVAV with gas heat with electric reheat,Central Multi-zone VAV RTU,gen2_t8_halogen,2,2,1962,0.0,0.0,0.0,0.0,0.0,0.0,74555.55555555555,43480.55555555556,152530.55555555556,0.0,0.0,115130.55555555556,278258.3333333333,233516.66666666663,0.0,0.0,87429.37232472198,98952.3384964724,108621.73842550308,1159425.0000000002,103925.31466909328,107293.93281100845,107010.46528556632,87578.39729498446,94829.89007158928,92815.80893152687,98394.5565714148,88581.79063943024,83990.70262474744,261947.22222222225,355888.8888888889,0.0,355888.8888888889,0.0,0.0,0.0,0.0,0.0,1515311.1111111112,342.12907,241.71377162353087,336.34550366055856,263.9051845625046,297.87903212391257,261.8925594738923,293.51687621829353,245.39425987302064,241.8110962487118,251.09825513818905,247.13375771300204,221.33272836333765,256.851909442096,186.2236988211514,230.5590201997581,236.3748123389976,246.3236957688603,226.2419614351374,260.87606301739527,205.81386210802168,193.14550057104688,210.56882594484864,218.5793784948038,179.48350895677464,191.18999855024265,161.46706837358724,165.1115327380735,204.302268752308,194.2657921354333,209.51845891325507,177.399864107071,160.10161869529466,166.69076865865054,176.64505511836495,182.12354928613,156.03130545834293,160.1372215722188,Metadata_MT_Commercial_MT_baseline_metadata_and_annual_results.csv,MT
184600,0,37500.0,Cold,MT,Montana,,Warehouse,Warehouse and Storage,25001_50000,NaturalGas,Residential Style Central Systems,Residential forced air_Furnace_DX,DX,Furnace,default_nochange,Residential AC with residential forced air furnace,Residential forced air,gen2_t8_halogen,1,1,1972,0.0,0.0,0.0,0.0,0.0,0.0,5347.222222222222,37711.1111111111,10022.222222222224,0.0,0.0,0.0,111855.55555555556,50930.55555555556,0.0,0.0,17078.070079890756,18596.45067758521,19136.026758580483,215863.8888888889,17438.61140092357,19506.910921653787,19745.940892114035,15999.383452842992,17592.207716948582,17340.827205518188,17975.734306331127,18368.186727409025,17086.915304831644,0.0,390130.5555555556,0.0,390130.5555555556,0.0,0.0,0.0,0.0,0.0,605994.4444444444,54.97529,46.82637334582857,54.69536779474331,50.89831954544717,51.150406278398265,50.88593679332879,54.25702416995952,44.86140494400704,48.03436860029274,41.7556011479586,49.195528466367655,48.538850187524375,47.70235566505541,40.9874253916187,43.07839399780509,47.81459284035324,48.63871045619139,48.17405368528125,46.85104018533885,40.95702411411814,46.489476707741794,40.93214594713231,47.48776629010293,47.25924551570097,45.77822557220405,16.6047313761657,16.580482920604855,17.221458507630746,18.28483305398468,17.629529948561537,16.580482920604855,16.580482920604855,17.325754399798218,16.580482920604855,17.145686538771997,16.59607827264239,16.580482920604855,Metadata_MT_Commercial_MT_baseline_metadata_and_annual_results.csv,MT
184601,0,17500.0,Cold,MT,Montana,strip_mall_restaurant10,RetailStripmall,Mercantile,10001_25000,Electricity,Multizone CAV/VAV,Central Multi-zone VAV RTU_Furnace_DX,DX,Furnace,night_fanon_vent,PVAV with gas heat with electric reheat,Central Multi-zone VAV RTU,gen3_t5_cfl,2,2,1938,0.0,0.0,0.0,0.0,0.0,0.0,36097.22222222222,19041.666666666668,100755.55555555556,0.0,0.0,138702.77777777778,125058.33333333331,84200.0,0.0,0.0,43446.20824671491,42848.6781886637,52574.94306253661,552872.2222222222,56142.02547301447,53650.31138421505,43826.307950715774,39458.40628227582,49918.90398892327,40842.14532523265,47591.831710186736,43007.18124666206,39564.01307877704,49016.66666666666,207758.3333333333,0.0,207758.3333333333,0.0,0.0,0.0,0.0,0.0,760630.5555555556,177.07933,150.31328249159694,119.14730876456538,176.8189855468352,163.8391605734693,158.10928338325184,106.89037350907894,100.86641952968496,152.1943978778488,100.93823824708925,143.09125417895217,121.16041877512367,123.2457845756782,105.06151357767544,80.96955293575051,122.87668160056828,145.87041018965107,123.21676311698702,81.7734133698436,75.82965481357128,123.17219534891908,76.468825929555,114.6836282269808,100.84051531905143,86.60598396449662,68.35511185140679,66.86527272797761,106.1940372876462,123.3211770253512,101.38207010255655,69.90846529559201,67.81446693127877,92.45267849133111,68.416243654177,98.57922117975048,73.61471318507094,68.39419004082175,Metadata_MT_Commercial_MT_baseline_metadata_and_annual_results.csv,MT
184603,0,37500.0,Cold,MT,Montana,,RetailStandalone,Mercantile,25001_50000,Electricity,Multizone CAV/VAV,Central Multi-zone VAV RTU_Furnace_DX,DX,Furnace,night_fancycle_novent,PVAV with gas heat with electric reheat,Central Multi-zone VAV RTU,gen4_led,1,1,1965,0.0,0.0,0.0,0.0,0.0,0.0,37175.00000000001,37119.444444444445,74822.22222222222,0.0,0.0,300247.22222222225,34983.333333333336,90611.11111111112,0.0,0.0,42603.93182650275,30258.535068739988,76873.03423305863,574958.3333333334,79160.01243621606,73465.2279470982,32989.565462502345,27071.270591512923,56816.30736074758,27938.02780918177,58666.237818056674,40222.61069035942,28892.5935756557,0.0,135577.77777777775,0.0,135577.77777777775,0.0,0.0,0.0,0.0,0.0,710536.1111111111,240.49785,211.8650998103888,138.99222915532866,231.56668261541228,226.55449650253664,226.5906235504992,124.18862481492955,119.24518541882672,211.42218134329244,132.50476331217425,213.84687483455315,171.53495268505156,161.27617641686226,147.1079172999572,77.55780423070054,197.5229930970196,211.61838404042504,196.4591321319136,89.44701559939381,65.22527655760011,169.01751674735826,68.15561474581361,177.09848524043588,141.68625650884812,74.84064707821358,71.50529668793676,50.82483431202555,159.2940539825515,155.23151772509848,158.748467804113,53.4804857942088,48.87634248970041,137.2744689142157,54.633253325793774,136.44395775022286,91.8354297293506,51.19357936178546,Metadata_MT_Commercial_MT_baseline_metadata_and_annual_results.csv,MT
184608,0,3000.0,Cold,MT,Montana,,FullServiceRestaurant,Food Service,1001_5000,Propane,Small Packaged Unit,Central Single-zone RTU_Furnace_DX,DX,Furnace,night_fancycle_vent,PSZ-AC with gas coil,Central Single-zone RTU,gen2_t8_halogen,2,2,1972,0.0,0.0,0.0,0.0,0.0,0.0,20066.666666666668,5669.444444444444,46411.11111111111,0.0,0.0,0.0,48997.22222222223,14172.222222222224,0.0,13397.222222222224,18025.2440494324,20866.771394875588,18199.445549510056,225425.0,16598.083202994076,18504.55427006402,21988.885150920418,19431.50022476428,18466.555695110423,19353.10154126229,17407.877492132986,18150.99538336749,18432.81806696336,76713.88888888889,0.0,297327.7777777778,297327.7777777778,0.0,0.0,83936.1111111111,83936.1111111111,0.0,606688.8888888889,63.17275,49.82001315444632,61.94927917849363,42.33361021826554,42.52104269913652,42.925310841907205,59.24259459385687,56.194656472066185,43.13256255336375,52.74712814484864,41.92436988273255,46.70922769432461,52.30552769852363,41.40662003052661,49.895393407532815,41.36846733762618,40.80622978110582,41.68084123236586,52.01141067666885,47.4355008918873,41.28513637449336,44.325789352656415,40.93683871253293,40.56779020646273,43.95023385755648,39.50577317541051,39.54088702301701,38.32271024117258,38.68999768981323,39.4699484999142,42.79797960269193,39.34908182678322,39.13558468066056,40.10437913365145,38.08008532335792,37.68161708922947,37.75396652265098,Metadata_MT_Commercial_MT_baseline_metadata_and_annual_results.csv,MT
184610,0,17500.0,Cold,MT,Montana,strip_mall_restaurant30,RetailStripmall,Mercantile,10001_25000,NaturalGas,Small Packaged Unit,Central Single-zone RTU_Furnace_DX,DX,Furnace,night_fancycle_vent,PSZ-AC with gas coil,Central Single-zone RTU,gen2_t8_halogen,2,2,1978,0.0,0.0,0.0,0.0,0.0,0.0,33972.222222222226,22486.11111111112,91805.55555555556,0.0,0.0,0.0,112208.33333333331,113144.44444444444,0.0,0.0,39156.16559023255,46618.50499602204,40219.80599931591,496966.6666666667,36811.577367891296,40937.89251637601,49482.13652192117,42104.13845482471,39943.67059506172,43324.95070955217,38402.86695756045,39601.99871048778,40363.72053878628,123350.0,200016.66666666663,51958.33333333333,251975.0,0.0,0.0,0.0,0.0,0.0,748941.6666666666,136.65854000000002,102.9385383860544,129.1223830196793,88.2981163470255,88.16365416449817,88.29860776526677,130.52683444215205,116.51944973352144,87.89065169559974,109.44171936751148,87.24800350267931,90.15048857654044,109.9631739014921,83.83389019051836,102.74934548666252,85.789714024612,86.40547414175815,86.15051500852586,111.606531283642,95.7092674336302,84.39684459284517,94.52394258415394,84.86990661190904,84.06173291984227,88.45952556178602,75.47573993457615,79.13562594340706,74.52116430966876,76.69790466253195,76.18677561084654,85.73362894777847,74.59596590251994,75.98807529748605,75.19158824508409,73.94211914397354,73.21345758541868,71.75904369774676,Metadata_MT_Commercial_MT_baseline_metadata_and_annual_results.csv,MT
184612,0,37500.0,Cold,MT,Montana,,Warehouse,Warehouse and Storage,25001_50000,NaturalGas,Small Packaged Unit,Central Single-zone RTU_Furnace_DX,DX,Furnace,night_fancycle_vent,PSZ-AC with gas coil,Central Single-zone RTU,gen4_led,1,1,1980,0.0,0.0,0.0,0.0,0.0,0.0,2913.888888888889,26163.888888888887,5161.111111111111,0.0,0.0,0.0,93588.88888888888,30991.666666666668,0.0,0.0,12592.021609933112,13984.2078409137,14056.342822660828,158816.66666666666,12476.179970445346,14164.698925523937,14607.451725669742,11712.61735491471,13042.296423040629,12740.477228830465,13294.09768225706,13511.154444059775,12635.458845187632,0.0,140566.66666666663,0.0,140566.66666666663,0.0,0.0,0.0,0.0,0.0,299383.3333333333,47.60567,36.37058738942581,47.03151746226753,37.08814996129095,36.86720316308328,37.13643182718441,45.912085777725,38.078368209822536,36.28728805773221,38.398614696609,36.40904920134663,36.60538906256341,40.673475617702536,35.989506367032185,37.15508441198688,36.7092935849784,36.31321433885226,36.70898627018479,43.01919690218482,35.986500734359254,36.15735993649287,35.95528643403759,36.23950858439674,35.96031055808858,36.00411283848539,13.600212063508572,13.574973101919532,14.17342943352586,14.113601771141324,14.137339052114196,14.12835983181544,13.574973101919532,14.112979527488362,13.574973101919532,13.94311156309118,13.622647146637007,13.574973101919532,Metadata_MT_Commercial_MT_baseline_metadata_and_annual_results.csv,MT
184613,0,75000.0,Cold,MT,Montana,strip_mall_restaurant30,RetailStripmall,Mercantile,50001_100000,NaturalGas,Residential Style Central Systems,Residential forced air_Furnace_DX,DX,Furnace,default_nochange,Residential AC with residential forced air furnace,Residential forced air,gen2_t8_halogen,2,2,1995,0.0,0.0,0.0,0.0,0.0,0.0,305147.2222222222,81016.66666666667,594169.4444444445,0.0,0.0,0.0,425777.7777777778,370444.4444444445,0.0,0.0,150151.24926226112,177655.43375857506,148156.7059748774,1878236.1111111112,132423.44598897747,149498.93035479455,185721.95087409503,160341.66590462695,148176.09264725994,165998.74554761025,143830.39293598462,156781.1956938314,159499.23470149987,101680.55555555556,115819.44444444442,0.0,838699.9999999999,722877.7777777778,0.0,0.0,0.0,0.0,2716933.333333333,508.46931,419.4731514269454,490.091899124224,348.8254145088651,348.6357661835624,347.1059618846714,471.8266242941437,430.17082776239016,360.1545402812103,425.768196092732,359.3228709784661,390.6114014409412,434.8490392586999,345.3852378489209,413.3909086710175,336.9410350393986,329.5942629304999,337.4270342871577,433.5868382708098,393.623525222432,340.8117600449487,372.63907904544,343.0146869090428,349.2465305012721,377.1736357296255,297.0742199458434,347.2880950034424,281.1562288493619,279.53003075036327,284.40820935030314,356.9364037458969,312.3514579741049,282.8055306924268,308.0170469425494,287.0111062483264,289.70762902139785,291.20312659971097,Metadata_MT_Commercial_MT_baseline_metadata_and_annual_results.csv,MT
184614,0,75000.0,Cold,MT,Montana,strip_mall_restaurant30,RetailStripmall,Mercantile,50001_100000,Electricity,Small Packaged Unit,Central Single-zone RTU_Electric Resistance_DX,DX,Electric Resistance,night_fanon_vent,PSZ-AC with electric coil,Central Single-zone RTU,gen4_led,1,1,1995,0.0,0.0,0.0,0.0,0.0,0.0,164136.1111111111,85461.11111111111,793425.0,0.0,0.0,880011.1111111112,394936.1111111111,228522.22222222225,0.0,0.0,219452.6590682598,207595.43672975505,332425.7699558284,3050930.5555555555,383713.7736941322,355804.4619856791,220968.41455635685,189382.8098007156,279730.1233114818,192382.8350129164,276708.3843281173,206984.3905534576,185781.6431670498,504436.1111111111,0.0,71458.33333333331,71458.33333333331,0.0,0.0,0.0,0.0,0.0,3122388.888888889,1207.4261299999998,763.9893212238678,550.707970294993,1099.3452119919612,1052.1975994368145,1177.4229803749756,535.6921270374406,509.18135192723776,796.4702833711166,455.00266936071495,737.672339984395,575.2610904668923,519.5244023734911,437.6665003269256,443.6183105399297,648.3120132699505,858.8912571852177,646.8889820157167,484.20589582331615,411.7057596924392,554.4795640388505,389.9024060423932,615.0869500202425,447.2653628012837,389.60350399153344,332.040211351923,308.95570787962055,499.40189912409954,598.8534514822727,513.817288170264,339.3684350845341,324.43966193052853,452.3257392854159,333.83466193873977,400.6995687938875,340.0498782581951,316.44523810611025,Metadata_MT_Commercial_MT_baseline_metadata_and_annual_results.csv,MT
184615,0,75000.0,Cold,MT,Montana,,RetailStandalone,Mercantile,50001_100000,NaturalGas,Small Packaged Unit,Central Single-zone RTU_Furnace_DX,DX,Furnace,night_fancycle_vent,PSZ-AC with gas coil,Central Single-zone RTU,gen4_led,1,1,1970,0.0,0.0,0.0,0.0,0.0,0.0,91697.22222222222,43488.88888888889,240369.44444444447,0.0,0.0,0.0,107238.88888888888,257008.3333333333,0.0,0.0,52859.63609537989,79314.24563216398,55318.0973050208,739802.7777777778,50172.91361226614,55618.68419002353,89279.64029436151,65221.31731072662,54186.94100408159,62235.37904297342,53389.291385288925,61907.220664031935,60300.20572777626,0.0,672552.7777777776,0.0,672552.7777777776,0.0,0.0,0.0,0.0,0.0,1412355.5555555555,262.01463,170.23420870477918,260.8334674575011,115.80279406552768,114.88481405102158,115.80279406552768,254.71346263589007,223.9211179009752,114.88481405102158,190.7796247551199,115.80171030143792,152.47971630674442,196.9212450681532,106.06852392609714,185.4248637278845,115.79845900916855,114.88481405102158,115.79845900916855,215.1656770906638,159.82845489604108,106.0726135197365,133.07880755940965,115.79741256198513,136.13627366700902,138.28334516527036,103.60446540679442,106.06613673974589,113.58899979496688,113.51259212049636,113.51259212049636,106.41354278648762,103.60446540679442,103.60446540679442,103.65178201994388,113.50825706413724,114.8780918083112,103.60685259314567,Metadata_MT_Commercial_MT_baseline_metadata_and_annual_results.csv,MT
184616,0,7500.0,Cold,MT,Montana,,Outpatient,Healthcare,5001_10000,NaturalGas,Zone-by-Zone,DOAS+Zone terminal equipment_Boiler _WCC,WCC,Boiler ,default_nochange,DOAS with fan coil chiller with boiler,DOAS+Zone terminal equipment,gen2_t8_halogen,1,1,1952,0.0,0.0,0.0,0.0,0.0,0.0,11911.111111111111,6927.777777777778,24597.222222222223,0.0,602.7777777777777,0.0,48497.22222222223,16650.0,10572.222222222224,0.0,9467.717658118563,11112.01267373284,9685.072501605411,119758.33333333331,8996.285769581975,9813.581866877865,11790.40039388804,9950.630706056589,9532.53425357042,10203.55728783333,9362.53677828326,9894.072455352572,9948.625386818849,0.0,108116.66666666666,8194.444444444443,125247.2222222222,8933.333333333332,0.0,0.0,0.0,0.0,245002.7777777777,41.14825,28.89022590464337,38.16833996499415,28.09004270418798,27.48030276678204,27.66200506239573,40.79163112915407,34.56841372007781,28.26212913624535,32.01102842077804,28.37788311793856,29.164970360013392,34.613913774734016,27.85105624772659,31.45211999435032,26.45703212001037,26.226828322572217,26.357903757563964,34.545174252935354,29.88679552012476,27.880728944815576,29.331533021179144,26.99979898549138,28.19619856371841,28.92042352580195,9.13618193952667,9.471870078153374,10.429738169167155,9.677024660741935,10.388978907462064,12.320511103375845,8.937442008333022,9.614269170071276,8.927038304137495,10.220894465442298,9.875752617621492,9.91232165949462,Metadata_MT_Commercial_MT_baseline_metadata_and_annual_results.csv,MT
184617,0,7500.0,Cold,MT,Montana,,SmallOffice,Office,5001_10000,Propane,Residential Style Central Systems,Residential forced air_Furnace_DX,DX,Furnace,default_nochange,Residential AC with residential forced air furnace,Residential forced air,gen2_t8_halogen,2,2,2001,0.0,0.0,0.0,0.0,0.0,0.0,11791.666666666666,5638.888888888889,20066.666666666668,0.0,0.0,0.0,42522.22222222223,12200.0,0.0,0.0,7303.198245981323,9457.282114114763,7245.35657365844,95127.77777777778,6555.528587923272,7375.754623585652,10226.737817257885,8338.724567041258,7132.802782892259,8527.836546277023,7011.4986717131305,7783.581489149366,8168.117520973125,2908.333333333333,0.0,0.0,0.0,0.0,0.0,44177.77777777778,44177.77777777778,0.0,139302.77777777778,31.92789,24.746904769584244,31.196333002637587,19.81733803221817,19.67833562254774,19.665147987127057,30.96405204395278,28.540191590845843,21.60377535515152,26.44465325649617,21.37356985712311,24.462276644961,28.400031820200976,19.04327931481876,25.92933778764985,18.948258440788955,18.62598717391206,18.72442513199517,27.23268524316374,24.112697968758056,19.460777209658445,24.32640838009228,18.971743777906973,19.96684949844132,22.37311546243721,7.675548253069243,8.334828288795894,6.50058715556301,6.572884653394478,6.481508384279826,11.252654171553331,7.69454493868427,6.549889261074221,7.590717758760756,6.487025752326476,7.721989767183811,7.697318316715777,Metadata_MT_Commercial_MT_baseline_metadata_and_annual_results.csv,MT
184619,0,7500.0,Cold,MT,Montana,,Warehouse,Warehouse and Storage,5001_10000,NaturalGas,Small Packaged Unit,Central Single-zone RTU_Furnace_DX,DX,Furnace,night_fancycle_vent,PSZ-AC with gas coil,Central Single-zone RTU,gen3_t5_cfl,1,1,1963,0.0,0.0,0.0,0.0,0.0,0.0,641.6666666666666,14541.666666666666,4525.0,0.0,0.0,0.0,18716.666666666664,7938.88888888889,0.0,0.0,3627.7997999080926,3609.7539110534526,4530.38620735421,46363.88888888889,4080.581719875475,4460.5738910433,3834.7670076808895,3129.132801397711,4013.380105594102,3429.847807032492,4142.655275887071,3993.637800960842,3511.3297585487,0.0,217738.88888888885,0.0,217738.88888888885,0.0,0.0,0.0,0.0,0.0,264102.7777777778,12.93646,12.079348553007618,10.513181865436778,12.533713525114017,12.646642209539053,12.413692665308576,11.469402652095935,8.891355123152398,12.143235056053006,9.007710634838467,11.949578511881256,11.996202224506984,11.56476798245656,9.94188117760994,9.424417440102784,12.015630986956472,11.862762605431325,11.901323783549822,9.386064469002765,8.265914963248543,11.667103455895724,8.19822323373987,11.67284660607408,11.569604621726269,11.09138637595676,5.030136536616756,4.916167380794252,5.738089966934372,5.92049804479793,5.620220694449684,4.986136123814242,4.916167380794252,5.589843636080382,4.916167380794252,5.441912941690991,5.307079065933299,4.916167380794252,Metadata_MT_Commercial_MT_baseline_metadata_and_annual_results.csv,MT
184620,0,17500.0,Cold,MT,Montana,,Outpatient,Healthcare,10001_25000,NaturalGas,Small Packaged Unit,Central Single-zone RTU_Furnace_DX,DX,Furnace,night_fancycle_vent,PSZ-AC with gas coil,Central Single-zone RTU,gen2_t8_halogen,1,1,1991,0.0,0.0,0.0,0.0,0.0,0.0,23369.444444444445,20333.33333333333,67938.88888888889,0.0,0.0,0.0,111875.0,37513.8888888889,5.555555555555555,0.0,19829.589122728725,25354.27701520445,20688.532081623624,261036.11111111112,18951.40501304877,21014.2085968233,27244.89915105465,22544.76273410238,20061.465349533,22629.015759504626,20019.19870843881,20981.65606793357,21715.907196837088,0.0,167574.99999999997,18850.0,198613.88888888888,12191.666666666666,0.0,0.0,0.0,0.0,459650.0,94.82033,66.26199649886061,89.79130319310619,59.11975134723428,57.63102142880196,58.317543588828016,93.23160424791784,83.60626327424261,58.89123789943103,80.51115448548761,60.41011886328764,64.09744060920697,80.81172676923936,57.83163542753485,75.69849408559408,57.40171683776241,57.29883796061765,57.40975318537492,82.31286009577367,70.82200962268021,57.38661730809838,69.8810845886462,57.50145763147522,58.504282702773374,63.83370008392094,17.583418331338386,19.50439710300016,21.004251406870925,22.055092464499765,21.017738155237183,26.614745340569343,17.177398649152877,20.249658927673924,16.893710097503796,20.867360047075152,20.804305057199137,20.94164352507804,Metadata_MT_Commercial_MT_baseline_metadata_and_annual_results.csv,MT
184623,0,3000.0,Cold,MT,Montana,strip_mall_restaurant20,RetailStripmall,Mercantile,1001_5000,NaturalGas,Small Packaged Unit,Central Single-zone RTU_Furnace_DX,DX,Furnace,night_fancycle_vent,PSZ-AC with gas coil,Central Single-zone RTU,gen1_t12_incandescent,1,1,1984,0.0,0.0,0.0,0.0,0.0,0.0,4558.333333333333,7841.666666666667,8350.0,0.0,0.0,0.0,9402.777777777776,22055.555555555555,0.0,0.0,4807.908669191283,6042.634238103412,5199.530046083602,63316.66666666666,4713.2735073798185,5247.977369367969,6468.070116959751,5308.387672381829,5035.005753781367,5282.17592093413,4941.172798538682,5045.655126174464,5223.536101717811,11105.555555555557,34850.0,0.0,49191.66666666666,14341.666666666664,0.0,0.0,0.0,0.0,112508.33333333334,27.11709,13.75663486019399,19.85902761936654,12.091292278730252,12.098517481134454,12.086454521137345,22.031954755980216,18.307983073989146,12.034489365220066,17.190835225787993,12.017424449226462,13.421496291923226,17.98240768990343,11.611324623340815,15.067089753227114,11.544986707135347,11.60307430746204,11.684145948613146,16.535611442373337,13.529295556519326,11.50865981499106,13.277323941527111,11.406998754872305,11.279394911780765,12.985486183421177,10.27682795115322,10.47849871987358,9.855894615832405,10.311884759256015,10.163694156403942,13.801756888072056,10.725399724650629,10.202950504347188,10.221803821673468,10.36139556897106,10.24800615611148,10.155883515753128,Metadata_MT_Commercial_MT_baseline_metadata_and_annual_results.csv,MT
184624,0,7500.0,Cold,MT,Montana,,SmallOffice,Office,5001_10000,NaturalGas,Small Packaged Unit,Central Single-zone RTU_Furnace_DX,DX,Furnace,night_fanon_vent,PSZ-AC with gas coil,Central Single-zone RTU,gen2_t8_halogen,1,1,1970,0.0,0.0,0.0,0.0,0.0,0.0,2841.6666666666665,9927.777777777776,27175.0,0.0,0.0,0.0,14830.555555555557,11713.888888888889,0.0,0.0,5161.769148191774,6194.556012798068,5652.522869480191,66491.66666666667,5004.047017122602,5662.283606013849,6613.389225301279,5109.180301378719,5382.227049593579,5374.246871634434,5415.548779635768,5531.836829682429,5388.802383445027,0.0,93694.44444444444,0.0,99627.77777777777,5933.333333333332,0.0,0.0,0.0,0.0,166119.44444444444,19.15219,12.331052693092706,18.91585921609672,12.331052693092706,12.331052693092706,12.331052693092706,18.42262166676518,14.142777616840307,12.331052693092706,14.034701861230866,12.331052693092706,12.331052693092706,15.65050460197566,12.331052693092706,13.316517484768733,12.331052693092706,12.331052693092706,12.331052693092706,16.52837938258403,12.331052693092706,12.331052693092706,12.331052693092706,12.331052693092706,12.331052693092706,12.331052693092706,6.4784906239641415,6.4784906239641415,7.604328500079904,7.130122900268556,7.604328500079904,6.4784906239641415,6.4784906239641415,6.870394967179821,6.4784906239641415,7.478415612846216,7.0352408372643485,6.870394967179821,Metadata_MT_Commercial_MT_baseline_metadata_and_annual_results.csv,MT
184625,0,3000.0,Cold,MT,Montana,largeoffice_datacenter,LargeOffice,Office,1001_5000,Electricity,Multizone CAV/VAV,Central Multi-zone VAV RTU_Electric Resistance_WCC,WCC,Electric Resistance,night_fancycle_vent,VAV chiller with PFP boxes,Central Multi-zone VAV RTU,gen4_led,1,1,1966,0.0,0.0,0.0,0.0,0.0,0.0,5380.555555555556,4611.111111111112,7122.222222222222,0.0,297.22222222222223,22800.0,41950.0,4727.777777777778,1488.888888888889,0.0,7045.708024413944,6865.542948440996,9836.9003454636,88958.33333333333,10142.56685839533,8781.210958477852,7190.36932611599,5685.2514101783645,8089.110097077578,5931.387069948394,7502.460562645049,6106.588664707115,5781.398659701261,574.9999999999999,0.0,0.0,0.0,0.0,0.0,0.0,0.0,0.0,88958.33333333333,33.66288,19.16364121562747,13.6323574596262,23.212746401863143,30.676203303363547,18.187352053755674,12.552825566952972,10.68227064750301,21.183799368014963,11.186328953335922,17.87202404028741,12.686128505819957,11.715658698340324,12.755699133078611,10.341649743428231,16.751008140682007,19.08307699194589,14.946328448497209,11.187908380643895,8.812343779797942,14.94522668122928,8.761234289324841,13.12782478753871,9.46119818929476,8.870837047647678,7.394299746764077,7.523844937845832,12.020555720119004,10.667483820855027,9.872700874211016,8.31360002932721,7.253506302707112,10.62278206451279,7.269119126425877,9.989621839630148,8.143743513407985,7.325961240688032,Metadata_MT_Commercial_MT_baseline_metadata_and_annual_results.csv,MT
184626,0,17500.0,Cold,MT,Montana,strip_mall_restaurant10,RetailStripmall,Mercantile,10001_25000,Electricity,Multizone CAV/VAV,Central Multi-zone VAV RTU_Furnace_DX,DX,Furnace,night_fancycle_novent,PVAV with gas heat with electric reheat,Central Multi-zone VAV RTU,gen1_t12_incandescent,2,2,1898,0.0,0.0,0.0,0.0,0.0,0.0,39105.55555555556,22236.11111111112,82525.0,0.0,0.0,66819.44444444445,98419.44444444444,139613.8888888889,0.0,0.0,36781.85787647619,42728.09342514066,48167.1017103466,498522.2222222223,44720.232135917526,46287.56356707267,45079.77942930965,37875.24942473128,40645.101617405184,38739.37689030174,42679.44978333489,37552.21163266818,37266.87398609874,49800.0,44736.11111111111,110066.66666666666,154802.77777777775,0.0,0.0,0.0,0.0,0.0,653324.9999999999,171.96777,114.8284446943174,144.96067967496646,146.49077466713413,151.14146990181263,145.04362735442024,129.6430109353528,103.56236360129796,115.64467707557893,102.12000205569636,125.3340353109534,102.7599125913579,109.80557757420895,86.72784021237746,105.5094050903583,121.88154796664888,124.27314974079364,116.9433787871134,116.1754783246135,90.2860471390032,103.38616560173789,89.50441382074618,113.28830350801434,86.18973862712872,86.37104501904773,75.79623369239043,79.20897606823479,104.7625980476052,97.27224067311792,97.3122543519316,80.0405234105038,77.70108882584955,82.89563700967739,75.90736531851304,82.17564317102783,75.32889908432867,77.36566426872561,Metadata_MT_Commercial_MT_baseline_metadata_and_annual_results.csv,MT
184630,0,75000.0,Cold,MT,Montana,,Warehouse,Warehouse and Storage,50001_100000,NaturalGas,Small Packaged Unit,Central Single-zone RTU_Furnace_DX,DX,Furnace,night_fancycle_vent,PSZ-AC with gas coil,Central Single-zone RTU,gen4_led,1,1,1993,0.0,0.0,0.0,0.0,0.0,0.0,22613.888888888887,57275.0,22280.555555555555,0.0,0.0,0.0,194483.3333333333,65361.11111111112,0.0,0.0,27278.772663265347,34213.02887940954,30530.595564694373,362011.1111111111,27674.56869047148,30990.858533534967,38579.1036245843,28746.497784827912,28094.955077237308,28830.128236062377,28749.79727517032,29303.27642752467,29019.482899235554,0.0,457427.77777777775,0.0,457427.77777777775,0.0,0.0,0.0,0.0,0.0,819438.8888888889,125.67174,79.30944655782744,124.95016050036809,80.09933374457043,78.5119972336011,79.9058710456554,120.8084772715297,103.24520168156964,75.56976195254516,95.865853054355,76.1661680733785,80.22420277423676,104.10307724579307,74.93135813936769,90.54851866552208,75.1653158310844,75.62382698294044,75.4285332007637,106.03581167299316,81.23807831730713,74.54779476231857,80.15155746996273,74.80526483494704,74.88577434924034,76.90988618859853,28.28979800207199,28.28979800207199,29.8401151739182,31.514760116151955,30.095966204647635,34.39906550010013,28.28979800207199,29.433576563358777,28.28979800207199,29.609077026465016,28.28979800207199,28.28979800207199,Metadata_MT_Commercial_MT_baseline_metadata_and_annual_results.csv,MT
184631,0,37500.0,Cold,MT,Montana,strip_mall_restaurant30,RetailStripmall,Mercantile,25001_50000,Electricity,Multizone CAV/VAV,Central Multi-zone VAV RTU_Furnace_DX,DX,Furnace,night_fancycle_vent,PVAV with gas heat with electric reheat,Central Multi-zone VAV RTU,gen2_t8_halogen,1,1,1937,0.0,0.0,0.0,0.0,0.0,0.0,43572.22222222223,62644.44444444445,76669.44444444445,43997.22222222223,0.0,162697.22222222222,155900.0,192486.1111111111,0.0,0.0,82543.2539858584,81586.07698161966,102256.17039527364,1046413.8888888888,106233.67573184344,100306.26025962792,86744.41250746037,72515.50297421095,93685.545716567,77407.88145519239,90427.41501646805,80605.47997953359,72102.8681616571,308444.44444444444,282649.99999999994,55219.44444444444,337872.2222222222,0.0,0.0,0.0,0.0,0.0,1384286.1111111112,373.24276,267.41162821270706,246.60029820439289,287.1036476825761,337.8277520677487,285.9839375922214,235.95980726185363,201.4129954890316,265.7971900672956,206.2566165313933,267.7543459600224,226.19669018754848,201.1545168042291,181.9947211715189,190.92918996398288,222.91290262371083,257.0995550730087,226.1379478678965,213.62866570498807,161.2039339831897,213.52093391931663,172.3427522679327,214.1402430993016,171.94104030660958,150.03270162810722,140.83225098742452,134.9541390364999,189.38126371957247,176.4622989887189,180.380243576806,132.85002785718845,133.36885760214852,168.56556333957028,133.33246620315762,158.4341985216138,142.91043368983847,128.94831962122308,Metadata_MT_Commercial_MT_baseline_metadata_and_annual_results.csv,MT
184633,0,3000.0,Cold,MT,Montana,,FullServiceRestaurant,Food Service,1001_5000,NaturalGas,Small Packaged Unit,Central Single-zone RTU_Furnace_DX,DX,Furnace,night_fancycle_vent,PSZ-AC with gas coil,Central Single-zone RTU,gen2_t8_halogen,1,1,1949,0.0,0.0,0.0,0.0,0.0,0.0,10513.888888888889,6463.888888888889,43152.777777777774,0.0,0.0,0.0,43341.66666666666,12750.0,0.0,13169.444444444443,11019.991421968549,13490.97196871116,11204.399587384756,140744.44444444444,10112.86959051869,11341.216963927534,14402.69462182659,11741.023808869037,11041.139682737828,12320.622663936962,10835.039886827395,11484.120696367008,11749.527388444109,11352.777777777776,128094.44444444444,94586.1111111111,316355.5555555556,93677.77777777777,0.0,0.0,0.0,0.0,457100.0,43.17576,32.17654663852936,42.92028825192346,25.1445530628984,24.727854169545544,25.20830959661789,39.671658731667485,33.90976432802805,24.76031625210241,33.7249826275451,25.289165328476148,27.106823445623075,35.776334492263054,23.9315787664942,31.58525327114251,24.71636731190168,23.87817460317844,24.66486285347818,35.68047880219248,27.99864346254443,23.92751590313837,26.814973574973468,24.92231208643565,24.21446631838789,27.39601349103772,21.833108818221746,22.323602236572537,21.31953422594277,21.286473827025343,21.41193736288753,25.522814684444405,22.03532157119841,21.3765380533582,22.536160882733142,21.364749834351503,21.530328917902448,21.62020114819392,Metadata_MT_Commercial_MT_baseline_metadata_and_annual_results.csv,MT
184636,0,75000.0,Cold,MT,Montana,,Hospital,Healthcare,50001_100000,DistrictHeating,Multizone CAV/VAV,Central Multi-zone VAV RTU_District_District,District,District,default_nochange,VAV district chilled water with district hot water reheat,Central Multi-zone VAV RTU,gen4_led,1,1,1978,504566.6666666666,504566.6666666666,0.0,1142777.7777777775,1142777.7777777775,0.0,0.0,48708.333333333336,238902.7777777778,0.0,0.0,0.0,582280.5555555556,131327.77777777778,13652.777777777776,36033.333333333336,92236.45791174976,95928.0759752512,96882.35615511524,1130075.0,88137.3685542756,97730.09968721664,96331.08181536854,91582.33395941708,96048.9154559875,95036.18803734698,93403.42249144464,95299.35849970026,91458.94873980989,79172.22222222222,0.0,39652.777777777774,153727.77777777778,114075.0,0.0,0.0,0.0,0.0,2931147.2222222225,276.73555,241.71855891937813,256.4723071651152,238.83365064227348,238.6121802489312,238.40694141302532,257.34177771263444,248.9026474996245,238.86590840951663,245.6949863485264,237.4469511309105,239.09148895361943,245.4702972400022,237.21632609755204,241.5474390374001,236.53654280676167,237.9375989031228,236.92287166740252,247.95924920305623,243.7075036388321,237.4181281385684,241.06636004069543,236.04164407367423,235.8701039049241,237.4694510119945,173.5815779318622,175.88826253368316,173.3018665606284,174.69881955451544,173.598185021063,177.4108794484076,175.5476574233929,174.4437410920974,174.89799838204615,173.04191411691863,173.12843045862954,172.97027826631398,Metadata_MT_Commercial_MT_baseline_metadata_and_annual_results.csv,MT
184637,0,3000.0,Cold,MT,Montana,,FullServiceRestaurant,Food Service,1001_5000,Propane,Small Packaged Unit,Central Single-zone RTU_Furnace_DX,DX,Furnace,night_fancycle_vent,PSZ-AC with gas coil,Central Single-zone RTU,gen1_t12_incandescent,1,1,1988,0.0,0.0,0.0,0.0,0.0,0.0,6136.111111111111,7280.555555555557,19788.888888888887,0.0,0.0,0.0,37433.33333333333,23897.222222222223,0.0,13269.444444444443,13962.731793842624,15517.963459334243,14606.301244408178,173600.0,13355.594741865723,14737.240848353831,16156.335081524989,14105.701092272746,14685.22065036932,14651.249370140617,13876.478140834244,13973.225786019584,13972.280864971495,65794.44444444445,0.0,91611.11111111112,91611.11111111112,0.0,0.0,71972.22222222223,71972.22222222223,0.0,337183.3333333333,50.79797,39.87635275688019,50.078732957521865,35.594391745634695,34.81389739255115,35.68818454482179,45.80656850440346,40.8825044878549,33.95137391150742,40.96428897388293,35.130985961495185,33.57366424887452,42.595623622481575,33.300746287100296,38.38504546075342,34.57035534151691,33.410085906485506,34.60679957874443,41.80959214818931,34.569439888020554,33.35009847429125,35.21189542707817,34.00384996562917,31.77310631871769,33.85238927193741,31.928793589864053,31.24103916361032,31.857772550553147,32.37567813056303,32.28532185986585,31.91247144507458,30.53755536909898,32.33196346529069,31.536804735845525,31.02119988316913,30.4475475872682,30.42067892801924,Metadata_MT_Commercial_MT_baseline_metadata_and_annual_results.csv,MT
184641,0,17500.0,Cold,MT,Montana,strip_mall_restaurant0,RetailStripmall,Mercantile,10001_25000,Electricity,Multizone CAV/VAV,Central Multi-zone VAV RTU_Furnace_DX,DX,Furnace,night_fancycle_novent,PVAV with gas heat with electric reheat,Central Multi-zone VAV RTU,gen2_t8_halogen,1,1,1948,0.0,0.0,0.0,0.0,0.0,0.0,22811.11111111112,24877.777777777777,14058.333333333334,0.0,0.0,117050.0,27752.777777777777,129888.8888888889,0.0,0.0,23662.549903918207,23020.557667221983,41631.24599162694,336438.8888888889,40660.86808113707,38292.9420863236,25004.525636746934,19067.831134649765,29963.370661110803,19650.846775398142,33293.42980730079,22734.914081615923,19456.158716254165,0.0,60194.44444444444,0.0,69244.44444444444,9049.999999999998,0.0,0.0,0.0,0.0,405683.3333333333,148.2066,110.88363225820412,85.38122207306286,142.66843677764058,144.65519454085046,140.4905098176346,74.24428683449301,51.68979558159451,109.8676603765094,51.65301520706635,110.93540103954734,87.74439312492976,60.26517503496023,65.96740426727855,57.76506112849318,106.6738470191098,113.35665326972968,101.19378247450057,64.36221777076084,41.68402810316033,87.12780632204382,40.44530068154566,97.62483948681212,62.91490078754907,40.27115981759645,34.15358756156204,31.58274725405908,85.89913801461186,67.15443631064943,76.77796728401236,31.58686561329865,28.64395471731954,62.25389358183389,31.262128619642457,56.21204392238721,37.3337986940769,31.35887324521891,Metadata_MT_Commercial_MT_baseline_metadata_and_annual_results.csv,MT
184646,0,17500.0,Cold,MT,Montana,,Warehouse,Warehouse and Storage,10001_25000,NaturalGas,Small Packaged Unit,Central Single-zone RTU_Furnace_DX,DX,Furnace,night_fanon_vent,PSZ-AC with gas coil,Central Single-zone RTU,gen1_t12_incandescent,1,1,1982,0.0,0.0,0.0,0.0,0.0,0.0,3352.777777777778,22427.777777777777,25588.888888888887,0.0,0.0,0.0,51061.11111111111,47063.88888888889,0.0,0.0,11939.536257256434,12991.431751485336,13015.357465540528,149494.4444444444,11545.75794339631,13176.433521930168,13579.847307399645,11468.844326955064,12237.245418462338,12230.803552124284,12392.383861061266,12821.19845498664,12095.67429055697,0.0,164091.66666666663,0.0,164091.66666666663,0.0,0.0,0.0,0.0,0.0,313586.11111111107,35.09707,28.189503199293554,34.41125189838448,32.093290860484025,32.006498907620966,32.093290860484025,34.79958595473536,30.56186756340959,32.006498907620966,28.84364988179869,32.093290860484025,32.2117296343729,31.624462455452854,26.772638664369943,28.260522300339343,32.01976461373271,31.96281283580093,32.01976461373271,30.911981788633987,27.43778750134201,29.264289962399573,27.15847383337422,31.89372181232245,30.670814277017183,30.05145024744185,12.453869701665948,12.43021113511964,12.641613229174844,12.641613229174844,12.641613229174844,12.90668433099524,12.43021113511964,12.641613229174844,12.43021113511964,12.641613229174844,12.430218660360593,12.43021113511964,Metadata_MT_Commercial_MT_baseline_metadata_and_annual_results.csv,MT
184649,0,17500.0,Cold,MT,Montana,,Warehouse,Warehouse and Storage,10001_25000,NaturalGas,Small Packaged Unit,Central Single-zone RTU_Furnace_DX,DX,Furnace,night_fancycle_vent,PSZ-AC with gas coil,Central Single-zone RTU,gen2_t8_halogen,1,1,1975,0.0,0.0,0.0,0.0,0.0,0.0,3219.4444444444443,18355.555555555555,6377.777777777778,0.0,0.0,0.0,47083.333333333336,20700.0,0.0,0.0,7451.913582675581,8556.445337284527,8564.083694327886,95738.88888888888,7832.919870879521,8817.905667717278,8617.220424805011,7160.855339606492,7914.090658091464,7400.370581299564,8059.2490336059,8032.462412086288,7331.396333266222,0.0,308016.6666666666,0.0,308016.6666666666,0.0,0.0,0.0,0.0,0.0,403755.5555555555,29.809490000000004,19.381317095478032,29.619170533440293,23.154962882839065,20.659047379106887,23.1669901175597,27.2961544709794,24.88261456685879,20.25199679029436,21.130167310440463,21.65457664639772,20.65451813145427,21.46537836453009,18.57506362765672,20.0195665283458,20.937202901669423,19.460846764956194,21.124633171147824,21.383228813934632,20.26776981944174,18.889239015890684,18.75226717411286,19.106685107915155,18.87078430355818,18.625415893217983,7.944380492417827,7.912184751101065,8.669665041146065,9.097125405847748,8.81113608780062,7.97216584261694,7.912184751101065,8.668461679970108,7.912184751101065,8.539331590061144,8.21845308214778,7.912184751101065,Metadata_MT_Commercial_MT_baseline_metadata_and_annual_results.csv,MT
184652,0,17500.0,Cold,MT,Montana,,Warehouse,Warehouse and Storage,10001_25000,NaturalGas,Small Packaged Unit,Central Single-zone RTU_Furnace_DX,DX,Furnace,night_fancycle_vent,PSZ-AC with gas coil,Central Single-zone RTU,gen2_t8_halogen,1,1,1996,0.0,0.0,0.0,0.0,0.0,0.0,2344.444444444444,22427.777777777777,3877.7777777777774,0.0,0.0,0.0,49358.333333333336,22063.888888888887,0.0,0.0,7876.699105747269,8669.71430157447,8966.46705707312,100072.22222222222,8035.372049518342,9091.392873221312,9156.390602895024,7269.393610245818,8213.417342095314,7875.52293982752,8432.191336167163,8543.065654409007,7943.486321382783,0.0,127769.44444444444,0.0,127769.44444444444,0.0,0.0,0.0,0.0,0.0,227844.44444444444,26.77443,22.095491372403377,26.69572890156607,24.255149435397875,23.87092979200319,24.20391281873533,25.880025046177643,20.92706903356721,23.134933064404724,19.02273346536399,23.374138494225942,23.19903420156764,22.97298287863551,19.0476725961524,20.11800302807192,23.04792579465522,23.271913002340984,23.14586470849424,22.38945107204874,18.700864574394984,21.995295156213707,18.59683875719028,22.905308031887223,22.72398138936689,21.589805546433155,8.871690828879759,8.845367969999506,9.21196410093956,9.575451692982268,9.274431449197747,9.101039203834503,8.845367969999506,9.255971245991375,8.845367969999506,9.131115293848858,8.845367969999506,8.845367969999506,Metadata_MT_Commercial_MT_baseline_metadata_and_annual_results.csv,MT
184653,0,17500.0,Cold,MT,Montana,,SmallOffice,Office,10001_25000,NaturalGas,Small Packaged Unit,Central Single-zone RTU_Furnace_DX,DX,Furnace,night_fancycle_vent,PSZ-AC with gas coil,Central Single-zone RTU,gen1_t12_incandescent,1,1,2010,0.0,0.0,0.0,0.0,0.0,0.0,12422.222222222224,17461.111111111113,36588.88888888889,0.0,0.0,0.0,113438.8888888889,66980.55555555555,2.7777777777777777,0.0,19543.50217433446,23957.35479381732,21102.97855216873,252583.3333333333,19182.7714315074,21211.50532491784,25917.64055336554,19878.850563874672,19902.311549269045,21152.82464405806,19969.600709239425,20410.08990896796,20354.065849451723,5688.888888888889,176724.99999999997,0.0,176724.99999999997,0.0,0.0,0.0,0.0,0.0,429311.1111111111,71.1693,50.51551306687071,68.73595215174247,45.55768669773493,45.639882946195314,45.57109577828429,69.016071553949,62.141856443440446,46.56831533392074,60.31852874114307,45.62883756019897,45.44159184501486,61.68589379989729,45.33883355798911,53.273228150277056,45.33237002283756,45.42621991218563,45.36002905485543,64.24759590725726,46.67661174278458,45.39200128244827,46.17785489674021,45.26582001175757,45.21978682717603,46.04861705352089,24.46163287716889,24.4378070532513,17.725805419345285,17.129347111946498,17.4638173391785,24.609361776956376,23.529774128632493,17.85327189191265,23.52978809875802,18.380261791414853,24.44470085385377,24.4378070532513,Metadata_MT_Commercial_MT_baseline_metadata_and_annual_results.csv,MT
184654,0,17500.0,Cold,MT,Montana,,SmallOffice,Office,10001_25000,NaturalGas,Small Packaged Unit,Central Single-zone RTU_Furnace_DX,DX,Furnace,night_fanon_vent,PSZ-AC with gas coil,Central Single-zone RTU,gen4_led,2,2,1963,0.0,0.0,0.0,0.0,0.0,0.0,30938.88888888889,13066.666666666666,118875.0,0.0,0.0,0.0,122355.55555555556,20750.0,2.7777777777777777,0.0,23296.833141774987,29845.21733635337,23684.143461432224,305988.8888888889,21258.06241528793,23801.9025607187,32629.00072220309,27084.28017276548,23333.68050216243,26906.29288534518,22840.913091298004,24298.060725109524,27010.795310189933,0.0,138161.1111111111,0.0,145541.6666666667,7380.555555555555,0.0,0.0,0.0,0.0,451530.5555555555,73.19733000000001,49.02694327797908,67.17628157281051,38.076871472801145,37.42982586200083,37.46225004320556,72.46912436486726,62.50489984845924,39.14169072556965,57.16544525047685,39.2180661192681,48.85672333728197,58.97705179735511,37.42982586200083,55.17284233315098,37.42982586200083,37.42982586200083,37.42982586200083,58.247521648816814,50.49973737661528,37.42982586200083,47.87590347223242,37.42982586200083,37.6882049244711,46.90360457830673,27.96557785181893,32.55530902442361,27.928571890764083,27.92857189076408,27.928571890764083,37.82573154452884,29.6323794826482,27.829644360428208,27.96557785181893,27.928571890764083,27.96557785181893,28.286735160916304,Metadata_MT_Commercial_MT_baseline_metadata_and_annual_results.csv,MT
184655,0,17500.0,Cold,MT,Montana,strip_mall_restaurant10,RetailStripmall,Mercantile,10001_25000,NaturalGas,Small Packaged Unit,Central Single-zone RTU_Furnace_DX,DX,Furnace,night_fanon_vent,PSZ-AC with gas coil,Central Single-zone RTU,gen1_t12_incandescent,1,1,1966,0.0,0.0,0.0,0.0,0.0,0.0,17547.222222222223,33947.222222222226,113152.77777777778,0.0,0.0,0.0,37255.55555555556,187480.5555555556,0.0,0.0,31792.272015042847,37556.88793049318,33735.92895746301,404330.5555555556,30174.31431637242,33798.204210885815,38518.88706044385,33234.83187491573,32955.63735607592,33895.295338807715,32529.10637023157,33383.840684102004,32756.331011213428,14950.0,335802.7777777777,89166.66666666666,477772.2222222222,52802.777777777774,0.0,0.0,0.0,0.0,882102.7777777778,95.82404,64.64557673543591,91.38243027983356,57.13679071296736,56.00467148367881,57.11308295232291,89.00315679323315,80.45852360404322,55.94709128056677,69.68322280736763,56.712783420789656,59.65229259097192,77.63733674279388,51.370804585725566,69.18940195250862,55.38223329999869,53.94846456431238,54.939170899044406,72.97705581230662,62.06730172975642,52.28468986671509,57.852394293318,55.474316099711714,53.53583658011108,53.36084064038421,47.98384915716437,51.300306212281846,50.69811322107527,49.58190168173503,51.71667700875419,52.81790957116965,48.67515983263139,49.57671935724585,50.22425983335104,50.2953172297396,49.903202879216266,49.67944718311338,Metadata_MT_Commercial_MT_baseline_metadata_and_annual_results.csv,MT
184656,0,3000.0,Cold,MT,Montana,,FullServiceRestaurant,Food Service,1001_5000,NaturalGas,Small Packaged Unit,Central Single-zone RTU_Boiler _DX,DX,Boiler ,night_fancycle_vent,PSZ-AC with gas boiler,Central Single-zone RTU,gen4_led,1,1,1974,0.0,0.0,0.0,0.0,0.0,0.0,13772.222222222224,6830.555555555557,43186.11111111111,0.0,0.0,5.555555555555555,123277.77777777778,6019.444444444444,694.4444444444445,13311.111111111111,17270.988939359853,19981.157776579978,17569.275365625235,217961.1111111111,15973.653201751897,17821.394403602157,20892.763839398784,18255.729599990565,17408.80662386581,19567.56284022362,17098.38521509432,18051.3767917666,18070.74137988351,10869.444444444443,58711.11111111111,137758.3333333333,292277.7777777777,95805.55555555556,0.0,0.0,0.0,0.0,510238.8888888888,61.05478,49.723659533592645,60.65745313631024,44.64404277486992,44.44583852400775,44.53351726935271,59.33609806468825,56.126343975308366,44.173530902635136,50.7736967845677,44.87641086493099,46.97250733257619,56.1395666951193,42.9788926005992,51.02874593874338,43.56823211087569,42.269728418442696,43.62041386693889,53.937233630269525,47.92750580948192,42.9144469423921,49.38189118920838,44.15688880192873,43.49095510016479,46.673070534845735,37.18201058925354,40.516190827687744,37.13417005102452,37.13465234452104,37.13953476967888,41.88818760140354,38.64104397192301,37.122363357251146,40.00427793581476,37.11287406367903,37.31799890969485,37.74410515866051,Metadata_MT_Commercial_MT_baseline_metadata_and_annual_results.csv,MT
184657,0,7500.0,Cold,MT,Montana,,SmallOffice,Office,5001_10000,NaturalGas,Residential Style Central Systems,Residential forced air_Furnace_DX,DX,Furnace,default_nochange,Residential AC with residential forced air furnace,Residential forced air,gen1_t12_incandescent,1,1,1987,0.0,0.0,0.0,0.0,0.0,0.0,2441.6666666666665,8863.888888888889,6652.777777777778,0.0,0.0,0.0,32541.666666666668,11230.555555555557,0.0,0.0,4817.204965127568,5637.789229918874,5286.108699726821,61730.55555555556,4706.194126597695,5320.669047432466,5946.946967829141,4788.751225424576,4974.040932549405,5011.030795110747,5016.985378886469,5146.021729289342,5079.197063782568,0.0,42452.777777777774,0.0,45316.66666666666,2863.8888888888887,0.0,0.0,0.0,0.0,107047.22222222222,19.79605,14.635504507661162,19.269584569220864,14.373684913162307,14.373684913162307,14.373684913162307,19.720233781369608,17.041716092188217,14.373684913162307,16.201574357247477,14.373684913162307,14.646897026783916,18.15826129717876,14.373684913162307,16.376815104401626,14.373684913162307,14.373684913162307,14.373684913162307,18.18874575450977,15.11254195106639,14.373684913162307,14.777086533093206,14.373684913162307,14.373684913162307,14.997684510449828,6.098814705889349,6.071484359840335,5.725691179471593,5.64118253090431,5.689115176528721,6.071484359840335,6.071484359840335,5.737127202396798,6.071484359840335,5.6916914568745725,6.071484359840335,6.071484359840335,Metadata_MT_Commercial_MT_baseline_metadata_and_annual_results.csv,MT
184658,0,7500.0,Cold,MT,Montana,,SmallOffice,Office,5001_10000,NaturalGas,Small Packaged Unit,Central Single-zone RTU_Furnace_DX,DX,Furnace,night_fanon_vent,PSZ-AC with gas coil,Central Single-zone RTU,gen1_t12_incandescent,1,1,1889,0.0,0.0,0.0,0.0,0.0,0.0,3880.555555555556,5958.333333333333,28394.444444444445,0.0,0.0,0.0,32433.33333333333,14791.666666666666,0.0,0.0,6958.634242980868,8530.112740792056,7315.736115257165,88463.88888888889,6568.610982609966,7392.806012493391,8617.278016037371,7183.80559639623,7110.1370006761335,7265.132223240592,7021.164566747858,7307.953065176438,7192.548509995188,3002.777777777778,84641.66666666666,0.0,84641.66666666666,0.0,0.0,0.0,0.0,0.0,173105.55555555556,25.48014,16.137690262004668,24.428113703950096,16.137690262004668,16.137690262004668,16.137690262004668,24.652722219867545,21.07078865384499,16.137690262004668,18.166320187505928,16.093837409383724,15.971069128481425,20.690837861179684,15.760426385852428,18.60410659088516,15.763092791734318,16.013972802314306,15.857136224813276,19.88535240151641,16.11910993573005,15.763092791734318,15.820124889728314,15.65227332830679,15.628468569675466,15.621671923344174,8.153930451688106,8.623728361585115,8.151595771779023,8.228270631809114,8.151580226307328,8.078729408522708,8.079020768190041,8.193266592367861,8.105892177044442,8.023634738639268,8.165190695234593,8.249916838677354,Metadata_MT_Commercial_MT_baseline_metadata_and_annual_results.csv,MT
184659,0,3000.0,Cold,MT,Montana,,FullServiceRestaurant,Food Service,1001_5000,Propane,Small Packaged Unit,Central Single-zone RTU_Furnace_DX,DX,Furnace,night_fanon_vent,PSZ-AC with gas coil,Central Single-zone RTU,gen4_led,1,1,1983,0.0,0.0,0.0,0.0,0.0,0.0,17052.777777777777,6608.333333333333,50366.66666666666,0.0,0.0,0.0,53130.55555555556,5861.111111111111,0.0,13286.111111111111,11364.555952863864,14236.307006759684,11567.552489691492,146302.77777777778,10370.079760721048,11586.009870895034,14997.281583568236,12403.889865395182,11616.853732307614,12659.595687424087,11299.491143502846,11894.370407078346,12307.28474110465,0.0,0.0,301750.0,301750.0,0.0,0.0,160672.22222222222,239772.22222222225,79100.0,687825.0,44.50234,26.288667053811256,43.49095369635653,24.40035122321365,24.021678325875985,24.619535929350164,37.83063906405904,31.926575239289885,23.347693102606936,31.099188385026512,24.447828284678494,25.642606525902085,32.06771981266069,20.82068564061552,30.320947615042385,20.766168917979485,20.22616094824217,20.72939384791167,32.99957710280353,25.058433597574314,20.61243129834485,24.651040104084057,20.98341462133903,21.09529010876846,23.537592828070103,20.097750084965607,21.426078199255578,20.153624990513524,19.55880074364896,20.09832640196676,21.42759739924909,20.770676501824106,20.10621842381995,20.85751438616082,20.47191922255594,20.484826508376656,21.097048419651315,Metadata_MT_Commercial_MT_baseline_metadata_and_annual_results.csv,MT
184664,0,7500.0,Cold,MT,Montana,,SmallOffice,Office,5001_10000,NaturalGas,Small Packaged Unit,Central Single-zone RTU_Furnace_DX,DX,Furnace,night_fancycle_vent,PSZ-AC with gas coil,Central Single-zone RTU,gen1_t12_incandescent,1,1,1983,0.0,0.0,0.0,0.0,0.0,0.0,2883.333333333333,7311.111111111111,6233.333333333333,0.0,0.0,0.0,48333.333333333336,11191.666666666666,0.0,0.0,5907.248671992037,7081.2887735963,6419.279514056326,75955.55555555555,5769.839264660114,6439.666841609444,7536.4506725836945,5930.533738698361,6092.38996187907,6251.942920929703,6086.999900473348,6238.310012126645,6201.443447513679,0.0,40555.55555555555,0.0,43188.88888888888,2633.333333333333,0.0,0.0,0.0,0.0,119144.44444444444,22.66737,16.264773033343467,22.559527553441573,16.215789925072706,16.215789925072706,16.215789925072706,22.126367526162703,19.898244294132983,16.215789925072706,19.643266806829374,16.215789925072706,16.215789925072706,21.012110431403567,16.215789925072706,18.38076813590265,16.215789925072706,16.215789925072706,16.215789925072706,20.99615959328495,16.529392061511878,16.215789925072706,16.215789925072706,16.215789925072706,16.215789925072706,16.697288730619675,7.181603827294371,7.1816038272943725,7.107400385588071,7.095851193172855,7.130578879671599,8.229887331636752,7.1816038272943725,7.225715237883801,7.181603827294371,7.136581995451823,7.450747162941218,7.450747162941218,Metadata_MT_Commercial_MT_baseline_metadata_and_annual_results.csv,MT
184669,0,1000.0,Cold,MT,Montana,,Warehouse,Warehouse and Storage,_1000,NaturalGas,Small Packaged Unit,Central Single-zone RTU_Furnace_DX,DX,Furnace,night_fancycle_vent,PSZ-AC with gas coil,Central Single-zone RTU,gen3_t5_cfl,1,1,1980,0.0,0.0,0.0,0.0,0.0,0.0,494.44444444444446,5666.666666666667,772.2222222222223,0.0,0.0,0.0,3144.4444444444443,1447.2222222222222,0.0,0.0,856.607076060099,1001.1643868401673,1098.6595570467273,11525.0,959.8682486689172,1099.6329185941822,1045.496955501946,782.0250147972976,943.6659582251042,825.3262024758264,1016.5309637038164,982.8980845846908,913.7997207706496,0.0,23947.22222222222,0.0,23947.22222222222,0.0,0.0,0.0,0.0,0.0,35472.22222222222,3.82765,2.4974063605977297,3.45793037714974,2.5624695841471348,2.5377126546970663,2.533918371851638,3.1739651241176228,2.576982990206057,2.4727662536383326,2.3387602816511457,2.479823326491683,2.44857639576328,3.010655176108614,2.3831613463640604,2.4522344652308785,2.452974720575692,2.4658110882815354,2.458927855765499,2.546249737189852,2.170078779042199,2.3911785329596955,2.169880473140975,2.429009994425738,2.4025529492028586,2.4262052752546825,1.5181387644549706,1.5109075774282363,1.5827703631444057,1.6455793710482525,1.5953956664250046,1.5119745126731934,1.5109075774282363,1.5991478210767447,1.5109075774282363,1.571662879178462,1.5109075774282363,1.5109075774282363,Metadata_MT_Commercial_MT_baseline_metadata_and_annual_results.csv,MT
184671,0,7500.0,Cold,MT,Montana,,SmallOffice,Office,5001_10000,NaturalGas,Small Packaged Unit,Central Single-zone RTU_Furnace_DX,DX,Furnace,night_fanon_vent,PSZ-AC with gas coil,Central Single-zone RTU,gen2_t8_halogen,1,1,1987,0.0,0.0,0.0,0.0,0.0,0.0,5869.444444444444,9577.777777777776,27461.11111111112,0.0,0.0,0.0,22591.666666666668,28358.33333333333,0.0,0.0,7223.077119561347,8924.719680216176,7691.134540572699,93861.11111111112,6859.93571533122,7779.576523310318,9664.111655037512,7691.743066224858,7363.071516133644,7854.457256657148,7366.391157527621,7690.363921515244,7752.364846662807,0.0,101319.44444444442,0.0,107536.1111111111,6213.888888888888,0.0,0.0,0.0,0.0,201397.2222222222,23.1789,14.904981312071412,22.4039991751802,15.738461686369035,14.904981312071412,15.738461686369035,22.922064160402115,19.49210621323128,14.904981312071412,18.07280286520279,15.1892148358364,15.1892148358364,19.170693718160617,14.904981312071412,16.98656233861319,15.189214835836395,14.904981312071412,15.1892148358364,19.590201439083817,15.559763148376115,14.904981312071412,15.204114160630525,14.904981312071412,14.904981312071412,14.904981312071412,10.07659687397034,10.07659687397034,10.199109033220829,10.199109033220829,10.199109033220829,9.95309025109011,9.95309025109011,10.07659687397034,9.95309025109011,10.07659687397034,10.07659687397034,10.07659687397034,Metadata_MT_Commercial_MT_baseline_metadata_and_annual_results.csv,MT
184673,0,3000.0,Cold,MT,Montana,strip_mall_restaurant40,RetailStripmall,Mercantile,1001_5000,Electricity,Multizone CAV/VAV,Central Multi-zone VAV RTU_Electric Resistance_DX,DX,Electric Resistance,night_fancycle_vent,PVAV with PFP boxes,Central Multi-zone VAV RTU,gen2_t8_halogen,1,1,1971,0.0,0.0,0.0,0.0,0.0,0.0,9463.888888888889,6608.333333333333,23347.222222222223,0.0,0.0,80644.44444444445,21655.555555555555,22583.33333333333,0.0,0.0,15060.901856166352,12448.22424758154,25232.742362456207,202311.1111111111,23983.869941976696,23459.41681430544,12882.352046448515,11514.521858478163,19038.370221895377,12071.218849200694,20687.323051708623,14274.701554587884,11658.363162972648,38008.333333333336,0.0,50738.88888888888,50738.88888888888,0.0,0.0,0.0,0.0,0.0,253052.7777777778,80.31174,46.42530799094154,36.00018602569546,61.73660761450627,74.13980205556935,58.47102236083115,35.425522026100175,28.9497487095968,48.59128745616338,30.289987590583745,52.77041509327372,43.508099554888354,31.800284323043734,32.619488172321354,29.15604484232939,46.08563811756717,49.15526024088895,43.356993940095066,31.42074905476008,25.1921970997057,38.72483691487732,25.63334019100728,40.76355452910555,31.016278963197777,25.286927606880383,22.8258401295113,23.162265897197766,37.16864419905431,29.72396470686679,36.714488011798885,21.27787337278596,21.58984798165065,30.316140361531065,21.932167482559294,27.701857216278245,22.411690821794465,22.864417977912403,Metadata_MT_Commercial_MT_baseline_metadata_and_annual_results.csv,MT
184675,0,37500.0,Cold,MT,Montana,strip_mall_restaurant10,RetailStripmall,Mercantile,25001_50000,NaturalGas,Residential Style Central Systems,Residential forced air_Furnace_DX,DX,Furnace,default_nochange,Residential AC with residential forced air furnace,Residential forced air,gen4_led,3,3,1932,0.0,0.0,0.0,0.0,0.0,0.0,61605.55555555556,31686.11111111112,95286.11111111112,0.0,0.0,0.0,116205.55555555556,145375.0,0.0,0.0,36451.78043309902,46827.94882872773,36537.36459617098,472113.8888888889,32645.67106572944,36622.58013674286,49098.120032142346,40759.48819696679,36576.2500354416,41993.73683426812,35621.33711043119,38215.76980386411,40764.60083469035,21955.555555555555,49105.55555555555,56477.77777777777,214419.4444444444,108838.88888888888,0.0,0.0,0.0,0.0,686536.1111111111,130.78332,98.36223656931791,119.20734031715595,86.87746595384282,85.71971283930833,84.66290067099327,112.78255277557548,101.86464496626802,86.17656776580999,104.56658023694108,86.65333848496539,91.0211636540228,107.99858762217067,83.2055715836364,104.96643895628114,81.62416045587823,78.72638356157658,79.87144967136624,108.23268827857964,95.09776434387744,81.07478647987499,93.144108805068,80.45270820730798,84.18910231903868,92.2891434572854,75.31485493177733,84.04378047856984,76.90926980023566,74.65015922238736,76.1822745131862,91.06247224316736,80.15153370955775,75.19453816208664,85.47551018150953,76.5980321873186,75.74437608259042,76.27717154168069,Metadata_MT_Commercial_MT_baseline_metadata_and_annual_results.csv,MT
184680,0,3000.0,Cold,MT,Montana,,FullServiceRestaurant,Food Service,1001_5000,Electricity,Small Packaged Unit,Central Single-zone RTU_Electric Resistance_DX,DX,Electric Resistance,night_fancycle_vent,PSZ-AC with electric coil,Central Single-zone RTU,gen2_t8_halogen,1,1,1909,0.0,0.0,0.0,0.0,0.0,0.0,7916.666666666667,6605.555555555556,36388.88888888889,0.0,0.0,101333.33333333331,97891.66666666669,12397.222222222224,0.0,13055.555555555557,28113.82037349816,22764.99657133825,39536.14044222973,354025.0,39937.09813100356,38712.79683978864,23227.48982269395,22142.205914570408,33897.33592930545,23421.647261057835,32974.54349166292,26718.71592969338,22579.178369419307,78438.88888888889,0.0,0.0,0.0,0.0,0.0,0.0,0.0,0.0,354025.0,123.70483,91.38026991448228,60.09773252183671,110.10566571605467,116.05394636839164,109.73250449819064,58.82274659045419,56.98716658124871,89.08936687729702,56.46768028178504,85.68053447254522,71.97786970344761,65.33689318799766,60.96770910192704,52.8238548089328,83.01919661137141,88.13868213180908,81.76953797079969,54.93753150274422,51.87231774996604,70.51889637267477,52.13522117762111,73.53192050086291,59.81779119945224,51.552900565969246,49.5682324876108,48.01866577658369,62.46162473868701,66.64253318689644,67.67537471708194,48.52414553844876,48.74483095885803,58.55147239109642,49.89539863922772,57.93466647912712,49.51010541268847,48.08550213356726,Metadata_MT_Commercial_MT_baseline_metadata_and_annual_results.csv,MT
184681,0,37500.0,Cold,MT,Montana,,Warehouse,Warehouse and Storage,25001_50000,NaturalGas,Small Packaged Unit,Central Single-zone RTU_Furnace_DX,DX,Furnace,night_fancycle_vent,PSZ-AC with gas coil,Central Single-zone RTU,gen2_t8_halogen,1,1,1973,0.0,0.0,0.0,0.0,0.0,0.0,19947.222222222223,36155.55555555556,20713.888888888887,0.0,0.0,0.0,102111.11111111112,45088.88888888889,0.0,0.0,16578.495799003216,22077.392757558064,18270.72013389768,224016.66666666663,16581.954054156864,18538.79480838184,25049.40188750402,18615.289660204457,16779.641015489753,18297.21475227073,17193.711370239296,17688.94586887497,18346.14621052275,0.0,422905.5555555555,0.0,422905.5555555555,0.0,0.0,0.0,0.0,0.0,646922.2222222221,84.62827,51.41632664273875,82.9884339400675,50.97697719915582,46.531281269352405,50.7768130214598,79.88381620224803,68.53147000549706,45.12144285662937,62.312908035777575,46.58240567673027,50.921158332232245,69.81213105523099,42.1862842725974,56.71995320070687,46.96398733636437,43.45929715606378,47.35777963391457,64.71667667900515,49.397830658195176,42.053950829508125,48.559735628443455,42.55493509575072,42.87794095442816,43.80958673249398,16.336119460625625,20.4007603919806,17.56324500121687,18.642933466173226,17.720622282891828,30.323836190397707,16.22807700196239,17.342526564307793,16.583045816513454,17.34754718504309,16.565562005938922,16.279255422151234,Metadata_MT_Commercial_MT_baseline_metadata_and_annual_results.csv,MT
184682,0,7500.0,Cold,MT,Montana,,PrimarySchool,Education,5001_10000,NaturalGas,Multizone CAV/VAV,Central Multi-zone VAV RTU_Boiler _WCC,WCC,Boiler ,default_nochange,VAV chiller with gas boiler reheat,Central Multi-zone VAV RTU,gen2_t8_halogen,1,1,1984,0.0,0.0,0.0,0.0,0.0,0.0,9630.555555555557,14880.555555555557,10041.666666666666,0.0,736.1111111111111,0.0,5936.111111111111,9477.777777777776,4833.333333333333,16827.777777777777,5742.607668452831,7410.1384393070675,6025.731488396719,77758.33333333333,5568.960900501652,6213.944738829333,7818.469471568401,7468.316920467524,5616.716685528233,7523.299701510012,5623.3536049714285,6022.839958335804,6723.728637853224,5397.222222222222,232058.3333333333,0.0,241813.88888888885,9755.555555555557,0.0,0.0,0.0,0.0,319572.2222222222,25.004810000000003,14.481679036176718,17.946432544727475,12.33704136104245,12.107638936218764,12.175203706087052,23.19843504744057,22.14152027569622,11.721552646230212,15.758121721281078,11.73857897374816,13.904089944142148,17.52948320261211,9.92721494093127,14.081280674132977,11.151646885421078,11.212574321779238,11.043139306698423,13.519156907690256,13.314258217626431,10.26189702755872,14.695432709767962,10.663163573106123,10.546664590314755,13.786042491012456,7.925821041705544,10.427306038457324,8.050429411741096,8.481181999031714,7.835974518799527,10.960394672343442,10.7795276731107,7.804157391722627,7.8500949044715025,7.8837951796390255,7.547816132008962,7.452667977744645,Metadata_MT_Commercial_MT_baseline_metadata_and_annual_results.csv,MT
184683,0,75000.0,Cold,MT,Montana,strip_mall_restaurant40,RetailStripmall,Mercantile,50001_100000,Electricity,Multizone CAV/VAV,Central Multi-zone VAV RTU_Electric Resistance_DX,DX,Electric Resistance,night_fancycle_vent,PVAV with PFP boxes,Central Multi-zone VAV RTU,gen2_t8_halogen,2,2,1993,0.0,0.0,0.0,0.0,0.0,0.0,189419.44444444444,81627.77777777778,437302.7777777778,0.0,0.0,2003025.0,253341.66666666663,366675.0,0.0,0.0,302061.83127077244,223108.6305810669,484632.4734130271,3933925.0,486558.7617743724,466716.1143243942,232266.720546678,210599.96595293228,380209.6227454439,227522.5233926903,393408.727431717,299105.3575388444,227734.6060615264,602533.3333333334,0.0,468861.1111111111,468861.1111111111,0.0,0.0,0.0,0.0,0.0,4402786.111111111,1354.4101200000002,875.2415498007553,731.7916143278923,1120.5359385167922,1198.9396449756707,1106.7136598298189,658.152467455368,625.0976980653634,898.7938374162592,529.7925248318712,958.373477327032,701.9907898904646,622.3723445058259,526.8636736557572,539.9275020443818,818.8549448920115,876.5784152722565,753.6854960186608,578.7570504538339,484.3793179782792,644.2400870954391,463.5776229012005,705.7503443208134,511.7767474634001,482.3121371049895,392.04044383588337,379.02543611512806,564.0757086918034,557.1341098654324,585.8955294828046,420.7890891327032,383.52908952551456,449.0623766751954,387.741118565466,459.846199182367,403.3831039507668,386.21757699830687,Metadata_MT_Commercial_MT_baseline_metadata_and_annual_results.csv,MT
184687,0,1000.0,Cold,MT,Montana,strip_mall_restaurant10,RetailStripmall,Mercantile,_1000,Electricity,Multizone CAV/VAV,Central Multi-zone VAV RTU_Furnace_DX,DX,Furnace,night_fancycle_vent,PVAV with gas heat with electric reheat,Central Multi-zone VAV RTU,gen4_led,1,1,1899,0.0,0.0,0.0,0.0,0.0,0.0,2211.111111111111,4258.333333333333,4502.777777777778,0.0,0.0,21780.555555555555,1516.6666666666667,3288.888888888889,0.0,0.0,3822.5573929634456,2348.542586981033,5544.068535784458,45191.66666666666,5968.517712556191,5410.999166438827,2304.300880720178,2213.1317633971344,4463.734845153631,2582.884257853524,4679.144676793133,3398.242645559504,2456.5724323175814,7636.111111111111,5808.333333333333,0.0,5808.333333333333,0.0,0.0,0.0,0.0,0.0,51002.77777777778,19.07878,14.35647625513798,7.80091260753888,15.292899762228886,15.341131096057207,14.978176891686696,6.982843378355492,8.545410533846225,14.812420723524616,11.443510625188177,14.293457141588204,13.597248008529997,11.616046009465592,10.690984160415148,5.448582353467477,12.758093308588762,14.042650839700466,12.501060665126536,5.103252293996131,5.303506028032606,11.865621742344182,6.4804899320300935,10.94659548177407,9.835625241309089,5.533065330283607,5.436435316392245,4.285235327113329,9.50858107933992,10.098912655215967,9.964294097741858,3.826392642664245,3.837850654943079,8.731390413312138,4.465949648572616,8.58536479545556,5.404592466876627,3.9167451061908825,Metadata_MT_Commercial_MT_baseline_metadata_and_annual_results.csv,MT
184689,0,37500.0,Cold,MT,Montana,,Warehouse,Warehouse and Storage,25001_50000,NaturalGas,Small Packaged Unit,Central Single-zone RTU_Furnace_DX,DX,Furnace,night_fancycle_vent,PSZ-AC with gas coil,Central Single-zone RTU,gen2_t8_halogen,1,1,2004,0.0,0.0,0.0,0.0,0.0,0.0,9588.888888888889,24697.222222222223,13025.0,0.0,0.0,0.0,99677.77777777778,43627.777777777774,0.0,0.0,14534.631188605324,18062.43892341942,16134.92290346587,190616.66666666663,14470.136834106685,16306.505883287871,20029.42680858274,14762.922144232389,14863.422650239272,15296.90756922004,15164.092830162024,15495.806133468874,15496.571751092664,0.0,249500.0,0.0,249500.0,0.0,0.0,0.0,0.0,0.0,440119.4444444445,70.85988,47.28331710530319,70.82393047890112,47.04361667365863,45.15920050060655,47.32682645249913,68.37554745061992,57.33557521586975,44.6676479187209,55.09535635819571,45.614875200390415,45.82809333320412,64.12883738384312,40.35304338232928,51.281241020056086,45.88809287783703,42.80016645447871,46.05373583120662,60.47662316579193,41.403388899330665,40.946325639453285,42.08353969129283,42.20748277180576,43.01399173351085,41.04187742870639,13.596694995856849,13.596694995856849,14.966645600351818,15.10792788316079,14.719322628370955,20.80453940030478,13.596694995856849,14.400872444856024,13.596694995856849,14.481030054769093,13.8102536849299,13.596694995856849,Metadata_MT_Commercial_MT_baseline_metadata_and_annual_results.csv,MT
184690,0,7500.0,Cold,MT,Montana,,SmallOffice,Office,5001_10000,NaturalGas,Small Packaged Unit,Central Single-zone RTU_Furnace_DX,DX,Furnace,night_fanon_vent,PSZ-AC with gas coil,Central Single-zone RTU,gen1_t12_incandescent,2,2,1988,0.0,0.0,0.0,0.0,0.0,0.0,3602.7777777777783,5966.666666666667,26322.222222222223,0.0,0.0,0.0,22086.11111111112,16122.222222222224,0.0,0.0,6043.964824332581,7138.633997213276,6371.61280330449,76783.33333333333,5699.542726068502,6430.526040726907,7684.808641036739,6142.268431058906,6154.989768727401,6515.674644950214,6107.508403126235,6329.337792824547,6164.833375512754,2680.555555555556,57852.77777777777,0.0,57852.77777777777,0.0,0.0,0.0,0.0,0.0,134636.11111111112,22.97502,16.008664054131597,21.53821132828128,15.60589349103829,15.721269992348924,15.60589349103829,21.72249654988317,18.7117209140826,15.60589349103829,17.860344219834076,15.45402590207116,15.222119890704812,17.973425809740053,15.55619631256421,16.899709569613606,15.479686863256294,15.564033774883033,15.48925365134398,19.06837802548721,16.12959959231396,15.529572994028737,15.77970261187713,15.246436202542228,15.196966756111625,15.176936930475971,7.438903181215694,7.438903181215694,7.544442502667693,7.197669975324859,7.544442502667693,8.384051395100432,7.438903181215694,7.07068497704033,7.438903181215694,7.226788443219838,7.569170428482768,7.438903181215694,Metadata_MT_Commercial_MT_baseline_metadata_and_annual_results.csv,MT
184692,0,17500.0,Cold,MT,Montana,strip_mall_restaurant10,RetailStripmall,Mercantile,10001_25000,Electricity,Multizone CAV/VAV,Central Multi-zone VAV RTU_Electric Resistance_DX,DX,Electric Resistance,night_fancycle_vent,PVAV with PFP boxes,Central Multi-zone VAV RTU,gen2_t8_halogen,2,2,1956,0.0,0.0,0.0,0.0,0.0,0.0,42397.22222222223,15688.888888888889,50211.11111111111,0.0,0.0,292227.7777777778,32291.666666666668,120052.77777777778,0.0,0.0,43363.77434862306,35370.89783784749,72435.16123956212,606913.8888888889,92364.72169763656,77494.9554934728,41397.82724046524,30849.58568668061,56861.48200917829,30421.696059769256,57104.27070988495,37703.81621267628,31545.13898447552,54047.22222222223,0.0,83344.44444444444,83344.44444444444,0.0,0.0,0.0,0.0,0.0,690258.3333333334,393.60533,226.6134058794518,141.09235281233254,259.5184511906464,311.1696392913277,265.7808666917968,142.2230255313498,124.59241936066984,181.0991575598901,104.5144854607274,202.56728015987497,150.69556151789138,129.91179544548297,94.80838704765216,99.99994624738883,140.96985673243017,208.1562417061185,159.42820455173043,113.24954637535647,86.48352108046927,125.92835643170704,79.78927847696119,123.15615840018664,90.03879962851154,82.32468740083249,49.88267184129876,44.68191403938789,75.60384776433567,131.18585099598,92.18017007346134,81.73867274752754,40.98787393702226,68.9338729846821,43.18810660595647,81.26263915497447,46.03511737164097,47.43267699542896,Metadata_MT_Commercial_MT_baseline_metadata_and_annual_results.csv,MT
184693,0,3000.0,Cold,MT,Montana,,Warehouse,Warehouse and Storage,1001_5000,NaturalGas,Small Packaged Unit,Central Single-zone RTU_Furnace_DX,DX,Furnace,night_fancycle_vent,PSZ-AC with gas coil,Central Single-zone RTU,gen4_led,1,1,1994,0.0,0.0,0.0,0.0,0.0,0.0,841.6666666666666,6022.222222222222,1830.555555555556,0.0,0.0,0.0,11580.555555555557,4372.222222222222,0.0,0.0,1911.7096587170288,2169.3857534397744,2217.92592533036,24644.444444444445,2007.9070118939824,2256.9592485237463,2317.2928197266965,1763.2735608197424,2003.0196729448385,1892.795131435408,2072.918045256313,2078.298295793328,1954.200459175723,0.0,59477.777777777774,0.0,59477.777777777774,0.0,0.0,0.0,0.0,0.0,84122.22222222222,6.62798,4.615155916603382,6.249516242552175,4.8385783507573255,4.792972366331658,4.718525003657931,6.087094047254251,5.028527759434811,4.555642051023073,4.505162732325499,4.561869152269609,4.483916259707714,5.318956838469763,4.349463625652997,4.474729055541377,4.489186007080159,4.548586437022196,4.5040068627157135,5.1003546603886205,4.370529672795676,4.436235087959965,4.346200988334852,4.450330745456934,4.399336622010873,4.394454732389965,1.9920563707655417,1.9965664250507968,2.133694153984877,2.2954152634448,2.1733197228699925,1.9906008064336929,1.9886237989385884,2.166529552003816,1.9912168051648629,2.1430211922613105,2.001665310387597,1.987465587381487,Metadata_MT_Commercial_MT_baseline_metadata_and_annual_results.csv,MT
184694,0,1000.0,Cold,MT,Montana,,SecondarySchool,Education,_1000,NaturalGas,Multizone CAV/VAV,Central Multi-zone VAV RTU_Boiler _WCC,WCC,Boiler ,default_nochange,VAV chiller with gas boiler reheat,Central Multi-zone VAV RTU,gen1_t12_incandescent,1,1,1986,0.0,0.0,0.0,0.0,0.0,0.0,7233.333333333333,4527.777777777778,7697.222222222223,0.0,377.77777777777777,0.0,477.77777777777777,3227.777777777778,2105.555555555556,22700.0,3989.779272501927,4951.515992703918,3665.345371970977,50505.55555555556,3269.073154367853,3731.486988875595,5161.6337669846125,4663.020287616196,3748.7563065374447,4739.150833797935,3739.488752744024,4266.9834874729095,4579.718430002975,2155.555555555556,95033.33333333331,0.0,95033.33333333331,0.0,0.0,0.0,0.0,0.0,145538.8888888889,13.79871,8.256539669605706,11.195233394245374,7.000216139282421,7.236384315206959,7.241065211008328,11.074030526370326,9.432913482281668,7.705225391544845,8.7514699211893,8.699344348657062,8.777037088010696,10.005840049205036,6.842884988243213,8.565354366525886,6.401121833005649,6.207840293703102,6.411934117807206,9.204881911698196,7.925034294115698,6.293229736992103,8.084557094672629,6.442686211643654,7.223873679985896,8.100779429113285,5.723235307552598,6.734153964332592,4.863039008015302,4.825077269889905,4.957727712156737,7.762459282619798,5.939179051760552,4.839923486736707,6.149552736927261,4.862069682280247,5.132430825967616,5.938892358571494,Metadata_MT_Commercial_MT_baseline_metadata_and_annual_results.csv,MT
184697,0,17500.0,Cold,MT,Montana,,SmallOffice,Office,10001_25000,NaturalGas,Small Packaged Unit,Central Single-zone RTU_Furnace_DX,DX,Furnace,night_fancycle_vent,PSZ-AC with gas coil,Central Single-zone RTU,gen4_led,1,1,2004,0.0,0.0,0.0,0.0,0.0,0.0,7927.777777777778,17111.111111111113,22361.11111111112,0.0,0.0,0.0,119533.33333333331,21088.888888888887,2.7777777777777777,0.0,14619.60281572122,17740.663001155288,15667.086204330066,188022.22222222225,14078.977983876362,15804.18077620315,18974.84112120718,14798.365277813768,14954.184540496895,15682.821793218436,14945.207633751568,15428.110249153176,15329.460539480491,0.0,74305.55555555555,0.0,83638.88888888888,9333.333333333332,0.0,0.0,0.0,0.0,271663.8888888889,45.54169,30.079661892456453,44.40207016444224,31.952090557328475,31.952090557328475,31.952090557328475,44.58242691420155,40.088592295244325,31.952090557328475,39.43448874103361,31.952090557328475,31.952090557328475,40.13775418130287,30.079661892456453,34.40637172600638,31.952090557328475,30.079661892456453,31.952090557328475,42.43949903743176,30.29174881826997,30.079661892456453,30.079661892456453,30.079661892456453,30.9712725157954,30.079661892456453,17.365952612026206,19.947326695910885,15.684060264376583,15.677601171851078,15.691066970662066,20.303971930320788,17.365952612026206,15.63769208907261,17.365952612026206,15.496267562877566,17.365952612026206,17.365952612026206,Metadata_MT_Commercial_MT_baseline_metadata_and_annual_results.csv,MT
184698,0,3000.0,Cold,MT,Montana,,SmallOffice,Office,1001_5000,NaturalGas,Small Packaged Unit,Central Single-zone RTU_Furnace_DX,DX,Furnace,night_fancycle_vent,PSZ-AC with gas coil,Central Single-zone RTU,gen2_t8_halogen,2,2,1956,0.0,0.0,0.0,0.0,0.0,0.0,1355.5555555555554,2747.222222222222,6002.777777777778,0.0,0.0,0.0,10619.444444444443,4344.444444444444,0.0,0.0,1939.8996599267853,2296.314135924321,2168.341829517556,25069.444444444445,2057.804273750889,2163.955573629033,2545.6472611311474,1863.694471218459,2029.937040147548,2018.1510343054388,2036.41202033286,2031.605100890726,1918.999303836794,0.0,71427.77777777777,0.0,75266.66666666664,3838.8888888888887,0.0,0.0,0.0,0.0,100336.1111111111,9.22034,6.413963949831248,8.948083196510828,6.407888973311815,6.407888973311815,6.407888973311815,9.094340072372356,7.405861346909226,6.407888973311815,7.443170681859396,6.407888973311815,6.407888973311815,7.41220415338758,6.407888973311815,6.7798199673403685,6.407888973311815,6.407888973311815,6.407888973311815,8.15291127526064,6.439731373644488,6.407888973311815,6.407888973311815,6.407888973311815,6.407888973311815,6.407888973311815,2.710471523234786,2.6811208738246983,2.959032089812958,3.167072601845066,2.8752505071581425,2.6811208738246983,2.6811208738246983,2.891931781739032,2.6811208738246983,2.825021600001156,2.8087579001457854,2.6811208738246983,Metadata_MT_Commercial_MT_baseline_metadata_and_annual_results.csv,MT
184700,0,1000.0,Cold,MT,Montana,,SmallOffice,Office,_1000,NaturalGas,Small Packaged Unit,Central Single-zone RTU_Furnace_DX,DX,Furnace,night_fanon_vent,PSZ-AC with gas coil,Central Single-zone RTU,gen2_t8_halogen,2,2,1964,0.0,0.0,0.0,0.0,0.0,0.0,1083.3333333333333,2413.888888888889,6483.333333333333,0.0,0.0,0.0,5763.888888888889,1897.2222222222224,0.0,0.0,1461.3597617444318,1736.0484759308608,1559.2152396271606,18688.888888888887,1383.6191675970858,1569.96606421164,1857.858754476515,1487.125458104837,1485.970282352857,1590.4341114724054,1490.819489076148,1543.971143021687,1523.4135314491318,1050.0,22477.777777777777,0.0,22477.777777777777,0.0,0.0,0.0,0.0,0.0,41166.66666666667,4.288,2.9120429048632013,4.233285989714591,3.025482294418344,3.025482294418344,3.025482294418344,4.140494439920413,3.359291456635756,3.025482294418344,3.301176959723977,3.025482294418344,3.025482294418344,3.5295291268306945,2.773492683845707,3.0802042516373342,3.025482294418344,2.9120429048632013,3.025482294418344,3.6339237055736895,2.711039412666137,2.9120429048632013,2.680906757130563,2.9120429048632013,2.9120429048632013,2.9120429048632013,2.067823775559365,2.1171337071493883,1.9784637031360943,1.9784637031360943,1.9784637031360943,2.139045482935148,2.092478741354377,1.9784637031360943,2.084034980713781,1.9784637031360943,2.092478741354377,2.108578149413036,Metadata_MT_Commercial_MT_baseline_metadata_and_annual_results.csv,MT
184704,0,7500.0,Cold,MT,Montana,,LargeHotel,Lodging,5001_10000,NaturalGas,Zone-by-Zone,DOAS+Zone terminal equipment_Boiler _WCC,WCC,Boiler ,default_nochange,DOAS with fan coil chiller with boiler,DOAS+Zone terminal equipment,gen2_t8_halogen,13,13,1987,0.0,0.0,0.0,0.0,0.0,0.0,8672.222222222223,11769.444444444443,19236.11111111112,0.0,94.44444444444444,0.0,32441.666666666668,15688.888888888889,7977.777777777778,15886.111111111111,11124.29400453696,12422.655943311644,12216.212704955107,139716.66666666666,11076.007391512388,12063.83451877127,12882.65720311494,10749.425033224094,11823.045936588374,11137.522659034004,11569.844099896189,11563.776514109744,11087.646803940484,27950.0,216086.1111111111,9119.444444444443,245491.6666666666,20286.11111111111,0.0,0.0,0.0,0.0,385208.3333333333,35.16653,24.86390054132045,34.02072491048882,25.90887295550064,25.57477429944065,25.31691512288088,31.021142046355926,27.062912655253072,25.154860483864528,29.2580432668574,25.23559110763932,24.126977381810093,29.705111865441708,23.90356495125109,25.72905411577098,25.151845362533287,24.8545544562728,24.477323468728947,29.121854730736658,23.26989409341838,24.14245251672597,23.35649382409696,24.26475976484238,23.28129234553576,22.9866055556908,20.307082615320205,20.18166498011377,22.282276579450023,21.31695519151097,21.591782204200832,21.91349117131245,19.98961683020469,20.87358913811677,20.12217920223052,21.03899043304929,20.28963891059304,19.99452695048588,Metadata_MT_Commercial_MT_baseline_metadata_and_annual_results.csv,MT
184705,0,75000.0,Cold,MT,Montana,,Warehouse,Warehouse and Storage,50001_100000,NaturalGas,Small Packaged Unit,Central Single-zone RTU_Furnace_DX,DX,Furnace,night_fancycle_vent,PSZ-AC with gas coil,Central Single-zone RTU,gen2_t8_halogen,1,1,2014,0.0,0.0,0.0,0.0,0.0,0.0,9494.444444444443,33127.777777777774,19794.444444444445,0.0,0.0,0.0,196916.66666666663,85844.44444444445,0.0,0.0,27051.616441907587,30764.651867954417,30454.2655444006,345180.5555555556,27155.738255517103,30658.66080719736,33257.25651536798,25398.601044271378,27959.46559045787,27806.72373362604,28654.59632806479,29066.860232162973,26951.99797221873,0.0,524147.2222222221,0.0,524147.2222222221,0.0,0.0,0.0,0.0,0.0,869327.7777777779,104.31683,91.43747937349804,102.35548348549158,93.47544829252688,93.98208131778796,93.1098959448058,103.17163551952515,87.32880536900423,91.72441522888386,90.11024466692382,91.56789061555692,91.07713909346666,91.14393916730532,85.6356736129375,87.40690027730915,91.47434813546508,91.34626518082035,91.41646435945395,97.98856671153894,80.71090537956745,90.40114421644832,80.81778099579032,90.68555111918324,89.98618643324622,89.08270769926125,26.8310490525171,26.78049008579776,29.17996579627728,28.75202024161446,29.01744219192185,31.64126136521754,26.78049008579776,28.757030463333727,26.78049008579776,28.16901011178817,27.56119999969589,26.78049008579776,Metadata_MT_Commercial_MT_baseline_metadata_and_annual_results.csv,MT
184706,0,7500.0,Cold,MT,Montana,,Warehouse,Warehouse and Storage,5001_10000,NaturalGas,Small Packaged Unit,Central Single-zone RTU_Furnace_DX,DX,Furnace,night_fanon_vent,PSZ-AC with gas coil,Central Single-zone RTU,gen1_t12_incandescent,1,1,1955,0.0,0.0,0.0,0.0,0.0,0.0,4925.0,13836.111111111111,23402.777777777777,0.0,0.0,0.0,21397.222222222223,19569.444444444445,0.0,0.0,6419.59279542992,7622.343764279599,7016.079460683639,83130.55555555555,6207.800994419745,7067.369010576381,8256.590802617253,6651.693567439243,6587.080065101418,6889.71423964389,6686.237529858766,6892.214743853511,6834.162440481531,0.0,89833.33333333333,0.0,89833.33333333333,0.0,0.0,0.0,0.0,0.0,172963.88888888888,20.43256,14.971424970644089,20.35594959063213,16.177975327189507,16.177975327189507,16.177975327189507,19.83847483283365,17.74890004353062,16.145223712344134,16.719556789805004,16.153102019147184,16.127938362737485,18.34816101159358,14.15866281434379,15.852615989010744,16.13734540554108,16.11963685053161,16.10044077236115,18.224837104513675,15.027702438657704,14.22959879441411,14.575778461153082,16.06357646596439,15.904979387631297,15.695501871117038,7.703478931795272,7.9645219315397,7.841569360832963,7.841569360832963,7.841569360832963,9.563717642132383,7.703478931795272,7.816696052790642,7.734748163501986,7.841569360832963,7.712531735436685,7.703478931795272,Metadata_MT_Commercial_MT_baseline_metadata_and_annual_results.csv,MT
184708,0,7500.0,Cold,MT,Montana,strip_mall_restaurant10,RetailStripmall,Mercantile,5001_10000,NaturalGas,Small Packaged Unit,Central Single-zone RTU_Furnace_DX,DX,Furnace,night_fancycle_vent,PSZ-AC with gas coil,Central Single-zone RTU,gen4_led,1,1,2004,0.0,0.0,0.0,0.0,0.0,0.0,5783.333333333333,11619.444444444443,18386.11111111112,0.0,0.0,0.0,9883.333333333334,26272.222222222223,0.0,0.0,5969.240912621292,7555.519716814093,6528.090778114484,79013.88888888889,5876.392473169219,6531.897742890067,8127.871047705503,6652.839710772996,6277.837690506378,6455.554539779878,6243.6319341283815,6306.439775424728,6488.20497483256,7069.444444444444,104963.88888888888,0.0,128702.77777777777,23738.888888888887,0.0,0.0,0.0,0.0,207716.66666666663,30.535310000000003,18.81536791501733,29.545273175568514,16.678338621202567,16.385178389502748,16.432489208528395,27.266183498348088,25.885634352498474,16.86424153999608,22.13040715333962,16.697029599036828,18.082878527401554,22.973491973833813,14.132442157967835,19.332598947068348,14.190492661574504,14.21416688810385,14.228254248913435,22.98988334541078,19.17224683235545,14.19456355955312,17.23391102609705,14.201791856930708,14.168702597923788,16.067275140514223,13.495957474147934,14.02469876674111,13.731431903658956,13.776017571440162,13.702435363875027,18.124681088405264,13.494141137273807,13.499114270262591,13.825383474968165,13.757184851240462,13.696288038791804,13.483483957135036,Metadata_MT_Commercial_MT_baseline_metadata_and_annual_results.csv,MT
184710,0,1000.0,Cold,MT,Montana,,FullServiceRestaurant,Food Service,_1000,NaturalGas,Small Packaged Unit,Central Single-zone RTU_Furnace_DX,DX,Furnace,night_fancycle_vent,PSZ-AC with gas coil,Central Single-zone RTU,gen4_led,1,1,1972,0.0,0.0,0.0,0.0,0.0,0.0,5488.888888888889,3647.222222222222,13458.333333333334,0.0,0.0,0.0,62716.66666666666,1847.2222222222224,0.0,13469.444444444443,9966.66888583352,10903.232681809215,10203.332205337889,122627.77777777778,9235.17595218466,10334.3928126291,11070.902949258516,10097.215549579783,10218.938298713492,10509.178692389669,9890.82383143653,10233.81893921227,9963.629598304788,22000.0,37399.99999999999,143619.44444444444,181019.44444444444,0.0,0.0,0.0,0.0,0.0,303644.44444444444,33.36366,28.23524933556717,31.75832904172656,27.63394970929772,27.5418694049413,27.59215525684641,32.74715180238387,30.45639058550049,27.06951660200881,29.93470647925502,27.746281832226828,27.39562724188864,29.860962158185227,26.80853160343229,29.04634143709866,27.010400465720657,26.44245237622308,27.272177218260254,29.329585047356336,27.146465419686443,26.67472672967885,27.5261181174412,27.111602933176144,26.47671405674365,26.606263351258484,23.18485458064817,23.52519760114823,23.470891735758755,22.99151263160276,23.32755838627721,23.75902677221109,23.39142402405082,23.03911386258813,23.550484310557696,22.88939704257127,22.76717684002816,23.001322245894475,Metadata_MT_Commercial_MT_baseline_metadata_and_annual_results.csv,MT
184712,0,3000.0,Cold,MT,Montana,strip_mall_restaurant30,RetailStripmall,Mercantile,1001_5000,Electricity,Multizone CAV/VAV,Central Multi-zone VAV RTU_Furnace_DX,DX,Furnace,night_fancycle_novent,PVAV with gas heat with electric reheat,Central Multi-zone VAV RTU,gen2_t8_halogen,2,2,1938,0.0,0.0,0.0,0.0,0.0,0.0,25738.888888888887,5927.777777777778,49944.444444444445,0.0,0.0,77636.11111111111,48175.0,14866.666666666666,0.0,0.0,18756.70246396332,19721.223815312704,27322.26082524758,256788.8888888889,25641.81697685529,25964.70300889113,21011.87755905017,17320.054159181833,21469.090708792963,17944.974997739257,24052.347365709204,20095.055531427388,17487.44882578037,34494.444444444445,3800.0,47866.66666666666,51666.66666666666,0.0,0.0,0.0,0.0,0.0,308455.5555555555,113.169,58.35656804065916,74.95465096034114,73.71155897040336,88.4513090219147,73.0096166448892,67.3476947897305,54.697577883610805,56.84632396513129,56.30137803870961,62.95552691393048,55.094816692794446,55.98931779448103,44.747015880247794,49.68077291120942,59.92903024548649,62.62337639209062,58.61160981559325,56.01193408479317,44.15387278018141,47.47326565795991,42.147746223921416,55.40356603495252,44.66599740518275,42.337318320370265,37.25589434900259,39.75108819835541,46.51903547540624,50.94304511156469,43.871372552339686,38.10327002379012,35.577323951712906,36.49497133432753,36.28079960848147,45.30037511085713,36.80898734431043,35.783414317370315,Metadata_MT_Commercial_MT_baseline_metadata_and_annual_results.csv,MT
184714,0,3000.0,Cold,MT,Montana,,FullServiceRestaurant,Food Service,1001_5000,Propane,Small Packaged Unit,Central Single-zone RTU_Furnace_DX,DX,Furnace,night_fancycle_vent,PSZ-AC with gas coil,Central Single-zone RTU,gen2_t8_halogen,1,1,1954,0.0,0.0,0.0,0.0,0.0,0.0,6400.0,5583.333333333333,35477.777777777774,0.0,0.0,0.0,62697.22222222223,12750.0,0.0,12961.111111111111,17182.327514805005,18393.237427186803,17709.160047161877,210513.8888888889,16204.977348326003,17942.847150252575,19253.298614321026,17192.09997157424,17712.359397016284,17873.470725860712,16869.216136267685,17264.06961352167,16917.506494749952,74647.22222222222,0.0,48663.88888888888,48663.88888888888,0.0,0.0,134111.11111111112,134111.11111111112,0.0,393291.6666666667,51.80531,44.68345027608565,51.15253008364964,42.308982917356815,41.96403725470691,42.32710222743573,50.04147492235532,46.71999254681797,41.67379818620042,44.93233279334223,41.57983562754295,42.54084406204039,46.12115200867575,40.679178419961474,44.37098319179363,41.46379096376469,41.43803934774679,41.67628145097526,47.352988098532045,42.32659495950669,40.90829100879685,41.77885908054056,41.04722281869665,40.31553891187978,41.37541813807045,38.993931712718975,38.33501085293923,39.66218111451666,39.24100487391428,40.22878349411255,40.037347153645,37.99151735325136,39.18702810894868,38.59534674951814,38.08573791327177,37.50000708254864,37.13286655291029,Metadata_MT_Commercial_MT_baseline_metadata_and_annual_results.csv,MT
184716,0,7500.0,Cold,MT,Montana,strip_mall_restaurant20,RetailStripmall,Mercantile,5001_10000,NaturalGas,Small Packaged Unit,Central Single-zone RTU_Furnace_DX,DX,Furnace,night_fanon_vent,PSZ-AC with gas coil,Central Single-zone RTU,gen3_t5_cfl,1,1,1941,0.0,0.0,0.0,0.0,0.0,0.0,23583.33333333333,11250.0,84966.66666666667,0.0,0.0,0.0,30283.33333333333,39180.55555555556,0.0,0.0,15074.910814241644,20240.651282363626,15307.828116394166,199463.8888888889,13730.753737703191,15350.994367024112,21808.65294807257,18179.82436801852,15219.24237968446,16985.696391402704,14839.98321279334,15764.75061621495,16959.716745846712,10197.222222222224,142641.66666666666,105975.0,295177.7777777777,46561.1111111111,0.0,0.0,0.0,0.0,494638.8888888889,54.01801,33.550538619239965,52.99101808289423,23.95354525218173,24.231087587896685,23.99892955712929,49.57731460567335,43.01371843401841,24.51562807971606,38.91277446715962,24.09343121953712,29.775477058729184,40.08987515035958,23.42079174931471,36.24343307435538,23.516629136387824,23.482182134456124,23.752062750618315,38.820288441957565,32.35085000841149,23.45502512962788,29.81547359058631,23.640901610554515,23.941417063532047,30.67499530681094,21.97823390901961,23.58866977522496,22.990486207196337,22.631245999702475,23.17483967427583,30.699979440052296,22.413120330770823,22.013941994336925,22.45748316511948,23.14072674314864,22.431783200177744,22.884328920269688,Metadata_MT_Commercial_MT_baseline_metadata_and_annual_results.csv,MT
184717,0,1000.0,Cold,MT,Montana,strip_mall_restaurant0,RetailStripmall,Mercantile,_1000,NaturalGas,Small Packaged Unit,Central Single-zone RTU_Furnace_DX,DX,Furnace,night_fancycle_vent,PSZ-AC with gas coil,Central Single-zone RTU,gen2_t8_halogen,1,1,1986,0.0,0.0,0.0,0.0,0.0,0.0,1149.9999999999998,4230.555555555556,4341.666666666667,0.0,0.0,0.0,933.3333333333334,5950.0,0.0,0.0,1241.7498766837743,1522.5557095068082,1456.0452074714185,16605.555555555555,1306.0222878350803,1426.682014331821,1619.5984398009102,1308.4518504981156,1341.1063400475225,1298.106101476858,1360.8401412397986,1351.6125402527582,1373.1762750213493,0.0,35222.22222222221,0.0,41191.66666666666,5969.444444444443,0.0,0.0,0.0,0.0,57797.22222222223,4.975300000000001,3.171598515851543,4.966950072700556,3.315997249001155,3.315997249001155,3.315997249001155,4.801403628075152,4.016455219393604,3.315997249001155,3.517887804538,3.315997249001156,3.462915980682892,4.115507694817918,2.3735465496553267,3.7862187583752833,2.8391349185738823,2.37354654965536,2.791149935922168,4.160646841611059,3.2544484905118605,2.3735465496553267,3.005591685058223,2.791149935922168,2.395004048917136,3.1838693958357966,2.3215651754241504,2.622631749477664,2.791149935922168,2.3215651754241504,2.3735465496553267,2.6426298677819604,2.321565175424151,2.3215651754241504,2.346085860878244,2.358065859623772,2.321565175424151,2.321565175424152,Metadata_MT_Commercial_MT_baseline_metadata_and_annual_results.csv,MT
184718,0,3000.0,Cold,MT,Montana,,QuickServiceRestaurant,Food Service,1001_5000,NaturalGas,Small Packaged Unit,Central Single-zone RTU_Furnace_DX,DX,Furnace,night_fancycle_vent,PSZ-AC with gas coil,Central Single-zone RTU,gen2_t8_halogen,1,1,1971,0.0,0.0,0.0,0.0,0.0,0.0,10791.666666666666,8438.888888888889,44813.88888888889,0.0,0.0,0.0,38352.777777777774,14855.555555555557,0.0,13025.0,9990.252453427802,12879.562783760886,10349.439598331814,130275.0,9428.39401518198,10367.23230084982,13446.286993393407,11267.510076454117,10123.385787345926,11305.000540512823,9956.427562101111,10449.071902321262,10713.627669409583,0.0,108997.2222222222,102800.0,234869.4444444444,23072.22222222222,0.0,0.0,0.0,0.0,365147.2222222222,41.29033,28.63055437900024,41.16254869711446,23.064387380789587,22.51561710026088,22.96216780934018,39.0965502444684,33.705109482233304,23.15287385841649,31.110764953694616,23.35957384967833,25.81613165972984,34.43706781889226,22.3156673239943,29.4546880726174,22.56944209333633,21.6836315196242,22.57026148900221,31.561139442476296,26.558751465968484,21.70713729375892,26.27298908805556,22.60638771351431,22.332446724293035,24.054937183451344,21.41100492688719,22.230257630946102,21.408842188592825,21.398113871048466,21.404907039639,23.72405986967326,21.969177830661383,21.40285043440005,21.730571395413868,21.41378019405177,21.418856634997564,21.42566415361804,Metadata_MT_Commercial_MT_baseline_metadata_and_annual_results.csv,MT
184720,0,17500.0,Cold,MT,Montana,,Warehouse,Warehouse and Storage,10001_25000,NaturalGas,Small Packaged Unit,Central Single-zone RTU_Furnace_DX,DX,Furnace,night_fanon_vent,PSZ-AC with gas coil,Central Single-zone RTU,gen2_t8_halogen,1,1,2003,0.0,0.0,0.0,0.0,0.0,0.0,6977.777777777778,14433.333333333334,41150.0,0.0,0.0,0.0,47652.777777777774,21041.666666666668,0.0,0.0,10234.825605512438,12289.595406580867,10984.247576038068,131252.77777777778,9775.96900586857,11071.449443434472,13150.05500055423,10219.017390038103,10466.850323144785,10917.136425057848,10502.199763239318,10885.30851550854,10756.603713427405,0.0,126883.33333333331,0.0,126883.33333333331,0.0,0.0,0.0,0.0,0.0,258136.11111111115,34.79654,24.62530867690358,34.68383177535998,25.504468700879947,25.504468700879947,25.504468700879947,32.36407856835035,27.10995481734773,25.504468700879947,27.655031675840664,25.504468700879947,25.443238215802364,30.15743896282608,22.406156090291432,25.430352900500644,25.504468700879947,23.84988699863313,25.504468700879947,30.01529214378691,23.72404854663452,23.022596147509724,23.1239619506993,23.84988699863313,24.61594736467896,23.938880420169845,11.638211769970374,11.661279042091786,11.82095674919938,11.82095674919938,11.82095674919938,16.476672795691684,11.622995883429494,11.82095674919938,11.622995883429494,11.82095674919938,11.742838487056664,11.622995883429494,Metadata_MT_Commercial_MT_baseline_metadata_and_annual_results.csv,MT
184721,0,17500.0,Cold,MT,Montana,,SmallOffice,Office,10001_25000,NaturalGas,Small Packaged Unit,Central Single-zone RTU_Boiler _DX,DX,Boiler ,night_fanon_vent,PSZ-AC with gas boiler,Central Single-zone RTU,gen4_led,2,2,1934,0.0,0.0,0.0,0.0,0.0,0.0,15013.888888888889,8447.222222222223,77213.88888888889,0.0,0.0,144.44444444444443,113511.11111111112,21188.888888888887,388.88888888888886,0.0,18356.62212962658,22556.81338221023,19012.704889186163,235911.1111111111,17414.31847290673,19143.6584334316,24071.47282356826,19754.08669298373,18648.302474595454,20039.333336559605,18286.38412040389,19135.93761067052,19490.73153788265,0.0,116308.33333333331,0.0,124211.1111111111,7902.777777777776,0.0,0.0,0.0,0.0,360122.22222222225,55.38084,36.07862317457243,51.546834056075255,34.620472290163434,35.20024670411256,34.644869218466134,53.92491488128304,45.5270277651444,33.90999286357031,44.87208787352596,34.20424946978744,34.588960985643595,45.28747674423415,32.72756834924617,41.36676373911646,34.31347139907971,34.38343455432691,34.343909852201826,44.93953890201892,35.34199531155986,33.13970360710164,33.98193212645601,33.249817333034244,33.31057679546335,33.31887456964285,22.1111292582362,23.31517362804709,22.150536124484592,22.475170674639696,22.159775339251347,27.016446513157742,22.1111292582362,22.11160213163659,22.1111292582362,22.1111292582362,22.1111292582362,22.1142589509221,Metadata_MT_Commercial_MT_baseline_metadata_and_annual_results.csv,MT
184722,0,7500.0,Cold,MT,Montana,strip_mall_restaurant20,RetailStripmall,Mercantile,5001_10000,NaturalGas,Small Packaged Unit,Central Single-zone RTU_Furnace_DX,DX,Furnace,night_fancycle_novent,PSZ-AC with gas coil,Central Single-zone RTU,gen4_led,1,1,1980,0.0,0.0,0.0,0.0,0.0,0.0,5847.222222222222,17461.111111111113,26822.222222222223,0.0,0.0,0.0,28338.888888888887,27480.555555555555,0.0,0.0,8864.44895842853,10932.750625498154,9846.860955179509,115327.77777777778,8741.464284391985,9731.155404666108,11573.263572468242,8964.54301029638,9368.16705189988,9294.522478145347,9297.460147351456,9395.104077500577,9316.980279258056,9377.777777777776,129450.0,30388.888888888887,193686.1111111111,33849.99999999999,0.0,0.0,0.0,0.0,309013.8888888889,39.77039,23.40183222748832,37.57100653138415,22.899993763497854,20.64981662057667,22.889008492390992,30.471160630287088,25.20641265610685,19.21668069437168,25.259904826935472,22.934873378369844,21.85503666850129,28.73831730052411,18.807072243790564,24.96456309758312,22.186371328301966,19.793831483997646,21.624838791212227,27.51241740517921,19.223906336449502,18.78608885282185,19.68919546653303,22.227772387827017,18.851260782563347,19.31112137619882,18.17794607986432,18.22498460236037,20.69218591497719,18.587214137200743,19.5580418173444,18.37981538746717,18.04606895554452,18.186233504957794,18.52095011528004,18.642612772888235,18.261376636897243,18.19948857628589,Metadata_MT_Commercial_MT_baseline_metadata_and_annual_results.csv,MT
184725,0,3000.0,Cold,MT,Montana,,SmallOffice,Office,1001_5000,Propane,Small Packaged Unit,Central Single-zone RTU_Furnace_DX,DX,Furnace,night_fanon_vent,PSZ-AC with gas coil,Central Single-zone RTU,gen4_led,2,2,1932,0.0,0.0,0.0,0.0,0.0,0.0,3522.222222222222,3916.6666666666665,15547.222222222224,0.0,0.0,0.0,13361.111111111111,5000.0,0.0,0.0,3181.61076221564,4037.085709231521,3316.566445993963,41347.22222222223,2951.6613140762106,3334.413272023708,4406.888013243384,3401.268613261538,3202.591532889048,3606.695452354145,3177.575504285551,3336.9146168222173,3395.168759624573,0.0,0.0,0.0,0.0,0.0,0.0,46355.55555555556,50752.77777777778,4397.222222222223,92100.0,11.54119,7.332471603818847,11.368976753898584,5.746868465410912,5.746868465410912,5.746868465410912,10.293865870819369,7.945519870494521,5.746868465410912,7.918697795553728,5.746868465410912,5.8381159174565385,8.568779711076669,5.596236574041009,7.333668974414195,5.746868465410912,5.709863107329696,5.746868465410912,8.614686320777421,6.0226933348777365,5.709863107329696,5.624673158768683,5.709863107329696,5.709863107329696,5.7500567380222005,3.9311516024698623,3.9348551018972895,3.9287166189290414,3.9287166189290414,3.9287166189290414,5.371537792000232,3.9311516024698623,3.848941407989999,3.9311516024698623,3.9287166189290414,3.9311516024698623,3.9311516024698623,Metadata_MT_Commercial_MT_baseline_metadata_and_annual_results.csv,MT
184727,0,7500.0,Cold,MT,Montana,,SmallOffice,Office,5001_10000,Propane,Residential Style Central Systems,Residential forced air_Furnace_DX,DX,Furnace,default_nochange,Residential AC with residential forced air furnace,Residential forced air,gen2_t8_halogen,2,2,1917,0.0,0.0,0.0,0.0,0.0,0.0,15563.888888888889,7086.111111111111,23891.666666666668,0.0,0.0,0.0,15400.0,8152.777777777778,0.0,0.0,5274.016438501954,8384.579472532323,5029.978654793195,72730.55555555555,4571.325938228911,5114.293281108656,9800.470010015184,6366.334852585225,4965.135089158668,6941.440222280493,4843.566858167431,5397.357760613531,6042.002202847529,2633.333333333333,0.0,0.0,0.0,0.0,0.0,112986.1111111111,112986.1111111111,0.0,185716.66666666663,41.85195,30.65039357287093,40.720911274809424,22.30959333553996,23.08286076731665,23.82091661580436,39.770038281934,33.30691266914057,24.51388348224368,34.79966726091835,23.517806366902125,26.752111775339507,34.34482949655491,22.023272307167687,31.494853373405263,21.27290407456676,21.27830391196636,21.2679688733835,37.09271535151837,27.882074887192577,21.334571735538503,25.58569148876896,21.257316269697373,21.903257816142503,26.83256644042353,6.908903625782037,6.656198142941513,6.9611766589117225,7.270920614529966,6.817459004470527,11.363473559811371,6.629303352193063,7.016987260849232,6.668291663920395,6.908680745278349,6.834546475064825,6.664011456897232,Metadata_MT_Commercial_MT_baseline_metadata_and_annual_results.csv,MT
184729,0,7500.0,Cold,MT,Montana,,RetailStandalone,Mercantile,5001_10000,NaturalGas,Small Packaged Unit,Central Single-zone RTU_Furnace_Evaporative Cooling,Evaporative Cooling,Furnace,default_nochange,Direct evap coolers with forced air furnace,Central Single-zone RTU,gen1_t12_incandescent,1,1,1987,0.0,0.0,0.0,0.0,0.0,0.0,0.0,7102.777777777778,9822.222222222224,0.0,0.0,0.0,10522.222222222224,39655.55555555556,0.0,0.0,5069.526624860826,6920.081009144006,5203.441025124839,67102.77777777778,4629.807653394319,5203.788579948392,7348.963251104004,6089.324688343688,5026.18822540678,6078.277912813679,4157.923850931581,5378.224720060178,5998.444844277415,0.0,37597.22222222222,0.0,37597.22222222222,0.0,0.0,0.0,0.0,0.0,104702.77777777778,17.37382,15.938537741297752,17.053141255220712,11.722006235232696,11.600717210228256,11.68923177795043,15.938537741297752,15.938537741297752,11.563356876242633,15.938537741297752,11.549701227007755,15.796747894334702,17.053141255220712,10.768067762942824,15.938537741297752,11.662476039540742,11.545182092132452,11.566289704116524,15.938537741297752,15.814707691065731,10.768067762942824,15.553826912615683,9.791085775612212,11.398416718067166,15.521870627494684,9.46703464728654,12.016285781428548,10.964092060443935,9.647593452986186,10.535787031681052,14.244015862306084,9.975913976990409,9.42829014331402,9.550657763375131,9.357821707353532,9.47923680151709,9.436909321067205,Metadata_MT_Commercial_MT_baseline_metadata_and_annual_results.csv,MT
184730,0,3000.0,Cold,MT,Montana,,LargeHotel,Lodging,1001_5000,NaturalGas,Zone-by-Zone,DOAS+Zone terminal equipment_Boiler _WCC,WCC,Boiler ,default_nochange,DOAS with fan coil chiller with boiler,DOAS+Zone terminal equipment,gen4_led,11,11,1891,0.0,0.0,0.0,0.0,0.0,0.0,8844.444444444443,12855.555555555557,18238.888888888887,0.0,286.11111111111114,0.0,13727.777777777776,2125.0,7519.444444444444,16552.777777777777,6894.9925454380245,8529.527544559529,8061.3828924130385,92022.22222222222,7858.416561160561,8087.405663758579,9007.625705265871,7177.492836901171,7546.867660380245,7256.769353895588,7444.81945755549,7196.814107293022,6959.5928486447965,11866.666666666666,223950.0,3647.2222222222217,234672.2222222222,7074.999999999999,0.0,0.0,0.0,0.0,326694.44444444444,24.34644,16.616707199095504,22.76490830078548,16.316043353253765,15.85725491771392,14.238160027601408,22.1971114417158,20.966785142523573,12.860182082217069,16.51723554377199,13.929396767906328,15.713935116178012,17.944643042250707,11.491725048766597,15.989771001538488,12.208162602525045,13.655792624982242,12.302683075159957,17.01544757532191,14.42404244578752,12.097857678409214,12.85916725375187,11.793686492580592,11.307343935207069,10.93183800355617,10.41012499838439,10.245844323055778,11.439835932505284,11.992152756444437,11.620262136548869,10.251941326949211,9.752405164606284,11.352026667792618,10.060881918524446,10.57680305843549,10.617166940934736,10.00566329650028,Metadata_MT_Commercial_MT_baseline_metadata_and_annual_results.csv,MT
184731,0,37500.0,Cold,MT,Montana,,PrimarySchool,Education,25001_50000,NaturalGas,Zone-by-Zone,DOAS+Zone terminal equipment_Boiler _ACC,ACC,Boiler ,default_nochange,DOAS with fan coil air-cooled chiller with boiler,DOAS+Zone terminal equipment,gen4_led,1,1,1989,0.0,0.0,0.0,0.0,0.0,0.0,27783.33333333333,26863.888888888887,120469.44444444444,0.0,0.0,0.0,30605.55555555556,44694.444444444445,24041.666666666668,17561.111111111113,24477.493983816494,23611.8226000182,26957.42222675196,308844.44444444444,26036.46840284586,27738.82437498204,26088.81260433706,25508.20337055504,25020.81777708972,27037.56005028023,24851.589233561725,25224.921754920106,26290.46355630939,16825.0,684358.3333333333,35572.22222222222,755086.111111111,35155.555555555555,0.0,0.0,0.0,0.0,1063930.5555555555,117.47768,78.98617422682254,104.83036285583556,79.00927496562022,74.70371721630924,73.91789654282611,113.68973806453428,101.0695378723802,72.229523590857,87.74961234625853,72.73401024227832,76.96504283384427,91.48771562628797,66.59165558068648,71.34670613700847,66.69474366433843,68.8886473882867,67.71357495598022,76.18360347405357,70.59389006912639,66.23413102606693,78.16656094029813,65.41518207264951,65.3492209006468,71.89907857595036,30.996453823066684,31.02208590262953,45.04344656805358,45.80073775639087,46.54927088660431,37.6659097164673,31.135110269837224,45.558953405751645,30.772762294111367,45.05367564096873,37.63270320960208,35.637090549297035,Metadata_MT_Commercial_MT_baseline_metadata_and_annual_results.csv,MT
184732,0,3000.0,Cold,MT,Montana,,SmallOffice,Office,1001_5000,NaturalGas,Residential Style Central Systems,Residential forced air_Furnace_DX,DX,Furnace,default_nochange,Residential AC with residential forced air furnace,Residential forced air,gen2_t8_halogen,2,2,1986,0.0,0.0,0.0,0.0,0.0,0.0,1869.4444444444448,2750.0,5572.222222222222,0.0,0.0,0.0,14311.111111111111,3391.6666666666665,0.0,0.0,2265.3476982109696,2783.43749297484,2432.260531370732,29413.888888888887,2208.9057075485566,2452.2718471502403,3021.6546667988137,2381.7510500165326,2311.282713336319,2438.000036062552,2308.587349620936,2373.0871742616423,2438.119148739999,1522.2222222222222,44394.44444444444,0.0,44394.44444444444,0.0,0.0,0.0,0.0,0.0,73808.33333333333,10.52055,7.829235262664632,10.22624863965716,7.417555445536415,7.417555445536415,7.417555445536415,10.288010190579884,8.931104023718396,7.417555445536415,8.82181690429668,7.417555445536415,7.391976973861154,9.714549537348772,7.181154051261927,8.763004990677855,7.139070763841285,7.05614356701979,7.096712725307801,9.436571961478704,7.93930108486863,7.065354071121835,7.903020394107949,7.05614356701979,7.080595002559767,7.529087455683234,2.1145504961274657,2.296825732461332,2.469622716686662,2.496614582315915,2.391481186341702,3.103739761768352,2.079744460809858,2.335890261376296,2.074388521708748,2.322235083138718,2.3024932797480884,2.2968240837113054,Metadata_MT_Commercial_MT_baseline_metadata_and_annual_results.csv,MT
184733,0,17500.0,Cold,MT,Montana,strip_mall_restaurant20,RetailStripmall,Mercantile,10001_25000,Electricity,Multizone CAV/VAV,Central Multi-zone VAV RTU_Electric Resistance_DX,DX,Electric Resistance,night_fanon_vent,PVAV with PFP boxes,Central Multi-zone VAV RTU,gen2_t8_halogen,1,1,1998,0.0,0.0,0.0,0.0,0.0,0.0,25661.11111111112,28036.11111111112,46433.333333333336,0.0,0.0,281680.5555555556,123852.77777777778,91466.66666666669,0.0,0.0,52245.99392428667,41471.27724934564,87699.3487703801,694350.0,82531.31075943756,80991.7565586105,43400.962725903286,37279.8754527804,65638.68199354742,39404.15466814187,72131.61179881019,51795.02026664944,39759.27624505743,97219.44444444444,0.0,232969.4444444444,232969.4444444444,0.0,0.0,0.0,0.0,0.0,927316.6666666666,282.21943,166.6951418489057,129.27866795117484,230.62744273911903,249.1446974474013,219.24643209139936,116.2927709941355,98.12266596202728,169.97008504586842,96.9565696960356,179.9404398432758,140.4134563624436,110.30036457616816,105.73888213254996,96.56766655499028,164.02136264067363,175.19783001337044,154.3831846646444,106.08416189179988,84.45550102943363,139.63971923623578,84.1295992559926,150.20142271489482,109.1767248895692,81.95912844722709,73.2219078036193,66.45272036902081,133.28624912235523,109.00177041114662,133.19362570821258,67.98906230202888,67.13749606884295,100.71190481192365,69.15658435828146,92.79210997566284,75.72304194587495,69.78102963012978,Metadata_MT_Commercial_MT_baseline_metadata_and_annual_results.csv,MT
184735,0,3000.0,Cold,MT,Montana,,FullServiceRestaurant,Food Service,1001_5000,Electricity,Small Packaged Unit,Central Single-zone RTU_Electric Resistance_DX,DX,Electric Resistance,night_fancycle_vent,PSZ-AC with electric coil,Central Single-zone RTU,gen2_t8_halogen,1,1,2006,0.0,0.0,0.0,0.0,0.0,0.0,8561.111111111111,6602.777777777778,20811.11111111112,0.0,0.0,80802.77777777778,11452.777777777776,15594.444444444443,0.0,13166.666666666666,16806.401808787734,12737.451414602392,24811.81982249569,214458.3333333333,27691.269891781325,23858.80172638881,13261.924080797406,11910.672012349349,21891.260289744463,12671.209759891042,20875.07855007393,15765.729297138168,12175.837121197674,57466.66666666666,0.0,138994.44444444444,138994.44444444444,0.0,0.0,0.0,0.0,0.0,353450.00000000006,93.102,70.85679192552406,44.37774752607435,79.81587668762978,89.85977577252557,76.17416583180803,40.2285124701929,36.07988871415759,71.42445523351829,37.69901839253521,64.88671461802062,53.16558325931827,41.963884995556754,40.81809081173856,33.581412910667815,61.84481376027948,66.89101938279134,59.75241828162621,36.44553900698816,31.25334397462344,52.959925689849634,32.555183437387896,56.1977092469732,41.04173194697375,30.45065107494992,31.09346183893094,27.28073033825328,49.809637287404456,51.84287215218634,52.47164467752173,27.802191321202045,27.926351480047767,43.817738705784514,29.415337629302147,37.22269568076122,34.900860555568066,27.61308252697801,Metadata_MT_Commercial_MT_baseline_metadata_and_annual_results.csv,MT
184737,0,3000.0,Cold,MT,Montana,,SmallOffice,Office,1001_5000,NaturalGas,Residential Style Central Systems,Residential forced air_Furnace_DX,DX,Furnace,default_nochange,Residential AC with residential forced air furnace,Residential forced air,gen4_led,2,2,1947,0.0,0.0,0.0,0.0,0.0,0.0,3630.555555555556,3716.6666666666665,10144.444444444443,0.0,0.0,0.0,10822.222222222224,4802.777777777778,0.0,0.0,2721.8278367883545,3447.2717469893814,2785.3561248365027,35269.444444444445,2509.9005009774205,2841.1330555140057,3783.017525046204,2919.7331789832765,2677.065316348821,3054.5592301170823,2667.2802629150306,2864.590122508879,2997.4781679368216,2150.0,37327.777777777774,0.0,37327.777777777774,0.0,0.0,0.0,0.0,0.0,72597.22222222223,10.308790000000002,8.102992294462553,10.169623563238115,7.151745409059864,6.973709146931611,7.32815102241641,10.005360846243562,9.335362434185392,7.452863118437563,9.01832492623234,7.270196377123799,7.824215589581897,9.473931867105874,6.86913028356367,8.786823646604049,7.02889009352735,6.86913028356367,7.000492626058419,9.367797540735529,7.730532434544567,6.86913028356367,8.079411730734847,6.791656513852708,6.875030127978682,7.706626774403409,2.1167482528777453,1.9965082003551384,2.5204749018742767,2.3666730612158497,2.6517824366268754,2.21819824493626,1.9911224804602088,2.184733377479602,2.195441169448288,2.335401110670128,2.3398458971760183,2.0108661767457505,Metadata_MT_Commercial_MT_baseline_metadata_and_annual_results.csv,MT
184742,0,75000.0,Cold,MT,Montana,mediumoffice_nodatacenter,MediumOffice,Office,50001_100000,NaturalGas,Multizone CAV/VAV,Central Multi-zone VAV RTU_Boiler _ACC,ACC,Boiler ,night_fancycle_novent,VAV air-cooled chiller with gas boiler reheat,Central Multi-zone VAV RTU,gen2_t8_halogen,2,2,1977,0.0,0.0,0.0,0.0,0.0,0.0,75172.22222222222,46152.777777777774,94408.33333333331,0.0,0.0,0.0,177397.22222222222,157825.0,12358.333333333334,0.0,45680.57478171948,56963.24505509828,45206.13223755314,584969.4444444444,40491.84313447498,45605.452732482525,61998.17121853803,52281.46063354149,43466.232761905296,52136.79811718194,43561.292811897445,48347.98722810084,49229.84167479533,21652.777777777777,663633.3333333333,0.0,663633.3333333333,0.0,0.0,0.0,0.0,0.0,1248602.7777777778,195.36479,148.83867722379748,176.9305787180996,132.991002350902,125.8826688104038,125.9191101306978,192.64295738467047,167.51511685662408,125.1944444775472,159.00023234657797,134.76793338266975,148.46636194132083,159.5790313602047,124.18959443525075,158.58795231243997,124.14140705069266,125.13007062922829,124.7451394709026,162.69496129124138,158.30621598051164,124.16922671146908,157.51478192582127,123.79755584866716,123.35728046322062,136.57028155587992,43.50704959374083,57.04064732482748,51.48845372794659,51.62718041812795,51.52383158903601,62.71028428061191,39.705079308838805,49.10781059906442,39.705079308838805,51.48861822970342,51.20233035401688,47.01094482330768,Metadata_MT_Commercial_MT_baseline_metadata_and_annual_results.csv,MT
184744,0,17500.0,Cold,MT,Montana,,Warehouse,Warehouse and Storage,10001_25000,NaturalGas,Small Packaged Unit,Central Single-zone RTU_Furnace_DX,DX,Furnace,night_fancycle_novent,PSZ-AC with gas coil,Central Single-zone RTU,gen5_led,2,2,1966,0.0,0.0,0.0,0.0,0.0,0.0,1097.2222222222222,10263.888888888889,5019.444444444444,0.0,0.0,0.0,44263.88888888889,13166.666666666666,0.0,0.0,5941.485267981475,6227.7597088403645,6646.46343888139,73811.11111111112,6092.790193463182,6765.4459373697855,6426.073196574119,5356.793113335814,6202.301156939836,5841.5588141034095,6261.288392542823,6296.305283123263,5752.057129008502,0.0,318880.5555555555,0.0,318880.5555555555,0.0,0.0,0.0,0.0,0.0,392691.6666666666,20.6258,19.74239073271454,20.31671387833059,20.01770325927845,20.27386368246341,20.08619463882041,19.749375696812407,19.16358290816405,19.683045091830333,19.23394557512129,19.811790375380887,19.630218030326247,19.42710642635708,19.32696449074412,19.07519921034428,19.476298114205715,19.698774830958595,19.53410523878936,19.22443779233388,18.595867973307392,19.41860706268534,18.589144802699508,19.35199017883423,19.22798141506888,18.96867095842326,5.89035741499225,5.827125934540613,6.427713311729022,6.8766732607403975,6.501596957742746,5.827125934540613,5.827125934540613,6.462811561950844,5.827125934540613,6.319865677315155,6.045651383032663,5.827125934540613,Metadata_MT_Commercial_MT_baseline_metadata_and_annual_results.csv,MT
184745,0,7500.0,Cold,MT,Montana,,RetailStandalone,Mercantile,5001_10000,Electricity,Small Packaged Unit,Central Single-zone RTU_Electric Resistance_DX,DX,Electric Resistance,night_fancycle_novent,PSZ-AC with electric coil,Central Single-zone RTU,gen2_t8_halogen,2,2,1997,0.0,0.0,0.0,0.0,0.0,0.0,7019.444444444444,9491.666666666666,12627.777777777776,0.0,0.0,110469.44444444444,14650.0,30016.666666666668,0.0,0.0,13726.366191387971,7364.779745954589,22989.351535093967,184277.77777777772,31617.58857872372,28689.804023733115,7777.216698484188,6598.104688913877,21344.42369955786,6772.350127172582,19003.2715821642,11018.700873699998,7375.204473900569,0.0,0.0,0.0,0.0,0.0,0.0,0.0,0.0,0.0,184277.7777777777,106.22023,58.78398969498094,27.10036984292571,100.2652508206774,99.96853530403494,93.66516315378144,27.83797788353316,24.53780551748023,98.64797858601575,23.03051495204872,67.34590688506805,40.864542695703605,29.860095421620084,30.6769226498398,19.21217363306232,43.79304011799214,74.5706485802063,54.15695138826498,20.24930532019738,17.563259419842407,43.86962316879554,16.23964330493297,39.10288018035758,26.812428307115383,19.346505805127062,11.928236618907196,11.3582425150434,31.739922783758683,38.81897655829757,31.192591298281304,16.151965268608574,11.537489706860242,29.33290703573396,12.258617469764852,24.14403914711238,15.103680963313964,13.038589098704009,Metadata_MT_Commercial_MT_baseline_metadata_and_annual_results.csv,MT
184746,0,17500.0,Cold,MT,Montana,,SmallHotel,Lodging,10001_25000,Propane,Residential Style Central Systems,Residential forced air_Furnace_DX,DX,Furnace,default_nochange,Residential AC with residential forced air furnace,Residential forced air,gen4_led,3,3,2009,0.0,0.0,0.0,0.0,0.0,0.0,56100.0,20311.11111111112,166622.22222222222,0.0,0.0,0.0,86963.88888888889,18916.666666666664,22.22222222222222,0.0,32696.303332821648,41182.82909741915,32045.74000073308,418780.5555555556,28903.48146912105,31937.80828494607,44844.36510314894,38179.71071058337,32579.468755053545,36929.5108624392,30845.785832572063,32721.00749822392,35913.63803425737,69841.66666666667,0.0,34011.1111111111,34011.1111111111,0.0,0.0,189952.77777777772,189952.77777777772,0.0,642744.4444444444,118.57834,88.4391008528821,108.446353264554,71.0719481422241,71.66901028394119,71.33360789760327,114.86986704967418,103.15577726707237,71.67267970147037,93.6133675273244,70.37776778648676,76.75223849833422,92.8812907629309,67.62109070257095,86.61093961393075,63.125449005390806,63.88374112844057,63.42906422618572,99.94686428951292,84.9853042595296,63.83049014571842,77.71625184244057,62.87845208532255,64.11860107042305,72.10082044813052,58.46191872927636,61.38719093669994,62.615679217287,63.64701510713692,63.10767218246931,77.35149057467888,65.90119419989942,61.382623555769385,59.68235191579088,62.10107569726731,61.37163025091731,63.69318015139925,Metadata_MT_Commercial_MT_baseline_metadata_and_annual_results.csv,MT
184747,0,7500.0,Cold,MT,Montana,,FullServiceRestaurant,Food Service,5001_10000,NaturalGas,Small Packaged Unit,Central Single-zone RTU_Furnace_DX,DX,Furnace,night_fancycle_vent,PSZ-AC with gas coil,Central Single-zone RTU,gen4_led,2,2,1880,0.0,0.0,0.0,0.0,0.0,0.0,20955.555555555555,6700.0,73513.88888888888,0.0,0.0,0.0,107316.66666666669,15047.222222222224,0.0,13052.777777777776,19741.83925845342,25117.407579296665,20094.221287398545,256108.3333333333,18293.4200106116,20372.87598153341,27383.42732037668,21963.84648100208,19724.02772785113,22042.370981936005,19354.99615280148,20416.61708205023,21603.441358751985,19522.222222222223,252166.66666666663,67658.33333333331,508747.2222222222,188922.2222222222,0.0,0.0,0.0,0.0,764855.5555555555,96.15069,69.41738814830359,93.95976822205274,53.91590215155534,53.60824080061414,53.92566105122881,84.762388291462,80.25434799372954,52.446101626008655,70.73486442614721,53.80412459955291,59.613522106157525,77.15178194474211,50.47106538861453,70.99515332455046,51.6489725511191,51.05735883403075,51.62682371775171,75.54512829399845,63.533339651657215,50.31500143450729,56.8682468175566,51.68153009989248,51.271750219037735,61.10979430863423,47.678291938397,50.82274847326193,47.55713890131561,47.63890849434295,47.5089781576505,52.50521108596654,48.17366507682054,47.546899215110805,48.35766195063295,47.561605049093245,47.57025020233608,48.11948676640608,Metadata_MT_Commercial_MT_baseline_metadata_and_annual_results.csv,MT
184749,0,37500.0,Cold,MT,Montana,,Warehouse,Warehouse and Storage,25001_50000,NaturalGas,Small Packaged Unit,Central Single-zone RTU_Furnace_DX,DX,Furnace,night_fancycle_vent,PSZ-AC with gas coil,Central Single-zone RTU,gen2_t8_halogen,1,1,1980,0.0,0.0,0.0,0.0,0.0,0.0,2763.888888888889,23755.555555555555,6908.333333333333,0.0,0.0,0.0,98458.33333333331,42900.0,0.0,0.0,14019.432007227077,14955.763078067754,15474.307814953576,174786.1111111111,13951.055342721857,15643.440717193807,15616.100291122122,12972.915806220286,14453.623133445191,14212.39246072549,14637.844837817102,15008.46743009587,13840.544632786014,0.0,221516.66666666663,0.0,221516.66666666663,0.0,0.0,0.0,0.0,0.0,396302.77777777775,53.05595,40.32512169444284,52.865304552497335,41.61225046341465,40.58504807962001,41.49536508034861,50.845400879779625,41.19146022214216,39.9572120314071,41.126815690545584,39.91567985909684,39.81818426481293,41.738615685573386,39.37258517562744,41.28673660532144,39.754850816897545,39.836028236865445,39.723553807291474,44.86675791177852,40.19462038054182,39.48378208592872,39.86949469174621,39.518178932077504,39.42160988805457,40.14821860607788,13.43940059169194,13.382402388614118,14.1237161308977,14.3953143877044,13.998918827882983,13.441560330640762,13.382402388614118,14.064368414826214,13.382402388614118,13.85609631186851,13.696191608084934,13.382402388614118,Metadata_MT_Commercial_MT_baseline_metadata_and_annual_results.csv,MT
184750,0,7500.0,Cold,MT,Montana,,SmallOffice,Office,5001_10000,NaturalGas,Small Packaged Unit,Central Single-zone RTU_Furnace_DX,DX,Furnace,night_fanon_vent,PSZ-AC with gas coil,Central Single-zone RTU,gen1_t12_incandescent,2,2,1973,0.0,0.0,0.0,0.0,0.0,0.0,8247.222222222223,6836.111111111111,35152.777777777774,0.0,0.0,0.0,22550.0,40544.444444444445,0.0,0.0,9173.3570134005,11194.642413058358,9406.790781201507,117127.77777777778,8453.857225623042,9578.374725516254,12112.897083395845,9622.934535683022,9094.374695802231,10368.864728481012,9018.589873966435,9531.919093195056,9571.08423822078,3794.444444444445,60255.55555555556,0.0,60255.55555555556,0.0,0.0,0.0,0.0,0.0,177383.3333333333,32.53351,23.718922177087897,31.81779290454921,19.651351621316767,19.4349937800513,19.51968606826988,30.94275033497022,26.79508056332845,19.548004210194744,26.649644357550137,19.624324107810168,20.46113705633284,27.054842764804665,19.469245394166087,24.80248463308503,19.47363361175205,19.30908723739192,19.36935569420472,28.162208357083788,22.735687042316048,19.34232469231296,21.439373329464548,19.39884073075762,19.5304447047062,21.40096521335766,10.299725896787074,10.597774060876304,10.67593223802205,10.852891693866232,10.677768589640296,11.208479840063235,10.299725896787074,10.299725896787074,10.299725896787074,10.299725896787074,10.299725896787074,10.299725896787074,Metadata_MT_Commercial_MT_baseline_metadata_and_annual_results.csv,MT
184752,0,3000.0,Cold,MT,Montana,strip_mall_restaurant20,RetailStripmall,Mercantile,1001_5000,NaturalGas,Residential Style Central Systems,Residential forced air_Furnace_DX,DX,Furnace,default_nochange,Residential AC with residential forced air furnace,Residential forced air,gen2_t8_halogen,1,1,1951,0.0,0.0,0.0,0.0,0.0,0.0,4497.222222222223,8461.111111111111,16683.333333333336,0.0,0.0,0.0,7408.333333333333,15808.333333333334,0.0,0.0,6022.219348453326,7033.528785675454,6368.000988010715,76255.55555555555,5723.46824659979,6407.636673008377,7280.577262395242,6120.54503417738,6225.980280494841,6425.1796606163925,6090.297501875949,6309.035639292176,6248.776036251309,23397.222222222223,26302.777777777774,0.0,26302.777777777774,0.0,0.0,0.0,0.0,0.0,102558.33333333331,21.55996,16.872771713634258,20.20192134561552,14.790901562890683,14.774936060412244,14.815820704123952,18.77141885818713,16.478734277934162,14.857134751842873,17.406522712572226,14.846255778823991,15.922976401307425,17.95900119703248,14.406486110829654,16.95828132948516,14.641948266771262,14.65626951586627,14.708619320466823,17.4646676618814,15.01395377590814,14.461130151093696,14.97312214199964,14.4011767265877,14.532593651470451,15.464982222752363,12.910015526689486,12.996173323338702,13.978614502523596,14.245273373926675,14.253595352843435,14.200315393179022,12.262240229138568,13.70741927227222,14.189064807684474,13.814975382090337,13.861920026562448,13.490515362562348,Metadata_MT_Commercial_MT_baseline_metadata_and_annual_results.csv,MT
184754,0,17500.0,Cold,MT,Montana,strip_mall_restaurant20,RetailStripmall,Mercantile,10001_25000,Electricity,Small Packaged Unit,Central Single-zone RTU_Electric Resistance_DX,DX,Electric Resistance,night_fancycle_novent,PSZ-AC with electric coil,Central Single-zone RTU,gen1_t12_incandescent,2,2,1940,0.0,0.0,0.0,0.0,0.0,0.0,55327.777777777774,22372.222222222223,80511.11111111111,0.0,0.0,118744.44444444444,60908.333333333336,209508.3333333333,0.0,0.0,44889.29877248047,49764.4504487503,67360.1255512073,627083.3333333334,63639.15708852551,62207.912851941015,53119.16895899474,43733.01482383313,52336.459171089344,45029.89817940039,56251.99661336163,45358.01751795241,43393.46892542339,79708.33333333333,0.0,384022.2222222222,384022.2222222222,0.0,0.0,0.0,0.0,0.0,1011105.5555555556,220.91569,150.7854938696712,145.62446707694008,195.4081516472417,217.785134908264,189.64592041008612,137.3245897541333,117.49216806993672,141.48979543661966,118.69493098417747,154.97835748183047,117.89861598752738,125.36799340740149,95.70918147510233,112.82895409814036,138.31630630625483,146.57456996986855,129.38547339699838,126.14895224944884,101.02504758612548,111.85361527733168,98.91815123805836,130.6442829987969,95.95764992217404,96.68160564113415,78.91450793180383,77.55701868296832,106.15001072730584,92.91482408204531,106.28508485698104,84.20752974671842,77.62444429789737,87.02595287819037,82.42847985575897,85.44164086920036,80.7371788825825,77.58815413327721,Metadata_MT_Commercial_MT_baseline_metadata_and_annual_results.csv,MT
184755,0,7500.0,Cold,MT,Montana,strip_mall_restaurant20,RetailStripmall,Mercantile,5001_10000,Electricity,Multizone CAV/VAV,Central Multi-zone VAV RTU_Furnace_DX,DX,Furnace,night_fanon_vent,PVAV with gas heat with electric reheat,Central Multi-zone VAV RTU,gen3_t5_cfl,2,2,1955,0.0,0.0,0.0,0.0,0.0,0.0,21747.222222222223,9422.222222222224,61838.88888888889,0.0,0.0,94736.11111111112,108438.88888888888,23430.555555555555,0.0,0.0,27759.48300057549,26384.48249062788,36255.13658452682,354688.8888888889,35251.26929757367,35663.03125079558,27341.674619212456,25000.79878151697,31132.86703353689,25579.77161989416,31312.836454316603,28072.955647293755,24935.40053756905,35075.0,94388.88888888888,70377.77777777777,164766.66666666666,0.0,0.0,0.0,0.0,0.0,519455.5555555556,100.25145,83.06551360313573,77.79135069416724,93.90360882153963,97.83359654729588,96.2586873066374,72.81473885693015,67.86039762334048,84.88827399796874,63.99875515116325,83.83761061450883,77.51756672100862,68.96325188967337,63.62203492343924,59.55468318407011,80.67581147519275,84.40259333146429,79.98334693033966,63.71874968952417,58.24830773684187,70.71959252938782,56.39988497674728,71.52344879648581,66.16911795448524,58.95833615622036,48.013823800245554,49.72921923849912,67.73837760061451,66.34344363066843,64.8908327749508,49.35255882147371,47.623475069221016,62.545834182473406,51.04773757090612,63.387436696936895,50.11743934151222,52.20092068511634,Metadata_MT_Commercial_MT_baseline_metadata_and_annual_results.csv,MT
184756,0,37500.0,Cold,MT,Montana,,SecondarySchool,Education,25001_50000,NaturalGas,Multizone CAV/VAV,Central Multi-zone VAV RTU_Boiler _ACC,ACC,Boiler ,default_nochange,VAV air-cooled chiller with gas boiler reheat,Central Multi-zone VAV RTU,gen2_t8_halogen,1,1,2007,0.0,0.0,0.0,0.0,0.0,0.0,29066.666666666668,40475.0,84919.44444444445,0.0,0.0,0.0,19888.888888888887,67297.22222222222,12911.111111111111,24516.666666666668,24268.428968544787,24827.994685731966,24918.288364475862,297138.8888888889,22308.54239287508,25191.929494503514,25969.95248855422,25166.089343887088,23712.195099380708,26987.24254671635,23630.245920517573,25107.270781710024,25049.83710681169,18063.888888888887,597349.9999999999,0.0,611886.111111111,14536.11111111111,0.0,0.0,0.0,0.0,909022.2222222222,111.44286,66.39466723241983,86.04447852376195,55.70535932458647,52.66819372459759,56.933436836371534,109.95926202846904,98.33636777914572,55.84755629664845,67.61675232523613,60.33066307391077,63.889235037473554,76.01785322494713,51.04489544500712,49.63889782491548,50.543323782664174,52.504429735569246,51.41207402585895,58.850399194745584,52.25349119115196,50.86686273388679,63.92153150706879,49.66971262439588,48.96967537750164,56.27951237696926,28.50578731459725,33.56622292317574,27.948046848164985,28.01434099740812,27.97357284875316,40.46555415000483,32.29641591643881,27.93774373555229,30.18780330156685,27.893313152230167,27.831829839816898,27.88339314895471,Metadata_MT_Commercial_MT_baseline_metadata_and_annual_results.csv,MT
184760,0,37500.0,Cold,MT,Montana,strip_mall_restaurant10,RetailStripmall,Mercantile,25001_50000,NaturalGas,Small Packaged Unit,Central Single-zone RTU_Furnace_DX,DX,Furnace,night_fancycle_novent,PSZ-AC with gas coil,Central Single-zone RTU,gen5_led,2,2,1979,0.0,0.0,0.0,0.0,0.0,0.0,92583.33333333331,32333.33333333333,189788.8888888889,0.0,0.0,0.0,106575.0,116644.44444444444,0.0,0.0,48732.79240989512,65663.94669089312,49415.48136380713,652158.3333333334,45001.50314324939,54069.50744301042,72810.51412824204,59133.69846149207,48856.359790031565,57821.95344223062,47101.73481551669,49341.25514656953,54209.22896389885,114233.33333333331,337683.3333333333,320738.8888888888,658425.0,0.0,0.0,0.0,0.0,0.0,1310580.5555555555,234.25789000000003,164.16914536293828,221.0127201235553,122.10957342995806,118.33824246613976,136.8668899525262,228.33812356301755,198.71972189750292,119.4360886827996,180.1936970623788,118.44335791957326,152.8392500160928,190.9350362693762,115.50104506405698,172.88552384198024,115.87504420309818,115.20707127584258,126.9005799672389,187.37640292730947,160.46591131925683,115.76623454021912,155.9312503814581,114.79270728589977,114.44192912572996,146.2666073308546,104.5144929898812,111.69137632291044,108.92176194465652,109.19627673915906,116.92110002802552,161.55640434176158,103.52592286098611,104.70928411034664,105.42118801456712,106.99076802129612,104.63888732962458,100.02355239064369,Metadata_MT_Commercial_MT_baseline_metadata_and_annual_results.csv,MT
184761,0,17500.0,Cold,MT,Montana,strip_mall_restaurant20,RetailStripmall,Mercantile,10001_25000,NaturalGas,Small Packaged Unit,Central Single-zone RTU_Furnace_DX,DX,Furnace,night_fancycle_vent,PSZ-AC with gas coil,Central Single-zone RTU,gen3_t5_cfl,2,2,1957,0.0,0.0,0.0,0.0,0.0,0.0,40944.444444444445,22363.888888888887,106475.0,0.0,0.0,0.0,132772.22222222222,60136.11111111112,0.0,0.0,29247.37187446253,38809.7226734536,30178.36159243265,388475.0,27937.037881685355,30231.58316534523,42824.01714422306,34571.06528085658,29698.27985150847,33494.97724023993,29054.744008372945,30232.625944270723,32194.64924495012,25786.11111111112,273780.5555555555,38661.1111111111,461116.6666666666,148677.77777777775,0.0,0.0,0.0,0.0,849591.6666666667,127.15607,83.65451446446052,122.5223212296682,65.6269192381832,66.8211361942497,66.95900768682512,122.85733618929038,104.77713315015151,62.98810129619567,93.68801490170485,64.38474589151583,72.45433027740648,99.39947004788554,60.20520505606947,87.8800857830727,63.37610656593053,64.78483239474926,63.71340987217454,95.99535663730572,79.98379958540332,59.44844798497765,77.4469575636828,63.30334817438962,61.78799492264988,73.07830741322589,57.31676284190201,58.5636874420764,58.92085279534078,57.46058875153924,56.284234414540826,81.38556660847382,56.60065052726672,56.08044672317513,58.54643184632584,55.85946091181142,56.59115197670181,55.22827949281655,Metadata_MT_Commercial_MT_baseline_metadata_and_annual_results.csv,MT
184762,0,37500.0,Cold,MT,Montana,strip_mall_restaurant10,RetailStripmall,Mercantile,25001_50000,NaturalGas,Small Packaged Unit,Central Single-zone RTU_Furnace_DX,DX,Furnace,night_fancycle_vent,PSZ-AC with gas coil,Central Single-zone RTU,gen1_t12_incandescent,2,2,1912,0.0,0.0,0.0,0.0,0.0,0.0,66572.22222222222,45469.444444444445,123761.11111111112,0.0,0.0,0.0,119786.11111111112,316472.2222222222,0.0,0.0,60014.54244572408,75033.91015754419,61529.995300891045,773747.2222222222,56182.93703854088,61936.44587100299,77916.8775050282,67677.90626736538,60628.474289453465,68614.44110886796,59061.47396415347,61748.38210207366,63401.34722460329,101686.11111111112,326438.8888888888,55486.1111111111,381925.0,0.0,0.0,0.0,0.0,0.0,1155672.2222222222,249.5732,190.56368562474688,245.02483920964733,147.95429462687918,148.39563214431203,148.43274565743974,236.8558975567325,227.68213519081644,145.604581941152,193.76631596893748,146.78910589830787,172.33559532199564,214.4787033844761,141.76648245725988,191.57164294945431,144.0826219300196,137.9793244613939,139.05152286947336,201.343476670853,177.74864900405606,137.14572049599607,172.77363568507573,141.36475050397524,142.42773168838465,161.887000977039,134.33141554859048,132.97206942790848,139.79472204160697,135.257030862974,135.67908592252576,154.20856478609338,142.87645686360074,135.48451294032688,133.0878143148428,136.00671496738232,133.03894347139556,133.14907978241197,Metadata_MT_Commercial_MT_baseline_metadata_and_annual_results.csv,MT
184763,0,7500.0,Cold,MT,Montana,,SmallOffice,Office,5001_10000,NaturalGas,Small Packaged Unit,Central Single-zone RTU_Furnace_DX,DX,Furnace,night_fanon_vent,PSZ-AC with gas coil,Central Single-zone RTU,gen5_led,3,3,1980,0.0,0.0,0.0,0.0,0.0,0.0,8202.777777777777,5430.555555555556,46894.444444444445,0.0,0.0,0.0,49011.11111111111,5647.222222222222,0.0,0.0,8864.860888301268,11159.604703446576,9214.800575459383,115186.11111111112,8269.648668983282,9247.659302319027,12302.44408294858,9818.975099308176,9040.140681835495,9779.820230995792,8873.569368404436,9211.655285670313,9401.89088967909,0.0,75977.77777777777,0.0,78580.55555555555,2602.777777777778,0.0,0.0,0.0,0.0,193766.6666666667,32.07871,18.292699287150192,30.702808158223945,15.114644476835572,15.114644476835572,15.114644476835572,31.32291740408574,25.935774972558857,15.114644476835572,22.846758625726228,15.114644476835572,18.575060309589784,25.270593449014623,15.114644476835572,22.21430358280136,15.114644476835572,15.114644476835572,15.114644476835572,24.54496217961694,17.82774109840031,15.114644476835572,17.056413932440528,15.114644476835572,15.114644476835572,15.392812011972566,11.460444785340917,11.589447082175704,11.460444785340917,11.460444785340917,11.460444785340917,15.173946211055974,11.460444785340917,11.460444785340917,11.460444785340917,11.460444785340917,11.460444785340917,11.460444785340917,Metadata_MT_Commercial_MT_baseline_metadata_and_annual_results.csv,MT
184764,0,17500.0,Cold,MT,Montana,strip_mall_restaurant20,RetailStripmall,Mercantile,10001_25000,NaturalGas,Small Packaged Unit,Central Single-zone RTU_Furnace_DX,DX,Furnace,night_fancycle_novent,PSZ-AC with gas coil,Central Single-zone RTU,gen2_t8_halogen,1,1,1936,0.0,0.0,0.0,0.0,0.0,0.0,31069.444444444445,23486.11111111112,81725.0,0.0,0.0,0.0,213616.66666666663,93172.22222222222,0.0,0.0,36310.4647025981,43445.13145615232,37786.93111245488,463500.0,34031.45505498413,37921.9869232416,45546.96097933732,39011.96433265946,37321.06387362832,39489.53092295991,36558.1770437602,37835.50600357832,38241.46730556691,20430.555555555555,234466.66666666663,161769.44444444444,516675.0,120438.88888888888,0.0,0.0,0.0,0.0,980175.0,127.51873,97.03358862123594,125.59178110275757,84.47345301814923,81.84116805353624,82.9046189929755,122.79135186083492,110.1104436916232,82.0481704115093,107.4681588136202,84.66290822421908,88.4483315409023,109.92534136552928,80.68376135372745,102.76791224053216,82.00500477831316,80.36334179675401,80.18730558301287,110.39133056017694,95.50916563038729,79.96981680042562,89.27972764108715,80.93649120280759,80.34708783629385,89.62154474327416,75.07645289056173,81.29940800660275,76.58112746318642,73.88627300331837,75.12235066407307,80.79432063289984,76.3207111139836,73.32317881154387,74.39895321590494,75.18037417452662,73.89575631020095,76.19622192715158,Metadata_MT_Commercial_MT_baseline_metadata_and_annual_results.csv,MT
184766,0,37500.0,Cold,MT,Montana,,Warehouse,Warehouse and Storage,25001_50000,NaturalGas,Small Packaged Unit,Central Single-zone RTU_Furnace_DX,DX,Furnace,night_fancycle_novent,PSZ-AC with gas coil,Central Single-zone RTU,gen2_t8_halogen,1,1,1990,0.0,0.0,0.0,0.0,0.0,0.0,6716.666666666667,36155.55555555556,7502.777777777778,0.0,0.0,0.0,104547.22222222222,46550.0,0.0,0.0,15766.778200040755,18070.86010517937,17432.819476106022,201472.22222222225,15534.008293542822,17677.9962246775,19201.08085792675,15419.653893227163,16184.61728675481,16236.583209016382,16508.697928762347,17095.195077097374,16343.473484390084,0.0,103541.66666666666,0.0,103541.66666666666,0.0,0.0,0.0,0.0,0.0,305013.8888888889,55.65657,40.82907966483079,55.49923000957827,48.24335540641562,47.6798903941478,48.14204669703812,54.80768161222653,47.6933663012287,46.44851275259869,44.30957694203925,48.231786070800176,47.469083183804784,49.31105243469074,39.56948694377213,44.0977242216568,47.77746016462779,46.450759050592026,47.715023976647856,48.63617581370722,41.46049925923322,39.5418118738184,40.88744423458073,47.74832466827596,42.824311590081095,40.69758575192765,16.22332857520026,16.473756537149264,16.540768134854446,16.91340395582454,16.683048829198963,16.948876144190542,16.22332857520026,16.561365898142267,16.22332857520026,16.339988663348105,16.26557897056425,16.27017689303884,Metadata_MT_Commercial_MT_baseline_metadata_and_annual_results.csv,MT
184767,0,1000.0,Cold,MT,Montana,strip_mall_restaurant20,RetailStripmall,Mercantile,_1000,Electricity,Multizone CAV/VAV,Central Multi-zone VAV RTU_Electric Resistance_DX,DX,Electric Resistance,night_fanon_vent,PVAV with PFP boxes,Central Multi-zone VAV RTU,gen5_led,1,1,1939,0.0,0.0,0.0,0.0,0.0,0.0,2222.222222222222,2938.888888888889,5430.555555555556,0.0,0.0,32886.11111111111,2672.222222222222,3008.333333333333,0.0,0.0,4796.219977011127,3009.8824959942813,8278.635248086246,61286.11111111112,7944.207302184549,7685.540434532554,3069.2768091115327,2921.2374400580115,6177.450354796,3106.509482526033,6709.434227672568,4503.206727175448,3083.7782724148683,12130.555555555557,0.0,0.0,0.0,0.0,0.0,0.0,0.0,0.0,61286.11111111111,30.148200000000003,20.112816866650988,12.478976878456496,25.250974703458613,27.633907064078883,24.220835694666786,10.350982093669986,12.904143671558325,21.478754181733947,14.306901630190588,20.46001313916452,17.332810481399907,14.396747653425653,15.388676745639494,6.655103099594489,19.09236295254048,20.79987899842233,18.54838874061601,6.910301660184139,6.59611319362935,17.97932251157486,7.477055274011058,17.879879219596848,13.456106055339882,7.406098847365479,9.633209665457134,4.8175836246588615,15.362693416048048,13.809453333222274,14.321495088166152,5.686387520157866,4.579231348920046,13.615975688505962,4.834057319331621,11.339662756159932,9.45856026432648,4.941488564375796,Metadata_MT_Commercial_MT_baseline_metadata_and_annual_results.csv,MT
184769,0,7500.0,Cold,MT,Montana,,FullServiceRestaurant,Food Service,5001_10000,Propane,Small Packaged Unit,Central Single-zone RTU_Furnace_DX,DX,Furnace,night_fanon_vent,PSZ-AC with gas coil,Central Single-zone RTU,gen2_t8_halogen,1,1,1955,0.0,0.0,0.0,0.0,0.0,0.0,18244.44444444445,7894.444444444444,120725.0,0.0,0.0,0.0,78505.55555555555,38097.22222222223,0.0,13041.666666666666,32365.21086889848,35757.18869715624,32997.80515587767,400052.7777777778,30183.26745834443,33485.19191067003,37112.21255017249,33456.72954458295,33133.50984577337,34921.593258028835,31424.230943599447,33578.005971569444,31639.029752990667,123544.44444444444,0.0,117791.66666666666,117791.66666666666,0.0,0.0,222897.22222222225,222897.22222222225,0.0,740744.4444444445,114.7297,92.44368714462249,111.54041563603644,83.8412985963175,83.69844040282852,84.15488175555134,106.36399096796612,95.1189414766254,82.7011665864687,95.41908477496844,82.75451012700589,88.38461583847841,95.42566215110746,81.18026736095666,86.87993871957627,82.28531354851144,81.38557742649212,82.42281276537972,92.3569472119187,85.833427532162,80.88693097958797,86.03827001544607,80.20179042787785,82.09040542932796,79.38096260473293,76.1372852843725,76.19809167130245,73.80934594953636,77.18083773043696,77.1790287521708,78.96783630175665,76.15705587326927,76.18039938214248,78.28068671143629,72.87782300354226,75.75254196234357,72.04796008453563,Metadata_MT_Commercial_MT_baseline_metadata_and_annual_results.csv,MT
184771,0,3000.0,Cold,MT,Montana,,SmallOffice,Office,1001_5000,Propane,Small Packaged Unit,Central Single-zone RTU_Furnace_DX,DX,Furnace,night_fanon_vent,PSZ-AC with gas coil,Central Single-zone RTU,gen2_t8_halogen,1,1,1951,0.0,0.0,0.0,0.0,0.0,0.0,3566.6666666666665,4044.444444444445,18600.0,0.0,0.0,0.0,12569.444444444443,4058.3333333333335,0.0,0.0,3245.283418399541,4276.789495857247,3440.6903684404338,42838.88888888889,3063.3749835090057,3442.777668953944,4525.283070553772,3609.033588657091,3328.608520150742,3637.619054833666,3305.997335214414,3449.7591224970683,3514.2479189140845,0.0,0.0,0.0,0.0,0.0,0.0,44630.55555555556,48422.22222222222,3788.8888888888887,91261.11111111112,13.84787,8.136881071510677,13.6854247791876,6.788827390138941,6.788827390138941,6.788827390138941,13.278905904214025,10.719725134794915,6.7954594782823765,10.317406790498287,6.998839512591985,7.897439755080576,11.42820753777021,6.788827390138941,9.252448011523724,6.788827390138941,6.788827390138941,6.788827390138941,10.106171708372653,8.012374470989567,6.788827390138941,7.475012704582088,6.788827390138941,6.788827390138941,6.827624443873271,4.3363083719303,4.3363083719303,4.645569537696383,4.603678586794183,4.877485168062416,5.271337735992062,4.251944244381269,4.603678586794183,4.251944244381269,4.603678586794183,4.603678586794183,4.603678586794183,Metadata_MT_Commercial_MT_baseline_metadata_and_annual_results.csv,MT
184772,0,7500.0,Cold,MT,Montana,,RetailStandalone,Mercantile,5001_10000,Electricity,Multizone CAV/VAV,Central Multi-zone VAV RTU_Furnace_DX,DX,Furnace,night_fancycle_novent,PVAV with gas heat with electric reheat,Central Multi-zone VAV RTU,gen2_t8_halogen,1,1,1878,0.0,0.0,0.0,0.0,0.0,0.0,10430.555555555557,10702.777777777776,23380.555555555555,0.0,0.0,113588.8888888889,9525.0,27552.777777777777,0.0,0.0,16126.659765714418,8550.992462186221,24529.92697166076,195177.77777777772,26519.530739396687,25716.295304837386,8982.286172689424,8490.194321979992,21084.437459353667,9848.696174670493,21760.130704950367,14315.91935879196,9253.148843229605,0.0,19202.777777777777,0.0,19202.777777777777,0.0,0.0,0.0,0.0,0.0,214380.5555555556,63.3387,52.09411856815212,37.53663148255929,60.20449329295652,59.245472260126775,60.71805463098267,34.84854680110082,31.91755300755653,52.927558382376326,30.286374220646504,51.04945699401897,35.17668513855039,32.93563810003317,32.5651192729932,21.873664746656573,40.38755573794853,53.321277273848935,43.238702353046776,26.27608630268548,18.82549958451498,39.76190058461409,19.51443254583329,40.61777581880915,28.59937706360661,20.880254839629373,18.56251497834203,14.034942485617904,34.15608345179342,41.27130583745891,34.29230672454825,14.202936417725947,14.46089902003199,32.619744169287564,16.509792658947216,27.70300777850945,18.946145209210545,14.023233031183192,Metadata_MT_Commercial_MT_baseline_metadata_and_annual_results.csv,MT
184776,0,75000.0,Cold,MT,Montana,,SmallHotel,Lodging,50001_100000,Electricity,Zone-by-Zone,Zone terminal equipment_Electric Resistance_DX,DX,Electric Resistance,default_nochange,PTAC with electric coil,Zone terminal equipment,gen2_t8_halogen,2,2,2006,0.0,0.0,0.0,0.0,0.0,0.0,176394.44444444444,58294.44444444445,112725.0,0.0,0.0,78472.22222222222,489958.3333333333,271127.7777777778,100.0,0.0,116099.91376580432,139193.38309361943,135590.02533736755,1530052.7777777778,125763.38919490812,129911.57093197884,146413.71826684455,126468.46067744248,119063.74575497514,130954.162395869,120680.39341722212,117285.28682684511,122628.38567930288,342980.5555555556,0.0,211494.44444444444,211494.44444444444,0.0,0.0,0.0,0.0,0.0,1741547.2222222222,314.95946999999995,232.33618176489685,266.333638067271,293.2754863066397,308.87829357164475,280.3756882811548,272.79245133213465,258.5458065308715,227.4455375477532,257.14751598677384,231.64321620382603,209.32513502664065,249.50479226689632,201.69814890631864,241.0449963430873,221.37100381781,228.7336864128345,210.34556473713445,260.9484212867249,230.52441477620656,199.341794055262,227.2007813763263,209.05361082400825,196.57356799333525,217.0917389700846,190.8568959876449,202.93043546893435,195.7760996667048,193.45674559863585,195.2033128271011,216.5566113611255,195.2720859628778,189.3931917676096,199.74653004573125,186.4840155864176,184.24266788902125,185.8249748508472,Metadata_MT_Commercial_MT_baseline_metadata_and_annual_results.csv,MT
184777,0,3000.0,Cold,MT,Montana,,SmallOffice,Office,1001_5000,NaturalGas,Small Packaged Unit,Central Single-zone RTU_Furnace_DX,DX,Furnace,night_fanon_vent,PSZ-AC with gas coil,Central Single-zone RTU,gen2_t8_halogen,1,1,1921,0.0,0.0,0.0,0.0,0.0,0.0,244.44444444444449,4888.888888888889,8552.777777777777,0.0,0.0,0.0,4619.444444444444,3402.777777777778,0.0,0.0,1721.6930668056043,1862.0064238890373,1947.9275922259312,21708.33333333333,1708.088570104061,1945.743523888805,1847.863377525536,1628.7296585186548,1823.184244226281,1730.7220401407865,1861.1773756704029,1878.0990557951152,1753.7563344784978,0.0,47855.55555555555,0.0,49147.22222222222,1294.4444444444443,0.0,0.0,0.0,0.0,70858.33333333333,7.18639,4.621277965179384,7.133963598335854,4.621277965179384,4.621277965179384,4.621277965179384,6.109647453314775,4.621277965179384,4.621277965179384,4.621277965179384,4.621277965179384,4.621277965179384,4.95741831690176,4.621277965179384,4.621277965179384,4.621277965179384,4.621277965179384,4.621277965179384,4.799359292343885,4.621277965179384,4.621277965179384,4.621277965179384,4.621277965179384,4.621277965179384,4.621277965179384,3.191485994297682,3.191485994297682,3.2993795267594206,3.2993795267594206,3.2993795267594206,3.191198247743749,3.191198247743749,3.191773740851612,3.191198247743749,3.2993795267594206,3.2993795267594206,3.191773740851612,Metadata_MT_Commercial_MT_baseline_metadata_and_annual_results.csv,MT
184782,0,3000.0,Cold,MT,Montana,,SmallOffice,Office,1001_5000,NaturalGas,Residential Style Central Systems,Residential forced air_Furnace_DX,DX,Furnace,default_nochange,Residential AC with residential forced air furnace,Residential forced air,gen2_t8_halogen,2,2,1961,0.0,0.0,0.0,0.0,0.0,0.0,2033.3333333333333,3463.888888888889,4619.444444444444,0.0,0.0,0.0,6941.666666666667,3516.6666666666665,0.0,0.0,1620.1320756663597,2265.057566177421,1772.5484236568566,21880.555555555555,1581.780071259048,1782.9604809468383,2529.394586498246,1693.7788224438536,1657.0620106216145,1806.1746939660527,1689.7848706676302,1707.386172809074,1775.5139221551667,1305.5555555555554,21133.33333333333,0.0,21133.33333333333,0.0,0.0,0.0,0.0,0.0,43016.66666666666,9.49724,7.289659558476354,9.222990575127511,6.765284684182559,6.762794842047898,6.762794842047898,9.34998608303916,7.878782347849597,6.762794842047898,8.178228803658927,6.765284684182559,6.765284684182559,8.283322602153365,6.762794842047898,7.484374889925323,6.762794842047897,6.762794842047898,6.762794842047898,8.711330481492153,7.072050225668443,6.762794842047898,7.016927053321042,6.762794842047897,6.762794842047898,6.764512041147928,2.1112885777785904,2.3098180802693657,2.87232254715215,2.568293401116472,2.8020666679278348,3.738756488594533,2.0433402279365493,2.5478361207680704,2.0433402279365493,2.551373162309032,2.739632485874833,2.517127745857364,Metadata_MT_Commercial_MT_baseline_metadata_and_annual_results.csv,MT
184784,0,17500.0,Cold,MT,Montana,strip_mall_restaurant40,RetailStripmall,Mercantile,10001_25000,NaturalGas,Small Packaged Unit,Central Single-zone RTU_Furnace_DX,DX,Furnace,night_fancycle_vent,PSZ-AC with gas coil,Central Single-zone RTU,gen2_t8_halogen,1,1,1965,0.0,0.0,0.0,0.0,0.0,0.0,36450.0,31330.55555555556,82961.11111111111,0.0,0.0,0.0,148469.44444444444,85175.0,0.0,0.0,30712.83830437898,39485.38069302319,31965.550998972634,404850.0,28927.15098890667,32247.50198810589,41428.55442241777,35503.21970621874,31203.231383277624,35717.18827401686,30847.49136557697,32097.74884588425,34713.557193791035,20463.888888888887,251763.88888888888,103786.1111111111,503633.3333333333,148080.55555555556,0.0,0.0,0.0,0.0,908480.5555555556,125.55095,78.6522222325841,116.3895556246135,70.90531692027054,66.03774726263562,69.30598715382686,122.02059490644284,106.5307500429878,65.89724145532786,94.66102323022535,71.06584123522113,72.38982224656182,93.1402755238977,65.31553138504438,89.37844556875135,69.21803691159218,64.57988861666144,65.93275974516744,94.6207449011804,84.39225224734798,64.59028236010958,81.82114988378736,67.10939963783241,65.73551467798758,76.79452837008319,63.61621124236879,68.88038651986494,64.02718388898846,63.74037619451134,64.05126115342256,75.90511191441587,71.15763974865837,63.9363391750172,64.77636978615621,63.66717087326848,63.76475684932209,68.68956809426496,Metadata_MT_Commercial_MT_baseline_metadata_and_annual_results.csv,MT
184785,0,17500.0,Cold,MT,Montana,,SmallOffice,Office,10001_25000,NaturalGas,Small Packaged Unit,Central Single-zone RTU_Furnace_DX,DX,Furnace,night_fancycle_vent,PSZ-AC with gas coil,Central Single-zone RTU,gen2_t8_halogen,2,2,1996,0.0,0.0,0.0,0.0,0.0,0.0,11286.111111111111,8308.333333333334,26552.777777777777,0.0,0.0,0.0,27755.555555555555,31936.11111111112,2.7777777777777777,0.0,7946.573694470785,10816.466874622329,8466.650804153447,105841.66666666669,7701.396881225567,8520.092808072131,12156.50537018568,8351.641433358165,7980.29559215119,8879.771037391096,8037.471921046053,8323.924773914685,8661.81035652985,0.0,163027.77777777775,0.0,172197.2222222222,9169.444444444443,0.0,0.0,0.0,0.0,278038.8888888889,49.94325,34.158249080153034,48.48480926139679,29.82865548758527,29.653743947064232,29.65522964772657,46.589742957776,40.03640630148527,30.195292580445862,39.29343925916117,29.93099703010467,30.9114400977657,42.2871174469272,29.653743947064232,34.91945325694633,29.653743947064232,29.653743947064232,29.653743947064232,42.63755537419561,31.98575268858388,29.653743947064232,31.258606620274765,29.653743947064232,29.653743947064232,31.56891461098759,9.189935836825502,8.669154197332256,10.803829670214125,10.622991293319762,10.720594098181136,9.897895074081896,8.15192332677471,10.701894399669095,8.13420736123805,10.309911810626174,10.21418291811189,9.78799490710436,Metadata_MT_Commercial_MT_baseline_metadata_and_annual_results.csv,MT
184786,0,3000.0,Cold,MT,Montana,,SmallOffice,Office,1001_5000,NaturalGas,Small Packaged Unit,Central Single-zone RTU_Furnace_DX,DX,Furnace,night_fancycle_vent,PSZ-AC with gas coil,Central Single-zone RTU,gen4_led,1,1,2018,0.0,0.0,0.0,0.0,0.0,0.0,152.77777777777777,2397.222222222222,2411.111111111111,0.0,0.0,0.0,5605.555555555556,4133.333333333334,0.0,0.0,1168.3375028790535,1207.8848740076237,1372.3147615929754,14697.222222222224,1218.8516263131853,1365.085879396986,1241.6166924842605,1050.245004509078,1233.042232173698,1159.5146699724223,1267.3949471445342,1263.8905885304828,1149.9371365316267,0.0,29219.44444444444,0.0,30775.0,1555.5555555555554,0.0,0.0,0.0,0.0,45475.0,4.589060000000001,3.678356057677969,4.529316987482383,3.678356057677969,3.678356057677969,3.678356057677969,4.570905709356205,3.678356057677969,3.678356057677969,3.678356057677969,3.678356057677969,3.678356057677969,3.714510123472247,3.678356057677969,3.678356057677969,3.678356057677969,3.678356057677969,3.678356057677969,3.9957024528816456,3.678356057677969,3.678356057677969,3.678356057677969,3.678356057677969,3.678356057677969,3.678356057677969,1.6786184108665925,1.6786184108665925,1.7502870891511169,1.7401342630241496,1.7467101409249342,1.6786184108665925,1.6786184108665925,1.7622816951514235,1.6786184108665925,1.7019151813864737,1.6786184108665925,1.6786184108665925,Metadata_MT_Commercial_MT_baseline_metadata_and_annual_results.csv,MT
184788,0,3000.0,Cold,MT,Montana,,FullServiceRestaurant,Food Service,1001_5000,Propane,Small Packaged Unit,Central Single-zone RTU_Furnace_DX,DX,Furnace,night_fanon_vent,PSZ-AC with gas coil,Central Single-zone RTU,gen4_led,1,1,1931,0.0,0.0,0.0,0.0,0.0,0.0,12877.777777777776,6608.333333333333,56158.333333333336,0.0,0.0,0.0,130241.66666666669,6177.777777777778,0.0,13197.222222222224,17864.465586273833,21007.232974495146,18401.309453074195,225261.1111111111,16439.954032196096,18386.97595335093,21424.82311394445,19083.6916551651,18259.22119641204,19339.50148584665,17871.806101677455,18602.79981749269,18579.154875922388,0.0,0.0,127811.1111111111,127811.1111111111,0.0,0.0,208066.6666666667,293419.44444444444,85352.77777777777,646491.6666666666,60.31965,48.52760078434958,59.81502923797282,42.48928872577353,42.07563353833396,42.36103907231536,56.0044070115001,55.1277724965353,41.0113936726609,49.18677679785582,42.46953271529538,45.85122458626478,51.2976507297581,41.08398809127654,49.24570749174505,41.76413142584877,40.51316958319224,41.67362507309579,51.12956354495286,45.53169186183364,40.56353806992028,44.83234647566621,41.9384401959001,41.16224621829103,42.67031122926987,39.77609916801425,41.11266248536405,40.22065984357256,39.841565058014325,40.06432567766377,41.54413221722968,41.00897244004506,39.51699481639171,40.84878511012707,40.36966878638929,39.97123619726483,40.21922403495763,Metadata_MT_Commercial_MT_baseline_metadata_and_annual_results.csv,MT
184790,0,7500.0,Cold,MT,Montana,,Warehouse,Warehouse and Storage,5001_10000,NaturalGas,Small Packaged Unit,Central Single-zone RTU_Furnace_DX,DX,Furnace,night_fancycle_vent,PSZ-AC with gas coil,Central Single-zone RTU,gen4_led,1,1,2010,0.0,0.0,0.0,0.0,0.0,0.0,1119.4444444444446,14530.555555555557,2347.222222222222,0.0,0.0,0.0,20422.222222222223,6986.111111111111,0.0,0.0,3516.653074131584,3863.6318102564906,4221.957329504144,45405.55555555556,3714.9239245588255,4227.176066421315,4042.685928685331,3160.3587862801064,3759.274326576146,3444.0970942447275,3931.052126083785,3895.316795014332,3628.961157723225,0.0,76788.88888888888,0.0,76788.88888888888,0.0,0.0,0.0,0.0,0.0,122194.44444444444,11.90057,10.015238193099872,11.846428584261243,11.14024527909453,10.17768917905158,11.22598256444502,11.633491237018998,8.351859773439928,10.10983060644662,8.120792511372775,10.76580904565583,10.834693076595151,10.595056701475428,8.020611454528142,8.186222320227168,10.84780384142805,9.94414984072388,10.89151264554051,10.054303309859066,7.510020444581501,9.743518405647906,7.5089378897322865,9.776419060601366,9.764767404246257,9.546268986363748,4.854596251316981,4.849140406540481,5.273784879855353,5.287522258439314,5.126402354753547,5.048293377992863,4.849140406540481,5.172945629447625,4.849140406540481,5.041462894868314,4.907426488193051,4.849140406540481,Metadata_MT_Commercial_MT_baseline_metadata_and_annual_results.csv,MT
184791,0,17500.0,Cold,MT,Montana,,SmallOffice,Office,10001_25000,Propane,Small Packaged Unit,Central Single-zone RTU_Furnace_DX,DX,Furnace,night_fancycle_vent,PSZ-AC with gas coil,Central Single-zone RTU,gen5_led,2,2,1973,0.0,0.0,0.0,0.0,0.0,0.0,14972.222222222224,10827.777777777776,33094.444444444445,0.0,0.0,0.0,50291.66666666666,18069.444444444445,2.7777777777777777,0.0,9374.847204890331,12824.634598380362,9912.859015531913,127258.33333333331,9221.778171379605,10094.153106416945,14439.246851830549,11107.960817479292,9424.63296800699,11069.712304702629,9452.28339827814,9854.590591962362,10481.706239900624,0.0,0.0,0.0,0.0,0.0,0.0,174925.0,181536.1111111111,6611.111111111111,308794.44444444444,53.831050000000005,37.58099463724739,51.90825790801529,33.03520289577198,32.868161020742534,32.868161020742534,53.59474520717376,48.798808582800426,33.424681724187025,46.13176161292812,33.614981712459965,35.07444498049844,46.12669013243157,32.868161020742534,41.53278110936016,32.868161020742534,32.868161020742534,32.868161020742534,47.84213698632572,37.57917634517439,32.868161020742534,37.70928073968088,32.868161020742534,32.873770767376975,34.404047372675365,11.378274271974025,11.378274271974025,12.028274984174724,12.843213302588874,12.27809890357291,11.967931420593173,11.378274271974025,11.729535361370056,11.378274271974025,11.94728426165798,11.389098911868947,11.378274271974025,Metadata_MT_Commercial_MT_baseline_metadata_and_annual_results.csv,MT
184792,0,3000.0,Cold,MT,Montana,,SmallOffice,Office,1001_5000,NaturalGas,Small Packaged Unit,Central Single-zone RTU_Furnace_DX,DX,Furnace,night_fancycle_vent,PSZ-AC with gas coil,Central Single-zone RTU,gen2_t8_halogen,1,1,1932,0.0,0.0,0.0,0.0,0.0,0.0,3677.7777777777774,4158.333333333334,7852.777777777778,0.0,0.0,0.0,12622.222222222224,4247.222222222222,0.0,0.0,2308.7186854429924,3459.60212765728,2630.293455044463,32558.33333333333,2508.321887996625,2684.7288691716785,3951.7201859853385,2577.224480813343,2440.835857476294,2535.377250639782,2451.891434931982,2420.474022854856,2588.939296558754,0.0,75794.44444444444,0.0,79405.55555555555,3611.111111111111,0.0,0.0,0.0,0.0,111963.88888888888,12.21971,7.400851545364534,11.733151820639735,7.005096416614828,7.005096416614828,7.005096416614828,11.902435596719467,9.99260269084019,7.005096416614828,9.61642549936377,7.005096416614828,7.094098183665247,10.069850452675832,7.005096416614828,9.030309970822548,7.005096416614828,7.005096416614828,7.005096416614828,10.16761120321244,7.7021180935816576,7.005096416614828,7.283715987431118,7.005096416614828,7.005096416614828,7.194931275681742,2.417773054052537,2.3996482255752825,3.108608235154001,3.114946338266552,3.087289314650367,5.907756507733982,2.408259606891044,2.9857621904245115,2.3996482255752825,2.995320650831217,2.727002977822455,2.621306810367512,Metadata_MT_Commercial_MT_baseline_metadata_and_annual_results.csv,MT
184793,0,7500.0,Cold,MT,Montana,,Warehouse,Warehouse and Storage,5001_10000,NaturalGas,Small Packaged Unit,Central Single-zone RTU_Furnace_DX,DX,Furnace,night_fancycle_vent,PSZ-AC with gas coil,Central Single-zone RTU,gen2_t8_halogen,1,1,2011,0.0,0.0,0.0,0.0,0.0,0.0,902.7777777777776,6722.222222222222,2738.888888888889,0.0,0.0,0.0,21638.888888888887,9716.666666666666,0.0,0.0,3258.51262334142,3528.3112284038416,3896.337892351084,41716.66666666666,3434.7774880897387,3897.7288879722487,3743.6847859619015,2889.129091370561,3452.578764368944,3191.526129645597,3621.123678398319,3585.0779425257165,3217.208106847907,0.0,101586.11111111112,0.0,101586.11111111112,0.0,0.0,0.0,0.0,0.0,143300.0,13.17885,10.658726466494262,13.072837856018769,11.045785570387972,11.05413836850273,11.03117369563842,11.883529393581233,9.565664883582777,10.759303242455491,10.29928549058929,10.85868142830335,10.66812328359449,10.79427765881633,10.171495756482166,10.157392616038967,10.750898875132116,10.739314164015653,10.72905111997078,10.65421813595901,9.509290730568123,10.411355134166698,10.157392616038967,10.712956066043247,10.463464454263658,10.353760745456322,4.231053252400915,4.178401369467851,4.563709786008021,4.509424782640552,4.548672714527753,4.292695991623979,4.178401369467851,4.537553082580049,4.178401369467851,4.395387434217317,4.33319532716537,4.178401369467851,Metadata_MT_Commercial_MT_baseline_metadata_and_annual_results.csv,MT
184795,0,75000.0,Cold,MT,Montana,mediumoffice_nodatacenter,MediumOffice,Office,50001_100000,Electricity,Multizone CAV/VAV,Central Multi-zone VAV RTU_Furnace_DX,DX,Furnace,night_fanon_vent,PVAV with gas heat with electric reheat,Central Multi-zone VAV RTU,gen2_t8_halogen,5,5,1928,0.0,0.0,0.0,0.0,0.0,0.0,77344.44444444445,30630.55555555556,168627.77777777778,0.0,0.0,493850.0,390630.5555555556,73877.77777777778,11.11111111111111,0.0,100041.54970053874,82357.23476615104,132452.11001524646,1251402.7777777778,135268.05236067422,133868.71013031056,82456.71655572111,82234.42925858826,115764.2669279636,87374.52604361923,116255.17987416124,99504.01451508333,83826.88379417585,16430.555555555555,74986.1111111111,0.0,74986.1111111111,0.0,0.0,0.0,0.0,0.0,1326388.888888889,288.75421,240.708881717061,184.6540728687556,279.7305315008379,286.0357355213958,285.1665401423334,187.60773019772645,168.70512942504777,232.2823460016169,177.8500579501698,232.03612637030847,200.56112867573705,177.23074779233792,171.8813506381273,150.21706953257495,205.44927973282944,241.4119387468913,207.2690545588933,161.68986939531334,150.2841051429735,195.6366151901984,151.45400251962923,195.9078989336444,169.6171542401251,145.95772852887023,120.52138018887834,98.62017368104458,174.12126999060447,200.93955685392663,175.92174019385322,94.15738790473736,112.50750837143988,151.75070440572645,110.06811393374748,144.02944436889447,134.39317769026547,100.52933933968986,Metadata_MT_Commercial_MT_baseline_metadata_and_annual_results.csv,MT
184797,0,7500.0,Cold,MT,Montana,strip_mall_restaurant30,RetailStripmall,Mercantile,5001_10000,NaturalGas,Residential Style Central Systems,Residential forced air_Furnace_DX,DX,Furnace,default_nochange,Residential AC with residential forced air furnace,Residential forced air,gen3_t5_cfl,1,1,1918,0.0,0.0,0.0,0.0,0.0,0.0,18483.333333333336,16019.444444444443,37994.444444444445,0.0,0.0,0.0,44369.444444444445,22158.33333333333,0.0,0.0,11425.967201513064,14777.394450708252,11705.706083796487,149125.0,10438.196712750992,11765.053637346153,15477.359446436883,12781.654916699395,11488.70443588395,12885.801536223991,11405.07947306869,12216.308234597156,12758.974635349809,10102.777777777776,40966.66666666666,99644.44444444444,193905.5555555556,53294.44444444444,0.0,0.0,0.0,0.0,343033.3333333333,46.89235,35.4259316966275,44.62941274307685,31.020654914366155,29.823017501298093,31.03854379472794,43.79618834175438,40.2473930544644,29.42359522702885,37.600146488305285,31.11650901372776,33.07845724423078,39.14177133511326,28.16504489261775,36.8424085846207,30.034253695341643,27.08945997387741,29.73349325532091,39.645614004034,33.84076588169954,27.03990387604052,32.14069579053036,30.32500766894318,29.181804489412407,33.003847870071056,24.38083045609644,29.353352394362386,24.0232346980249,23.181359749349507,23.8522728738698,30.2044057546922,26.319477096193346,23.589213875227728,27.07462173597932,24.36509428382998,25.70755032930161,24.984436450503505,Metadata_MT_Commercial_MT_baseline_metadata_and_annual_results.csv,MT
184798,0,75000.0,Cold,MT,Montana,,Warehouse,Warehouse and Storage,50001_100000,NaturalGas,Small Packaged Unit,Central Single-zone RTU_Furnace_DX,DX,Furnace,night_fancycle_vent,PSZ-AC with gas coil,Central Single-zone RTU,gen1_t12_incandescent,1,1,2005,0.0,0.0,0.0,0.0,0.0,0.0,21491.666666666668,59475.0,21183.33333333333,0.0,0.0,0.0,267550.0,261808.3333333333,0.0,0.0,50187.06037278024,56729.89208493708,52948.108111500725,631511.1111111111,47667.99016130908,54242.65163193365,60271.12798047715,50237.71343268298,50014.91694282903,53691.7777927838,50398.51726755178,53506.074208613165,51614.15905503141,0.0,200308.3333333333,0.0,200308.3333333333,0.0,0.0,0.0,0.0,0.0,831816.6666666666,144.92038,121.59636240974372,142.28899170914067,121.29202611300948,120.90375384419536,120.52087824918765,142.73114144658487,135.74637963564334,120.104148932003,132.9805333215955,120.85098579654348,121.74647574072463,135.92542774054567,119.74298724459008,131.00434766271553,119.6288642908701,119.59804683802864,119.61267733511065,135.40683262974605,124.6474281175676,119.44044705108077,122.20808241463452,119.63122356161452,120.55395396363276,122.19855967317535,32.85706667979971,35.24268512015475,33.14694840936272,34.3873693264311,33.693182741968684,35.14283663065062,33.111116704251934,33.002323977483194,32.75768699638884,32.81917546865115,32.74192548273347,32.81655219912499,Metadata_MT_Commercial_MT_baseline_metadata_and_annual_results.csv,MT
184799,0,7500.0,Cold,MT,Montana,,Warehouse,Warehouse and Storage,5001_10000,NaturalGas,Small Packaged Unit,Central Single-zone RTU_Furnace_DX,DX,Furnace,night_fanon_vent,PSZ-AC with gas coil,Central Single-zone RTU,gen4_led,1,1,1962,0.0,0.0,0.0,0.0,0.0,0.0,3583.333333333333,11302.777777777776,18716.666666666664,0.0,0.0,0.0,24805.555555555555,9013.88888888889,0.0,0.0,5209.362121060283,6248.216949099376,5735.576930138019,67425.0,5069.028406327429,5780.816173079542,6665.942932668011,5290.6187873278695,5381.825919954649,5436.861056054754,5463.608326817418,5617.587379139604,5525.066831838983,0.0,102050.0,0.0,102050.0,0.0,0.0,0.0,0.0,0.0,169472.22222222225,17.86361,11.036367951927314,17.84696346665664,11.765797890080975,11.732848738674257,11.765797890080975,16.880208929092284,13.75905122434214,11.68446983739816,12.488591735354513,11.765797890080975,11.725191317923096,14.625729336741648,9.71799146423489,12.11360414565437,11.743625173330246,11.68446983739816,11.765797890080975,13.505425101550404,9.871082531977745,11.630251135609612,9.59642906743231,11.722072304018267,11.662297120647429,11.5657685859027,6.214669043258801,6.364928105713475,6.306846435722176,6.306846435722176,6.306846435722176,6.627361872487867,6.188145184226719,6.306846435722176,6.214669043258801,6.306846435722176,6.214669043258801,6.198916646163405,Metadata_MT_Commercial_MT_baseline_metadata_and_annual_results.csv,MT
184801,0,17500.0,Cold,MT,Montana,,SmallOffice,Office,10001_25000,Electricity,Small Packaged Unit,Central Single-zone RTU_Electric Resistance_DX,DX,Electric Resistance,night_fanon_vent,PSZ-AC with electric coil,Central Single-zone RTU,gen4_led,2,2,2007,0.0,0.0,0.0,0.0,0.0,0.0,14041.666666666666,13072.222222222224,69475.0,0.0,0.0,64383.333333333336,122133.33333333331,18719.444444444445,2.7777777777777777,0.0,21225.79704905296,22577.25000653442,34515.90856001362,301830.5555555555,34124.934855936655,31403.70656362292,24132.04956067052,19441.307819998525,25381.18922133741,20325.158024313307,27679.098341662426,20999.728523907528,20023.39299721983,0.0,0.0,0.0,9844.444444444443,9844.444444444443,0.0,0.0,0.0,0.0,311672.22222222225,123.54094,67.806624009304,54.12960288251025,88.22999801055127,121.54438435934432,74.78942428587428,52.87662063462673,45.467993855165375,63.65842877086806,43.74231956044271,60.72758326133928,44.21400742280544,47.24767803560772,35.28910840483202,40.09111133306592,53.2271755623693,63.35160638600164,50.10360914250268,48.45142078053802,34.70642531958481,43.96373288944366,33.29140248011088,49.585567640151154,34.89915816002723,34.4565256190305,22.304456725503044,25.78176621968609,42.12844024488792,38.78887063171488,43.08106339679045,27.142176178363613,22.304456725503044,32.13751415018781,22.304456725503044,27.90068460287954,23.640359682902687,22.304456725503044,Metadata_MT_Commercial_MT_baseline_metadata_and_annual_results.csv,MT
184803,0,3000.0,Cold,MT,Montana,,FullServiceRestaurant,Food Service,1001_5000,NaturalGas,Multizone CAV/VAV,Central Multi-zone VAV RTU_Boiler _DX,DX,Boiler ,night_fancycle_vent,PVAV with gas boiler reheat,Central Multi-zone VAV RTU,gen2_t8_halogen,1,1,1993,0.0,0.0,0.0,0.0,0.0,0.0,11444.444444444443,4744.444444444444,26472.222222222223,0.0,0.0,0.0,86597.22222222222,12397.222222222224,655.5555555555555,13383.333333333334,12703.045694994058,15783.41508610736,13046.321490872138,164158.33333333334,11938.196879489731,13255.114140080972,16556.568197023233,13841.710785088737,12961.960753240528,13934.58173513012,12584.838679678398,13034.67220660011,14517.856724940604,8466.666666666666,73077.77777777777,184041.66666666663,331355.5555555556,74233.33333333333,0.0,0.0,0.0,0.0,495513.8888888889,50.74996,38.1849456673606,49.98266595956506,31.64590934031953,31.17028645911304,31.53268076504025,46.999234504591215,42.08864810577349,31.08913142456144,39.880701130069006,31.71219634672235,34.06572227092524,40.33550365788927,30.17648636177684,37.8518481065226,31.27444109286644,30.370438857243336,31.203556613370765,41.26164869676342,35.07592316415256,30.190270383036523,33.52454169680126,31.387847219544376,30.484255610088567,35.987472199846366,26.257248057568205,28.05875109220747,26.48058732591221,26.43227369782482,26.4631005208166,29.67134001787401,26.35051361721001,26.34169454028847,26.32545634015073,26.5065123022633,26.36596772956145,29.003595056837543,Metadata_MT_Commercial_MT_baseline_metadata_and_annual_results.csv,MT
184804,0,37500.0,Cold,MT,Montana,,Warehouse,Warehouse and Storage,25001_50000,NaturalGas,Small Packaged Unit,Central Single-zone RTU_Furnace_DX,DX,Furnace,night_fancycle_vent,PSZ-AC with gas coil,Central Single-zone RTU,gen1_t12_incandescent,1,1,1961,0.0,0.0,0.0,0.0,0.0,0.0,28119.444444444445,23769.444444444445,24163.888888888887,0.0,0.0,0.0,104547.22222222222,94844.44444444444,0.0,0.0,20416.293066456976,28343.51111735223,21403.355910051465,275444.44444444444,19545.3183475028,21840.0624044455,32230.21894825959,23729.90828389577,20073.71977720788,23421.68629070068,20246.500926042383,21393.89116634931,22800.13424389384,0.0,365627.77777777775,0.0,365627.77777777775,0.0,0.0,0.0,0.0,0.0,641072.2222222224,118.48227,70.75559440317875,117.33653921598489,60.49938132827377,58.3816260443162,60.30633170635027,111.20905917248308,95.84855747899728,60.070928679857325,86.51703824140637,60.93450325885229,69.95998217239504,97.14969652764718,56.13736174896833,78.51380825877358,57.00338325413298,56.6548622849549,57.599850634619415,89.38641843872249,67.24898202155688,56.21626016027344,65.76010012058619,56.064352157554296,56.27264437002607,59.13678168062926,15.45909671987308,22.53089301510697,16.227980771260878,17.32946649478454,16.499711629257312,38.85694022146901,14.995834298232676,15.916540743489088,15.30403874815668,16.088760508103558,15.457740606938334,15.210644445054603,Metadata_MT_Commercial_MT_baseline_metadata_and_annual_results.csv,MT
184805,0,3000.0,Cold,MT,Montana,strip_mall_restaurant20,RetailStripmall,Mercantile,1001_5000,Electricity,Small Packaged Unit,Central Single-zone RTU_Electric Resistance_DX,DX,Electric Resistance,night_fancycle_novent,PSZ-AC with electric coil,Central Single-zone RTU,gen4_led,1,1,1896,0.0,0.0,0.0,0.0,0.0,0.0,8988.888888888889,5394.444444444444,15938.888888888889,0.0,0.0,44797.22222222223,6869.444444444444,15997.222222222224,0.0,0.0,8527.596864568632,7551.668476573073,13634.66302168937,119988.8888888889,17278.775779200725,14547.623907991594,8403.099659599375,6728.234091974137,10945.100799446933,6711.198410746217,10918.12871225699,7949.000973299271,6794.549420432153,22002.777777777777,0.0,0.0,0.0,0.0,0.0,0.0,0.0,0.0,119988.88888888888,64.96717,37.8136228341324,27.55092252447232,54.33258298257004,59.215325532977005,54.63642783565322,28.19024523494008,24.976583261850923,45.70776754978605,21.861317154220966,39.16055656141182,33.94677422671772,23.848963987318,18.82090641064229,20.127890589389374,31.696784414271548,43.461403272855954,31.02771826435745,21.828810578189422,17.211469520696355,27.416985180440992,17.485302776818852,26.99146889796889,17.342777032898788,18.51836049072398,13.692481990160326,13.78878725850147,17.54053840997801,23.896836564056013,24.31790952901577,17.700680317816175,13.07773708553026,19.835619474253807,12.71366152088695,17.5170422774006,14.071558649335133,12.450687950621107,Metadata_MT_Commercial_MT_baseline_metadata_and_annual_results.csv,MT
184807,0,17500.0,Cold,MT,Montana,,SmallOffice,Office,10001_25000,NaturalGas,Small Packaged Unit,Central Single-zone RTU_Boiler _DX,DX,Boiler ,night_fancycle_vent,PSZ-AC with gas boiler,Central Single-zone RTU,gen5_led,2,2,1989,0.0,0.0,0.0,0.0,0.0,0.0,12463.888888888889,8302.777777777777,21319.444444444445,0.0,0.0,47.22222222222222,76422.22222222222,15580.555555555557,2461.111111111111,0.0,10131.436562698333,13060.431116305304,11345.143900262708,136597.22222222222,10790.156480988417,11690.06554696211,14638.152358421505,11198.09599252921,10642.4437054084,11115.10360951886,10627.607272293018,10530.200323636298,10828.912443442883,0.0,177983.3333333333,0.0,185466.66666666663,7483.333333333333,0.0,0.0,0.0,0.0,322063.88888888893,52.07058,27.959706706172245,48.38032321321124,24.325208660114367,24.1860743595816,24.58032750834472,51.619009913326494,43.19337654693114,23.784593290207685,36.42157109802931,23.817342869628952,28.22896219531816,40.5339266549386,23.57730409941184,35.04364738327141,23.618414076447987,23.6532914928704,24.19559644987069,39.62873787409354,30.25361609873892,23.542617665913617,26.689582360756543,23.55700373149004,23.558719837134152,25.7229254445804,12.315031622732835,12.315031622732835,11.301704510417498,13.24515483591694,11.3619262706241,12.315031622732835,12.315031622732835,12.628218919970292,12.315031622732835,11.67055729943558,12.315031622732835,12.315031622732835,Metadata_MT_Commercial_MT_baseline_metadata_and_annual_results.csv,MT
184808,0,3000.0,Cold,MT,Montana,strip_mall_restaurant20,RetailStripmall,Mercantile,1001_5000,NaturalGas,Small Packaged Unit,Central Single-zone RTU_Furnace_DX,DX,Furnace,night_fancycle_vent,PSZ-AC with gas coil,Central Single-zone RTU,gen2_t8_halogen,1,1,1944,0.0,0.0,0.0,0.0,0.0,0.0,2936.111111111111,5541.666666666667,12208.333333333334,0.0,0.0,0.0,5891.666666666667,16563.888888888887,0.0,0.0,5059.193844964537,5767.106380328122,5432.813122841578,64033.333333333336,4961.100182508704,5475.1031784003535,6163.891344065951,5212.450221078829,5351.988357254897,5270.430263050263,5118.625639758168,5122.523501786038,5097.25177079265,20888.888888888887,58386.1111111111,0.0,58386.1111111111,0.0,0.0,0.0,0.0,0.0,122416.66666666669,26.74907,13.675727617519367,21.11209582598027,13.66551878459604,13.673335602614497,13.671680696135596,19.936851909344828,17.995904550768948,13.681294716906782,17.277710018605006,13.658289497180276,13.229148490267995,18.54998014065633,13.06756981441588,14.48593591920368,12.847346875200362,13.283587212083798,12.9717255866534,16.96231962372162,13.75868715923032,13.14564992137517,13.450041602325772,12.789398917389526,12.247453511378357,12.630738958269951,11.907090930432725,11.381864428555316,11.608126535800356,11.818575021845824,11.874382120670695,11.849834921357663,11.39684127316742,11.816787367973957,11.51266371289115,11.499280331703623,11.08993619879249,11.406941035776091,Metadata_MT_Commercial_MT_baseline_metadata_and_annual_results.csv,MT
184809,0,37500.0,Cold,MT,Montana,,RetailStandalone,Mercantile,25001_50000,Electricity,Multizone CAV/VAV,Central Multi-zone VAV RTU_Furnace_DX,DX,Furnace,night_fancycle_vent,PVAV with gas heat with electric reheat,Central Multi-zone VAV RTU,gen4_led,1,1,2006,0.0,0.0,0.0,0.0,0.0,0.0,42350.0,37127.777777777774,70519.44444444445,0.0,0.0,247647.22222222225,45225.0,95258.33333333331,0.0,0.0,43129.92020421645,31241.52921046573,62593.48321083598,538125.0,70190.79188301857,66263.12659235025,34295.822851855104,27689.09145497091,52134.58373490697,29021.3801393574,52615.64492333676,39527.07664618935,29422.4287472874,0.0,246877.7777777777,0.0,246877.7777777777,0.0,0.0,0.0,0.0,0.0,785002.7777777778,209.25362,126.29616387057868,141.1630022863732,162.30266512631053,177.12424652407913,167.46345689952207,150.99576214543856,109.6715046663614,127.6511660708041,80.67979217234708,128.9666521155895,114.29238089813838,95.96146314917806,79.1936482262976,78.932671729767,106.13682759968756,138.40601185289722,113.77744047538876,98.92768781111694,63.82239585939921,95.0246352963684,59.90890088152434,94.60216368408304,68.49077526600358,63.98427158360386,48.7677963763041,44.98096892664899,73.59473512384027,99.2662917876646,89.04825713230835,67.51379393970728,43.40338805916085,74.68754378275955,50.00573542742786,69.98982899162876,51.35499872748354,48.42860424306489,Metadata_MT_Commercial_MT_baseline_metadata_and_annual_results.csv,MT
184810,0,37500.0,Cold,MT,Montana,,RetailStandalone,Mercantile,25001_50000,NaturalGas,Small Packaged Unit,Central Single-zone RTU_Furnace_DX,DX,Furnace,night_fancycle_vent,PSZ-AC with gas coil,Central Single-zone RTU,gen2_t8_halogen,1,1,1935,0.0,0.0,0.0,0.0,0.0,0.0,39605.55555555556,24291.666666666668,80886.11111111111,0.0,0.0,0.0,46155.55555555556,146783.3333333333,0.0,0.0,23977.70309514602,34651.327962703166,25801.4345848509,337719.44444444444,23511.063400008043,25676.306925026645,40543.49240168801,30814.58562009355,25107.829006659977,28050.12275498902,24650.78843704255,27380.875240762936,27553.99312226417,0.0,410250.0,0.0,410250.0,0.0,0.0,0.0,0.0,0.0,747969.4444444445,124.9395,81.47623761774456,124.7224617835863,61.5400784349692,61.5400784349692,61.53790109976968,116.28153685485223,110.06137592526926,61.53790109976968,95.98294144893414,61.53790109976968,81.64788431067151,96.42094473489024,56.92978249324005,87.17403801037855,56.92978249324005,56.92978249324005,56.92978249324005,100.19819932185678,84.39384976617814,56.92978249324005,72.5335440948133,56.92978249324005,70.59392511518365,63.48004576002582,56.92816376297037,56.92816376297037,56.92957989737191,56.92978249324005,56.92978249324005,76.95215542144427,55.94026220802904,56.92816376297037,56.92354864645014,56.92816376297037,56.92816376297037,56.92816376297037,Metadata_MT_Commercial_MT_baseline_metadata_and_annual_results.csv,MT
184811,0,75000.0,Cold,MT,Montana,,Warehouse,Warehouse and Storage,50001_100000,NaturalGas,Small Packaged Unit,Central Single-zone RTU_Furnace_DX,DX,Furnace,night_fancycle_vent,PSZ-AC with gas coil,Central Single-zone RTU,gen4_led,1,1,1964,0.0,0.0,0.0,0.0,0.0,0.0,11361.111111111111,39838.88888888889,19352.777777777777,0.0,0.0,0.0,211530.5555555556,73244.44444444445,0.0,0.0,28081.89446963046,31470.41036779512,30752.9631161671,355330.5555555556,28093.44162899924,31390.512307018093,34256.4283609679,26920.59894244831,28783.359265107105,28718.118550950843,29063.073035571084,29801.22551453432,27997.22017927935,0.0,626136.1111111111,0.0,626136.1111111111,0.0,0.0,0.0,0.0,0.0,981466.6666666666,107.93931,81.53630479141924,107.5755607915545,86.3691624123038,86.09917752686502,86.1552347434069,104.66941548664587,87.71663022739577,82.78000798267719,79.76749028828121,83.96310164535161,83.21331991547993,88.05338974684793,74.92623382694273,78.57634381004036,82.49079146907286,83.4179209756131,82.88856091617888,91.67417809183549,76.14912509549266,81.14285370705433,76.07266919834724,81.79269258612429,81.33594466543776,79.9560585254271,24.321530487599297,24.290554886300097,26.07683006669112,27.451877079353338,26.215791353236472,24.393415454026705,24.290554886300097,25.896703937183563,24.290554886300097,25.66520787250852,24.3563653230274,24.290554886300097,Metadata_MT_Commercial_MT_baseline_metadata_and_annual_results.csv,MT
184812,0,17500.0,Cold,MT,Montana,,SmallHotel,Lodging,10001_25000,Electricity,Zone-by-Zone,Zone terminal equipment_Electric Resistance_DX,DX,Electric Resistance,default_nochange,PTAC with electric coil,Zone terminal equipment,gen4_led,1,1,1994,0.0,0.0,0.0,0.0,0.0,0.0,25719.444444444445,38347.22222222223,24830.555555555555,0.0,0.0,74719.44444444445,85036.11111111111,18997.222222222223,22.22222222222222,0.0,24300.18775982647,25253.56470674884,37797.78494131896,340008.3333333333,38635.55714436895,36858.01268068198,27302.258627436844,22767.91578163319,28832.537084399144,22853.87755523206,29548.73479918372,23262.14043081736,22596.58177454968,72333.33333333333,0.0,35344.44444444444,35344.44444444444,0.0,0.0,0.0,0.0,0.0,375352.77777777775,113.0456,83.37707820132844,64.07729182053532,101.95992383032004,111.5457381137345,109.96083777756624,64.70407655142002,60.18459722849518,77.53899555627957,55.518309320014986,76.5236788092298,56.64309635935299,57.48870150525206,48.97076621074954,49.282901446572,70.27590183240885,80.20985355644548,65.44032815275601,53.33171768676274,48.38572446351576,55.71383228511328,42.789774523473554,58.38361669133606,45.69364157918229,48.0354039571314,41.261825531279165,38.12601461748202,50.230297819506575,55.4246814549046,52.095476842377096,40.61250977777911,36.13150805554531,45.348861142453536,37.17034053287336,45.53910884492322,41.73736493923695,39.43797677106449,Metadata_MT_Commercial_MT_baseline_metadata_and_annual_results.csv,MT
184813,0,75000.0,Cold,MT,Montana,,Warehouse,Warehouse and Storage,50001_100000,NaturalGas,Small Packaged Unit,Central Single-zone RTU_Furnace_DX,DX,Furnace,night_fancycle_vent,PSZ-AC with gas coil,Central Single-zone RTU,gen2_t8_halogen,1,1,1988,0.0,0.0,0.0,0.0,0.0,0.0,28500.0,57275.0,34658.333333333336,0.0,0.0,0.0,277291.6666666667,133988.8888888889,0.0,0.0,41059.239758526855,49951.75065278263,44022.63055571928,531711.1111111111,39973.36601534318,45071.942128043374,54830.93800857251,42888.074739088814,41040.77053074932,44312.89073810029,41638.08271790889,43706.436426240005,43215.40214818492,0.0,426652.77777777775,0.0,426652.77777777775,0.0,0.0,0.0,0.0,0.0,958366.6666666667,144.79892,95.552272933146,144.49589031821594,97.41266293045793,99.0340989140821,97.44151293636084,141.71427931875698,120.96535841737467,95.04810069120268,112.4716694837092,96.31550013084302,95.76478888374314,121.56313126412596,92.96057149558544,104.52052424287868,94.42943759458382,95.5663188928314,94.62608828776028,120.78248784711202,95.17644828353228,93.58335373312836,92.17857571643086,93.96354173375695,93.75861835720062,94.35490495945852,29.32013478948216,30.25139281634513,30.331277024680272,32.22060650071743,30.82229111752396,41.60570955789783,29.035281019858136,29.67556668346753,29.045282453397025,29.93497099143299,29.31042944800236,29.287070840402816,Metadata_MT_Commercial_MT_baseline_metadata_and_annual_results.csv,MT
184815,0,17500.0,Cold,MT,Montana,strip_mall_restaurant30,RetailStripmall,Mercantile,10001_25000,NaturalGas,Residential Style Central Systems,Residential forced air_Furnace_DX,DX,Furnace,default_nochange,Residential AC with residential forced air furnace,Residential forced air,gen4_led,1,1,1950,0.0,0.0,0.0,0.0,0.0,0.0,46294.444444444445,31900.0,91783.33333333331,0.0,0.0,0.0,49500.0,68016.66666666667,0.0,0.0,23319.431046926675,31530.730375683463,23202.40102627216,306644.44444444444,20730.1087372456,23221.38621463143,33918.56220496034,27311.14398375461,22971.450257868808,27122.39750990457,22436.399131166803,24237.878389439185,26643.45110534034,19152.777777777777,140444.44444444444,148594.44444444444,409997.2222222222,120958.33333333331,0.0,0.0,0.0,0.0,716641.6666666666,127.92282000000002,88.7982067421275,121.63225906717912,62.24481851748583,58.5303177942701,62.68310360100008,106.9548887391316,100.04405597778228,64.8271951136979,91.4130741014227,64.52387624392034,77.22708044751792,98.86252087461416,62.85569413759238,87.71862445275836,55.40610856786571,55.00022372210261,55.48762215144291,92.88237386594594,80.24684405469851,58.00733244695755,76.84714669958515,56.44709285077856,63.39769567486054,75.75645517322295,54.18528029252823,62.33988841947321,53.11628687708336,53.46686141898845,53.23349587124623,77.52145396780237,59.48493540352465,53.83334705874815,57.93946665031325,53.88945504541707,53.58984395019164,53.59618680130741,Metadata_MT_Commercial_MT_baseline_metadata_and_annual_results.csv,MT
184819,0,75000.0,Cold,MT,Montana,,RetailStandalone,Mercantile,50001_100000,NaturalGas,Small Packaged Unit,Central Single-zone RTU_Furnace_DX,DX,Furnace,night_fancycle_vent,PSZ-AC with gas coil,Central Single-zone RTU,gen2_t8_halogen,1,1,1979,0.0,0.0,0.0,0.0,0.0,0.0,133761.1111111111,64363.88888888889,336766.6666666667,0.0,0.0,0.0,103194.44444444444,287394.44444444444,0.0,0.0,66042.791435777,97574.26567628911,67780.3092631081,925480.5555555556,61882.85688284579,68223.32520102596,112678.41603634192,85974.19788741953,65671.54803026385,91500.20478553385,65036.08038678334,67537.86843501264,75578.02922064305,0.0,877738.8888888888,0.0,877738.8888888888,0.0,0.0,0.0,0.0,0.0,1803216.6666666667,335.67912,206.16924922813,310.1563334357234,156.17811840419796,156.17367951475828,156.17811840419796,331.4287836352172,277.85846927209553,155.9710423507667,240.7524008817092,156.2684154507129,201.5258200449304,261.2128960159017,144.4754293251978,238.3724015968276,156.17589895947813,155.96673169798163,156.1770852678734,258.050714638399,217.0373798860276,151.23048301418729,220.14239331513903,156.17367951475828,154.94174982762704,182.5122244807747,133.7744521909459,139.88572952754714,133.7744521909459,133.7744521909459,133.7744521909459,211.63352554215092,128.41785328675954,133.77001330150622,153.41789698597523,133.77001330150625,133.77223274622608,133.77001330150625,Metadata_MT_Commercial_MT_baseline_metadata_and_annual_results.csv,MT
184820,0,3000.0,Cold,MT,Montana,,SmallOffice,Office,1001_5000,Propane,Small Packaged Unit,Central Single-zone RTU_Furnace_DX,DX,Furnace,night_fancycle_vent,PSZ-AC with gas coil,Central Single-zone RTU,gen2_t8_halogen,1,1,2013,0.0,0.0,0.0,0.0,0.0,0.0,2250.0,3111.111111111111,4488.888888888889,0.0,0.0,0.0,7091.666666666667,4202.777777777778,0.0,0.0,1627.7103929149544,2360.293245981606,1841.278645863654,22755.555555555555,1705.5115044777417,1904.4004350364544,2590.330221660219,1908.9079116144,1707.793609979568,1902.6415539192544,1720.0369135030032,1747.6635659324534,1739.8348528166562,1611.111111111111,0.0,0.0,0.0,0.0,0.0,32952.777777777774,32952.777777777774,0.0,55708.33333333333,9.75069,5.65666527706297,9.170911283560718,5.65666527706297,5.65666527706297,5.65666527706297,9.728442584554417,7.596198777660054,5.65666527706297,7.543508256987466,5.65666527706297,5.65666527706297,6.982561609584573,5.493368732976512,6.663174381280924,5.508214285379218,5.624608287731563,5.493368732976512,7.251599883372337,6.519506080784441,5.493368732976512,6.00964982005438,5.5070984448397295,5.65666527706297,5.65666527706297,1.7881737151423236,1.898967408013586,2.1446974500225275,2.377533031382036,2.194091873984996,2.2700151658871563,1.8570554963344232,2.1042265458153686,1.66546735204584,2.156553705616557,2.1097306123712625,2.020393667166459,Metadata_MT_Commercial_MT_baseline_metadata_and_annual_results.csv,MT
184821,0,17500.0,Cold,MT,Montana,,Warehouse,Warehouse and Storage,10001_25000,NaturalGas,Small Packaged Unit,Central Single-zone RTU_Furnace_DX,DX,Furnace,night_fancycle_vent,PSZ-AC with gas coil,Central Single-zone RTU,gen3_t5_cfl,1,1,2010,0.0,0.0,0.0,0.0,0.0,0.0,1166.6666666666667,26805.555555555555,4280.555555555556,0.0,0.0,0.0,45947.22222222223,19883.33333333333,0.0,0.0,7773.538061660833,8068.388853217421,9122.760745858955,98083.33333333331,8078.951523268446,9153.72726120928,8249.349925576342,6964.842238846517,8242.942391403949,7633.366186818117,8522.452411777243,8513.34693693638,7759.193077595549,0.0,180275.0,0.0,180275.0,0.0,0.0,0.0,0.0,0.0,278358.3333333333,25.61577,22.4910264579004,22.229427532358617,25.291028654707763,23.35928180097666,25.489960429944496,22.30777078143335,18.858647085884776,23.337056085457785,18.760630419021297,24.4640862513404,24.668391070752524,22.01653638384209,18.756822571322623,18.879939449190434,24.65370875716755,22.34627774050113,24.73987525413303,20.36655833010415,18.339387176308065,21.90922715586794,18.38027675535461,21.986699536013624,21.960189075587795,21.537810720666656,9.901405693711796,9.842116110178308,10.701675021932616,10.706126907558858,10.384702543252224,9.916453288181865,9.842116110178308,10.492576863661164,9.842116110178308,10.219772766437895,10.13314720066837,9.842116110178308,Metadata_MT_Commercial_MT_baseline_metadata_and_annual_results.csv,MT
184823,0,3000.0,Cold,MT,Montana,strip_mall_restaurant20,RetailStripmall,Mercantile,1001_5000,Electricity,Multizone CAV/VAV,Central Multi-zone VAV RTU_Furnace_DX,DX,Furnace,night_fancycle_vent,PVAV with gas heat with electric reheat,Central Multi-zone VAV RTU,gen1_t12_incandescent,1,1,1952,0.0,0.0,0.0,0.0,0.0,0.0,12005.555555555557,8463.888888888889,23827.777777777777,0.0,0.0,42633.333333333336,6441.666666666667,22638.888888888887,0.0,0.0,9319.709965877526,9565.017775807804,15030.60006617015,134436.1111111111,17092.439505964136,15806.93791607394,10701.344752456516,8003.483108981452,11828.678424513428,7893.396431768214,12323.486141163728,8777.390729490116,8093.804538130346,18425.0,22680.555555555555,0.0,22680.555555555555,0.0,0.0,0.0,0.0,0.0,157116.66666666666,56.77068,43.09393513970254,37.25605247705021,51.6645601606529,50.873080063345135,55.09356967280896,34.20082052732723,30.541425368992154,44.371055981445046,24.89821203835769,38.11029103589523,31.53118952916468,35.45288712913611,22.21149776924128,23.19742785638317,35.213329184538125,43.44303036940546,35.21568383988754,28.941211602997186,20.694559859647697,28.60745517042352,19.384599918139784,29.94127538723691,21.613313748727048,19.737297348436616,15.124595979019006,15.119229264592194,25.808651156097905,27.63046189115805,26.75952224077325,15.270835954991805,15.572756346623498,20.18867097113374,16.69638035759736,21.32614722665144,15.408514536279704,16.587875995798058,Metadata_MT_Commercial_MT_baseline_metadata_and_annual_results.csv,MT
184824,0,37500.0,Cold,MT,Montana,strip_mall_restaurant20,RetailStripmall,Mercantile,25001_50000,NaturalGas,Residential Style Central Systems,Residential forced air_Furnace_DX,DX,Furnace,default_nochange,Residential AC with residential forced air furnace,Residential forced air,gen5_led,1,1,1942,0.0,0.0,0.0,0.0,0.0,0.0,130788.8888888889,45577.777777777774,225327.7777777778,0.0,0.0,0.0,207152.77777777772,110308.33333333331,0.0,0.0,77117.8719395336,87336.03640444399,75361.81980276605,948494.4444444444,67872.69757962562,76613.14524409817,91606.11642940275,80776.43692578554,77299.36025849175,85616.579352519,72707.41353915412,77755.74143812752,78431.5345444919,229341.66666666663,92475.0,197863.88888888885,290338.8888888888,0.0,0.0,0.0,0.0,0.0,1238833.3333333333,247.20494,209.78701130069072,240.95852678124527,177.2942977434789,170.34875931113095,176.57832157686343,230.60895098236333,212.01231386362383,184.29417887256784,215.93472183582875,174.38711940653386,187.125013453708,215.24162146054064,178.38450558174836,202.9394507256256,169.86694209962118,162.94613558284198,171.37746924347294,218.38030381607888,192.8268040449595,173.8298400374272,193.662224707458,170.3664769127977,177.1616607788295,186.7552019583141,160.6265805436498,163.2697872086468,146.58729149651384,142.478395538016,149.65069908164125,180.10077431256315,171.06216351006975,149.6026541787102,181.59221318063427,149.016448355172,150.17279008311962,160.8569301871199,Metadata_MT_Commercial_MT_baseline_metadata_and_annual_results.csv,MT
184827,0,7500.0,Cold,MT,Montana,strip_mall_restaurant20,RetailStripmall,Mercantile,5001_10000,NaturalGas,Small Packaged Unit,Central Single-zone RTU_Furnace_DX,DX,Furnace,night_fancycle_novent,PSZ-AC with gas coil,Central Single-zone RTU,gen4_led,1,1,1930,0.0,0.0,0.0,0.0,0.0,0.0,16191.666666666666,11250.0,31550.0,0.0,0.0,0.0,95930.55555555556,23994.444444444445,0.0,0.0,14603.10131758734,17724.963307806,15118.312114251015,188122.22222222225,13647.370656048726,15222.999492524672,18883.73186846084,16358.85047310096,14915.67410300798,16158.117392100208,14672.70028235242,15266.50170689402,15549.521902963445,9205.555555555557,122161.1111111111,88205.55555555555,252322.22222222225,41958.33333333333,0.0,0.0,0.0,0.0,440444.4444444444,58.99825,37.29954514171761,52.59936869534994,37.03245712348736,35.3917136473918,36.75953003951459,56.19653708085901,47.66106725512277,35.345161441525256,45.21763313582005,36.48472138178512,37.08603432198889,46.46732008093844,34.79683632340695,42.70666117015272,35.858059967486895,34.17099568130115,34.836227309049015,47.04171614958983,42.518646308222216,34.58424597231396,39.451150382189375,35.17091049149016,34.80647528128379,37.831969425083614,33.47425868021301,35.17264745701205,33.768509571896885,33.02683186475499,33.91486767078403,40.21353563976661,35.78542993266641,33.68241258590022,33.88193776087767,33.60253328656466,33.56393614516353,33.836730802308026,Metadata_MT_Commercial_MT_baseline_metadata_and_annual_results.csv,MT
184828,0,7500.0,Cold,MT,Montana,,SmallOffice,Office,5001_10000,NaturalGas,Small Packaged Unit,Central Single-zone RTU_Furnace_DX,DX,Furnace,night_fancycle_vent,PSZ-AC with gas coil,Central Single-zone RTU,gen4_led,2,2,1953,0.0,0.0,0.0,0.0,0.0,0.0,3338.888888888889,6680.555555555556,9586.111111111111,0.0,0.0,0.0,14180.555555555557,6569.444444444444,0.0,0.0,2990.125633251025,4012.461289812916,3429.996804788244,40358.333333333336,3083.38016682338,3410.811381067348,4527.224958052524,3000.612078088657,3120.4909181806624,3205.1145177653466,3220.243213668931,3180.331716797266,3177.2366411594217,0.0,85877.77777777777,0.0,91100.0,5222.222222222222,0.0,0.0,0.0,0.0,131458.33333333334,16.53603,11.207328701919511,16.435900300388273,10.370469233162405,10.370469233162405,10.370469233162405,15.8078515567539,12.770589215390038,10.37953006950997,13.102248491194205,10.370469233162405,10.55407558866876,14.164454881888082,10.370469233162405,11.380635966413152,10.370469233162405,10.370469233162405,10.370469233162405,14.460621145776804,10.758242960242365,10.370469233162405,10.453163995832044,10.370469233162405,10.370469233162405,10.554706282929851,4.317258300824465,4.816151655463956,5.122822799378572,5.084579495847969,5.15617775854569,6.305458761341873,4.301407984592671,4.62247567891367,4.339501429312227,4.951324468026952,4.905301006010924,4.504514396189289,Metadata_MT_Commercial_MT_baseline_metadata_and_annual_results.csv,MT
184829,0,7500.0,Cold,MT,Montana,,SmallOffice,Office,5001_10000,Propane,Small Packaged Unit,Central Single-zone RTU_Furnace_DX,DX,Furnace,night_fancycle_vent,PSZ-AC with gas coil,Central Single-zone RTU,gen3_t5_cfl,2,2,1976,0.0,0.0,0.0,0.0,0.0,0.0,4413.888888888889,5769.444444444444,13255.555555555557,0.0,0.0,0.0,20288.888888888887,11816.666666666666,0.0,0.0,4222.941005669436,5347.925144108993,4520.953355881688,55547.22222222223,4148.713697566115,4621.20844493316,5979.924096715737,4530.661213381251,4265.78821668991,4658.255284508623,4299.613569193355,4454.90412283781,4496.295245315923,0.0,0.0,0.0,0.0,0.0,0.0,82130.55555555555,86713.88888888889,4583.333333333333,142261.11111111112,17.08395,11.381483469745367,16.388040211001783,10.2812985495517,10.2812985495517,10.2812985495517,17.058901048311235,14.237667093937944,10.2812985495517,13.545464366557592,10.2812985495517,10.445127573184305,14.483111700209577,10.2812985495517,12.443330232719454,10.2812985495517,10.2812985495517,10.2812985495517,14.444563388322162,11.019639519692578,10.2812985495517,11.186524781375317,10.2812985495517,10.2812985495517,10.364204449479214,3.248857204029572,3.248857204029572,4.126860489173877,4.417947409212707,4.4225397621293405,4.10669960791914,3.248857204029572,3.949017781633298,3.248857204029572,4.086328647432612,3.7813002547702825,3.448913493732892,Metadata_MT_Commercial_MT_baseline_metadata_and_annual_results.csv,MT
184830,0,3000.0,Cold,MT,Montana,,SmallOffice,Office,1001_5000,Propane,Small Packaged Unit,Central Single-zone RTU_Furnace_DX,DX,Furnace,night_fanon_vent,PSZ-AC with gas coil,Central Single-zone RTU,gen2_t8_halogen,3,3,1963,0.0,0.0,0.0,0.0,0.0,0.0,4452.777777777778,3650.0,20797.222222222223,0.0,0.0,0.0,20941.666666666668,4347.222222222222,0.0,0.0,4307.956081268875,5403.950249526146,4454.836702703014,55883.333333333336,3993.172828806609,4482.932296545504,5882.908508834596,4765.733076917334,4339.915348299676,4786.521945502333,4279.895252100193,4481.508538855879,4702.847157430007,1691.6666666666667,0.0,0.0,0.0,0.0,0.0,44558.33333333333,44558.33333333333,0.0,100441.66666666666,13.83458,8.900879863275609,13.02527226147876,7.976955114818949,7.767657000922708,7.976955114818949,13.733656234773534,11.732443279097444,7.767657000922708,10.479431828834008,7.808536832477717,8.056372107502197,11.740479903060177,7.7009125498763265,10.330434934937246,7.767657000922708,7.714887087610499,7.783941109122657,11.295851809743017,8.747406763990696,7.714887087610499,8.832715840169676,7.694497309355971,7.714887087610499,8.216256518010272,5.576017910048671,5.759141322252456,5.359437679433747,5.381946275601128,5.393724863249588,7.530810758394871,5.759141322252456,5.356922047365855,5.560117941572993,5.421974192665523,5.468030615731799,5.524651634811338,Metadata_MT_Commercial_MT_baseline_metadata_and_annual_results.csv,MT
184831,0,1000.0,Cold,MT,Montana,,RetailStandalone,Mercantile,_1000,NaturalGas,Small Packaged Unit,Central Single-zone RTU_Furnace_DX,DX,Furnace,night_fanon_vent,PSZ-AC with gas coil,Central Single-zone RTU,gen2_t8_halogen,1,1,1989,0.0,0.0,0.0,0.0,0.0,0.0,1938.8888888888887,4238.888888888889,8072.222222222223,0.0,0.0,0.0,1319.4444444444446,3730.555555555556,0.0,0.0,1415.2018331844715,1925.3151735225915,1580.6483344015448,19297.222222222223,1381.9766204787222,1569.4535762144303,2087.5402598947344,1612.132112972875,1482.0779478144243,1564.784963766216,1508.2202853322774,1544.3926440636003,1626.692555509468,0.0,31147.22222222222,0.0,31147.22222222222,0.0,0.0,0.0,0.0,0.0,50447.22222222222,5.59356,3.3131932792763417,5.364765175996068,2.88147836209528,2.88147836209528,2.88147836209528,5.498971756896926,4.288078106555945,2.863556847461113,3.525899229133361,2.88147836209528,3.165548360843944,4.204279771661206,2.783015262790988,3.5445456187724167,2.88147836209528,2.8621901517832096,2.88147836209528,4.069547169800066,3.049256815398115,2.8166603766544607,2.7503014748598,2.8804364816580312,2.853777125732865,3.009160595110761,2.1962424970094383,2.3270828883876407,2.626150252864905,2.483166588319756,2.6271921333021537,3.0612153987831343,2.1230514535361005,2.35138657019883,2.122530513317476,2.5940287670522006,2.3513865701988297,2.3503446897615814,Metadata_MT_Commercial_MT_baseline_metadata_and_annual_results.csv,MT
184833,0,75000.0,Cold,MT,Montana,,Warehouse,Warehouse and Storage,50001_100000,NaturalGas,Small Packaged Unit,Central Single-zone RTU_Furnace_DX,DX,Furnace,night_fanon_vent,PSZ-AC with gas coil,Central Single-zone RTU,gen2_t8_halogen,2,2,1952,0.0,0.0,0.0,0.0,0.0,0.0,18072.222222222223,26255.555555555555,110747.22222222222,0.0,0.0,0.0,226236.1111111111,103322.22222222222,0.0,0.0,38876.33820229939,44086.55304524966,40548.693604318185,484630.5555555556,36426.97491069179,41177.37366969727,45768.07379254295,38515.02117373057,39085.26574955703,41151.11324306674,38867.63886906352,40926.09144629188,39200.982336090856,0.0,666438.8888888889,0.0,666438.8888888889,0.0,0.0,0.0,0.0,0.0,1151069.4444444445,133.69322,98.26207686048102,133.16717047225285,94.90064211037294,94.78213126956236,94.81104034269872,124.3274510610292,105.07868136408511,94.78213126956236,104.0314789442996,94.86015124335184,96.85241620104448,109.67250034662578,94.2079803626209,100.49755256523014,94.78213126956236,94.78213126956236,94.78213126956236,110.67113059585589,95.17487141517006,94.22310427229336,95.08304115887216,94.58267994087232,94.65016603104408,95.16138312456876,34.35147307191221,34.318032202542284,35.04026810982364,35.04026810982364,35.04026810982364,36.71912089885153,34.06477661967319,35.04026810982364,34.06477661967319,35.04026810982364,34.60842036720943,34.1425713096514,Metadata_MT_Commercial_MT_baseline_metadata_and_annual_results.csv,MT
184835,0,17500.0,Cold,MT,Montana,,SmallOffice,Office,10001_25000,Electricity,Multizone CAV/VAV,Central Multi-zone VAV RTU_Furnace_DX,DX,Furnace,night_fanon_vent,PVAV with gas heat with electric reheat,Central Multi-zone VAV RTU,gen5_led,2,2,1968,0.0,0.0,0.0,0.0,0.0,0.0,18708.33333333333,12816.666666666666,49027.777777777774,0.0,0.0,68588.88888888889,43405.55555555556,29291.666666666668,2.7777777777777777,0.0,16292.297376629327,15704.305431430905,26337.57031800834,227288.8888888889,27312.96263825273,25145.581165063468,16978.982532371134,14267.224231821405,20972.597553097134,14083.531414115589,20219.258913422767,15905.057822506247,14070.218511026167,5447.222222222222,26708.33333333333,0.0,26708.33333333333,0.0,0.0,0.0,0.0,0.0,253997.22222222225,76.1065,63.75732359410672,47.99370188510977,73.17356907183665,69.34948794901852,64.36521034373075,51.71201442124159,40.71500043309667,48.24807598429592,38.82559008573361,49.745877712518165,38.43583493709006,41.807319940459706,33.14436367841739,37.31427170772566,45.05663523644372,54.89076698832752,44.48895066600323,40.92576848461105,35.64763406714367,36.38422792228268,35.65561425118544,36.70940241906382,32.929107597622135,34.57536212677675,17.45750027553576,20.8290380856474,33.54321914281216,36.40561628371286,26.06138445211156,22.688626929467016,17.1191359768676,30.7236955808888,18.028144152795253,22.7639253475362,20.89360427843593,18.58570057217595,Metadata_MT_Commercial_MT_baseline_metadata_and_annual_results.csv,MT
184836,0,17500.0,Cold,MT,Montana,largeoffice_datacenter,LargeOffice,Office,10001_25000,Electricity,Multizone CAV/VAV,Central Multi-zone VAV RTU_Furnace_DX,DX,Furnace,night_fanon_vent,PVAV with gas heat with electric reheat,Central Multi-zone VAV RTU,gen2_t8_halogen,6,6,1969,0.0,0.0,0.0,0.0,0.0,0.0,33611.11111111111,10502.777777777776,42055.55555555556,0.0,0.0,139941.66666666666,234594.44444444447,23530.555555555555,0.0,0.0,37360.01139334536,35224.70196216373,50494.14841157051,486955.5555555556,51731.95448161187,51066.92011849864,36734.27399497149,32677.61155687984,42906.2161724876,33774.723022694256,44267.68873277008,37787.5473168704,32928.65046943955,2716.6666666666665,12399.999999999998,0.0,12399.999999999998,0.0,0.0,0.0,0.0,0.0,499355.5555555556,113.73699,108.54394550439824,73.5128336872357,110.52130910475852,112.92795367017932,109.96136254986963,77.43898798461785,84.35870002414296,111.40589784631862,75.76527272504565,107.89177493068082,95.83887326471226,101.13863874973087,78.39509659146933,56.90232904203248,100.22359631407812,105.14076119093347,101.88754597452105,62.2848326801042,56.26614919681465,89.00480027578998,57.16050389791382,95.53482938152972,76.56307678300807,57.52541737082788,38.967316553839126,41.80487779664217,56.99467380386374,78.59299935421107,57.79071699014313,42.5502863767861,39.623651935941616,49.03954100373629,39.4810553989834,54.912252243842254,40.37641215838823,40.628528741090285,Metadata_MT_Commercial_MT_baseline_metadata_and_annual_results.csv,MT
184838,0,3000.0,Cold,MT,Montana,,SmallOffice,Office,1001_5000,NaturalGas,Residential Style Central Systems,Residential forced air_Furnace_DX,DX,Furnace,default_nochange,Residential AC with residential forced air furnace,Residential forced air,gen2_t8_halogen,1,1,1935,0.0,0.0,0.0,0.0,0.0,0.0,3241.6666666666665,3275.0,6830.555555555557,0.0,0.0,0.0,19258.33333333333,5336.111111111111,0.0,0.0,2887.618599470306,3728.556350200664,3052.410611826469,37938.8888888889,2742.543471828839,3071.3860281985826,4129.283649108743,3107.5318232485524,2916.1508230212826,3148.4845884003485,2916.719116168198,3069.723390382532,3168.401006666847,0.0,52188.88888888888,0.0,53397.22222222222,1211.111111111111,0.0,0.0,0.0,0.0,91336.11111111112,12.38324,8.917033943729278,12.208259272961154,7.319152265844557,7.319152265844557,7.319152265844557,12.095650816667169,10.34575988257557,7.391017282043428,9.412018193894228,7.529860994856174,8.182403380836439,10.9996339668968,7.319152265844557,9.449820915577767,7.319152265844557,7.319152265844557,7.319152265844557,10.745899070088708,8.419665794937867,7.319152265844557,8.40707718176494,7.319152265844557,7.319152265844557,7.930557143862924,3.5231431751212283,3.470654019133076,2.978201006155228,2.8480315367186924,2.903542312580856,4.310039024579528,3.470654019133076,2.9355988404491664,3.470654019133076,2.908527346281644,3.5057603268500928,3.470654019133076,Metadata_MT_Commercial_MT_baseline_metadata_and_annual_results.csv,MT
184840,0,3000.0,Cold,MT,Montana,,SmallOffice,Office,1001_5000,NaturalGas,Small Packaged Unit,Central Single-zone RTU_Furnace_DX,DX,Furnace,night_fancycle_vent,PSZ-AC with gas coil,Central Single-zone RTU,gen1_t12_incandescent,1,1,1936,0.0,0.0,0.0,0.0,0.0,0.0,2163.888888888889,3361.111111111111,5408.333333333333,0.0,0.0,0.0,8280.555555555557,18458.33333333333,0.0,0.0,3094.64257483336,3746.889646734061,3269.7279038974625,39525.0,3004.599109950044,3360.624778614359,3951.0095284568174,3101.570953473395,3129.0126938828,3311.653572356364,3106.333093564427,3264.757087239645,3185.3085593665764,1852.7777777777776,27813.888888888883,0.0,27813.888888888883,0.0,0.0,0.0,0.0,0.0,67338.88888888889,13.22456,8.499794931527786,13.137153765994874,8.08909935130185,7.698223005467589,7.896376480102185,12.176461518391392,10.158026155991545,7.556199705837818,10.003977873342402,7.896376480102185,8.637795806659106,11.53289755933396,7.543843058634971,9.49257243807926,7.896376480102185,7.556199705837818,7.890945876667255,10.50754426502312,8.494064992327003,7.510930737702851,8.162316364027792,7.739957296291232,7.543843058634971,7.936943307012405,2.8213699062836883,2.8213699062836883,2.8278998892860194,3.0525858597382896,2.872806261333974,2.8213699062836883,2.8252158356492094,2.853469840879561,2.8213699062836883,2.8213699062836883,2.8213699062836883,2.8213699062836883,Metadata_MT_Commercial_MT_baseline_metadata_and_annual_results.csv,MT
184843,0,17500.0,Cold,MT,Montana,mediumoffice_nodatacenter,MediumOffice,Office,10001_25000,NaturalGas,Multizone CAV/VAV,Central Multi-zone VAV RTU_Boiler _WCC,WCC,Boiler ,night_fancycle_novent,VAV chiller with gas boiler reheat,Central Multi-zone VAV RTU,gen1_t12_incandescent,2,2,1960,0.0,0.0,0.0,0.0,0.0,0.0,30413.88888888889,13625.0,21147.222222222223,0.0,1450.0,0.0,111436.11111111112,93619.44444444444,11911.111111111111,0.0,26055.973675448942,27796.828191922545,21379.94866653264,283602.7777777778,19440.92811269584,21706.71922704545,29651.30895401052,25049.686257418,20582.198625512003,25092.603052395625,20461.01042026368,22511.19230770949,23874.85632536952,0.0,396550.0,0.0,402638.8888888889,6088.888888888889,0.0,0.0,0.0,0.0,686241.6666666666,88.03299000000001,49.95140805441189,64.78040443404375,47.92370892244913,37.599081071132815,37.01587518426827,72.57888340601278,53.55769768754451,45.70883538604124,50.92057404024615,48.622867039871934,48.99267237531456,56.10789412658481,48.69384767463131,49.26977695849725,35.332526881760025,35.6641086875737,35.476064978855135,52.63222049698302,48.99163021431687,34.86709525753736,48.9535016810627,35.10785972837607,35.16786898819426,48.72774154502218,29.75433840429414,29.894666232348097,18.536799475596386,19.1896261618902,18.441661143138937,30.443577719551325,29.87821284170617,18.091256838240792,17.22087223054215,18.27339927243276,18.51368783932562,18.031801634718907,Metadata_MT_Commercial_MT_baseline_metadata_and_annual_results.csv,MT
184845,0,37500.0,Cold,MT,Montana,,Warehouse,Warehouse and Storage,25001_50000,NaturalGas,Small Packaged Unit,Central Single-zone RTU_Furnace_DX,DX,Furnace,night_fanon_vent,PSZ-AC with gas coil,Central Single-zone RTU,gen2_t8_halogen,1,1,2010,0.0,0.0,0.0,0.0,0.0,0.0,1730.5555555555554,37691.66666666666,32161.11111111112,0.0,0.0,0.0,106983.33333333331,48011.11111111111,0.0,0.0,18284.60077329035,19010.16652239051,20175.10157652112,226575.0,17812.824036681668,20372.59819393896,19423.233946720567,16969.195999022137,18848.05816589501,18542.483839148867,19189.1891138219,19738.937804565296,18208.93598896149,0.0,200300.0,0.0,200300.0,0.0,0.0,0.0,0.0,0.0,426877.77777777775,52.67246,44.20863065374817,52.64885916717521,49.98625604361402,49.98625604361402,49.98625604361402,50.75430895106409,42.85924032437256,49.98625604361402,42.77411847020085,49.98625604361402,49.98625604361402,45.55919754859984,41.63569481472145,42.6790458110417,49.884454439941095,45.66099915227277,49.884454439941095,45.89932530387491,41.35291473689299,44.20863065374817,41.35291473689299,46.69141257327162,47.72182599427047,43.95981892193325,20.14951225796933,20.14951225796933,20.39832398978428,20.39832398978428,20.39832398978428,20.14951225796933,20.14951225796933,20.39832398978428,20.14951225796933,20.39832398978428,20.246227914292675,20.14951225796933,Metadata_MT_Commercial_MT_baseline_metadata_and_annual_results.csv,MT
184846,0,17500.0,Cold,MT,Montana,,SmallOffice,Office,10001_25000,NaturalGas,Residential Style Central Systems,Residential forced air_Furnace_DX,DX,Furnace,default_nochange,Residential AC with residential forced air furnace,Residential forced air,gen2_t8_halogen,1,1,1963,0.0,0.0,0.0,0.0,0.0,0.0,7119.444444444444,18552.77777777778,22897.222222222223,0.0,0.0,0.0,60919.44444444445,31155.55555555556,2.7777777777777777,0.0,10827.26592526948,13204.906421374828,11922.942350531104,140644.44444444444,10650.91307821616,11981.510996466215,13986.533539746031,10919.171572664196,11237.549746895656,11592.478468103463,11375.258222165716,11522.114474516544,11424.17432521563,0.0,122391.66666666664,0.0,131727.77777777778,9333.333333333332,0.0,0.0,0.0,0.0,272372.2222222222,46.10267,35.32651324025396,43.94103224083751,34.31865331650837,34.31865331650837,34.31865331650837,45.89768810553627,39.2158925278348,34.31865331650837,40.61488683841925,34.31865331650837,34.31865331650837,40.33709706352135,34.31865331650837,38.0070219684697,34.31865331650837,34.31865331650837,34.31865331650837,42.85524396327263,36.20007504355499,34.31865331650837,35.77233768896815,34.31865331650837,34.31865331650837,35.30192718399974,12.13356328457187,12.066768379236436,15.79169618167275,14.016960659133664,15.799567158434462,12.066768379236436,12.066768379236436,13.93360392795758,12.066768379236436,13.906049513804543,14.348377965711778,13.26654894694658,Metadata_MT_Commercial_MT_baseline_metadata_and_annual_results.csv,MT
184849,0,3000.0,Cold,MT,Montana,,RetailStandalone,Mercantile,1001_5000,NaturalGas,Small Packaged Unit,Central Single-zone RTU_Furnace_DX,DX,Furnace,night_fancycle_vent,PSZ-AC with gas coil,Central Single-zone RTU,gen1_t12_incandescent,1,1,1990,0.0,0.0,0.0,0.0,0.0,0.0,4841.666666666667,5938.888888888889,10313.888888888889,0.0,0.0,0.0,5183.333333333333,21508.33333333333,0.0,0.0,3539.520208627446,4873.527929976417,3792.568713122983,47786.11111111111,3379.2781208114297,3796.035497444256,5220.571230992316,4052.082408060113,3646.638024104628,3999.627513475444,3638.302483226645,3784.617837677567,4063.80581308855,0.0,33549.99999999999,0.0,33549.99999999999,0.0,0.0,0.0,0.0,0.0,81338.88888888889,13.13235,8.65253377248161,13.11309621161072,7.103486942392555,7.103486942392555,7.103486942392555,12.37436198925409,10.840672009406786,7.103287728339676,9.58033281299152,7.103287728339676,8.107953208028398,10.52165680437017,7.057600001249583,9.544163219693944,7.103287728339676,7.103287728339676,7.103287728339676,10.958354084340492,8.238129314444237,7.057600001249583,7.557588845860051,7.102812515309601,7.163055873550943,8.018436890432401,5.649254723713163,6.7747186751333945,7.0088720613112345,7.0088720613112345,7.0088720613112345,6.699146807753734,5.719030956191317,5.99660467137299,5.787920231487466,7.008315716657178,6.978378687682091,6.978691625635802,Metadata_MT_Commercial_MT_baseline_metadata_and_annual_results.csv,MT
184852,0,3000.0,Cold,MT,Montana,,FullServiceRestaurant,Food Service,1001_5000,Propane,Small Packaged Unit,Central Single-zone RTU_Furnace_DX,DX,Furnace,night_fancycle_vent,PSZ-AC with gas coil,Central Single-zone RTU,gen2_t8_halogen,1,1,1909,0.0,0.0,0.0,0.0,0.0,0.0,7727.777777777778,6461.111111111111,35250.0,0.0,0.0,0.0,63413.88888888889,12397.222222222224,0.0,13033.333333333334,17274.23454338832,18556.31755392954,17789.966020110758,212088.8888888889,16263.118803960891,17976.206401531246,19324.229469992515,17444.26481107343,17926.7361851709,17960.671996750123,17027.562833613094,17415.332243971603,17130.67241767425,73805.55555555555,0.0,149047.22222222222,149047.22222222222,0.0,0.0,101363.88888888888,101363.88888888888,0.0,462500.0,50.86482,44.320478630427765,50.30130106564554,42.91882925560985,42.36128835098304,43.04067967279227,49.46654120788241,46.89762683671164,42.00753628385496,43.3350911611302,42.06831762375396,42.98613098361557,45.07793509968984,40.42206720236412,44.26474904997691,41.04897034789216,40.739651899512,41.40749855673972,46.05885742710251,42.134516698145546,40.610954946813614,40.85839029078752,40.78246521741269,39.5170466064598,40.46437185320761,39.76571966816832,38.64008859863323,40.26264007489083,40.192477718110666,40.76235628214295,39.1226278743453,39.409094633134025,40.03611079642157,39.66785118395936,40.09363784207055,38.52358128695882,38.44906599428363,Metadata_MT_Commercial_MT_baseline_metadata_and_annual_results.csv,MT
184853,0,7500.0,Cold,MT,Montana,,SmallOffice,Office,5001_10000,NaturalGas,Small Packaged Unit,Central Single-zone RTU_Furnace_DX,DX,Furnace,night_fanon_vent,PSZ-AC with gas coil,Central Single-zone RTU,gen2_t8_halogen,1,1,1954,0.0,0.0,0.0,0.0,0.0,0.0,2972.222222222222,8636.111111111111,30386.11111111112,0.0,0.0,0.0,12372.222222222224,8808.333333333334,0.0,0.0,4890.71929208259,5960.941166404167,5330.590343720722,63177.77777777778,4724.259946879828,5333.6272017224965,6417.368690834845,4851.078261289718,5097.41426257027,5102.646667905631,5108.333314622917,5225.996830563353,5135.234855839058,0.0,86297.2222222222,0.0,89102.77777777777,2805.555555555555,0.0,0.0,0.0,0.0,152280.55555555556,18.75267,12.553970103538072,17.935493171193386,12.553970103538072,12.553970103538072,12.553970103538072,18.28714888189555,13.47255157925098,12.553970103538072,13.925788225283457,12.553970103538072,12.553970103538072,14.518094022398309,12.553970103538072,12.852136429515634,12.553970103538072,12.553970103538072,12.553970103538072,16.52276287603847,12.553970103538072,12.553970103538072,12.553970103538072,12.553970103538072,12.553970103538072,12.553970103538072,6.766606120128912,6.766606120128912,7.460287018948024,7.113003501818248,7.2739287539535376,8.185302652916338,6.766606120128912,6.766606120128912,6.766606120128912,7.2739287539535376,6.77880849115743,6.766606120128912,Metadata_MT_Commercial_MT_baseline_metadata_and_annual_results.csv,MT
184854,0,3000.0,Cold,MT,Montana,,QuickServiceRestaurant,Food Service,1001_5000,Electricity,Small Packaged Unit,Central Single-zone RTU_Electric Resistance_DX,DX,Electric Resistance,night_fancycle_vent,PSZ-AC with electric coil,Central Single-zone RTU,gen2_t8_halogen,1,1,1990,0.0,0.0,0.0,0.0,0.0,0.0,7438.88888888889,7466.666666666667,26677.777777777777,0.0,0.0,96927.77777777778,34511.11111111111,15269.444444444443,0.0,13047.222222222224,15538.132116863551,11367.448945839436,22286.990498155217,201338.8888888889,31447.607880250976,23387.48704783939,11478.145442362827,10111.902549324604,22249.15757215784,10732.363052198412,18089.142096154217,13433.637656198654,11215.957605664533,0.0,0.0,40386.11111111111,69822.22222222222,29436.11111111111,0.0,0.0,0.0,0.0,271158.3333333333,118.79668,66.3835367130362,30.45061384873172,116.80749132419494,95.19309672027964,77.11113979884985,27.689841120603187,26.46486639763232,73.53384117317808,30.699854396480795,65.41868597386599,44.40801454205872,40.19501918530706,31.667655186688,23.775498863794457,48.71561887833917,70.4061894712182,45.51262672295152,23.820417593526543,20.55029381297769,45.69097620575362,20.391400936287177,43.26627716407339,32.08055628101624,23.24572700120517,19.666796564821983,19.50209644282861,28.35643461687832,48.50541726312759,28.65948668072444,17.31771154954444,17.77038035363882,33.24787581654245,18.004730128413783,24.26398535463633,19.07454207285121,18.17946656201684,Metadata_MT_Commercial_MT_baseline_metadata_and_annual_results.csv,MT
184855,0,75000.0,Cold,MT,Montana,mediumoffice_datacenter,MediumOffice,Office,50001_100000,NaturalGas,Small Packaged Unit,Central Single-zone RTU_Boiler _DX,DX,Boiler ,night_fanon_vent,PSZ-AC with gas boiler,Central Single-zone RTU,gen5_led,3,3,1961,0.0,0.0,0.0,0.0,0.0,0.0,136433.33333333334,34794.444444444445,500061.1111111111,0.0,0.0,0.0,488483.3333333333,155011.1111111111,630.5555555555555,0.0,102115.24040689584,130996.73459592066,103287.00220119748,1332591.6666666667,92969.97239425646,103808.47195218915,139349.7963914389,121303.8587343138,102094.59757793669,119446.02400404886,99643.3818135838,105775.44643734617,111802.13647557767,17177.777777777777,234580.5555555556,0.0,234580.5555555556,0.0,0.0,0.0,0.0,0.0,1567175.0,293.37597,213.9127151138319,293.1453386162283,188.61248677848783,188.2181035070965,187.6592005524224,285.0477390388863,278.76892905183485,190.1012174288646,270.96292453588603,191.20748811526303,195.9006759542264,262.80316509101465,187.0888527238739,247.98504834337697,186.7074772792184,187.20840052585555,187.106749544604,273.2561190926708,239.0528938534773,187.26824739229653,235.209985289821,186.66540703902209,186.49242412138008,191.0327865633349,138.8900470171317,144.38756371684235,142.36483279254568,141.5511145374559,142.11262337173324,162.2323921890005,144.20120775560358,139.53847942825143,139.01566699535593,141.2814987788615,141.60716590012856,141.23903451361863,Metadata_MT_Commercial_MT_baseline_metadata_and_annual_results.csv,MT
184856,0,37500.0,Cold,MT,Montana,,Warehouse,Warehouse and Storage,25001_50000,NaturalGas,Small Packaged Unit,Central Single-zone RTU_Furnace_DX,DX,Furnace,night_fancycle_vent,PSZ-AC with gas coil,Central Single-zone RTU,gen2_t8_halogen,1,1,1998,0.0,0.0,0.0,0.0,0.0,0.0,6341.666666666667,36133.333333333336,6327.777777777778,0.0,0.0,0.0,92369.44444444444,39247.22222222223,0.0,0.0,13994.067517391568,16466.830343007,15765.732743092818,180419.44444444444,13993.50841106086,15948.35807345284,17352.826145417253,13345.8120177869,14553.022431993852,14296.990435132248,14895.792784753608,15227.858899481187,14579.871436666155,0.0,117000.0,0.0,117000.0,0.0,0.0,0.0,0.0,0.0,297422.2222222222,53.67045,40.52096434026001,53.486692790130775,40.08420188464407,39.950907094624704,40.18145811051337,52.44525501412881,45.210092589636105,39.714115722726255,44.1508384075649,40.012603403539565,40.62760172753072,46.87365056024319,39.47045667599872,42.833885799245,39.62021878183367,39.69689052487034,39.63137990414659,48.26546916054462,40.991546819216936,39.48671037011861,40.44057704286252,39.5598813963947,39.999398069275,40.58816518966703,16.22332857520026,16.640934175584984,16.771573267612048,16.833630815166654,16.711828008194953,18.44624872996988,16.22332857520026,16.56271227258569,16.22332857520026,16.34084831126994,16.22332857520026,16.235057201705274,Metadata_MT_Commercial_MT_baseline_metadata_and_annual_results.csv,MT
184857,0,3000.0,Cold,MT,Montana,,Outpatient,Healthcare,1001_5000,NaturalGas,Small Packaged Unit,Central Single-zone RTU_Furnace_DX,DX,Furnace,night_fancycle_novent,PSZ-AC with gas coil,Central Single-zone RTU,gen2_t8_halogen,1,1,1983,0.0,0.0,0.0,0.0,0.0,0.0,3241.6666666666665,5561.111111111111,9566.666666666666,0.0,0.0,0.0,23030.555555555555,7533.333333333333,0.0,0.0,3833.442303595656,4499.672235000781,4115.460837344856,48933.333333333336,3714.964657273402,4162.001108129252,4748.381177489756,3856.107543916428,3933.095162393742,4032.2906289898,3955.3008248374,4075.253402880689,4007.1499747385474,0.0,49216.66666666666,3527.7777777777774,56219.44444444444,3474.9999999999995,0.0,0.0,0.0,0.0,105152.77777777778,17.47751,11.790024736375342,17.30815979986009,10.269879122649046,10.321531901309347,10.343442246537164,16.871072775736533,13.408022321731192,10.398319400191864,12.82880241076093,10.449167663339695,11.495170906995526,15.131704495650828,10.268923159264029,12.803335260790751,10.145755466592565,10.131233983470274,10.189526482685752,14.910857081731333,11.232960456171096,10.234223004410808,11.032090144343943,10.224650346496128,10.357238766707418,11.15152507729296,2.91245587600147,2.8655138437841763,3.6461358930640415,3.6187113906934174,3.6436392180260047,2.951701601219394,2.8411485312227773,3.242329164533404,2.8342391618692138,3.5567388776361675,3.554113130655847,3.2192480062622195,Metadata_MT_Commercial_MT_baseline_metadata_and_annual_results.csv,MT
184858,0,7500.0,Cold,MT,Montana,,Warehouse,Warehouse and Storage,5001_10000,NaturalGas,Small Packaged Unit,Central Single-zone RTU_Furnace_DX,DX,Furnace,night_fancycle_novent,PSZ-AC with gas coil,Central Single-zone RTU,gen2_t8_halogen,1,1,1972,0.0,0.0,0.0,0.0,0.0,0.0,869.4444444444446,9244.444444444443,4166.666666666667,0.0,0.0,0.0,22613.888888888887,10333.333333333334,0.0,0.0,3751.902494114549,3838.516988632856,4389.591482287045,47227.777777777774,3976.7098264293663,4380.4729675388335,4144.327888457395,3350.026561337694,3994.419010710103,3671.918907049704,4057.044895258141,4036.1765942173897,3637.169187624365,0.0,173558.3333333333,0.0,173558.3333333333,0.0,0.0,0.0,0.0,0.0,220786.11111111112,12.75867,8.667249349561969,12.602990741003888,10.841253839089276,10.940982417911892,10.631982473608517,12.431727599903772,9.513531208979204,10.597515846520686,8.56036891091007,10.696323126905064,10.20835048131172,9.44184254208472,8.280307134427002,8.512315853259569,10.527177436882528,10.45359463843428,10.46065917900532,10.196841397996948,8.277277551076725,8.368008534006472,8.215074725309504,10.234040727117234,8.873574837812901,8.335657187702783,3.7647135110591727,3.7056400682742647,4.378348654431614,4.513966791561841,4.294448297280442,4.039575251020998,3.7056400682742647,4.265732994329019,3.7056400682742647,4.128044963226917,3.98947385117305,3.729429465255834,Metadata_MT_Commercial_MT_baseline_metadata_and_annual_results.csv,MT
184860,0,3000.0,Cold,MT,Montana,,SmallOffice,Office,1001_5000,NaturalGas,Small Packaged Unit,Central Single-zone RTU_Furnace_DX,DX,Furnace,night_fancycle_vent,PSZ-AC with gas coil,Central Single-zone RTU,gen5_led,1,1,1998,0.0,0.0,0.0,0.0,0.0,0.0,569.4444444444443,5766.666666666667,4191.666666666667,0.0,0.0,0.0,4416.666666666667,2663.888888888889,0.0,0.0,1475.9302180322466,1630.9749037584395,1788.7728380629512,19208.33333333333,1743.5862365758087,1876.469792936156,1697.0048334340397,1269.8970477550226,1666.4491182597974,1385.876648734335,1653.8419594248371,1588.673999450131,1430.2051271199423,1600.0,75488.88888888889,0.0,75488.88888888889,0.0,0.0,0.0,0.0,0.0,94694.44444444444,7.96099,4.465549460671219,7.61665444961282,4.465549460671219,4.465549460671219,4.465549460671219,7.801264201584858,4.465549460671219,4.465549460671219,4.538576894972441,4.465549460671219,4.465549460671219,4.864467778801933,4.237050554940387,4.465549460671219,4.213984734241938,4.465549460671219,4.287975867516833,5.1192868342371405,4.438158606632513,4.213984734241938,4.232179556642029,4.269553562942189,4.465549460671219,4.465549460671219,2.1625144222780754,2.1625144222780754,2.64384190826041,3.1384902159124737,2.978178767980652,1.8419374992112216,1.8419374992112216,2.9408879551344627,1.9592087548240664,2.6195945571972152,2.6650142272779744,2.178136928833568,Metadata_MT_Commercial_MT_baseline_metadata_and_annual_results.csv,MT
184861,0,75000.0,Cold,MT,Montana,mediumoffice_nodatacenter,MediumOffice,Office,50001_100000,NaturalGas,Multizone CAV/VAV,Central Multi-zone VAV RTU_Boiler _DX,DX,Boiler ,night_fancycle_novent,PVAV with gas boiler reheat,Central Multi-zone VAV RTU,gen1_t12_incandescent,1,1,1987,0.0,0.0,0.0,0.0,0.0,0.0,58083.333333333336,40227.777777777774,134727.77777777778,0.0,0.0,0.0,157616.66666666666,150958.33333333334,2655.555555555556,0.0,44652.63894543658,53733.8877604876,45993.87458075588,567616.6666666666,41368.47177094012,46522.405652712645,59674.720835550645,45046.06313707389,44404.10719856408,51082.583355339135,44083.47066398241,46242.44183771542,44810.76624645061,23347.222222222223,540580.5555555555,0.0,540580.5555555555,0.0,0.0,0.0,0.0,0.0,1108194.4444444445,219.50124,168.4917724808842,213.3830504824153,152.25191005804885,152.71713283011056,151.833186438826,218.14354628178464,185.15274479675685,151.31900504719852,192.9470765223714,161.63930174429154,158.31932275368396,182.0042224270872,150.90471334085933,172.4765138359462,151.00891797347975,151.15725148715052,150.9960210309384,203.10392278254625,170.3458542082064,150.95032794228047,172.69707865904456,150.48843181133256,150.28758438172136,150.24402933002233,60.33048190552495,50.34741076768557,60.61219358758438,60.58721519050604,60.76937757319307,61.38583785977667,59.61258551486095,60.57536919135848,50.34741076768557,60.475354836596615,58.33984086335627,55.765186023570216,Metadata_MT_Commercial_MT_baseline_metadata_and_annual_results.csv,MT
184863,0,7500.0,Cold,MT,Montana,,SmallOffice,Office,5001_10000,NaturalGas,Residential Style Central Systems,Residential forced air_Furnace_DX,DX,Furnace,default_nochange,Residential AC with residential forced air furnace,Residential forced air,gen4_led,3,3,1961,0.0,0.0,0.0,0.0,0.0,0.0,10566.666666666666,6077.777777777778,23961.11111111112,0.0,0.0,0.0,52402.777777777774,15538.888888888889,0.0,0.0,8751.166110469694,10833.809292628974,8855.333869044687,112547.22222222222,8055.276588304308,9045.13513545556,11649.771544646865,9604.112669170789,8615.484111872207,9951.030510177105,8506.562788815296,9213.627522775923,9465.365803464376,3997.222222222222,91050.0,0.0,91050.0,0.0,0.0,0.0,0.0,0.0,203597.22222222225,30.43087,20.262647436186377,26.95676946152355,17.57450420061037,17.36183715369911,17.440663728202498,29.09210009167658,24.914257856850355,18.137973953807016,22.29225188272197,18.12838489063347,20.35028555403652,23.95099940550801,16.728796508582214,21.59140796128461,17.24192449795948,17.117346459990557,17.340793707970793,23.21447284479628,19.97797852655277,17.07571675798696,19.98476355034285,17.159232112340348,17.62873020673202,19.468097571396143,9.634869206001198,11.007537566376376,6.763893311213863,7.019783292715417,6.705955832218048,13.696565837726128,9.961923261350938,7.030485834504849,9.74514791270644,6.722912817399847,9.718616503169017,9.741413770933804,Metadata_MT_Commercial_MT_baseline_metadata_and_annual_results.csv,MT
184864,0,3000.0,Cold,MT,Montana,,FullServiceRestaurant,Food Service,1001_5000,Electricity,Multizone CAV/VAV,Central Multi-zone VAV RTU_Furnace_DX,DX,Furnace,night_fancycle_vent,PVAV with gas heat with electric reheat,Central Multi-zone VAV RTU,gen1_t12_incandescent,1,1,1975,0.0,0.0,0.0,0.0,0.0,0.0,9686.111111111111,4252.777777777778,54755.55555555556,0.0,0.0,40402.777777777774,44180.55555555556,19438.888888888887,0.0,12925.0,24032.774719909845,23651.566721343894,25581.259138540463,287902.7777777778,23939.28292686002,25485.787658841047,25644.738763157275,22365.507782196328,25095.085207652068,23656.05853309976,23614.962346472388,23073.57578532199,21761.879206378155,102261.11111111112,117647.2222222222,284488.8888888889,402136.1111111111,0.0,0.0,0.0,0.0,0.0,690038.888888889,65.11513,47.98046050684213,64.08811876880712,45.57591886881091,52.86811745442837,43.261628993462,55.72805397290402,48.93099022844757,43.78805870561823,49.46843123402111,41.77456082734229,44.081663185004814,53.11481969084158,40.77642541652761,46.88090579976001,42.18893722438738,43.07346912165451,41.776320155158345,52.34853566310623,42.40151761238285,41.441508878684246,40.605168337763885,39.60863534710717,38.906176620217295,39.35980375386941,36.55945528497013,36.350410438357,39.91978443218257,40.79646395034374,39.56759892345431,43.897036879960645,37.69209911837186,38.07380956073981,38.1397937703809,38.67320950186638,35.76245191557366,35.02952494804367,Metadata_MT_Commercial_MT_baseline_metadata_and_annual_results.csv,MT
184866,0,3000.0,Cold,MT,Montana,,SmallOffice,Office,1001_5000,NaturalGas,Small Packaged Unit,Central Single-zone RTU_Furnace_DX,DX,Furnace,night_fanon_vent,PSZ-AC with gas coil,Central Single-zone RTU,gen4_led,2,2,1955,0.0,0.0,0.0,0.0,0.0,0.0,3436.111111111111,4025.0,16961.111111111113,0.0,0.0,0.0,8666.666666666666,4775.0,0.0,0.0,2958.458977580985,3995.9421096485767,3168.861552736863,39538.88888888889,2825.55848855698,3182.4169521506524,4219.8227873296655,3369.322481841734,3057.436895485045,3347.434895529659,3036.195598758697,3122.0907296712253,3256.595544844133,1675.0,55327.777777777774,0.0,55327.777777777774,0.0,0.0,0.0,0.0,0.0,94866.66666666666,11.75888,6.514097730402891,10.64726528322473,6.514097730402891,6.514097730402891,6.514097730402891,11.74288111447146,10.184084068515215,6.514097730402891,8.924405659176495,6.514097730402891,6.514097730402891,9.253231904310434,6.514097730402891,8.314263712056507,6.514097730402891,6.51409773040289,6.482178586166232,9.008128705310918,7.192473335638466,6.469016930912965,6.930307571857422,6.514097730402891,6.514097730402891,6.514097730402891,4.19053178302021,4.320448966377633,4.736531848670739,4.736531848670739,4.736531848670739,4.828015363624799,3.96780470301727,4.320448966377633,4.259649113338941,4.736531848670739,4.736531848670739,4.505888304398519,Metadata_MT_Commercial_MT_baseline_metadata_and_annual_results.csv,MT
184867,0,7500.0,Cold,MT,Montana,,SmallOffice,Office,5001_10000,Propane,Small Packaged Unit,Central Single-zone RTU_Furnace_Evaporative Cooling,Evaporative Cooling,Furnace,default_nochange,Direct evap coolers with forced air furnace,Central Single-zone RTU,gen4_led,2,2,1954,0.0,0.0,0.0,0.0,0.0,0.0,0.0,5638.888888888889,2900.0,0.0,0.0,0.0,16725.0,6030.555555555556,0.0,0.0,2383.879641029965,2932.6024892939267,2654.905128939872,31297.222222222223,2355.137467808455,2669.468301312837,3184.4449852862613,2455.415741284998,2493.4813542725046,2502.591303279104,2541.892486358992,2547.8967849738315,2575.7391438685845,0.0,0.0,0.0,0.0,0.0,0.0,60863.88888888889,66255.55555555556,5391.666666666666,97552.77777777778,13.73634,10.36679757433083,13.23368549169974,10.198236218366466,10.198236218366466,10.198236218366466,13.521013876155871,12.13050551081434,10.198236218366466,11.703409843644666,10.198236218366466,10.156888705085413,12.537693804827668,10.069057647335828,10.745317763848307,10.187099862830104,10.198236218366466,10.180087406804477,12.8849464235868,10.080050611177358,10.10541053823938,10.18600938083934,10.126330618847469,10.045214862168349,10.087024108502838,6.066730630345407,6.066730630345407,6.1921760731477775,6.229476173784954,6.1921760731477775,6.066730630345407,6.066730630345407,6.156211084736933,6.066730630345407,6.142768331719807,6.066730630345407,6.066730630345407,Metadata_MT_Commercial_MT_baseline_metadata_and_annual_results.csv,MT
184871,0,75000.0,Cold,MT,Montana,,SecondarySchool,Education,50001_100000,NaturalGas,Multizone CAV/VAV,Central Multi-zone VAV RTU_Boiler _ACC,ACC,Boiler ,default_nochange,VAV air-cooled chiller with gas boiler reheat,Central Multi-zone VAV RTU,gen2_t8_halogen,1,1,1973,0.0,0.0,0.0,0.0,0.0,0.0,140122.22222222222,56475.0,213486.1111111111,0.0,0.0,0.0,40233.333333333336,74311.11111111111,29222.222222222223,24883.33333333333,47505.14877090263,61862.46377498629,44102.01134718391,617116.6666666666,39756.60319271768,44760.00992276094,66297.31087005603,60896.54041514157,41969.07765379972,62346.81221278344,41714.32704917863,48815.23014811384,57090.5693658389,38386.11111111111,1670419.4444444445,0.0,1704272.222222222,33849.99999999999,0.0,0.0,0.0,0.0,2321388.888888889,277.96929,175.04008545201594,259.64683051437834,116.31183220526324,113.13286022547464,116.62341168177768,265.8358726754868,194.1850290700163,112.48693460995332,193.9010834585717,136.74886447931468,156.15645968652044,228.29871255399328,107.57848807427143,154.2834357198568,112.60413865962542,111.80615795418764,114.027741774609,165.81651345530756,151.79247560536663,108.66908584082952,152.58771453328123,106.39261187547234,107.16352176802128,137.8682788791588,49.18858076416495,82.85532103460947,50.37756059034738,50.32849982486217,50.38858060259817,108.6524757245589,95.2986661733094,49.749809200365405,92.15877514253174,50.42657430611581,50.45695671078629,50.54574947164627,Metadata_MT_Commercial_MT_baseline_metadata_and_annual_results.csv,MT
184872,0,75000.0,Cold,MT,Montana,mediumoffice_nodatacenter,MediumOffice,Office,50001_100000,DistrictHeating,Zone-by-Zone,DOAS+Zone terminal equipment_District_District,District,District,default_nochange,DOAS with fan coil district chilled water with district hot water,DOAS+Zone terminal equipment,gen2_t8_halogen,3,3,1923,199030.5555555556,199030.5555555556,0.0,486675.0,486675.0,0.0,0.0,25558.33333333333,79175.0,0.0,0.0,0.0,151666.66666666666,104072.22222222222,9916.666666666666,0.0,29367.48311751367,30604.222452303384,33586.37313764496,370388.8888888889,32338.573070261707,33501.195664540974,31965.172885301617,27484.999383688544,31023.955457271048,29722.544484612485,31502.78062109919,30863.25493748633,28429.232921616527,0.0,0.0,0.0,26008.33333333333,26008.33333333333,0.0,0.0,0.0,0.0,1082105.5555555555,131.99510999999998,125.90398595557367,126.8488815194323,127.22549600678757,127.3734299123226,126.15894607265456,129.57232041320194,125.09513466802925,122.70557101188548,125.45472722682008,123.71867636029106,121.37453724685244,121.86319847370358,117.49906005710824,121.23767074097442,122.30018840972726,121.27206864846072,122.34716113028809,124.97385907033852,120.44393910955468,118.78281663459715,119.71219424540912,120.01935340202606,119.21635987679628,118.00856410852944,40.22737470022966,39.72186481279434,48.86916967789142,50.51901081669536,46.92266351746995,39.72186481279434,39.72186481279434,47.10737141990074,39.72786775325162,45.33617933726643,43.20206767920317,40.22737470022966,Metadata_MT_Commercial_MT_baseline_metadata_and_annual_results.csv,MT
184873,0,37500.0,Cold,MT,Montana,mediumoffice_nodatacenter,MediumOffice,Office,25001_50000,NaturalGas,Zone-by-Zone,DOAS+Zone terminal equipment_Boiler _WCC,WCC,Boiler ,default_nochange,DOAS with fan coil chiller with boiler,DOAS+Zone terminal equipment,gen2_t8_halogen,3,3,1921,0.0,0.0,0.0,0.0,0.0,0.0,66011.11111111111,22458.33333333333,45763.88888888889,0.0,1711.111111111111,0.0,155741.66666666666,49752.777777777774,23163.888888888887,0.0,29150.886023490104,35881.55898112857,30124.24828348298,375813.8888888889,28497.582423921645,30515.098333224705,38164.23311450926,31548.50502743305,29337.49293471634,32920.96782985078,28912.15721171372,30421.244878567926,30338.87942267895,11208.333333333334,340480.5555555555,0.0,340480.5555555555,0.0,0.0,0.0,0.0,0.0,716294.4444444445,130.04031,101.40196458378436,121.52940997061224,88.55457896303395,88.6940198218648,89.05963873094487,128.46298097461187,114.3635469076757,91.18633228263384,114.17969098441796,92.76579107587362,98.9822496180846,109.6889562914822,88.07092298220508,102.87952172058236,86.66418695222555,86.32224782207055,86.37330957886132,112.51249883790148,100.68782182683448,86.42507319424291,101.096000373504,86.76539203251204,87.64851982227977,98.03169215880544,30.10299494235897,29.036963148145727,36.04494653609715,39.05268072317112,37.41692560364447,34.61254708000299,26.931589603465422,36.66628392926067,30.667223442850343,35.72282739624512,34.8833397719546,30.46433356535951,Metadata_MT_Commercial_MT_baseline_metadata_and_annual_results.csv,MT
184874,0,7500.0,Cold,MT,Montana,,Warehouse,Warehouse and Storage,5001_10000,NaturalGas,Small Packaged Unit,Central Single-zone RTU_Furnace_DX,DX,Furnace,night_fancycle_vent,PSZ-AC with gas coil,Central Single-zone RTU,gen2_t8_halogen,1,1,2014,0.0,0.0,0.0,0.0,0.0,0.0,2077.777777777778,6738.888888888889,3277.777777777778,0.0,0.0,0.0,18961.11111111112,8161.111111111111,0.0,0.0,2921.8622016980075,3553.24611513875,3554.5048350746592,39216.66666666666,3156.758339932121,3558.179384391116,3969.367231778757,2807.8093635854075,3127.4235384548824,2918.5705199133017,3283.1327472654352,3234.0081283069603,3130.688762929145,0.0,108058.33333333331,0.0,108058.33333333331,0.0,0.0,0.0,0.0,0.0,147275.00000000003,14.98613,8.775617543676319,14.928452403696651,11.10347399703394,10.861015950454185,11.055084975145348,13.92259548972175,11.131115980447138,10.44422806363728,10.459241348550712,10.904169570101883,10.374363595060217,13.00985253061468,8.033853835603708,9.47005456233252,10.851927480974268,10.480573003803606,10.808353815732913,12.554034056697,8.419293362192109,8.024404929318042,8.31192418687239,10.676215774268323,8.864286014598221,8.328714287784845,4.178401369467852,4.178401369467852,4.722738986267692,4.681388729632079,4.556321157124163,4.758789779726141,4.178401369467852,4.589651911366016,4.178401369467852,4.453690024358289,4.311872821929855,4.178401369467852,Metadata_MT_Commercial_MT_baseline_metadata_and_annual_results.csv,MT
184876,0,17500.0,Cold,MT,Montana,strip_mall_restaurant30,RetailStripmall,Mercantile,10001_25000,NaturalGas,Small Packaged Unit,Central Single-zone RTU_Furnace_DX,DX,Furnace,night_fancycle_vent,PSZ-AC with gas coil,Central Single-zone RTU,gen1_t12_incandescent,2,2,1963,0.0,0.0,0.0,0.0,0.0,0.0,22975.0,15283.333333333334,87472.22222222222,0.0,0.0,0.0,63097.22222222223,127083.33333333331,0.0,0.0,25784.030907332857,32163.46587004154,26827.70922054363,334022.2222222222,24295.9854244176,26881.78687232045,34388.97850909505,28370.417460264835,26413.77231276861,28273.169586999386,25947.997675061408,26909.588367379474,27765.650191454843,18111.11111111112,216386.1111111111,28627.777777777774,374072.2222222221,129058.33333333331,0.0,0.0,0.0,0.0,708097.2222222221,119.19977,83.4315585793569,112.30556444946188,69.47466375727772,68.27408800874244,69.06263302633432,108.89041737665882,95.14200090086314,68.72476865474609,89.09685804317665,69.17852080874073,77.22258170585565,96.2967455359334,66.8403570958142,86.90298839293243,68.27408808569466,66.28518096056769,67.18682389752821,98.39520878086668,79.0963386830255,66.28752189189679,76.53291393466833,67.53793676375471,67.47716442301734,77.39308704736067,62.0402834814871,69.5549247490486,62.5779652773485,62.65554619233774,61.98727331181135,68.67376809217095,63.42527962908606,62.13304418895792,63.39582840884969,62.93546909551358,62.16621952845447,63.049626683127,Metadata_MT_Commercial_MT_baseline_metadata_and_annual_results.csv,MT
184878,0,7500.0,Cold,MT,Montana,,SmallOffice,Office,5001_10000,NaturalGas,Residential Style Central Systems,Residential forced air_Furnace_DX,DX,Furnace,default_nochange,Residential AC with residential forced air furnace,Residential forced air,gen2_t8_halogen,1,1,1970,0.0,0.0,0.0,0.0,0.0,0.0,5016.666666666667,8636.111111111111,12775.0,0.0,0.0,0.0,31938.88888888889,11722.222222222224,0.0,0.0,5332.021428871737,6768.874132326978,5753.152791069137,70091.66666666667,5208.130109877165,5830.315210605794,7171.471217805241,5699.860730750631,5466.630888788983,5965.492903702484,5494.175545981912,5688.784868054902,5712.5998010448,0.0,69266.66666666666,0.0,72697.2222222222,3433.333333333333,0.0,0.0,0.0,0.0,142788.88888888888,22.81785,16.906518849292308,22.722783941804025,15.552625000811185,15.552625000811185,15.552625000811185,22.29411995502688,19.84576120137192,15.552625000811185,20.174675703728767,15.552625000811185,16.342108268104326,20.286789159243263,15.552625000811185,18.8131176989098,15.552625000811185,15.552625000811185,15.552625000811185,20.44427246370405,17.179466178032555,15.552625000811185,17.223466736447932,15.552625000811185,15.552625000811185,16.144624785067236,7.010275765521916,7.063560803063021,7.024985033717954,7.1463894065115605,7.0218889895402326,7.057958141642301,7.010275765521916,7.010275765521916,7.010275765521916,7.010275765521916,7.010275765521916,7.016023125558839,Metadata_MT_Commercial_MT_baseline_metadata_and_annual_results.csv,MT
184881,0,7500.0,Cold,MT,Montana,,Outpatient,Healthcare,5001_10000,NaturalGas,Small Packaged Unit,Central Single-zone RTU_Furnace_DX,DX,Furnace,night_fancycle_novent,PSZ-AC with gas coil,Central Single-zone RTU,gen2_t8_halogen,1,1,2004,0.0,0.0,0.0,0.0,0.0,0.0,8847.222222222223,6769.444444444444,24580.555555555555,0.0,0.0,0.0,52272.22222222223,19747.222222222223,2.7777777777777777,0.0,8674.843004146343,10755.945585744934,9119.363672243666,112219.44444444444,8440.727132754078,9209.036536956017,11606.94355231771,9086.093927140118,8789.7924787241,9729.928568245106,8747.511339304072,9067.512990004052,8990.694400654467,0.0,154641.66666666663,9025.0,170752.77777777775,7083.333333333333,0.0,0.0,0.0,0.0,282972.2222222222,44.70351,29.39432943241362,44.03206480134666,24.01769048432697,23.70904838715277,23.89470238269449,42.475926849492176,35.00992664763655,23.963399659903665,34.44162135335472,24.1457737993872,25.09920286821921,35.41621442729298,23.61624836676502,32.72484350704402,23.365179307517373,23.32151300942181,23.34793930100755,37.10066208204326,28.40971108912584,23.33569811010943,26.790296883742304,23.28313537927246,23.784250225357614,26.72269576926212,6.040158086601018,6.638195963099853,7.933673289408958,7.989023252964762,7.808833143966313,9.58322017265806,6.393370583876584,6.388067748690225,7.087839221580467,7.519617886241977,7.390339579959391,6.483756297059298,Metadata_MT_Commercial_MT_baseline_metadata_and_annual_results.csv,MT
184883,0,3000.0,Cold,MT,Montana,,SmallOffice,Office,1001_5000,NaturalGas,Small Packaged Unit,Central Single-zone RTU_Boiler _DX,DX,Boiler ,night_fanon_vent,PSZ-AC with gas boiler,Central Single-zone RTU,gen4_led,1,1,1949,0.0,0.0,0.0,0.0,0.0,0.0,1080.5555555555554,3275.0,8875.0,0.0,0.0,0.0,19722.222222222223,8391.666666666666,152.77777777777777,0.0,3472.736663607662,3872.841446068136,3688.9233637350776,43338.88888888889,3312.967347599373,3727.181292953797,4072.421825236236,3363.422689307952,3551.735513655164,3595.4924984721324,3521.927384832389,3649.740059289918,3510.365336646503,1841.6666666666667,39049.99999999999,0.0,39049.99999999999,0.0,0.0,0.0,0.0,0.0,82388.88888888889,9.14155,6.060699931922888,9.067361699062468,6.19435451270059,6.1186248678157,6.159602362032081,8.41557400429465,6.711364422510167,6.073043581317702,6.760271303928151,6.139644676587165,6.0641877333255945,7.405580025880952,5.948001749915437,6.5775976965202,6.090178473749015,6.056288360984933,6.080193942667261,7.481534064676498,5.878655973810185,6.025830776782652,5.8969198470220965,6.074219204369609,5.961300386794006,5.945916512233123,3.883058883152673,3.7992788773707376,3.857194789559769,3.836263773269721,3.8007484019557096,4.3997749700683775,3.7307774668621874,3.837450451318415,3.910225658271033,3.988122578437046,3.730824985519437,3.7531312827231496,Metadata_MT_Commercial_MT_baseline_metadata_and_annual_results.csv,MT
184884,0,3000.0,Cold,MT,Montana,,QuickServiceRestaurant,Food Service,1001_5000,NaturalGas,Small Packaged Unit,Central Single-zone RTU_Furnace_DX,DX,Furnace,night_fancycle_novent,PSZ-AC with gas coil,Central Single-zone RTU,gen1_t12_incandescent,1,1,1969,0.0,0.0,0.0,0.0,0.0,0.0,5622.222222222222,8291.666666666668,42291.66666666666,0.0,0.0,0.0,54427.777777777774,22275.0,0.0,12966.666666666666,11490.51639616685,13372.86708904904,12110.505266106213,145877.77777777775,10874.978630182295,12058.716290154378,14022.935927222492,12096.858373311745,11912.353470370896,12143.082789886315,11667.81821494532,12014.867685167888,12111.427847980243,0.0,130961.1111111111,24475.0,192916.66666666663,37477.77777777777,0.0,0.0,0.0,0.0,338791.6666666667,34.18624,26.95886023935873,34.03224744874058,24.49809699037036,24.51391109254244,24.51649747265108,32.27985268662642,30.121887175794413,24.505867252521185,26.7453852974996,24.51869906361853,24.996694065571337,29.074042989349355,23.616563790364417,27.30248190497644,23.599629513652385,23.609846488357977,23.603183613922685,29.506323795625764,25.22914784786348,23.613112462146024,24.630071859424,23.60977763481207,23.623308002751703,24.415250420077555,23.589056484996828,23.644671761432488,23.582732539069497,23.5775755254238,23.58358207560936,23.6151703583991,23.610530993052286,23.58954168517457,23.611477450635864,23.589867963696413,23.596392996203416,23.61327145929661,Metadata_MT_Commercial_MT_baseline_metadata_and_annual_results.csv,MT
184885,0,3000.0,Cold,MT,Montana,,SmallOffice,Office,1001_5000,NaturalGas,Small Packaged Unit,Central Single-zone RTU_Furnace_DX,DX,Furnace,night_fanon_vent,PSZ-AC with gas coil,Central Single-zone RTU,gen2_t8_halogen,2,2,1976,0.0,0.0,0.0,0.0,0.0,0.0,4030.555555555556,3919.444444444445,17963.888888888887,0.0,0.0,0.0,9838.888888888889,12502.777777777776,0.0,0.0,3873.852554232387,4816.462358080621,3997.743147461805,50083.333333333336,3586.139837616752,4050.4710777617343,5254.6252984330695,4209.97173401069,3874.755012494558,4299.11758639829,3843.149003695535,4058.7367286856247,4219.296837976361,1830.555555555556,36055.55555555556,0.0,36055.55555555556,0.0,0.0,0.0,0.0,0.0,86138.88888888888,13.43646,9.00952070802284,12.635691032118489,7.377845086880777,7.377845086880777,7.329130947243724,13.383482317645424,11.05786024569795,7.488988600966799,10.43796188231239,7.530963705726416,8.245754931968854,11.579352366541949,7.281799627674347,9.90410474275166,7.281799627674347,7.357511220849672,7.281799627674347,11.127424279980424,8.475893411196633,7.282110056869661,8.771938569714884,7.319304966452869,7.333162739623615,8.254299916498821,4.924925492656372,5.233437739049397,4.350552228043334,4.058731077558811,4.323021149888767,5.7717334588588685,4.924925492656372,4.058731077558811,4.924925492656372,4.058731077558809,4.924925492656372,5.126092445274658,Metadata_MT_Commercial_MT_baseline_metadata_and_annual_results.csv,MT
184886,0,37500.0,Cold,MT,Montana,,Warehouse,Warehouse and Storage,25001_50000,Electricity,Multizone CAV/VAV,Central Multi-zone VAV RTU_Electric Resistance_DX,DX,Electric Resistance,night_fancycle_vent,PVAV with PFP boxes,Central Multi-zone VAV RTU,gen2_t8_halogen,1,1,1989,0.0,0.0,0.0,0.0,0.0,0.0,5572.222222222222,36169.444444444445,4119.444444444444,0.0,0.0,99375.0,106983.33333333331,48011.11111111111,0.0,0.0,21320.32128612668,17804.023929538336,40351.311569083926,300230.5555555555,38945.17277178718,37168.924342227576,18684.56484214149,15035.051961203968,27619.67046993279,16489.96814773532,31150.324733667203,19411.29930142276,16248.635261806803,0.0,0.0,0.0,0.0,0.0,0.0,0.0,0.0,0.0,300230.5555555555,135.87467,65.77115611744516,54.886389115709,99.54756472099814,121.55513521716328,92.36015814102278,51.03833386706688,43.36625529484093,79.93554365355206,43.17799547796843,71.07992465008472,50.5620161142844,45.331154289594,42.45587009059283,41.58464641817683,66.32541426644897,72.82941315237456,62.13552363329956,46.97338548534831,40.41966873189992,53.99739354047696,40.10364398899976,56.175430440784055,42.34408891885285,40.49429068827232,18.01855897328446,16.223307956531826,52.641800240760894,47.89731439602988,49.313809061592224,18.43227686196685,16.223307956531826,37.8704534258152,16.223307956531826,27.92526516333596,17.481542249558462,16.223307956531826,Metadata_MT_Commercial_MT_baseline_metadata_and_annual_results.csv,MT
184887,0,7500.0,Cold,MT,Montana,,SmallHotel,Lodging,5001_10000,NaturalGas,Residential Style Central Systems,Residential forced air_Furnace_DX,DX,Furnace,default_nochange,Residential AC with residential forced air furnace,Residential forced air,gen4_led,2,2,2018,0.0,0.0,0.0,0.0,0.0,0.0,15058.333333333334,6497.222222222222,24744.444444444445,0.0,0.0,0.0,31088.88888888889,6655.555555555556,11.11111111111111,0.0,6607.592007866567,7853.631856788318,6813.47705419092,84055.55555555555,5968.516214140625,6744.814877970226,8008.045875510258,7127.7373683788,6673.9075610884565,7236.643109331028,6644.822497472486,7133.883612175624,7241.136151498405,0.0,15477.777777777776,20341.666666666664,73225.0,37405.55555555555,0.0,0.0,0.0,0.0,157280.55555555556,16.82845,12.965431603218471,16.6463284195546,12.738865402565276,12.145265587969734,12.74749100889164,16.115783429178954,14.60962789536129,12.030052506980796,13.8779468563921,13.310283401285258,13.5300079665678,14.399257169504976,11.45742884345986,13.79950986920452,12.342202637587285,11.188458746314437,12.297930216565572,14.9376928179375,12.829542275632392,11.16588845495994,12.377366525760916,11.63874864294533,12.305681209674637,12.652279461903664,10.82245572237381,11.913401494919956,11.233075087595612,10.936400454876866,11.130653721551308,12.094283070158175,11.417536583099452,10.904067474036486,11.307476974248123,11.317429852230331,11.3721426903295,11.371257392100906,Metadata_MT_Commercial_MT_baseline_metadata_and_annual_results.csv,MT
184888,0,17500.0,Cold,MT,Montana,,Warehouse,Warehouse and Storage,10001_25000,NaturalGas,Small Packaged Unit,Central Single-zone RTU_Furnace_DX,DX,Furnace,night_fancycle_novent,PSZ-AC with gas coil,Central Single-zone RTU,gen1_t12_incandescent,1,1,1940,0.0,0.0,0.0,0.0,0.0,0.0,5158.333333333333,19188.888888888887,7147.222222222222,0.0,0.0,0.0,63563.88888888889,62483.333333333336,0.0,0.0,12456.160232842216,14182.159554774642,13532.555277156764,157547.22222222222,12325.755803891929,13965.57209873217,14903.71340220392,12158.276317342124,12676.815523240995,12856.61891956007,12801.9674817144,13283.948752613587,12403.055811561228,0.0,233530.5555555556,0.0,233530.5555555556,0.0,0.0,0.0,0.0,0.0,391077.7777777778,38.73451,29.00910047779424,38.26674749914299,30.79863293844752,30.41168989881685,30.487490893698272,37.34805085378937,32.97304067820352,30.11138480276258,30.169064673940085,29.980913717521613,29.615258326874336,31.98532225285995,28.222735962269216,29.507706817065184,29.52021094555144,29.91229994229821,29.66851414043641,31.40608078156777,27.13039373526968,29.358607042704264,27.230199220146403,29.374912680141065,29.300677628456647,29.162233192223184,8.860305935227629,8.860305935227629,9.45851680562174,9.991213700749563,9.67730281557382,9.191539314553934,8.860305935227629,9.480792791774372,8.860305935227629,9.39596069780956,9.07118619020309,8.860305935227629,Metadata_MT_Commercial_MT_baseline_metadata_and_annual_results.csv,MT
184889,0,1000.0,Cold,MT,Montana,,SmallOffice,Office,_1000,NaturalGas,Residential Style Central Systems,Residential forced air_Furnace_DX,DX,Furnace,default_nochange,Residential AC with residential forced air furnace,Residential forced air,gen2_t8_halogen,2,2,1969,0.0,0.0,0.0,0.0,0.0,0.0,755.5555555555555,2272.222222222222,3219.4444444444443,0.0,0.0,0.0,1522.2222222222222,1088.888888888889,0.0,0.0,740.8476760387576,916.6515828883456,848.4695391303222,9783.333333333334,780.5251342681605,848.0223446100349,1018.0452252981152,712.3187658391295,778.1666345097667,784.7679291910624,798.5715036959655,795.4244595140176,760.4283936498656,922.2222222222224,43258.33333333333,0.0,43258.33333333333,0.0,0.0,0.0,0.0,0.0,53038.88888888889,4.50891,3.030673589081103,4.429616169140655,2.5660017862371887,2.5660017862371887,2.5660017862371887,4.247782695115243,3.248161099471764,2.583691265193245,3.266109031513569,2.5660017862371887,2.733571273216587,3.5472002875138973,2.5660017862371887,3.1033690773064726,2.5660017862371887,2.5660017862371887,2.5660017862371887,3.602172143839086,2.764761451077535,2.5660017862371887,2.5660017862371887,2.5660017862371887,2.5660017862371887,2.695502178487166,1.1406270224635224,0.9322099939020289,1.0755340147746637,1.2947976859886186,1.0113093267726363,1.1143579248582578,0.8469255199738523,1.2156986554577975,0.8561669244816092,1.0692972019623244,1.071291131315467,0.9723700613531514,Metadata_MT_Commercial_MT_baseline_metadata_and_annual_results.csv,MT
184894,0,3000.0,Cold,MT,Montana,,SmallOffice,Office,1001_5000,NaturalGas,Small Packaged Unit,Central Single-zone RTU_Furnace_DX,DX,Furnace,night_fancycle_novent,PSZ-AC with gas coil,Central Single-zone RTU,gen4_led,2,2,2005,0.0,0.0,0.0,0.0,0.0,0.0,2319.4444444444443,3922.222222222222,3741.6666666666665,0.0,0.0,0.0,20705.555555555555,7011.111111111111,0.0,0.0,2892.786972424497,3656.7147551066105,3100.5627892756943,37697.22222222223,2786.530682319799,3127.073796208992,3917.3917331869534,2981.1777642447323,2928.5534647957347,3168.489532604552,2946.1068372660966,3052.665252225379,3140.458263920983,0.0,21827.777777777774,0.0,23075.0,1247.222222222222,0.0,0.0,0.0,0.0,60775.0,9.00841,6.085987338987118,8.696436670316011,5.8934372962601085,5.8934372962601085,5.8934372962601085,8.485668719813486,7.0481667715472085,5.8934372962601085,6.991859799624184,5.8934372962601085,5.897000658202978,7.754384577655847,5.265880660098204,6.6114502289259125,5.8934372962601085,5.443896999469738,5.8934372962601085,7.689224096000554,5.72727364695735,5.265880660098204,5.6455193115913564,5.443896999469738,5.668667147864923,5.773114475033515,3.0795435994058704,4.146150556186004,2.9612670937651697,2.9282657023746665,2.956484950643582,4.819092282764245,3.0795435994058704,2.943339626726897,3.0795435994058704,2.9253599242378585,3.0795435994058704,3.0795435994058704,Metadata_MT_Commercial_MT_baseline_metadata_and_annual_results.csv,MT
184896,0,17500.0,Cold,MT,Montana,strip_mall_restaurant40,RetailStripmall,Mercantile,10001_25000,Electricity,Multizone CAV/VAV,Central Multi-zone VAV RTU_Furnace_DX,DX,Furnace,night_fancycle_vent,PVAV with gas heat with electric reheat,Central Multi-zone VAV RTU,gen2_t8_halogen,1,1,1971,0.0,0.0,0.0,0.0,0.0,0.0,92730.55555555556,30738.88888888889,144852.77777777778,0.0,0.0,404447.2222222222,80425.0,88433.33333333333,0.0,0.0,72411.39590090814,67181.92267134345,106872.63493419644,1028711.1111111112,134143.50498566675,129193.445799244,71997.15728564397,63122.23974607535,96892.82662685675,62003.609075354856,93876.45335539276,70836.46083767847,60178.12374277188,187080.5555555556,374061.1111111111,31097.222222222223,405158.3333333333,0.0,0.0,0.0,0.0,0.0,1433866.6666666665,394.23396,244.3362498949416,249.85835591086152,375.0713956095864,357.4743801834361,339.0295083617685,250.86110939975805,209.80495957612752,269.1272833528324,191.0208296115381,273.5237413448058,203.5703443178585,169.3075088982855,160.60151416499204,157.80993019390533,223.85539552869847,293.3975231895055,263.0738558304121,171.5048147582419,141.54972305306842,214.63346445072,140.16634671466718,205.2291339031009,165.6391146368283,136.49294110257784,123.0155369014826,112.1680262128486,192.5108669899465,219.59247886191343,186.11120039298623,130.86837240593314,119.88705358597876,159.7453376912348,109.70870152235462,167.3275983889319,124.26370140082749,104.2581149216388,Metadata_MT_Commercial_MT_baseline_metadata_and_annual_results.csv,MT
184897,0,17500.0,Cold,MT,Montana,,Warehouse,Warehouse and Storage,10001_25000,NaturalGas,Small Packaged Unit,Central Single-zone RTU_Furnace_DX,DX,Furnace,night_fancycle_vent,PSZ-AC with gas coil,Central Single-zone RTU,gen1_t12_incandescent,1,1,1979,0.0,0.0,0.0,0.0,0.0,0.0,2100.0,25127.777777777777,4441.666666666667,0.0,0.0,0.0,52200.0,48466.66666666666,0.0,0.0,10565.384989165776,11232.55826627847,11879.05080262321,132333.33333333334,10560.130030403629,12012.101734303447,11675.703003291848,9632.234853890895,10895.385265463488,10687.516540081431,11202.091259821462,11469.337425828207,10521.714833199025,0.0,145288.88888888885,0.0,145288.88888888885,0.0,0.0,0.0,0.0,0.0,277622.2222222222,34.476870000000005,25.38096306637446,34.435555586994816,30.80997203007364,31.00263093345448,30.72243624038818,32.25056834143783,27.063611579078163,28.95790725164696,27.4941218853446,30.62703134342156,30.11141031607645,28.908831909354305,24.81103044046096,26.833919087697566,30.52234450198773,30.35067504237655,30.45190357044328,29.34405952320265,25.134229617784264,24.849564063466087,24.945938679933253,30.459151807442648,28.377855828363,25.48023448039556,10.220537571774315,10.220537571774315,10.78994075803812,10.942360366913976,10.69611569836957,10.654374641390955,10.220537571774315,10.710254467340537,10.220537571774315,10.52894969109248,10.418602195629546,10.220537571774315,Metadata_MT_Commercial_MT_baseline_metadata_and_annual_results.csv,MT
184898,0,3000.0,Cold,MT,Montana,,SmallOffice,Office,1001_5000,Propane,Small Packaged Unit,Central Single-zone RTU_Furnace_DX,DX,Furnace,night_fancycle_novent,PSZ-AC with gas coil,Central Single-zone RTU,gen2_t8_halogen,2,2,1950,0.0,0.0,0.0,0.0,0.0,0.0,2922.222222222222,4338.888888888889,7836.111111111111,0.0,0.0,0.0,16130.555555555557,7275.0,0.0,0.0,2924.976281139154,3752.404829548423,3197.702306849698,38502.777777777774,2971.251172312529,3251.7591892817863,4104.289017075943,2997.248242760504,3023.245339884701,3110.041697808676,3021.783012260571,3070.085503655643,3078.102313384732,0.0,0.0,0.0,0.0,0.0,0.0,71761.1111111111,75991.66666666667,4230.555555555556,114494.44444444444,13.20443,7.925403162652311,12.44159879264905,6.879844997787328,6.672890022612486,6.879844997787328,13.073817008036402,9.625431573368084,6.672890022612486,9.027725181313096,6.879844997787328,7.23911367920457,10.039764138839825,6.498648654670837,8.751152307726786,6.879844997787328,6.672890022612486,6.879844997787328,9.928982947403602,7.325599887072817,6.498648654670837,7.049124745222146,6.879844997787328,6.509267368708897,6.698145352795336,3.154671056983567,2.865792968796295,3.152860364132504,3.311207997239763,3.096567407988829,4.558229564458156,2.864217582290343,3.293969371498486,2.948527941881858,3.101484531126761,3.065755369142682,2.881852524383665,Metadata_MT_Commercial_MT_baseline_metadata_and_annual_results.csv,MT
184901,0,17500.0,Cold,MT,Montana,strip_mall_restaurant40,RetailStripmall,Mercantile,10001_25000,Electricity,Multizone CAV/VAV,Central Multi-zone VAV RTU_Furnace_DX,DX,Furnace,night_fancycle_novent,PVAV with gas heat with electric reheat,Central Multi-zone VAV RTU,gen2_t8_halogen,1,1,1924,0.0,0.0,0.0,0.0,0.0,0.0,56400.0,30783.33333333333,125275.0,0.0,0.0,169425.0,63636.11111111112,84841.66666666667,0.0,0.0,41548.28342897652,45711.822112274895,57158.884363067584,560844.4444444444,52673.21456333145,55071.8032380255,49104.13896669276,39738.4945438266,46697.02345339485,40580.40221922687,50603.84279217195,42955.41204528615,39000.86564348893,30483.33333333333,207686.1111111111,60269.44444444443,486863.8888888888,218908.3333333333,0.0,0.0,0.0,0.0,1047705.5555555556,192.31955,132.86902889504867,164.65857714568594,161.20313617857946,180.71293471971404,158.07741643822976,140.282398586299,107.8443121298132,141.12846748600384,105.8602671755305,142.34690010220305,125.50638938685256,118.53287631570224,102.91973760851738,102.02591900008736,131.00548588037296,132.4181855658791,126.89859054978626,117.34875869890804,81.56672385467772,114.19481626512268,78.49683326638923,123.51385766522336,95.1873528614109,79.56295218890679,59.027227524928286,66.95466226774477,95.94010535346828,102.02929057119614,94.36229515529338,73.38583325985641,61.67700743933122,77.55083554237784,66.05671671155164,90.12798410134182,63.83861159905839,67.32152867700837,Metadata_MT_Commercial_MT_baseline_metadata_and_annual_results.csv,MT
184903,0,3000.0,Cold,MT,Montana,,SecondarySchool,Education,1001_5000,NaturalGas,Multizone CAV/VAV,Central Multi-zone VAV RTU_Boiler _WCC,WCC,Boiler ,default_nochange,VAV chiller with gas boiler reheat,Central Multi-zone VAV RTU,gen4_led,1,1,1982,0.0,0.0,0.0,0.0,0.0,0.0,3483.333333333333,9247.222222222224,14277.777777777776,0.0,408.3333333333333,0.0,1330.5555555555554,2058.333333333333,2922.222222222222,24066.666666666668,4577.28156274849,5631.386798731719,4981.017430934281,60086.11111111112,4548.736038416532,4997.880963572911,5967.436810175954,5007.115174468268,4703.738475702101,5181.355700743024,4700.70951434658,4833.3616303389645,4956.027565378442,2288.888888888889,188755.5555555556,0.0,192055.5555555556,3299.9999999999995,0.0,0.0,0.0,0.0,252141.66666666663,19.92151,10.785923440542287,17.04030907602378,10.26022872682646,9.909361378935468,10.344604392297658,19.283813704251543,13.142762201835367,9.929186073858626,12.513401630793982,9.911983263181634,10.33282184006209,12.829172152596874,8.540224782924284,11.350332089330324,9.69402236528613,9.445439946724822,9.768884599410422,11.518057755180951,8.758132179585365,9.223986321458575,9.470179227395446,9.18787158809153,9.142467488704046,8.992414052354427,6.723499207784618,6.834633060957216,7.3527557099218095,7.54212572936454,7.405231131842068,8.021192056150484,6.469272409497012,7.294462882794606,6.538948546160095,7.337766486040379,7.154664749672775,7.20336214961595,Metadata_MT_Commercial_MT_baseline_metadata_and_annual_results.csv,MT
184908,0,3000.0,Cold,MT,Montana,,Outpatient,Healthcare,1001_5000,NaturalGas,Multizone CAV/VAV,Central Multi-zone VAV RTU_Boiler _ACC,ACC,Boiler ,night_fancycle_vent,VAV air-cooled chiller with gas boiler reheat,Central Multi-zone VAV RTU,gen2_t8_halogen,2,2,2001,0.0,0.0,0.0,0.0,0.0,0.0,3705.555555555556,4888.888888888889,10894.444444444443,0.0,0.0,0.0,24672.222222222223,10500.0,1819.4444444444448,0.0,4506.007761634411,5148.110519954541,4600.929934927605,56477.777777777774,4140.6629055971935,4708.721379801085,5380.87231730007,4553.045358247753,4540.138445421084,4807.803367094954,4527.4424770384885,4858.998528316812,4706.177459695708,0.0,34147.22222222222,4344.444444444444,44622.22222222222,6130.555555555555,0.0,0.0,0.0,0.0,101102.77777777778,13.9809,10.802403671887228,13.920066392474942,10.254168553691867,10.287370408401614,10.597975991546049,13.429305939479178,11.838031656625509,9.90129717672036,11.24614062994693,10.90736632457464,10.963508896968444,12.334074178132711,9.461392007111009,11.303868263159568,9.961106929686435,9.194289693929816,10.00263673550515,12.392444419866395,10.428098064826068,9.49971558224937,10.288963684609127,10.07416884480036,10.09606051004714,10.3068375971889,3.372177884666143,4.104149343926144,4.40755030252613,4.454048011125884,4.472860108992536,4.51115480329756,3.431296324478836,4.212590728090536,3.8091774218249737,4.39233219607596,4.23045131681056,4.101337619922569,Metadata_MT_Commercial_MT_baseline_metadata_and_annual_results.csv,MT
184909,0,75000.0,Cold,MT,Montana,mediumoffice_nodatacenter,MediumOffice,Office,50001_100000,NaturalGas,Multizone CAV/VAV,Central Multi-zone VAV RTU_Boiler _DX,DX,Boiler ,night_fanon_vent,PVAV with gas boiler reheat,Central Multi-zone VAV RTU,gen1_t12_incandescent,3,3,1984,0.0,0.0,0.0,0.0,0.0,0.0,150886.11111111112,25566.666666666668,338819.44444444444,0.0,0.0,0.0,129830.55555555556,143624.99999999997,4525.0,0.0,58429.864910638295,87467.22672689483,55071.829109005535,793252.7777777778,49585.93800505275,55436.73002732502,96553.24297996415,77994.30398571961,54115.90314505039,73235.33880608721,53167.566541273416,60681.51776039563,71512.18682590341,0.0,986269.4444444444,0.0,1011072.222222222,24802.777777777774,0.0,0.0,0.0,0.0,1804322.2222222225,261.0784,205.0078040753888,257.1707226667577,165.34651607077376,165.15402623775762,165.12536529008182,257.1280797484367,227.65158348535888,164.56933351087946,219.2459609491304,186.863153826072,200.78324848561533,228.9231796890193,164.2203159725137,206.0657318172094,164.5619140672711,164.63169688768292,164.6215578465408,219.2903574420318,201.10601244634853,164.1635221633743,200.6965635298088,164.30928928437967,164.3361004811676,182.44846844292,81.1217633420316,112.57476230432958,81.03090076280026,80.98037535417131,81.04686261474771,136.71745847585416,87.50952890084099,80.86029980513906,84.33708579569918,80.95686152607696,80.79987275877859,80.89183409277224,Metadata_MT_Commercial_MT_baseline_metadata_and_annual_results.csv,MT
184910,0,17500.0,Cold,MT,Montana,strip_mall_restaurant30,RetailStripmall,Mercantile,10001_25000,Electricity,Small Packaged Unit,Central Single-zone RTU_Electric Resistance_DX,DX,Electric Resistance,night_fancycle_novent,PSZ-AC with electric coil,Central Single-zone RTU,gen2_t8_halogen,1,1,2000,0.0,0.0,0.0,0.0,0.0,0.0,54205.55555555556,28130.555555555555,82997.22222222222,0.0,0.0,182041.66666666663,158680.55555555556,88686.11111111111,0.0,0.0,53954.4325525615,52544.65186921925,75174.33026350783,727355.5555555556,93172.003232067,80496.96813673413,56932.435595668896,48507.12591761597,61968.01425772533,48561.83184422969,60784.98806916952,48593.34288440209,46665.14402227877,132613.8888888889,0.0,0.0,0.0,0.0,0.0,0.0,0.0,0.0,727355.5555555555,342.94217,249.81113552467804,174.26130832287072,335.0295731508546,332.61337668867765,312.4587782921993,176.309776060955,155.92038177841368,227.5318257992961,137.07363574509768,232.13776143202327,172.28048999274395,137.99896275159398,118.95290691806896,128.18315105059256,177.19337525912673,243.41267873566767,173.1321571331935,143.31968026444014,121.07914331550091,151.09321054507282,119.91534596400854,160.59231382988418,108.82578596035664,115.51752832311996,94.88972958757462,90.54616882787944,113.0709786835418,153.55807861588076,133.31576741093568,120.22404320749996,94.42487422973304,107.4665509383555,92.72350982949229,95.73158549666871,93.3434769442329,97.58248685789064,Metadata_MT_Commercial_MT_baseline_metadata_and_annual_results.csv,MT
184913,0,3000.0,Cold,MT,Montana,,LargeHotel,Lodging,1001_5000,NaturalGas,Zone-by-Zone,DOAS+Zone terminal equipment_Boiler _WCC,WCC,Boiler ,default_nochange,DOAS with fan coil chiller with boiler,DOAS+Zone terminal equipment,gen5_led,11,11,1920,0.0,0.0,0.0,0.0,0.0,0.0,6508.333333333333,4769.444444444445,16997.222222222223,0.0,680.5555555555555,0.0,13302.777777777776,1883.3333333333333,5791.666666666667,16611.111111111113,5971.110768715169,7146.617619038863,6857.590587268295,78216.66666666667,6786.075369735541,6871.333648347477,8007.323013300123,5901.416712389931,6542.4207847666,5945.649042988688,6362.636228507839,6092.495178307891,5733.27498574087,11669.444444444443,212527.7777777777,3647.2222222222217,224375.0,8199.999999999998,0.0,0.0,0.0,0.0,302594.44444444444,24.01598,12.2750304914625,19.723467336429746,14.2129648603565,13.912284733805674,13.29984323463267,22.760232839636128,17.62667555481502,12.13101568207584,13.875217600147332,12.902067419544958,11.792466563257282,12.94499832117054,10.980283768598213,12.996906376804391,11.796940519199042,12.777156387867992,11.631400453996378,14.383332182252982,11.580039302201728,11.347167964370469,10.704547190292066,11.165614850880102,10.657964679999608,10.41349370203803,9.75915714579989,9.32700699596603,10.814573033875105,11.48611351690765,10.973856621745291,9.377491192992643,9.36407857967991,10.669592431797412,9.473842969904172,10.50593269164576,9.749189118779826,9.286875367445116,Metadata_MT_Commercial_MT_baseline_metadata_and_annual_results.csv,MT
184916,0,7500.0,Cold,MT,Montana,,SmallOffice,Office,5001_10000,NaturalGas,Small Packaged Unit,Central Single-zone RTU_Furnace_DX,DX,Furnace,night_fanon_vent,PSZ-AC with gas coil,Central Single-zone RTU,gen4_led,1,1,1956,0.0,0.0,0.0,0.0,0.0,0.0,2211.111111111111,7308.333333333333,29891.666666666668,0.0,0.0,0.0,31633.33333333333,6458.333333333333,0.0,0.0,6396.783932305095,7185.032641045391,6820.243155599216,80372.22222222222,6093.296441025724,6855.803318290047,7672.498797685706,6352.6581405232255,6601.996438673462,6572.386369235604,6538.111441035703,6745.274978048896,6537.695643823118,2866.6666666666665,123277.77777777777,0.0,123277.77777777777,0.0,0.0,0.0,0.0,0.0,203650.0,19.07468,12.04091542868815,17.904189253902288,12.04091542868815,12.04091542868815,12.04091542868815,18.07762344509588,13.91585529894868,12.04091542868815,12.554918218856905,11.758245026038836,11.790756010206476,15.113993343830783,11.779333155895367,12.417792025137112,11.768223681690268,11.8340406385516,11.77454832460458,15.611168790774842,11.561707037780206,11.8340406385516,11.777813047825529,11.5724388367227,11.56091181964816,11.749840791489763,8.413438869467226,8.350756396109666,8.484426207864049,8.51750746003888,8.414462167073495,8.911145841016019,8.27758905260687,8.388974553157126,8.413437452529749,8.413438543065686,8.493740325736878,8.330196194345882,Metadata_MT_Commercial_MT_baseline_metadata_and_annual_results.csv,MT
184918,0,1000.0,Cold,MT,Montana,,SmallOffice,Office,_1000,NaturalGas,Small Packaged Unit,Central Single-zone RTU_Furnace_DX,DX,Furnace,night_fancycle_vent,PSZ-AC with gas coil,Central Single-zone RTU,gen3_t5_cfl,2,2,1965,0.0,0.0,0.0,0.0,0.0,0.0,911.1111111111112,2152.777777777778,2200.0,0.0,0.0,0.0,6941.666666666667,1491.6666666666667,0.0,0.0,1121.3549919949212,1387.269461856352,1234.445005458056,14655.555555555557,1130.6368721374563,1238.301314644771,1533.0740198677522,1129.9292607474897,1150.333840290214,1224.0801141930294,1164.5020133304972,1180.2474745813115,1160.637477765765,958.3333333333334,17583.333333333332,0.0,17583.333333333332,0.0,0.0,0.0,0.0,0.0,32238.888888888887,4.20678,2.5942653062521046,4.203178088443487,2.461283014525033,2.461283014525033,2.461283014525033,3.971409658163772,3.0701764109624747,2.461283014525033,3.03964568329539,2.461283014525033,2.461283014525033,3.256517114792332,2.187464955121924,2.840815156878763,2.29349423390658,2.214259549515042,2.461283014525033,3.356871471231233,2.418196452418396,2.187464955121924,2.187464955121924,2.214259549515042,2.29349423390658,2.224359597673338,1.3519549340842592,1.3675259116685534,1.3808027278813753,1.4599717848948472,1.3499354708434852,1.7087901841869344,1.3519549340842592,1.5197437147027142,1.3519549340842592,1.3519549340842592,1.3519549340842592,1.3519549340842592,Metadata_MT_Commercial_MT_baseline_metadata_and_annual_results.csv,MT
184920,0,3000.0,Cold,MT,Montana,,SmallOffice,Office,1001_5000,Propane,Small Packaged Unit,Central Single-zone RTU_Furnace_Evaporative Cooling,Evaporative Cooling,Furnace,default_nochange,Direct evap coolers with forced air furnace,Central Single-zone RTU,gen4_led,2,2,1990,0.0,0.0,0.0,0.0,0.0,0.0,0.0,4022.222222222222,1986.111111111111,0.0,0.0,0.0,12313.888888888889,3216.6666666666665,0.0,0.0,1801.737046997764,2156.8664382780485,1960.044506817421,23252.777777777777,1733.6143972701598,1972.9818009467883,2278.083466110445,1855.8902216268173,1845.746585689946,1929.495443325438,1864.0967255368585,1917.5497279638143,1936.2016138600009,1716.6666666666667,0.0,0.0,0.0,0.0,0.0,40525.0,40525.0,0.0,63777.77777777778,5.90889,4.775498285112639,5.898987200567429,4.657041863945331,4.657041863945331,4.657041863945331,5.898987200567429,5.793561281909785,4.657041863945331,5.422501593590272,4.657041863945331,4.66578029432163,5.898987200567429,4.628513497268722,5.366089221918434,4.657041863945331,4.599016555924487,4.657041863945331,5.831029676794967,4.812812541969349,4.638675073431394,4.727255213400047,4.631214664013891,4.631214664013891,4.613050833232689,2.8122361506465308,2.868816396075207,2.864174440775333,2.864174440775333,2.864174440775333,2.936593163353652,2.786408950715091,2.857881537329104,2.8122361506465308,2.857881537329104,2.857881537329104,2.8360292081400096,Metadata_MT_Commercial_MT_baseline_metadata_and_annual_results.csv,MT
184921,0,17500.0,Cold,MT,Montana,,QuickServiceRestaurant,Food Service,10001_25000,NaturalGas,Small Packaged Unit,Central Single-zone RTU_Furnace_Evaporative Cooling,Evaporative Cooling,Furnace,default_nochange,Direct evap coolers with forced air furnace,Central Single-zone RTU,gen4_led,1,1,1977,0.0,0.0,0.0,0.0,0.0,0.0,0.0,25991.666666666668,208155.5555555556,0.0,0.0,0.0,256894.44444444447,39916.66666666666,0.0,12288.888888888889,42950.08146398545,53933.27550551087,42182.32003443609,543247.2222222222,37714.69371274303,42123.35477088408,56117.23745585775,49754.49158428644,42302.47392426261,49640.26535872679,41211.59662574176,37267.82751184919,48048.65146740652,0.0,26408.33333333333,489527.77777777775,676808.3333333333,160874.99999999997,0.0,0.0,0.0,0.0,1220055.5555555555,123.51386,120.87629234661438,121.29444558233524,93.62703292121908,93.7333107996784,92.77109604305194,121.19839899002558,121.23268125169734,97.4706171733973,120.88535500719524,101.00997300459868,94.4463245753675,121.135824129172,91.8188928314208,114.08516444067912,88.8183269347092,87.97994806787875,88.85383631057212,114.10659671175333,113.89458654672538,89.83379874829637,113.6537871210868,89.51586649294839,80.39280365672482,113.21730008092072,84.2093570076456,91.2126318237393,86.40468741072951,86.40552276360428,86.44306086398356,113.02175376220764,96.3622472165226,86.33970914408528,96.68983912003011,87.26013052277452,80.39280365672481,80.39280365672482,Metadata_MT_Commercial_MT_baseline_metadata_and_annual_results.csv,MT
184922,0,75000.0,Cold,MT,Montana,,SecondarySchool,Education,50001_100000,NaturalGas,Multizone CAV/VAV,Central Multi-zone VAV RTU_Boiler _ACC,ACC,Boiler ,default_nochange,VAV air-cooled chiller with gas boiler reheat,Central Multi-zone VAV RTU,gen4_led,1,1,1982,0.0,0.0,0.0,0.0,0.0,0.0,28952.777777777777,48547.22222222223,122133.33333333331,0.0,0.0,0.0,104844.44444444444,66247.22222222222,14775.0,24866.666666666668,36306.24107248944,32683.18828562242,39759.89126884982,444236.1111111111,35369.0067436598,40051.30900188574,35215.60574310567,37671.180017901206,37146.9375135973,39350.23341744444,36729.461891174025,37333.12949479825,36619.86283298982,33866.666666666664,782108.3333333333,36052.777777777774,846547.2222222221,28386.11111111111,0.0,0.0,0.0,0.0,1290783.3333333333,133.62433,106.82062165548707,129.88449386354222,103.46130287089812,104.22905708161332,104.081782332518,110.77067164879573,126.70173600426176,104.16471464900404,123.2158020189292,102.18501280532074,99.7869371438501,113.05968897576332,100.82495010431232,78.31962284985896,102.1877626079734,102.9379455609142,102.22653590970796,87.58439466169926,85.8575292492587,101.28904664538368,104.93864595484084,100.09981412037412,97.9506759268138,93.00399286820304,35.11798551570169,44.73695114701963,41.31906522978326,41.13612644485956,41.11488549942141,48.643121483031145,46.24398002869416,41.28286235123204,35.13594698614338,41.13312925564673,41.74401985371638,40.851118400767646,Metadata_MT_Commercial_MT_baseline_metadata_and_annual_results.csv,MT
184924,0,75000.0,Cold,MT,Montana,,PrimarySchool,Education,50001_100000,Propane,Multizone CAV/VAV,Central Multi-zone VAV RTU_Boiler _WCC,WCC,Boiler ,default_nochange,VAV chiller with gas boiler reheat,Central Multi-zone VAV RTU,gen2_t8_halogen,1,1,1994,0.0,0.0,0.0,0.0,0.0,0.0,107427.77777777778,53538.88888888889,155316.66666666666,0.0,5108.333333333333,0.0,77030.55555555555,100291.66666666669,46875.0,17497.222222222223,49503.33756866583,65528.12870157602,46341.29301816303,652369.4444444444,42998.605005030375,47447.19342930751,73120.06474410096,64294.55711903458,43910.3572879784,68178.50114777364,44074.68573611388,51095.82120045498,55876.5776420336,89283.33333333333,0.0,52663.88888888888,52663.88888888888,0.0,0.0,2228569.4444444445,2228569.4444444445,0.0,2933602.777777778,291.90765000000005,192.91903529013769,277.0131620718415,115.3563121392746,116.6511792146686,113.93585331121363,259.48260329893225,224.6704389114576,120.09865617435112,226.5672926100901,177.58974595721168,188.4982559038025,218.82863682947868,106.91437672333764,157.17992903946802,106.5747023949848,110.44281127090744,107.8416027722945,194.1864085778601,164.6973050012275,108.06289383940116,175.45793935157707,104.80154307665516,102.81596791166204,149.82853953621498,46.7202095989696,77.52945476172121,41.93055544681414,43.64595411964189,42.09395002584903,95.21557266066888,49.05798040447891,46.05318905878507,45.02609930089808,42.500766556826186,45.87341402730205,46.35730563995156,Metadata_MT_Commercial_MT_baseline_metadata_and_annual_results.csv,MT
184925,0,7500.0,Cold,MT,Montana,,SmallOffice,Office,5001_10000,NaturalGas,Small Packaged Unit,Central Single-zone RTU_Furnace_DX,DX,Furnace,night_fanon_vent,PSZ-AC with gas coil,Central Single-zone RTU,gen2_t8_halogen,2,2,1986,0.0,0.0,0.0,0.0,0.0,0.0,8805.555555555557,6172.222222222222,43619.444444444445,0.0,0.0,0.0,51950.0,13186.111111111111,0.0,0.0,9783.329810119903,12147.687938521209,10139.217704866036,126461.11111111112,9112.19286855479,10226.962167587537,13385.82724342404,10719.076974885029,9920.577996618284,10776.38601557026,9744.83250642313,10174.367251213243,10331.85402052429,2722.222222222222,60461.11111111111,0.0,60461.11111111111,0.0,0.0,0.0,0.0,0.0,186922.22222222225,36.28392,22.76990052883508,34.75527148149149,18.86581711124937,18.78446599211725,18.808022830129087,35.49334456482246,29.73938575593133,18.69042364964631,26.952058934403325,18.69401706625564,23.32958870825234,29.00158116958717,17.806993863779883,25.69397714930845,18.53076207399244,18.35011518893204,18.539943351151773,28.915582573993024,22.227970952946468,17.806993863779883,20.148119150259927,18.56469744866283,17.762310969529853,18.02095961568532,11.45400326077382,11.85380206819018,11.569383238395664,11.53894892388587,11.569383238395664,15.24985778399076,11.721087140940366,11.524732458722529,11.721113431677916,11.569383238395664,11.721084896573585,11.721088955429106,Metadata_MT_Commercial_MT_baseline_metadata_and_annual_results.csv,MT
184927,0,17500.0,Cold,MT,Montana,,SmallOffice,Office,10001_25000,NaturalGas,Small Packaged Unit,Central Single-zone RTU_Furnace_DX,DX,Furnace,night_fanon_vent,PSZ-AC with gas coil,Central Single-zone RTU,gen2_t8_halogen,2,2,1960,0.0,0.0,0.0,0.0,0.0,0.0,22005.555555555555,10819.444444444443,86488.88888888889,0.0,0.0,0.0,85483.33333333333,36805.55555555556,2.7777777777777777,0.0,19191.659794625448,24213.69944773121,19553.64283708315,248997.22222222225,17597.404957869618,19760.845711425987,26044.069594766454,21334.75931200252,19217.664127947857,22573.33787285835,18817.97809431972,19979.92271286609,20712.30140548687,7391.666666666667,109094.44444444444,0.0,109094.44444444444,0.0,0.0,0.0,0.0,0.0,358091.6666666666,61.09925,44.01093816312564,60.13638916380261,40.5413768414132,40.26113629145381,40.57064334226297,59.22841364915303,53.959744393434974,40.568013140844656,53.81223611881843,40.27208268352964,41.37354219984528,52.07113973230047,39.916997054243765,48.94554031750224,40.44549964125518,40.05429853075768,40.52418943001685,53.45250639991428,45.89252979808792,39.93921292819563,47.49547546510013,39.811471422736645,39.744635063722285,41.84328096275319,21.928997231776474,21.87310435386781,21.85824205292805,21.757463430526435,21.890689642481323,30.70919990712517,21.757463430526435,21.757463430526435,22.049666762990544,21.85824205292805,21.757463430526435,21.757463430526435,Metadata_MT_Commercial_MT_baseline_metadata_and_annual_results.csv,MT
184929,0,7500.0,Cold,MT,Montana,,Warehouse,Warehouse and Storage,5001_10000,NaturalGas,Residential Style Central Systems,Residential forced air_Furnace_None,,Furnace,default_nochange,Residential forced air furnace,Residential forced air,gen4_led,1,1,1971,0.0,0.0,0.0,0.0,0.0,0.0,0.0,14544.444444444443,3480.555555555556,0.0,0.0,0.0,21152.777777777777,7325.0,0.0,0.0,3719.097005721469,3462.1922239852256,4553.975247190846,46500.0,4223.619632197159,4700.9173913447385,3376.5385322499305,3120.753935346254,4083.603349955272,3471.7318596518685,4178.430575817337,4065.5164176947737,3544.0906876128684,0.0,214075.0,0.0,214075.0,0.0,0.0,0.0,0.0,0.0,260575.0,12.46716,8.255439315769786,7.669601582405625,12.401383885677747,11.940581173204423,12.026027054108134,6.974158112925065,7.669601582405625,9.526169591174424,7.751286762471127,11.534182373695623,8.47227458779891,7.736267865077398,7.711245670846831,6.974158112925065,11.122814915665582,10.057312268640256,11.096259813860764,6.974158112925065,6.974158112925065,7.900903786200498,6.974158112925065,10.909425361729763,7.931673693770718,6.974158112925065,4.861522823479986,4.849144530274167,5.285523606060837,5.606867793001927,5.307704853127126,4.849144530274167,4.849144530274167,5.24477479893841,4.849144530274167,5.232815748076143,5.023924080921992,4.849144530274167,Metadata_MT_Commercial_MT_baseline_metadata_and_annual_results.csv,MT
184930,0,7500.0,Cold,MT,Montana,,SmallOffice,Office,5001_10000,NaturalGas,Small Packaged Unit,Central Single-zone RTU_Furnace_DX,DX,Furnace,night_fanon_vent,PSZ-AC with gas coil,Central Single-zone RTU,gen5_led,2,2,1969,0.0,0.0,0.0,0.0,0.0,0.0,16280.555555555557,5641.666666666667,61602.77777777778,0.0,0.0,0.0,52072.22222222223,5780.555555555556,0.0,0.0,10941.048005131455,14076.959587168398,10782.842761887954,141380.55555555556,9688.325898691386,10835.24084491553,15022.664894615204,12346.650173959712,10785.494352104675,12863.412602434017,10412.519918732656,11387.058859947228,12239.292308161272,0.0,37519.444444444445,0.0,42980.55555555555,5461.11111111111,0.0,0.0,0.0,0.0,184361.11111111112,32.54844,24.982643723433707,32.14294509632788,17.778409282389074,17.468147146261426,17.647955783630543,30.669854456066417,27.653943180969,19.996693535669777,26.962026924056,18.622385144122124,22.491425068891704,28.163552015816457,17.933118004094045,25.554143441449938,16.843786242893174,16.843786242893174,16.843786242893174,28.269929265996826,23.56218249297723,17.194191479370332,22.36659119748212,16.843786242893174,18.49296090207157,23.501123881687832,13.192139226553511,14.832610477872032,13.192139226553511,13.192139226553511,13.192139226553511,21.051587605500497,13.280610475332091,13.192139226553511,16.15880567911535,13.192139226553511,13.192139226553511,13.192139226553511,Metadata_MT_Commercial_MT_baseline_metadata_and_annual_results.csv,MT
184931,0,3000.0,Cold,MT,Montana,strip_mall_restaurant20,RetailStripmall,Mercantile,1001_5000,NaturalGas,Small Packaged Unit,Central Single-zone RTU_Furnace_DX,DX,Furnace,night_fancycle_vent,PSZ-AC with gas coil,Central Single-zone RTU,gen1_t12_incandescent,1,1,1973,0.0,0.0,0.0,0.0,0.0,0.0,1777.7777777777778,5536.111111111111,11183.333333333334,0.0,0.0,0.0,9736.111111111111,30691.666666666668,0.0,0.0,5425.559849013156,6160.044374713473,5861.910194981225,68186.11111111111,5294.760111416143,5825.519840527441,6349.173566223538,5325.160308550552,5723.947710157293,5531.174957851392,5576.51678504995,5633.391313540552,5477.815343902176,9261.111111111111,72799.99999999999,0.0,89127.77777777777,16327.777777777776,0.0,0.0,0.0,0.0,157313.88888888888,26.78014,13.25489509710104,20.586562179648247,13.751222159606645,12.81155978443964,13.280422681835883,18.241890847010666,14.336235557393806,12.662184343444876,14.24462684136,13.519888102378747,12.65966646577801,17.35077447160985,12.49721467752032,13.970995294796603,12.584103714277326,12.521176179251398,12.551570115494473,15.491652169885535,12.378078859393629,12.476036949641117,12.56639169059946,12.421778362471382,12.116826409675868,12.495775460105015,11.048668625583147,11.07675653585644,10.997237434139674,11.083144277259075,11.049477003335335,11.578632553327912,11.17439776473588,10.630580369271431,11.037764819563256,10.886092348689308,10.837820986679164,11.041969601912497,Metadata_MT_Commercial_MT_baseline_metadata_and_annual_results.csv,MT
184933,0,1000.0,Cold,MT,Montana,strip_mall_restaurant30,RetailStripmall,Mercantile,_1000,Electricity,Multizone CAV/VAV,Central Multi-zone VAV RTU_Furnace_DX,DX,Furnace,night_fancycle_novent,PVAV with gas heat with electric reheat,Central Multi-zone VAV RTU,gen5_led,1,1,1969,0.0,0.0,0.0,0.0,0.0,0.0,1316.6666666666667,4975.0,5888.888888888889,0.0,0.0,30005.55555555556,3802.7777777777774,2647.222222222222,0.0,0.0,5023.942500984865,2804.23662490932,6613.946781353152,55008.333333333336,6433.437390534428,6271.519363918572,2671.41642325576,3107.275598887937,5810.760204388691,3398.451971473467,5521.401346568581,4229.303215245741,3121.393180881836,6372.222222222222,7349.999999999999,0.0,16105.555555555557,8755.555555555555,0.0,0.0,0.0,0.0,71113.88888888889,20.14919,16.86026563795463,13.2423643526095,17.14166973503405,18.57816387041852,16.177603059146314,12.806559399595995,14.158853771952936,16.391734769477853,12.564173945875757,16.443410330479445,14.098606160294626,13.80571031591884,13.794719207867692,6.02801274620458,14.91019593629794,15.932137337983608,14.5746455485082,5.384067748304711,7.899628545881498,13.90593464220411,7.942779964870465,12.729116285881588,11.209136080542686,9.58513082406889,8.667874398497792,4.258376976889899,11.09329840085352,12.091153127291086,8.97646449937138,4.196542601532575,5.455176656616111,10.070996950542746,5.373710962620712,9.11477747642408,4.704410657944805,4.716199036747648,Metadata_MT_Commercial_MT_baseline_metadata_and_annual_results.csv,MT
184934,0,37500.0,Cold,MT,Montana,,LargeHotel,Lodging,25001_50000,NaturalGas,Zone-by-Zone,DOAS+Zone terminal equipment_Boiler _WCC,WCC,Boiler ,default_nochange,DOAS with fan coil chiller with boiler,DOAS+Zone terminal equipment,gen4_led,4,4,1976,0.0,0.0,0.0,0.0,0.0,0.0,49783.333333333336,11469.444444444443,99869.44444444444,14680.555555555557,1391.6666666666667,0.0,132988.8888888889,22408.33333333333,39275.0,18563.888888888887,39512.54394489995,42048.83575584752,42605.86115680972,491991.6666666667,39072.65764222554,42459.067906575896,43690.10572756585,39573.59159219233,41977.14981943047,40052.3394241386,40473.51739874993,40945.85717601057,39580.81425011525,101566.66666666669,602847.2222222222,282888.8888888889,980913.8888888886,95177.77777777777,0.0,0.0,0.0,0.0,1472905.5555555555,97.97511,83.6397338078663,96.20419758890483,85.14919162652832,86.89448852352551,84.61918035521713,92.3188720013547,87.24887578040132,84.74805488946977,81.30774484733868,81.80621296514359,80.99497775146139,86.53469692785637,81.2494062967702,80.43469962244579,82.47199080095983,83.5473224841982,83.04214382802552,82.4071430659765,79.6268211244965,82.2485389282225,79.95916044773105,80.6571917085522,79.9349445688905,79.29770845521526,76.095167150139,77.54312482948121,79.43201299518604,80.64361473495649,79.80629430560114,78.45543246290015,77.04229765245884,79.0866673612589,76.41116335279884,78.45198200256606,77.83466916057135,76.80961690466914,Metadata_MT_Commercial_MT_baseline_metadata_and_annual_results.csv,MT
184935,0,17500.0,Cold,MT,Montana,,Warehouse,Warehouse and Storage,10001_25000,NaturalGas,Zone-by-Zone,Zone terminal equipment_Furnace_DX,DX,Furnace,default_nochange,PTAC with gas coil,Zone terminal equipment,gen2_t8_halogen,1,1,1957,0.0,0.0,0.0,0.0,0.0,0.0,4847.222222222222,22427.777777777777,8308.333333333334,0.0,0.0,0.0,62997.22222222223,30244.444444444445,0.0,0.0,9916.659439694253,11560.481315309731,11467.387225165923,128822.22222222223,10773.65578269472,11764.986183472509,12645.172051762513,9310.648500181496,10361.352715636784,9846.846939004969,10621.98268953632,10551.09422858676,10003.02230951689,0.0,211019.44444444444,0.0,211019.44444444444,0.0,0.0,0.0,0.0,0.0,339844.44444444444,38.08429,25.07446777817381,37.29005152548508,27.431404386009483,27.12674014052664,26.01427609410038,35.4014682643542,28.0224965911504,24.342298954658148,24.58382373858283,24.487807890190524,23.60226361772636,29.77623954511521,22.795955869469047,24.08896680642401,23.87667760218571,24.30688572990819,23.90251507311119,28.702863089552697,23.345115603395456,23.102009008371788,22.98792822867668,23.26066621950607,22.933433689029968,23.17702471677697,8.909163555334537,9.15869225043466,9.932447022345228,11.390024391602845,10.302867478011748,8.935130920479152,8.845367969999506,10.002223636950196,8.846689460881478,10.21414352495761,8.936937729130328,8.914273387403922,Metadata_MT_Commercial_MT_baseline_metadata_and_annual_results.csv,MT
184938,0,37500.0,Cold,MT,Montana,,Warehouse,Warehouse and Storage,25001_50000,NaturalGas,Small Packaged Unit,Central Single-zone RTU_Furnace_DX,DX,Furnace,night_fanon_vent,PSZ-AC with gas coil,Central Single-zone RTU,gen5_led,1,1,1997,0.0,0.0,0.0,0.0,0.0,0.0,4916.666666666667,23755.555555555555,40861.11111111111,0.0,0.0,0.0,93586.11111111112,27711.11111111112,0.0,0.0,15200.476261685317,16534.766205535412,16505.93287475216,190830.5555555556,14651.38421241789,16637.847821064537,18004.181702721024,14576.605382884423,15645.796750353986,15716.25424452902,15759.357743986482,16263.218728878765,15334.016789705143,0.0,235011.1111111111,0.0,235011.1111111111,0.0,0.0,0.0,0.0,0.0,425841.6666666666,53.57403,40.3399436338307,53.35008720493643,40.33199435150291,38.636033711049066,38.96888603882997,51.66022495217224,41.418810909305,38.636033711049066,41.432239748967326,40.22320266120004,39.31478638287784,42.44951865263017,38.50005711859448,40.9555635151966,40.18760851564898,38.52724202074621,38.52724202074621,47.119915622782514,39.901387870064575,38.45260076735001,39.52510410679064,38.69353336930173,38.65420967254696,39.64884304724551,17.445448489110024,17.445051598491272,17.707725786071304,17.707725786071304,17.707725786071304,18.42372205577104,17.444251312998663,17.707725786071304,17.444251312998663,17.707725786071304,17.600127551561847,17.444251312998663,Metadata_MT_Commercial_MT_baseline_metadata_and_annual_results.csv,MT
184941,0,17500.0,Cold,MT,Montana,,RetailStandalone,Mercantile,10001_25000,Electricity,Multizone CAV/VAV,Central Multi-zone VAV RTU_Furnace_DX,DX,Furnace,night_fancycle_vent,PVAV with gas heat with electric reheat,Central Multi-zone VAV RTU,gen2_t8_halogen,1,1,1997,0.0,0.0,0.0,0.0,0.0,0.0,23708.33333333333,21677.777777777777,13213.888888888889,0.0,0.0,71947.22222222222,34177.777777777774,82002.77777777778,0.0,0.0,17475.088184533284,19326.95979974592,23983.35496787636,246725.0,30272.65349049005,29100.57365005557,21568.84978434491,17315.187078784467,22416.264362494945,15958.23594634566,20020.42166248708,14803.07510011383,14484.608846751093,0.0,191872.22222222225,0.0,191872.22222222225,0.0,0.0,0.0,0.0,0.0,438597.2222222222,107.17441,72.54277861837005,69.62524470456255,102.87866754691537,93.27647538092516,97.58761124067324,75.64939395287315,61.74760554206722,85.30931105478516,52.54248957747302,79.86197835158795,49.02670771274516,55.25880612489658,46.014561287233775,46.10708873174143,59.00847179303064,78.21462259771019,68.44165720430446,50.14625587260927,41.33137104987648,57.63832002217179,34.59015754741122,52.281311970756846,28.407661634094023,28.455086540413223,22.14912373027333,22.011380153778195,43.69594128315679,64.10078941131528,55.31613382039555,37.48326897311784,20.283631805640187,47.77584397681888,20.76809223008115,29.81408547194633,22.82414101020657,22.32214842044431,Metadata_MT_Commercial_MT_baseline_metadata_and_annual_results.csv,MT
184942,0,3000.0,Cold,MT,Montana,,FullServiceRestaurant,Food Service,1001_5000,NaturalGas,Small Packaged Unit,Central Single-zone RTU_Furnace_DX,DX,Furnace,night_fancycle_novent,PSZ-AC with gas coil,Central Single-zone RTU,gen5_led,2,2,1938,0.0,0.0,0.0,0.0,0.0,0.0,9880.555555555557,5325.0,37916.66666666666,0.0,0.0,0.0,47775.0,5950.0,0.0,13269.444444444443,9849.104262848468,12956.966581762508,10203.0292452044,129313.8888888889,9275.67350701486,10300.806306489108,14076.99783520258,11003.050456793537,10023.449501209428,10943.261300081263,9824.91119125158,10202.244035613,10655.186627588762,9191.666666666668,140649.99999999997,102158.33333333331,323172.2222222222,80363.88888888888,0.0,0.0,0.0,0.0,452488.8888888889,44.67141,31.706395210309093,44.44490548451048,22.525372315839864,22.25548722627288,22.48075091784441,41.12024284410452,38.79978553325936,21.95545325913708,33.34044147918861,22.428575994035164,25.603979708813853,34.84332500819184,21.497884200831525,32.343636020295904,22.030450078168432,21.465173541161057,21.76709868385796,36.23614571875042,27.78813531072788,21.47886416512492,23.96007490317228,21.68172827508363,21.449681136077103,25.585834414250105,20.298563748048608,21.42191232607804,20.26547981437657,20.240384960569507,20.230483642676354,21.95724323280585,20.39165418382612,20.25682684051095,20.413435030300786,20.2513288928393,20.281526618538823,20.29023446475017,Metadata_MT_Commercial_MT_baseline_metadata_and_annual_results.csv,MT
184946,0,17500.0,Cold,MT,Montana,,SmallOffice,Office,10001_25000,NaturalGas,Residential Style Central Systems,Residential forced air_Furnace_DX,DX,Furnace,default_nochange,Residential AC with residential forced air furnace,Residential forced air,gen2_t8_halogen,2,2,1986,0.0,0.0,0.0,0.0,0.0,0.0,25697.222222222223,8302.777777777777,29344.444444444445,0.0,0.0,0.0,74286.11111111111,62327.77777777778,2.7777777777777777,0.0,15626.808424975825,20561.63130218392,15580.68990062044,204733.3333333333,14188.5068566521,15945.420026534852,22601.36446732377,17942.886642124977,15136.680277799838,18402.975843965844,15014.747188446394,16432.889837431158,17298.546892618717,4772.222222222222,124586.1111111111,0.0,124586.1111111111,0.0,0.0,0.0,0.0,0.0,329319.44444444444,72.21236999999999,47.589323678291294,66.66363116416603,36.44684901471632,36.53891035614512,36.124821855259405,68.43386512445933,59.048153782116536,39.15129066509356,53.084890731820224,38.325487914392674,46.40828850262804,57.62785456963383,35.875356039200526,50.15762795801258,35.62991519515584,35.544461511162424,35.596010420162,55.67727589842694,46.39556195383982,36.114424931634055,45.84331810645151,35.69812799069578,36.92866887166856,40.72642626167112,18.59166597235117,20.096110066344465,10.016807191394324,10.605636010679628,10.193606715052503,20.64601404043629,20.013169866994925,10.524075438916398,18.90693809438848,10.0996412406308,18.75373191614044,18.9284046853058,Metadata_MT_Commercial_MT_baseline_metadata_and_annual_results.csv,MT
184948,0,3000.0,Cold,MT,Montana,strip_mall_restaurant30,RetailStripmall,Mercantile,1001_5000,NaturalGas,Small Packaged Unit,Central Single-zone RTU_Furnace_DX,DX,Furnace,night_fancycle_vent,PSZ-AC with gas coil,Central Single-zone RTU,gen1_t12_incandescent,1,1,1967,0.0,0.0,0.0,0.0,0.0,0.0,9233.333333333334,7011.111111111111,17947.222222222223,0.0,0.0,0.0,11752.777777777776,21902.777777777777,0.0,0.0,5525.257223932697,7895.29676706337,5849.945435564618,75841.66666666666,5372.339266354793,5968.88219945947,8532.617233080484,6946.269289182443,5697.393185588611,6582.6295902629545,5568.332489283602,5787.112172984959,6116.845461324051,7994.444444444444,92441.66666666666,19752.777777777774,139049.99999999997,26855.55555555555,0.0,0.0,0.0,0.0,214894.44444444444,32.71097,15.998376615001115,28.651828931535903,13.835448340884984,13.667972984450984,13.744058848697147,29.33506064219804,25.57905206455375,13.17755918806137,22.59300055055781,13.75431199643448,16.263687104190907,23.10827699457268,12.134398863755324,20.54121717147078,13.29199044381783,12.864490212142606,13.28924741826502,21.67465719585373,18.507296377448903,12.335632955306483,16.989882009872787,13.284700268737,12.273453409876568,14.522630314447204,11.337405461444176,11.940995259696914,12.94801018877953,12.060435389157949,12.720286629041706,17.067203298558248,12.238559611925318,11.3595933692496,11.62169665530762,12.263554515307364,11.586278361856792,11.545464135656443,Metadata_MT_Commercial_MT_baseline_metadata_and_annual_results.csv,MT
184950,0,150000.0,Cold,MT,Montana,mediumoffice_datacenter,MediumOffice,Office,100001_200000,DistrictHeating,Multizone CAV/VAV,Central Multi-zone VAV RTU_District_ACC,ACC,District,night_fanon_vent,VAV air-cooled chiller with district hot water reheat,Central Multi-zone VAV RTU,gen2_t8_halogen,1,1,2000,0.0,0.0,0.0,823636.111111111,823636.111111111,0.0,422816.6666666667,110008.33333333331,328822.2222222222,0.0,0.0,0.0,923419.4444444444,257311.11111111112,65000.0,0.0,173034.831058474,204087.0524132411,151585.60370710006,2107377.777777777,137331.4175916961,158535.39760267985,209638.9575185639,187823.5171132521,166393.11157965235,195619.60753683903,154616.12855020718,181197.8410194613,187513.95374469945,0.0,0.0,0.0,51749.99999999999,51749.99999999999,0.0,0.0,0.0,0.0,2982766.6666666665,422.99048,374.56603546694913,408.11166788493847,333.1732697226695,358.0015626281317,336.83429639041725,421.45640144732346,383.088570401779,361.4920750212864,379.2898487959724,375.6322172399576,374.9633868188588,378.24593180462034,340.1610459455486,377.7911376030584,294.41932443284,294.48357184933866,304.8080856845488,388.4856772836951,377.7188962906087,319.28305602799776,377.5819932971976,301.92295249784627,335.57261557312773,364.1213274469551,229.2296376091022,274.0485645209763,198.75970088132223,198.74131777063303,217.53102953288007,275.2973907460455,256.64370379407444,204.54575759782668,248.4811889683345,200.27969396116984,226.14656336667525,255.947787570956,Metadata_MT_Commercial_MT_baseline_metadata_and_annual_results.csv,MT
184951,0,75000.0,Cold,MT,Montana,mediumoffice_nodatacenter,MediumOffice,Office,50001_100000,NaturalGas,Small Packaged Unit,Central Single-zone RTU_Furnace_DX,DX,Furnace,night_fanon_vent,PSZ-AC with gas coil,Central Single-zone RTU,gen1_t12_incandescent,1,1,1937,0.0,0.0,0.0,0.0,0.0,0.0,43075.0,61927.77777777778,383611.1111111111,0.0,0.0,0.0,274633.3333333333,243208.3333333333,13.88888888888889,0.0,79289.85131910081,93145.99018957462,83183.95100491561,1006469.4444444444,74607.14008764923,84125.05986806501,101738.84208716256,81737.08438561307,80658.31272918454,83759.46527783103,79862.51118560525,83363.54819776077,80997.1575645657,0.0,409783.33333333326,0.0,445463.8888888888,35680.55555555555,0.0,0.0,0.0,0.0,1451933.3333333335,279.64244,185.2985043413723,271.61264565805794,185.0046668638564,185.0046668638564,185.0046668638564,277.54624842781845,248.7687318351877,185.0046668638564,224.3723897829325,185.01273703635584,185.14128044278684,235.02737701807587,185.0046668638564,197.1164945035333,185.0046668638564,185.0046668638564,185.0046668638564,237.1880977642,185.10756329148813,185.0046668638564,185.23098255014804,185.0046668638564,185.0046668638564,185.00468128440747,99.63652895812392,99.63652895812392,95.80730610450156,95.80730610450156,97.33295659777258,99.64779461375436,99.63652895812392,95.80730610450156,99.63652895812392,95.80730610450156,99.63652895812392,99.63652895812392,Metadata_MT_Commercial_MT_baseline_metadata_and_annual_results.csv,MT
184952,0,17500.0,Cold,MT,Montana,strip_mall_restaurant10,RetailStripmall,Mercantile,10001_25000,NaturalGas,Residential Style Central Systems,Residential forced air_Furnace_DX,DX,Furnace,default_nochange,Residential AC with residential forced air furnace,Residential forced air,gen4_led,2,2,1953,0.0,0.0,0.0,0.0,0.0,0.0,45177.777777777774,22216.666666666668,94361.11111111112,0.0,0.0,0.0,58725.0,62013.88888888889,0.0,0.0,23118.777416326586,29456.80096046337,22905.29674747921,297058.3333333334,20534.10189579561,22975.29237132062,31175.31112115883,25670.74513665761,23062.526790537057,26815.674680646523,22225.039996135427,24030.23911522686,25088.76387368242,14566.666666666666,98594.44444444444,56894.44444444444,215147.2222222222,59655.55555555555,0.0,0.0,0.0,0.0,512205.5555555556,101.5848,75.8904004949129,98.57480296511962,55.74427453387536,54.23353279350968,55.65309914539274,88.34662355380294,75.65354722663503,58.82600424769689,77.9285463051743,57.44436729953065,63.18348057170192,79.91730715972787,55.27899010110016,73.83421644574318,53.83986589973935,52.81298209830933,53.67276627213502,80.51042865860089,65.90528317964706,53.088331055968816,67.19287738744202,54.37785829186263,57.321768079913056,63.738317300952566,49.124478160730106,53.58129409021444,51.1938010372219,51.1302382534114,51.74172753506858,56.797718053634846,54.094836444986576,47.80760164201091,55.574797461709295,52.65552701234216,51.5755176496091,50.9962478753657,Metadata_MT_Commercial_MT_baseline_metadata_and_annual_results.csv,MT
184953,0,1000.0,Cold,MT,Montana,,FullServiceRestaurant,Food Service,_1000,NaturalGas,Small Packaged Unit,Central Single-zone RTU_Furnace_DX,DX,Furnace,night_fancycle_vent,PSZ-AC with gas coil,Central Single-zone RTU,gen2_t8_halogen,2,2,1997,0.0,0.0,0.0,0.0,0.0,0.0,2611.111111111111,3025.0,12980.555555555557,0.0,0.0,0.0,22541.666666666668,4133.333333333334,0.0,13272.222222222224,4902.622236000823,5799.717823387023,5123.753249641524,62341.66666666666,4615.009203707988,5131.177803431699,6074.492493550832,5146.281854009088,5042.277492201924,5308.401978977898,4949.322205600644,5093.524538330554,5154.492904851774,3777.7777777777774,42502.777777777774,65016.66666666666,132955.55555555556,25433.33333333333,0.0,0.0,0.0,0.0,195297.2222222222,17.989259999999998,13.799733330402107,17.68391698308039,11.763277858777842,11.430205684606497,11.828560092785542,16.48187361036052,14.356596383777823,11.142386397824112,14.260635054309354,11.77523097463659,12.034510542962982,15.119157816605489,11.032361818660457,14.279850292906364,11.699593706325173,11.161945911082103,11.694776276936956,15.275752462286048,12.76655381321974,11.046546027017117,12.57507153824358,11.70352447839339,11.101450152289711,12.304935435289892,10.664914434298002,10.793077883863957,10.867401511111202,10.617070720600656,10.648604612501062,11.2125665688338,10.720033074981828,10.629196275543675,11.048869465912633,10.699292495398904,10.708295738480336,10.709304315296793,Metadata_MT_Commercial_MT_baseline_metadata_and_annual_results.csv,MT
184954,0,17500.0,Cold,MT,Montana,,SmallHotel,Lodging,10001_25000,Electricity,Zone-by-Zone,Zone terminal equipment_Electric Resistance_DX,DX,Electric Resistance,default_nochange,PTAC with electric coil,Zone terminal equipment,gen2_t8_halogen,2,2,1984,0.0,0.0,0.0,0.0,0.0,0.0,37980.55555555556,15636.111111111111,25638.888888888887,0.0,0.0,23233.33333333333,115955.55555555556,64613.88888888889,22.22222222222222,0.0,29192.948665385426,33114.28224241421,31501.837223942523,373361.1111111111,34491.081564839245,32187.18889723152,34410.18362167735,30636.72440442324,30773.01466352883,31259.44128032833,28514.25600071273,28393.73406095557,28885.236522356056,90280.55555555556,0.0,54016.66666666666,54016.66666666666,0.0,0.0,0.0,0.0,0.0,427377.77777777775,97.21411,67.03005393596054,68.94285772541646,96.78189182116104,83.70812980925784,73.38226636695295,69.27824902983943,62.60568570472392,66.97574895099227,60.33346564497785,60.090937240852,51.79320466826539,62.501146012026354,49.32751633502418,55.84037551446902,48.38269632742164,66.9724341284844,50.23935141186422,58.95621673487168,53.00680791510875,49.39052195372759,52.82950691885241,47.34590044379284,46.40030387619259,49.136776965748105,46.28224244745129,47.15498259553914,45.083156040046056,51.0539959337355,45.16543799169573,50.06303581068597,46.64198910692197,45.38011337477946,46.33512109586724,44.13200432511752,44.39955792305789,43.37289590939542,Metadata_MT_Commercial_MT_baseline_metadata_and_annual_results.csv,MT
184961,0,75000.0,Cold,MT,Montana,,Warehouse,Warehouse and Storage,50001_100000,NaturalGas,Small Packaged Unit,Central Single-zone RTU_Furnace_DX,DX,Furnace,night_fancycle_vent,PSZ-AC with gas coil,Central Single-zone RTU,gen2_t8_halogen,1,1,1983,0.0,0.0,0.0,0.0,0.0,0.0,12072.222222222224,38519.444444444445,18061.11111111111,0.0,0.0,0.0,209094.44444444444,93100.0,0.0,0.0,29300.181576344443,33183.57219991377,31767.07920948377,370844.4444444445,29001.27969733856,32431.14566228908,35822.49467039765,28494.250454824527,29812.17329709609,30171.755336999013,30057.74782606472,31073.85748689203,29728.850438991147,0.0,543575.0,0.0,543575.0,0.0,0.0,0.0,0.0,0.0,914419.4444444444,113.36195,81.38483642573026,113.30453125917214,90.35809853354262,89.04511905111707,90.3386003320326,111.06860876464827,94.10302339481191,87.1032548399076,86.70125122521513,89.24391554621002,87.67418389349888,97.97509500867405,79.28109070964956,84.99673784105855,88.30605998138971,86.92017666466616,88.2610079537425,96.04931081144544,81.72787580615119,78.89458168817526,81.19248224562264,87.83710200069766,82.20460530573644,80.68171010488027,24.72117609891253,25.110828798506624,26.012663833519056,27.4941014864584,26.29247002773197,27.8790969317792,24.695371065003908,25.995816639955144,24.734346142282256,25.83338250403418,24.810551057206823,24.775386241649283,Metadata_MT_Commercial_MT_baseline_metadata_and_annual_results.csv,MT
184962,0,17500.0,Cold,MT,Montana,largeoffice_datacenter,LargeOffice,Office,10001_25000,NaturalGas,Multizone CAV/VAV,Central Multi-zone VAV RTU_Boiler _WCC,WCC,Boiler ,night_fancycle_vent,VAV chiller with gas boiler reheat,Central Multi-zone VAV RTU,gen2_t8_halogen,8,8,2013,0.0,0.0,0.0,0.0,0.0,0.0,50513.88888888889,7397.222222222222,64583.333333333336,0.0,2130.555555555556,0.0,235488.8888888889,32425.0,23766.666666666668,0.0,32605.17179356489,39046.73206522227,32967.92700949263,416302.7777777778,29565.13376583469,33085.9038430737,41054.19087078459,36794.43349882444,32287.235603073383,37183.84458103407,31998.771447444087,34571.60469334144,35142.629959406404,0.0,306061.11111111107,0.0,314611.11111111107,8547.222222222223,0.0,0.0,0.0,0.0,730913.8888888889,83.7174,62.713331480756,74.10516161972302,60.47583000892364,64.02405770126254,65.58635732444115,82.15415242256744,70.25368175169683,59.0383898031136,66.33761288258897,60.80071817116405,62.82949939610142,68.4095721131496,55.59152391354976,64.22115872636653,53.54993201518504,50.86338992642706,55.30634104854988,67.93317193431032,62.70092813469557,54.99113765730928,62.79563485277738,55.56447508429443,56.83714331188341,61.07036857400279,41.1694425498196,45.27314877578319,39.26614571043181,38.66147134033294,39.69120660940887,48.09454547204991,45.44295393082908,38.68772221249819,40.86108857442455,39.00014631717966,40.292475946419565,40.91209178078528,Metadata_MT_Commercial_MT_baseline_metadata_and_annual_results.csv,MT
184966,0,37500.0,Cold,MT,Montana,,Warehouse,Warehouse and Storage,25001_50000,NaturalGas,Small Packaged Unit,Central Single-zone RTU_Furnace_DX,DX,Furnace,night_fancycle_novent,PSZ-AC with gas coil,Central Single-zone RTU,gen2_t8_halogen,1,1,1975,0.0,0.0,0.0,0.0,0.0,0.0,4655.555555555556,37691.66666666666,11386.111111111111,0.0,0.0,0.0,106983.33333333331,48011.11111111111,0.0,0.0,16490.222799663057,17907.315810686454,18802.18834731395,208725.0,16965.74950723533,18925.02161064713,19159.75621681789,14914.919648771116,17217.67997459267,16546.810742751833,17683.24856059085,17868.89220352641,16243.546105691295,0.0,459147.2222222221,0.0,459147.2222222221,0.0,0.0,0.0,0.0,0.0,667872.2222222222,63.3229,50.221893679547335,63.17267515665217,49.97103500493939,52.08116966243568,49.633367819952646,57.85642845647223,44.89011042913477,49.9427845078712,47.72440778854696,49.58412687056184,48.627520680729134,49.395928483258885,46.50962706263658,46.50962706263658,48.96300888328857,49.16049218263054,48.97533628435287,50.05338622088779,42.184370171295335,48.13124904298473,46.50962706263658,48.85923418275905,47.95042037580221,47.86029914450662,16.68451293215758,16.580482920604855,18.047688925953924,18.5446389460619,17.758149548714048,16.862132626121543,16.580482920604855,17.857822498774553,16.580482920604855,17.578756855489576,17.388707076010668,16.59493119180549,Metadata_MT_Commercial_MT_baseline_metadata_and_annual_results.csv,MT
184967,0,3000.0,Cold,MT,Montana,strip_mall_restaurant40,RetailStripmall,Mercantile,1001_5000,Electricity,Zone-by-Zone,Zone terminal equipment_ASHP_ASHP,ASHP,ASHP,default_nochange,PTHP,Zone terminal equipment,gen2_t8_halogen,1,1,2007,0.0,0.0,0.0,0.0,0.0,0.0,28766.666666666668,7900.0,18380.555555555555,0.0,0.0,27255.555555555555,27025.0,16216.666666666666,0.0,0.0,12533.755495905389,12511.38904801536,15140.294482702864,162744.44444444444,21575.68664129452,16521.42635951909,13191.149381915642,11440.00051276329,13840.149124136948,11606.005339806265,12152.757201508664,11096.278954324443,11135.027550602475,37199.99999999999,0.0,184300.0,184300.0,0.0,0.0,0.0,0.0,0.0,347044.4444444445,77.84355000000001,59.24049631133439,43.47948935764564,69.7538462016296,71.29834473868674,66.33619089568568,45.29242302206023,36.94203702731201,57.32185691144551,34.3703858532798,51.928849342166906,30.80817632088335,36.505017633158005,27.39036759447048,32.46574491954474,29.6528813453318,54.30200940108556,32.42161800894256,34.27058905600605,31.488596970351587,28.45214581177025,30.2710696634598,27.50104187135296,27.205397730856262,29.3513090691925,25.116356791197283,26.79118181792972,24.624950821915395,26.46250783886719,24.75598706295648,30.15752208269238,24.70894463855289,24.77825172971256,25.06434222107007,22.6513820532378,24.439323786734324,23.925847437927807,Metadata_MT_Commercial_MT_baseline_metadata_and_annual_results.csv,MT
184968,0,3000.0,Cold,MT,Montana,,FullServiceRestaurant,Food Service,1001_5000,Electricity,Small Packaged Unit,Central Single-zone RTU_Electric Resistance_DX,DX,Electric Resistance,night_fanon_vent,PSZ-AC with electric coil,Central Single-zone RTU,gen5_led,1,1,1978,0.0,0.0,0.0,0.0,0.0,0.0,17408.333333333332,4255.555555555556,64669.44444444445,0.0,0.0,162000.0,54236.11111111111,7655.555555555557,0.0,13194.444444444443,32289.939078855885,23364.91313727592,46247.60935667665,399005.5555555556,46296.03810674032,45197.45935703922,23337.21496391189,22782.137163586067,39238.09693785772,25370.114185181257,38749.9381958509,31497.242030541125,24633.509475563194,75586.11111111111,0.0,274147.2222222222,274147.2222222222,0.0,0.0,0.0,0.0,0.0,673152.7777777778,113.24656,90.1956674509106,54.51153907562367,98.05177323268067,111.9340539912515,106.51286380684716,53.396505462185495,56.804572931918266,87.91282397629524,57.273398471033246,86.92750857984169,66.74474320510724,62.92807030310742,59.3026141710098,47.149618136513055,75.410888275539,83.61523269831667,73.0252450673214,48.7948272801787,45.40844374797473,66.14660150816579,46.01319783799799,67.57262585999058,56.76550261310922,47.02909152181834,42.46510000121655,40.411674791704016,58.67123011114297,61.10257840955855,57.86325394009895,42.344241074281726,40.00999974517652,50.91862817441396,41.85302784519879,46.83828045014709,41.554260879803024,39.41091385348413,Metadata_MT_Commercial_MT_baseline_metadata_and_annual_results.csv,MT
184969,0,3000.0,Cold,MT,Montana,,QuickServiceRestaurant,Food Service,1001_5000,Electricity,Small Packaged Unit,Central Single-zone RTU_Electric Resistance_DX,DX,Electric Resistance,night_fancycle_vent,PSZ-AC with electric coil,Central Single-zone RTU,gen4_led,1,1,1967,0.0,0.0,0.0,0.0,0.0,0.0,5708.333333333333,7461.111111111111,42580.55555555556,0.0,0.0,133522.22222222222,74808.33333333333,6841.666666666667,0.0,13100.0,25129.58028280788,18265.99975977817,35885.30797410781,313711.1111111111,38407.50485387815,34684.810959212904,18338.19781519241,17328.958915980198,31969.48599044873,18580.624960732617,30926.440595773056,25192.4662570134,19002.64081596063,29688.888888888887,0.0,20194.44444444444,20194.44444444444,0.0,0.0,0.0,0.0,0.0,333905.5555555556,103.17919,71.99806789389744,44.09265406308556,86.33587378648295,101.9910475898808,77.96612280261027,41.89317854820987,46.815324080257184,82.5597737074648,53.650149475729634,74.91862999345149,67.20120190374622,56.00237390123472,53.18017925282947,36.438142385874734,63.88318586051771,73.89285831550633,63.510703027378455,35.70509349450694,33.820270366480656,64.24003015820749,35.5897808142508,60.24608917891761,55.62464719852315,42.792329243365,42.62783784528114,30.669679334538063,50.13818378836938,54.74737534666881,52.40607438988475,32.80056779019055,30.72485557402392,49.406958370028846,31.141183192058666,37.61605280138455,41.24843721567994,31.532062525541,Metadata_MT_Commercial_MT_baseline_metadata_and_annual_results.csv,MT
184970,0,75000.0,Cold,MT,Montana,,SmallHotel,Lodging,50001_100000,Electricity,Zone-by-Zone,Zone terminal equipment_Electric Resistance_DX,DX,Electric Resistance,default_nochange,PTAC with electric coil,Zone terminal equipment,gen2_t8_halogen,1,1,1974,0.0,0.0,0.0,0.0,0.0,0.0,137966.66666666666,138119.44444444444,105483.33333333331,0.0,0.0,289919.44444444444,519930.5555555556,267713.8888888889,100.0,0.0,96200.37084223649,120878.6011259834,164189.17098815547,1459233.3333333333,155216.14495586406,145205.63609033966,129473.89298387407,103509.80397094502,110216.44467299922,105353.0869251559,129522.0632366755,98330.83442648336,101137.11198336094,0.0,0.0,200063.88888888888,627488.8888888889,427425.0,0.0,0.0,0.0,0.0,2086722.2222222225,482.41190000000006,237.59722207904417,274.90634325582124,450.1453686675401,478.4153405660073,406.4000208231959,240.60529551269207,202.4271604499148,291.3795722266461,206.2310579349398,303.0166650851388,203.7623731417012,216.3914528939999,183.90932633546856,207.6304743943748,268.6980304430262,291.25295011195254,232.1211973754775,223.0480479913909,184.33247013893185,201.8630622804728,184.5785744024416,255.0747290848289,180.67839788018432,177.732692341354,162.6513966140298,166.42337597127192,208.850902329605,189.1817870259601,209.4746427363028,166.24830479116716,162.92729523201533,171.9748058093005,164.5287649406779,171.14628078343824,161.58735615691378,162.6921822212728,Metadata_MT_Commercial_MT_baseline_metadata_and_annual_results.csv,MT
184971,0,3000.0,Cold,MT,Montana,,SmallOffice,Office,1001_5000,NaturalGas,Small Packaged Unit,Central Single-zone RTU_Furnace_DX,DX,Furnace,night_fanon_vent,PSZ-AC with gas coil,Central Single-zone RTU,gen1_t12_incandescent,1,1,1905,0.0,0.0,0.0,0.0,0.0,0.0,8094.444444444444,4155.555555555556,27586.11111111112,0.0,0.0,0.0,7830.555555555557,10808.333333333334,0.0,0.0,4396.205132859362,6111.070458048943,4392.044553052655,58475.0,3920.824300297296,4423.072861683332,6583.157875398334,5306.7010626117935,4271.73073842617,5351.058312411527,4249.175065995193,4657.783423465976,4811.551199196406,0.0,56113.88888888888,0.0,57897.22222222222,1783.333333333333,0.0,0.0,0.0,0.0,116372.22222222222,18.299290000000003,10.739253721098663,18.243277649668723,8.195478826690424,7.956918207439201,8.195478826690424,17.8289879899984,14.17620259783366,8.081063197985184,13.195369983520305,8.544576077684999,10.807721107798232,14.752751366424734,7.899102716591945,12.088800292717542,8.195478826690424,7.834288930836698,8.195478826690424,13.32611661369032,10.86076884963266,7.834288930836698,10.49973480967164,7.834288930836698,8.195478826690424,9.122505631408204,5.490089424267223,5.9089400424615945,5.490089424267223,5.490089424267224,5.490089424267224,7.538452144002129,5.503916454367757,5.490089424267224,5.490089424267224,5.490089424267223,5.490089424267224,5.490089424267224,Metadata_MT_Commercial_MT_baseline_metadata_and_annual_results.csv,MT
184972,0,17500.0,Cold,MT,Montana,,SmallOffice,Office,10001_25000,NaturalGas,Small Packaged Unit,Central Single-zone RTU_Furnace_DX,DX,Furnace,night_fancycle_vent,PSZ-AC with gas coil,Central Single-zone RTU,gen4_led,2,2,1988,0.0,0.0,0.0,0.0,0.0,0.0,14219.444444444443,11025.0,36286.11111111111,0.0,0.0,0.0,54183.333333333336,23708.33333333333,2.7777777777777777,0.0,10988.461293321425,14492.2853235392,11702.526210303522,146455.55555555556,10876.454532427962,12030.553984374075,16243.981486435823,12246.784172553718,11082.438018884925,12374.724345866223,11084.356062220724,11497.490588802064,11834.86513256604,7030.555555555557,196461.1111111111,0.0,196461.1111111111,0.0,0.0,0.0,0.0,0.0,342913.8888888889,55.45127,36.02833141054736,53.63752060768601,34.61052249004555,34.36936033583228,34.91785379164265,54.375528260087535,47.46302708614595,34.341950528642435,44.73154966570239,33.992976349078326,34.49175928732296,46.56210519148719,34.0086338566356,39.81825555683052,33.98333259825197,34.109087542846936,34.53434401273933,47.13770284541579,37.03375777304864,34.100107058587376,35.31175127162782,33.91091153897499,33.83534239966163,33.946685191003525,11.604001415052643,11.604001415052643,12.426108404545468,13.340185198682592,12.709762131979527,11.604001415052643,11.604001415052643,11.984200658796864,11.604001415052643,12.548293528339348,11.899911410156092,11.604001415052643,Metadata_MT_Commercial_MT_baseline_metadata_and_annual_results.csv,MT
184973,0,75000.0,Cold,MT,Montana,,LargeHotel,Lodging,50001_100000,DistrictHeating,Zone-by-Zone,DOAS+Zone terminal equipment_District_District,District,District,default_nochange,DOAS with fan coil district chilled water with district hot water,DOAS+Zone terminal equipment,gen4_led,2,2,1971,437527.77777777775,437527.77777777775,0.0,1060602.7777777775,1384072.222222222,323469.4444444444,0.0,44397.22222222223,272694.44444444444,0.0,0.0,0.0,347102.7777777778,53113.88888888889,19158.33333333333,19005.555555555555,60984.84928899714,62049.323625552,67505.36438163463,755475.0,62474.46036418175,67643.18805977318,62302.73321084688,58656.58077271438,65269.19477097755,60235.48223427677,64226.29270486355,63802.65512611536,60323.54196641629,0.0,0.0,313158.3333333333,313158.3333333333,0.0,0.0,0.0,0.0,0.0,2890233.333333333,137.54634,120.42143769095638,134.0702442312252,133.45562778443465,134.72367655305362,132.8775546177462,127.64703987991938,124.0050658586917,127.14571528757732,117.51973818418207,132.20492208143267,124.24447451057144,120.1036706128472,113.64528757534868,112.38004069703696,117.66889921427985,120.37302130197776,117.68564989318608,113.72762226136884,110.77643422570212,115.64021706055908,109.58385025046076,116.12504767943192,114.8510182787613,112.51570979249516,103.66977024238888,104.311306919328,111.46338557320269,114.51047496334998,112.68755786705148,110.22153665327512,102.81820601237288,110.29319249762148,104.11311400999824,111.1877394879494,106.8908266514078,105.96096146475752,Metadata_MT_Commercial_MT_baseline_metadata_and_annual_results.csv,MT
184974,0,7500.0,Cold,MT,Montana,,SmallHotel,Lodging,5001_10000,Electricity,Zone-by-Zone,Zone terminal equipment_Electric Resistance_DX,DX,Electric Resistance,default_nochange,PTAC with electric coil,Zone terminal equipment,gen1_t12_incandescent,2,2,1974,0.0,0.0,0.0,0.0,0.0,0.0,16636.111111111113,15072.222222222224,16322.222222222224,0.0,0.0,36836.11111111111,49297.22222222223,44022.22222222223,11.11111111111111,0.0,13268.913911769192,14627.98680757276,19380.88095046101,178197.22222222222,19074.274145098105,17438.861217949492,15547.18680595159,11574.141800171,15098.410145190675,12016.17902373813,15553.01521424504,12759.41769893256,11857.98189280426,0.0,0.0,22008.33333333333,75080.55555555555,53072.22222222222,0.0,0.0,0.0,0.0,253277.7777777778,54.38166,33.72475602470676,36.56014832874149,41.2562245102424,54.15751149575619,33.923835208750766,31.35807202010356,26.48605076622338,38.20109157693577,27.22853054238361,31.8546464876344,26.545743231298385,28.50961553937389,26.06570330013505,27.363812200761803,31.975290256973707,35.4637011116198,29.87322350258444,28.89915026408065,21.29507255271735,28.74651900230282,22.54890695098712,27.38050066503985,22.55561971789563,21.179173156412137,18.521683176383217,19.1293956900531,26.38909722817858,25.327080210282915,24.85318117106432,17.38530543973709,17.523668494872755,21.81776163801321,17.52830767956815,21.375291436188466,18.62550074446309,18.083140588245563,Metadata_MT_Commercial_MT_baseline_metadata_and_annual_results.csv,MT
184977,0,17500.0,Cold,MT,Montana,,SmallOffice,Office,10001_25000,NaturalGas,Small Packaged Unit,Central Single-zone RTU_Furnace_DX,DX,Furnace,night_fanon_vent,PSZ-AC with gas coil,Central Single-zone RTU,gen2_t8_halogen,1,1,1981,0.0,0.0,0.0,0.0,0.0,0.0,11566.666666666666,14611.111111111111,81827.77777777778,0.0,0.0,0.0,110822.22222222222,21650.0,2.7777777777777777,0.0,19322.906749508897,23022.63703530631,20238.42907986497,245647.22222222225,18161.607797222587,20397.209222920235,24499.024419390906,19954.319317319405,19730.929618153004,20570.248313184267,19445.609405644864,20235.68599006746,20068.92934773344,5169.444444444444,125955.55555555552,0.0,125955.55555555552,0.0,0.0,0.0,0.0,0.0,371602.77777777775,63.33563,43.23622643998612,61.20754266724777,38.83540982459098,38.94927031861559,38.90806450382752,62.18354175457918,51.46203263342304,38.9268382352298,51.11430871503086,38.578295859430526,38.95335806457771,51.77496746284838,38.54582045203387,47.046586712666645,38.513977636696126,38.832353949302885,38.57092165849757,51.20427345675403,39.62339104688164,38.56802747955096,39.37771005942953,38.45216749435585,38.38227541747569,38.87955168300185,24.27872583308744,26.01942550009045,24.27872583308744,24.27872583308744,24.27872583308744,26.255064140247747,24.27872583308744,24.27872583308744,24.27872583308744,24.27872583308744,24.27872583308744,24.27872583308744,Metadata_MT_Commercial_MT_baseline_metadata_and_annual_results.csv,MT
184978,0,150000.0,Cold,MT,Montana,,Warehouse,Warehouse and Storage,100001_200000,NaturalGas,Small Packaged Unit,Central Single-zone RTU_Furnace_DX,DX,Furnace,night_fancycle_vent,PSZ-AC with gas coil,Central Single-zone RTU,gen2_t8_halogen,1,1,1979,0.0,0.0,0.0,0.0,0.0,0.0,33225.0,95855.55555555556,55608.333333333336,0.0,0.0,0.0,403577.7777777778,177436.1111111111,0.0,0.0,58650.28797434661,72516.3436819623,64741.93538558886,765705.5555555556,57641.77201666307,65320.09645546702,79919.27545545349,58736.88293869501,59656.10824166088,63492.065037075554,61128.01153993402,62458.42710001464,61445.07560038436,0.0,661166.6666666665,0.0,661166.6666666665,0.0,0.0,0.0,0.0,0.0,1426872.2222222222,254.28879,177.63971244008914,251.9771989525917,184.07986609871296,181.12087028630663,183.4852138624068,236.56808226673624,204.3264093734296,181.13155100537804,209.1243223567514,181.27671412724283,180.42677618464583,215.34843262475005,162.58437699694963,186.65952065515285,181.21556445990453,172.69573157292317,181.0739009409928,220.0648108424593,171.56224912423784,164.09292634172104,164.1124243582823,170.74502713478665,174.41645076986958,168.06765156296575,53.69904134790501,55.45134974970971,57.36083670334698,57.13954354533866,57.50106969591524,84.12396813826518,53.69904134790501,55.54320382787715,54.0022950635717,55.9540831062283,54.31390992837742,53.73322001705982,Metadata_MT_Commercial_MT_baseline_metadata_and_annual_results.csv,MT
184979,0,75000.0,Cold,MT,Montana,,Warehouse,Warehouse and Storage,50001_100000,NaturalGas,Residential Style Central Systems,Residential forced air_Furnace_DX,DX,Furnace,default_nochange,Residential AC with residential forced air furnace,Residential forced air,gen2_t8_halogen,2,2,1962,0.0,0.0,0.0,0.0,0.0,0.0,30394.444444444445,34722.222222222226,30766.666666666668,0.0,0.0,0.0,206750.0,91638.88888888888,0.0,0.0,29741.60533968458,38307.5281643715,32266.3250061271,394275.0,29868.913411586287,33342.41131557013,41042.78878467573,33211.4318128951,30311.37579350706,32885.412626376856,30501.085971857334,31732.988759228952,31062.25608265481,0.0,1045986.1111111112,0.0,1045986.1111111112,0.0,0.0,0.0,0.0,0.0,1440261.111111111,151.67397,92.02168626793336,150.05829718938998,95.49748297399756,89.0896296846852,93.5530468255575,131.54087184888323,119.29488535859852,89.89688123739064,109.05154830500294,87.80838429329752,96.16365118307212,123.81309452414288,83.10032338444711,103.31108943896604,87.3179966296593,85.63658151121052,88.37241165150638,108.98977321517272,100.62247482606044,82.75943458313276,91.14287952033816,84.01771795639687,83.10315043447417,84.28357793695808,24.143022092228783,24.09690612613986,26.25094558642745,28.320424596163463,26.33385786508472,38.97152106997399,24.066948836585645,25.58850364713513,24.13732264339013,25.6483829236372,24.61360108022549,23.897390947969004,Metadata_MT_Commercial_MT_baseline_metadata_and_annual_results.csv,MT
184981,0,75000.0,Cold,MT,Montana,mediumoffice_nodatacenter,MediumOffice,Office,50001_100000,NaturalGas,Multizone CAV/VAV,Central Multi-zone VAV RTU_Boiler _ACC,ACC,Boiler ,night_fanon_vent,VAV air-cooled chiller with gas boiler reheat,Central Multi-zone VAV RTU,gen2_t8_halogen,5,5,1921,0.0,0.0,0.0,0.0,0.0,0.0,161422.22222222222,38533.333333333336,274747.2222222222,0.0,0.0,0.0,505483.3333333333,99252.77777777778,21086.11111111112,0.0,82090.11120864005,117914.26724986343,78768.74660185745,1100527.7777777778,70937.54341591099,79322.87075605622,126023.0428832356,106503.46020118672,77503.17953436771,103574.9927192724,76137.73300050672,85051.87712001789,96699.68690969417,0.0,679816.6666666665,0.0,701275.0,21458.33333333333,0.0,0.0,0.0,0.0,1801800.0,287.78574,210.65930883371684,272.94091312661124,150.9057236828534,150.6574374292928,151.1821288875416,283.04407378841466,234.27254383668992,195.1642128949619,229.613716854472,201.1620026802792,195.34140471745923,234.48779555824544,150.42298809809068,214.5503808528677,150.07181238771642,150.19219710481025,150.05017215288595,239.7141390595656,204.46955535607685,150.02966475382425,202.91562435842405,149.9937738994154,150.36783828384472,196.3238705196378,89.62733462598271,140.69960759437046,91.54052189608954,89.57363417178317,91.15146954336971,149.4930364881806,131.06074614644442,89.34419287688686,130.68916628667864,89.48928936065683,89.4587142124345,89.6291012323465,Metadata_MT_Commercial_MT_baseline_metadata_and_annual_results.csv,MT
184983,0,17500.0,Cold,MT,Montana,largeoffice_nodatacenter,LargeOffice,Office,10001_25000,NaturalGas,Multizone CAV/VAV,Central Multi-zone VAV RTU_Boiler _WCC,WCC,Boiler ,night_fancycle_vent,VAV chiller with gas boiler reheat,Central Multi-zone VAV RTU,gen2_t8_halogen,12,12,1981,0.0,0.0,0.0,0.0,0.0,0.0,22972.222222222223,8744.444444444443,7125.0,0.0,980.5555555555557,0.0,50319.444444444445,23908.33333333333,13230.555555555557,0.0,11063.078486038288,11949.22618372518,9772.400676550198,130150.0,8067.613677305826,9445.58628913008,12101.43639744932,11306.470933274994,10626.659039941274,12096.360022631949,10164.52163272347,12153.006603960515,11404.056902091424,2866.6666666666665,503427.7777777777,0.0,503427.7777777777,0.0,0.0,0.0,0.0,0.0,633577.7777777778,47.07232,38.8755762720607,43.51577169232726,37.21728623972275,33.77268542146547,36.27836484795549,46.81887218600732,40.75664513628473,37.18619887942318,39.740380278081176,38.1639576140339,39.17254145714755,39.618790578119714,34.87884481159373,39.59491622536666,32.045258178906074,30.819252063725465,30.84982027192657,39.753267845920575,39.59746735069336,33.89988568951568,39.59906206492949,32.780893012425786,35.961737460622395,38.13739938203988,15.316175521422895,14.450538721467524,14.479294561219197,14.7963022482304,14.418234789980769,14.450538721467524,14.450538721467524,15.01822518497062,17.651604197013107,14.474858927398792,16.64155476988302,14.450538721467524,Metadata_MT_Commercial_MT_baseline_metadata_and_annual_results.csv,MT
184991,0,3000.0,Cold,MT,Montana,,SmallOffice,Office,1001_5000,NaturalGas,Small Packaged Unit,Central Single-zone RTU_Furnace_DX,DX,Furnace,night_fanon_vent,PSZ-AC with gas coil,Central Single-zone RTU,gen1_t12_incandescent,2,2,1947,0.0,0.0,0.0,0.0,0.0,0.0,2872.222222222222,3919.444444444445,15600.0,0.0,0.0,0.0,7147.222222222222,14830.555555555557,0.0,0.0,3445.319149683616,4202.884431944116,3612.173592865111,44369.444444444445,3228.715558514598,3654.2837798323294,4553.375873195479,3655.995828809006,3472.839333073043,3748.525391907957,3461.3060722302184,3628.955135975561,3706.222544186077,0.0,37458.33333333333,0.0,41077.777777777774,3619.444444444444,0.0,0.0,0.0,0.0,85447.22222222223,12.9315,7.76066225161821,11.49831332775542,6.505692963110914,6.505692963110914,6.505692963110914,12.683900923324984,9.65290672851313,6.574831561928463,9.190758033742418,6.506976222385832,7.019490537429121,10.629208077811612,6.505692963110914,8.748059652897922,6.505692963110914,6.505692963110914,6.505692963110914,10.110326527544176,7.456814647765487,6.505692963110914,7.456914408260679,6.505692963110914,6.505692963110914,7.031674032992548,3.947841175905421,4.101466894110648,3.947841175905421,3.947841175905421,3.947841175905421,5.0993912535919,3.947841175905421,3.947841175905421,3.947841175905421,3.947841175905421,3.947841175905421,3.947841175905421,Metadata_MT_Commercial_MT_baseline_metadata_and_annual_results.csv,MT
184996,0,7500.0,Cold,MT,Montana,,Outpatient,Healthcare,5001_10000,Electricity,Multizone CAV/VAV,Central Multi-zone VAV RTU_Furnace_DX,DX,Furnace,night_fanon_vent,PVAV with gas heat with electric reheat,Central Multi-zone VAV RTU,gen2_t8_halogen,1,1,2005,0.0,0.0,0.0,0.0,0.0,0.0,15836.111111111111,6925.0,40505.55555555556,0.0,0.0,56486.11111111111,56750.0,22311.11111111112,2.7777777777777777,0.0,16664.047721962823,15158.92211901689,20692.73598647797,205536.1111111111,21364.868469200195,20489.68498854703,15987.141453480172,14506.021115214702,19991.317873546264,15064.428442485638,16920.9009485158,14867.717247226465,13828.729804058965,6722.222222222222,22630.555555555555,9977.777777777776,32608.33333333333,0.0,0.0,0.0,0.0,0.0,238144.44444444447,57.30476,51.4160297196752,43.30232168118901,54.15883605327116,55.580326388082455,55.5729566141495,43.57908305133167,38.52193760967768,52.30786798144123,40.058667948456886,51.60247529859056,45.34039948612511,44.72866922834357,40.851350840270186,33.18910898638131,46.334561220016646,48.43529100059644,46.71290707287459,37.59527663802418,33.49836638039989,44.15491258561729,32.69755496108278,39.86882404824853,35.936412201477765,32.18024097501036,18.131688491974,14.709153772573172,23.738865845461422,27.53052804612466,22.27867670300788,16.66772668354088,14.182092094683238,25.10693186819706,15.65348953125193,17.677996742143783,16.595760626523774,14.000667018256316,Metadata_MT_Commercial_MT_baseline_metadata_and_annual_results.csv,MT
184997,0,7500.0,Cold,MT,Montana,,Warehouse,Warehouse and Storage,5001_10000,NaturalGas,Small Packaged Unit,Central Single-zone RTU_Furnace_DX,DX,Furnace,night_fancycle_novent,PSZ-AC with gas coil,Central Single-zone RTU,gen2_t8_halogen,1,1,1996,0.0,0.0,0.0,0.0,0.0,0.0,1236.111111111111,11302.777777777776,2880.555555555556,0.0,0.0,0.0,25294.444444444445,11938.888888888889,0.0,0.0,4154.456628171645,4524.29170137928,4734.989653293444,52652.777777777774,4280.474844725866,4821.892028497155,4797.530992844603,3801.597272277225,4321.781672411044,4140.057237153831,4438.812766292052,4490.644360171702,4145.122067159438,0.0,94816.66666666666,0.0,94816.66666666666,0.0,0.0,0.0,0.0,0.0,147466.66666666666,13.69353,10.732600572265667,12.938565020967305,11.237571339905845,11.117810997724504,11.039234495356078,12.262828831433977,9.50993123232281,10.791960980201573,9.836796549064964,10.80225180058136,10.663177002187227,11.619826696578745,10.30163666796008,10.554566642197312,10.69070503015627,10.75029132999192,10.72558415450238,10.012281547127024,8.285361004471714,10.396964221273905,9.06775009230282,10.56788331059181,10.517695465178884,10.512419973051976,4.2192913376299295,4.178397245734164,4.436412473127749,4.706666916420554,4.50458669079315,4.212850172907357,4.178397245734164,4.483109657920718,4.178397245734164,4.38460465199266,4.178397245734164,4.178397245734164,Metadata_MT_Commercial_MT_baseline_metadata_and_annual_results.csv,MT
184999,0,17500.0,Cold,MT,Montana,,SmallOffice,Office,10001_25000,NaturalGas,Small Packaged Unit,Central Single-zone RTU_Furnace_DX,DX,Furnace,night_fancycle_vent,PSZ-AC with gas coil,Central Single-zone RTU,gen3_t5_cfl,2,2,2008,0.0,0.0,0.0,0.0,0.0,0.0,10350.0,12825.0,20686.11111111112,0.0,0.0,0.0,45886.11111111111,18158.333333333336,2.7777777777777777,0.0,8052.352524308517,10795.938527491502,8678.141801856656,107911.11111111112,7799.185764583001,8726.542163808053,11757.64598790995,8760.158245013637,8196.709377497795,9187.477601399183,8402.517503263824,8527.507316521584,9025.585724729515,0.0,73272.2222222222,0.0,82574.99999999999,9302.77777777778,0.0,0.0,0.0,0.0,190486.1111111111,48.150940000000006,34.651821091751266,47.06302722546209,29.69583786097759,29.69583786097759,29.69583786097759,47.85076702443241,42.94482645577955,29.838823910111987,41.361167788761406,30.55607894396268,31.227153358911647,42.03195894432202,29.69583786097759,36.984788816699215,29.69583786097759,29.69583786097759,29.69583786097759,43.44647851646111,34.20495566753014,29.69583786097759,32.96003879763749,30.418930729970715,29.82586876540963,33.180124055163525,13.052318592745838,12.60450037370599,14.582560768393618,14.451402207700545,14.498392744789664,11.86929765938262,11.86929765938262,14.432224221108362,11.86929765938262,14.422700159019271,14.418019023588066,14.418019023588066,Metadata_MT_Commercial_MT_baseline_metadata_and_annual_results.csv,MT
185001,0,3000.0,Cold,MT,Montana,,SmallOffice,Office,1001_5000,NaturalGas,Small Packaged Unit,Central Single-zone RTU_Furnace_DX,DX,Furnace,night_fancycle_vent,PSZ-AC with gas coil,Central Single-zone RTU,gen1_t12_incandescent,2,2,1968,0.0,0.0,0.0,0.0,0.0,0.0,1763.8888888888891,3461.111111111111,6861.111111111111,0.0,0.0,0.0,7997.222222222223,8316.666666666668,0.0,0.0,2165.2005156449814,2666.3230959822463,2452.306350247726,28400.0,2340.011978664578,2442.388079921898,2995.032457461399,2074.104903502078,2288.6802957465206,2263.101362086908,2295.835062878016,2275.140560326728,2141.2611133647456,0.0,94219.44444444444,0.0,98122.2222222222,3902.777777777777,0.0,0.0,0.0,0.0,126522.22222222222,10.12052,7.383407656607078,9.57829792662477,7.641167075230659,7.383407656607078,7.641167075230659,9.856584500101787,8.138233436901755,7.383407656607078,8.056924836028871,7.4426375727398835,7.4426375727398835,8.0429004331418,7.383407656607078,7.521369947016136,7.4426375727398835,7.383407656607078,7.4426375727398835,8.738853088969147,7.383407656607078,7.383407656607078,7.383407656607078,7.383407656607078,7.383407656607078,7.383407656607078,2.2699389692443783,2.1395737675368265,2.966104815140193,3.0452951002053874,2.8309622191398387,3.20030995729136,2.1395737675368265,2.805657795915315,2.1471889293289754,2.7053914250409004,2.868467255408235,2.211203792898432,Metadata_MT_Commercial_MT_baseline_metadata_and_annual_results.csv,MT
185003,0,3000.0,Cold,MT,Montana,,QuickServiceRestaurant,Food Service,1001_5000,NaturalGas,Small Packaged Unit,Central Single-zone RTU_Furnace_DX,DX,Furnace,night_fanon_vent,PSZ-AC with gas coil,Central Single-zone RTU,gen2_t8_halogen,1,1,1977,0.0,0.0,0.0,0.0,0.0,0.0,9469.444444444443,6227.777777777778,62738.88888888889,0.0,0.0,0.0,66358.33333333334,16511.111111111113,0.0,13102.777777777776,13656.322297033175,16317.66837370506,14112.31031060794,174408.33333333334,12685.863885849312,14113.541077484164,17365.88161266327,14999.083959001491,13973.1893316656,14939.054427205774,13642.751309475228,14168.10120985624,14434.288596401037,0.0,171788.88888888888,0.0,203880.5555555556,32088.888888888887,0.0,0.0,0.0,0.0,378288.8888888889,40.86545,29.839620289598216,39.17495251462695,27.5994570560867,27.6114975737568,27.614127226579512,40.217376645093005,37.083198709881735,27.61713816547629,34.771782884082974,27.617779189190497,27.85782321336617,33.31382987094332,26.6829275047892,32.21833376119348,26.650344796556286,26.647751547741542,26.652696516413297,34.27011414559639,31.068156217247846,26.66358045005621,29.823023687754915,26.67881569826332,26.76081964079606,27.839359916775624,26.63873390172016,26.70048721692611,26.63036870337074,26.63034726450808,26.632219927573907,29.52666892300021,26.71628062660603,26.64267262365191,26.71138250812807,26.64148424337601,26.646553046120182,26.675852883487376,Metadata_MT_Commercial_MT_baseline_metadata_and_annual_results.csv,MT
185004,0,3000.0,Cold,MT,Montana,,QuickServiceRestaurant,Food Service,1001_5000,NaturalGas,Small Packaged Unit,Central Single-zone RTU_Furnace_DX,DX,Furnace,night_fanon_vent,PSZ-AC with gas coil,Central Single-zone RTU,gen2_t8_halogen,1,1,1950,0.0,0.0,0.0,0.0,0.0,0.0,7097.222222222222,7350.0,53013.88888888889,0.0,0.0,0.0,31408.33333333333,14855.555555555557,0.0,13086.111111111111,9856.368065944956,12201.36572815451,10323.045900653686,126808.33333333331,9241.663802278288,10296.93282088183,12540.258821295538,10736.50554931246,10166.345580972496,10799.666991596809,9969.646680556963,10295.096283149149,10381.585558268242,0.0,203205.5555555556,68838.88888888888,309852.7777777777,37805.55555555556,0.0,0.0,0.0,0.0,436661.1111111111,32.56742,22.16279731488186,32.45603712219926,17.94559214731936,17.739875988819733,17.95335750810349,29.864848278571326,27.838768911172096,17.742897191762882,22.5131865444398,17.949154726940225,20.43671274119497,27.27943231191909,16.315556559040093,22.85362423351704,16.783945112655697,16.137908407423783,16.501630831467185,24.23711621126416,20.07859914289129,16.156198240934188,19.80426818789427,16.503695375523776,16.60976601519534,17.63646666684768,16.124239863640874,16.178524631179112,16.470825160239098,16.11450671307487,16.126488203765955,16.48635654446438,16.213008833926935,16.125714828663224,16.371244562943552,16.482669887637893,16.136751905752902,16.125852696146993,Metadata_MT_Commercial_MT_baseline_metadata_and_annual_results.csv,MT
185005,0,37500.0,Cold,MT,Montana,,Warehouse,Warehouse and Storage,25001_50000,NaturalGas,Small Packaged Unit,Central Single-zone RTU_Furnace_DX,DX,Furnace,night_fancycle_novent,PSZ-AC with gas coil,Central Single-zone RTU,gen4_led,1,1,1983,0.0,0.0,0.0,0.0,0.0,0.0,2419.4444444444443,37727.777777777774,5883.333333333333,0.0,0.0,0.0,94805.55555555556,31552.777777777777,0.0,0.0,13658.458333126227,14744.132371772155,15639.095340812475,172388.8888888889,13793.643315358391,15695.37730240581,15178.896356697916,12515.710913280633,14300.94207463219,13649.444874749392,14730.177331526964,14842.33899882578,13640.815079981689,0.0,193752.7777777777,0.0,193752.7777777777,0.0,0.0,0.0,0.0,0.0,366141.6666666667,46.88392,36.75787857170732,46.536706252855446,38.60953393467453,37.38296352141664,38.60446433952739,45.54357901262257,37.56130425500064,36.58959127757751,37.43330269483208,37.73523967546405,37.87869035436688,38.94057966399955,36.18268604062125,36.72456442655781,38.10149043605433,36.63580239942195,38.08079858914612,42.5112149462619,36.00780803708907,36.35103107955817,36.00780803708907,36.43812792971828,36.16208852109124,36.00780803708907,16.294717694433647,16.22652645684503,16.962083213152642,16.86606006646765,16.92695304488113,16.603290821210187,16.22652645684503,16.889515102496617,16.22652645684503,16.669166993222206,16.31819405969494,16.22652645684503,Metadata_MT_Commercial_MT_baseline_metadata_and_annual_results.csv,MT
185008,0,37500.0,Cold,MT,Montana,,Warehouse,Warehouse and Storage,25001_50000,NaturalGas,Small Packaged Unit,Central Single-zone RTU_Furnace_DX,DX,Furnace,night_fancycle_novent,PSZ-AC with gas coil,Central Single-zone RTU,gen5_led,1,1,1998,0.0,0.0,0.0,0.0,0.0,0.0,3638.888888888889,36133.333333333336,8783.333333333334,0.0,0.0,0.0,100894.44444444444,30733.33333333333,0.0,0.0,14248.042614388603,15482.899432244802,16221.517844667358,180180.5555555556,14595.399018089116,16450.824635504374,16061.3235019776,13057.336429799176,14919.070317604845,14273.389832457347,15245.157819401324,15415.071369686784,14209.575324412544,0.0,304413.88888888893,0.0,304413.88888888893,0.0,0.0,0.0,0.0,0.0,484594.4444444444,49.80554,36.48640665909572,49.581853723056966,45.32439605011553,44.99435858553087,45.36819351458286,47.73290295055851,37.78883944143631,44.17812527020136,37.06569990088744,44.601403045468366,43.608579897155884,40.37782908430608,35.510060184742585,37.03314915052914,44.10815766528358,44.045595219169314,44.04283395471593,43.59747116788739,36.58646154644684,35.56351908828913,36.22536769944996,43.87963646323816,37.61374630603893,36.61874659422634,15.758768270830377,15.73498574463864,16.82823425262164,17.296900530634257,16.666315486915103,16.78140880963484,15.73498574463864,16.68352452772097,15.73498574463864,16.382934598246695,15.903985782220367,15.73498574463864,Metadata_MT_Commercial_MT_baseline_metadata_and_annual_results.csv,MT
185009,0,17500.0,Cold,MT,Montana,,Warehouse,Warehouse and Storage,10001_25000,Electricity,Small Packaged Unit,Central Single-zone RTU_Electric Resistance_DX,DX,Electric Resistance,night_fanon_vent,PSZ-AC with electric coil,Central Single-zone RTU,gen4_led,1,1,1970,0.0,0.0,0.0,0.0,0.0,0.0,3463.888888888889,19219.444444444445,23555.555555555555,0.0,0.0,108741.66666666669,55041.66666666666,19722.222222222223,0.0,0.0,15752.757041195971,10746.147134360774,34623.11820948711,229741.66666666663,33883.978516972624,31193.412516359767,11209.425752495665,9208.12711656766,21958.16992492996,10089.299831405042,26443.1594043464,14468.46586928456,10165.486570577674,0.0,0.0,0.0,0.0,0.0,0.0,0.0,0.0,0.0,229741.6666666667,112.37285,56.0343509954542,28.23211943009766,86.20369605481471,108.56681317673473,82.03615579329944,27.116657676464364,24.077461202801565,61.48241786039518,24.70043129212204,62.37268953142392,41.9766166515608,26.388065089472395,31.68520872859608,24.046641749302506,56.88635210017089,63.629876877553926,49.31643660074717,25.48060383194821,23.680960309785725,43.4972715820626,23.524959940140505,51.10720851656377,25.62575732616883,23.95230488742812,10.631323253832628,10.661174246166189,42.50536311429983,37.43141974610332,43.56129460302825,11.04932701282693,10.63132126293175,29.64426445764249,10.63132126293175,27.112889216091045,13.553900521049288,10.63132126293175,Metadata_MT_Commercial_MT_baseline_metadata_and_annual_results.csv,MT
185010,0,7500.0,Cold,MT,Montana,,Warehouse,Warehouse and Storage,5001_10000,NaturalGas,Small Packaged Unit,Central Single-zone RTU_Furnace_DX,DX,Furnace,night_fanon_vent,PSZ-AC with gas coil,Central Single-zone RTU,gen4_led,1,1,2010,0.0,0.0,0.0,0.0,0.0,0.0,2302.7777777777774,14525.0,12838.888888888889,0.0,0.0,0.0,19447.222222222223,6536.111111111111,0.0,0.0,4283.171911312268,5033.004904917847,4926.689567715261,55652.777777777774,4295.42703520181,4931.24796189713,5242.814981085484,4126.755344031409,4520.901214760223,4344.183123272444,4669.057749388621,4730.480832847776,4548.071855851187,0.0,56138.88888888888,0.0,56138.88888888888,0.0,0.0,0.0,0.0,0.0,111788.88888888888,14.47916,8.916035819490732,14.46253125918179,11.822393274374786,11.741065221691972,11.822393274374786,13.495618610016692,10.851632130461006,11.727240064258256,10.607131569242108,11.815480695657929,11.67652196843646,11.874831691972156,8.410163239809801,10.204682494067264,11.77977975604984,11.70919529193063,11.77977975604984,12.056110565864936,8.76307254679929,8.79075434725129,8.60822910413244,11.7509703336926,10.522723616892591,9.66339172914668,6.282550199916861,6.288363194694016,6.36341451581129,6.36341451581129,6.36341451581129,7.17198344035874,6.282550199916861,6.36341451581129,6.282550199916861,6.36341451581129,6.290705498610406,6.282550199916861,Metadata_MT_Commercial_MT_baseline_metadata_and_annual_results.csv,MT
185011,0,7500.0,Cold,MT,Montana,,SmallOffice,Office,5001_10000,NaturalGas,Small Packaged Unit,Central Single-zone RTU_Furnace_DX,DX,Furnace,night_fancycle_vent,PSZ-AC with gas coil,Central Single-zone RTU,gen2_t8_halogen,1,1,1929,0.0,0.0,0.0,0.0,0.0,0.0,1494.4444444444446,5952.777777777778,11833.333333333334,0.0,0.0,0.0,24461.11111111112,14711.111111111111,0.0,0.0,4687.867899316696,5211.435357836907,5125.103741592432,58455.55555555556,4656.222351740394,5151.476089006548,5479.020109648176,4296.789067989052,4813.568889599826,4706.382458853524,4824.004658706982,4922.708528304366,4580.136709027654,0.0,129686.1111111111,0.0,134011.1111111111,4324.999999999999,0.0,0.0,0.0,0.0,192466.66666666663,17.49339,12.043935350788596,17.47110045979028,12.043935350788596,12.043935350788596,12.043935350788596,16.013646030941935,12.441462264415856,12.043935350788596,12.389194545773517,12.043935350788596,12.043935350788596,14.103207408156038,12.043935350788596,12.31850876088526,12.043935350788596,12.043935350788596,12.043935350788596,13.934434521259574,12.043935350788596,12.043935350788596,12.043935350788596,12.043935350788596,12.043935350788596,12.043935350788596,4.168590082466654,3.858462306477066,4.139763444178752,4.116916792211845,4.118598089801445,3.858462306477066,3.858462306477066,3.9880352271271353,3.858462306477066,4.180346784551199,3.858462306477066,3.858462306477066,Metadata_MT_Commercial_MT_baseline_metadata_and_annual_results.csv,MT
185012,0,7500.0,Cold,MT,Montana,,SmallOffice,Office,5001_10000,NaturalGas,Small Packaged Unit,Central Single-zone RTU_Furnace_DX,DX,Furnace,night_fancycle_vent,PSZ-AC with gas coil,Central Single-zone RTU,gen2_t8_halogen,2,2,2017,0.0,0.0,0.0,0.0,0.0,0.0,3091.6666666666665,3211.111111111111,8611.111111111111,0.0,0.0,0.0,22283.33333333333,11136.111111111111,0.0,0.0,3937.632235577424,4833.071967066724,4236.591192429993,51150.0,3911.720849139365,4325.515118286877,5252.818060568547,4061.874146451755,4015.976428677718,4272.69158455751,4000.183021968753,4142.694197828728,4160.45576810986,2816.6666666666665,45699.99999999999,0.0,45699.99999999999,0.0,0.0,0.0,0.0,0.0,96850.0,20.05476,13.791003841711005,18.620585682563693,13.746068319120472,13.847663426475943,13.796684432084136,19.354194674761867,17.45306653464549,13.78230001076452,17.20188392949913,13.663867721032773,13.91331205832105,17.346540198449635,13.677420521751074,15.975012145488265,13.643636883714583,13.697291719036889,13.710955672344582,17.706162724170206,14.697303098772466,13.658834447223615,13.819574917327492,13.561466648678746,13.47192263172652,13.867383577481036,3.320555666666637,3.384275216835145,3.796859820945146,3.7518114329478633,3.899297168638189,3.679977446619133,3.320555666666637,3.5828813190187767,3.320555666666637,3.8071048428922727,3.5595324551513245,3.384275216835145,Metadata_MT_Commercial_MT_baseline_metadata_and_annual_results.csv,MT
185015,0,3000.0,Cold,MT,Montana,,RetailStandalone,Mercantile,1001_5000,NaturalGas,Small Packaged Unit,Central Single-zone RTU_Furnace_DX,DX,Furnace,night_fancycle_novent,PSZ-AC with gas coil,Central Single-zone RTU,gen4_led,1,1,1994,0.0,0.0,0.0,0.0,0.0,0.0,18450.0,7127.777777777778,41663.88888888889,0.0,0.0,0.0,5483.333333333333,8577.777777777777,0.0,0.0,5939.873265682338,9110.31753536614,5607.53343838282,81302.77777777778,5010.89109363199,5628.463330535832,10428.115484510416,7925.769561565683,5592.603998682752,7516.823787224004,5408.783319917725,6064.403825702313,7069.787157375362,0.0,58641.66666666666,0.0,58641.66666666666,0.0,0.0,0.0,0.0,0.0,139944.44444444444,29.97691,19.73342824370493,29.916434786794834,11.170627745133071,10.93945070207068,10.988717809003148,29.67724948766376,24.917110139387063,12.742420776940614,21.80540252752396,13.122310171957832,17.551661681755533,23.233908909337188,12.463649827025222,20.59247121988302,10.75268290334704,10.746299112826254,10.752447374920196,23.59929103964894,18.186390073959224,10.886271495257848,17.692366834573257,10.752029189956946,11.74686232280074,16.464903942306048,9.354655373212932,11.083642944194317,9.252595927982048,8.897806644404556,9.66132472050782,17.98628958527647,10.637176030925447,8.89752401029234,9.106441790980291,8.8985451352147,10.248945231429673,8.8985451352147,Metadata_MT_Commercial_MT_baseline_metadata_and_annual_results.csv,MT
185019,0,7500.0,Cold,MT,Montana,,SmallOffice,Office,5001_10000,NaturalGas,Small Packaged Unit,Central Single-zone RTU_Furnace_DX,DX,Furnace,night_fancycle_vent,PSZ-AC with gas coil,Central Single-zone RTU,gen5_led,1,1,2004,0.0,0.0,0.0,0.0,0.0,0.0,5372.222222222222,8627.777777777777,10236.111111111111,0.0,0.0,0.0,18138.888888888887,18091.666666666664,0.0,0.0,4467.518506633173,6052.798324294887,4874.654623962832,60469.44444444445,4426.2509149936295,4970.0231839494645,6693.079458008306,4893.519423230733,4565.692045305476,4964.6020983230455,4633.427024912831,4807.904264097053,5118.988959159006,0.0,41149.99999999999,0.0,46647.22222222222,5494.444444444443,0.0,0.0,0.0,0.0,107113.88888888888,19.66327,11.819068309777968,19.38603074700747,10.519364961143424,10.519364961143424,10.519364961143424,19.58296198051611,16.086208256993537,10.519364961143424,15.991554410539091,10.519364961143424,11.24907424739001,16.538040687805008,10.519364961143424,14.486778607386166,10.519364961143424,10.519364961143424,10.519364961143424,16.44525170674631,11.899719328747995,10.519364961143424,11.13411458753031,10.519364961143424,10.519364961143424,12.139742837588418,5.358816767505036,6.04681462246199,5.206541967043781,5.352863964175027,5.210117440629673,6.04681462246199,5.358816767505036,5.358816767505036,5.358816767505036,5.239113294669895,5.358816767505036,5.358816767505036,Metadata_MT_Commercial_MT_baseline_metadata_and_annual_results.csv,MT
185020,0,75000.0,Cold,MT,Montana,strip_mall_restaurant10,RetailStripmall,Mercantile,50001_100000,Electricity,Multizone CAV/VAV,Central Multi-zone VAV RTU_Furnace_DX,DX,Furnace,night_fancycle_novent,PVAV with gas heat with electric reheat,Central Multi-zone VAV RTU,gen2_t8_halogen,1,1,1968,0.0,0.0,0.0,0.0,0.0,0.0,229919.44444444447,118469.44444444444,393344.4444444445,0.0,0.0,705838.8888888889,210786.1111111111,390711.1111111111,0.0,0.0,177336.21524469514,176707.09894451563,232331.4789770532,2326408.333333333,252209.84165786012,243186.8885683645,191611.9880916539,161090.24355784265,190079.3941506032,166459.8209833603,201887.02100899204,175829.60128444765,157679.59469171966,277338.8888888889,388344.4444444444,34866.666666666664,423208.3333333333,0.0,0.0,0.0,0.0,0.0,2749619.444444444,838.75461,550.1885786606127,536.6088332085094,711.4483056484061,802.7365927050956,651.1066707764453,571.9501840273297,458.37045466592974,546.6858897446898,401.328445893803,603.1704115275193,505.0883996659856,507.9728679186264,325.850145842246,351.2521785055779,467.3245170382096,565.2454471516608,475.9143361711808,417.179371638109,322.995740668182,392.2148001596712,320.9716293904681,420.0396609104272,324.968608552826,311.1362974799643,256.2391224699869,262.00164075292724,331.51622386854353,419.5629780314923,380.3402402179132,303.3360316066074,263.0372981328477,306.6723017247647,269.6777587177264,346.2232166795337,255.88975345464067,244.69222228436203,Metadata_MT_Commercial_MT_baseline_metadata_and_annual_results.csv,MT
185022,0,17500.0,Cold,MT,Montana,largeoffice_nodatacenter,LargeOffice,Office,10001_25000,NaturalGas,Multizone CAV/VAV,Central Multi-zone VAV RTU_Boiler _WCC,WCC,Boiler ,night_fancycle_novent,VAV chiller with gas boiler reheat,Central Multi-zone VAV RTU,gen2_t8_halogen,6,6,1918,0.0,0.0,0.0,0.0,2749.9999999999995,2749.9999999999995,8913.88888888889,9433.333333333334,5816.666666666667,0.0,530.5555555555555,0.0,37491.66666666666,19502.777777777777,5330.555555555556,0.0,6506.0160669136585,8988.241526081312,6766.370389583416,87016.66666666667,6176.728168717293,6844.192857699013,10027.475485769235,7337.715341889412,6397.160145597497,7566.641909072421,6454.860491845113,6890.2794570772685,7061.663281988983,0.0,387461.1111111111,0.0,387461.1111111111,0.0,0.0,0.0,0.0,0.0,477230.5555555555,53.9442,36.099600124470896,47.015807040578295,28.055187396931576,28.04297584179032,28.03139959454957,53.04467261962255,39.81883858359721,27.74778754070533,38.33266435089792,27.728958610993143,33.15437292128781,38.22388983662948,27.438009573711568,36.059280957491566,27.677058398898424,27.8010093726134,27.7079428444975,38.85319514811464,30.42266255320142,27.438173492707342,33.40632260271702,27.494520555516463,27.57260637355712,27.393409915546307,12.88083332411702,14.219132494698322,12.841718367885118,12.778284004420684,12.897281312048529,13.13709598677623,12.167225851300053,12.852657046727764,12.62505724856444,12.8328874176232,12.786798285467526,12.724847339788369,Metadata_MT_Commercial_MT_baseline_metadata_and_annual_results.csv,MT
185024,0,7500.0,Cold,MT,Montana,strip_mall_restaurant40,RetailStripmall,Mercantile,5001_10000,NaturalGas,Small Packaged Unit,Central Single-zone RTU_Furnace_DX,DX,Furnace,night_fancycle_vent,PSZ-AC with gas coil,Central Single-zone RTU,gen1_t12_incandescent,1,1,1958,0.0,0.0,0.0,0.0,0.0,0.0,24811.11111111112,10738.888888888889,39647.22222222223,0.0,0.0,0.0,82616.66666666667,54308.333333333336,0.0,0.0,17193.86202275758,22578.92006854912,17277.319891717856,224250.0,15615.772323697038,17431.292047824893,24047.49035471478,19606.42187531296,17182.883902492784,19648.88892945133,16849.556147585285,17901.738188537547,18915.32788254111,12125.0,109941.66666666666,103600.0,284244.4444444444,70702.77777777777,0.0,0.0,0.0,0.0,508494.4444444445,80.84778,60.13979683959688,76.59499409249098,48.07780523471524,46.30976205685893,48.46124814304603,74.38424898774107,70.63566010556586,45.950233196217454,61.3149896536488,47.29016109757044,52.98612353760066,64.97022977395348,44.17998364690761,61.03921502935488,44.08853227343497,42.53711390950244,43.22752175207312,65.77579377757179,54.97883034689908,43.52884886484454,51.01832701466623,43.64883483043013,44.83154309225089,52.21067436770848,39.12205373846059,44.67351674135812,39.954701904022784,39.2443231708338,39.006455807957,45.33637189249683,41.868951691079,38.36993666749372,42.02993565650881,39.93366432086879,40.1636308525128,38.68012247483789,Metadata_MT_Commercial_MT_baseline_metadata_and_annual_results.csv,MT
185025,0,3000.0,Cold,MT,Montana,,QuickServiceRestaurant,Food Service,1001_5000,NaturalGas,Small Packaged Unit,Central Single-zone RTU_Furnace_DX,DX,Furnace,night_fancycle_vent,PSZ-AC with gas coil,Central Single-zone RTU,gen4_led,1,1,1990,0.0,0.0,0.0,0.0,0.0,0.0,4438.888888888889,8291.666666666668,23602.777777777777,0.0,0.0,0.0,21102.777777777777,7627.777777777778,0.0,12963.888888888889,5963.723648212683,7377.501195176732,6547.736753504087,78027.77777777778,5863.19326790595,6443.074712016919,7872.731432195558,6410.119551763999,6303.796308715129,6270.594259985703,6240.963902554764,6269.361186668958,6463.65067777192,0.0,149247.2222222222,68838.88888888888,244741.66666666663,26655.55555555555,0.0,0.0,0.0,0.0,322766.6666666667,24.82264,16.838858986115692,24.737523908262872,14.986410780712363,14.639005450350972,15.006571279639454,23.00722551146396,20.071364611245343,14.620282141540963,16.869051421085636,14.98983689980894,15.69138589375041,19.499299960374984,12.798476243019318,17.241431629731238,14.669223375487771,14.117768499028966,14.615879587609378,20.092487742051723,14.792512867501468,13.310213817950062,14.117412973922498,14.67675892812904,13.521980355941992,14.845851492614562,12.765715787418545,12.813562665498564,13.306680046387577,13.306592491518606,13.499970065151135,12.873077087581486,12.794076786450312,12.766050960830654,12.810108183823198,13.308189697776257,12.777672230147536,12.784357255496932,Metadata_MT_Commercial_MT_baseline_metadata_and_annual_results.csv,MT
185028,0,37500.0,Cold,MT,Montana,,RetailStandalone,Mercantile,25001_50000,NaturalGas,Small Packaged Unit,Central Single-zone RTU_Furnace_Evaporative Cooling,Evaporative Cooling,Furnace,default_nochange,Direct evap coolers with forced air furnace,Central Single-zone RTU,gen4_led,1,1,1958,0.0,0.0,0.0,0.0,0.0,0.0,0.0,35419.444444444445,37199.99999999999,0.0,0.0,0.0,81347.22222222222,94102.77777777778,0.0,0.0,18994.008940791857,15408.110117052403,19333.43188391011,248069.44444444447,17097.04240131501,19278.724233356603,29007.838969465804,24366.901178129217,18418.95923921328,23854.17957977167,18428.84699176367,20028.41356692988,23853.24035255955,0.0,132852.77777777775,0.0,132852.77777777775,0.0,0.0,0.0,0.0,0.0,380922.2222222222,57.56494,52.52929110172831,55.28843336446519,37.38219281304981,37.3504986515232,37.38219281304981,53.963630272500886,53.622233910440215,37.07905151192542,52.567690481351846,37.13783840982247,47.9262039625291,56.97351014833293,36.18431288936439,28.05435186728904,37.11685028427605,37.13829845575556,37.11070480739051,53.524272572883056,49.65280661760988,36.14267477368031,48.85200334432994,37.01867787534049,37.51564456386503,51.08615842165684,34.15697358266879,26.86859167479012,35.880497908399114,35.8751632021872,35.880497908399114,28.05435186728904,38.85290633409504,34.65497601267551,33.951841369184045,35.858232017078144,35.7319804145761,35.67381350744993,Metadata_MT_Commercial_MT_baseline_metadata_and_annual_results.csv,MT
185030,0,7500.0,Cold,MT,Montana,strip_mall_restaurant20,RetailStripmall,Mercantile,5001_10000,NaturalGas,Small Packaged Unit,Central Single-zone RTU_Furnace_DX,DX,Furnace,night_fancycle_novent,PSZ-AC with gas coil,Central Single-zone RTU,gen4_led,2,2,2013,0.0,0.0,0.0,0.0,0.0,0.0,7636.111111111111,7725.0,19175.0,0.0,0.0,0.0,38247.22222222223,23713.888888888887,0.0,0.0,8200.628393654246,10390.03532056396,8646.737323781377,107072.22222222222,7817.464333582314,8753.895647469493,10984.881818998689,8959.144193573871,8389.26230944528,9074.432507098005,8345.211398111684,8645.706662838202,8865.784047068137,10577.777777777776,81197.2222222222,15947.22222222222,144280.55555555553,47133.33333333333,0.0,0.0,0.0,0.0,251352.77777777772,31.98584,23.23643721325892,29.65801583435281,19.340669093914883,19.345229849593533,19.43823503971084,28.994006036787315,27.696576202270183,18.9162306628616,23.815744613027032,19.46239753746524,19.919190335334573,24.436954110180128,17.948538598536718,24.11018771893784,18.359883634122927,18.017681194079536,18.39669894312686,25.27199176467594,20.996429606193328,17.998571957166238,20.47883305028188,18.355714603076613,17.983038813000572,19.9994746589808,16.898298920926123,18.00546930805609,16.779159562915673,16.80262439374401,17.112366418140265,18.508030884861075,16.85900889455311,17.082021814990515,17.472652148958808,16.77767706007468,17.134697044784456,17.426443919696762,Metadata_MT_Commercial_MT_baseline_metadata_and_annual_results.csv,MT
